paper_id,title,abstract,year,venue,citation_count,doi,pmid,arxiv_id,publication_types,publication_date,url,fields_of_study,fields_of_study_provenance,authors,query_ids,query_axes,retrieval_channels,keep,scope_reasons,direct_scope_hits,resolution_hits,network_hits,qc_hits,infrastructure_hits,health_hits,people_development_hits,macroscale_hits,core_refs_cited,core_citers,core_direct_proximity,is_retained,is_core,bridge_origin,macroscale_flag,bridge_training_outreach,bridge_health,bridge_proofreading_annotation,bridge_infrastructure_methods,bridge_network_science,bridge_any,bridge_review_class
2734b3cd9e4529a594a2e1cb101c853b8163339a,"SynEM, automated synapse detection for connectomics","Nerve tissue contains a high density of chemical synapses, about 1 per µm3 in the mammalian cerebral cortex. Thus, even for small blocks of nerve tissue, dense connectomic mapping requires the identification of millions to billions of synapses. While the focus of connectomic data analysis has been on neurite reconstruction, synapse detection becomes limiting when datasets grow in size and dense mapping is required. Here, we report SynEM, a method for automated detection of synapses from conventionally en-bloc stained 3D electron microscopy image stacks. The approach is based on a segmentation of the image data and focuses on classifying borders between neuronal processes as synaptic or non-synaptic. SynEM yields 97% precision and recall in binary cortical connectomes with no user interaction. It scales to large volumes of cortical neuropil, plausibly even whole-brain datasets. SynEM removes the burden of manual synapse annotation for large densely mapped connectomes. DOI: http://dx.doi.org/10.7554/eLife.26414.001",2017.0,eLife,64,10.7554/elife.26414,28708060.0,,JournalArticle,2017-07-14,https://www.semanticscholar.org/paper/2734b3cd9e4529a594a2e1cb101c853b8163339a,Medicine;Computer Science;Biology,Medicine|external;Computer Science|external;Biology|s2-fos-model;Computer Science|s2-fos-model,B. Staffler; Manuel Berning; K. Boergens; Anjali Gour; Patrick van der Smagt; M. Helmstaedter,core_04;syn_01,direct_connectomics;synapse_inference,1hop_citations;1hop_references;lexical,True,direct_scope+resolution,connectom;dense connect,electron microscopy;synapse;synaptic,,annotation,annotation,,,,8,30,38,False,False,recovered_keep_false,False,False,False,False,True,False,True,role_bridge_review
293e98e1eb78383656a27d2774abb34130dba48b,CAVE: Connectome Annotation Versioning Engine,"Advances in Electron Microscopy, image segmentation and computational infrastructure have given rise to large-scale and richly annotated connectomic datasets which are increasingly shared across communities. To enable collaboration, users need to be able to concurrently create new annotations and correct errors in the automated segmentation by proofreading. In large datasets, every proofreading edit relabels cell identities of millions of voxels and thousands of annotations like synapses. For analysis, users require immediate and reproducible access to this constantly changing and expanding data landscape. Here, we present the Connectome Annotation Versioning Engine (CAVE), a computational infrastructure for immediate and reproducible connectome analysis in up-to petascale datasets (∼1mm3) while proofreading and annotating is ongoing. For segmentation, CAVE provides a distributed proofreading infrastructure for continuous versioning of large reconstructions. Annotations in CAVE are defined by locations such that they can be quickly assigned to the underlying segment which enables fast analysis queries of CAVE’s data for arbitrary time points. CAVE supports schematized, extensible annotations, so that researchers can readily design novel annotation types. CAVE is already used for many connectomics datasets, including the largest datasets available to date.",2023.0,bioRxiv,55,10.1101/2023.07.26.550598,37546753.0,,,2023-07-28,https://www.semanticscholar.org/paper/293e98e1eb78383656a27d2774abb34130dba48b,Biology;Medicine;Computer Science,Biology|external;Medicine|external;Computer Science|s2-fos-model;Biology|s2-fos-model,S. Dorkenwald; C. Schneider-Mizell; D. Brittain; Akhilesh Halageri; C. Jordan; N. Kemnitz; Manual A. Castro; W. Silversmith; Jeremy Maitin-Shephard; J. Troidl; H. Pfister; Valentin Gillet; Daniel Xenes; J. Bae; A. Bodor; J. Buchanan; D. Bumbarger; L. Elabbady; Z. Jia; D. Kapner; S. Kinn; Kisuk Lee; Kai Li; R. Lu; T. Macrina; G. Mahalingam; E. Mitchell; S. Mondal; S. Mu; Barak Nehoran; S. Popovych; Marc M. Takeno; R. Torres; N. Turner; W. Wong; Jingpeng Wu; W. Yin; Szi-chieh Yu; R. Reid; N. D. da Costa; H. Seung; F. Collman,core_04;inf_02;qc_01;qc_06,direct_connectomics;infrastructure;proofreading_qc,1hop_citations;1hop_references;lexical,True,direct_scope+resolution;proofreading_qc_scope;infrastructure_scope,connectom,electron microscopy;synapse,,annotation;proofread;versioning,annotation;distributed;petascale;version,,,,37,33,70,False,False,recovered_keep_false,False,False,False,True,False,False,True,role_bridge_review
11abd7de8f7117c2560b052e6d674cd76d9f19fc,mEMbrain: an interactive deep learning MATLAB tool for connectomic segmentation on commodity desktops,"Connectomics is fundamental in propelling our understanding of the nervous system’s organization, unearthing cells and wiring diagrams reconstructed from volume electron microscopy (EM) datasets. Such reconstructions, on the one hand, have benefited from ever more precise automatic segmentation methods, which leverage sophisticated deep learning architectures and advanced machine learning algorithms. On the other hand, the field of neuroscience at large, and of image processing in particular, has manifested a need for user-friendly and open source tools which enable the community to carry out advanced analyses. In line with this second vein, here we propose mEMbrain, an interactive MATLAB-based software which wraps algorithms and functions that enable labeling and segmentation of electron microscopy datasets in a user-friendly user interface compatible with Linux and Windows. Through its integration as an API to the volume annotation and segmentation tool VAST, mEMbrain encompasses functions for ground truth generation, image preprocessing, training of deep neural networks, and on-the-fly predictions for proofreading and evaluation. The final goals of our tool are to expedite manual labeling efforts and to harness MATLAB users with an array of semi-automatic approaches for instance segmentation. We tested our tool on a variety of datasets that span different species at various scales, regions of the nervous system and developmental stages. To further expedite research in connectomics, we provide an EM resource of ground truth annotation from 4 different animals and 5 datasets, amounting to around 180 hours of expert annotations, yielding more than 1.2 GB of annotated EM images. In addition, we provide a set of 4 pre-trained networks for said datasets. All tools are available from https://lichtman.rc.fas.harvard.edu/mEMbrain/. With our software, our hope is to provide a solution for lab-based neural reconstructions which does not require coding by the user, thus paving the way to affordable connectomics.",2023.0,bioRxiv,0,10.1101/2023.04.17.537196,37131600.0,,,2023-04-17,https://www.semanticscholar.org/paper/11abd7de8f7117c2560b052e6d674cd76d9f19fc,Biology;Medicine;Computer Science,Biology|external;Medicine|external;Computer Science|s2-fos-model;Biology|s2-fos-model,Elisa C. Pavarino; Emma Yang; N. Dhanyasi; Mona D. Wang; Flavie Bidel; Xiaotang Lu; Fuming Yang; C. Park; Mukesh Bangalore Renuka; Brandon Drescher; Aravinthan D. T. Samuel; B. Hochner; P. Katz; Mei Zhen; J. Lichtman; Y. Meirovitch,acq_01;qc_01;rec_05;train_06;train_07;train_14,acquisition_preparation;people_development;proofreading_qc;reconstruction,1hop_citations;lexical,True,direct_scope+resolution;proofreading_qc_scope;people_development_scope,connectom;wiring diagram,electron microscopy;volume electron,community,annotation;proofread,annotation,,training,,21,0,21,False,False,recovered_keep_false,False,False,False,False,True,False,True,role_bridge_review
5039626e449adb36e6c49e6a23c902302388e272,Mapping Alzheimer’s Molecular Pathologies in Large-Scale Connectomics Data: A Publicly Accessible Correlative Microscopy Resource,,2023.0,bioRxiv,4,10.1101/2023.10.24.563674,37961104.0,,,2023-11-01,https://www.semanticscholar.org/paper/5039626e449adb36e6c49e6a23c902302388e272,Biology;Medicine,Biology|external;Medicine|external;Medicine|s2-fos-model;Biology|s2-fos-model,Xiaomeng Han; Peter H. Li; Shuohong Wang; Tim Blakely; S. Aggarwal; Bhavika Gopalani; Morgan Sanchez; R. Schalek; Y. Meirovitch; Zudi Lin; Daniel R. Berger; Yuelong Wu; Fatima Aly; Sylvie Bay; Benoît Delatour; Pierre Lafaye; Hanspeter Pfister; D. Wei; Viren Jain; H. Ploegh; J. Lichtman,acq_01;health_01,acquisition_preparation;health_translation,1hop_citations;lexical,False,,connectom,,,,,alzheimer;patholog,,,9,0,9,False,False,recovered_keep_false,False,False,True,False,False,False,True,role_bridge_review
d1a1459219d94fc0c1fa3af2b98591f05e5aff14,Inferring Neuron-level Brain Circuit Connection via Graph Neural Network Amidst Small Established Connections,,2023.0,bioRxiv,0,10.1101/2023.06.29.547138,,,,2023-07-02,https://www.semanticscholar.org/paper/d1a1459219d94fc0c1fa3af2b98591f05e5aff14,Biology;Computer Science,Biology|external;Computer Science|s2-fos-model,Guojia Wan; Minghui Liao; Dong Zhao; Zengmao Wang; Shirui Pan; Bo Du,net_12,network_science,1hop_citations;lexical,False,,,,graph,,,,,,4,0,4,False,False,recovered_keep_false,False,False,False,False,False,True,True,role_bridge_review
f30abf3bd6ba26663ccf209be34e13c0e2a4d4c2,Automated Detection of Synapses in Serial Section Transmission Electron Microscopy Image Stacks,"We describe a method for fully automated detection of chemical synapses in serial electron microscopy images with highly anisotropic axial and lateral resolution, such as images taken on transmission electron microscopes. Our pipeline starts from classification of the pixels based on 3D pixel features, which is followed by segmentation with an Ising model MRF and another classification step, based on object-level features. Classifiers are learned on sparse user labels; a fully annotated data subvolume is not required for training. The algorithm was validated on a set of 238 synapses in 20 serial 7197×7351 pixel images (4.5×4.5×45 nm resolution) of mouse visual cortex, manually labeled by three independent human annotators and additionally re-verified by an expert neuroscientist. The error rate of the algorithm (12% false negative, 7% false positive detections) is better than state-of-the-art, even though, unlike the state-of-the-art method, our algorithm does not require a prior segmentation of the image volume into cells. The software is based on the ilastik learning and segmentation toolkit and the vigra image processing library and is freely available on our website, along with the test data and gold standard annotations (http://www.ilastik.org/synapse-detection/sstem).",2014.0,PLoS ONE,65,10.1371/journal.pone.0087351,24516550.0,,JournalArticle,2014-02-06,https://www.semanticscholar.org/paper/f30abf3bd6ba26663ccf209be34e13c0e2a4d4c2,Biology;Computer Science,Biology|s2-fos-model;Computer Science|s2-fos-model,A. Kreshuk; U. Köthe; Elizabeth Pax; D. Bock; F. Hamprecht,,,1hop_citations;1hop_references,False,,,electron microscopy;serial section;synapse,,annotation,annotation,,training,,2,9,11,False,False,recovered_keep_false,False,False,False,False,True,False,True,role_bridge_review
11473c935b2e09f8c209a9c95b227bdb81e59ccd,webKnossos: efficient online 3D data annotation for connectomics,,2017.0,Nature Methods,180,10.1038/nmeth.4331,28604722.0,,JournalArticle,2017-06-12,https://www.semanticscholar.org/paper/11473c935b2e09f8c209a9c95b227bdb81e59ccd,Computer Science;Biology,Computer Science|s2-fos-model;Biology|s2-fos-model,K. Boergens; Manuel Berning; Tom Bocklisch; Dominic Bräunlein; F. Drawitsch; Johannes Frohnhofen; Tom Herold; Philipp Otto; Norman Rzepka; Thomas Werkmeister; D. Werner; Georg Wiese; Heiko Wissler; M. Helmstaedter,,,1hop_citations;1hop_references,False,,connectom,,,annotation,annotation,,,,2,22,24,False,False,recovered_keep_false,False,False,False,True,False,False,True,role_bridge_review
b4f9fe7365d106c82f6333cc4c4f37722642f977,CATMAID: collaborative annotation toolkit for massive amounts of image data,"Summary: High-resolution, three-dimensional (3D) imaging of large biological specimens generates massive image datasets that are difficult to navigate, annotate and share effectively. Inspired by online mapping applications like GoogleMaps™, we developed a decentralized web interface that allows seamless navigation of arbitrarily large image stacks. Our interface provides means for online, collaborative annotation of the biological image data and seamless sharing of regions of interest by bookmarking. The CATMAID interface enables synchronized navigation through multiple registered datasets even at vastly different scales such as in comparisons between optical and electron microscopy. Availability: http://fly.mpi-cbg.de/catmaid Contact: tomancak@mpi-cbg.de",2009.0,Bioinform.,356,10.1093/bioinformatics/btp266,19376822.0,,JournalArticle,2009-04-17,https://www.semanticscholar.org/paper/b4f9fe7365d106c82f6333cc4c4f37722642f977,Computer Science;Biology,Computer Science|s2-fos-model;Biology|s2-fos-model,S. Saalfeld; Albert Cardona; V. Hartenstein; P. Tomančák,,,1hop_references,False,,,electron microscopy,,annotation,annotation,,,,0,49,49,False,False,recovered_keep_false,False,False,False,True,False,False,True,role_bridge_review
fbf309595262bdadfebab64a5b868811716814b2,VAST (Volume Annotation and Segmentation Tool): Efficient Manual and Semi-Automatic Labeling of Large 3D Image Stacks,"Recent developments in serial-section electron microscopy allow the efficient generation of very large image data sets but analyzing such data poses challenges for software tools. Here we introduce Volume Annotation and Segmentation Tool (VAST), a freely available utility program for generating and editing annotations and segmentations of large volumetric image (voxel) data sets. It provides a simple yet powerful user interface for real-time exploration and analysis of large data sets even in the Petabyte range.",2018.0,Front. Neural Circuits,201,10.3389/fncir.2018.00088,30386216.0,,JournalArticle,2018-10-16,https://www.semanticscholar.org/paper/fbf309595262bdadfebab64a5b868811716814b2,Computer Science,Computer Science|s2-fos-model,D. Berger; H. S. Seung; J. Lichtman,,,1hop_citations;1hop_references,False,,,electron microscopy,,annotation,annotation,,,,8,26,34,False,False,recovered_keep_false,False,False,False,True,True,False,True,role_bridge_review
0868b3db69c9867c3113434fc6627a94f19a4e07,Image Segmentation by Size-Dependent Single Linkage Clustering of a Watershed Basin Graph,"We present a method for hierarchical image segmentation that defines a disaffinity graph on the image, over-segments it into watershed basins, defines a new graph on the basins, and then merges basins with a modified, size-dependent version of single linkage clustering. The quasilinear runtime of the method makes it suitable for segmenting large images. We illustrate the method on the challenging problem of segmenting 3D electron microscopic brain images.",2015.0,arXiv.org,51,,,1505.00249,JournalArticle,2015-05-01,https://www.semanticscholar.org/paper/0868b3db69c9867c3113434fc6627a94f19a4e07,Computer Science,Computer Science|s2-fos-model,A. Zlateski; H. Seung,,network_science,1hop_references,False,,,,graph,,version,,,,0,12,12,False,False,recovered_keep_false,False,False,False,False,True,False,True,role_bridge_review
4a524b68db3e93c4249613a906bcdb0122c67241,Spatial gradients and multidimensional dynamics in a neural integrator circuit,"In a neural integrator, the variability and topographical organization of neuronal firing-rate persistence can provide information about the circuit's functional architecture. We used optical recording to measure the time constant of decay of persistent firing (persistence time) across a population of neurons comprising the larval zebrafish oculomotor velocity-to-position neural integrator. We found extensive persistence time variation (tenfold; coefficients of variation = 0.58–1.20) across cells in individual larvae. We also found that the similarity in firing between two neurons decreased as the distance between them increased and that a gradient in persistence time was mapped along the rostrocaudal and dorsoventral axes. This topography is consistent with the emergence of persistence time heterogeneity from a circuit architecture in which nearby neurons are more strongly interconnected than distant ones. Integrator circuit models characterized by multiple dimensions of slow firing-rate dynamics can account for our results.",2011.0,Nature Neuroscience,146,10.1038/nn.2888,21857656.0,,JournalArticle,2011-08-21,https://www.semanticscholar.org/paper/4a524b68db3e93c4249613a906bcdb0122c67241,Biology;Physics,Biology|s2-fos-model;Physics|s2-fos-model,A. Miri; Kayvon Daie; Aristides B. Arrenberg; H. Baier; Emre R. F. Aksay; D. Tank,,network_science,1hop_references,False,,,,graph,,,,,,0,3,3,False,False,recovered_keep_false,False,False,False,False,False,True,True,role_bridge_review
9b34b60e74cf01d2950166d3cce268b7091cba9c,Statistical mechanics of community detection.,"Starting from a general ansatz, we show how community detection can be interpreted as finding the ground state of an infinite range spin glass. Our approach applies to weighted and directed networks alike. It contains the ad hoc introduced quality function from [J. Reichardt and S. Bornholdt, Phys. Rev. Lett. 93, 218701 (2004)] and the modularity Q as defined by Newman and Girvan [Phys. Rev. E 69, 026113 (2004)] as special cases. The community structure of the network is interpreted as the spin configuration that minimizes the energy of the spin glass with the spin states being the community indices. We elucidate the properties of the ground state configuration to give a concise definition of communities as cohesive subgroups in networks that is adaptive to the specific class of network under study. Further, we show how hierarchies and overlap in the community structure can be detected. Computationally efficient local update rules for optimization procedures to find the ground state are given. We show how the ansatz may be used to discover the community around a given node without detecting all communities in the full network and we give benchmarks for the performance of this extension. Finally, we give expectation values for the modularity of random graphs, which can be used in the assessment of statistical significance of community structure.",2006.0,"Physical review. E, Statistical, nonlinear, and soft matter physics",2013,10.1103/physreve.74.016110,16907154.0,cond-mat/0603718,JournalArticle,2006-03-27,https://www.semanticscholar.org/paper/9b34b60e74cf01d2950166d3cce268b7091cba9c,Physics;Computer Science,Physics|s2-fos-model;Computer Science|s2-fos-model,J. Reichardt; S. Bornholdt,,network_science,1hop_references,False,,,,community;graph;modular,,,,,,0,4,4,False,False,recovered_keep_false,False,False,False,False,False,True,True,role_bridge_review
701c02daef646b0276f37a81336f559350232cd1,Co-expression network architecture reveals the brain-wide and multi-regional basis of disease susceptibility,"Gene networks have yielded numerous neurobiological insights, yet an integrated view across brain regions is lacking. We leverage RNA sequencing in 864 samples representing 12 brain regions to robustly identify 12 brain-wide, 50 cross-regional and 114 region-specific coexpression modules. Nearly 40% of genes fall into brain-wide modules, while 25% comprise region-specific modules reflecting regional biology, such as oxytocin signaling in the hypothalamus, or addiction pathways in the nucleus accumbens. Schizophrenia and autism genetic risk are enriched in brain-wide and multiregional modules, indicative of broad impact; these modules implicate neuronal proliferation and activity-dependent processes, including endocytosis and splicing, in disease pathophysiology. We find that cell-type-specific long noncoding RNA and gene isoforms contribute substantially to regional synaptic diversity and that constrained, mutation-intolerant genes are primarily enriched in neurons. We leverage these data using an omnigenic-inspired network framework to characterize how coexpression and gene regulatory networks reflect neuropsychiatric disease risk, supporting polygenic models. The authors construct brain-wide coexpression networks to characterize regional versus global features, determine if disease susceptibility maps onto regional or brain-wide processes and assess how these networks capture genetic models of disease risk.",2021.0,Nature Neuroscience,69,10.1038/s41593-021-00887-5,34294919.0,,JournalArticle,2021-07-22,https://www.semanticscholar.org/paper/701c02daef646b0276f37a81336f559350232cd1,Medicine;Biology,Medicine|s2-fos-model;Biology|s2-fos-model,C. Hartl; Gokul Ramaswami; William G. Pembroke; S. Muller; G. Pintacuda; A. Saha; P. Parsana; A. Battle; K. Lage; D. Geschwind,,health_translation,1hop_references,False,,,synaptic,,,,autism;disease;schizophren,,,0,2,2,False,False,recovered_keep_false,False,False,True,False,False,False,True,role_bridge_review
0f644f606f582133bcd654bb93b8ccd3a2c69d45,"Reconstruction of 1,000 projection neurons reveals new cell types and organization of long-range connectivity in the mouse brain","Neuronal cell types are the nodes of neural circuits that determine the flow of information within the brain. Neuronal morphology, especially the shape of the axonal arbor, provides an essential descriptor of cell type and reveals how individual neurons route their output across the brain. Despite the importance of morphology, few projection neurons in the mouse brain have been reconstructed in their entirety. Here we present a robust and efficient platform for imaging and reconstructing complete neuronal morphologies, including axonal arbors that span substantial portions of the brain. We used this platform to reconstruct more than 1,000 projection neurons in the motor cortex, thalamus, subiculum, and hypothalamus. Together, the reconstructed neurons comprise more than 75 meters of axonal length and are available in a searchable online database. Axonal shapes revealed previously unknown subtypes of projection neurons and suggest organizational principles of long-range connectivity.",2019.0,bioRxiv,460,10.1101/537233,31495573.0,,JournalArticle,2019-02-01,https://www.semanticscholar.org/paper/0f644f606f582133bcd654bb93b8ccd3a2c69d45,Biology,Biology|s2-fos-model,Johan Winnubst; Erhan Bas; Tiago A. Ferreira; Zhuhao Wu; M. Economo; Patrick Edson; B. J. Arthur; Christopher Bruns; Konrad Rokicki; David M. Schauder; D. J. Olbris; S. D. Murphy; David Ackerman; Cameron Arshadi; P. Baldwin; Regina Blake; A. Elsayed; Mashtura Hasan; D. Ramírez; Bruno Paiva dos Santos; Monet Weldon; A. Zafar; J. Dudman; C. Gerfen; A. Hantman; Wyatt L. Korff; S. Sternson; N. Spruston; K. Svoboda; J. Chandrashekar,,,1hop_citations;1hop_references,False,,,,,,database,,,,1,6,7,False,False,recovered_keep_false,False,False,False,False,True,False,True,role_bridge_review
4f2e0be8c2977962e1c70443c90d169e06585c09,Precise kinematic and muscle recording in freely behaving flies enabled by closed-loop tracking and annotation-free pose estimation,"Understanding the neuromuscular basis for behavior requires measuring both kinematic and physiological data at high resolution in unconstrained conditions: a technically challenging goal. Here we present an integrated experimental-computational pipeline for measuring and quantifying body part kinematics and muscle activity in freely behaving Drosophila melanogaster. We first present Spotlight, a closed-loop videography system that performs real-time tracking to record untethered flies at high resolution (6 µm/pixel) and high frame rate (330 Hz) while also enabling optical recordings of limb muscle activity via a fluorescent calcium reporter. To analyze these massive datasets without manual image annotation, we introduce PoseForge, a synthetic-data-driven framework that exploits morphologically accurate biomechanical simulations to generate synthetic data, and contrastive self-supervised learning to infer 3D keypoints and dense body-part segmentation from a single camera view. Using resulting 3D kinematic data, we can replay recorded behaviors in a biomechanical digital twin, NeuroMechFly, to infer forces generated and experienced by the fly’s limbs. Finally, we illustrate the capability of our system to optically record muscle activity. We show how the legs’ long-tendon muscles activate upon mechanical vibration, possibly to activate gripping and to maintain a stable posture. Taken together, this workflow enables scalable, high-resolution measurement and modeling of unconstrained, natural behavior.",2026.0,bioRxiv,2,10.64898/2026.03.11.711180,,,,2026-03-14,https://www.semanticscholar.org/paper/4f2e0be8c2977962e1c70443c90d169e06585c09,Biology;Engineering,Biology|s2-fos-model;Engineering|s2-fos-model,Sibo Wang-Chen; Victor Alfred Stimpfling; Maite Azcorra; Pavan Ramdya,,network_science,1hop_citations,False,,,,graph,annotation,annotation,,,,4,0,4,False,False,recovered_keep_false,False,False,False,True,False,False,True,role_bridge_review
35d7c1910610648515431116d59c0a3a122ecb43,Multimodal Data Fusion Reveals Morpho-Genetic Variations in Human Cortical Neurons Associated with Tumor Infiltration,"We introduce LetsACT (Light-Electron-Transcriptome synergistic ACTomography), a multimodal integration platform that overcomes the limitations of single-modality data acquisition and analysis of human brain cells while synergistically leveraging the strengths of each modality. Our approach enables the rapid sample preparation, cell injection, imaging, and multimodal integration of large-scale human neuronal datasets at single-cell resolution. By generating initial laser-scanning-microscopy based optical reconstruction of neuron morphologies followed by refining them using electron-microscopy derived morphological priors, we have assembled one of the largest human cortical morphology datasets to date: 8,398 neurons from 58 donors, with high cortical coverage. This platform is then applied to studying morphological impact of tumor infiltration. Pyramidal neurons in glioma-infiltrated tissues display clear volume shrinkage in somas and branches, tapering from the soma to nearby dendritic compartments. By integrating these morphological variations with spatial and bulk transcriptomic profiles, we find that glioblastoma tissues exhibit dysregulation of 15.29% of genes, including overexpression of TERT, whereas infiltrated tissues show 7.74% gene dysregulation, characterized by overexpression of tumor suppressors such as CDKN2A and TP53. Our analysis implies that pyramidal neurons observed in these infiltrated tissues may involve an active defense instead of undergoing passive apoptosis. Our finding also indicates that LetsACT establishes a valuable resource for the large-scale, comprehensive morpho-genetic analysis of human tissues.",2026.0,bioRxiv,0,10.64898/2025.12.26.696632,,,,2026-01-05,https://www.semanticscholar.org/paper/35d7c1910610648515431116d59c0a3a122ecb43,Medicine;Engineering;Biology,Medicine|s2-fos-model;Engineering|s2-fos-model;Biology|s2-fos-model,Yufeng Liu; Zhixi Yun; Lingli Zhang; Wen Ye; Kaifeng Chen; Xiefeng Wang; Mengzhu Ou; Jing Rong; Xiaoming Yang; Lei Mao; Liang Chen; Nan Ji; Yongping You; Chiyuan Ma; Ying Mao; Junxia Zhang; Liwei Zhang; Hanchuan Peng,,network_science,1hop_citations,False,,,,graph,,,human brain,,,3,0,3,False,False,recovered_keep_false,False,False,True,False,False,False,True,role_bridge_review
ebdc3d83f19e5d416906b4687190dc131e03dd01,Automated Detection and Segmentation of Synaptic Contacts in Nearly Isotropic Serial Electron Microscopy Images,"We describe a protocol for fully automated detection and segmentation of asymmetric, presumed excitatory, synapses in serial electron microscopy images of the adult mammalian cerebral cortex, taken with the focused ion beam, scanning electron microscope (FIB/SEM). The procedure is based on interactive machine learning and only requires a few labeled synapses for training. The statistical learning is performed on geometrical features of 3D neighborhoods of each voxel and can fully exploit the high z-resolution of the data. On a quantitative validation dataset of 111 synapses in 409 images of 1948×1342 pixels with manual annotations by three independent experts the error rate of the algorithm was found to be comparable to that of the experts (0.92 recall at 0.89 precision). Our software offers a convenient interface for labeling the training data and the possibility to visualize and proofread the results in 3D. The source code, the test dataset and the ground truth annotation are freely available on the website http://www.ilastik.org/synapse-detection.",2011.0,PLoS ONE,148,10.1371/journal.pone.0024899,22031814.0,,JournalArticle,2011-10-21,https://www.semanticscholar.org/paper/ebdc3d83f19e5d416906b4687190dc131e03dd01,Biology;Computer Science,Biology|s2-fos-model;Computer Science|s2-fos-model,A. Kreshuk; C. Straehle; Christoph Sommer; U. Köthe; M. Cantoni; G. Knott; F. Hamprecht,,proofreading_qc,1hop_citations;1hop_references,False,,,electron microscopy;synapse;synaptic,,annotation;proofread,annotation,,training,,2,11,13,False,False,recovered_keep_false,False,False,False,False,True,False,True,role_bridge_review
8201e4b84eb0dda8166409965f026532fa15b47c,"The impacts of HIV infection, age, and education on functional brain networks in adults with HIV","HIV-associated neurocognitive disorders (HAND) remain highly prevalent in people with HIV (PWH). Studies suggested that certain sociodemographic factors are associated with the risk of HAND in PWH. Here we investigated the impact of HIV infection and demographics on functional brain networks. One run of 8.5 min resting state functional MRI (fMRI) data was collected from 101 PWH (41–70 years old) and 40 demographically comparable controls. Functional connectivity (FC) was calculated using average wavelet coherence. The impact of demographic factors on FCs was investigated using canonical correlation analysis (CCA). Wavelet coherence analysis revealed a reduced within-network connectivity in the dorsal somatomotor network (dSMN), along with a reduced between-network connectivity between dSMN and medial temporal lobe (MTL) in PWH (compared to controls). Across all participants, CCA revealed that older age and HIV infection had negative impacts on network connectivity measures (mainly reduced within- and between-network FCs), whereas education had an opposite effect. In addition, being female at birth or a member of a minority ethnic/racial group was also associated with network disruptions. Our data suggested that advanced age and HIV infection are risk factors for functional brain network disruptions, whereas higher educational attainment was linked to better preserved functional network connectivity.",2022.0,Journal of Neurovirology,6,10.1007/s13365-021-01039-y,35044643.0,,JournalArticle,2022-01-19,https://www.semanticscholar.org/paper/8201e4b84eb0dda8166409965f026532fa15b47c,Medicine;Psychology,Medicine|s2-fos-model;Psychology|s2-fos-model,Fan Nils Yang; Shiva Hassanzadeh-Behbahani; Princy N. Kumar; D. Moore; Ronald J Ellis; Xiong Jiang,,network_science,1hop_references,False,macroscale_only_no_positive_gate,,,graph,,,disorder,education;educational,resting state,0,1,1,False,False,recovered_keep_false,True,True,False,False,False,False,True,macroscale_role_bridge_review
95e5a4cdc85672cfa0a81473d121dbcdfafdee19,The Oviposition Inhibitory Neuron is a Potential Hub of Multi-Circuit Integration in the Drosophila Brain,"Understanding how neural circuits integrate sensory and state information to support context-dependent behavior is a central challenge in neuroscience. Oviposition is a complex process during which a fruit fly integrates context and sensory information to choose an optimal location to lay her eggs. The circuit that controls oviposition is known, but how the oviposition circuit integrates multiple sensory modalities and internal states is not. Using the Hemibrain connectome, we identified the oviposition inhibitory neuron (oviIN) as a key hub in the oviposition circuit and analyzed its inputs to uncover potential parallel pathways that may be responsible for computations related to sensory integration and decision-making. We applied a network analysis to the subconnectome of inputs to the oviIN to identify clusters of interconnected neurons—many of which are uncharacterized cell types. Our findings indicate that the inputs to oviIN form multiple parallel pathways through the unstructured neuropils of the superior protocerebrum, a region implicated in context-dependent processing.",2025.0,eNeuro,3,10.1523/eneuro.0123-25.2025,40791496.0,,JournalArticle,2025-07-15,https://www.semanticscholar.org/paper/95e5a4cdc85672cfa0a81473d121dbcdfafdee19,Biology,Biology|s2-fos-model,Rhessa A. Weber-Langstaff; P. Srivastava; Alexander B. Kunin; Gabrielle J. Gutierrez,,,1hop_citations;1hop_references,False,,connectom,,network analysis,,,,,,5,0,5,False,False,recovered_keep_false,False,False,False,False,False,True,True,role_bridge_review
a95ea66cafdf56ca6195f805fb0ad83cbb9e35ff,Sonic Hedgehog Signaling in Cerebellar Development and Cancer,"The sonic hedgehog (SHH) pathway regulates the development of the central nervous system in vertebrates. Aberrant regulation of SHH signaling pathways often causes neurodevelopmental diseases and brain tumors. In the cerebellum, SHH secreted by Purkinje cells is a potent mitogen for granule cell progenitors, which are the most abundant cell type in the mature brain. While a reduction in SHH signaling induces cerebellar structural abnormalities, such as hypoplasia in various genetic disorders, the constitutive activation of SHH signaling often induces medulloblastoma (MB), one of the most common pediatric malignant brain tumors. Based on the existing literature on canonical and non-canonical SHH signaling pathways, emerging basic and clinical studies are exploring novel therapeutic approaches for MB by targeting SHH signaling at distinct molecular levels. In this review, we discuss the present consensus on SHH signaling mechanisms, their roles in cerebellar development and tumorigenesis, and the recent advances in clinical trials for MB.",2022.0,Frontiers in Cell and Developmental Biology,40,10.3389/fcell.2022.864035,35573667.0,,Review;JournalArticle,2022-04-29,https://www.semanticscholar.org/paper/a95ea66cafdf56ca6195f805fb0ad83cbb9e35ff,Medicine;Biology,Medicine|s2-fos-model;Biology|s2-fos-model,Wanchen Wang; Ryo Shiraishi; D. Kawauchi,,health_translation,1hop_references,False,,,,,,,clinical;disease;disorder,,,0,2,2,False,False,recovered_keep_false,False,False,True,False,False,False,True,role_bridge_review
890d4725fa6e63806e76e89b93c6d0d6429a0d6b,Large-Scale Automatic Reconstruction of Neuronal Processes from Electron Microscopy Images,"Automated sample preparation and electron microscopy enables acquisition of very large image data sets. These technical advances are of special importance to the field of neuroanatomy, as 3D reconstructions of neuronal processes at the nm scale can provide new insight into the fine grained structure of the brain. Segmentation of large-scale electron microscopy data is the main bottleneck in the analysis of these data sets. In this paper we present a pipeline that provides state-of-the art reconstruction performance while scaling to data sets in the GB-TB range. First, we train a random forest classifier on interactive sparse user annotations. The classifier output is combined with an anisotropic smoothing prior in a Conditional Random Field framework to generate multiple segmentation hypotheses per image. These segmentations are then combined into geometrically consistent 3D objects by segmentation fusion. We provide qualitative and quantitative evaluation of the automatic segmentation and demonstrate large-scale 3D reconstructions of neuronal processes from a 27,000 μm3 volume of brain tissue over a cube of 30 μm in each dimension corresponding to 1,000 consecutive image sections. We also introduce Mojo, a proofreading tool including semi-automated correction of merge errors based on sparse user scribbles.",2013.0,Medical Image Anal.,138,10.1016/j.media.2015.02.001,25791436.0,1303.7186,JournalArticle,2013-03-28,https://www.semanticscholar.org/paper/890d4725fa6e63806e76e89b93c6d0d6429a0d6b,Computer Science;Biology,Computer Science|s2-fos-model;Biology|s2-fos-model,V. Kaynig; Amelio Vázquez Reina; Seymour Knowles-Barley; Mike Roberts; T. Jones; N. Kasthuri; E. Miller; J. Lichtman; H. Pfister,,proofreading_qc,1hop_citations;1hop_references,False,,,electron microscopy,,annotation;merge error;proofread,annotation,,,,1,16,17,False,False,recovered_keep_false,False,False,False,False,True,False,True,role_bridge_review
306d4932b20a5ef616a2d6fec6fc60d2f37aa757,Computer visualization of three-dimensional image data using IMOD.,,1996.0,Journal of Structural Biology,5611,10.1006/jsbi.1996.0013,8742726.0,,JournalArticle,,https://www.semanticscholar.org/paper/306d4932b20a5ef616a2d6fec6fc60d2f37aa757,Computer Science;Biology,Computer Science|s2-fos-model;Biology|s2-fos-model,J. Kremer; D. Mastronarde; J. Mcintosh,,,1hop_references,False,,,,,,visualization,,,,0,4,4,False,False,recovered_keep_false,False,False,False,False,True,False,True,role_bridge_review
b67e73798924377672eff685a3715f3d80d5d5d8,Volumetric denoising enables high-throughput volume electron microscopy and efficient downstream analysis.,"Volume electron microscopy (VEM) enables nanometer-resolution three-dimensional (3D) visualization of biological specimens via serial sectioning and imaging. Owing to limitations of downstream analysis, VEM datasets are often acquired at slow speeds and high resolutions, thereby limiting achievable imaging throughput. By systematically searching for optimal VEM acquisition conditions, we find that sufficient spatial resolution effectively counteracts high image noise in preserving 3D structural information. To further verify that denoising is more effective in restoring volumetric datasets than axial interpolation, we compared machine learning-based methods, including a newly developed 3D context-based denoising model, through various tasks on VEM datasets acquired simultaneously. Our volumetric approach not only outperforms other baseline methods in faithful feature recovery but also facilitates robust serial block-face cutting down to 20 nm by allowing fast imaging. This work provides both an optimized acquisition strategy and volumetric denoising methods as actionable guidelines for maximizing VEM throughput.",2026.0,Cell Reports Methods,0,10.1016/j.crmeth.2026.101543,42551442.0,,JournalArticle,2026-08-01,https://www.semanticscholar.org/paper/b67e73798924377672eff685a3715f3d80d5d5d8,Computer Science;Biology;Materials Science;Engineering,Computer Science|s2-fos-model;Biology|s2-fos-model;Materials Science|s2-fos-model;Engineering|s2-fos-model,Bohao Chen; Fangfang Wang; Haoyu Wang; Yanchao Zhang; Zhuangzhuang Zhao; Haoran Chen; Hua Han; Xi Chen; Yunfeng Hua,,,1hop_citations,False,,,electron microscopy;nanometer;serial section;volume electron,,,visualization,,,,7,0,7,False,False,recovered_keep_false,False,False,False,False,True,False,True,role_bridge_review
d146e832ce6bed01b06ed56936fa05a5a1bb0441,vEMINR: Ultra‐Fast Isotropic Reconstruction for Volume Electron Microscopy With Implicit Neural Representation,"Volume electron microscopy (vEM) is a powerful technique that enables 3D visualization of biological structures at the nanometer scale. However, vEM imaging relies on sequential scanning of 2D images, and due to section thickness limitations, the axial resolution is significantly lower than the lateral resolution. In this paper, we propose the vEMINR, an ultra‐fast isotropic reconstruction method based on implicit neural representation (INR). This method enhances the reconstruction quality of vEM images by learning the true degradation patterns of low‐resolution images, and significantly accelerates the reconstruction process by utilizing the efficient parameterization and a continuous function representation of INR. In experiments on 11 public datasets, vEMINR outperforms mainstream methods with over tenfold faster reconstruction and higher accuracy. vEMINR substantially improved the accuracy of organelle and neuron reconstruction from vEM. Overall, the excellent reconstruction time efficiency of vEMINR enables high‐throughput processing of terabyte‐scale vEM datasets while maintaining reconstruction accuracy. We believe that it will play a significant role in large‐scale vEM image reconstruction and related research fields.",2026.0,Advancement of science,1,10.1002/advs.202511922,41616114.0,,JournalArticle,2026-01-30,https://www.semanticscholar.org/paper/d146e832ce6bed01b06ed56936fa05a5a1bb0441,Computer Science;Engineering;Materials Science,Computer Science|s2-fos-model;Engineering|s2-fos-model;Materials Science|s2-fos-model,Jibin Yang; Jie Huo; Muyu Liu; Chenjie Feng; Yan Zhang; Gang Pan; Wenjia Meng; Renmin Han,,,1hop_citations,False,,,electron microscopy;nanometer;volume electron,,,visualization,,,,6,0,6,False,False,recovered_keep_false,False,False,False,False,True,False,True,role_bridge_review
eee47526c75149e26d41939616fe763cd50d606b,Electron microscopy‐based three‐dimensional subcellular imaging of plant male gametophyte,"ABSTRACT Understanding cellular events in three dimensions (3D) is of great importance for the annotation and illustration of biological processes in a contextual way. Imaging techniques based on electron microscopy (EM), such as those derived from scanning electron microscopy (SEM) and transmission electron microscopy (TEM), provide various options to visualize biological samples at scales ranging from cells to macromolecules in situ. Recently, a series of cryogenic techniques has brought EM‐based imaging to a new level, enabling specimens to retain their hydrated state throughout the sample preparation and imaging steps, thereby offering a near‐native visualization of cellular events. The application of dual‐beam focused ion beam (FIB)‐SEM to biological samples has enabled high‐resolution reconstructions in 3D and streamlined sample preparation workflows for downstream cryo‐electron tomography (cryo‐ET) imaging. However, applications of these technologies to plant materials are limited due to intrinsic characteristics of plant cells (e.g., non‐adhesive growth, large size with a central vacuole, and the presence of cell walls). For the timely application of dual‐beam FIB‐SEM in three‐dimensional subcellular imaging of plant materials, we have recently tested and developed three major workflows with proof‐of‐concept evidence using developing anthers and in vitro‐cultured pollen tubes based on Aquilos 2 Cryo‐FIB, including (1) room‐temperature FIB‐SEM volume imaging, (2) cryo‐lamellae preparation from cell suspension culture or high‐pressure‐frozen organs for cryo‐ET imaging, and (3) cryo‐FIB‐SEM volume imaging, which will facilitate structural studies of plant materials and provide technical guidance for the broader plant cell biology research community.",2026.0,Journal of Integrative Plant Biology,3,10.1111/jipb.70143,41562308.0,,JournalArticle,2026-01-21,https://www.semanticscholar.org/paper/eee47526c75149e26d41939616fe763cd50d606b,Biology;Materials Science;Environmental Science,Biology|s2-fos-model;Materials Science|s2-fos-model;Environmental Science|s2-fos-model,Zhiqiao Liu; Zizhen Liang; Mengfei Liao; Yixin Huang; Rui Ma; Jiayang Gao; Weiqi Wang; Tao Ni; P. Erdmann; Liwen Jiang,,network_science,1hop_citations,False,,,electron microscopy,community;graph,annotation,annotation;visualization,,,,2,0,2,False,False,recovered_keep_false,False,False,False,False,True,False,True,role_bridge_review
50ea231208a5329f35b9441e48653741ba1a8b0a,Cell nuclei segmentation in mm-scale x-ray holographic nanotomography images of mouse brain tissue,"Biological soft tissues are functional agglomerates of cells. They constitute the microenvironment where intercellular communication occurs. In turn, their woven structure underlies mechanical properties that contribute to their roles in the context of the organs and the organisms that contain them. Therefore, determining the density and spatial distribution of cells within the tissue offers key information for understanding its physiological properties and its state. X-ray holographic nanotomography is a non-destructive imaging technique capable of resolving subcellular details in biological tissues that has shown promising advantages to study the structure of neuronal circuits. However, the dimensions of the datasets required – covering volume landscapes of ~mm3 – make manual annotation of individual nuclei an unrealistic task. We developed and trained an automated image segmentation classifier that accurately detects and segments cell nuclei in mouse brain tissue imaged with x-ray holographic nanotomography, and that generalises to similar datasets obtained from biological replicates with minimal additional ground truth. It provides the spatial locations and morphologies of the ~80k nuclei per dataset with a high recall. It harnesses the strengths of a high-performance computing cluster and embeds the curated results in two main simplified outcomes: a data table and explorable image segmentations and meshes associated with the original dataset, in a browser-compatible format that simplifies proofreading by multiple users. The classifier we present here can be readily integrated into an automated analytical pipeline for histological datasets obtained with synchrotron x-ray holographic nanotomography in the context of systems neuroscience as well as broader tissue life science studies.",2024.0,Optical Engineering + Applications,3,10.1117/12.3028309,,,,2024-10-04,https://www.semanticscholar.org/paper/50ea231208a5329f35b9441e48653741ba1a8b0a,Materials Science;Biology;Engineering;Medicine,Materials Science|s2-fos-model;Biology|s2-fos-model;Engineering|s2-fos-model;Medicine|s2-fos-model,Andrea Nathansen; Matthis Clausen; Manuel Berning; E. MacKenzie; Yuxin Zhang; A. Pacureanu; Andreas T. Schaefer; Norman Rzepka; Carles Bosch,,network_science;proofreading_qc,1hop_citations;1hop_references,False,,,,graph,annotation;proofread,annotation,,,,10,1,11,False,False,recovered_keep_false,False,False,False,False,True,False,True,role_bridge_review
fe90b3cbb030990d5fde334624ad7d2b2b4ddd9a,"Modular segmentation, spatial analysis and visualization of volume electron microscopy datasets","Volume electron microscopy is the method of choice for the in situ interrogation of cellular ultrastructure at the nanometer scale, and with the increase in large raw image datasets generated, improving computational strategies for image segmentation and spatial analysis is necessary. Here we describe a practical and annotation-efficient pipeline for organelle-specific segmentation, spatial analysis and visualization of large volume electron microscopy datasets using freely available, user-friendly software tools that can be run on a single standard workstation. The procedures are aimed at researchers in the life sciences with modest computational expertise, who use volume electron microscopy and need to generate three-dimensional (3D) segmentation labels for different types of cell organelles while minimizing manual annotation efforts, to analyze the spatial interactions between organelle instances and to visualize the 3D segmentation results. We provide detailed guidelines for choosing well-suited segmentation tools for specific cell organelles, and to bridge compatibility issues between freely available open-source tools, we distribute the critical steps as easily installable Album solutions for deep learning segmentation, spatial analysis and 3D rendering. Our detailed description can serve as a reference for similar projects requiring particular strategies for single- or multiple-organelle analysis, which can be achieved with computational resources commonly available to single-user setups. This protocol provides a pipeline for analyzing volume electron microscopy datasets covering the preparation of raw data, the segmentation of specific organelles, their spatial analysis and three-dimensional visualization of the segmentation maps. The protocol demonstrates the use of tools such as Microscopy Image Browser, ilastik, Labkit and Album, which facilitates the installation of Python-based software (CSBDeep, CellSketch, StarDist, Blender and Jupyter notebooks). This protocol provides a pipeline for analyzing volume electron microscopy datasets covering the preparation of raw data, the segmentation of specific organelles, their spatial analysis and three-dimensional visualization of the segmentation maps. The protocol demonstrates the use of tools such as Microscopy Image Browser, ilastik, Labkit and Album, which facilitates the installation of Python-based software (CSBDeep, CellSketch, StarDist, Blender and Jupyter notebooks). A user-friendly approach for segmentation and spatial analysis of large volume electron microscopy datasets with open-source software tools",2024.0,Nature Protocols,18,10.1038/s41596-024-00957-5,38424188.0,,Review;JournalArticle,2024-02-29,https://www.semanticscholar.org/paper/fe90b3cbb030990d5fde334624ad7d2b2b4ddd9a,Computer Science;Biology;Materials Science,Computer Science|s2-fos-model;Biology|s2-fos-model;Materials Science|s2-fos-model,A. Müller; D. Schmidt; J. P. Albrecht; Lucas Rieckert; Maximilian Otto; Leticia Elizabeth Galicia Garcia; G. Fabig; M. Solimena; Martin Weigert,,,1hop_citations,False,,,electron microscopy;nanometer;ultrastruct;volume electron,modular,annotation,annotation;visualization,,,,3,0,3,False,False,recovered_keep_false,False,False,False,False,True,False,True,role_bridge_review
2906ea28a41bf19681b4b2bd15113aa492e4e47c,Online citizen science with the Zooniverse for analysis of biological volumetric data,"Public participation in research, also known as citizen science, is being increasingly adopted for the analysis of biological volumetric data. Researchers working in this domain are applying online citizen science as a scalable distributed data analysis approach, with recent research demonstrating that non-experts can productively contribute to tasks such as the segmentation of organelles in volume electron microscopy data. This, alongside the growing challenge to rapidly process the large amounts of biological volumetric data now routinely produced, means there is increasing interest within the research community to apply online citizen science for the analysis of data in this context. Here, we synthesise core methodological principles and practices for applying citizen science for analysis of biological volumetric data. We collate and share the knowledge and experience of multiple research teams who have applied online citizen science for the analysis of volumetric biological data using the Zooniverse platform (www.zooniverse.org). We hope this provides inspiration and practical guidance regarding how contributor effort via online citizen science may be usefully applied in this domain.",2023.0,Histochemistry and Cell Biology,13,10.1007/s00418-023-02204-6,37284846.0,,JournalArticle,2023-06-07,https://www.semanticscholar.org/paper/2906ea28a41bf19681b4b2bd15113aa492e4e47c,Biology;Computer Science,Biology|s2-fos-model;Computer Science|s2-fos-model,Patricia Smith; O. N. King; Avery Pennington; W. Tun; Mark Basham; Martin L. Jones; L. Collinson; M. Darrow; Helen Spiers,,,1hop_citations,False,,,electron microscopy;volume electron,community,,distributed,,citizen science,,2,0,2,False,False,recovered_keep_false,False,True,False,False,False,False,True,role_bridge_review
fd0d07236fed4b8aab30c51ed1f7f7617244f769,"Organelle-specific segmentation, spatial analysis, and visualization of volume electron microscopy datasets","Volume electron microscopy is the method of choice for the in-situ interrogation of cellular ultrastructure at the nanometer scale. Recent technical advances have led to a rapid increase in large raw image datasets that require computational strategies for segmentation and spatial analysis. In this protocol, we describe a practical and annotation-efficient pipeline for organelle-specific segmentation, spatial analysis, and visualization of large volume electron microscopy datasets using freely available, user-friendly software tools that can be run on a single standard workstation. We specifically target researchers in the life sciences with limited computational expertise, who face the following tasks within their volume electron microscopy projects: i) How to generate 3D segmentation labels for different types of cell organelles while minimizing manual annotation efforts, ii) how to analyze the spatial interactions between organelle instances, and iii) how to best visualize the 3D segmentation results. To meet these demands we give detailed guidelines for choosing the most efficient segmentation tools for the specific cell organelle. We furthermore provide easily executable components for spatial analysis and 3D rendering and bridge compatibility issues between freely available open-source tools, such that others can replicate our full pipeline starting from a raw dataset up to the final plots and rendered images. We believe that our detailed description can serve as a valuable reference for similar projects requiring special strategies for single- or multiple organelle analysis which can be achieved with computational resources commonly available to single-user setups.",2023.0,arXiv.org,3,,,2303.03876,JournalArticle,2023-03-07,https://www.semanticscholar.org/paper/fd0d07236fed4b8aab30c51ed1f7f7617244f769,Biology;Computer Science;Materials Science,Biology|s2-fos-model;Computer Science|s2-fos-model;Materials Science|s2-fos-model,A. Müller; Deborah Schmidt; Lucas Rieckert; M. Solimena; Martin Weigert,,,1hop_citations,False,,,electron microscopy;nanometer;ultrastruct;volume electron,,annotation,annotation;visualization,,,,3,0,3,False,False,recovered_keep_false,False,False,False,False,True,False,True,role_bridge_review
58cc99671a149d2a1fba380b8eea7fe9423d30a8,Deep neural network automated segmentation of cellular structures in volume electron microscopy,"Three-dimensional electron-microscopy is an important imaging modality in contemporary cell biology. Identification of intracellular structures is laborious and time-consuming, however, and seriously impairs effective use of a potentially powerful tool. Resolving this bottleneck is therefore a critical next step in frontier biomedical imaging. We describe Automated Segmentation of intracellular substructures in Electron Microscopy (ASEM), a new pipeline to train a convolutional network to detect structures of wide range in size and complexity. We obtain for each structure a dedicated model based on a small number of sparsely annotated ground truth annotations from only one or two cells. To improve model generalization to different imaging conditions, we developed a rapid, computationally effective strategy to refine an already trained model by including a few additional annotations. We show the successful automated identification of mitochondria, Golgi apparatus, endoplasmic reticulum, nuclear pore complexes, clathrin coated pits and coated vesicles, and caveolae in cells imaged by focused ion beam scanning electron microscopy with quasi-isotropic resolution. Summary Recent advances in automated segmentation using deep neural network models allow identification of subcellular structures. This study describes a new pipeline to train a convolutional network for rapid and efficient detection of structures of wide range in size and complexity.",2022.0,bioRxiv,40,10.1083/jcb.202208005,36469001.0,,JournalArticle,2022-08-03,https://www.semanticscholar.org/paper/58cc99671a149d2a1fba380b8eea7fe9423d30a8,Computer Science;Biology;Materials Science,Computer Science|s2-fos-model;Biology|s2-fos-model;Materials Science|s2-fos-model,Benjamin Gallusser; G. Maltese; G. Di Caprio; T. Vadakkan; Anwesha Sanyal; Elliott Somerville; M. Sahasrabudhe; Justin O'Connor; Martin Weigert; T. Kirchhausen,,,1hop_citations,False,,,electron microscopy;volume electron,,annotation,annotation,,,,3,0,3,False,False,recovered_keep_false,False,False,False,False,True,False,True,role_bridge_review
704b27708581be6cf4dc0dfc484c78cbdecd311c,CELR: Cloud Enhanced Local Reconstruction from low-dose sparse Scanning Electron Microscopy images,"Current Scanning Electron Microscopy (SEM) acquisition techniques are far too slow to capture large volumes in a feasible time. One solution is to use low-dose and sparse imaging. By computationally denoising and inpainting an image with acceptable quality can be approximated. This approach, however, requires significant compute resources. Therefore, this paper proposes CELR, a framework, that hides the computationally expensive workload of reconstructing low-dose sparse SEM images, such that (delayed) live reconstruction is possible. Live reconstruction is possible by using Convolutional Neural Networks (CNNs) that approximate a classical reconstruction algorithm like GOAL. The reconstruction by CNNs is done locally, while recurring training of CNNs is done in the cloud. Moreover, training labels are generated by GOAL in the cloud. Next to the framework, this paper evaluates and optimizes the CNN reconstruction throughput by employing Nvidia's TensorRT. This paper also touches upon open research questions about on-the-fly CNN training. The combination of CELR and TensorRT enables large volume acquisitions with a dwell-time of $\mathbf{1}\mu s$ and 10% pixel coverage to be reconstructed on a single GPU.",2022.0,Euromicro Symposium on Digital Systems Design,0,10.1109/dsd57027.2022.00083,,,JournalArticle;Conference,2022-08-01,https://www.semanticscholar.org/paper/704b27708581be6cf4dc0dfc484c78cbdecd311c,Computer Science;Engineering;Materials Science,Computer Science|s2-fos-model;Engineering|s2-fos-model;Materials Science|s2-fos-model,F. D. Putter; Maurice Peemen; P. Potocek; R. Schoenmakers; H. Corporaal,,,1hop_citations,False,,,electron microscopy,,,cloud,,training,,3,0,3,False,False,recovered_keep_false,False,False,False,False,True,False,True,role_bridge_review
afb38ff1fee65101810048490683203aaa2fc07a,How innovations in methodology offer new prospects for volume electron microscopy,"Detailed knowledge of biological structure has been key in understanding biology at several levels of organisation, from organs to cells and proteins. Volume electron microscopy (volume EM) provides high resolution 3D structural information about tissues on the nanometre scale. However, the throughput rate of conventional electron microscopes has limited the volume size and number of samples that can be imaged. Recent improvements in methodology are currently driving a revolution in volume EM, making possible the structural imaging of whole organs and small organisms. In turn, these recent developments in image acquisition have created or stressed bottlenecks in other parts of the pipeline, like sample preparation, image analysis and data management. While the progress in image analysis is stunning due to the advent of automatic segmentation and server‐based annotation tools, several challenges remain. Here we discuss recent trends in volume EM, emerging methods for increasing throughput and implications for sample preparation, image analysis and data management.",2022.0,Journal of Microscopy,30,10.1111/jmi.13134,35810393.0,,Review;JournalArticle,2022-07-10,https://www.semanticscholar.org/paper/afb38ff1fee65101810048490683203aaa2fc07a,Materials Science;Engineering;Biology,Materials Science|s2-fos-model;Engineering|s2-fos-model;Biology|s2-fos-model,Arent J. Kievits; R. Lane; Elizabeth C. Carroll; J. Hoogenboom,,,1hop_citations,False,,,electron microscopy;nanometre;volume electron;volume em,,annotation,annotation,,,,27,0,27,False,False,recovered_keep_false,False,False,False,False,True,False,True,role_bridge_review
6a9bc2f6f4bdeb5b73ef9832fe99b727b8033232,High-precision targeting workflow for volume electron microscopy,Ronchi et al. present a workflow to facilitate precise targeting for volume EM (vEM) acquisitions. This method allows ultrastructural visualization of single cells within a millimeter-range specimen based on molecular identity characterized by fluorescence.,2021.0,Journal of Cell Biology,44,10.1083/jcb.202104069,34160561.0,,JournalArticle,2021-06-23,https://www.semanticscholar.org/paper/6a9bc2f6f4bdeb5b73ef9832fe99b727b8033232,Biology;Engineering;Materials Science,Biology|s2-fos-model;Engineering|s2-fos-model;Materials Science|s2-fos-model,P. Ronchi; Giulia Mizzon; P. Machado; Edoardo D’Imprima; Benedikt T. Best; Lucia Cassella; Sebastian Schnorrenberg; M. G. Montero; M. Jechlinger; A. Ephrussi; M. Leptin; J. Mahamid; Y. Schwab,,,1hop_citations;1hop_references,False,,,electron microscopy;ultrastruct;volume electron;volume em,,,visualization,,,,1,1,2,False,False,recovered_keep_false,False,False,False,False,True,False,True,role_bridge_review
055ca4fe1b58ce2eef80fe1d42110b39a4c09f00,FIB-SEM as a Volume Electron Microscopy Approach to Study Cellular Architectures in SARS-CoV-2 and Other Viral Infections: A Practical Primer for a Virologist,"The visualization of cellular ultrastructure over a wide range of volumes is becoming possible by increasingly powerful techniques grouped under the rubric “volume electron microscopy” or volume EM (vEM). Focused ion beam scanning electron microscopy (FIB-SEM) occupies a “Goldilocks zone” in vEM: iterative and automated cycles of milling and imaging allow the interrogation of microns-thick specimens in 3-D at resolutions of tens of nanometers or less. This bestows on FIB-SEM the unique ability to aid the accurate and precise study of architectures of virus-cell interactions. Here we give the virologist or cell biologist a primer on FIB-SEM imaging in the context of vEM and discuss practical aspects of a room temperature FIB-SEM experiment. In an in vitro study of SARS-CoV-2 infection, we show that accurate quantitation of viral densities and surface curvatures enabled by FIB-SEM imaging reveals SARS-CoV-2 viruses preferentially located at areas of plasma membrane that have positive mean curvatures.",2021.0,Viruses,40,10.3390/v13040611,33918371.0,,Review;JournalArticle,2021-04-01,https://www.semanticscholar.org/paper/055ca4fe1b58ce2eef80fe1d42110b39a4c09f00,Medicine,Medicine|s2-fos-model,Valentina Baena; Ryan Conrad; P. Friday; E. Fitzgerald; Taeeun Kim; J. Bernbaum; Heather Berensmann; Adam Harned; K. Nagashima; Kedar Narayan,,,1hop_citations,False,,,electron microscopy;fib-sem;nanometer;ultrastruct;volume electron;volume em,,,visualization,,,,2,0,2,False,False,recovered_keep_false,False,False,False,False,True,False,True,role_bridge_review
4fff5873fb4b2d95dcd6dc844c099a374f2b11d1,Automatic whole cell organelle segmentation in volumetric electron microscopy,"Cells contain hundreds of different organelle and macromolecular assemblies intricately organized relative to each other to meet any cellular demands. Obtaining a complete understanding of their organization is challenging and requires nanometer-level, threedimensional reconstruction of whole cells. Even then, the immense size of datasets and large number of structures to be characterized requires generalizable, automatic methods. To meet this challenge, we developed an analysis pipeline for comprehensively reconstructing and analyzing the cellular organelles in entire cells imaged by focused ion beam scanning electron microscopy (FIB-SEM) at a near-isotropic size of 4 or 8 nm per voxel. The pipeline involved deep learning architectures trained on diverse samples for automatic reconstruction of 35 different cellular organelle classes - ranging from endoplasmic reticulum to microtubules to ribosomes - from multiple cell types. Automatic reconstructions were used to directly quantify various previously inaccessible metrics about these structures, including their spatial interactions. We show that automatic organelle reconstructions can also be used to automatically register light and electron microscopy images for correlative studies. We created an open data and open source web repository, OpenOrganelle, to share the data, computer code, and trained models, enabling scientists everywhere to query and further reconstruct the datasets.",2020.0,bioRxiv,22,10.1101/2020.11.14.382143,,,,2020-11-16,https://www.semanticscholar.org/paper/4fff5873fb4b2d95dcd6dc844c099a374f2b11d1,Materials Science;Biology;Engineering;Computer Science,Materials Science|s2-fos-model;Biology|s2-fos-model;Engineering|s2-fos-model;Computer Science|s2-fos-model,Larissa Heinrich; D. Bennett; David Ackerman; W. Park; J. Bogovic; N. Eckstein; A. Petruncio; Jody Clements; Chuanyun Xu; Jan Funke; Wyatt L. Korff; H. Hess; J. Lippincott-Schwartz; S. Saalfeld; Aubrey V. Weigel,,,1hop_citations,False,,,electron microscopy;fib-sem;nanometer,,,query,,,,3,0,3,False,False,recovered_keep_false,False,False,False,False,True,False,True,role_bridge_review
7f9b408eedb641d91370d44c662d2ec5e7a29461,Correlative three-dimensional super-resolution and block face electron microscopy of whole vitreously frozen cells,"Visualizing whole cells at many scales Cells need to compartmentalize thousands of distinct proteins, but the nanoscale spatial relationship of many proteins to overall intracellular ultrastructure remains poorly understood. Correlated light and electron microscopy approaches can help. Hoffman et al. combined cryogenic super-resolution fluorescence microscopy and focused ion beam–milling scanning electron microscopy to visualize protein-ultrastructure relationships in three dimensions across whole cells. The fusion of the two imaging modalities enabled identification and three-dimensional segmentation of morphologically complex structures within the crowded intracellular environment. The researchers observed unexpected relationships within a variety of cell types, including a web-like protein adhesion network between juxtaposed cerebellar granule neurons. Science, this issue p. eaaz5357 Cryogenic super-resolution fluorescence and electron microscopy reveals protein-ultrastructure relationships in whole cells. INTRODUCTION Our textbook understanding of the nanoscale organization of the cell and its relationship to the thousands of proteins that drive cellular metabolism comes largely from a synthesis of biochemistry, molecular biology, and electron microscopy, and is therefore speculative in its details. Correlative super-resolution (SR) fluorescence and electron microscopy (EM) promises to elucidate these details by directly visualizing the nanoscale relationship of specific proteins in the context of the global cellular ultrastructure. However, to date such correlative imaging has involved compromises with respect to ultrastructure preservation and imaging sensitivity, resolution, and/or field of view. RATIONALE We developed a pipeline to (i) preserve fluorescently labeled, cultured mammalian cells in vitreous ice; (ii) image selected cells in their entirety below 10 K by multicolor three-dimensional structured illumination (3D SIM) and single-molecule localization microscopy (SMLM); (iii) image the same cells by 3D focused ion beam scanning EM (FIB-SEM) at 4- or 8-nm isotropic resolution; and (iv) register all image volumes to nanoscale precision. The pipeline ensures accurate ultrastructure preservation, permits independent optimization of SR and EM imaging modalities, and provides a comprehensive view of how specific subcellular components vary across the cellular volume. RESULTS Nearly every system we studied revealed unexpected results: intranuclear vesicles positive for a marker of the endoplasmic reticulum; peroxisomes of increasingly irregular morphology with increasing size; endolysosomal compartments of exceptionally diverse and convoluted morphology; a web-like adhesion network between cerebellar granule neurons; and classically EM-defined domains of heterochromatin and euchromatin each sub-characterized by the presence or absence of markers of transcriptional activity. Two-color cryo-SMLM enabled whole-cell image registration quantifiable down to ~40 nm accuracy. Cryo-SIM, even with its lower resolution, enabled unique discrimination between vesicles of like morphology and aided in segmenting complex 3D structures at FIB-SEM resolution within the crowded intracellular milieu. CONCLUSION Our pipeline serves as a powerful hypothesis generator to better understand the findings of biochemistry in the context of the spatially compartmentalized cell. Our approach also carefully preserves the native ultrastructure upon which such hypotheses are based, thus enabling cell-wide or cell-to-cell investigation of the natural variability in protein-ultrastructure relationships. Whole-cell correlative imaging. Cryogenic super-resolution fluorescence microscopy of high-pressure frozen cells coupled with focused ion beam scanning electron microscopy (FIB-SEM) enables multicolor three-dimensional nanoscale visualization of proteins in the context of global ultrastructure. Clockwise from upper left: Volume-rendered cell with correlated orthoslice (inset) of mitochondria and endoplasmic reticulum (ER) proteins; endolysosomal compartments of diverse morphology; heterochomatin subdomains defined by protein reporters of transcriptional activity; adhesion proteins correlated to membrane roughness at contacting cerebellar granule neurons; and a peroxisome (pink) juxtaposed to an ER sheet (red) and mitochondrion (cyan). Within cells, the spatial compartmentalization of thousands of distinct proteins serves a multitude of diverse biochemical needs. Correlative super-resolution (SR) fluorescence and electron microscopy (EM) can elucidate protein spatial relationships to global ultrastructure, but has suffered from tradeoffs of structure preservation, fluorescence retention, resolution, and field of view. We developed a platform for three-dimensional cryogenic SR and focused ion beam–milled block-face EM across entire vitreously frozen cells. The approach preserves ultrastructure while enabling independent SR and EM workflow optimization. We discovered unexpected protein-ultrastructure relationships in mammalian cells including intranuclear vesicles containing endoplasmic reticulum–associated proteins, web-like adhesions between cultured neurons, and chromatin domains subclassified on the basis of transcriptional activity. Our findings illustrate the value of a comprehensive multimodal view of ultrastructural variability across whole cells.",2019.0,Science,304,10.1126/science.aaz5357,31949053.0,,JournalArticle,2019-09-18,https://www.semanticscholar.org/paper/7f9b408eedb641d91370d44c662d2ec5e7a29461,Biology;Materials Science;Engineering,Biology|s2-fos-model;Materials Science|s2-fos-model;Engineering|s2-fos-model,D. Hoffman; G. Shtengel; Cangshan Xu; K. Campbell; Melanie Freeman; Lei Wang; D. Milkie; H. Pasolli; N. Iyer; J. Bogovic; D. Stabley; A. Shirinifard; Song Pang; D. Peale; K. Schaefer; W. Pomp; Chi-Lun Chang; J. Lippincott-Schwartz; T. Kirchhausen; D. Solecki; E. Betzig; H. Hess,,,1hop_citations;1hop_references,False,,,electron microscopy;fib-sem;ultrastruct,,,visualization,,,,1,2,3,False,False,recovered_keep_false,False,False,False,False,True,False,True,role_bridge_review
a039c818585a3330504829c8f3f7884a05c1c5fb,Mutual inhibition of lateral inhibition: a network motif for an elementary computation in the brain.,"A series of classical studies in non-human primates has revealed the neuronal activity patterns underlying decision-making. However, the circuit mechanisms for such patterns remain largely unknown. Recent detailed circuit analyses in simpler neural systems have started to reveal the connectivity patterns underlying analogous processes. Here we review a few of these systems that share a particular connectivity pattern, namely mutual inhibition of lateral inhibition. Close examination of these systems suggests that this recurring connectivity pattern ('network motif') is a building block to enforce particular dynamics, which can be used not only for simple behavioral choice but also for more complex choices and other brain functions. Thus, a network motif provides an elementary computation that is not specific to a particular brain function and serves as an elementary building block in the brain.",2018.0,Current Opinion in Neurobiology,43,10.1016/j.conb.2017.12.019,29353136.0,,Review;JournalArticle,2018-04-01,https://www.semanticscholar.org/paper/a039c818585a3330504829c8f3f7884a05c1c5fb,Biology,Biology|s2-fos-model,Minoru Koyama; Avinash Pujala,,network_science,1hop_citations,False,,,,motif,,,,,,2,0,2,False,False,recovered_keep_false,False,False,False,False,False,True,True,role_bridge_review
f7edee85a6f72078e63f0b84e8f03725646d9a7f,Combining brain-wide activity imaging with electron microscopy reveals a distributed nociceptive network in the brain,,,,0,,,,,,https://www.semanticscholar.org/paper/f7edee85a6f72078e63f0b84e8f03725646d9a7f,Biology,Biology|s2-fos-model,Nadine Randel; Chen Wang; Michael Clayton; Kun Wang; Song Pang; Shan Xu; A. Champion; Harald F. Hess; Albert Cardona; Philipp J. Keller; Marta Zlatic,,,1hop_citations,False,,,electron microscopy,,,distributed,,,,3,0,3,False,False,recovered_keep_false,False,False,False,False,True,False,True,role_bridge_review
8b32adf6f523168d785b0287fb20b35e72da15ef,Toward an Automated HPC Pipeline for Processing Large Scale Electron Microscopy Data,"We present a fully modular and scalable software pipeline for processing electron microscope (EM) images of brain slices into 3D visualization of individual neurons and demonstrate an end-to-end segmentation of a large EM volume using a supercomputer. Our pipeline scales multiple packages used by the EM community with minimal changes to the original source codes. We tested each step of the pipeline individually, on a workstation, a cluster, and a supercomputer. Furthermore, we can compose workflows from these operations using a Balsam database that can be triggered during the data acquisition or with the use of different front ends and control the granularity of the pipeline execution. We describe the implementation of our pipeline and modifications required to integrate and scale up existing codes. The modular nature of our environment enables diverse research groups to contribute to the pipeline without disrupting the workflow, i.e. new individual codes can be easily integrated for each step on the pipeline.",2020.0,Annual Workshop on Large-scale Experiment-in-the-Loop Computing,10,10.1109/xloop51963.2020.00008,,2011.03204,JournalArticle,2020-11-01,https://www.semanticscholar.org/paper/8b32adf6f523168d785b0287fb20b35e72da15ef,Computer Science;Engineering;Biology,Computer Science|s2-fos-model;Engineering|s2-fos-model;Biology|s2-fos-model,Rafael Vescovi; Hanyu Li; Jeffery Kinnison; Murat Keçeli; Misha Salim; N. Kasthuri; T. Uram; N. Ferrier,,,1hop_citations;1hop_references,False,,,electron microscopy,community;modular,,database;visualization,,workshop,,2,3,5,False,False,recovered_keep_false,False,False,False,False,True,False,True,role_bridge_review
a641df4e738354237c2ba9cdb13c7dbca7d58171,Petascale pipeline for precise alignment of images from serial section electron microscopy,"Segmentation accuracy of serial section electron microscopy (ssEM) images can be limited by the step of aligning 2D section images to create a 3D image stack. Here the authors report a computational pipeline for aligning ssEM images and apply this to a whole fly brain dataset. The reconstruction of neural circuits from serial section electron microscopy (ssEM) images is being accelerated by automatic image segmentation methods. Segmentation accuracy is often limited by the preceding step of aligning 2D section images to create a 3D image stack. Precise and robust alignment in the presence of image artifacts is challenging, especially as datasets are attaining the petascale. We present a computational pipeline for aligning ssEM images with several key elements. Self-supervised convolutional nets are trained via metric learning to encode and align image pairs, and they are used to initialize iterative fine-tuning of alignment. A procedure called vector voting increases robustness to image artifacts or missing image data. For speedup the series is divided into blocks that are distributed to computational workers for alignment. The blocks are aligned to each other by composing transformations with decay, which achieves a global alignment without resorting to a time-consuming global optimization. We apply our pipeline to a whole fly brain dataset, and show improved accuracy relative to prior state of the art. We also demonstrate that our pipeline scales to a cubic millimeter of mouse visual cortex. Our pipeline is publicly available through two open source Python packages.",2022.0,bioRxiv,33,10.1038/s41467-023-44354-0,38177169.0,,JournalArticle,2022-03-27,https://www.semanticscholar.org/paper/a641df4e738354237c2ba9cdb13c7dbca7d58171,Computer Science;Biology;Engineering,Computer Science|s2-fos-model;Biology|s2-fos-model;Engineering|s2-fos-model,S. Popovych; T. Macrina; N. Kemnitz; M. Castro; Barak Nehoran; Z. Jia; J. Bae; E. Mitchell; S. Mu; Eric T. Trautman; S. Saalfeld; Kai Li; Sebastian Seung,,,1hop_citations;1hop_references,False,,,electron microscopy;serial section,,,distributed;petascale,,,,7,8,15,False,False,recovered_keep_false,False,False,False,False,True,False,True,role_bridge_review
b43ad123af7ec46e48645004a19511cae93b9920,The neural circuit for touch sensitivity in Caenorhabditis elegans,"The neural pathways for touch-induced movement in Caenorhabditis elegans contain six touch receptors, five pairs of interneurons, and 69 motor neurons. The synaptic relationships among these cells have been deduced from reconstructions from serial section electron micrographs, and the roles of the cells were assessed by examining the behavior of animals after selective killing of precursors of the cells by laser microsurgery. This analysis revealed that there are two pathways for touch-mediated movement for anterior touch (through the AVD and AVB interneurons) and a single pathway for posterior touch (via the PVC interneurons). The anterior touch circuitry changes in two ways as the animal matures. First, there is the formation of a neural network of touch cells as the three anterior touch cells become coupled by gap junctions. Second, there is the addition of the AVB pathway to the pre- existing AVD pathway. The touch cells also synapse onto many cells that are probably not involved in the generation of movement. Such synapses suggest that stimulation of these receptors may modify a number of behaviors.",1985.0,Journal of Neuroscience,1109,10.1523/jneurosci.05-04-00956.1985,3981252.0,,JournalArticle,1985-04-01,https://www.semanticscholar.org/paper/b43ad123af7ec46e48645004a19511cae93b9920,Biology,Biology|s2-fos-model,M. Chalfie; J. Sulston; J. White; E. Southgate; J. Thomson; S. Brenner,,network_science,1hop_references,False,,,serial section;synapse;synaptic,graph,,,,,,0,26,26,False,False,recovered_keep_false,False,False,False,False,False,True,True,role_bridge_review
c8cd9d89aa7beb05ad9a1baf141aa0b7b1e946da,"Dense, continuous membrane labeling and expansion microscopy visualization of ultrastructure in tissues","Lipid membranes are key to the nanoscale compartmentalization of biological systems, but fluorescent visualization of them in intact tissues, with nanoscale precision, is challenging to do with high labeling density. Here, we report ultrastructural membrane expansion microscopy (umExM), which combines an innovative membrane label and optimized expansion microscopy protocol, to support dense labeling of membranes in tissues for nanoscale visualization. We validate the high signal-to-background ratio, and uniformity and continuity, of umExM membrane labeling in brain slices, which supports the imaging of membranes and proteins at a resolution of ~60 nm on a confocal microscope. We demonstrate the utility of umExM for the segmentation and tracing of neuronal processes, such as axons, in mouse brain tissue. Combining umExM with optical fluctuation imaging, or iterating the expansion process, yields ~35 nm resolution imaging, pointing towards the potential for electron microscopy resolution visualization of brain membranes on ordinary light microscopes. Lipid membranes are hard to visualise in tissues with nanoscale precision. The authors report ultrastructural membrane expansion microscopy (umExM), a tool that enables dense membrane labelling for nanoscale imaging of cellular membranes using a standard confocal microscope.",2025.0,Nature Communications,11,10.1038/s41467-025-56641-z,39939319.0,,JournalArticle,2025-02-12,https://www.semanticscholar.org/paper/c8cd9d89aa7beb05ad9a1baf141aa0b7b1e946da,Biology;Materials Science;Medicine,Biology|s2-fos-model;Materials Science|s2-fos-model;Medicine|s2-fos-model,T. Shin; Hao Wang; Chi Zhang; Bobae An; Yangning Lu; Elizabeth Zhang; Xiaotang Lu; Emmanouil D. Karagiannis; Jeong Seuk Kang; Amauche Emenari; Panagiotis Symvoulidis; Shoh M. Asano; Leanne Lin; Emma K. Costa; A. Marblestone; N. Kasthuri; Li-Huei Tsai; E. Boyden,,,1hop_citations,False,,,electron microscopy;expansion microscopy;ultrastruct,,,visualization,,,,2,0,2,False,False,recovered_keep_false,False,False,False,False,True,False,True,role_bridge_review
4c4064b6b59074789200bde9006dd77aa4b3f652,Tracing nerve fibers with volume electron microscopy to quantitatively analyze brain connectivity,"The highly complex structure of the brain requires an approach that can unravel its connectivity. Using volume electron microscopy and a dedicated software we can trace and measure all nerve fibers present within different samples of brain tissue. With this software tool, individual dendrites and axons are traced, obtaining a simplified “skeleton” of each fiber, which is linked to its corresponding synaptic contacts. The result is an intricate meshwork of axons and dendrites interconnected by a cloud of synaptic junctions. To test this methodology, we apply it to the stratum radiatum of the hippocampus and layers 1 and 3 of the somatosensory cortex of the mouse. We find that nerve fibers are densely packed in the neuropil, reaching up to 9 kilometers per cubic mm. We obtain the number of synapses, the number and lengths of dendrites and axons, the linear densities of synapses established by dendrites and axons, and their location on dendritic spines and shafts. The quantitative data obtained through this method enable us to identify subtle traits and differences in the synaptic organization of the samples, which might have been overlooked in a qualitative analysis. Nerve fibers are traced within 3D brain samples using volume electron microscopy and dedicated software.",2024.0,Communications Biology,7,10.1038/s42003-024-06491-0,38951162.0,,JournalArticle,2024-07-01,https://www.semanticscholar.org/paper/4c4064b6b59074789200bde9006dd77aa4b3f652,Biology;Computer Science,Biology|s2-fos-model;Computer Science|s2-fos-model,M. Turégano-Lopez; Félix de las Pozas; Andrea Santuy; José-Rodrigo Rodríguez; Javier DeFelipe; Á. Merchán-Pérez,,,1hop_citations,False,,,atum;electron microscopy;synapse;synaptic;volume electron,,,cloud,,,,5,0,5,False,False,recovered_keep_false,False,False,False,False,True,False,True,role_bridge_review
33ab5853d9efb02c1efe54d2a89884dbe9bb8ae1,Iron-sequestering nanocompartments as multiplexed Electron Microscopy gene reporters,"Multi-colored gene reporters such as fluorescent proteins are indispensable for biomedical research, but equivalent tools for electron microscopy (EM), a gold standard for deciphering mechanistic details of cellular processes1,2 and uncovering the network architecture of cell-circuits3,4, are still sparse and not easily multiplexable. Semi-genetic EM reporters are based on the precipitation of exogenous chemicals5–9 which may limit spatial precision and tissue penetration and can affect ultrastructure due to fixation and permeabilization. The latter technical constraints also affect EM immunolabeling techniques10–13 which may furthermore be complicated by limited epitope accessibility. The fully genetic iron storage protein ferritin generates contrast via its electron-dense iron core14–16, but its small size complicates differentiation of individual ferritin particles from cellular structures. To enable multiplexed gene reporter imaging via conventional transmission electron microscopy (TEM), we here introduce the encapsulin system of Quasibacillus thermotolerans (Qt) as a fully genetic iron-biomineralizing nanocompartment. We reveal by cryo-electron reconstructions that the Qt monomers (QtEnc) self-assemble to nanospheres with T=4 icosahedral symmetry and an ~44 nm diameter harboring two putative pore regions at the fivefold and threefold axes. We furthermore show that the native cargo (QtlMEF) auto-targets to the inner surface of QtEnc and exhibits ferroxidase activity leading to efficient iron sequestration inside mammalian cells. We then demonstrate that QtEnc can be robustly differentiated from the non-intermixing encapsulin of Myxococcus xanthus17 (Mx, ~32 nm) via a deep-learning model, thus enabling automated multiplexed EM gene reporter imaging in mammalian cells.",2019.0,bioRxiv,40,10.1101/516955,31194509.0,,JournalArticle,2019-01-11,https://www.semanticscholar.org/paper/33ab5853d9efb02c1efe54d2a89884dbe9bb8ae1,Materials Science,Materials Science|s2-fos-model,Felix Sigmund; S. Pettinger; M. Kube; F. Schneider; Martina Schifferer; M. Aichler; Steffen Schneider; A. Walch; T. Misgeld; Hendrik Dietz; G. Westmeyer,,,1hop_citations,False,,,electron microscopy;ultrastruct,,,storage,,,,4,0,4,False,False,recovered_keep_false,False,False,False,False,True,False,True,role_bridge_review
1e6c294f46955ae2600e816853cb5218c0257cb2,State‐of‐the‐Art in GPU‐Based Large‐Scale Volume Visualization,,2015.0,Computer graphics forum (Print),121,10.1111/cgf.12605,,,JournalArticle;Review,2015-12-01,https://www.semanticscholar.org/paper/1e6c294f46955ae2600e816853cb5218c0257cb2,Computer Science;Engineering,Computer Science|s2-fos-model;Engineering|s2-fos-model,Johanna Beyer; Markus Hadwiger; H. Pfister,,,1hop_citations,False,,,,graph,,visualization,,,,2,0,2,False,False,recovered_keep_false,False,False,False,False,True,False,True,role_bridge_review
00e7632afa5a7f197e47462e3f3cc7ea325500f6,What Properties are Desirable from an Electron Microscopy Segmentation Algorithm,"The prospect of neural reconstruction from Electron Microscopy (EM) images has been elucidated by the automatic segmentation algorithms. Although segmentation algorithms eliminate the necessity of tracing the neurons by hand, significant manual effort is still essential for correcting the mistakes they make. A considerable amount of human labor is also required for annotating groundtruth volumes for training the classifiers of a segmentation framework. It is critically important to diminish the dependence on human interaction in the overall reconstruction system. This study proposes a novel classifier training algorithm for EM segmentation aimed to reduce the amount of manual effort demanded by the groundtruth annotation and error refinement tasks. Instead of using an exhaustive pixel level groundtruth, an active learning algorithm is proposed for sparse labeling of pixel and boundaries of superpixels. Because over-segmentation errors are in general more tolerable and easier to correct than the under-segmentation errors, our algorithm is designed to prioritize minimization of false-merges over false-split mistakes. Our experiments on both 2D and 3D data suggest that the proposed method yields segmentation outputs that are more amenable to neural reconstruction than those of existing methods.",2015.0,arXiv.org,3,,,1503.05430,JournalArticle,2015-03-18,https://www.semanticscholar.org/paper/00e7632afa5a7f197e47462e3f3cc7ea325500f6,Computer Science;Materials Science,Computer Science|s2-fos-model;Materials Science|s2-fos-model,T. Parag,,,1hop_citations,False,,,electron microscopy,,annotation;segmentation error,annotation,,training,,5,0,5,False,False,recovered_keep_false,False,False,False,False,True,False,True,role_bridge_review
8c0f0b67c891bef8692a18743cf363547c84c140,Exploring the third dimension: volume electron microscopy comes of age.,"Groundbreaking advances in volume electron microscopy and specimen preparation are enabling the 3-dimensional visualisation of specimens with unprecedented detail, and driving a gratifying resurgence of interest in the ultrastructural examination of cellular systems. Serial section techniques, previously the domain of specialists, are becoming increasingly automated with the development of systems such as the automatic tape-collecting ultramicrotome, and serial blockface and focused ion beam scanning electron microscopes. These changes are rapidly broadening the scope of biomedical studies to which volume electron microscopy techniques can be applied beyond the brain. Further innovations in microscope design are also in the pipeline, which have the potential to enhance the speed and quality of data collection. The recent introduction of integrated light and electron microscopy systems will revolutionise correlative light and volume electron microscopy studies, by enabling the sequential collection of data from light and electron imaging modalities without intermediate specimen manipulation. In doing so, the acquisition of comprehensive functional information and direct correlation with ultrastructural details within a 3-dimensional reference space will become routine. The prospects for volume electron microscopy are therefore bright, and the stage is set for a challenging and exciting future.",2014.0,Micron,331,10.1016/j.micron.2014.01.009,24792442.0,,Review;JournalArticle,2014-06-01,https://www.semanticscholar.org/paper/8c0f0b67c891bef8692a18743cf363547c84c140,Materials Science;Engineering;Biology,Materials Science|s2-fos-model;Engineering|s2-fos-model;Biology|s2-fos-model,C. Peddie; L. Collinson,,,1hop_citations;1hop_references,False,,,electron microscopy;serial section;ultrastruct;volume electron,,,visualisation,,,,1,4,5,False,False,recovered_keep_false,False,False,False,False,True,False,True,role_bridge_review
19506c84d8983ede6e783def5013c8bc463dd351,A Survey of GPU-Based Large-Scale Volume Visualization,,2014.0,Eurographics Conference on Visualization,60,10.2312/eurovisstar.20141175,,,JournalArticle;Review,,https://www.semanticscholar.org/paper/19506c84d8983ede6e783def5013c8bc463dd351,Computer Science;Engineering,Computer Science|s2-fos-model;Engineering|s2-fos-model,Johanna Beyer; Markus Hadwiger; H. Pfister,,,1hop_citations,False,,,,graph,,visualization,,,,2,0,2,False,False,recovered_keep_false,False,False,False,False,True,False,True,role_bridge_review
33625011888a2f86233a4e5bd07643ad6f7041b7,"Cortical Hubs Revealed by Intrinsic Functional Connectivity: Mapping, Assessment of Stability, and Relation to Alzheimer’s Disease","Recent evidence suggests that some brain areas act as hubs interconnecting distinct, functionally specialized systems. These nexuses are intriguing because of their potential role in integration and also because they may augment metabolic cascades relevant to brain disease. To identify regions of high connectivity in the human cerebral cortex, we applied a computationally efficient approach to map the degree of intrinsic functional connectivity across the brain. Analysis of two separate functional magnetic resonance imaging datasets (each n = 24) demonstrated hubs throughout heteromodal areas of association cortex. Prominent hubs were located within posterior cingulate, lateral temporal, lateral parietal, and medial/lateral prefrontal cortices. Network analysis revealed that many, but not all, hubs were located within regions previously implicated as components of the default network. A third dataset (n = 12) demonstrated that the locations of hubs were present across passive and active task states, suggesting that they reflect a stable property of cortical network architecture. To obtain an accurate reference map, data were combined across 127 participants to yield a consensus estimate of cortical hubs. Using this consensus estimate, we explored whether the topography of hubs could explain the pattern of vulnerability in Alzheimer's disease (AD) because some models suggest that regions of high activity and metabolism accelerate pathology. Positron emission tomography amyloid imaging in AD (n = 10) compared with older controls (n = 29) showed high amyloid-β deposition in the locations of cortical hubs consistent with the possibility that hubs, while acting as critical way stations for information processing, may also augment the underlying pathological cascade in AD.",2009.0,Journal of Neuroscience,2873,10.1523/jneurosci.5062-08.2009,19211893.0,,JournalArticle;Study,2009-02-11,https://www.semanticscholar.org/paper/33625011888a2f86233a4e5bd07643ad6f7041b7,Medicine;Biology,Medicine|s2-fos-model;Biology|s2-fos-model,R. Buckner; J. Sepulcre; Tanveer Talukdar; Fenna M. Krienen; Hesheng Liu; T. Hedden; J. Andrews-Hanna; R. Sperling; Keith A. Johnson,,health_translation;network_science,1hop_references,False,,,,graph;network analysis,,,alzheimer;disease;patholog,,,0,3,3,False,False,recovered_keep_false,False,False,True,False,False,False,True,role_bridge_review
cbda3f294aba542a22d19b9a9926d5318a27ea66,Whole-brain annotation and multi-connectome cell typing of Drosophila,"The fruit fly Drosophila melanogaster has emerged as a key model organism in neuroscience, in large part due to the concentration of collaboratively generated molecular, genetic and digital resources available for it. Here we complement the approximately 140,000 neuron FlyWire whole-brain connectome1 with a systematic and hierarchical annotation of neuronal classes, cell types and developmental units (hemilineages). Of 8,453 annotated cell types, 3,643 were previously proposed in the partial hemibrain connectome2, and 4,581 are new types, mostly from brain regions outside the hemibrain subvolume. Although nearly all hemibrain neurons could be matched morphologically in FlyWire, about one-third of cell types proposed for the hemibrain could not be reliably reidentified. We therefore propose a new definition of cell type as groups of cells that are each quantitatively more similar to cells in a different brain than to any other cell in the same brain, and we validate this definition through joint analysis of FlyWire and hemibrain connectomes. Further analysis defined simple heuristics for the reliability of connections between brains, revealed broad stereotypy and occasional variability in neuron count and connectivity, and provided evidence for functional homeostasis in the mushroom body through adjustments of the absolute amount of excitatory input while maintaining the excitation/inhibition ratio. Our work defines a consensus cell type atlas for the fly brain and provides both an intellectual framework and open-source toolchain for brain-scale comparative connectomics. A consensus cell type atlas for the fly brain provides both an intellectual framework and open-source toolchains for brain-scale comparative connectomics.",2024.0,Nature,291,10.1038/s41586-024-07686-5,39358521.0,,JournalArticle,2024-10-01,https://www.semanticscholar.org/paper/cbda3f294aba542a22d19b9a9926d5318a27ea66,Biology;Computer Science,Biology|s2-fos-model;Computer Science|s2-fos-model,P. Schlegel; Yijie Yin; A. S. Bates; S. Dorkenwald; K. Eichler; Paul Brooks; Daniel Han; Marina Gkantia; Márcia dos Santos; E. Munnelly; Griffin Badalamente; Laia Serratosa Capdevila; Varun A. Sane; A. M. Fragniere; Ladann Kiassat; M. W. Pleijzier; T. Stürner; Imaan F. M. Tamimi; Christopher R. Dunne; Irene Salgarella; A. Javier; Siqi Fang; Eric Perlman; Tom Kazimiers; Sridhar R. Jagannathan; Arie Matsliah; A. Sterling; Szi-chieh Yu; Claire E. McKellar; Krzysztof Kruk; Doug Bland; Zairene Lenizo; Austin T Burke; K. Willie; A. S. Bates; Nikitas Serafetinidis; Nashra Hadjerol; Ryan Willie; B. Silverman; John Anthony Ocho; Joshua Bañez; Rey Adrian Candilada; Jay Gager; Anne Kristiansen; Nelsie Panes; Arti Yadav; Remer Tancontian; Shirleyjoy Serona; Jet Ivan Dolorosa; Kendrick Joules Vinson; Dustin Garner; R. Salem; Ariel Dagohoy; Jaime Skelton; Mendell Lopez; Thomas Stocks; Anjali Pandey; Darrel Jay Akiatan; James Hebditch; Celia David; D. Sapkal; Shaina Mae Monungolh; Varun A. Sane; Mark Lloyd Pielago; Miguel Albero; Jacquilyn Laude; Márcia dos Santos; David S. Deutsch; Zeba Vohra; Kaiyu Wang; Allien Mae Gogo; Emil Kind; Alvin Josh Mandahay; Chereb Martinez; John David Asis; Chitra V Nair; Dhwani Patel; Marchan Manaytay; C. Lim; Philip Lenard Ampo; Michelle Darapan Pantujan; Daril Bautista; Rashmita Rana; Jansen Seguido; Bhargav Parmar; John Clyde Saguimpa; Merlin Moore; M. W. Pleijzier; Mark Larson; Joseph Hsu; Itisha Joshi; Dhara Kakadiya; Amalia Braun; C. Pilapil; Kaushik Parmar; Quinn X. Vanderbeck; Christopher R. Dunne; E. Munnelly; Chan Hyuk Kang; Lena Lörsch; Jin-Min Lee; Lucia Kmecova; Gizem Sancer; Christa A Baker; Jenna Joroff; S. Calle; Yashvi Patel; O. Sato; Janice Salocot; Farzaan Salman; Sebastian Molina-Obando; Mai Bui; Matthew Lichtenberger; Edmark Tamboboy; Katieanne Molloy; Alexis Santana-Cruz; A. Hernandez; Seongbong Yu; Marissa Sorek; Arzoo Diwan; Monika Patel; T. Aiken; Sarah Morejohn; Sanna Koskela; Tansy Yang; D. Lehmann; Jonas Chojetzki; S. Sisodiya; Selden Koolman; P. Shiu; Sky Cho; Annika Bast; Brian Reicher; Marlon Blanquart; Lucy Houghton; Hyungjun Choi; Maria Ioannidou; Matt Collie; Joanna L Eckhardt; Benjamin Gorko; Li Guo; Zhihao Zheng; A. Poh; Marina Lin; István Taisz; Wes Murfin; Á. S. Díez; Nils Reinhard; Peter W. Gibb; Nidhi Patel; Sandeep Kumar; Minsik Yun; Megan Wang; Devon Jones; Lucas Encarnacion-Rivera; A. Oswald; Akanksha Jadia; Mert Erginkaya; N. Drummond; Leonie F. Walter; I. Tastekin; X. Zhong; Yuta Mabuchi; Fernando J. Figueroa Santiago; U. Verma; Nick Byrne; Edda Kunze; T. Crahan; Ryan Margossian; Haein Kim; Iliyan Georgiev; Fabianna Szorenyi; Atsuko Adachi; Benjamin Bargeron; Tomke Stürner; Damian D Demarest; Burak Gür; Andreas Becker; R. Turnbull; A. Morren; Andrea Sandoval; Anthony Moreno-Sanchez; Diego A. Pacheco; Eleni Samara; Haley Croke; Alex G. Thomson; Connor W. Laughland; S. Dutta; Paula Guiomar Alarcón de Antón; Binglin Huang; Patricia Pujols; I. Haber; Amanda J. González-Segarra; Albert Lin; Daniel T. Choe; Veronika Lukyanova; Nino Mancini; Zequan Liu; Tatsuo S. Okubo; Miriam A. Flynn; Gianna Vitelli; M. Laturney; Feng Li; Shuo Cao; Carolina Manyari-Diaz; Hyunsoo Yim; Anh Duc Le; Kate Maier; Seungyun Yu; Yeonju Nam; Daniel Bąba; Amanda Abusaif; Audrey Francis; Jesse Gayk; S. S. Huntress; R. Barajas; Mindy Kim; Xinyu Cui; Gabriella R. Sterne; Anna Li; Keehyun Park; G. Dempsey; Alan Mathew; Jinseong Kim; Taewan Kim; Guanhao Wu; Serene Dhawan; Margarida Brotas; Cheng Zhang; Shanice Bailey; Alexander Del Toro; Kisuk Lee; T. Macrina; C. Schneider-Mizell; S. Popovych; Oluwaseun Ogedengbe; Runzhe Yang; A. Halageri; W. Silversmith; Stephan Gerhard; A. Champion; N. Eckstein; Dodam Ih; N. Kemnitz; M. Castro; Z. Jia; Jingpeng Wu; Eric Mitchell; Barak Nehoran; S. Mu; J. Bae; R. Lu; R. Morey; Kai Kuehner; D. Brittain; C. Jordan; D. J. Anderson; Rudy Behnia; Salil S. Bidaye; A. Borst; Eugenia Chiappe; F. Collman; Kenneth J. Colodner; Andrew M. Dacks; B. Dickson; Jan Funke; Denise Garcia; Stefanie Hampel; V. Hartenstein; Bassem A. Hassan; Charlotte Helfrich-Forster; Wolf Huetteroth; Jinseop S. Kim; Sung Soo Kim; Young-Joon Kim; Jae Young Kwon; W. Lee; G. Linneweber; Gaby Maimon; Richard S. Mann; S. Noselli; Michael J Pankratz; L. Prieto-Godino; J. Read; Michael B Reiser; Katie von Reyn; C. Ribeiro; Kristin Scott; A. Seeds; M. Selcho; Marion Silies; Julie H. Simpson; S. Waddell; Mathias F. Wernet; Rachel I. Wilson; Fred W. Wolf; Zepeng Yao; Nilay Yapici; Meet Zandawala; Marta Costa; H. S. Seung; M. Murthy; D. Bock; G. Jefferis,,,1hop_citations;1hop_references,False,,connectom,,,annotation,annotation,,,,17,42,59,False,False,recovered_keep_false,False,False,False,True,False,False,True,role_bridge_review
6741aaf1a142890ccbfee1f34a39c9b2cf077e11,"A Genetically Encoded Tag for Correlated Light and Electron Microscopy of Intact Cells, Tissues, and Organisms","Electron microscopy (EM) achieves the highest spatial resolution in protein localization, but specific protein EM labeling has lacked generally applicable genetically encoded tags for in situ visualization in cells and tissues. Here we introduce “miniSOG” (for mini Singlet Oxygen Generator), a fluorescent flavoprotein engineered from Arabidopsis phototropin 2. MiniSOG contains 106 amino acids, less than half the size of Green Fluorescent Protein. Illumination of miniSOG generates sufficient singlet oxygen to locally catalyze the polymerization of diaminobenzidine into an osmiophilic reaction product resolvable by EM. MiniSOG fusions to many well-characterized proteins localize correctly in mammalian cells, intact nematodes, and rodents, enabling correlated fluorescence and EM from large volumes of tissue after strong aldehyde fixation, without the need for exogenous ligands, probes, or destructive permeabilizing detergents. MiniSOG permits high quality ultrastructural preservation and 3-dimensional protein localization via electron tomography or serial section block face scanning electron microscopy. EM shows that miniSOG-tagged SynCAM1 is presynaptic in cultured cortical neurons, whereas miniSOG-tagged SynCAM2 is postsynaptic in culture and in intact mice. Thus SynCAM1 and SynCAM2 could be heterophilic partners. MiniSOG may do for EM what Green Fluorescent Protein did for fluorescence microscopy.",2011.0,PLoS Biology,809,10.1371/journal.pbio.1001041,21483721.0,,JournalArticle,2011-04-01,https://www.semanticscholar.org/paper/6741aaf1a142890ccbfee1f34a39c9b2cf077e11,Biology,Biology|s2-fos-model,X. Shu; V. Lev-Ram; T. Deerinck; Y. Qi; Ericka B. Ramko; M. Davidson; Yishi Jin; Mark Ellisman; R. Tsien,,network_science,1hop_references,False,,,electron microscopy;serial section;synaptic;ultrastruct,graph,,visualization,,,,0,10,10,False,False,recovered_keep_false,False,False,False,False,True,False,True,role_bridge_review
b52fcc17e11d8bed51c0f4beaebd7534b26995bf,Domain Adaptive Synapse Detection with Weak Point Annotations,"The development of learning-based methods has greatly improved the detection of synapses from electron microscopy (EM) images. However, training a model for each dataset is time-consuming and requires extensive annotations. Additionally, it is difficult to apply a learned model to data from different brain regions due to variations in data distributions. In this paper, we present AdaSyn, a two-stage segmentation-based framework for domain adaptive synapse detection with weak point annotations. In the first stage, we address the detection problem by utilizing a segmentation-based pipeline to obtain synaptic instance masks. In the second stage, we improve model generalizability on the target data by regenerating square masks to get high-quality pseudo labels. Benefiting from our high-accuracy detection results, we introduce the distance nearest principle to match paired pre-synapses and post-synapses. In the WASPSYN challenge at ISBI 2023, our method ranks the 1st place. Code is available at https://github.com/qic999/AdaSyn.",2023.0,IEEE International Symposium on Biomedical Imaging,4,10.1109/isbi56570.2024.10635310,,2308.16461,JournalArticle,2023-08-31,https://www.semanticscholar.org/paper/b52fcc17e11d8bed51c0f4beaebd7534b26995bf,Computer Science,Computer Science|s2-fos-model,Qi Chen; Wei Huang; Yueyi Zhang; Zhiwei Xiong,,,1hop_citations;1hop_references,False,,,electron microscopy;synapse;synaptic,,annotation,annotation,,training,,4,1,5,False,False,recovered_keep_false,False,False,False,False,True,False,True,role_bridge_review
ba0bde2ac34ef32ae005a9b355833c24057c2cea,Sparse Annotation is Sufficient for Bootstrapping Dense Segmentation,"Analyzing volumetric microscopy data requires dense segmentation, yet training accurate machine learning models demands prohibitively expensive 3D ground-truth. To overcome this bottleneck, we present a lightweight framework that bootstraps dense 3D instance segmentations directly from sparse 2D annotations. A 2D network trained on sparse labels predicts complete boundaries on every section, and a 3D network pre-trained on synthetic data infers inter-section connectivity to build coherent 3D volumes. We validated this 2D→3D method across diverse datasets spanning electron, expansion, and live-cell microscopy. Strikingly, 3D models trained on these rapidly generated pseudo ground-truths achieve accuracy comparable to those trained on dense expert annotations, yielding up to a 1,000-fold reduction in human annotation time. Even accounting for downstream proofreading, total reconstruction costs drop by an order of magnitude. This approach democratizes the generation of dense 3D training data, seamlessly extending 2D foundation models into the third dimension.",2024.0,bioRxiv,1,10.1101/2024.06.14.599135,38915491.0,,JournalArticle,2024-06-15,https://www.semanticscholar.org/paper/ba0bde2ac34ef32ae005a9b355833c24057c2cea,Computer Science;Biology,Computer Science|s2-fos-model;Biology|s2-fos-model,V. Thiyagarajan; Arlo Sheridan; Kristen M. Harris; U. Manor,,proofreading_qc,1hop_citations,False,,,,,annotation;proofread,annotation,,training,,10,0,10,False,False,recovered_keep_false,False,False,False,True,True,False,True,role_bridge_review
5d61ef638fd684facc1e68e654053e9bc065b36f,Centrality in social networks conceptual clarification,,1978.0,,17591,10.1016/0378-8733(78)90021-7,,,Review,,https://www.semanticscholar.org/paper/5d61ef638fd684facc1e68e654053e9bc065b36f,Sociology;Computer Science,Sociology|s2-fos-model;Computer Science|s2-fos-model,L. Freeman,,network_science,1hop_references,False,,,,centrality,,,,,,0,2,2,False,False,recovered_keep_false,False,False,False,False,False,True,True,role_bridge_review
526c406eeb53aaa72f9ef4ff9657a566e055b647,neuTube 1.0: A New Design for Efficient Neuron Reconstruction Software Based on the SWC Format,"Compared to other existing tools, the novel software we present has some unique features such as comprehensive editing functions and the combination of seed-based tracing and path searching algorithms, as well as their availability in parallel 2D and 3D visualization. These features allow the user to reconstruct neuronal morphology efficiently in a comfortable “What You See Is What You Get” (WYSIWYG) way. Abstract Brain circuit mapping requires digital reconstruction of neuronal morphologies in complicated networks. Despite recent advances in automatic algorithms, reconstruction of neuronal structures is still a bottleneck in circuit mapping due to a lack of appropriate software for both efficient reconstruction and user-friendly editing. Here we present a new software design based on the SWC format, a standardized neuromorphometric format that has been widely used for analyzing neuronal morphologies or sharing neuron reconstructions via online archives such as NeuroMorpho.org. We have also implemented the design in our open-source software called neuTube 1.0. As specified by the design, the software is equipped with parallel 2D and 3D visualization and intuitive neuron tracing/editing functions, allowing the user to efficiently reconstruct neurons from fluorescence image data and edit standard neuron structure files produced by any other reconstruction software. We show the advantages of neuTube 1.0 by comparing it to two other software tools, namely Neuromantic and Neurostudio. The software is available for free at http://www.neutracing.com, which also hosts complete software documentation and video tutorials.",2015.0,eNeuro,272,10.1523/eneuro.0049-14.2014,26464967.0,,JournalArticle;Review,2015-01-02,https://www.semanticscholar.org/paper/526c406eeb53aaa72f9ef4ff9657a566e055b647,Computer Science,Computer Science|s2-fos-model,Linqing Feng; Ting Zhao; Jinhyun Kim,,,1hop_references,False,,,,,,visualization,,,,0,3,3,False,False,recovered_keep_false,False,False,False,False,True,False,True,role_bridge_review
e0eaa8190fae4db5c42360ebdf21ceb426fa1074,"Online retrieval, processing, and visualization of primate connectivity data from the CoCoMac Database",,2007.0,Neuroinformatics,292,10.1385/ni:2:2:127,15319511.0,,JournalArticle,,https://www.semanticscholar.org/paper/e0eaa8190fae4db5c42360ebdf21ceb426fa1074,Computer Science;Biology,Computer Science|s2-fos-model;Biology|s2-fos-model,R. Kötter,,,1hop_references,False,,,,,,database;visualization,,,,0,5,5,False,False,recovered_keep_false,False,False,False,False,True,False,True,role_bridge_review
72f3503c3daf333b5740bbe39d4b26a7bb3292e8,Network analysis detects changes in the contralesional hemisphere following stroke,"Changes in brain structure occur in remote regions following focal damage such as stroke. Such changes could disrupt processing of information across widely distributed brain networks. We used diffusion MRI tractography to assess connectivity between brain regions in 9 chronic stroke patients and 18 age-matched controls. We applied complex network analysis to calculate ‘communicability’, a measure of the ease with which information can travel across a network. Clustering individuals based on communicability separated patient and control groups, not only in the lesioned hemisphere but also in the contralesional hemisphere, despite the absence of gross structural pathology in the latter. In our highly selected patient group, lesions were localised to the left basal ganglia/internal capsule. We found reduced communicability in patients in regions surrounding the lesions in the affected hemisphere. In addition, communicability was reduced in homologous locations in the contralesional hemisphere for a subset of these regions. We interpret this as evidence for secondary degeneration of fibre pathways which occurs in remote regions interconnected, directly or indirectly, with the area of primary damage. We also identified regions with increased communicability in patients that could represent adaptive, plastic changes post-stroke. Network analysis provides new and powerful tools for understanding subtle changes in interactions across widely distributed brain networks following stroke.",2010.0,NeuroImage,220,10.1016/j.neuroimage.2010.08.032,20728543.0,,JournalArticle,2010-08-20,https://www.semanticscholar.org/paper/72f3503c3daf333b5740bbe39d4b26a7bb3292e8,Medicine,Medicine|s2-fos-model,J. Crofts; D. Higham; R. Bosnell; S. Jbabdi; P. Matthews; Timothy Edward John Behrens; H. Johansen-Berg,,health_translation;network_science,1hop_references,False,macroscale_only_no_positive_gate,,,graph;network analysis,,distributed,patholog;patient,,diffusion mri,0,2,2,False,False,recovered_keep_false,True,False,True,False,False,False,True,macroscale_role_bridge_review
7fc464470b441c691d10e7331b14a525bc79b8bb,3D U-Net: Learning Dense Volumetric Segmentation from Sparse Annotation,"This paper introduces a network for volumetric segmentation that learns from sparsely annotated volumetric images. We outline two attractive use cases of this method: (1) In a semi-automated setup, the user annotates some slices in the volume to be segmented. The network learns from these sparse annotations and provides a dense 3D segmentation. (2) In a fully-automated setup, we assume that a representative, sparsely annotated training set exists. Trained on this data set, the network densely segments new volumetric images. The proposed network extends the previous u-net architecture from Ronneberger et al. by replacing all 2D operations with their 3D counterparts. The implementation performs on-the-fly elastic deformations for efficient data augmentation during training. It is trained end-to-end from scratch, i.e., no pre-trained network is required. We test the performance of the proposed method on a complex, highly variable 3D structure, the Xenopus kidney, and achieve good results for both use cases.",2016.0,International Conference on Medical Image Computing and Computer-Assisted Intervention,8324,10.1007/978-3-319-46723-8_49,,1606.06650,JournalArticle,2016-06-21,https://www.semanticscholar.org/paper/7fc464470b441c691d10e7331b14a525bc79b8bb,Computer Science,Computer Science|s2-fos-model,Özgün Çiçek; A. Abdulkadir; S. Lienkamp; T. Brox; O. Ronneberger,,,1hop_references,False,,,,,annotation,annotation,,training,,0,16,16,False,False,recovered_keep_false,False,False,False,True,True,False,True,role_bridge_review
ffebee70c79f844ab03b33750e71755d63540b1a,Sequential Semi-supervised Segmentation for Serial Electron Microscopy Image with Small Number of Labels.,"BACKGROUND
Segmentation of electron microscopic continuous section images by deep learning has attracted attention as a technique to reduce the cost of annotation for researchers attempting to make observations using 3D reconstruction methods. However, when the observed samples are rare, or scanning circumstances are unstable, pursuing generalization performance for newly obtained samples is not appropriate. New Methods: We assume a transductive setting that predicts all labels in a dataset from only partially obtained labels while avoiding the pursuit of generalization performance for unknown data. Then, we propose sequential semi-supervised segmentation (4S), which semi-automatically extracts neural regions from electron microscopy image stacks. This method focuses on the fact that adjacent images have a strong correlation in serial images. Our 4S repeats training, inference, and pseudo-labeling using a minimal number of teacher labels and performs segmentation on all slices.


RESULT
Our experiments using two types of serial section images showed effectiveness in terms of both quality and quantity. In addition, we experimentally clarified the effect of the number and position of teacher labels on performance. Comparison with existing methods: Compared with supervised learning when a small number of labeled data was obtained, the performance of the proposed method was shown to be superior.


CONCLUSION
Our 4S leverages a limited number of labeled data and a large amount of unlabeled data to extract neural regions from serial image stacks in a transductive setting. We plan to develop this method as a core module of a general-purpose annotation tool in our future work.",2021.0,Journal of Neuroscience Methods,15,10.1016/j.jneumeth.2021.109066,33417965.0,,JournalArticle,2021-01-05,https://www.semanticscholar.org/paper/ffebee70c79f844ab03b33750e71755d63540b1a,Computer Science,Computer Science|s2-fos-model,Eichi Takaya; Yusuke Takeichi; M. Ozaki; Satoshi Kurihara,,,1hop_citations;1hop_references,False,,,electron microscopy;serial section,,annotation,annotation,,training,,2,1,3,False,False,recovered_keep_false,False,False,False,False,True,False,True,role_bridge_review
464aa76bf0affe892b046dcdfad42a344b750fa0,Community detection in networks: A user guide,"Abstract Community detection in networks is one of the most popular topics of modern network science. Communities, or clusters, are usually groups of vertices having higher probability of being connected to each other than to members of other groups, though other patterns are possible. Identifying communities is an ill-defined problem. There are no universal protocols on the fundamental ingredients, like the definition of community itself, nor on other crucial issues, like the validation of algorithms and the comparison of their performances. This has generated a number of confusions and misconceptions, which undermine the progress in the field. We offer a guided tour through the main aspects of the problem. We also point out strengths and weaknesses of popular methods, and give directions to their use.",2016.0,arXiv.org,2082,10.1016/j.physrep.2016.09.002,,1608.00163,JournalArticle,2016-07-30,https://www.semanticscholar.org/paper/464aa76bf0affe892b046dcdfad42a344b750fa0,Computer Science,Computer Science|s2-fos-model,S. Fortunato; Darko Hric,,,1hop_references,False,,,,community,,,,,,0,2,2,False,False,recovered_keep_false,False,False,False,False,False,True,True,role_bridge_review
9be428c9383d47b86570b1b9fc20faf006346c5d,Community detection in graphs,"The modern science of networks has brought significant advances to our understanding of complex systems. One of the most relevant features of graphs representing real systems is community structure, or clustering, i.e. the organization of vertices in clusters, with many edges joining vertices of the same cluster and comparatively few edges joining vertices of different clusters. Such clusters, or communities, can be considered as fairly independent compartments of a graph, playing a similar role like, e.g., the tissues or the organs in the human body. Detecting communities is of great importance in sociology, biology and computer science, disciplines where systems are often represented as graphs. This problem is very hard and not yet satisfactorily solved, despite the huge effort of a large interdisciplinary community of scientists working on it over the past few years. We will attempt a thorough exposition of the topic, from the definition of the main elements of the problem, to the presentation of most methods developed, with a special focus on techniques designed by statistical physicists, from the discussion of crucial issues like the significance of clustering and how methods should be tested and compared against each other, to the description of applications to real networks.",2009.0,arXiv.org,11614,10.1016/j.physrep.2009.11.002,,0906.0612,JournalArticle,2009-06-03,https://www.semanticscholar.org/paper/9be428c9383d47b86570b1b9fc20faf006346c5d,Computer Science;Sociology;Biology;Mathematics,Computer Science|s2-fos-model;Sociology|s2-fos-model;Biology|s2-fos-model;Mathematics|s2-fos-model,S. Fortunato,,network_science,1hop_references,False,,,,community;graph,,,,,,0,5,5,False,False,recovered_keep_false,False,False,False,False,False,True,True,role_bridge_review
f36b52e5583f911dd1b27d0feae7c0434682a7b0,The EntOptLayout Cytoscape plug-in for the efficient visualization of major protein complexes in protein–protein interaction and signalling networks,"Abstract Motivation Network visualizations of complex biological datasets usually result in ‘hairball’ images, which do not discriminate network modules. Results We present the EntOptLayout Cytoscape plug-in based on a recently developed network representation theory. The plug-in provides an efficient visualization of network modules, which represent major protein complexes in protein–protein interaction and signalling networks. Importantly, the tool gives a quality score of the network visualization by calculating the information loss between the input data and the visual representation showing a 3- to 25-fold improvement over conventional methods. Availability and implementation The plug-in (running on Windows, Linux, or Mac OS) and its tutorial (both in written and video forms) can be downloaded freely under the terms of the MIT license from: http://apps.cytoscape.org/apps/entoptlayout. Supplementary information Supplementary data are available at Bioinformatics online.",2019.0,Bioinform.,27,10.1093/bioinformatics/btz257,31004478.0,1904.03910,JournalArticle;Review,2019-04-08,https://www.semanticscholar.org/paper/f36b52e5583f911dd1b27d0feae7c0434682a7b0,Computer Science;Biology,Computer Science|s2-fos-model;Biology|s2-fos-model,B. Ágg; Andrea Csaszar; M. Szalay-Beko; D. Veres; R. Mizsei; P. Ferdinandy; P. Csermely; István A. Kovács,,,1hop_references,False,,,,,,visualization,,,,0,2,2,False,False,recovered_keep_false,False,False,False,False,True,False,True,role_bridge_review
1f394a12b523e176d185631762f2034313d4deb9,Reprogramming the topology of the nociceptive circuit in C. elegans reshapes sexual behavior,"Summary The effect of the detailed connectivity of a neural circuit on its function and the resulting behavior of the organism is a key question in many neural systems. Here, we study the circuit for nociception in C. elegans, which is composed of the same neurons in the two sexes that are wired differently. We show that the nociceptive sensory neurons respond similarly in the two sexes, yet the animals display sexually dimorphic behaviors to the same aversive stimuli. To uncover the role of the downstream network topology in shaping behavior, we learn and simulate network models that replicate the observed dimorphic behaviors and use them to predict simple network rewirings that would switch behavior between the sexes. We then show experimentally that these subtle synaptic rewirings indeed flip behavior. Interestingly, when presented with aversive cues, rewired males were compromised in finding mating partners, suggesting that network topologies that enable efficient avoidance of noxious cues have a reproductive “cost.” Our results present a deconstruction of the design of a neural circuit that controls sexual behavior and how to reprogram it.",2022.0,Current Biology,31,10.2139/ssrn.4030988,36075218.0,,JournalArticle,2022-09-01,https://www.semanticscholar.org/paper/1f394a12b523e176d185631762f2034313d4deb9,Biology,Biology|s2-fos-model,Vladyslava Pechuk; Gal Goldman; Yehuda Salzberg; Aditi H. Chaubey; R. A. Bola; J. Hoffman; Morgan L. Enderson; Renee M. Miller; Noah Reger; Douglas S. Portman; D. M. Ferkey; Elad Schneidman; Meital Oren-Suissa,,network_science,1hop_citations;1hop_references,False,,,synaptic,network topology,,,,,,6,2,8,False,False,recovered_keep_false,False,False,False,False,False,True,True,role_bridge_review
d1e75d82a6bd959354121e5d3e759527914fca7f,A platform for brain-wide imaging and reconstruction of individual neurons,"The structure of axonal arbors controls how signals from individual neurons are routed within the mammalian brain. However, the arbors of very few long-range projection neurons have been reconstructed in their entirety, as axons with diameters as small as 100 nm arborize in target regions dispersed over many millimeters of tissue. We introduce a platform for high-resolution, three-dimensional fluorescence imaging of complete tissue volumes that enables the visualization and reconstruction of long-range axonal arbors. This platform relies on a high-speed two-photon microscope integrated with a tissue vibratome and a suite of computational tools for large-scale image data. We demonstrate the power of this approach by reconstructing the axonal arbors of multiple neurons in the motor cortex across a single mouse brain. DOI: http://dx.doi.org/10.7554/eLife.10566.001",2016.0,eLife,392,10.7554/elife.10566,26796534.0,,JournalArticle,2016-01-20,https://www.semanticscholar.org/paper/d1e75d82a6bd959354121e5d3e759527914fca7f,Engineering;Biology;Materials Science,Engineering|s2-fos-model;Biology|s2-fos-model;Materials Science|s2-fos-model,M. Economo; Nathan G. Clack; L. Lavis; C. Gerfen; K. Svoboda; E. Myers; J. Chandrashekar,,,1hop_citations;1hop_references,False,,,,,,visualization,,,,1,6,7,False,False,recovered_keep_false,False,False,False,False,True,False,True,role_bridge_review
50d8443905ec20675788f3043079268aa18236d2,Ultramicroscopy: three-dimensional visualization of neuronal networks in the whole mouse brain,,2007.0,Nature Methods,1221,10.1038/nmeth1036,17384643.0,,JournalArticle,2007-04-01,https://www.semanticscholar.org/paper/50d8443905ec20675788f3043079268aa18236d2,Biology,Biology|s2-fos-model,H. Dodt; U. Leischner; A. Schierloh; N. Jährling; C. P. Mauch; K. Deininger; J. Deussing; M. Eder; W. Zieglgänsberger; K. Becker,,,1hop_references,False,,,,,,visualization,,,,0,2,2,False,False,recovered_keep_false,False,False,False,False,True,False,True,role_bridge_review
a4ca97968dc9df7183f46cc4be71afc74c7059c5,"CEM500K, a large-scale heterogeneous unlabeled cellular electron microscopy image dataset for deep learning","Automated segmentation of cellular electron microscopy (EM) datasets remains a challenge. Supervised deep learning (DL) methods that rely on region-of-interest (ROI) annotations yield models that fail to generalize to unrelated datasets. Newer unsupervised DL algorithms require relevant pre-training images, however, pre-training on currently available EM datasets is computationally expensive and shows little value for unseen biological contexts, as these datasets are large and homogeneous. To address this issue, we present CEM500K, a nimble 25 GB dataset of 0.5 x 106 unique cellular EM images curated from nearly 600 three-dimensional (3D) and 10,000 two-dimensional (2D) images from >100 unrelated imaging projects. We show that models pre-trained on CEM500K learn features that are biologically relevant and resilient to meaningful image augmentations. Critically, we evaluate transfer learning from these pre-trained models on six publicly available and one newly derived benchmark segmentation task and report state-of-the-art results on each. We release the CEM500K dataset, pre-trained models and curation pipeline for model building and further expansion by the EM community. Data and code are available at https://www.ebi.ac.uk/pdbe/emdb/empiar/entry/10592/ and https://git.io/JLLTz.",2020.0,bioRxiv,48,10.7554/elife.65894,33830015.0,,JournalArticle,2020-12-11,https://www.semanticscholar.org/paper/a4ca97968dc9df7183f46cc4be71afc74c7059c5,Computer Science;Biology;Materials Science,Computer Science|s2-fos-model;Biology|s2-fos-model;Materials Science|s2-fos-model,Ryan Conrad; Kedar Narayan,,,1hop_citations;1hop_references,False,,,electron microscopy,community,annotation,annotation,,training,,2,1,3,False,False,recovered_keep_false,False,False,False,False,True,False,True,role_bridge_review
e07e61de05d30a348cb7b4cb38aede541f80941c,Crowdsourcing the creation of image segmentation algorithms for connectomics,"To stimulate progress in automating the reconstruction of neural circuits, we organized the first international challenge on 2D segmentation of electron microscopic (EM) images of the brain. Participants submitted boundary maps predicted for a test set of images, and were scored based on their agreement with a consensus of human expert annotations. The winning team had no prior experience with EM images, and employed a convolutional network. This “deep learning” approach has since become accepted as a standard for segmentation of EM images. The challenge has continued to accept submissions, and the best so far has resulted from cooperation between two teams. The challenge has probably saturated, as algorithms cannot progress beyond limits set by ambiguities inherent in 2D scoring and the size of the test dataset. Retrospective evaluation of the challenge scoring system reveals that it was not sufficiently robust to variations in the widths of neurite borders. We propose a solution to this problem, which should be useful for a future 3D segmentation challenge.",2015.0,Frontiers in Neuroanatomy,370,10.3389/fnana.2015.00142,26594156.0,,JournalArticle,2015-11-01,https://www.semanticscholar.org/paper/e07e61de05d30a348cb7b4cb38aede541f80941c,Computer Science;Biology,Computer Science|s2-fos-model;Biology|s2-fos-model,Ignacio Arganda-Carreras; Srinivas C. Turaga; D. Berger; D. Ciresan; A. Giusti; L. Gambardella; J. Schmidhuber; D. Laptev; Sarvesh Dwivedi; J. Buhmann; Ting Liu; Mojtaba Seyedhosseini; T. Tasdizen; L. Kamentsky; Radim Burget; Václav Uher; Xiao Tan; Changming Sun; T. Pham; Erhan Bas; M. Uzunbas; Albert Cardona; J. Schindelin; H. Seung,,,1hop_citations;1hop_references,False,,connectom,,,annotation,annotation,,,,2,13,15,False,False,recovered_keep_false,False,False,False,False,True,False,True,role_bridge_review
9830af552757b39c4cac8ad239e84ad076581dbe,Deep multilevel contextual networks for biomedical image segmentation,"Abstract Biomedical image segmentation plays a significant role in medical disease diagnosis and biological interconnection interpretation, such as connectome analysis. However, biomedical images are usually of formidable size, which renders human annotation in a large-scale way impractical to fulfill the whole job. An alternative way for biomedical image segmentation is to utilize computerized methods for automatic image analysis. Deep learning has advanced the performance of biomedical image segmentation dramatically. However, the scale of biomedical structures varies significantly and aggregating multilevel contextual information should be harnessed in an explicit way. To address this difficult problem, we propose a deep contextual network here by leveraging multilevel contextual information from the deep hierarchical structure to achieve better segmentation performance. To further improve the robustness against the vanishing gradients and strengthen the capability of the backpropagation of gradient flow, auxiliary classifiers are incorporated in the architecture of our deep neural network. It will be shown that our method can effectively parse the semantic meaning from the images with the underlying neural network and accurately delineate the structural boundaries with the reference of low-level contextual cues. Experimental results on the two benchmark datasets, including 2012 ISBI segmentation challenge of neuronal structures and 2015 MICCAI nuclei segmentation challenge, demonstrate that the proposed method can outperform the state-of-the-art methods by a large margin with respect to different evaluation measures.",2020.0,,0,10.1016/b978-0-12-816176-0.00015-6,,,,,https://www.semanticscholar.org/paper/9830af552757b39c4cac8ad239e84ad076581dbe,Computer Science;Medicine,Computer Science|s2-fos-model;Medicine|s2-fos-model,Hao Chen; Q. Dou; Xiaojuan Qi; Jie-Zhi Cheng; P. Heng,,health_translation,1hop_citations,False,,connectom,,,annotation,annotation,disease,,,2,0,2,False,False,recovered_keep_false,False,False,False,False,True,False,True,role_bridge_review
9b9d898a02acdafe98581b4b2dc98112b63f2dc8,Classifying Drosophila olfactory projection neuron boutons by quantitative analysis of electron microscopic reconstruction,"Summary In Drosophila melanogaster, olfactory projection neurons (PNs) convey odor information from the antenna lobe to higher brain regions. Recent transcriptomic studies reveal a large diversity of transcription factors, cell-surface molecules, neurotransmitter-coding, and neuropeptide-coding genes in PNs; however, their structural diversity remains unknown. Herein, we achieved a volumetric reconstruction of 89 PN boutons under Focused Ion Beam Scanning Electron Microscopy (FIB-SEM) and quantitatively analyzed the internal presynaptic active zones (PAZs) and dense-core vesicles (DCVs). The ultrastructure-based cluster analysis reveals three morphological distinct bouton subtypes: complex boutons, unilobed boutons, and simple boutons. The complex boutons contain the most PAZs and DCVs, which suggests that they are of the highest capability of releasing neurotransmitters and neuromodulators. By labeling a subset of boutons under FIB-SEM, we found that DCVs are preferentially distributed in certain GH146-positive subtypes. Our study demonstrates that PN boutons display distinct morphology, which may determine their capacity of releasing neurotransmitters and neuromodulators.",2022.0,iScience,6,10.1016/j.isci.2022.104180,35494235.0,,JournalArticle,2022-04-01,https://www.semanticscholar.org/paper/9b9d898a02acdafe98581b4b2dc98112b63f2dc8,Biology,Biology|s2-fos-model,Kai Yang; Tong Liu; Ze Wang; Jing Liu; Yu Shen; Xinyi Pan; Ruyi Wen; Haotian Xie; Zhaoxuan Ruan; Zixiao Tan; Yingying Chen; A. Guo; He Liu; Hua Han; Z. Di; Ke Zhang,,,1hop_citations;1hop_references,False,,,electron microscopy;fib-sem;synaptic;ultrastruct,,,distributed,,,,2,1,3,False,False,recovered_keep_false,False,False,False,False,True,False,True,role_bridge_review
0aa5aa68396703f065d71be69494ab399b1acb60,Axo-axonic Synapses: Diversity in Neural Circuit Function,"The chemical synapse is the principal form of contact between neurons of the central nervous system. These synapses are typically configured as presynaptic axon terminations onto postsynaptic dendrites or somata, giving rise to axo‐dendritic and axo‐somatic synapses, respectively. Beyond these common synapse configurations are less‐studied, non‐canonical synapse types that are prevalent throughout the brain and significantly contribute to neural circuit function. Among these are the axo‐axonic synapses, which consist of an axon terminating on another axon or axon terminal. Here, we review evidence for axo‐axonic synapse contributions to neural signaling in the mammalian nervous system and survey functional neural circuit motifs enabled by these synapses. We also detail how recent advances in microscopy, transgenics, and biological sensors may be used to identify and functionally assay axo‐axonic synapses.",2020.0,The Journal of comparative neurology,37,10.1002/cne.25087,33314077.0,,Review;JournalArticle,2020-12-13,https://www.semanticscholar.org/paper/0aa5aa68396703f065d71be69494ab399b1acb60,Biology;Medicine,Biology|s2-fos-model;Medicine|s2-fos-model,K. K. Cover; B. Mathur,,network_science,1hop_references,False,,,synapse;synaptic,motif,,,,,,0,3,3,False,False,recovered_keep_false,False,False,False,False,False,True,True,role_bridge_review
9e87091fddaab35355ca7f7e50f5cc61782e1ffb,VICE: Visual Identification and Correction of Neural Circuit Errors,"A connectivity graph of neurons at the resolution of single synapses provides scientists with a tool for understanding the nervous system in health and disease. Recent advances in automatic image segmentation and synapse prediction in electron microscopy (EM) datasets of the brain have made reconstructions of neurons possible at the nanometer scale. However, automatic segmentation sometimes struggles to segment large neurons correctly, requiring human effort to proofread its output. General proofreading involves inspecting large volumes to correct segmentation errors at the pixel level, a visually intensive and time‐consuming process. This paper presents the design and implementation of an analytics framework that streamlines proofreading, focusing on connectivity‐related errors. We accomplish this with automated likely‐error detection and synapse clustering that drives the proofreading effort with highly interactive 3D visualizations. In particular, our strategy centers on proofreading the local circuit of a single cell to ensure a basic level of completeness. We demonstrate our framework's utility with a user study and report quantitative and subjective feedback from our users. Overall, users find the framework more efficient for proofreading, understanding evolving graphs, and sharing error correction strategies.",2021.0,Computer graphics forum (Print),14,10.1111/cgf.14320,,2105.06861,JournalArticle,2021-05-14,https://www.semanticscholar.org/paper/9e87091fddaab35355ca7f7e50f5cc61782e1ffb,Computer Science,Computer Science|s2-fos-model,Felix Gonda; Xueying Wang; Johanna Beyer; Markus Hadwiger; J. Lichtman; H. Pfister,,health_translation;network_science;proofreading_qc,1hop_citations;1hop_references,False,,,electron microscopy;nanometer;synapse,graph,error correction;proofread;segmentation error,visualization,disease,,,9,6,15,False,False,recovered_keep_false,False,False,False,False,False,True,True,role_bridge_review
3df70fd048e8247795121b06b490ace2be76bf9f,Synaptic Specializations of Melanopsin-Retinal Ganglion Cells in Multiple Brain Regions Revealed by Genetic Label for Light and Electron Microscopy,"SUMMARY The form and synaptic fine structure of melanopsin-expressing retinal ganglion cells, also called intrinsically photosensitive retinal ganglion cells (ipRGCs), were determined using a new membrane-targeted version of a genetic probe for correlated light and electron microscopy (CLEM). ipRGCs project to multiple brain regions, and because the method labels the entire neuron, it was possible to analyze nerve terminals in multiple retinorecipient brain regions, including the suprachiasmatic nucleus (SCN), olivary pretectal nucleus (OPN), and subregions of the lateral geniculate. Although ipRGCs provide the only direct retinal input to the OPN and SCN, ipRGC terminal arbors and boutons were found to be remarkably different in each target region. A network of dendro-dendritic chemical synapses (DDCSs) was also revealed in the SCN, with ipRGC axon terminals preferentially synapsing on the DDCS-linked cells. The methods developed to enable this analysis should propel other CLEM studies of long-distance brain circuits at high resolution.",2019.0,Cell Reports,26,10.1016/j.celrep.2019.09.006,31618632.0,,JournalArticle,2019-10-01,https://www.semanticscholar.org/paper/3df70fd048e8247795121b06b490ace2be76bf9f,Biology,Biology|s2-fos-model,Keun-Young Kim; L. Rios; H. Le; Alex J. Perez; S. Phan; E. Bushong; T. Deerinck; Y. Liu; M. Ellisman; V. Lev-Ram; S. Ju; Sneha Panda; S. Yoon; Masatoshi Hirayama; L. S. Mure; Megumi Hatori; Mark Ellisman; Satchidananda Panda,,,1hop_citations,False,,,electron microscopy;synapse;synaptic,,,version,,,,3,0,3,False,False,recovered_keep_false,False,False,False,False,True,False,True,role_bridge_review
7d8d826b82e1ce9039cb44d21d943f1df0b5aaf4,Multiplexed peroxidase-based electron microscopy labeling enables simultaneous visualization of multiple cell types,"Electron microscopy (EM) is a powerful tool for circuit mapping, but identifying specific cell types in EM datasets remains a major challenge. Here we describe a technique enabling simultaneous visualization of multiple genetically identified neuronal populations so that synaptic interactions between them can be unequivocally defined. We present 15 adeno-associated virus constructs and 6 mouse reporter lines for multiplexed EM labeling in the mammalian nervous system. These reporters feature dAPEX2, which exhibits dramatically improved signal compared with previously described ascorbate peroxidases. By targeting this enhanced peroxidase to different subcellular compartments, multiple orthogonal reporters can be simultaneously visualized and distinguished under EM using a protocol compatible with existing EM pipelines. Proof-of-principle double and triple EM labeling experiments demonstrated synaptic connections between primary afferents, descending cortical inputs, and inhibitory interneurons in the spinal cord dorsal horn. Our multiplexed peroxidase-based EM labeling system should therefore greatly facilitate analysis of connectivity in the nervous system. A peroxidase-based labeling method allows simultaneous visualization of multiple cell types using electron microscopy without the need for spectral separation, enabling identification of synapses between genetically defined neuronal populations.",2019.0,Nature Neuroscience,80,10.1038/s41593-019-0358-7,30886406.0,,JournalArticle,2019-03-18,https://www.semanticscholar.org/paper/7d8d826b82e1ce9039cb44d21d943f1df0b5aaf4,Biology,Biology|s2-fos-model,Qiyu Zhang; W. Lee; D. Paul; D. Ginty,,,1hop_citations;1hop_references,False,,,electron microscopy;synapse;synaptic,,,visualization,,,,2,2,4,False,False,recovered_keep_false,False,False,False,False,True,False,True,role_bridge_review
0a1dc2f9b9ad75a51b3e40c75f01092cbe2dae8f,Domain Adaptive Segmentation In Volume Electron Microscopy Imaging,"In the last years, automated segmentation has become a necessary tool for volume electron microscopy (EM) imaging. So far, the best performing techniques have been largely based on fully supervised encoder-decoder CNNs, requiring a substantial amount of annotated images. Domain Adaptation (DA) aims to alleviate the annotation burden by ‘adapting’ the networks trained on existing groundtruth data (source domain) to work on a different (target) domain with as little additional annotation as possible. Most DA research is focused on the classification task, whereas volume EM segmentation remains rather unexplored. In this work, we extend recently proposed classification DA techniques to an encoder-decoder layout and propose a novel method that adds a reconstruction decoder to the classical encoder-decoder segmentation in order to align source and target encoder features. The method has been validated on the task of segmenting mitochondria in EM volumes. We have performed DA from brain EM images to HeLa cells and from isotropic FIB/SEM volumes to anisotropic TEM volumes. In all cases, the proposed method has outperformed the extended classification DA techniques and the finetuning baseline. An implementation of our work can be found on https://github.com/JorisRoels/domain-adaptive-segmentation.",2018.0,IEEE International Symposium on Biomedical Imaging,49,10.1109/isbi.2019.8759383,,1810.09734,JournalArticle,2018-10-23,https://www.semanticscholar.org/paper/0a1dc2f9b9ad75a51b3e40c75f01092cbe2dae8f,Computer Science;Engineering,Computer Science|s2-fos-model;Engineering|s2-fos-model,J. Roels; Julian Hennies; Y. Saeys; W. Philips; A. Kreshuk,,,1hop_citations;1hop_references,False,,,electron microscopy;volume electron;volume em,,annotation,annotation,,,,2,2,4,False,False,recovered_keep_false,False,False,False,False,True,False,True,role_bridge_review
43ae82179ec80e242dd6367efa957bedf5b8f3e2,Applying Graph Theory and Mathematical-Computational Modelling to Study a Neurophysiological Circuit,"The aim of the present study is to contribute to the knowledge about the functioning of the neuronal circuits. We built a mathematical-computational model using graph theory for a complex neurophysiological circuit consisting of a reverberating neuronal circuit and a parallel neuronal circuit, which could be coupled. Implementing our model in C++ and applying neurophysiological values found in the literature, we studied the discharge pattern of the reverberant circuit and the parallel circuit separately for the same input signal pattern, examining the influence of the refractory period and the synaptic delay on the respective output signal patterns. Then, the same study was performed for the complete circuit, in which the two circuits were coupled, and the parallel circuit could then influence the functioning of the reverberant. The results showed that the refractory period played an important role in forming the pattern of the output spectrum of a reverberating circuit. The inhibitory action of the parallel circuit was able to regulate the reverberation frequency, suggesting that parallel circuits may be involved in the control of reverberation circuits related to motive activities underlying precision tasks and perhaps underlying neural work processes and immediate memories.",2021.0,Open Journal of Modelling and Simulation,1,10.4236/ojmsi.2021.92011,,,,,https://www.semanticscholar.org/paper/43ae82179ec80e242dd6367efa957bedf5b8f3e2,Computer Science;Mathematics,Computer Science|s2-fos-model;Mathematics|s2-fos-model,Camila de Andrade Kalil; M. C. Castro; Dilson Silva; C. Cortez,,network_science,1hop_citations,False,,,synaptic,graph,,,,,,2,0,2,False,False,recovered_keep_false,False,False,False,False,False,True,True,role_bridge_review
7a843b7b8b96db1226a3ede21dbb94d95aaaa70a,Neuropeptide visualization using split GFP in live C. elegans,"Neuropeptides play essential roles as signaling molecules in the nervous system of animals. Visualization of neuropeptides in experimental settings has advanced through two main approaches: using antibody-based methods and fluorescent protein tagging. These conventional approaches have inherent drawbacks, such as poor antibody specificity and potential functional perturbations due to fusion with bulky, full-length fluorescent proteins. The split GFP system is a versatile tool with broad applications, yet it has been underutilized for neuropeptide labeling. We demonstrate the utility of the split GFP system in the in vivo visualization of two neuropeptides, INS-1 and NLP-40, released from and targeted to neuronal and non-neuronal cells and tissues in C. elegans. Released neuropeptides were successfully visualized by inserting the 16-amino acid GFP11 tag to the sequence of neuropeptides of interest and complementing it with extracellular GFP1–10 fused to a membrane anchor protein, CD4. We show that fusion with the GFP11 tag does not perturb INS-1 function. Furthermore, we explore the in vivo regulation of neuropeptide release using genetic approaches. Our findings uncover a new application of the split GFP system which offers advantages over conventional methods for labeling neuropeptides and new insights into the regulation of neuropeptide secretion.",2026.0,PLoS ONE,0,10.1371/journal.pone.0355191,42616709.0,,JournalArticle,2026-08-19,https://www.semanticscholar.org/paper/7a843b7b8b96db1226a3ede21dbb94d95aaaa70a,Biology,Biology|s2-fos-model,B. M. Aleogho; Rikuou Yokosawa; Kentaro Noma,,,1hop_citations,False,,,,,,visualization,,,,2,0,2,False,False,recovered_keep_false,False,False,False,False,True,False,True,role_bridge_review
2a165500f3f7d2317064967735a07d728ec63f28,RAEM: random-access electron microscopy for revisitable 3D imaging,"Volume electron microscopy is essential for understanding cells, tissues, and neural circuits in their native 3D context, but many biological specimens are too large to image exhaustively at nanometer resolution. Researchers therefore must choose between broad anatomical context and ultrastructural detail. We introduce random-access electron microscopy (RAEM), a framework for studying fixed tissue repeatedly across scales rather than imaging it once at a single resolution. RAEM first builds a lower resolution 3D survey of the specimen, then uses accumulated human or AI-derived knowledge of that volume to guide the microscope back to selected physical sites for high resolution imaging. By linking reconstructed 3D coordinates to precise electron-beam positions on the original sections, RAEM enables targeted imaging of membranes, vesicles, and other nanoscale structures within specimens that would be impractical to image exhaustively. We demonstrate RAEM with vesicle-resolved imaging of synaptic boutons in human cortex, targeted imaging of more than one million human cortical mitochondria, hierarchical imaging of a nematode nervous system, and retrospective targeting of a previously published petabyte-scale human cortical volume. RAEM turns serial-section EM into a query-driven, multi-resolution approach for scalable biomedical discovery.",2026.0,bioRxiv,0,10.64898/2026.06.18.732873,42395368.0,,JournalArticle;Review,2026-06-23,https://www.semanticscholar.org/paper/2a165500f3f7d2317064967735a07d728ec63f28,Engineering;Materials Science;Biology;Computer Science,Engineering|s2-fos-model;Materials Science|s2-fos-model;Biology|s2-fos-model;Computer Science|s2-fos-model,I. Chandok; Milan Patel; Yuelong Wu; Daniel R. Berger; R. Schalek; J. Lichtman; A. Samuel; Y. Meirovitch,,,1hop_citations,False,,,electron microscopy;nanometer;synaptic;ultrastruct;volume electron,,,query,human cortex,,,3,0,3,False,False,recovered_keep_false,False,False,False,False,True,False,True,role_bridge_review
175d947495adf1d0ae11530061b8a45183400e25,A Systematic Study of Behavioral Cloning for Scientific Data Annotation,"Scientific data annotation, such as tracking animals in video or proofreading neural reconstructions, remains bottlenecked by the""last mile""problem: even with strong automation, verification and correction consume substantial human effort. Standard approaches train models to directly predict annotations, discarding the rich supervision in how experts navigate, click, verify, and correct. We introduce a framework for studying behavioral cloning on scientific annotation: 9 synthetic tasks paired with synthetic annotations that simulate realistic human strategies including exploration, mistake correction, and strategic decision-making. Our experiments reveal several findings. First, skills emerge hierarchically: models learn GUI mechanics before task-critical decisions, and commit fewer mistakes than the training data while retaining the ability to correct errors when they occur. Second, scaling models on multi-task behavioral cloning shows that larger models are more data efficient within our scale range. Third, multi-task pretraining enables efficient fine-tuning to new tasks, while training from scratch fails entirely. Fourth, linear probes reveal that models internally represent latent variables of the annotation process such as task phase and data position; interestingly, we find a shared mistake representation that generalizes across different annotation tasks. Overall, our framework establishes systematic benchmarks and identifies key bottlenecks, providing a foundation for scaling behavioral cloning to real-world scientific data annotation.",2026.0,arXiv.org,0,10.48550/arxiv.2606.07568,,2606.07568,JournalArticle,2026-05-26,https://www.semanticscholar.org/paper/175d947495adf1d0ae11530061b8a45183400e25,Computer Science;Biology,Computer Science|s2-fos-model;Biology|s2-fos-model,I. Chandok; Core Francisco Park,,proofreading_qc,1hop_citations,False,,,,,annotation;proofread,annotation,,training,,5,0,5,False,False,recovered_keep_false,False,False,False,True,False,False,True,role_bridge_review
d95534b665ae2fd6a0ded9faf461bfdd313f9b7b,Transfer learning improves performance in volumetric electron microscopy organelle segmentation across tissues,"Abstract Motivation Volumetric electron microscopy (VEM) enables nanoscale resolution three-dimensional imaging of biological samples. Identification and labeling of organelles, cells, and other structures in the image volume is required for image interpretation, but manual labeling is extremely time-consuming. This can be automated using deep learning segmentation algorithms, but these traditionally require substantial manual annotation for training and typically these labeled datasets are unavailable for new samples. Results We show that transfer learning can help address this challenge. By pretraining on VEM data from multiple mammalian tissues and organelle types and then fine-tuning on a target dataset, we segment multiple organelles at high performance, yet require a relatively small amount of new training data. We benchmark our method on three published VEM datasets and a new rat liver dataset we imaged over a 56×56×11μm volume measuring 7000×7000×219 px using serial block face scanning electron microscopy with corresponding manually labeled mitochondria and endoplasmic reticulum structures. We further benchmark our approach against the Segment Anything Model 2 and MitoNet in zero-shot, prompted, and fine-tuned settings. Availability and implementation Our rat liver dataset’s raw image volume, manual ground truth annotation, and model predictions are freely shared at github.com/Xrioen/cross-tissue-transfer-learning-in-VEM.",2025.0,Bioinformatics Advances,4,10.1093/bioadv/vbaf021,40196751.0,,JournalArticle,2025-04-02,https://www.semanticscholar.org/paper/d95534b665ae2fd6a0ded9faf461bfdd313f9b7b,Computer Science;Biology;Materials Science,Computer Science|s2-fos-model;Biology|s2-fos-model;Materials Science|s2-fos-model,Ronald Xie; Ben Mulcahy; Ali Darbandi; Sagar Marwah; Fez Ali; Yuna Lee; G. Parlakgul; Gökhan S. Hotamışlıgil; Bo Wang; S. Macparland; Mei Zhen; Gary Bader,,,1hop_citations;1hop_references,False,,,electron microscopy,,annotation,annotation,,training,,2,1,3,False,False,recovered_keep_false,False,False,False,False,True,False,True,role_bridge_review
50656bebd1409f2255a09ba7cba02fe34d497aaf,RETINA: Reconstruction-based pre-trained enhanced TransUNet for electron microscopy segmentation on the CEM500K dataset,"Electron microscopy (EM) has revolutionized our understanding of cellular structures at the nanoscale. Accurate image segmentation is required for analyzing EM images. While manual segmentation is reliable, it is labor-intensive, incentivizing the development of automated segmentation methods. Although deep learning-based segmentation has shown promise, its accuracy to automatically segment cellular structures in EM data remains insufficient compared to expert manual results. Current approaches usually use either convolutional or transformer-based neural networks for image feature extraction. We developed the RETINA method, which combines pre-training on the large, unlabeled CEM500K EM image dataset with a hybrid neural-network model architecture that integrates both local (convolutional layer) and global (transformer layer) image processing to learn from manual image annotations. RETINA outperformed existing models on cellular structure segmentation on five public EM datasets. This improvement works toward automated cellular structure segmentation for the EM community. Data and code are available at Zenodo and GitHub.",2025.0,bioRxiv,7,10.1371/journal.pcbi.1013115,40435368.0,,JournalArticle,2025-01-13,https://www.semanticscholar.org/paper/50656bebd1409f2255a09ba7cba02fe34d497aaf,Computer Science;Materials Science;Engineering,Computer Science|s2-fos-model;Materials Science|s2-fos-model;Engineering|s2-fos-model,Cheng Xing; Ronald Xie; Gary D. Bader,,,1hop_citations;1hop_references,False,,,electron microscopy,community,annotation,annotation,,training,,1,2,3,False,False,recovered_keep_false,False,False,False,False,True,False,True,role_bridge_review
831ccdf1b4ab4bd3cb79980295009fbd1f98a073,Invited review: Unearthing the mechanisms of age-related neurodegenerative disease using Caenorhabditis elegans.,"As human life expectancy increases, neurodegenerative diseases present a growing public health threat, for which there are currently few effective treatments. There is an urgent need to understand the molecular and genetic underpinnings of these disorders so new therapeutic targets can be identified. Here we present the argument that the simple nematode worm Caenorhabditis elegans is a powerful tool to rapidly study neurodegenerative disorders due to their short lifespan and vast array of genetic tools, which can be combined with characterization of conserved neuronal processes and behavior orthologous to those disrupted in human disease. We review how pre-existing C. elegans models provide insight into human neurological disease as well as an overview of current tools available to study neurodegenerative diseases in the worm, with an emphasis on genetics and behavior. We also discuss open questions that C. elegans may be particularly well suited for in future studies and how worms will be a valuable preclinical model to better understand these devastating neurological disorders.",2022.0,"Comparative biochemistry and physiology. Part A, Molecular & integrative physiology",5,10.1016/j.cbpa.2022.111166,35176489.0,,JournalArticle;Review,2022-02-01,https://www.semanticscholar.org/paper/831ccdf1b4ab4bd3cb79980295009fbd1f98a073,Biology;Medicine,Biology|s2-fos-model;Medicine|s2-fos-model,Ashley N. Hayden; Emily J Leptich; Rachel N. Arey,,health_translation,1hop_citations,False,,,,,,,clinical;disease;disorder;neurodegener,,,2,0,2,False,False,recovered_keep_false,False,False,True,False,False,False,True,role_bridge_review
4db7954d384bf42c35dcd50e1887166e38bbf9b1,Sex-specific topology of the nociceptive circuit shapes dimorphic behavior in C. elegans,"How sexually dimorphic behavior is encoded in the nervous system is poorly understood. Here, we characterize the dimorphic nociceptive behavior in C. elegans and study the underlying circuits, which are composed of the same neurons but are wired differently. We show that while sensory transduction is similar in the two sexes, the downstream network topology markedly shapes behavior. We fit a network model that replicates the observed dimorphic behavior in response to external stimuli, and use it to predict simple network rewirings that would switch the behavior between the sexes. We then show experimentally that these subtle synaptic rewirings indeed flip behavior. Strikingly, when presented with aversive cues, rewired males were compromised in finding mating partners, suggesting that network topologies that enable efficient avoidance of noxious cues have a reproductive “cost”. Our results present a deconstruction of the design of a neural circuit that controls sexual behavior, and how to reprogram it.",2021.0,bioRxiv,2,10.1101/2021.12.14.472335,,,,2021-12-15,https://www.semanticscholar.org/paper/4db7954d384bf42c35dcd50e1887166e38bbf9b1,Biology,Biology|s2-fos-model,Vladyslava Pechuk; Gal Goldman; Yehuda Salzberg; Aditi H. Chaubey; R. A. Bola; Jonathon Hoffman; Morgan L Endreson; Renee M. Miller; Noah Reger; Douglas S. Portman; D. M. Ferkey; Elad Schneidman; Meital Oren-Suissa,,network_science,1hop_citations,False,,,synaptic,network topology,,,,,,3,0,3,False,False,recovered_keep_false,False,False,False,False,False,True,True,role_bridge_review
57335e48b8bbbacce3523e2a4c1a65cdbb8f82e2,SVDAG Compression for Segmentation Volume Path Tracing,,2024.0,"International Symposium on Vision, Modeling, and Visualization",1,10.2312/vmv.20241196,,,JournalArticle,,https://www.semanticscholar.org/paper/57335e48b8bbbacce3523e2a4c1a65cdbb8f82e2,Computer Science,Computer Science|s2-fos-model,Mirco Werner; M. Piochowiak; Carsten Dachsbacher,,,1hop_citations,False,,,,,,visualization,,,,4,0,4,False,False,recovered_keep_false,False,False,False,False,True,False,True,role_bridge_review
62e6ec30a7a610b230d36c9a596e183e17d93303,Algorithmic Tools for Understanding the Motif Structure of Networks,,2022.0,ECML/PKDD,7,10.1007/978-3-031-26390-3_1,,,JournalArticle,,https://www.semanticscholar.org/paper/62e6ec30a7a610b230d36c9a596e183e17d93303,Computer Science;Mathematics,Computer Science|s2-fos-model;Mathematics|s2-fos-model,Tianyi Chen; Brian Matejek; M. Mitzenmacher; Charalampos E. Tsourakakis,,network_science,1hop_citations,False,,,,motif,,,,,,2,0,2,False,False,recovered_keep_false,False,False,False,False,False,True,True,role_bridge_review
6e61a85bfb1a4ad44b1015ce14b6c839d1c88205,SMA-EL:A Minimal 1-Cycle Construction Algorithm With Simplicial Maps Annotation and Edge Loss for Emotional Brain Networks Analysis,"The brain patterns of emotional perception remain a pivotal research domain in affective neuroscience. Modeling the brain as a complex network has become a crucial approach to understanding its functions. However, traditional brain network research based on graph theory primarily focuses on dyadic interactions between brain regions, which cannot effectively characterize the information exchange process among multiple brain regions during emotional cognitive processes. To address these limitations, we shift our perspective from graph theory to the topological data analysis (TDA) of minimal 1-cycles. The 1-cycles or loops within a network represent the fundamental high-order interactions in complex networks and serve as essential pathways for information transmission and integration among the distributed networks of brain regions. By focusing on cycle structures in affective brain networks, we propose a novel SMA-EL method based on the collaborative optimization of the Minimal 1-Cycle with Simplicial Maps Annotation (SMA-M1C) method and linear programming, which balances computational efficiency and method performance to reconstruct the optimal cycles in the brain network. This method is applied to the analysis of emotional brain networks in response to positive and negative emotions induced by naturalistic viewing. Comprehensive experiments demonstrate that the 1-cycle structures of the brain’s functional patterns exhibit differences at both individual and group levels, aligning with prior research. Furthermore, the 1-cycles we proposed can serve as a biological marker for emotion recognition. These findings may provide new insights into the organization patterns of functional brain networks under diverse emotional states.",2026.0,IEEE Transactions on Affective Computing,2,10.1109/taffc.2026.3664093,,,JournalArticle,2026-04-01,https://www.semanticscholar.org/paper/6e61a85bfb1a4ad44b1015ce14b6c839d1c88205,Computer Science,Computer Science|s2-fos-model,Kechen Hou; Yuhan Shi; Xiaowei Zhang; Guangyuan Gao; Kaiwen Hu; Jian Shen; Zhongfeng Kang; Weihao Zheng; Bin Hu,,network_science,1hop_citations,False,,,,graph,annotation,annotation;distributed,,,,1,0,1,False,False,recovered_keep_false,False,False,False,True,False,False,True,role_bridge_review
4caa69d147ca49b2b697985c76cddf669675bad1,A quick and versatile protocol for the 3D visualization of transgene expression across the whole body of larval Drosophila,"Larval Drosophila are used as a genetically accessible study case in many areas of biological research. Here we report a fast, robust and user-friendly procedure for the whole-body multifluorescence imaging of Drosophila larvae; the protocol has been optimized specifically for larvae by systematically tackling the pitfalls associated with clearing this small but cuticularized organism. Tests on various fluorescent proteins reveal that the recently introduced monomeric infrared fluorescent protein (mIFP) is particularly suitable for our approach. This approach comprises an effective, low-cost clearing protocol with minimal handling time and reduced toxicity in the reagents employed. It combines a success rate high enough to allow for small-scale screening approaches and a resolution sufficient for cellular-resolution analyses with light sheet and confocal microscopy. Given that publications and database documentations typically specify expression patterns of transgenic driver lines only within a given organ system of interest, the present procedure should be versatile enough to extend such documentation systematically to the whole body. As examples, the expression patterns of transgenic driver lines covering the majority of neurons, or subsets of chemosensory, central brain or motor neurons, are documented in the context of whole larval body volumes (using nsyb-Gal4, IR76b-Gal4, APL-Gal4 and mushroom body Kenyon cells, or OK371-Gal4, respectively). Notably, the presented protocol allows for triple-color fluorescence imaging with near-infrared, red and yellow fluorescent proteins.",2021.0,bioRxiv,8,10.1080/01677063.2021.1892096,33688796.0,,JournalArticle,2021-01-28,https://www.semanticscholar.org/paper/4caa69d147ca49b2b697985c76cddf669675bad1,Biology,Biology|s2-fos-model,O. Kobler; Aliće Weiglein; Kathrin Hartung; Yi-Chun Chen; B. Gerber; Ulrich Thomas,,,1hop_citations;1hop_references,False,,,,,,database;visualization,,,,2,1,3,False,False,recovered_keep_false,False,False,False,False,True,False,True,role_bridge_review
7a19f983077affe5c19a6c7a3d436c21d969a7a0,Neuronal Subcompartment Classification and Merge Error Correction,"Recent advances in 3d electron microscopy are yielding ever larger reconstructions of brain tissue, encompassing thousands of individual neurons interconnected by millions of synapses. Interpreting reconstructions at this scale demands advances in the automated analysis of neuronal morphologies, for example by identifying morphological and functional subcompartments within neurons. We present a method that for the first time uses full 3d input (voxels) to automatically classify reconstructed neuron fragments as axon, dendrite, or somal subcompartments. Based on 3d convolutional neural networks, this method achieves a mean f1-score of 0.972, exceeding the previous state of the art of 0.955. The resulting predictions can support multiple analysis and proofreading applications. In particular, we leverage finely localized subcompartment predictions for automated detection and correction of merge errors in the volume reconstruction, successfully detecting 90.6% of inter-class merge errors with a false positive rate of only 2.7%.",2020.0,bioRxiv,19,10.1101/2020.04.16.043398,,,JournalArticle,2020-04-18,https://www.semanticscholar.org/paper/7a19f983077affe5c19a6c7a3d436c21d969a7a0,Computer Science,Computer Science|s2-fos-model,Hanyu Li; M. Januszewski; Viren Jain; Peter H. Li,,proofreading_qc,1hop_citations;1hop_references,False,,,electron microscopy;synapse,,error correction;merge error;proofread,,,,,5,9,14,False,False,recovered_keep_false,False,False,False,True,False,False,True,role_bridge_review
52259f849bc887144bca7e9b10fe1acc412d57ad,SEQUIN multiscale imaging of mammalian central synapses reveals loss of synaptic microconnectivity resulting from diffuse traumatic brain injury,"The complex microconnectivity of the mammalian brain underlies its computational abilities, and its vulnerability to injury and disease. It has been challenging to illuminate the features of this synaptic network due in part to the small size and exceptionally dense packing of its elements. Here we describe a rapid and accessible super-resolution imaging and image analysis workflow—SEQUIN—that identifies, quantifies, and characterizes central synapses in animal models and in humans, enabling automated volumetric imaging of mesoscale synaptic networks without the laborious production of large histological arrays. Using SEQUIN, we identify delayed cortical synapse loss resulting from diffuse traumatic brain injury. Similar synapse loss is observed in an Alzheimer disease model, where SEQUIN mesoscale mapping of excitatory synapses across the hippocampus identifies region-specific synaptic vulnerability to neurodegeneration. These results establish a novel, easily implemented and robust nano-to-mesoscale synapse quantification and molecular characterization method. They furthermore identify a mechanistic link—synaptopathy—between Alzheimer neurodegeneration and its best-established epigenetic risk factor, brain trauma.",2019.0,bioRxiv,34,10.1101/704916,,,,2019-07-16,https://www.semanticscholar.org/paper/52259f849bc887144bca7e9b10fe1acc412d57ad,Medicine,Medicine|s2-fos-model,A. Sauerbeck; Mihika Gangolli; Sydney J. Reitz; Maverick H. Salyards; Samuel H. Kim; Christopher Hemingway; Tejaswi Makkapati; M. Kerschensteiner; D. Brody; Terrance T. Kummer,,health_translation,1hop_citations;1hop_references,False,,,synapse;synaptic,,,,alzheimer;disease;neurodegener;synaptopath;traumatic brain injury,,,1,1,2,False,False,recovered_keep_false,False,False,True,False,False,False,True,role_bridge_review
968e9457f7b1cc3511efba6a9a6c91bff6182e7a,CURVATURE-BASED MACHINE LEARNING METHOD FOR AUTOMATED SEGMENTATION OF DENDRITIC SPINES,"Recent advances in connectomics have been led by high-resolution reconstruction of large volumes of neural tissues using electron microscopy (EM), providing unprecedented insights into brain structure and function. Dendritic spines—dynamic protrusions on neuronal dendrites—play crucial roles in synaptic plasticity, influencing learning, memory, and various neurological disorders. However, current spine analysis methods often rely on manual annotation of subcellular features, limiting their ability to handle the complexity of spines in dense dendritic networks. This paper introduces a novel automated computational framework that integrates discrete differential geometry, machine learning, and 3D image processing to analyze dendritic spines in these intricate environments. By generating distributions of spine morphology from high resolution images including many thousands of spines, our approach captures subtle variations in spine shapes, offering a nuanced understanding of their roles in synaptic function. This framework is tested on multiple EM datasets, with the aim of enhancing our understanding of synaptic plasticity and its alterations in disease states. The proposed method is poised to accelerate neuroscience research by providing a scalable, objective, and comprehensive solution for spine analysis, uncovering insights into the role of spine geometry for neural function.",2025.0,bioRxiv,1,10.64898/2025.12.04.692360,41427309.0,,JournalArticle,2025-12-08,https://www.semanticscholar.org/paper/968e9457f7b1cc3511efba6a9a6c91bff6182e7a,Computer Science,Computer Science|s2-fos-model,A. Geraldo; Michael A. Chirillo; KM Harris; Thomas G. Fai,,health_translation,1hop_citations;1hop_references,True,direct_scope+resolution;health+direct_nanoscale_scope,connectom,electron microscopy;synaptic,,annotation,annotation,disease;disorder,,,1,1,2,False,False,recovered_keep_false,False,False,False,False,True,False,True,role_bridge_review
b6703153b7200dc664e3d523a94df24e2a489815,"Igneous: Distributed dense 3D segmentation meshing, neuron skeletonization, and hierarchical downsampling","Three-dimensional electron microscopy images of brain tissue and their dense segmentations are now petascale and growing. These volumes require the mass production of dense segmentation-derived neuron skeletons, multi-resolution meshes, image hierarchies (for both modalities) for visualization and analysis, and tools to manage the large amount of data. However, open tools for large-scale meshing, skeletonization, and data management have been missing. Igneous is a Python-based distributed computing framework that enables economical meshing, skeletonization, image hierarchy creation, and data management using cloud or cluster computing that has been proven to scale horizontally. We sketch Igneous's computing framework, show how to use it, and characterize its performance and data storage.",2022.0,Frontiers in Neural Circuits,17,10.3389/fncir.2022.977700,36506593.0,,JournalArticle,2022-11-25,https://www.semanticscholar.org/paper/b6703153b7200dc664e3d523a94df24e2a489815,Computer Science,Computer Science|s2-fos-model,Y. Kubota; M. Raghavan; W. Silversmith; A. Zlateski; J. Bae; Ignacio Tartavull; N. Kemnitz; Jingpeng Wu; H. Seung,,,1hop_citations;1hop_references,False,,,electron microscopy,,,cloud;distributed;petascale;storage;visualization,,,,8,7,15,False,False,recovered_keep_false,False,False,False,False,True,False,True,role_bridge_review
01eaea75849646e34b05b44440420142c0e4b196,Interactive Volume Exploration of Petascale Microscopy Data Streams Using a Visualization-Driven Virtual Memory Approach,,2012.0,IEEE Transactions on Visualization and Computer Graphics,103,10.1109/tvcg.2012.240,26357136.0,,JournalArticle,2012-12-01,https://www.semanticscholar.org/paper/01eaea75849646e34b05b44440420142c0e4b196,Computer Science;Engineering,Computer Science|s2-fos-model;Engineering|s2-fos-model,Markus Hadwiger; Johanna Beyer; W. Jeong; H. Pfister,,,1hop_references,False,,,,graph,,petascale;visualization,,,,0,4,4,False,False,recovered_keep_false,False,False,False,False,True,False,True,role_bridge_review
53efa805f683a5dcbf4932524e7e5a0452e5978c,CERA-TVR: A framework for interactive high-quality teravoxel volume visualization on standard PCs,,2011.0,IEEE Symposium on Large Data Analysis and Visualization,27,10.1109/ldav.2011.6092330,,,JournalArticle,2011-12-01,https://www.semanticscholar.org/paper/53efa805f683a5dcbf4932524e7e5a0452e5978c,Computer Science;Engineering,Computer Science|s2-fos-model;Engineering|s2-fos-model,Klaus Engel,,,1hop_references,False,,,,,,visualization,,,,0,2,2,False,False,recovered_keep_false,False,False,False,False,True,False,True,role_bridge_review
dc362aa8d219c84f77368954a8c8a9db8a68a8d4,Ssecrett and NeuroTrace: Interactive Visualization and Analysis Tools for Large-Scale Neuroscience Data Sets,"Data sets imaged with modern electron microscopes can range from tens of terabytes to about one petabyte. Two new tools, Ssecrett and NeuroTrace, support interactive exploration and analysis of large-scale optical-and electron-microscopy images to help scientists reconstruct complex neural circuits of the mammalian nervous system.",2010.0,IEEE Computer Graphics and Applications,74,10.1109/mcg.2010.56,20650718.0,,JournalArticle,2010-05-01,https://www.semanticscholar.org/paper/dc362aa8d219c84f77368954a8c8a9db8a68a8d4,Biology;Computer Science,Biology|s2-fos-model;Computer Science|s2-fos-model,W. Jeong; Johanna Beyer; Markus Hadwiger; C. Law; A. Vázquez; Clay Reid; J. Lichtman; H. Pfister,,,1hop_references,False,,,,graph,,visualization,,,,0,4,4,False,False,recovered_keep_false,False,False,False,False,True,False,True,role_bridge_review
0891b8dccaf7eacab45653a5a69bf7b8c2270440,Scalable and Interactive Segmentation and Visualization of Neural Processes in EM Datasets,"Recent advances in scanning technology provide high resolution EM (electron microscopy) datasets that allow neuro-scientists to reconstruct complex neural connections in a nervous system. However, due to the enormous size and complexity of the resulting data, segmentation and visualization of neural processes in EM data is usually a difficult and very time-consuming task. In this paper, we present NeuroTrace, a novel EM volume segmentation and visualization system that consists of two parts: a semi-automatic multiphase level set segmentation with 3D tracking for reconstruction of neural processes, and a specialized volume rendering approach for visualization of EM volumes. It employs view-dependent on-demand filtering and evaluation of a local histogram edge metric, as well as on-the-fly interpolation and ray-casting of implicit surfaces for segmented neural structures. Both methods are implemented on the GPU for interactive performance. NeuroTrace is designed to be scalable to large datasets and data-parallel hardware architectures. A comparison of NeuroTrace with a commonly used manual EM segmentation tool shows that our interactive workflow is faster and easier to use for the reconstruction of complex neural processes.",2009.0,IEEE Transactions on Visualization and Computer Graphics,79,10.1109/tvcg.2009.178,19834227.0,,JournalArticle,2009-11-01,https://www.semanticscholar.org/paper/0891b8dccaf7eacab45653a5a69bf7b8c2270440,Computer Science;Biology,Computer Science|s2-fos-model;Biology|s2-fos-model,W. Jeong; Johanna Beyer; Markus Hadwiger; Amelio Vázquez Reina; H. Pfister; R. Whitaker,,,1hop_references,False,,,electron microscopy,graph,,visualization,,,,0,4,4,False,False,recovered_keep_false,False,False,False,False,True,False,True,role_bridge_review
a0768d1375a4219a0e4b672c17fbf331311cf840,"Matching Spatial with Ontological Brain Regions using Java Tools for Visualization, Database Access, and Integrated Data Analysis",,2009.0,Neuroinformatics,47,10.1007/s12021-008-9039-5,19145492.0,,JournalArticle,2009-01-15,https://www.semanticscholar.org/paper/a0768d1375a4219a0e4b672c17fbf331311cf840,Computer Science,Computer Science|s2-fos-model,G. Bezgin; Andrew T. Reid; D. Schubert; R. Kötter,,,1hop_references,False,,,,,,database;visualization,,,,0,3,3,False,False,recovered_keep_false,False,False,False,False,True,False,True,role_bridge_review
9a3d1f29760cb9884db347e714ad7689e93d5068,Random Access Segmentation Volume Compression for Interactive Volume Rendering,"Segmentation volumes are voxel data sets often used in machine learning, connectomics, and natural sciences. Their large sizes make compression indispensable for storage and processing, including GPU video memory constrained real‐time visualization. Fast Compressed Segmentation Volumes (CSGV) [PD24] provide strong brick‐wise compression and random access at the brick level. Voxels within a brick, however, have to be decoded serially and thus rendering requires caching of visible full bricks, consuming extra memory. Without caching, accessing voxels can have a worst‐case decoding overhead of up to a full brick (typically over 32.000 voxels). We present CSGV‐R which provide true multi‐resolution random access on a per‐voxel level. We leverage Huffman‐shaped Wavelet Trees for random accesses to variable bit‐length encoding and their rank operation to query label palette offsets in bricks. Our real‐time segmentation volume visualization removes decoding artifacts from CSGV and renders CSGV‐R volumes without caching bricks at faster render times. CSGV‐R has slightly lower compression rates than CSGV, but outperforms Neuroglancer, the state‐of‐the‐art compression technique with true random access, with 2× to 4× smaller data sets at rates between 0.648% and 4.411% of the original volume sizes.",2025.0,Computer graphics forum (Print),0,10.1111/cgf.70116,,,JournalArticle,2025-05-27,https://www.semanticscholar.org/paper/9a3d1f29760cb9884db347e714ad7689e93d5068,Computer Science,Computer Science|s2-fos-model,M. Piochowiak; Florian Kurpicz; Carsten Dachsbacher,,,1hop_citations,False,,connectom,,graph,,query;storage;visualization,,,,4,0,4,False,False,recovered_keep_false,False,False,False,False,True,False,True,role_bridge_review
e2d0cbc658f49ca849a277823fdee5cecf52ac9e,Fast Compressed Segmentation Volumes for Scientific Visualization,"Voxel-based segmentation volumes often store a large number of labels and voxels, and the resulting amount of data can make storage, transfer, and interactive visualization difficult. We present a lossless compression technique which addresses these challenges. It processes individual small bricks of a segmentation volume and compactly encodes the labelled regions and their boundaries by an iterative refinement scheme. The result for each brick is a list of labels, and a sequence of operations to reconstruct the brick which is further compressed using rANS-entropy coding. As the relative frequencies of operations are very similar across bricks, the entropy coding can use global frequency tables for an entire data set which enables efficient and effective parallel (de)compression. Our technique achieves high throughput (up to gigabytes per second both for compression and decompression) and strong compression ratios of about 1% to 3% of the original data set size while being applicable to GPU-based rendering. We evaluate our method for various data sets from different fields and demonstrate GPU-based volume visualization with on-the-fly decompression, level-of-detail rendering (with optional on-demand streaming of detail coefficients to the GPU), and a caching strategy for decompressed bricks for further performance improvement.",2023.0,IEEE Transactions on Visualization and Computer Graphics,6,10.1109/tvcg.2023.3326573,37871064.0,2308.16619,JournalArticle,2023-08-31,https://www.semanticscholar.org/paper/e2d0cbc658f49ca849a277823fdee5cecf52ac9e,Computer Science,Computer Science|s2-fos-model,M. Piochowiak; C. Dachsbacher,,,1hop_citations,False,,,,graph,,storage;visualization,,,,6,0,6,False,False,recovered_keep_false,False,False,False,False,True,False,True,role_bridge_review
6906b575739fa45a19d6ac5c1bedde329015c4e8,NeuroConstruct: 3D Reconstruction and Visualization of Neurites in Optical Microscopy Brain Images,"We introduce NeuroConstruct, a novel end-to-end application for the segmentation, registration, and visualization of brain volumes imaged using wide-field microscopy. NeuroConstruct offers a Segmentation Toolbox with various annotation helper functions that aid experts to effectively and precisely annotate micrometer resolution neurites. It also offers an automatic neurites segmentation using convolutional neuronal networks (CNN) trained by the Toolbox annotations and somas segmentation using thresholding. To visualize neurites in a given volume, NeuroConstruct offers a hybrid rendering by combining iso-surface rendering of high-confidence classified neurites, along with real-time rendering of raw volume using a 2D transfer function for voxel classification score versus voxel intensity value. For a complete reconstruction of the 3D neurites, we introduce a Registration Toolbox that provides automatic coarse-to-fine alignment of serially sectioned samples. The quantitative and qualitative analysis show that NeuroConstruct outperforms the state-of-the-art in all design aspects. NeuroConstruct was developed as a collaboration between computer scientists and neuroscientists, with an application to the study of cholinergic neurons, which are severely affected in Alzheimer's disease.",2021.0,IEEE Transactions on Visualization and Computer Graphics,14,10.1109/tvcg.2021.3109460,34478372.0,,JournalArticle,2021-09-03,https://www.semanticscholar.org/paper/6906b575739fa45a19d6ac5c1bedde329015c4e8,Computer Science;Biology,Computer Science|s2-fos-model;Biology|s2-fos-model,Parmida Ghahremani; S. Boorboor; P. Mirhosseini; Chetan Gudisagar; M. Ananth; D. Talmage; L. Role; A. Kaufman,,health_translation,1hop_citations,False,,,,graph,annotation,annotation;visualization,alzheimer;disease,,,3,0,3,False,False,recovered_keep_false,False,False,False,False,True,False,True,role_bridge_review
3755be77133f0a4ccefb97acc9a2609f09e3b174,A Unified Framework for Neuroscience Morphological Data Visualization,"The complexity of the human brain makes its understanding one of the biggest challenges that science is currently confronting. Due to its complexity, the brain has been studied at many different levels and from many disciplines and points of view, using a diversity of techniques for getting meaningful data at each specific level and perspective, producing sometimes data that are difficult to integrate. In order to advance understanding of the brain, scientists need new tools that can speed up this analysis process and that can facilitate integrating research results from different disciplines and techniques. Visualization has proved to be useful in the analysis of complex data, and this paper focuses on the design of visualization solutions adapted to the specific problems posed by brain research. In this paper, we propose a unified framework that allows the integration of specific tools to work together in a coordinated manner in a multiview environment, displaying information at different levels of abstraction and combining schematic and realistic representations. The two use cases presented here illustrate the capability of this approach for providing a visual environment that supports the exploration of the brain at all its organizational levels.",2021.0,Applied Sciences,7,10.3390/app11104652,,,,2021-05-19,https://www.semanticscholar.org/paper/3755be77133f0a4ccefb97acc9a2609f09e3b174,Computer Science;Biology,Computer Science|s2-fos-model;Biology|s2-fos-model,L. Pastor; S. Bayona; Juan P. Brito; María Cuevas; I. Fernaud; S. Galindo; J. J. Garcia-Cantero; F. Quevedo; S. Mata; O. D. Robles; Angel Rodríguez; Pablo Toharia; Ana Zdravković,,,1hop_citations;1hop_references,False,,,,,,visualization,human brain,,,1,1,2,False,False,recovered_keep_false,False,False,False,False,True,False,True,role_bridge_review
a12cbc0334cdab23214f7913300cb00268b7ccf1,"The Mixture Graph-A Data Structure for Compressing, Rendering, and Querying Segmentation Histograms","In this paper, we present a novel data structure, called the Mixture Graph. This data structure allows us to compress, render, and query segmentation histograms. Such histograms arise when building a mipmap of a volume containing segmentation IDs. Each voxel in the histogram mipmap contains a convex combination (mixture) of segmentation IDs. Each mixture represents the distribution of IDs in the respective voxel's children. Our method factorizes these mixtures into a series of linear interpolations between exactly two segmentation IDs. The result is represented as a directed acyclic graph (DAG) whose nodes are topologically ordered. Pruning replicate nodes in the tree followed by compression allows us to store the resulting data structure efficiently. During rendering, transfer functions are propagated from sources (leafs) through the DAG to allow for efficient, pre-filtered rendering at interactive frame rates. Assembly of histogram contributions across the footprint of a given volume allows us to efficiently query partial histograms, achieving up to 178 x speed-up over naive parallelized range queries. Additionally, we apply the Mixture Graph to compute correctly pre-filtered volume lighting and to interactively explore segments based on shape, geometry, and orientation using multi-dimensional transfer functions.",2020.0,IEEE Transactions on Visualization and Computer Graphics,11,10.1109/tvcg.2020.3030451,33055035.0,2009.02702,JournalArticle,2020-09-06,https://www.semanticscholar.org/paper/a12cbc0334cdab23214f7913300cb00268b7ccf1,Computer Science,Computer Science|s2-fos-model,Khaled A. Althelaya; Marco Agus; J. Schneider,,network_science,1hop_citations,False,,,,graph,,query;visualization,,,,4,0,4,False,False,recovered_keep_false,False,False,False,False,True,False,True,role_bridge_review
b9ddf9a6dd2e219009668022ea44a633e2c43a82,Culling for Extreme-Scale Segmentation Volumes: A Hybrid Deterministic and Probabilistic Approach,"With the rapid increase in raw volume data sizes, such as terabyte-sized microscopy volumes, the corresponding segmentation label volumes have become extremely large as well. We focus on integer label data, whose efficient representation in memory, as well as fast random data access, pose an even greater challenge than the raw image data. Often, it is crucial to be able to rapidly identify which segments are located where, whether for empty space skipping for fast rendering, or for spatial proximity queries. We refer to this process as culling. In order to enable efficient culling of millions of labeled segments, we present a novel hybrid approach that combines deterministic and probabilistic representations of label data in a data-adaptive hierarchical data structure that we call the label list tree. In each node, we adaptively encode label data using either a probabilistic constant-time access representation for fast conservative culling, or a deterministic logarithmic-time access representation for exact queries. We choose the best data structures for representing the labels of each spatial region while building the label list tree. At run time, we further employ a novel query-adaptive culling strategy. While filtering a query down the tree, we prune it successively, and in each node adaptively select the representation that is best suited for evaluating the pruned query, depending on its size. We show an analysis of the efficiency of our approach with several large data sets from connectomics, including a brain scan with more than 13 million labeled segments, and compare our method to conventional culling approaches. Our approach achieves significant reductions in storage size as well as faster query times.",2019.0,IEEE Transactions on Visualization and Computer Graphics,13,10.1109/tvcg.2018.2864847,30136947.0,,JournalArticle,2019-01-01,https://www.semanticscholar.org/paper/b9ddf9a6dd2e219009668022ea44a633e2c43a82,Computer Science,Computer Science|s2-fos-model,Johanna Beyer; Haneen Mohammed; Marco Agus; Ali K. Al-Awami; H. Pfister; Markus Hadwiger,,,1hop_citations;1hop_references,False,,connectom,,graph,,query;storage;visualization,,,,2,1,3,False,False,recovered_keep_false,False,False,False,False,True,False,True,role_bridge_review
75a1a31a3c89529a68fbcd43e1b919bf114124a0,Spatial-data-driven layouting for brain network visualization,,2022.0,Computers & graphics,11,,,,JournalArticle,,https://www.semanticscholar.org/paper/75a1a31a3c89529a68fbcd43e1b919bf114124a0,Computer Science,Computer Science|s2-fos-model,F. Ganglberger; Monika Wißmann; Hsiang-Yun Wu; Nicolas Swoboda; Andrea Thum; W. Haubensak; Katja Bühler,,,1hop_citations;1hop_references,False,,,,graph,,visualization,,,,3,2,5,False,False,recovered_keep_false,False,False,False,False,True,False,True,role_bridge_review
85ab16854285cadba3327a69bf9b528b05d060b9,The Drosophila Mushroom Body: From Architecture to Algorithm in a Learning Circuit.,"The Drosophila brain contains a relatively simple circuit for forming Pavlovian associations, yet it achieves many operations common across memory systems. Recent advances have established a clear framework for Drosophila learning and revealed the following key operations: a) pattern separation, whereby dense combinatorial representations of odors are preprocessed to generate highly specific, nonoverlapping odor patterns used for learning; b) convergence, in which sensory information is funneled to a small set of output neurons that guide behavioral actions; c) plasticity, where changing the mapping of sensory input to behavioral output requires a strong reinforcement signal, which is also modulated by internal state and environmental context; and d) modularization, in which a memory consists of multiple parallel traces, which are distinct in stability and flexibility and exist in anatomically well-defined modules within the network. Cross-module interactions allow for higher-order effects where past experience influences future learning. Many of these operations have parallels with processes of memory formation and action selection in more complex brains. Expected final online publication date for the Annual Review of Neuroscience, Volume 43 is July 8, 2020. Please see http://www.annualreviews.org/page/journal/pubdates for revised estimates.",2020.0,Annual Review of Neuroscience,180,10.1146/annurev-neuro-080317-0621333,32283995.0,,JournalArticle;Review,2020-04-13,https://www.semanticscholar.org/paper/85ab16854285cadba3327a69bf9b528b05d060b9,Biology,Biology|s2-fos-model,M. Modi; Yichun Shuai; Glenn C. Turner,,,1hop_citations;1hop_references,False,,,,modular,,,,,,1,12,13,False,False,recovered_keep_false,False,False,False,False,False,True,True,role_bridge_review
88295bee8c77510cc9afd119c4a6505bd41c1144,Three-Dimensional Reconstruction of Serial Mouse Brain Sections: Solution for Flattening High-Resolution Large-Scale Mosaics,"Recent advances in high-throughput technology facilitate massive data collection and sharing, enabling neuroscientists to explore the brain across a large range of spatial scales. One such form of high-throughput data collection is the construction of large-scale mosaic volumes using light microscopy (Chow et al., 2006; Price et al., 2006). With this technology, researchers can collect and analyze high-resolution digitized volumes of whole brain sections down to 0.2 μm. However, until recently, scientists lacked the tools to easily handle these large high-resolution datasets. Furthermore, artifacts resulting from specimen preparation limited volume reconstruction using this technique to only a single tissue section. In this paper, we carefully describe the steps we used to digitally reconstruct a series of consecutive mouse brain sections labeled with three stains, a stain for blood vessels (DiI), a nuclear stain (TO-PRO-3), and a myelin stain (FluoroMyelin). These stains label important neuroanatomical landmarks that are used for stacking the serial sections during reconstruction. In addition, we show that the use of two software applications, ir-Tweak and Mogrifier, in conjunction with a volume flattening procedure enable scientists to adeptly work with digitized volumes despite tears and thickness variations within tissue sections. These applications make processing large-scale brain mosaics more efficient. When used in combination with new database resources, these brain maps should allow researchers to extend the lifetime of their specimens indefinitely by preserving them in digital form, making them available for future analyses as our knowledge in the field of neuroscience continues to expand.",2011.0,Frontiers in Neuroanatomy,42,10.3389/fnana.2011.00017,21629828.0,,JournalArticle,2011-03-07,https://www.semanticscholar.org/paper/88295bee8c77510cc9afd119c4a6505bd41c1144,Biology;Computer Science,Biology|s2-fos-model;Computer Science|s2-fos-model,M. Berlanga; S. Phan; E. Bushong; Stephanie Wu; O. Kwon; B. S. Phung; S. Lamont; M. Terada; T. Tasdizen; M. Martone; Mark Ellisman,,,1hop_references,False,,,serial section,,,database,,,,0,2,2,False,False,recovered_keep_false,False,False,False,False,True,False,True,role_bridge_review
b3ba6806dda13ca426245a4d1ed0597cf12e89f3,DP2: Distributed 3D image segmentation using micro-labor workforce,"Summary: This application note describes a new scalable semi-automatic approach, the Dual Point Decision Process, for segmentation of 3D structures contained in 3D microscopy. The segmentation problem is distributed to many individual workers such that each receives only simple questions regarding whether two points in an image are placed on the same object. A large pool of micro-labor workers available through Amazon’s Mechanical Turk system provides the labor in a scalable manner. Availability and implementation: Python-based code for non-commercial use and test data are available in the source archive at https://sites.google.com/site/imagecrowdseg/. Contact: rgiuly@ucsd.edu Supplementary information: Supplementary data are available at Bioinformatics online.",2013.0,Bioinform.,23,10.1093/bioinformatics/btt154,23574738.0,,JournalArticle,2013-04-10,https://www.semanticscholar.org/paper/b3ba6806dda13ca426245a4d1ed0597cf12e89f3,Computer Science;Engineering,Computer Science|s2-fos-model;Engineering|s2-fos-model,R. Giuly; Keun-Young Kim; Mark Ellisman,,,1hop_citations;1hop_references,False,,,,,,distributed,,workforce,,1,2,3,False,False,recovered_keep_false,False,True,False,False,True,False,True,role_bridge_review
8d3218139c8b19e935b656a5b5daad4d323f3e4a,A semi-automated approach to dense segmentation of 3D white matter electron microscopy,"Purpose Neuroscience methods working on widely different scales can complement and inform each other. At the macroscopic scale, magnetic resonance imaging methods that estimate microstructural measures have much to gain from ground truth validation and models based on accurate measurement of that microstructure. We present an approach to generate rich and accurate geometric models of white matter microstructure through dense segmentation of 3D electron microscopy (EM). Methods Volumetric data of the white matter of the genu of the corpus callosum of the adult mouse brain were acquired using serial blockface scanning electron microscopy (SBF-SEM). A segmentation pipeline was developed to separate the 3D EM data into compartments and individual cellular and subcellular constituents, making use of established tools as well as newly developed algorithms to achieve accurate segmentation of various compartments. Results The volume was segmented into six compartments comprising myelinated axons (axon, myelin sheath, nodes of Ranvier), oligodendrocytes, blood vessels, mitochondria, and unmyelinated axons. The myelinated axons had an average inner diameter of 0.56 μm and an average outer diameter of 0.87 μm. The diameter of unmyelinated axons was 0.43 μm. A mean g-ratio of 0.61 was found for myelinated axons, but the g-ratio was highly variable between as well as within axons. Conclusion The approach for segmentation of 3D EM data yielded a dense annotation of a range of white matter compartments that can be interrogated for their properties and used for in silico experiments of brain structure. We provide the resulting dense annotation as a resource to the neuroscience community.",2020.0,bioRxiv,10,10.1101/2020.03.19.979393,,,,2020-03-20,https://www.semanticscholar.org/paper/8d3218139c8b19e935b656a5b5daad4d323f3e4a,Medicine,Medicine|s2-fos-model,M. Kleinnijenhuis; Errin Johnson; J. Mollink; S. Jbabdi; K. Miller,,,1hop_citations,False,,,electron microscopy;sbf-sem,community,annotation,annotation,,,,2,0,2,False,False,recovered_keep_false,False,False,False,False,True,False,True,role_bridge_review
a9c066cbba03b5fda843db3ab20a9ae212cd89d2,TeraVR empowers precise reconstruction of complete 3-D neuronal morphology in the whole brain,"Neuron morphology is recognized as a key determinant of cell type, yet the quantitative profiling of a mammalian neuron’s complete three-dimensional (3-D) morphology remains arduous when the neuron has complex arborization and long projection. Whole-brain reconstruction of neuron morphology is even more challenging as it involves processing tens of teravoxels of imaging data. Validating such reconstructions is extremely laborious. We develop TeraVR, an open-source virtual reality annotation system, to address these challenges. TeraVR integrates immersive and collaborative 3-D visualization, interaction, and hierarchical streaming of teravoxel-scale images. Using TeraVR, we have produced precise 3-D full morphology of long-projecting neurons in whole mouse brains and developed a collaborative workflow for highly accurate neuronal reconstruction. Reconstructing the full shape of neurons is a major informatics challenge as it requires handling huge whole-brain imaging datasets. Here the authors present an open-source virtual reality annotation system for precise and efficient data production of neuronal shapes reconstructed from whole brains.",2019.0,Nature Communications,89,10.1038/s41467-019-11443-y,31375678.0,,JournalArticle,2019-04-28,https://www.semanticscholar.org/paper/a9c066cbba03b5fda843db3ab20a9ae212cd89d2,Computer Science,Computer Science|s2-fos-model,Yimin Wang; Qi Li; Lijuan Liu; Zhi Zhou; Yun Wang; Lingsheng Kong; Ning Zhong; R. Chai; Xiangfeng Luo; Yike Guo; M. Hawrylycz; Qingming Luo; Zhongze Gu; Wei Xie; Hongkui Zeng; Hanchuan Peng,,,1hop_citations;1hop_references,False,,,,,annotation,annotation;visualization,,,,2,0,2,False,False,recovered_keep_false,False,False,False,False,True,False,True,role_bridge_review
17356a69dd1a1a0708e927aa8fc2279d399dcd76,CIRCUIT summer program: A computational neuroscience outreach experience for high-achieving undergraduates via sponsored research,,2018.0,International Symposium on Electronic Commerce,2,10.1109/isecon.2018.8340503,,,Conference,2018-03-01,https://www.semanticscholar.org/paper/17356a69dd1a1a0708e927aa8fc2279d399dcd76,Computer Science;Education,Computer Science|s2-fos-model;Education|s2-fos-model,M. Encarnacíon; C. Bishop; Joseph Downs; Nathan Drenkow; Jordan K. Matelsky; P. Rivlin; Brock Andrew Wester; William Gray-Roncal,,,1hop_citations,False,,,,,,,,outreach;undergraduate,,1,0,1,False,False,recovered_keep_false,False,True,False,False,False,False,True,role_bridge_review
499d11a3929db6d5b9aa1324c40bd6970d0c39e8,Multilayer Analysis and Visualization of Networks,"Multilayer relationships among entities and information about entities must be accompanied by the means to analyse, visualize and obtain insights from such data. We present open-source software (muxViz) that contains a collection of algorithms for the analysis of multilayer networks, which are an important way to represent a large variety of complex systems throughout science and engineering. We demonstrate the ability of muxViz to analyse and interactively visualize multilayer data using empirical genetic, neuronal and transportation networks. Our software is available at https://github.com/manlius/muxViz.",2014.0,J. Complex Networks,406,10.1093/comnet/cnu038,,1405.0843,JournalArticle,2014-05-05,https://www.semanticscholar.org/paper/499d11a3929db6d5b9aa1324c40bd6970d0c39e8,Computer Science;Engineering;Mathematics,Computer Science|s2-fos-model;Engineering|s2-fos-model;Mathematics|s2-fos-model,M. Domenico; M. Porter; A. Arenas,,,1hop_references,False,,,,,,visualization,,,,0,2,2,False,False,recovered_keep_false,False,False,False,False,True,False,True,role_bridge_review
c020d47223c05e48018330326b88307471da3793,Ce -NeRV3D - a C. elegans Neuron RNA-seq Visualization tool in 3D,"Caenorhabditis elegans provides a tractable model for neural circuit studies, with complete connectomes and single-cell transcriptomic atlases available. Here, we present Ce -NeRV3D ( C. elegans Neuron RNA-seq Visualization tool in 3D), a Blender plug-in that allows visualizing the expression patterns of an unlimited number of genes within the worm's 3D nervous system. The tool enables users to explore the spatial distribution of gene co-expression with customizable color mapping, overlay single-cell RNA sequencing data onto the anatomical structure, and interactively examine transcriptomic datasets in the context of detailed neural anatomy.",2025.0,microPublication Biology,0,10.17912/micropub.biology.001830,41210177.0,,JournalArticle,2025-10-24,https://www.semanticscholar.org/paper/c020d47223c05e48018330326b88307471da3793,Biology;Computer Science,Biology|s2-fos-model;Computer Science|s2-fos-model,Luca Golinelli; M. Istiban; Jan Watteyne; L. Temmerman; Isabel Beets,,,1hop_citations,False,,connectom,,,,visualization,,,,3,0,3,False,False,recovered_keep_false,False,False,False,False,True,False,True,role_bridge_review
9ceeec0f14bb81b9c917a5f3b6541316ded7ac39,A Framework for the Evaluation and Management of Network Centrality,"Network-analysis literature is rich in node-centrality measures that quantify the centrality of a node as a function of the (shortest) paths of the network that go through it. Existing work focuses on defining instances of such measures and designing algorithms for the specific combinatorial problems that arise for each instance. In this work, we propose a unifying definition of centrality that subsumes all path-counting based centrality definitions: e.g., stress, betweenness or paths centrality. We also define a generic algorithm for computing this generalized centrality measure for every node and every group of nodes in the network. Next, we define two optimization problems: k-Group Centrality Maximization and k-Edge Centrality Boosting. In the former, the task is to identify the subset of k nodes that have the largest group centrality. In the latter, the goal is to identify up to k edges to add to the network so that the centrality of a node is maximized. We show that both of these problems can be solved efficiently for arbitrary centrality definitions using our general framework. In a thorough experimental evaluation we show the practical utility of our framework and the efficacy of our algorithms.",2011.0,SDM,70,10.1137/1.9781611972825.37,,,JournalArticle;Conference,2011-10-13,https://www.semanticscholar.org/paper/9ceeec0f14bb81b9c917a5f3b6541316ded7ac39,Computer Science,Computer Science|s2-fos-model,Vatche Isahagian; D. Erdös; Evimaria Terzi; Azer Bestavros,,network_science,1hop_references,False,,,,centrality,,,,,,0,2,2,False,False,recovered_keep_false,False,False,False,False,False,True,True,role_bridge_review
34b77ee6c4e7d14bdac083929b739f4d88b86435,Using ChromaDepth to Obtain Inexpensive Single-image Stereovision for Scientific Visualization,,1998.0,"J. Graphics, GPU, & Game Tools",35,10.1080/10867651.1998.10487491,,,JournalArticle,1998-03-01,https://www.semanticscholar.org/paper/34b77ee6c4e7d14bdac083929b739f4d88b86435,Computer Science;Environmental Science,Computer Science|s2-fos-model;Environmental Science|s2-fos-model,M. Bailey; Dru Clark,,,1hop_references,False,,,,graph,,visualization,,,,0,2,2,False,False,recovered_keep_false,False,False,False,False,True,False,True,role_bridge_review
f2d3d3a6e6a670113042fccb7f3d0c2620583608,Entomology beyond research and education: 2022 student debates,"Abstract The 2022 student debates of the Entomological Society of America (ESA) happened during the Joint Annual Meeting of the Entomological Societies of America, Canada, and British Columbia in Vancouver, BC, and addressed entomological aspects beyond research and education. The Student Debates Subcommittee of the ESA Student Affairs Committee and the participating student team members communicated for 8 months and prepared for the debates. The theme of the ESA meeting in 2022 was “Entomology as inspiration: Insects through art, science, and culture”. There were 2 unbiased speakers who introduced the debate topics as well as 4 teams who debated the following 2 topics: (i) Is forensic entomology viable in criminal case investigations and court cases today? and (ii) Are insects being treated ethically in scientific research? The teams prepared for about 8 months, debated their arguments, and shared their thoughts with the audience. The teams were judged by a panel and the winners were recognized at the ESA Student Awards Session during the annual meeting.",2023.0,Journal of Insect Science,4,10.1093/jisesa/iead036,37279995.0,,JournalArticle,2023-05-01,https://www.semanticscholar.org/paper/f2d3d3a6e6a670113042fccb7f3d0c2620583608,Biology;Environmental Science;Education,Biology|s2-fos-model;Environmental Science|s2-fos-model;Education|s2-fos-model,R. K. Sandhi; Victoria Pickens; Elizabeth Bello; Sarah Elzay; S. Salgado; Kayleigh C. Hauri; John J. Ternest; Natalie Constancio; Scott W Gula; Olivia M. Gearner; Magdeline Anderson; Molly Edeburn; Brandon Hall; Jacqueline M. Maille; Mollie Toth; Arjun Khadka; Ethan M. Doherty; T. Musgrove; Tiago Silva; Alexia Desoto; Emily Rampone; D. Jocson; Mario N Luppino; Kellen Pautzke; Camille Wagstaff,,,1hop_citations,False,,,,,,,,education,,1,0,1,False,False,recovered_keep_false,False,True,False,False,False,False,True,role_bridge_review
7234495241b9d7393fb27182686eb065985fd647,Multi-layered maps of neuropil with segmentation-guided contrastive learning,"SegCLR automatically annotates segmented electron microscopy datasets of the brain with information such as cellular subcompartments and cell types, using a self-supervised contrastive learning approach. Maps of the nervous system that identify individual cells along with their type, subcellular components and connectivity have the potential to elucidate fundamental organizational principles of neural circuits. Nanometer-resolution imaging of brain tissue provides the necessary raw data, but inferring cellular and subcellular annotation layers is challenging. We present segmentation-guided contrastive learning of representations (SegCLR), a self-supervised machine learning technique that produces representations of cells directly from 3D imagery and segmentations. When applied to volumes of human and mouse cortex, SegCLR enables accurate classification of cellular subcompartments and achieves performance equivalent to a supervised approach while requiring 400-fold fewer labeled examples. SegCLR also enables inference of cell types from fragments as small as 10 μm, which enhances the utility of volumes in which many neurites are truncated at boundaries. Finally, SegCLR enables exploration of layer 5 pyramidal cell subtypes and automated large-scale analysis of synaptic partners in mouse visual cortex.",2022.0,bioRxiv,32,10.1038/s41592-023-02059-8,37985712.0,,JournalArticle,2022-11-08,https://www.semanticscholar.org/paper/7234495241b9d7393fb27182686eb065985fd647,Computer Science;Biology,Computer Science|s2-fos-model;Biology|s2-fos-model,S. Dorkenwald; Peter H. Li; Michał Januszewski; D. Berger; Jeremy B. Maitin-Shepard; A. Bodor; F. Collman; C. Schneider-Mizell; N. D. da Costa; J. Lichtman; Viren Jain,,,1hop_citations;1hop_references,False,,,electron microscopy;nanometer;synaptic,,annotation,annotation,,,,11,11,22,False,False,recovered_keep_false,False,False,False,False,True,False,True,role_bridge_review
bdb032d6601d88bf7c43d2569e582d99d63551fa,A neural circuit for context-dependent multimodal signaling in Drosophila,"Many animals produce multimodal displays that combine acoustic, visual, or vibratory signals, yet the neural mechanisms coordinating these behaviors remain unclear. Using Drosophila courtship as a model, we reveal how a single neural circuit integrates sensory cues and motivational state to orchestrate multimodal signaling. Male flies produce both air-borne song and substrate-borne vibrations during courtship, but in distinct, largely non-overlapping contexts. We demonstrate that the same brain neurons that drive song also control vibrations through separate pre-motor pathways, with cell-type specific dynamics. This shared circuit coordinates multimodal displays with locomotion, ensuring vibrations are produced only when they can effectively reach the female. The circuit employs shared motifs—recurrence and mutual inhibition—that enable dynamic control of multimodal signals by external cues and internal state. A computational model confirms that these motifs are sufficient to explain the observed behavioral dynamics. Our findings illustrate how simple neural circuit elements can be combined to select and coordinate complex multimodal behaviors. How animals coordinate the production of multimodal signals is poorly understood. Here, authors shows how a single neural circuit integrates social cues and motivational state to orchestrate signal production across modalities.",2025.0,Nature Communications,3,10.1038/s41467-025-64907-9,41145475.0,,JournalArticle,2025-10-27,https://www.semanticscholar.org/paper/bdb032d6601d88bf7c43d2569e582d99d63551fa,Biology,Biology|s2-fos-model,Elsa Steinfath; Afshin Khalili; Melanie Stenger; Bjarne L Schultze; Sarath Ravindran Nair; Kimia Alizadeh; Jan Clemens,,network_science,1hop_citations,False,,,,motif,,,,,,4,0,4,False,False,recovered_keep_false,False,False,False,False,False,True,True,role_bridge_review
c9379cf250a7979691452a00843f1ad6fe4801ae,Sparse Graph Reconstruction and Seriation for Large-Scale Image Stacks,"We study recovering a 1D order from a noisy, locally sampled pairwise comparison matrix under a tight query budget. We recast the task as reconstructing a sparse, noisy line graph and present, to our knowledge, the first method that provably builds a sparse graph containing all edges needed for exact seriation using only O(N(log N + K)) oracle queries, which is near-linear in N for fixed window K. The approach is parallelizable and supports both binary and bounded-noise distance oracles. Our five-stage pipeline consists of: (i) a random-hook Boruvka step to connect components via short-range edges in O(N log N) queries; (ii) iterative condensation to bound graph diameter; (iii) a double-sweep BFS to obtain a provisional global order; (iv) fixed-window densification around that order; and (v) a greedy SuperChain that assembles the final permutation. Under a simple top-1 margin and bounded relative noise we prove exact recovery; empirically, SuperChain still succeeds when only about 2N/3 of true adjacencies are present. On wafer-scale serial-section EM, our method outperforms spectral, MST, and TSP baselines with far fewer comparisons, and is applicable to other locally structured sequencing tasks such as temporal snapshot ordering, archaeological seriation, and playlist/tour construction.",2025.0,arXiv.org,1,10.48550/arxiv.2509.23084,,2509.23084,JournalArticle,2025-09-27,https://www.semanticscholar.org/paper/c9379cf250a7979691452a00843f1ad6fe4801ae,Computer Science,Computer Science|s2-fos-model,Fuming Yang; Y. Meirovitch; J. Lichtman,,network_science,1hop_citations;1hop_references,False,,,,graph,,query,,,,2,1,3,False,False,recovered_keep_false,False,False,False,False,True,False,True,role_bridge_review
55d3f4b32e2ef33b6dcdcc0baf791976a407bc33,A distribution-aware semi-supervised pipeline for cost-effective neuron segmentation,"Semi-supervised learning offers a cost-effective approach for neuron segmentation in electron microscopy (EM) volumes. This technique leverages extensive unlabeled data to regularize supervised training for more robust predictions of neuron boundaries. However, the distribution mismatch between labeled and unlabeled data, due to limited annotations and diverse neuronal structures, can cause unreliable predictions on unlabeled data, thus limiting the generalization of semi-supervised models. In this paper, we develop a distribution-aware pipeline to address the inherent mismatch issue and enhance semi-supervised neuron segmentation in EM volumes. At the data level, we propose an unsupervised heuristic to select valuable sub-volumes as labeled data based on distribution similarity in a pretrained feature space, ensuring a representative coverage of neuronal structures. At the model level, we introduce an axial-through mixing strategy into anisotropic neuron segmentation and integrate it into a semi-supervised framework. Building on this, we establish cross-view consistency constraints through intra- and inter-mixing of labeled and unlabeled data, which facilitates the learning of shared semantics across distributions. Extensive experiments on public EM datasets from multiple species, imaging modalities, and resolutions demonstrate the effectiveness of our method. Codes and demos are available at https://github.com/yanchaoz/SL-SSNS.",2025.0,bioRxiv,0,10.1016/j.isci.2025.114507,41550775.0,,JournalArticle,2025-06-17,https://www.semanticscholar.org/paper/55d3f4b32e2ef33b6dcdcc0baf791976a407bc33,Computer Science;Biology,Computer Science|s2-fos-model;Biology|s2-fos-model,Yanchao Zhang; Hao Zhai; Jinyue Guo; Jing Liu; Qiwei Xie; Hua Han,,,1hop_citations,False,,,electron microscopy,,annotation,annotation,,training,,3,0,3,False,False,recovered_keep_false,False,False,False,False,True,False,True,role_bridge_review
03eaf38f4dfc0a5afa6f2cdf4320e63fa858300a,Flexible circuit mechanisms for context-dependent song sequencing,"Insights into the underlying neuronal circuitry of the Drosophila song production system are provided using song patterning of males near versus far from the female. Sequenced behaviours, including locomotion, reaching and vocalization, are patterned differently in different contexts, enabling animals to adjust to their environments. How contextual information shapes neural activity to flexibly alter the patterning of actions is not fully understood. Previous work has indicated that this could be achieved via parallel motor circuits, with differing sensitivities to context^ 1 , 2 . Here we demonstrate that a single pathway operates in two regimes dependent on recent sensory history. We leverage the Drosophila song production system^ 3 to investigate the role of several neuron types^ 4 – 7 in song patterning near versus far from the female fly. Male flies sing ‘simple’ trains of only one mode far from the female fly but complex song sequences comprising alternations between modes when near her. We find that ventral nerve cord (VNC) circuits are shaped by mutual inhibition and rebound excitability^ 8 between nodes driving the two song modes. Brief sensory input to a direct brain-to-VNC excitatory pathway drives simple song far from the female, whereas prolonged input enables complex song production via simultaneous recruitment of functional disinhibition of VNC circuitry. Thus, female proximity unlocks motor circuit dynamics in the correct context. We construct a compact circuit model to demonstrate that the identified mechanisms suffice to replicate natural song dynamics. These results highlight how canonical circuit motifs^ 8 , 9 can be combined to enable circuit flexibility required for dynamic communication.",2023.0,Nature,21,10.1038/s41586-023-06632-1,37821705.0,,JournalArticle,2023-10-11,https://www.semanticscholar.org/paper/03eaf38f4dfc0a5afa6f2cdf4320e63fa858300a,Biology,Biology|s2-fos-model,Frederic A. Roemschied; Diego A. Pacheco; M. J. Aragon; Elise C. Ireland; Xinping Li; Kyle Thieringer; Rich Pang; M. Murthy,,network_science,1hop_citations,False,,,,motif,,,,,,2,0,2,False,False,recovered_keep_false,False,False,False,False,False,True,True,role_bridge_review
ab795aa110ae59bd3606ea61be9986d4776db849,A network science approach of the macroscopic organization of the brain: analysis of structural and functional brain networks in health and disease,"The brain is composed of massively connected elements arranged into modules that form hierarchical networks. Experimental evidence reveals a well-defined connectivity design, characterized by the presence of strategically connected core nodes that critically contribute to resilience and maintain stability in interacting brain networks. Certain brain pathologies, such as Alzheimer's disease and alcohol use disorder, are thought to be a consequence of cascading maladaptive processes that alter normal connectivity. These findings have greatly contributed to the development of network neuroscience to understand the macroscopic organization of the brain.
 This thesis focuses on the application of network science tools to investigate structural and functional brain networks in health and disease. To accomplish this goal, three specific studies are conducted using human and rodent data recorded with MRI and tracing technologies.
In the first study, we examine the relationship between structural and functional connectivity in the rat cortical network. Using a detailed cortical structural matrix obtained from published histological tracing data, we first compare structural connections in the rat cortex with their corresponding spontaneous correlations extracted empirically from fMRI data. We then show the results of this comparison by relating structural properties of brain connectivity to the functional modularity of resting-state networks. Specifically, we study link reciprocity in both intra- and inter-modular connections as well as the structural motif frequency spectrum within functionally defined modules. Overall, our results provide further evidence that structural connectivity is coupled to and shapes functional connectivity in cortical networks.
The pathophysiological process of Alzheimer's disease is thought to begin years before clinical decline, with evidence suggesting pahtogenic seeding and subsequent prion-like spreading processes of neurofibrillary tangles and amyloid plaques. In the second study of this thesis, we investigate whether structural brain networks as measured with dMRI could serve as a complementary diagnostic tool in prodromal dementia. Using imaging data from the ADNI database, we first aim to implement machine learning techniques to extract centrality features that are altered in Alzheimer's dementia. We then incorporate data from the NKI database and create dynamical models of normal aging and Alzheimer's disease to estimate the earliest detectable stage associated with dementia in the simulated disease progression. Our model results suggest that changes associated with dementia begin to manifest structurally at early stages.
Statistical dependence measures computed between BOLD signals can inform about brain functional states in studies of neurological and psychiatric disorders. Furthermore, its non-invasive nature allows comparable measurements between clinical and animal studies, providing excellent translational capabilities. In the last study, we apply the NBS method to investigate alterations in the resting-state functional connectivity of the rat brain in a PD state, an established animal model of clinical relevant features in alcoholism. The analysis reveal statistically significant differences in a connected subnetwork of structures with known relevance for addictive behaviors, hence suggesting potential targets for therapy.
This thesis provides three novel contributions to understand the healthy and pathological brain connectivity under the perspective of network science. The results obtained in this thesis underscore that brain network models offer further insights into the structure-function coupling in the brain. More importantly, this network perspective provides potential applications for the diagnosis and treatment of neurological and psychiatric disorders.",2018.0,,0,10.4995/thesis/10251/106966,,,,2018-09-10,https://www.semanticscholar.org/paper/ab795aa110ae59bd3606ea61be9986d4776db849,Medicine,Medicine|s2-fos-model,A. Parra,,health_translation;network_science,1hop_citations,False,macroscale_only_no_positive_gate,,,centrality;modular;motif,,database,alzheimer;clinical;disease;disorder;patholog,,dmri;resting-state,2,0,2,False,False,recovered_keep_false,True,False,True,False,False,False,True,macroscale_role_bridge_review
aaacf4ad414d1800f4325cce6312081afc63895f,Microscopy Image Browser: A Platform for Segmentation and Analysis of Multidimensional Datasets,"Understanding the structure–function relationship of cells and organelles in their natural context requires multidimensional imaging. As techniques for multimodal 3-D imaging have become more accessible, effective processing, visualization, and analysis of large datasets are posing a bottleneck for the workflow. Here, we present a new software package for high-performance segmentation and image processing of multidimensional datasets that improves and facilitates the full utilization and quantitative analysis of acquired data, which is freely available from a dedicated website. The open-source environment enables modification and insertion of new plug-ins to customize the program for specific needs. We provide practical examples of program features used for processing, segmentation and analysis of light and electron microscopy datasets, and detailed tutorials to enable users to rapidly and thoroughly learn how to use the program.",2016.0,PLoS Biology,423,10.1371/journal.pbio.1002340,26727152.0,,JournalArticle;Review,2016-01-01,https://www.semanticscholar.org/paper/aaacf4ad414d1800f4325cce6312081afc63895f,Computer Science;Biology;Materials Science,Computer Science|s2-fos-model;Biology|s2-fos-model;Materials Science|s2-fos-model,I. Belevich; Merja Joensuu; Darshan Kumar; H. Vihinen; E. Jokitalo,,,1hop_citations;1hop_references,False,,,electron microscopy,,,visualization,,,,1,2,3,False,False,recovered_keep_false,False,False,False,False,True,False,True,role_bridge_review
f633f8e7a5bce87d6e0833b7312edeefee913fc4,Reducing Manual Operation Time to Obtain a Segmentation Learning Model for Volume Electron Microscopy Using Stepwise Deep Learning With Manual Correction.,"Three-dimensional (3D) observation of a biological sample using serial-section electron microscopy is widely used. However, organelle segmentation requires a significant amount of manual time. Therefore, several studies have been conducted to improve their efficiency. One such promising method is 3D deep learning (DL), which is highly accurate. However, the creation of training data for 3D DL still requires manual time and effort. In this study, we developed a highly efficient integrated image segmentation tool that includes stepwise DL with manual correction. The tool has four functions: efficient tracers for annotation, model training/inference for organelle segmentation using a lightweight convolutional neural network, efficient proofreading, and model refinement. We applied this tool to increase the training data step by step (stepwise annotation method) to segment the mitochondria in the cells of the cerebral cortex. We found that the stepwise annotation method reduced the manual operation time by one-third compared with that of the fully manual method, where all the training data were created manually. Moreover, we demonstrated that the F1 score, the metric of segmentation accuracy, was 0.9 by training the 3D DL model with these training data. The stepwise annotation method using this tool and the 3D DL model improved the segmentation efficiency for various organelles.",2021.0,Microscopy,5,10.1093/jmicro/dfab025,34259875.0,,JournalArticle,2021-07-14,https://www.semanticscholar.org/paper/f633f8e7a5bce87d6e0833b7312edeefee913fc4,Computer Science;Biology,Computer Science|s2-fos-model;Biology|s2-fos-model,Kohki Konishi; T. Nonaka; Shunsuke Takei; K. Ohta; H. Nishioka; M. Suga,,proofreading_qc,1hop_citations,False,,,electron microscopy;volume electron,,annotation;proofread,annotation,,training,,2,0,2,False,False,recovered_keep_false,False,False,False,False,True,False,True,role_bridge_review
1e1dbc4af792886a7f18db346f9075e7c040230d,"Small-world connectivity, motif composition, and complexity of fractal neuronal connections.",,2006.0,Bio Systems,212,10.1016/j.biosystems.2006.02.008,16757100.0,,JournalArticle;Study,2006-07-01,https://www.semanticscholar.org/paper/1e1dbc4af792886a7f18db346f9075e7c040230d,Biology;Computer Science,Biology|s2-fos-model;Computer Science|s2-fos-model,O. Sporns,,network_science,1hop_references,False,,,,motif;small-world,,,,,,0,2,2,False,False,recovered_keep_false,False,False,False,False,False,True,True,role_bridge_review
c0f949b577595cd557e5d5247e82d56e54fba1f6,From neurons to novelty: Circuit mechanisms shaping courtship evolution,"The vast diversity of animal behaviors has long inspired ethologists and neuroscientists, but circuit mechanisms driving this variation remain elusive. Recent advances in genetic tools and comparative approaches have enabled unprecedented insights into how neural circuits evolve to produce behavioral novelty. Here we focus on the discoveries emerging from the study of courtship behaviors, which are particularly well poised to capitalize on these advances. Comparative studies of sensory and motor circuits have begun to demonstrate that evolution can act through diverse mechanisms. The modular organization of courtship-controlling circuits emerges as a key feature facilitating rapid evolutionary innovation while maintaining essential functions. Changes in the neuronal composition of circuits, by both cellular and subcellular mechanisms, represent common mechanisms. Organisms may even carry vestigial circuits with the latent potential to be repurposed for new behavioral paradigms. We highlight how understanding the ‘extended nervous system’ of a species has begun to provide these critical insights into courtship evolution and offers fertile ground for future discoveries. As comparative approaches expand beyond model organisms, evolutionary neuroscience is on the cusp of revealing the principles governing behavioral diversity in nature.",2025.0,Current Opinion in Neurobiology,0,10.1016/j.conb.2025.103137,41242130.0,,Review;JournalArticle,2025-11-15,https://www.semanticscholar.org/paper/c0f949b577595cd557e5d5247e82d56e54fba1f6,Biology,Biology|s2-fos-model,Philipp Brand; Rory T. Coleman,,,1hop_citations,False,,,,modular,,,,,,2,0,2,False,False,recovered_keep_false,False,False,False,False,False,True,True,role_bridge_review
7fdc9d20268b9fa55eaad178194b5b714932dfc1,Exploring Cortical Interneurons in Substance Use Disorder: From Mechanisms to Therapeutic Perspectives,"Interneurons (INs) play a crucial role in the regulation of neural activity within the medial prefrontal cortex (mPFC), a brain region critically involved in executive functions and behavioral control. In recent preclinical studies, dysregulation of INs in the mPFC has been implicated in the pathophysiology of substance use disorder, characterized by vulnerability to chronic drug use. Here, we explore the diversity of mPFC INs and their connectivity and roles in vulnerability to addiction. We also discuss how these INs change over time with drug exposure. Finally, we focus on noninvasive brain stimulation as a therapeutic approach for targeting INs in substance use disorder, highlighting its potential to restore neural circuits.",2025.0,The Neuroscientist,3,10.1177/10738584241310156,39772845.0,,Review;JournalArticle,2025-01-08,https://www.semanticscholar.org/paper/7fdc9d20268b9fa55eaad178194b5b714932dfc1,Medicine;Psychology,Medicine|s2-fos-model;Psychology|s2-fos-model,S. Shi; Tianzhen Chen; Hang Su; Min Zhao,,,1hop_citations,False,,,,,,,clinical;disorder,,,2,0,2,False,False,recovered_keep_false,False,False,True,False,False,False,True,role_bridge_review
c6e703cd4a2425047ba7490039cc9b41e248aeb8,Two- and three-dimensional electron microscopy techniques: powerful tools for studying the brain under physiological and pathological conditions,"We are in the midst of a revolution in the fields of neuroanatomy and electron microscopy. The monumental advancements in the neuroscience field during the last decade have led to unprecedented scientific discoveries about our brain and to the development of new technologies and applications that have significantly contributed to such advances. Conventional applications of transmission electron microscopy have revolutionized neurosciences and are critical for determining the fine morpho-functional characterization of brain cells and their connections. Electron microscopy has progressively evolved toward the development of both more sensitive approaches to unravel the bidimensional subcellular localization of proteins and tools that allow for the three-dimensional characterization of different nerve cells and their connections. The development of new technological advances in two- and three-dimensional electron microscopy to study and map the brain has led to the development of essential tools to decipher the complexity of the brain. For two-dimensional, the sodium dodecyl sulfate-digested freeze-fracture replica labeling technique is a technique with the main goal of chemically identifying the structural components viewed in freeze-fracture replicas and has significant advantages over conventional immunoelectron microscopic techniques for revealing the subcellular organization of proteins along the neuronal surface in the brain. For three-dimensional, volume electron microscopy methods can be applied to structural studies of cell components and organelles, just as conventional transmission electron microscopy has been traditionally applied, but with advantages derived from the possibility of three-dimensional visualization and analysis. The development of volume electron microscopy has greatly facilitated the study of brain structure and connectivity at the synaptic level. Dedicated software tools for the analysis of highly complex connectivity patterns in three dimension are evolving in parallel, allowing the extraction of relevant information from large datasets. Moreover, by applying these new methodologies, the field of pathology is expected to advance, potentially with the identification of the pathogenesis generating these diseases. This review aims to present the possibilities and fundamentals of two- and three-dimensional electron microscopy for high-resolution ultrastructural analyses of neurons and their connections. These technological tools have improved the ability to study the brain, thus providing new insights into brain structure and function.",2024.0,Advanced Technology in Neuroscience,5,10.4103/atn.atn-d-24-00009,,,JournalArticle;Review,2024-11-29,https://www.semanticscholar.org/paper/c6e703cd4a2425047ba7490039cc9b41e248aeb8,Medicine;Biology,Medicine|s2-fos-model;Biology|s2-fos-model,Rafael Luján; M. Turégano-Lopez; C. Aguado; Á. Merchán-Pérez,,health_translation,1hop_citations,False,,,electron microscopy;synaptic;ultrastruct;volume electron,,,visualization,disease;patholog,,,6,0,6,False,False,recovered_keep_false,False,False,False,False,True,False,True,role_bridge_review
e4e39405d8a1539689d07568fefd62685312169a,Clinical parameters affect the structure and function of superficial pyramidal neurons in the adult human neocortex,"Abstract The interplay between neuronal structure and function underpins the dynamic nature of neocortical networks. Despite extensive studies in animal models, our understanding of structure–function interrelations in the adult human brain remains incomplete. Recent methodological advances have facilitated the functional analysis of individual neurons within the human neocortex, providing a new understanding of fundamental brain processes. However, the factors contributing to patient-specific neuronal properties have not been thoroughly explored. In this observational study, we investigated the structural and functional variability of superficial pyramidal neurons in the adult human neocortex. Using whole-cell patch-clamp recordings and post hoc analyses of dendritic spine morphology in acute neocortical slice preparations from surgical resections of seven patients, we assessed age-related effects on excitatory neurotransmission, membrane properties and dendritic spine morphologies. These results specify age as an endogenous factor that might affect the structural and functional properties of superficial pyramidal neurons.",2024.0,Brain Communications,4,10.1093/braincomms/fcae351,39474044.0,,JournalArticle,2024-10-07,https://www.semanticscholar.org/paper/e4e39405d8a1539689d07568fefd62685312169a,Medicine,Medicine|s2-fos-model,M. Lenz; Pia Kruse; Amelie Eichler; Jakob Straehle; Hanna Hemeling; Phyllis Stöhr; Jürgen Beck; Andreas Vlachos,,health_translation,1hop_citations,False,,,,,,,clinical;human brain;patient,,,2,0,2,False,False,recovered_keep_false,False,False,True,False,False,False,True,role_bridge_review
565faa100592396d6f7cfb751bb87a7b357e872b,Unambiguous identification of asymmetric and symmetric synapses using volume electron microscopy,"The brain contains thousands of millions of synapses, exhibiting diverse structural, molecular, and functional characteristics. However, synapses can be classified into two primary morphological types: Gray’s type I and type II, corresponding to Colonnier’s asymmetric (AS) and symmetric (SS) synapses, respectively. AS and SS have a thick and thin postsynaptic density, respectively. In the cerebral cortex, since most AS are excitatory (glutamatergic), and SS are inhibitory (GABAergic), determining the distribution, size, density, and proportion of the two major cortical types of synapses is critical, not only to better understand synaptic organization in terms of connectivity, but also from a functional perspective. However, several technical challenges complicate the study of synapses. Potassium ferrocyanide has been utilized in recent volume electron microscope studies to enhance electron density in cellular membranes. However, identifying synaptic junctions, especially SS, becomes more challenging as the postsynaptic densities become thinner with increasing concentrations of potassium ferrocyanide. Here we describe a protocol employing Focused Ion Beam Milling and Scanning Electron Microscopy for studying brain tissue. The focus is on the unequivocal identification of AS and SS types. To validate SS observed using this protocol as GABAergic, experiments with immunocytochemistry for the vesicular GABA transporter were conducted on fixed mouse brain tissue sections. This material was processed with different concentrations of potassium ferrocyanide, aiming to determine its optimal concentration. We demonstrate that using a low concentration of potassium ferrocyanide (0.1%) improves membrane visualization while allowing unequivocal identification of synapses as AS or SS.",2024.0,Frontiers in Neuroanatomy,11,10.3389/fnana.2024.1348032,38645671.0,,JournalArticle,2024-04-05,https://www.semanticscholar.org/paper/565faa100592396d6f7cfb751bb87a7b357e872b,Biology,Biology|s2-fos-model,N. Cano-Astorga; S. Plaza-Alonso; M. Turégano-Lopez; José Rodrigo-Rodríguez; Á. Merchán-Pérez; Javier DeFelipe,,,1hop_citations,False,,,electron microscopy;synapse;synaptic;volume electron,,,visualization,,,,5,0,5,False,False,recovered_keep_false,False,False,False,False,True,False,True,role_bridge_review
22a68d81c431c6bf930aced241ca21dedc8cf01d,Technical report: surgical preparation of human brain tissue for clinical and basic research,"The study of the distinct structure and function of the human central nervous system, both in healthy and diseased states, is becoming increasingly significant in the field of neuroscience. Typically, cortical and subcortical tissue is discarded during surgeries for tumors and epilepsy. Yet, there is a strong encouragement to utilize this tissue for clinical and basic research in humans. Here, we describe the technical aspects of the microdissection and immediate handling of viable human cortical access tissue for basic and clinical research, highlighting the measures needed to be taken in the operating room to ensure standardized procedures and optimal experimental results. In multiple rounds of experiments (n = 36), we developed and refined surgical principles for the removal of cortical access tissue. The specimens were immediately immersed in cold carbogenated N-methyl-D-glucamine-based artificial cerebrospinal fluid for electrophysiology and electron microscopy experiments or specialized hibernation medium for organotypic slice cultures. The surgical principles of brain tissue microdissection were (1) rapid preparation (<1 min), (2) maintenance of the cortical axis, (3) minimization of mechanical trauma to sample, (4) use of pointed scalpel blade, (5) avoidance of cauterization and blunt preparation, (6) constant irrigation, and (7) retrieval of the sample without the use of forceps or suction. After a single round of introduction to these principles, multiple surgeons adopted the technique for samples with a minimal dimension of 5 mm spanning all cortical layers and subcortical white matter. Small samples (5–7 mm) were ideal for acute slice preparation and electrophysiology. No adverse events from sample resection were observed. The microdissection technique of human cortical access tissue is safe and easily adoptable into the routine of neurosurgical procedures. The standardized and reliable surgical extraction of human brain tissue lays the foundation for human-to-human translational research on human brain tissue.",2023.0,Acta Neurochirurgica,16,10.1007/s00701-023-05611-9,37147485.0,,JournalArticle,2023-05-06,https://www.semanticscholar.org/paper/22a68d81c431c6bf930aced241ca21dedc8cf01d,Medicine,Medicine|s2-fos-model,J. Straehle; V. Ravi; D. Heiland; C. Galanis; M. Lenz; Junyi Zhang; N. Neidert; A. El Rahal; I. Vasilikos; P. Kellmeyer; C. Scheiwe; J. Klingler; C. Fung; A. Vlachos; J. Beck; O. Schnell,,health_translation,1hop_citations,False,,,electron microscopy,,,,clinical;disease;epilep;human brain,,,2,0,2,False,False,recovered_keep_false,False,False,True,False,False,False,True,role_bridge_review
8656bd2710ea5080d4e77ed3b8a4f23b5120e16f,VolRoverN: Enhancing surface and volumetric reconstruction for realistic dynamical simulation of cellular and subcellular function,"Establishing meaningful relationships between cellular structure and function requires accurate morphological reconstructions. In particular, there is an unmet need for high quality surface reconstructions to model subcellular and synaptic interactions among neurons and glia at nanometer resolution. We address this need with VolRoverN, a software package that produces accurate, efficient, and automated 3D surface reconstructions from stacked 2D contour tracings. While many techniques and tools have been developed in the past for 3D visualization of cellular structure, the reconstructions from VolRoverN meet specific quality criteria that are important for dynamical simulations. These criteria include manifoldness, water-tightness, lack of self- and object-object-intersections, and geometric accuracy. These enhanced surface reconstructions are readily extensible to any cell type and are used here on spiny dendrites with complex morphology and axons from mature rat hippocampal area CA1. Both spatially realistic surface reconstructions and reduced skeletonizations are produced and formatted by VolRoverN for easy input into analysis software packages for neurophysiological simulations at multiple spatial and temporal scales ranging from ion electro-diffusion to electrical cable models.",2013.0,Neuroinformatics,25,10.1007/s12021-013-9205-2,24100964.0,,JournalArticle,2013-10-01,https://www.semanticscholar.org/paper/8656bd2710ea5080d4e77ed3b8a4f23b5120e16f,Biology;Computer Science,Biology|s2-fos-model;Computer Science|s2-fos-model,J. Edwards; Eric Daniel; J. Kinney; T. Bartol; T. Sejnowski; D. Johnston; K. Harris; C. Bajaj,,,1hop_citations;1hop_references,False,,,nanometer;synaptic,,,visualization,,,,1,2,3,False,False,recovered_keep_false,False,False,False,False,True,False,True,role_bridge_review
e67e2d362642db85f93fc702357879db9d365582,A High-Performance Computing Portal Applied to 3D Electron Microscopy,"The continued expansion in size and resolution of volumetric datasets generated by electron microscopy (3DEM) is making high-performance computing (HPC) an essential component. HPC provides the scalable, parallelized infrastructure required to process and analyze these increasingly large datasets. The Texas Advanced Computing Center’s (TACC) Core Experience Portal (CEP) is a science gateway specialized for leveraging HPC. The CEP can be adapted into customized versions based on a research community’s needs. Here we have constructed 3dem.org as a gateway for the community exploring volumetric data generated by electron microscopy (3DEM). This gateway provides the 3DEM community with user-friendly browser-based access to raw and processed datasets including both private and shared data, image processing tools for alignment and segmentation, and simulation and analysis environments. All this is linked to the underlying HPC environment at TACC with the ability to connect to other data storage and compute systems. 3dem.org bridges advanced electron microscopy with HPC, providing the research community with scalable, accessible infrastructure for discovery.",2026.0,SN Computer Science,1,10.1007/s42979-026-05124-z,,,JournalArticle,2026-06-01,https://www.semanticscholar.org/paper/e67e2d362642db85f93fc702357879db9d365582,Computer Science;Engineering;Materials Science,Computer Science|s2-fos-model;Engineering|s2-fos-model;Materials Science|s2-fos-model,James P. Carson; Tracy Brown; James A. Labyer; T. Bartol; Michael A. Chirillo; J. Mendenhall; Andrea J. Nam; V. Thiyagarajan; A. Wetzel; Wei Yin; Erik S. Ferlanti; Jake Rosenberg; Sal Tijerina; H. Prochaska; Jawon Song; William J. Allen; Tiffany Huff; M. Kuwajima; Thomas R Middendorf; LM Kirk; Joe Stubbs; M. Dahan; TJ Sejnowski; KM Harris,,,1hop_citations,False,,,electron microscopy,community,,storage;version,,,,3,0,3,False,False,recovered_keep_false,False,False,False,False,True,False,True,role_bridge_review
6a51d4536fc0ffddc444dc98cfe0f5d042ab18b3,Digging Deep into Alzheimer Disease: How Electron Microscopy Helps Elucidating Its Pathogenesis,"Alzheimer disease (AD), first described by Alzheimer and Perusini in the early twentieth century, is a devastating neurodegenerative disorder without a definitive cure. Unraveling the subcellular alterations underlying AD is essential to elucidate disease mechanisms, track progression, link cellular abnormalities to functional deficits, and develop therapeutic strategies aimed at preventing, slowing or reverting the disease course. Electron microscopy (EM) has been pivotal in this field since the 1960s, when Terry and Kidd characterized the ultrastructure of amyloid-beta (Aβ) deposits and paired helical filaments (PHFs) composed of hyperphosphorylated tau. Over the decades, conventional transmission and scanning EM have been complemented by advanced approaches such as volume EM (vEM), cryo-electron microscopy (cryo-EM), and cryo-electron tomography (cryo-ET). These techniques enable three-dimensional reconstructions, minimize fixation artifacts, and provide near-native, near-atomic resolution insights into AD pathology. EM has also revealed critical contributions of other subcellular compartments to AD pathogenesis, including synapses, mitochondria, lysosomes, the blood–brain barrier, iron deposits, and inflammatory machinery. Importantly, EM studies extend beyond human tissue, encompassing animal models, cell cultures, and synthetic assemblies, thereby allowing cross-system comparisons that highlight conserved pathological features. By integrating data from diverse experimental settings, EM provides a uniquely comprehensive view of the AD subcellular landscape. This makes it an indispensable tool not only for dissecting disease mechanisms but also for guiding the rational design of therapeutic molecules with potential disease-modifying effects. This review synthesizes the state of knowledge on EM-based studies of AD, emphasizing their central role in advancing both mechanistic understanding and translational approaches. Graphical Abstract Overview of electron microscopy approaches in AD research. Various experimental models, including human brain tissue, cell cultures, and animal models, are analyzed using TEM, SEM, cryo-EM, CLEM and vEM. Subsequent segmentation and analyses allow investigation of neuropathological features in AD, including Aβ plaques, Tau aggregates, synaptic alterations, mitochondrial dysfunction, neuroinflammation, autophagy deficits, BBB disruption, and iron accumulation. This image was created with BioRender.",2026.0,Cellular and molecular neurobiology,0,10.1007/s10571-026-01676-z,41720991.0,,Review;JournalArticle,2026-02-20,https://www.semanticscholar.org/paper/6a51d4536fc0ffddc444dc98cfe0f5d042ab18b3,Medicine;Biology,Medicine|s2-fos-model;Biology|s2-fos-model,Sveva Dallere; A. Migheli; A. Vercelli,,health_translation;network_science,1hop_citations,False,,,electron microscopy;synapse;synaptic;ultrastruct;volume em,graph,,,alzheimer;disease;disorder;human brain;neurodegener;patholog,course,,3,0,3,False,False,recovered_keep_false,False,False,True,False,False,False,True,role_bridge_review
f31b11968661d0f6748cb3ecec7ab5c34178281b,Reconstructing neural circuits using multiresolution correlated light and electron microscopy,"Correlated light and electron microscopy (CLEM) can be used to combine functional and molecular characterizations of neurons with detailed anatomical maps of their synaptic organization. Here we describe a multiresolution approach to CLEM (mrCLEM) that efficiently targets electron microscopy (EM) imaging to optically characterized cells while maintaining optimal tissue preparation for high-throughput EM reconstruction. This approach hinges on the ease with which arrays of sections collected on a solid substrate can be repeatedly imaged at different scales using scanning electron microscopy. We match this multiresolution EM imaging with multiresolution confocal mapping of the aldehyde-fixed tissue. Features visible in lower resolution EM correspond well to features visible in densely labeled optical maps of fixed tissue. Iterative feature matching, starting with gross anatomical correspondences and ending with subcellular structure, can then be used to target high-resolution EM image acquisition and annotation to cells of interest. To demonstrate this technique and range of images used to link live optical imaging to EM reconstructions, we provide a walkthrough of a mouse retinal light to EM experiment as well as some examples from mouse brain slices.",2022.0,Frontiers in Neural Circuits,13,10.3389/fncir.2022.753496,36338333.0,,JournalArticle,2022-10-21,https://www.semanticscholar.org/paper/f31b11968661d0f6748cb3ecec7ab5c34178281b,Biology;Engineering;Materials Science,Biology|s2-fos-model;Engineering|s2-fos-model;Materials Science|s2-fos-model,Karl Friedrichsen; Pratyush Ramakrishna; Jen-Chun Hsiang; Katia Valkova; D. Kerschensteiner; Josh L. Morgan,,,1hop_citations;1hop_references,False,,,electron microscopy;synaptic,,annotation,annotation,,,,3,1,4,False,False,recovered_keep_false,False,False,False,False,True,False,True,role_bridge_review
462df4ea40010757d0b1b9247251ec72a9264c74,Prediction of functional neural circuits in caenorhabditis elegans based on overlapping community detection,"The identification of functional neural circuits is crucial for understanding brain functions. However, experimental methods are often labor-intensive and resource-intensive. In this study, we modified the BIGCLAM algorithm to detect overlapping communities in directed and weighted networks and applied it to the neural networks of hermaphrodite and male Caenorhabditis elegans (C. elegans). Given the high similarity in connotation between network communities and functional neural circuits, we can predict functional neural circuits by detecting communities within the neural networks, thereby reducing the complexity of experimental research. In hermaphrodites, we predicted functional neural circuits related to various behaviors, including egg-laying, pharyngeal regulation, stress-induced sleep, tail sensation, and mechanosensation. In males, we identified functional neural circuits involved in sex-specific behaviors, such as mating and mate-searching, as well as those related to mechanosensation and food representation. These findings provide new insights into the neural mechanisms underlying behaviors and sexual dimorphism in C. elegans. The modified algorithm also has potential applications in analyzing other complex systems.",2025.0,Neural Networks,1,10.1016/j.neunet.2025.107653,40513464.0,,JournalArticle,2025-06-09,https://www.semanticscholar.org/paper/462df4ea40010757d0b1b9247251ec72a9264c74,Biology;Computer Science,Biology|s2-fos-model;Computer Science|s2-fos-model,Xuebin Wang; Ruixue Qin; Ke Zhang; Zengru Di; Qiang Liu; He Liu,,,1hop_citations,False,,,,community,,,,,,2,0,2,False,False,recovered_keep_false,False,False,False,False,False,True,True,role_bridge_review
77617f1d6cadf520b5ffaa7b719254939addd937,Fear memory-associated synaptic and mitochondrial changes revealed by deep learning-based processing of electron microscopy data.,"Serial section electron microscopy (ssEM) can provide comprehensive 3D ultrastructural information of the brain with exceptional computational cost. Targeted reconstruction of subcellular structures from ssEM datasets is less computationally demanding but still highly informative. We thus developed a region-CNN-based deep learning method to identify, segment, and reconstruct synapses and mitochondria to explore the structural plasticity of synapses and mitochondria in the auditory cortex of mice subjected to fear conditioning. Upon reconstructing over 135,000 mitochondria and 160,000 synapses, we find that fear conditioning significantly increases the number of mitochondria but decreases their size and promotes formation of multi-contact synapses, comprising a single axonal bouton and multiple postsynaptic sites from different dendrites. Modeling indicates that such multi-contact configuration increases the information storage capacity of new synapses by over 50%. With high accuracy and speed in reconstruction, our method yields structural and functional insight into cellular plasticity associated with fear learning.",2022.0,Cell Reports,13,10.1016/j.celrep.2022.111151,35926462.0,,JournalArticle,2022-08-01,https://www.semanticscholar.org/paper/77617f1d6cadf520b5ffaa7b719254939addd937,Biology;Computer Science,Biology|s2-fos-model;Computer Science|s2-fos-model,Jing Liu; Junqian Qi; Xi Chen; Zhenchen Li; Bei Hong; Hongtu Ma; Guoqing Li; Lijun Shen; Danqian Liu; Yu Kong; Hao Zhai; Qiwei Xie; Hua Han; Yang Yang,,,1hop_citations;1hop_references,False,,,electron microscopy;serial section;synapse;synaptic;ultrastruct,,,storage,,,,4,1,5,False,False,recovered_keep_false,False,False,False,False,True,False,True,role_bridge_review
f688b390afd5c345215b391de9c77b88bf8b378a,Fear memory-associated synaptic and mitochondrial changes revealed by deep learning-based processing of electron microscopy data,"Serial section electron microscopy (ssEM) can provide comprehensive 3D ultrastructural information of the brain with exceptional computational cost. Targeted reconstruction of subcellular structures from ssEM datasets is less computationally demanding but still highly informative. We thus developed a Region-CNN-based deep learning method to identify, segment, and reconstruct synapses and mitochondria to explore the structural plasticity of synapses and mitochondria in the auditory cortex of mice subjected to fear conditioning. Upon reconstructing over 135,000 mitochondria and 160,000 synapses, we found that fear conditioning significantly increases the number of mitochondria but decreases their size, and promotes the formation of multi-contact synapses comprising a single axonal bouton and multiple postsynaptic sites from different dendrites. Modeling indicates that such multi-contact configuration increases the information storage capacity of new synapses by over 50%. With high accuracy and speed in reconstruction, our method yields structural and functional insight into cellular plasticity associated with fear learning.",2021.0,bioRxiv,9,10.1101/2021.08.05.455246,,,,2021-08-06,https://www.semanticscholar.org/paper/f688b390afd5c345215b391de9c77b88bf8b378a,Biology;Computer Science,Biology|s2-fos-model;Computer Science|s2-fos-model,Jing Liu; Junqian Qi; Xi Chen; Zhenchen Li; Bei Hong; Hongtu Ma; Guoqing Li; Lijun Shen; Danqian Liu; Yu Kong; Qiwei Xie; Hua Han; Yang Yang,,,1hop_citations;1hop_references,False,,,electron microscopy;serial section;synapse;synaptic;ultrastruct,,,storage,,,,3,1,4,False,False,recovered_keep_false,False,False,False,False,True,False,True,role_bridge_review
4859b6337baf3658257120b9e7204d2c59069f2c,Microtubule Tracking in Electron Microscopy Volumes,"We present a method for microtubule tracking in electron microscopy volumes. Our method first identifies a sparse set of voxels that likely belong to microtubules. Similar to prior work, we then enumerate potential edges between these voxels, which we represent in a candidate graph. Tracks of microtubules are found by selecting nodes and edges in the candidate graph by solving a constrained optimization problem incorporating biological priors on microtubule structure. For this, we present a novel integer linear programming formulation, which results in speed-ups of three orders of magnitude and an increase of 53% in accuracy compared to prior art (evaluated on three 1.2 x 4 x 4$\mu$m volumes of Drosophila neural tissue). We also propose a scheme to solve the optimization problem in a block-wise fashion, which allows distributed tracking and is necessary to process very large electron microscopy volumes. Finally, we release a benchmark dataset for microtubule tracking, here used for training, testing and validation, consisting of eight 30 x 1000 x 1000 voxel blocks (1.2 x 4 x 4$\mu$m) of densely annotated microtubules in the CREMI data set (this https URL).",2020.0,International Conference on Medical Image Computing and Computer-Assisted Intervention,7,10.1007/978-3-030-59722-1_10,,2009.08371,JournalArticle,2020-09-17,https://www.semanticscholar.org/paper/4859b6337baf3658257120b9e7204d2c59069f2c,Biology;Computer Science,Biology|s2-fos-model;Computer Science|s2-fos-model,N. Eckstein; Julia M. Buhmann; Matthew Cook; Jan Funke,,network_science,1hop_citations,False,,,electron microscopy,graph,,distributed,,training,,3,0,3,False,False,recovered_keep_false,False,False,False,False,True,False,True,role_bridge_review
d997beefc0922d97202789d2ac307c55c2c52fba,PointNet: Deep Learning on Point Sets for 3D Classification and Segmentation,"Point cloud is an important type of geometric data structure. Due to its irregular format, most researchers transform such data to regular 3D voxel grids or collections of images. This, however, renders data unnecessarily voluminous and causes issues. In this paper, we design a novel type of neural network that directly consumes point clouds, which well respects the permutation invariance of points in the input. Our network, named PointNet, provides a unified architecture for applications ranging from object classification, part segmentation, to scene semantic parsing. Though simple, PointNet is highly efficient and effective. Empirically, it shows strong performance on par or even better than state of the art. Theoretically, we provide analysis towards understanding of what the network has learnt and why the network is robust with respect to input perturbation and corruption.",2016.0,Computer Vision and Pattern Recognition,18304,10.1109/cvpr.2017.16,,1612.00593,JournalArticle;Conference,2016-12-02,https://www.semanticscholar.org/paper/d997beefc0922d97202789d2ac307c55c2c52fba,Computer Science,Computer Science|s2-fos-model,C. Qi; Hao Su; Kaichun Mo; L. Guibas,,,1hop_references,False,,,,,,cloud,,,,0,2,2,False,False,recovered_keep_false,False,False,False,False,True,False,True,role_bridge_review
1eab84d51b484d0f79e611979916fa97086e869d,CDeep3M - Plug-and-Play cloud based deep learning for image segmentation,"As biomedical imaging datasets expand, deep neural networks are considered vital for image processing, yet community access is still limited by setting up complex computational environments and availability of high-performance computing resources. We address these bottlenecks with CDeep3M, a ready-to-use image segmentation solution employing a cloud-based deep convolutional neural network. We benchmark CDeep3M on large and complex two-dimensional and three-dimensional imaging datasets from light, X-ray, and electron microscopy. CDeep3M provides a user-friendly tool for deep-learning-based image segmentation via a cloud-based deep convolutional neural network. Demonstrations include challenging light, X-ray, and electron microscopy segmentation tasks.",2018.0,Nature Methods,163,10.1038/s41592-018-0106-z,30171236.0,,JournalArticle,2018-06-21,https://www.semanticscholar.org/paper/1eab84d51b484d0f79e611979916fa97086e869d,Computer Science;Medicine,Computer Science|s2-fos-model;Medicine|s2-fos-model,M. Haberl; C. Churas; Lucas Tindall; D. Boassa; S. Phan; E. Bushong; Matthew Madany; Raffi Akay; T. Deerinck; S. Peltier; Mark Ellisman,,,1hop_citations;1hop_references,False,,,electron microscopy,community,,cloud,,,,1,3,4,False,False,recovered_keep_false,False,False,False,False,True,False,True,role_bridge_review
52640388680cdfc1040bc1cde169da7fdb458bcd,SparseSeg: Target-Conditioned Discovery Segmentation of Cryo-Volume Electron Microscopy Under Sparse Annotation,,2026.0,bioRxiv,0,10.64898/2026.07.13.738355,,,,2026-07-14,https://www.semanticscholar.org/paper/52640388680cdfc1040bc1cde169da7fdb458bcd,Computer Science;Biology,Computer Science|s2-fos-model;Biology|s2-fos-model,Bowen Shi; Yanjun Li; Ouyang Qi; Yanan Zhu,,,1hop_citations,False,,,electron microscopy;volume electron,,annotation,annotation,,,,3,0,3,False,False,recovered_keep_false,False,False,False,True,True,False,True,role_bridge_review
9a4aa0241a76902ab623b6643e622ddac93d3e53,Motif-Based Visual Analysis of Dynamic Networks,"Many data analysis problems rely on dynamic networks, such as social or communication network analyses. Providing a scalable overview of long sequences of such dynamic networks remains challenging due to the underlying large-scale data containing elusive topological changes. We propose two complementary pixel-based visualizations, which reflect occurrences of selected sub-networks (motifs) and provide a time-scalable overview of dynamic networks: a network-level census (motif significance profiles) linked with a node-level sub-network metric (graphlet degree vectors) views to reveal structural changes, trends, states, and outliers. The network census captures significantly occurring motifs compared to their expected occurrences in random networks and exposes structural changes in a dynamic network. The sub-network metrics display the local topological neighborhood of a node in a single network belonging to the dynamic network. The linked pixel-based visualizations allow exploring motifs in different-sized networks to analyze the changing structures within and across dynamic networks, for instance, to visually analyze the shape and rate of changes in the network topology. We describe the identification of visual patterns, also considering different reordering strategies to emphasize visual patterns. We demonstrate the approach’s usefulness by a use case analysis based on real-world large-scale dynamic networks, such as the evolving social networks of Reddit or Facebook.",2022.0,2022 IEEE Visualization in Data Science (VDS),6,10.1109/vds57266.2022.00007,,2208.11932,JournalArticle;Review,2022-08-25,https://www.semanticscholar.org/paper/9a4aa0241a76902ab623b6643e622ddac93d3e53,Computer Science;Mathematics,Computer Science|s2-fos-model;Mathematics|s2-fos-model,E. Cakmak; Johannes Fuchs; Dominik Jäckle; Tobias Schreck; Ulrik Brandes; D. Keim,,network_science,1hop_references,False,,,,graph;motif;network topology,,visualization,,,,0,2,2,False,False,recovered_keep_false,False,False,False,False,False,True,True,role_bridge_review
88855928aaadcd43365fd7ea21bcf762beedf984,"Motif simplification: improving network visualization readability with fan, connector, and clique glyphs",,2013.0,International Conference on Human Factors in Computing Systems,220,10.1145/2470654.2466444,,,Book;JournalArticle;Conference,2013-04-27,https://www.semanticscholar.org/paper/88855928aaadcd43365fd7ea21bcf762beedf984,Computer Science,Computer Science|s2-fos-model,Cody Dunne; B. Shneiderman,,network_science,1hop_references,False,,,,motif,,visualization,,,,0,2,2,False,False,recovered_keep_false,False,False,False,False,True,True,True,role_bridge_review
d76a715a073fb3ada7b42864c58b42b13cb0ee92,NeuroKube: An Automated and Autoscaling Neuroimaging Reconstruction Framework using Cloud Native Computing and A.I.,"The Neuroscience domain stands out from the field of sciences for its dependence on the study and characterization of complex, intertwining structures. Understanding the complexity of the brain has led to widespread advances in the structure of large-scale computing resources and the design of artificially intelligent analysis systems. However, the scale of problems and data generated continues to grow and outpace the standards and practices of neuroscience. In this paper, we present an automated neuroscience reconstruction framework, called NeuroKube, for large-scale processing and labeling of neuroimage volumes. Automated labels are generated through a machine-learning (ML) workflow, with data-intensive steps feeding through multiple GPU stages and distributed data locations leveraging autoscalable cloud-native deployments on a multi-institution Kubernetes system. Leading-edge hardware and storage empower multiple stages of machine-learning, GPU-accelerated solutions. This demonstrates an abstract approach to allocating the resources and algorithms needed to elucidate the highly complex structures of the brain. We summarize an integrated gateway architecture, and a scalable workflow-driven segmentation and reconstruction environment that brings together image big data with state-of-the-art, extensible machine learning methods.",2020.0,2020 IEEE International Conference on Big Data (Big Data),3,10.1109/bigdata50022.2020.9378053,,,JournalArticle;Conference,2020-12-10,https://www.semanticscholar.org/paper/d76a715a073fb3ada7b42864c58b42b13cb0ee92,Computer Science;Medicine,Computer Science|s2-fos-model;Medicine|s2-fos-model,Matthew Madany; Kyle Marcus; S. Peltier; Mark Ellisman; I. Altintas,,,1hop_citations,False,,,,,,cloud;distributed;storage,,,,3,0,3,False,False,recovered_keep_false,False,False,False,False,True,False,True,role_bridge_review
4b9f5433bf11e2ce825556cc9258aa1f08465b83,Latent Feature Representation via Unsupervised Learning for Pattern Discovery in Massive Electron Microscopy Image Volumes,"We propose a method to facilitate exploration and analysis of new large data sets. In particular, we give an unsupervised deep learning approach to learning a latent representation that captures semantic similarity in the data set. The core idea is to use data augmentations that preserve semantic meaning to generate synthetic examples of elements whose feature representations should be close to one another. We demonstrate the utility of our method applied to nano-scale electron microscopy data, where even relatively small portions of animal brains can require terabytes of image data. Although supervised methods can be used to predict and identify known patterns of interest, the scale of the data makes it difficult to mine and analyze patterns that are not known a priori. We show the ability of our learned representation to enable query by example, so that if a scientist notices an interesting pattern in the data, they can be presented with other locations with matching patterns. We also demonstrate that clustering of data in the learned space correlates with biologically-meaningful distinctions. Finally, we introduce a visualization tool and software ecosystem to facilitate user-friendly interactive analysis and uncover interesting biological patterns. In short, our work opens possible new avenues in understanding of and discovery in large data sets, arising in domains such as EM analysis.",2020.0,arXiv.org,4,,,2012.12175,JournalArticle,2020-12-22,https://www.semanticscholar.org/paper/4b9f5433bf11e2ce825556cc9258aa1f08465b83,Computer Science;Biology;Materials Science,Computer Science|s2-fos-model;Biology|s2-fos-model;Materials Science|s2-fos-model,Gary B. Huang; Huei-Fang Yang; Shin-ya Takemura; P. Rivlin; Stephen M. Plaza,,,1hop_citations,False,,,electron microscopy,,,query;visualization,,,,5,0,5,False,False,recovered_keep_false,False,False,False,False,True,False,True,role_bridge_review
3f5f0d675bcc97a7b8501d913193fa54de647566,Biological network motif detection: principles and practice,,2012.0,Briefings Bioinform.,182,10.1093/bib/bbr033,22396487.0,,JournalArticle,2012-03-01,https://www.semanticscholar.org/paper/3f5f0d675bcc97a7b8501d913193fa54de647566,Biology;Computer Science,Biology|s2-fos-model;Computer Science|s2-fos-model,Elisabeth Wong; Brittany Baur; S. Quader; Chun-Hsi Huang,,network_science,1hop_references,False,,,,motif,,,,,,0,4,4,False,False,recovered_keep_false,False,False,False,False,False,True,True,role_bridge_review
72c979a382da014078d0b9b61fc03196071d846a,The retinal hypercircuit: a repeating synaptic interactive motif underlying visual function,"Abstract The vertebrate retina generates a stack of about a dozen different movies that represent the visual world as dynamic neural images. The stack is embodied as separate strata that span the inner plexiform layer (IPL). At each stratum, ganglion cell dendrites reach up to read out inhibitory interactions between three different amacrine cell classes that shape bipolar‐to‐ganglion cell transmission. The nexus of these five cell classes represents a functional module, a retinal ‘hypercircuit’, that is repeated across the surface of each of the dozen strata that span the depth of the IPL. Individual differences in the characteristics of each cell class at each stratum lead to the unique processing characteristics of each neural image throughout the stack. This review shows how the interactions between different morphological and physiological cell classes generate many of the known retinal visual functions including motion detection, directional selectivity, local edge detection, looming detection, object motion and saccadic suppression.",2011.0,Journal of Physiology,70,10.1113/jphysiol.2011.210617,21669978.0,,Review;JournalArticle,2011-06-13,https://www.semanticscholar.org/paper/72c979a382da014078d0b9b61fc03196071d846a,Biology,Biology|s2-fos-model,F. Werblin,,network_science,1hop_references,False,,,atum;synaptic,motif,,,,,,0,3,3,False,False,recovered_keep_false,False,False,False,False,False,True,True,role_bridge_review
dcc0c0df500042807e09d7e27e28cf2ad7836d46,Inhibiting mGluR5 activity by AFQ056/Mavoglurant rescues circuit‐specific functional connectivity in Fmr1 knockout mice,"ABSTRACT Previous work has demonstrated that neuroimaging biomarkers which capture functional connectivity of the brain can be used to define a specific and robust endophenotype in Fmr1‐/y mice, a well‐established animal model of human Fragile‐X Syndrome (FXS). However, it is currently unknown whether this macroscopic measure of brain connectivity is sufficiently sensitive to reliably detect changes caused by pharmacological interventions. Here we inhibited the activity of the metabotropic glutamate receptor‐5 (mGluR5) using AFQ056/Mavoglurant, a drug that is assumed to normalize excitatory/inhibitory neural signaling imbalances in FXS. We employed resting‐state‐fMRI (rs‐fMRI) and diffusion‐weighted imaging (DWI) to test whether Mavoglurant re‐established brain connectivity ‐ at least partly ‐ within some of the affected circuits in Fmr1‐/y mice that are related to social behavior deficits. In line with previous findings, we observed that Fmr1‐/y mice exhibited impaired social interaction, reduced connectivity in three main functional networks and altered network topology. At the group level, Mavoglurant did neither rescue abnormal social behavioral nor white matter abnormalities; however, for some, but not all of these circuits Mavoglurant had a genotype‐specific effect of restoring functional connectivity. These results show that rs‐fMRI connectivity is sufficiently sensitive to pick up system‐level changes after the pharmacological inhibition of mGluR5 activity. However, our results also show that the effects of Mavoglurant are confined to specific networks suggesting that behavioral benefits might be restricted to narrow functional domains.",2019.0,NeuroImage,25,10.1016/j.neuroimage.2019.02.051,30807820.0,,JournalArticle,2019-05-01,https://www.semanticscholar.org/paper/dcc0c0df500042807e09d7e27e28cf2ad7836d46,Biology;Medicine,Biology|s2-fos-model;Medicine|s2-fos-model,V. Zerbi; M. Markicevic; F. Gasparini; Aileen Schroeter; M. Rudin; N. Wenderoth,,network_science,1hop_citations,False,,,,network topology,,,,,,2,0,2,False,False,recovered_keep_false,False,False,False,False,False,True,True,role_bridge_review
8f39e58da08c981476db7b2f50b81ee60ccc60b3,"Volume Electron Microscopy: Imaging Principles, Computational Advances and Applications in Multi-Scale Biological System","Volume electron microscopy (Volume-EM) has transformed structural cell biology by enabling nanometre-resolution imaging across cellular and tissue scales. Serial-section TEM, Serial Block-Face Scanning Electron Microscopy (SBF-SEM), Focused Ion Beam Scanning Electron Microscopy (FIB-SEM) and multi-beam SEM now routinely generate terabyte-scale volumes that capture organelles, synapses and neural circuits in three dimensions, while cryogenic Volume-EM extends this landscape by preserving vitrified, fully hydrated specimens in a near-native state. Together, these room-temperature and cryogenic modalities define a continuum of approaches that trade off volume, resolution, throughput and structural fidelity, and increasingly interface with correlative light microscopy and cryo-electron tomography. In parallel, advances in computation have turned Volume-EM into a data-intensive discipline. Multistage preprocessing pipelines for alignment, denoising, stitching and intensity normalisation feed into automated segmentation frameworks that combine convolutional neural networks, affinity-based supervoxel agglomeration, flood-filling networks and, more recently, diffusion-based generative restoration. Weakly supervised and self-supervised learning, multi-task objectives and human-AI co-training mitigate the scarcity of dense ground truth, while distributed storage and streaming inference architectures support segmentation and proofreading at the terascale and beyond. Open resources such as COSEM, MICRONS, OpenOrganelle and EMPIAR provide benchmark datasets, interoperable file formats and reference workflows that anchor method development and cross-laboratory comparison. In this review, we first outline the physical principles and imaging modes of conventional and cryogenic Volume-EM, then describe current best practices in data acquisition and preprocessing, and finally survey the emerging ecosystem of AI-driven segmentation and analysis. We highlight how cryo-Volume-EM expands the field towards native-state structural biology, and how multimodal integration with light microscopy, cryo-electron tomography (cryo-ET) and spatial omics is pushing Volume-EM from descriptive imaging towards predictive, mechanistic, cross-scale models of cell physiology, disease ultrastructure and neural circuit function.",2025.0,Crystals,2,10.3390/cryst16010014,,,JournalArticle;Review,2025-12-24,https://www.semanticscholar.org/paper/8f39e58da08c981476db7b2f50b81ee60ccc60b3,Biology;Engineering;Materials Science;Computer Science,Biology|s2-fos-model;Engineering|s2-fos-model;Materials Science|s2-fos-model;Computer Science|s2-fos-model,Bowen Shi; Yanan Zhu,,health_translation;network_science;proofreading_qc,1hop_citations,False,,,electron microscopy;fib-sem;nanometre;sbf-sem;synapse;ultrastruct;volume electron,graph,proofread,distributed;storage,disease,training,,7,0,7,False,False,recovered_keep_false,False,False,False,False,True,False,True,role_bridge_review
db38fa199e223f5b89c0ff61f7128d0f9b860cee,LRRK2 in Drosophila Melanogaster Model: Insights into Cellular Dysfunction and Neuroinflammation in Parkinson’s Disease,"Parkinson’s disease (PD) is a fatal neurodegenerative disease for which there are no still effective treatments able to stop or slow down neurodegeneration. To date, pathological mutations in the leucine-rich repeat kinase 2 (LRRK2) gene have been identified as the major genetic cause of PD, although the molecular mechanism responsible for the loss of dopaminergic neurons is still cryptic. In this review, we explore the contribution of Drosophila models to the elucidation of LRRK2 function in different cellular pathways in either neurons or glial cells. Importantly, recent studies have shown that LRRK2 is highly expressed in immunocompetent cells, including astrocytes and microglia in the brain, compared to neuronal expression. LRRK2 mutations are also strongly associated with the development of inflammatory diseases and the production of inflammatory molecules. Using Drosophila models, this paper shows that a genetic reduction of the inflammatory response protects flies from the neurodegeneration induced by LRRK2 pathological mutant expression.",2025.0,International Journal of Molecular Sciences,2,10.3390/ijms26052093,40076730.0,,Review;JournalArticle,2025-02-27,https://www.semanticscholar.org/paper/db38fa199e223f5b89c0ff61f7128d0f9b860cee,Biology;Medicine,Biology|s2-fos-model;Medicine|s2-fos-model,Cristina Ciampelli; G. Galleri; M. Galioto; P. Mereu; M. Pirastru; Roberto Bernardoni; Diego Albani; C. Crosio; C. Iaccarino,,health_translation,1hop_citations,False,,,,,,,disease;neurodegener;parkinson;patholog,,,2,0,2,False,False,recovered_keep_false,False,False,True,False,False,False,True,role_bridge_review
6aaec8e563cbe0628c355a612ab7a189fccb60f2,Current Progress and Challenges in Large-Scale 3D Mitochondria Instance Segmentation,"In this paper, we present the results of the MitoEM challenge on mitochondria 3D instance segmentation from electron microscopy images, organized in conjunction with the IEEE-ISBI 2021 conference. Our benchmark dataset consists of two large-scale 3D volumes, one from human and one from rat cortex tissue, which are 1,986 times larger than previously used datasets. At the time of paper submission, 257 participants had registered for the challenge, 14 teams had submitted their results, and six teams participated in the challenge workshop. Here, we present eight top-performing approaches from the challenge participants, along with our own baseline strategies. Posterior to the challenge, annotation errors in the ground truth were corrected without altering the final ranking. Additionally, we present a retrospective evaluation of the scoring system which revealed that: 1) challenge metric was permissive with the false positive predictions; and 2) size-based grouping of instances did not correctly categorize mitochondria of interest. Thus, we propose a new scoring system that better reflects the correctness of the segmentation results. Although several of the top methods are compared favorably to our own baselines, substantial errors remain unsolved for mitochondria with challenging morphologies. Thus, the challenge remains open for submission and automatic evaluation, with all volumes available for download.",2023.0,IEEE Transactions on Medical Imaging,14,10.1109/tmi.2023.3320497,37768797.0,,JournalArticle,2023-09-28,https://www.semanticscholar.org/paper/6aaec8e563cbe0628c355a612ab7a189fccb60f2,Biology;Computer Science,Biology|s2-fos-model;Computer Science|s2-fos-model,Daniel Franco-Barranco; Zudi Lin; Won-Dong Jang; Xueying Wang; Qijia Shen; Wenjie Yin; Yutian Fan; Mingxing Li; Changmin Chen; Zhiwei Xiong; Rui Xin; Hao Liu; Huai Chen; Zhili Li; Jie Zhao; Xuejin Chen; Constantin Pape; Ryan Conrad; Luke Nightingale; J. de Folter; Martin L. Jones; Yanling Liu; Dorsa Ziaei; Stephan Huschauer; Ignacio Arganda-Carreras; H. Pfister; D. Wei,,,1hop_citations,False,,,electron microscopy,,annotation,annotation,,workshop,,5,0,5,False,False,recovered_keep_false,False,False,False,False,True,False,True,role_bridge_review
9fa60ebab28812bba82e1179ed39c7c9e0163909,A Soma Segmentation Benchmark in Full Adult Fly Brain,"Neuron reconstruction in a full adult fly brain from high-resolution electron microscopy (EM) data is regarded as a cornerstone for neuroscientists to explore how neurons inspire intelligence. As the central part of neurons, somas in the full brain indicate the origin of neurogenesis and neural functions. However, due to the absence of EM datasets specifically annotated for somas, existing deep learning-based neuron reconstruction methods cannot directly provide accurate soma distribution and morphology. Moreover, full brain neuron reconstruction remains extremely time-consuming due to the unprecedentedly large size of EM data. In this paper, we develop an efficient soma reconstruction method for obtaining accurate soma distribution and morphology information in a full adult fly brain. To this end, we first make a high-resolution EM dataset with fine-grained 3D manual annotations on somas. Relying on this dataset, we propose an efficient, two-stage deep learning algorithm for predicting accurate locations and boundaries of 3D soma instances. Further, we deploy a parallelized, high-throughput data processing pipeline for executing the above algorithm on the full brain. Finally, we provide quantitative and qualitative benchmark comparisons on the testset to validate the superiority of the proposed method, as well as preliminary statistics of the reconstructed somas in the full adult fly brain from the biological perspective. We release our code and dataset at https://github.com/liuxy1103/EMADS.",2023.0,Computer Vision and Pattern Recognition,7,10.1109/cvpr52729.2023.00715,,,JournalArticle;Conference,2023-06-01,https://www.semanticscholar.org/paper/9fa60ebab28812bba82e1179ed39c7c9e0163909,Biology;Computer Science,Biology|s2-fos-model;Computer Science|s2-fos-model,Xiaoyu Liu; Bo Hu; Mingxing Li; Wei Huang; Yueyi Zhang; Zhiwei Xiong,,,1hop_citations,False,,,electron microscopy,,annotation,annotation,,,,6,0,6,False,False,recovered_keep_false,False,False,False,False,True,False,True,role_bridge_review
302b2d0cd0052892065975e91f0f0b2000de77d9,Flexible Circuit Mechanisms for Context-Dependent Song Sequencing,"Many sequenced behaviors, including locomotion, reaching, and vocalization, are patterned differently in different contexts, enabling animals to adjust to their current environments. However, how contextual information shapes neural activity to flexibly alter the patterning of actions is not yet understood. Prior work indicates such flexibility could be achieved via parallel motor circuits, with differing sensitivities to sensory context [1, 2, 3]; instead we demonstrate here how a single neural pathway operates in two different regimes dependent on recent sensory history. We leverage the Drosophila song production system [4] to investigate the neural mechanisms that support male song sequence generation in two contexts: near versus far from the female. While previous studies identified several song production neurons[5, 6, 7, 8], how these neurons are organized to mediate song patterning was unknown. We find that male flies sing ‘simple’ trains of only one syllable or mode far from the female but complex song sequences consisting of alternations between modes when near to her. We characterize the male song circuit from the brain to the ventral nerve cord (VNC), and find that the VNC song pre-motor circuit is shaped by two key computations: mutual inhibition and rebound excitability [9] between nodes driving the two modes of song. Weak sensory input to a direct brain-to-VNC excitatory pathway (via pC2 brain and pIP10 descending neurons) drives simple song far from the female. Strong sensory input to the same pathway enables complex song production via simultaneous recruitment of P1a neuron-mediated disinhibition of the VNC song pre-motor circuit. Thus, proximity to the female effectively unlocks motor circuit dynamics in the correct sensory context. We construct a compact circuit model to demonstrate that these few computations are sufficient to replicate natural context-dependent song dynamics. These results have broad implications for neural population-level models of context-dependent behavior [10] and highlight that canonical circuit motifs [11, 12, 13] can be combined in novel ways to enable circuit flexibility required for dynamic communication.",2021.0,bioRxiv,20,10.1101/2021.11.01.466727,,,,2021-11-02,https://www.semanticscholar.org/paper/302b2d0cd0052892065975e91f0f0b2000de77d9,Biology,Biology|s2-fos-model,Frederic A. Roemschied; Diego A. Pacheco; Elise C. Ireland; Xinping Li; M. J. Aragon; R. Pang; M. Murthy,,network_science,1hop_citations;1hop_references,False,,,,motif,,,,,,1,3,4,False,False,recovered_keep_false,False,False,False,False,False,True,True,role_bridge_review
a29d959673a16ccd8d2d402b4109f8ac11718cee,Curriculum learning as a tool to uncover learning principles in the brain,,2022.0,International Conference on Learning Representations,23,,,,JournalArticle,,https://www.semanticscholar.org/paper/a29d959673a16ccd8d2d402b4109f8ac11718cee,Computer Science,Computer Science|s2-fos-model,Daniel R. Kepple; Rainer Engelken; Kanaka Rajan,,,1hop_citations,False,,,,,,,,curriculum,,1,0,1,False,False,recovered_keep_false,False,True,False,False,False,False,True,role_bridge_review
1ef8c8c815b7268d7f7d4fe76af78aaa8df3e6da,A faster algorithm for betweenness centrality,"Motivated by the fast‐growing need to compute centrality indices on large, yet very sparse, networks, new algorithms for betweenness are introduced in this paper. They require O(n + m) space and run in O(nm) and O(nm + n2 log n) time on unweighted and weighted networks, respectively, where m is the number of links. Experimental evidence is provided that this substantially increases the range of networks for which centrality analysis is feasible. The betweenness centrality index is essential in the analysis of social networks, but costly to compute. Currently, the fastest known algorithms require ?(n 3) time and ?(n 2) space, where n is the number of actors in the network.",2001.0,,4860,10.1080/0022250x.2001.9990249,,,,2001-06-01,https://www.semanticscholar.org/paper/1ef8c8c815b7268d7f7d4fe76af78aaa8df3e6da,Computer Science;Mathematics,Computer Science|s2-fos-model;Mathematics|s2-fos-model,Ulrik Brandes,,network_science,1hop_references,False,,,,centrality,,,,,,0,3,3,False,False,recovered_keep_false,False,False,False,False,False,True,True,role_bridge_review
f655d41dcec06ab99c6377c6d426e486141caaa5,FANMOD: a tool for fast network motif detection,,2006.0,Bioinform.,791,10.1093/bioinformatics/btl038,16455747.0,,JournalArticle,2006-05-01,https://www.semanticscholar.org/paper/f655d41dcec06ab99c6377c6d426e486141caaa5,Computer Science;Biology,Computer Science|s2-fos-model;Biology|s2-fos-model,S. Wernicke; Florian Rasche,,network_science,1hop_references,False,,,,motif,,,,,,0,4,4,False,False,recovered_keep_false,False,False,False,False,False,True,True,role_bridge_review
322fb5663c40c8e05750c9d352ce82b028aceb68,VF2-PS: Parallel and Scalable Subgraph Monomorphism in Arachne,"This paper introduces a novel, parallel, and scalable implementation of the VF2 algorithm for subgraph monomorphism developed in the high-productivity language Chapel. Efficient graph analysis in large and complex network datasets is crucial across numerous scientific domains. We address this need through our enhanced VF2-PS implementation, widely utilized in subgraph matching, and integrating it into Arachne-a Python-accessible, open-source, large-scale graph analysis framework. Leveraging the parallel computing capabilities of modern hardware architectures, our implementation achieves significant performance improvements. Benchmarks on synthetic and real-world datasets, including social, communication, and neuroscience networks, demonstrate speedups of up to 97.0 X on 128 cores, compared to existing Python-based tools like NetworkX and DotMotif, which do not exploit parallelization. On large graphs, our new parallel VF2-PS algorithm and implementation also outperforms the Carletti et al.'s parallel VF3P implementation. Our results on large-scale graphs demonstrate scalability and efficiency, establishing it as a viable tool for subgraph monomorphism, the backbone of numerous graph analytics such as motif counting and enumeration. Arachne, including our VF2-PS implementation, can be found on GitHub: https://github.com/Bears-R-Us/arkouda-njit.",2024.0,IEEE Conference on High Performance Extreme Computing,4,10.1109/hpec62836.2024.10938454,,,JournalArticle;Conference,2024-09-23,https://www.semanticscholar.org/paper/322fb5663c40c8e05750c9d352ce82b028aceb68,Computer Science;Mathematics,Computer Science|s2-fos-model;Mathematics|s2-fos-model,Mohammad Dindoost; Oliver Alvarado Rodriguez; Sounak Bagchi; Palina Pauliuchenka; Zhihui Du; David A. Bader,,network_science,1hop_citations;1hop_references,False,,,,graph;motif,,,,,,2,1,3,False,False,recovered_keep_false,False,False,False,False,False,True,True,role_bridge_review
88410357cd891048ad1453cb7b0851ebe7818d54,Fast parallel image registration on CPU and GPU for diagnostic classification of Alzheimer's disease,"Nonrigid image registration is an important, but time-consuming task in medical image analysis. In typical neuroimaging studies, multiple image registrations are performed, i.e., for atlas-based segmentation or template construction. Faster image registration routines would therefore be beneficial. In this paper we explore acceleration of the image registration package elastix by a combination of several techniques: (i) parallelization on the CPU, to speed up the cost function derivative calculation; (ii) parallelization on the GPU building on and extending the OpenCL framework from ITKv4, to speed up the Gaussian pyramid computation and the image resampling step; (iii) exploitation of certain properties of the B-spline transformation model; (iv) further software optimizations. The accelerated registration tool is employed in a study on diagnostic classification of Alzheimer's disease and cognitively normal controls based on T1-weighted MRI. We selected 299 participants from the publicly available Alzheimer's Disease Neuroimaging Initiative database. Classification is performed with a support vector machine based on gray matter volumes as a marker for atrophy. We evaluated two types of strategies (voxel-wise and region-wise) that heavily rely on nonrigid image registration. Parallelization and optimization resulted in an acceleration factor of 4–5x on an 8-core machine. Using OpenCL a speedup factor of 2 was realized for computation of the Gaussian pyramids, and 15–60 for the resampling step, for larger images. The voxel-wise and the region-wise classification methods had an area under the receiver operator characteristic curve of 88 and 90%, respectively, both for standard and accelerated registration. We conclude that the image registration package elastix was substantially accelerated, with nearly identical results to the non-optimized version. The new functionality will become available in the next release of elastix as open source under the BSD license.",2013.0,Front. Neuroinform.,616,10.3389/fninf.2013.00050,24474917.0,,JournalArticle,2013-12-05,https://www.semanticscholar.org/paper/88410357cd891048ad1453cb7b0851ebe7818d54,Computer Science;Medicine,Computer Science|s2-fos-model;Medicine|s2-fos-model,D. Shamonin; E. Bron; B. Lelieveldt; M. Smits; S. Klein; M. Staring,,health_translation,1hop_references,False,,,,,,database;version,alzheimer;disease,,,0,2,2,False,False,recovered_keep_false,False,False,True,False,True,False,True,role_bridge_review
be7f7288313cde6123c462b6db02ef0863c63a82,V3D enables real-time 3D visualization and quantitative analysis of large-scale biological image data sets,"The V3D system provides three-dimensional (3D) visualization of gigabyte-sized microscopy image stacks in real time on current laptops and desktops. V3D streamlines the online analysis, measurement and proofreading of complicated image patterns by combining ergonomic functions for selecting a location in an image directly in 3D space and for displaying biological measurements, such as from fluorescent probes, using the overlaid surface objects. V3D runs on all major computer platforms and can be enhanced by software plug-ins to address specific biological problems. To demonstrate this extensibility, we built a V3D-based application, V3D-Neuron, to reconstruct complex 3D neuronal structures from high-resolution brain images. V3D-Neuron can precisely digitize the morphology of a single neuron in a fruitfly brain in minutes, with about a 17-fold improvement in reliability and tenfold savings in time compared with other neuron reconstruction tools. Using V3D-Neuron, we demonstrate the feasibility of building a 3D digital atlas of neurite tracts in the fruitfly brain.",2010.0,Nature Biotechnology,727,10.1038/nbt.1612,20231818.0,,JournalArticle,2010-03-14,https://www.semanticscholar.org/paper/be7f7288313cde6123c462b6db02ef0863c63a82,Computer Science;Biology,Computer Science|s2-fos-model;Biology|s2-fos-model,Hanchuan Peng; Zongcai Ruan; Fuhui Long; Julie H. Simpson; Eugene W. Myers,,proofreading_qc,1hop_references,False,,,,,proofread,visualization,,,,0,2,2,False,False,recovered_keep_false,False,False,False,False,True,False,True,role_bridge_review
46d698794e3570c26281df82a5917f2bfb17059e,FluoRender: An Application of 2D Image Space Methods for 3D and 4D Confocal Microscopy Data Visualization in Neurobiology Research,"2D image space methods are processing methods applied after the volumetric data are projected and rendered into the 2D image space, such as 2D filtering, tone mapping and compositing. In the application domain of volume visualization, most 2D image space methods can be carried out more efficiently than their 3D counterparts. Most importantly, 2D image space methods can be used to enhance volume visualization quality when applied together with volume rendering methods. In this paper, we present and discuss the applications of a series of 2D image space methods as enhancements to confocal microscopy visualizations, including 2D tone mapping, 2D compositing, and 2D color mapping. These methods are easily integrated with our existing confocal visualization tool, FluoRender, and the outcome is a full-featured visualization system that meets neurobiologists' demands for qualitative analysis of confocal microscopy data.",2012.0,IEEE Pacific Visualization Symposium,117,10.1109/pacificvis.2012.6183592,23584131.0,,JournalArticle,2012-02-28,https://www.semanticscholar.org/paper/46d698794e3570c26281df82a5917f2bfb17059e,Computer Science;Biology,Computer Science|s2-fos-model;Biology|s2-fos-model,Yong Wan; H. Otsuna; C. Chien; C. Hansen,,,1hop_references,False,,,,,,visualization,,,,0,2,2,False,False,recovered_keep_false,False,False,False,False,True,False,True,role_bridge_review
61bd903d9f14720bdf845b28520f25bf7e388228,A Nonverbal Language for Imagining and Learning: Dance Education in K–12 Curriculum,,2008.0,,152,10.3102/0013189x08326032,,,JournalArticle,2008-11-01,https://www.semanticscholar.org/paper/61bd903d9f14720bdf845b28520f25bf7e388228,Education;Art,Education|s2-fos-model;Art|s2-fos-model,J. Hanna,,,1hop_citations,False,,,,,,,,curriculum;education,,1,0,1,False,False,recovered_keep_false,False,True,False,False,False,False,True,role_bridge_review
9a1ed876196ec9733acb1daa6d65e35ff0414291,A database of human segmented natural images and its application to evaluating segmentation algorithms and measuring ecological statistics,,2001.0,Proceedings Eighth IEEE International Conference on Computer Vision. ICCV 2001,8931,10.1109/iccv.2001.937655,,,JournalArticle;Conference,2001-07-07,https://www.semanticscholar.org/paper/9a1ed876196ec9733acb1daa6d65e35ff0414291,Computer Science;Environmental Science,Computer Science|s2-fos-model;Environmental Science|s2-fos-model,David R. Martin; Charless C. Fowlkes; Doron Tal; Jitendra Malik,,,1hop_references,False,,,,,,database,,,,0,3,3,False,False,recovered_keep_false,False,False,False,False,True,False,True,role_bridge_review
6d441a8f744feb78fb8ba46ae76216ae14b76cec,Flexible Learning-Free Segmentation and Reconstruction for Sparse Neuronal Circuit Tracing,"Imaging is a dominant strategy for data collection in neuroscience, yielding stacks of images that often scale to gigabytes of data for a single experiment. Machine learning algorithms from computer vision can serve as a pair of virtual eyes that tirelessly processes these images, automatically constructing more complete and realistic circuits. In practice, such algorithms are often too error-prone and computationally expensive to be immediately useful. We address these shortcomings with a new fast, flexible, learning-free method for sparse segmentation and reconstruction of neural volumes. Unlike learning methods, our Flexible Learning-free Reconstruction of Imaged Neural volumes (FLoRIN) pipeline exploits structure-specific contextual clues and requires no training. This approach generalizes across different modalities, including serially-sectioned scanning electron microscopy (sSEM) of genetically labeled and contrast enhanced processes, spectral confocal reflectance (SCoRe) microscopy, and high-energy synchrotron X-ray microtomography (μCT) of large tissue volumes. We deploy the FLoRIN pipeline on newly published and novel mouse datasets, demonstrating the high biological fidelity of the pipeline’s reconstructions, which are of sufficient quality for preliminary biological study. Compared to existing supervised learning methods, it is both significantly faster (up to several orders of magnitude) and produces high-quality reconstructions that are robust to noise and artifacts.",2018.0,bioRxiv,0,10.1101/278515,,,,2018-03-08,https://www.semanticscholar.org/paper/6d441a8f744feb78fb8ba46ae76216ae14b76cec,Computer Science,Computer Science|s2-fos-model,A. Shahbazi; Jeffery Kinnison; Rafael Vescovi; Ming Du; Robert Hill; Maximilian Jösch; Marc M. Takeno; Hongkui Zeng; N. D. da Costa; J. Grutzendler; N. Kasthuri; W. Scheirer,,network_science,1hop_citations,False,,,electron microscopy,graph,,,,training,,6,0,6,False,False,recovered_keep_false,False,False,False,False,False,True,True,role_bridge_review
d27e3c0284b261d251c881155e780f1c939302c8,BigDataViewer: visualization and processing for large image data sets,,2015.0,Nature Methods,130,10.1038/nmeth.3392,26020499.0,,LettersAndComments,2015-05-28,https://www.semanticscholar.org/paper/d27e3c0284b261d251c881155e780f1c939302c8,Computer Science;Biology,Computer Science|s2-fos-model;Biology|s2-fos-model,T. Pietzsch; S. Saalfeld; S. Preibisch; P. Tomančák,,,1hop_references,False,,,,,,visualization,,,,0,3,3,False,False,recovered_keep_false,False,False,False,False,True,False,True,role_bridge_review
da6abec22f3026593a17d7251656739141057105,NuGraph: Graph-Based Reasoning over 3D Primitives for Nucleus Segmentation Correction,"Correcting segmentation errors in large-scale 3D nuclei reconstructions requires reasoning about which fragments belong to the same nucleus across densely packed regions. Existing correction methods rely on local pairwise fragment matching, which cannot resolve the global topology of nuclear clusters and fails to recover missing morphology. We propose NuGraph, a graph-based reasoning framework that operates over atomic 3D primitives obtained by decomposing erroneous masks. NuGraph encodes primitive geometry via a 3D point-cloud backbone and performs global relational reasoning through graph attention, capturing inter-primitive dependencies across entire clusters rather than isolated pairs. A primitive–proposal contrastive loss aligns local primitive features with nucleuslevel semantics, improving grouping accuracy in dense regions. The resulting proposals are then refined by a shaperefinement network that predicts signed distance fields to restore smooth morphology. To train without manual error annotations, we develop a self-supervised data engine that synthesizes realistic segmentation errors from clean nuclei labels. To benchmark correction at brain scale, we curate NucEMFix, the first brain-wide EM benchmark of nuclei error cases across FAFB and MICrONS (8,000+ annotated error nuclei). NuGraph attains 87.99% F1 on NucEMFix-F (FAFB) and 86.20% on NucEMFix-M (MICrONS), outperforming both re-segmentation baselines (e.g., +8.6% over nnU-Net) and pairwise correction methods, while reducing curation effort by over 100× relative to manual proofreading. Code and data are available at https://mingzhiwang618.github.io/NucEMFix.",2026.0,bioRxiv,0,10.64898/2026.05.16.725603,,,,2026-05-19,https://www.semanticscholar.org/paper/da6abec22f3026593a17d7251656739141057105,Computer Science,Computer Science|s2-fos-model,Mingzhi Wang; Peng Liu; Yi Zhao; Bingzhang Wang; Jia Wan; Liqiang Nie; Donglai Wei,,network_science;proofreading_qc,1hop_citations,False,,,,graph,annotation;proofread;segmentation error,annotation;cloud,,,,7,0,7,False,False,recovered_keep_false,False,False,False,False,True,False,True,role_bridge_review
b9c97ad6a87b518a7403c2ef8bc98e8e301a1cf1,FGNet: Leveraging Feature-Guided Attention to Refine SAM2 for 3D EM Neuron Segmentation,"Accurate segmentation of neural structures in Electron Microscopy (EM) images is paramount for neuroscience. However, this task is challenged by intricate morphologies, low signal-to-noise ratios, and scarce annotations, limiting the accuracy and generalization of existing methods. To address these challenges, we seek to leverage the priors learned by visual foundation models on a vast amount of natural images to better tackle this task. Specifically, we propose a novel framework that can effectively transfer knowledge from Segment Anything 2 (SAM2), which is pre-trained on natural images, to the EM domain. We first use SAM2 to extract powerful, general-purpose features. To bridge the domain gap, we introduce a Feature-Guided Attention module that leverages semantic cues from SAM2 to guide a lightweight encoder, the Fine-Grained Encoder (FGE), in focusing on these challenging regions. Finally, a dual-affinity decoder generates both coarse and refined affinity maps. Experimental results demonstrate that our method achieves performance comparable to state-of-the-art (SOTA) approaches with the SAM2 weights frozen. Upon further fine-tuning on EM data, our method significantly outperforms existing SOTA methods. This study validates that transferring representations pre-trained on natural images, when combined with targeted domain-adaptive guidance, can effectively address the specific challenges in neuron segmentation.",2025.0,AAAI Conference on Artificial Intelligence,1,10.48550/arxiv.2511.13063,,2511.13063,JournalArticle;Conference,2025-11-17,https://www.semanticscholar.org/paper/b9c97ad6a87b518a7403c2ef8bc98e8e301a1cf1,Computer Science,Computer Science|s2-fos-model,Zhenghua Li; Hang Chen; Zihao Sun; Kai Li; Xiaolin Hu,,,1hop_citations,False,,,electron microscopy,,annotation,annotation,,,,2,0,2,False,False,recovered_keep_false,False,False,False,False,True,False,True,role_bridge_review
33e2e884a5f6a262d5e664760a3503f13a26a7ef,FISBe: A Real-World Benchmark Dataset for Instance Segmentation of Long-Range thin Filamentous Structures,"Instance segmentation of neurons in volumetric light microscopy images of nervous systems enables ground-breaking research in neuroscience by facilitating joint functional and morphological analyses of neural circuits at cel-lular resolution. Yet said multi-neuron light microscopy data exhibits extremely challenging properties for the task of instance segmentation: Individual neurons have long-ranging, thin filamentous and widely branching morpholo-gies, multiple neurons are tightly inter-weaved, and par-tial volume effects, uneven illumination and noise inherent to light microscopy severely impede local disentan-gling as well as long-range tracing of individual neurons. These properties reflect a current key challenge in machine learning research, namely to effectively capture long-range dependencies in the data. While respective method-ological research is buzzing, to date methods are typically benchmarked on synthetic datasets. To address this gap, we release the FlyLight Instance Segmentation Benchmark (FISBe) dataset, the first publicly available multi-neuron light microscopy dataset with pixel-wise annotations. In addition, we define a set of instance segmentation metrics for benchmarking that we designed to be meaningful with regard to downstream analyses. Lastly, we provide three baselines to kick off a competition that we envision to both advance the field of machine learning regarding methodology for capturing long-range data dependencies, and facilitate scientific discovery in basic neuroscience. Project page: https://kainmueller-lab.github.io/jisbe.",2024.0,Computer Vision and Pattern Recognition,2,10.1109/cvpr52733.2024.02100,,2404.00130,JournalArticle;Conference,2024-03-29,https://www.semanticscholar.org/paper/33e2e884a5f6a262d5e664760a3503f13a26a7ef,Computer Science;Biology;Materials Science,Computer Science|s2-fos-model;Biology|s2-fos-model;Materials Science|s2-fos-model,Lisa Mais; Peter Hirsch; Claire Managan; Ramya Kandarpa; J. L. Rumberger; Annika Reinke; Lena Maier-Hein; Gudrun Ihrke; Dagmar Kainmüller,,,1hop_citations,False,,,,,annotation,annotation,,,,3,0,3,False,False,recovered_keep_false,False,False,False,False,True,False,True,role_bridge_review
f1aa892eb6c00bf83c94f86abe7a59f0e3f1549e,Learning Multiscale Consistency for Self-Supervised Electron Microscopy Instance Segmentation,"Electron microscopy (EM) images are notoriously challenging to segment due to their complex structures and lack of effective annotations. Fortunately, large-scale self-supervised pretraining offers a promising solution by allowing us to acquire prior knowledge of cell and subcellular tissue structures, which can significantly improve EM instance segmentation results. However, most existing pretraining methods fail to capture the crucial local information that is essential for EM images, instead focusing only on high-level semantic information. In this paper, we propose a novel pretraining framework that leverages multiscale visual representations to adapt to the complex structures of EM images. Our framework achieves instance-level alignment by maximizing the consistency between strongly and weakly augmented images, while also incorporating a cross-attention mechanism to match multiscale features and encode more low-level information into high-level semantics. Most importantly, our approach employs multi-task optimization on the feature pyramid, enabling multiscale pixel restoration and feature comparison. We extensively pretrain our method on four large-scale EM datasets and demonstrate significant gains on neuron and mitochondria segmentation tasks. Code is available at https://github.com/ydchen0806/MS-Con-EM-Seg.",2023.0,"IEEE International Conference on Acoustics, Speech, and Signal Processing",27,10.1109/icassp48485.2024.10446055,,2308.09917,JournalArticle;Conference,2023-08-19,https://www.semanticscholar.org/paper/f1aa892eb6c00bf83c94f86abe7a59f0e3f1549e,Computer Science;Engineering,Computer Science|s2-fos-model;Engineering|s2-fos-model,Yinda Chen; Wei Huang; Xiaoyu Liu; Qi Chen; Zhiwei Xiong,,,1hop_citations,False,,,electron microscopy,,annotation,annotation,,training,,2,0,2,False,False,recovered_keep_false,False,False,False,False,True,False,True,role_bridge_review
9b11f5e8b40b109cb774e29e5cf5a5baa8beeed8,Generative Text-Guided 3D Vision-Language Pretraining for Unified Medical Image Segmentation,"Vision-Language Pretraining (VLP) has demonstrated remarkable capabilities in learning visual representations from textual descriptions of images without annotations. Yet, effective VLP demands large-scale image-text pairs, a resource that suffers scarcity in the medical domain. Moreover, conventional VLP is limited to 2D images while medical images encompass diverse modalities, often in 3D, making the learning process more challenging. To address these challenges, we present Generative Text-Guided 3D Vision-Language Pretraining for Unified Medical Image Segmentation (GTGM), a framework that extends of VLP to 3D medical images without relying on paired textual descriptions. Specifically, GTGM utilizes large language models (LLM) to generate medical-style text from 3D medical images. This synthetic text is then used to supervise 3D visual representation learning. Furthermore, a negative-free contrastive learning objective strategy is introduced to cultivate consistent visual representations between augmented 3D medical image patches, which effectively mitigates the biases associated with strict positive-negative sample pairings. We evaluate GTGM on three imaging modalities - Computed Tomography (CT), Magnetic Resonance Imaging (MRI), and electron microscopy (EM) over 13 datasets. GTGM's superior performance across various medical image segmentation tasks underscores its effectiveness and versatility, by enabling VLP extension into 3D medical imagery while bypassing the need for paired text.",2023.0,arXiv.org,62,10.48550/arxiv.2306.04811,,2306.04811,JournalArticle,2023-06-07,https://www.semanticscholar.org/paper/9b11f5e8b40b109cb774e29e5cf5a5baa8beeed8,Medicine;Computer Science,Medicine|s2-fos-model;Computer Science|s2-fos-model,Yinda Chen; Che Liu; Wei Huang; Sibo Cheng; Rossella Arcucci; Zhiwei Xiong,,network_science,1hop_citations,False,,,electron microscopy,graph,annotation,annotation,,training,,2,0,2,False,False,recovered_keep_false,False,False,False,False,True,False,True,role_bridge_review
defb94d732c2d366953f38e715cba046a728a986,Semi-Supervised Neuron Segmentation via Reinforced Consistency Learning,"Emerging deep learning-based methods have enabled great progress in automatic neuron segmentation from Electron Microscopy (EM) volumes. However, the success of existing methods is heavily reliant upon a large number of annotations that are often expensive and time-consuming to collect due to dense distributions and complex structures of neurons. If the required quantity of manual annotations for learning cannot be reached, these methods turn out to be fragile. To address this issue, in this article, we propose a two-stage, semi-supervised learning method for neuron segmentation to fully extract useful information from unlabeled data. First, we devise a proxy task to enable network pre-training by reconstructing original volumes from their perturbed counterparts. This pre-training strategy implicitly extracts meaningful information on neuron structures from unlabeled data to facilitate the next stage of learning. Second, we regularize the supervised learning process with the pixel-level prediction consistencies between unlabeled samples and their perturbed counterparts. This improves the generalizability of the learned model to adapt diverse data distributions in EM volumes, especially when the number of labels is limited. Extensive experiments on representative EM datasets demonstrate the superior performance of our reinforced consistency learning compared to supervised learning, i.e., up to 400% gain on the VOI metric with only a few available labels. This is on par with a model trained on ten times the amount of labeled data in a supervised manner. Code is available at https://github.com/weih527/SSNS-Net.",2022.0,IEEE Transactions on Medical Imaging,75,10.1109/tmi.2022.3176050,35584076.0,,JournalArticle,2022-05-18,https://www.semanticscholar.org/paper/defb94d732c2d366953f38e715cba046a728a986,Computer Science,Computer Science|s2-fos-model,Wei Huang; C. Chen; Zhiwei Xiong; Yueyi Zhang; Xuejin Chen; Xiaoyan Sun; Feng Wu,,,1hop_citations,False,,,electron microscopy,,annotation,annotation,,training,,2,0,2,False,False,recovered_keep_false,False,False,False,False,True,False,True,role_bridge_review
2cba1d4a2fae50cfe585aca027f41ec40d72068b,Large-scale image segmentation based on distributed clustering algorithms,"Many approaches to 3D image segmentation are based on hierarchical clustering of supervoxels into image regions. Here we describe a distributed algorithm capable of handling a tremendous number of supervoxels. The algorithm works recursively, the regions are divided into chunks that are processed independently in parallel by multiple workers. At each round of the recursive procedure, the chunk size in all dimensions are doubled until a single chunk encompasses the entire image. The final result is provably independent of the chunking scheme, and the same as if the entire image were processed without division into chunks. This is nontrivial because a pair of adjacent regions is scored by some statistical property (e.g. mean or median) of the affinities at the interface, and the interface may extend over arbitrarily many chunks. The trick is to delay merge decisions for regions that touch chunk boundaries, and only complete them in a later round after the regions are fully contained within a chunk. We demonstrate the algorithm by clustering an affinity graph with over 1.5 trillion edges between 135 billion supervoxels derived from a 3D electron microscopic brain image.",2021.0,arXiv.org,18,,,2106.10795,JournalArticle,2021-06-21,https://www.semanticscholar.org/paper/2cba1d4a2fae50cfe585aca027f41ec40d72068b,Computer Science,Computer Science|s2-fos-model,R. Lu; A. Zlateski; H. Seung,,network_science,1hop_citations;1hop_references,False,,,,graph,,distributed,,,,1,7,8,False,False,recovered_keep_false,False,False,False,False,True,False,True,role_bridge_review
efd6c985ac11da465b4cefa7244ce0fd4f34ea69,Proposal-Free Volumetric Instance Segmentation from Latent Single-Instance Masks,"This work introduces a new proposal-free instance segmentation method that builds on single-instance segmentation masks predicted across the entire image in a sliding window style. In contrast to related approaches, our method concurrently predicts all masks, one for each pixel, and thus resolves any conflict jointly across the entire image. Specifically, predictions from overlapping masks are combined into edge weights of a signed graph that is subsequently partitioned to obtain all final instances concurrently. The result is a parameter-free method that is strongly robust to noise and prioritizes predictions with the highest consensus across overlapping masks. All masks are decoded from a low dimensional latent representation, which results in great memory savings strictly required for applications to large volumetric images. We test our method on the challenging CREMI 2016 neuron segmentation benchmark where it achieves competitive scores. Electronic supplementary material The online version of this chapter (10.1007/978-3-030-71278-5_24) contains supplementary material, which is available to authorized users.",2020.0,German Conference on Pattern Recognition,8,10.1007/978-3-030-71278-5_24,,2009.04998,JournalArticle,2020-09-10,https://www.semanticscholar.org/paper/efd6c985ac11da465b4cefa7244ce0fd4f34ea69,Computer Science,Computer Science|s2-fos-model,Alberto Bailoni; Constantin Pape; Steffen Wolf; A. Kreshuk; F. Hamprecht,,network_science,1hop_citations,False,,,,graph,,version,,,,2,0,2,False,False,recovered_keep_false,False,False,False,False,True,False,True,role_bridge_review
ecdb8391072425d1dd6c0ae6aa8222374d39212b,Leveraging Domain Knowledge to Improve Microscopy Image Segmentation With Lifted Multicuts,"The throughput of electron microscopes has increased significantly in recent years, enabling detailed analysis of cell morphology and ultrastructure. Analysis of neural circuits at single-synapse resolution remains the flagship target of this technique, but applications to cell and developmental biology are also starting to emerge at scale. The amount of data acquired in such studies makes manual instance segmentation, a fundamental step in many analysis pipelines, impossible. While automatic segmentation approaches have improved significantly thanks to the adoption of convolutional neural networks, their accuracy still lags behind human annotations and requires additional manual proof-reading. A major hindrance to further improvements is the limited field of view of the segmentation networks preventing them from exploiting the expected cell morphology or other prior biological knowledge which humans use to inform their segmentation decisions. In this contribution, we show how such domain-specific information can be leveraged by expressing it as long-range interactions in a graph partitioning problem known as the lifted multicut problem. Using this formulation, we demonstrate significant improvement in segmentation accuracy for three challenging EM segmentation problems from neuroscience and cell biology.",2019.0,Front. Comput. Sci.,21,10.3389/fcomp.2019.00006,,1905.10535,JournalArticle,2019-05-25,https://www.semanticscholar.org/paper/ecdb8391072425d1dd6c0ae6aa8222374d39212b,Computer Science;Biology;Materials Science,Computer Science|s2-fos-model;Biology|s2-fos-model;Materials Science|s2-fos-model,Constantin Pape; A. Matskevych; A. Wolny; Julian Hennies; Giulia Mizzon; Marion Louveaux; J. Musser; A. Maizel; D. Arendt; A. Kreshuk,,network_science,1hop_citations;1hop_references,False,,,synapse;ultrastruct,graph,annotation,annotation,,,,6,3,9,False,False,recovered_keep_false,False,False,False,False,True,False,True,role_bridge_review
55c1d3a71da590b3948dee378ec4d125e33fb4e3,Tracing in 2D to Reduce the Annotation Effort for 3D Deep Delineation,"The difficulty of obtaining annotations to build training databases still slows down the adoption of recent deep learning approaches for biomedical image analysis. In this paper, we show that we can train a Deep Net to perform 3D volumetric delineation given only 2D annotations in Maximum Intensity Projections (MIP) of the training volumes. This significantly reduces the annotation time: We conducted a user study that suggests that annotating 2D projections is on average twice as fast as annotating the original 3D volumes. Our technical contribution is a loss function that evaluates a 3D prediction against annotations of 2D projections. It is inspired by space carving, a classical approach to reconstructing complex 3D shapes from arbitrarily-positioned cameras. It can be used to train any deep network with volumetric output, without the need to change the network's architecture. Substituting the loss is all it takes to enable 2D annotations in an existing training setup. In extensive experiments on 3D light microscopy images of neurons and retinal blood vessels, and on Magnetic Resonance Angiography (MRA) brain scans, we show that, when trained on projection annotations, deep delineation networks perform as well as when they are trained using costlier 3D annotations.",2018.0,Medical Image Anal.,24,10.1016/j.media.2019.101590,31841949.0,1811.10508,JournalArticle,2018-11-26,https://www.semanticscholar.org/paper/55c1d3a71da590b3948dee378ec4d125e33fb4e3,Computer Science;Medicine,Computer Science|s2-fos-model;Medicine|s2-fos-model,M. Koziński; Agata Mosinska; M. Salzmann; P. Fua,,network_science,1hop_citations,False,,,,graph,annotation,annotation;database,,training,,1,0,1,False,False,recovered_keep_false,False,False,False,True,False,False,True,role_bridge_review
f098f7d0e6b76fe9372d5746c541d068b8152e1e,Studying zebrafish nervous system structure and function in health and disease with electron microscopy,"Zebrafish (Danio rerio) is a well‐established model for studying the nervous system. Findings in zebrafish often inform studies on human diseases of the nervous system and provide crucial insight into disease mechanisms. The functions of the nervous system often rely on communication between neurons. Signal transduction is achieved via release of signaling molecules in the form of neuropeptides or neurotransmitters at synapses. Snapshots of membrane dynamics of these processes are imaged by electron microscopy. Electron microscopy can reveal ultrastructure and thus synaptic processes. This is crucial both for mapping synaptic connections and for investigating synaptic functions. In addition, via volumetric electron microscopy, the overall architecture of the nervous system becomes accessible, where structure can inform function. Electron microscopy is thus of particular value for studying the nervous system. However, today a plethora of electron microscopy techniques and protocols exist. Which technique is most suitable highly depends on the research question and scope as well as on the type of tissue that is examined. This review gives an overview of the electron microcopy techniques used on the zebrafish nervous system. It aims to give researchers a guide on which techniques are suitable for their specific questions and capabilities as well as an overview of the capabilities of electron microscopy in neurobiological research in the zebrafish model.",2023.0,"Development, Growth and Differentiation",3,10.1111/dgd.12890,37740826.0,,Review;JournalArticle,2023-09-23,https://www.semanticscholar.org/paper/f098f7d0e6b76fe9372d5746c541d068b8152e1e,Biology;Medicine,Biology|s2-fos-model;Medicine|s2-fos-model,S. Markert,,health_translation,1hop_citations,False,,,electron microscopy;synapse;synaptic;ultrastruct,,,,disease,,,7,0,7,False,False,recovered_keep_false,False,False,True,False,False,False,True,role_bridge_review
dbdd12988bc177a269e23265f3026c878f8bafbc,"MagC, magnetic collection of ultrathin sections for volumetric correlative light and electron microscopy","The non-destructive collection of ultrathin sections onto silicon wafers for post-embedding staining and volumetric correlative light and electron microscopy traditionally requires exquisite manual skills and is tedious and unreliable. In MagC introduced here, sample blocks are augmented with a magnetic resin enabling remote actuation and collection of hundreds of sections on wafer. MagC allowed the correlative visualization of neuroanatomical tracers within their ultrastructural volumetric electron microscopy context.",2019.0,bioRxiv,21,10.7554/elife.45696,31294691.0,,JournalArticle,2019-01-26,https://www.semanticscholar.org/paper/dbdd12988bc177a269e23265f3026c878f8bafbc,Materials Science;Engineering;Physics,Materials Science|s2-fos-model;Engineering|s2-fos-model;Physics|s2-fos-model,Thomas Templier,,,1hop_citations;1hop_references,False,,,electron microscopy;ultrastruct,,,visualization,,,,2,2,4,False,False,recovered_keep_false,False,False,False,False,True,False,True,role_bridge_review
dd86077bceb849172387ce94b9f120b4a1366046,Olfactory Testing and Gray Matter Volume: A Combined Approach to Predict the Conversion to Alzheimer,"Background/Objectives: Olfactory decline is common in normal aging and frequent in neurodegenerative diseases such as Alzheimer’s disease (AD). Therefore, it has been suggested as a marker for the Mild Cognitive Impairment (MCI) progression to AD. Although suggested, the relationship between olfactory deficits and cerebral atrophy in MCI conversion to AD is still debated. This study aims at investigating the olfaction-related morphological and behavioural alterations in MCI in order to understand whether they can predict the progression to AD. Methods: Twenty-seven MCI patients and thirty-five healthy controls (HCs) took part in the study, with follow-up showing conversion to AD in thirteen patients (converter-MCI, cMCI). The Burgarth Sniffin’ Sticks Tests (threshold—TT, discrimination—DT, identification—IT) assessed the olfactory capacities. The Voxel-Based Morphometry (VBM) analysis investigated the atrophic patterns. Results: The Receiving Operating Characteristics analyses demonstrated that DT and IT could distinguish HC from MCI (DT Area Under Curve—AUC = 0.8; IT AUC = 0.8), as well as cMCI from sMCI (stable) patients (DT AUC = 0.7; IT AUC = 0.6), similarly to memory and executive functions tests. Olfactory performance positively correlated with memory tests in sMCI (all rhos ≥ 0.8, all ps < 0.01), whereas it positively correlated with executive functions in cMCI (all rhos ≥ 0.6, all ps < 0.05). VBM results revealed distinct atrophic patterns in cMCI, especially in the olfactory cortex, that were already present at the MCI diagnosis, before AD conversion. A larger volume of the olfactory cortex was associated with better memory and executive functions. Conclusions: Quantitative olfactory and morphological patterns represent non-invasive, predictive biomarkers of the MCI progression to AD; thus, their assessments at MCI onset allows earlier interventions for MCI patients.",2025.0,Brain Science,3,10.3390/brainsci15030310,40149831.0,,JournalArticle,2025-03-01,https://www.semanticscholar.org/paper/dd86077bceb849172387ce94b9f120b4a1366046,Medicine,Medicine|s2-fos-model,C. Casadio; Daniela Ballotta; Francesco Ricci; Vanessa Zanelli; Omar Carpentiero; Maria Giulia Corni; Elisa Bardi; Nicola Filippini; Fausta Lui; P. Nichelli; Maria Angela Molinari; F. Benuzzi,,health_translation,1hop_references,False,,,,,,version,alzheimer;disease;neurodegener;patient,,,0,2,2,False,False,recovered_keep_false,False,False,True,False,False,False,True,role_bridge_review
59275020485580e90038d7ec1ff06d29f5c0e82f,Network Biomarkers of Alzheimer’s Disease Risk Derived from Joint Volume and Texture Covariance Patterns in Mouse Models,"Alzheimer’s disease (AD) lacks effective cures and is typically detected after substantial pathological changes have occurred, making intervention challenging. Early detection and understanding of risk factors and their downstream effects are therefore crucial. Animal models provide valuable tools to study these prodromal stages. We investigated various levels of genetic risk for AD using mice expressing the three major human APOE alleles in place of mouse APOE. We leverage these mouse models utilizing high-resolution magnetic resonance diffusion imaging, due to its ability to provide multiple parameters that can be analysed jointly. We examine how APOE genotype interacts with age, sex, diet, and immunity to yield jointly discernable changes in regional brain volume and fractional anisotropy, a sensitive metric for brain water diffusion. Our results demonstrate that genotype strongly influences the caudate putamen, pons, cingulate cortex, and cerebellum, while sex affects the amygdala and piriform cortex bilaterally. Immune status impacts numerous regions, including the parietal association cortices, thalamus, auditory cortex, V1, and bilateral dentate cerebellar nuclei. Risk factor interactions particularly affect the amygdala, thalamus, and pons. APOE2 mice on a regular diet exhibited the fewest temporal changes, suggesting resilience, while APOE3 mice showed minimal effects from a high-fat diet (HFD). HFD amplified aging effects across multiple brain regions. The interaction of AD risk factors, including diet, revealed significant changes in the periaqueductal gray, pons, amygdala, inferior colliculus, M1, and ventral orbital cortex. Future studies should investigate the mechanisms underlying these coordinated changes in volume and texture, potentially by examining network similarities in gene expression and metabolism, and their relationship to structural pathways involved in neurodegenerative disease progression.",2025.0,bioRxiv,2,10.1101/2025.02.05.636582,39975084.0,,JournalArticle,2025-02-06,https://www.semanticscholar.org/paper/59275020485580e90038d7ec1ff06d29f5c0e82f,Medicine;Computer Science,Medicine|s2-fos-model;Computer Science|s2-fos-model,Eric W. Bridgeford; Jaewon Chung; Robert J Anderson; A. Mahzarnia; Jacques A Stout; H. Moon; Z. Han; J. Vogelstein; Alexandra Badea,,health_translation,1hop_references,False,,,,,,,alzheimer;disease;neurodegener;patholog,,,0,2,2,False,False,recovered_keep_false,False,False,True,False,False,False,True,role_bridge_review
3d89e11806d25a587df6466f282b9ac7f221111c,"A Brief History of the Progress in Our Understanding of Genetics and Lifestyle, Especially Diet, in the Risk of Alzheimer’s Disease","The two major determining factors for Alzheimer’s disease (AD) are genetics and lifestyle. Alleles of the apolipoprotein E (APOE) gene play important roles in the development of late-onset AD, with APOE ɛ4 increasing risk, APOE ɛ3 being neutral, and APOE ɛ2 reducing risk. Several modifiable lifestyle factors have been studied in terms of how they can modify the risk of AD. Among these factors are dietary pattern, nutritional supplements such as omega-3 fatty acids, and B vitamins, physical exercise, and obesity, and vitamin D. The Western diet increases risk of AD, while dietary patterns such as the Mediterranean and vegetarian/vegan diets reduce risk. Foods associated with reduced risk include coffee, fruits and vegetables, whole grains and legumes, and fish, while meat and ultraprocessed foods are associated with increased risk, especially when they lead to obesity. In multi-country ecological studies, the amount of meat in the national diet has the highest correlation with risk of AD. The history of research regarding dietary patterns on risk of AD is emphasized in this review. The risk of AD can be modified starting at least by mid-life. People with greater genetic risk for AD would benefit more by choosing lifestyle factors to reduce and/or delay incidence of AD.",2024.0,Journal of Alzheimer's Disease,12,10.3233/jad-240658,39121130.0,,Review;JournalArticle,2024-08-06,https://www.semanticscholar.org/paper/3d89e11806d25a587df6466f282b9ac7f221111c,Medicine;History,Medicine|s2-fos-model;History|s2-fos-model,William B. Grant,,health_translation,1hop_references,False,,,,,,,alzheimer;disease,,,0,2,2,False,False,recovered_keep_false,False,False,True,False,False,False,True,role_bridge_review
70dd3f3f932203d9a365548c50f243c00d9f0661,Updates on mouse models of Alzheimer’s disease,"Alzheimer’s disease (AD) is the most common neurodegenerative disease in the United States (US). Animal models, specifically mouse models have been developed to better elucidate disease mechanisms and test therapeutic strategies for AD. A large portion of effort in the field was focused on developing transgenic (Tg) mouse models through over-expression of genetic mutations associated with familial AD (FAD) patients. Newer generations of mouse models through knock-in (KI)/knock-out (KO) or CRISPR gene editing technologies, have been developed for both familial and sporadic AD risk genes with the hope to more accurately model proteinopathies without over-expression of human AD genes in mouse brains. In this review, we summarized the phenotypes of a few commonly used as well as newly developed mouse models in translational research laboratories including the presence or absence of key pathological features of AD such as amyloid and tau pathology, synaptic and neuronal degeneration as well as cognitive and behavior deficits. In addition, advantages and limitations of these AD mouse models have been elaborated along with discussions of any sex-specific features. More importantly, the omics data from available AD mouse models have been analyzed to categorize molecular signatures of each model reminiscent of human AD brain changes, with the hope to guide future selection of most suitable models for specific research questions to be addressed in the AD field.",2024.0,Molecular Neurodegeneration,149,10.1186/s13024-024-00712-0,38462606.0,,Review;JournalArticle,2024-03-11,https://www.semanticscholar.org/paper/70dd3f3f932203d9a365548c50f243c00d9f0661,Medicine;Biology,Medicine|s2-fos-model;Biology|s2-fos-model,M. Zhong; T. Peng; M. Duarte; Minghui Wang; Dongming Cai,,health_translation,1hop_references,False,,,synaptic,,,,alzheimer;disease;neurodegener;patholog;patient,,,0,2,2,False,False,recovered_keep_false,False,False,True,False,False,False,True,role_bridge_review
00b6aed76647b6b7c8926a772b61cfa28ffb233a,Odor Discrimination as a Marker of Early Alzheimer’s Disease,"Background: Olfactory dysfunction is an early symptom of Alzheimer’s disease (AD). However, olfactory tests are rarely performed in clinical practice because their diagnostic efficacy in detecting early AD is unclear. Objective: To investigate odor discrimination in patients with early AD and the efficacy of olfactory discrimination tests in differentiating these patients from subjects with normal cognition (CN). Methods: Thirty patients each with mild dementia due to AD (MD-AD) and mild cognitive impairment due to AD (MCI-AD) and 30 older subjects with CN were enrolled. All participants underwent cognitive examinations (CDR, MMSE, ADAS-Cog 13, and verbal fluency) and odor discrimination tests (Sniffin’ Sticks test, Burghart®, Germany). Results: The MD-AD group achieved significantly worse scores on the olfactory discrimination test than the MCI-AD group, and the MCI-AD group achieved significantly worse results than the CN group (p < 0.05). A cut-off score of≤10 had a diagnostic accuracy of 94.44% (95% CI, 87.51–98.17%) in differentiating patients with MCI-AD/MD-AD from subjects with CN and of 91.67% (95% CI, 81.61–97.24%) in differentiating those with MCI-AD from subjects with CN. Our multinomial logistic regression model with demographic data and ADAS-Cog 13 scores as predictor variables correctly classified 82.2% of the cases (CN, 93.3%; MC-AD, 70%; MD-AD, 83.3%); on adding the olfactory discrimination score to the model, the percentage increased to 92.2% (CN, 96.7%; MCI-AD, 86.7%; MD-AD, 93.3%). Conclusion: Odor discrimination is impaired in cases of early AD and continues to deteriorate as the disease progresses. The olfactory discrimination test showed good diagnostic efficacy in detecting early AD.",2023.0,Journal of Alzheimer's Disease,16,10.3233/jad-230077,37355894.0,,JournalArticle,2023-06-23,https://www.semanticscholar.org/paper/00b6aed76647b6b7c8926a772b61cfa28ffb233a,Medicine,Medicine|s2-fos-model,Eglė Audronytė; Gyte Pakulaite-Kazliene; Vaiva Sutnikiene; G. Kaubrys,,health_translation;network_science,1hop_references,False,,,,graph,,,alzheimer;clinical;disease;patient,,,0,2,2,False,False,recovered_keep_false,False,False,True,False,False,False,True,role_bridge_review
f9c51713c48f9460291d65bd9b56c02cbd074a11,Identifying vulnerable brain networks associated with Alzheimer's disease risk.,,2022.0,Cerebral Cortex,17,10.1093/cercor/bhac419,36320163.0,,JournalArticle,2022-11-01,https://www.semanticscholar.org/paper/f9c51713c48f9460291d65bd9b56c02cbd074a11,Medicine,Medicine|s2-fos-model,A. Mahzarnia; Jacques A Stout; R. J. Anderson; Hae Sol Moon; Zay Yar Han; Kate Beck; Jeffrey N. Browndyke; D. Dunson; Kim Johnson; Richard J. O'Brien; Alexandra Badea,,health_translation,1hop_references,False,,,,,,,alzheimer;disease,,,0,2,2,False,False,recovered_keep_false,False,False,True,False,False,False,True,role_bridge_review
0a74424e38ce648de1da7e8614c98df7a6ab52ea,Olfactory Evaluation in Alzheimer’s Disease Model Mice,"Olfactory dysfunction is considered a pre-cognitive biomarker of Alzheimer’s disease (AD). Because the olfactory system is highly conserved across species, mouse models corresponding to various AD etiologies have been bred and used in numerous studies on olfactory disorders. The olfactory behavior test is a method required for early olfactory dysfunction detection in AD model mice. Here, we review the olfactory evaluation of AD model mice, focusing on traditional olfactory detection methods, olfactory behavior involving the olfactory cortex, and the results of olfactory behavior in AD model mice, aiming to provide some inspiration for further development of olfactory detection methods in AD model mice.",2022.0,Brain Science,15,10.3390/brainsci12050607,35624994.0,,Review;JournalArticle,2022-05-01,https://www.semanticscholar.org/paper/0a74424e38ce648de1da7e8614c98df7a6ab52ea,Medicine,Medicine|s2-fos-model,Jingjing Zhang; Zixuan Zhao; Siqi Sun; Jing Li; Yu Wang; Jin-Feng Dong; Su Yang; Y. Lou; Jing Yang; Weiyun Li; Shanshan Li,,health_translation,1hop_references,False,,,,,,,alzheimer;disease;disorder,,,0,2,2,False,False,recovered_keep_false,False,False,True,False,False,False,True,role_bridge_review
c6254cbd1bbaf0cf98e5c88d91e64a62767b9e6b,APOE Alleles and Diet in Brain Aging and Alzheimer’s Disease,"The APOE gene alleles modify human aging and the response to the diet at many levels with diverse pleotropic effects from gut to brain. To understand the interactions of APOE isoforms and diet, we analyze how cellular trafficking of apoE proteins affects energy metabolism, the immune system, and reproduction. The age-accelerating APOE4 allele alters the endosomal trafficking of cell surface receptors that mediate lipid and glucose metabolism. The APOE4 allele is the ancestral human allele, joined by APOE3 and then APOE2 in the human species. Under conditions of high infection, uncertain food, and shorter life expectancy, APOE4 may be adaptive for reducing mortality. As humans transitioned into modern less-infectious environments and longer life spans, APOE4 increased risks of aging-related diseases, particularly impacting arteries and the brain. The association of APOE4 with glucose dysregulation and body weight promotes many aging-associated diseases. Additionally, the APOE gene locus interacts with adjacent genes on chromosome 19 in haplotypes that modify neurodegeneration and metabolism, for which we anticipate complex gene-environment interactions. We summarize how diet and Alzheimer’s disease (AD) risk are altered by APOE genotype in both animal and human studies and identify gaps. Much remains obscure in how APOE alleles modify nutritional factors in human aging. Identifying risk variant haplotypes in the APOE gene complex will clarify homeostatic adaptive responses to environmental conditions.",2020.0,Frontiers in Aging Neuroscience,125,10.3389/fnagi.2020.00150,32587511.0,,Review;JournalArticle,2020-06-10,https://www.semanticscholar.org/paper/c6254cbd1bbaf0cf98e5c88d91e64a62767b9e6b,Medicine;Biology,Medicine|s2-fos-model;Biology|s2-fos-model,Hussein N. Yassine; C. Finch,,health_translation,1hop_references,False,,,,,,,alzheimer;disease;neurodegener,,,0,2,2,False,False,recovered_keep_false,False,False,True,False,False,False,True,role_bridge_review
1efa143b21e13655548c7950f270839f0e5c2f65,Intact olfactory memory in the 5xFAD mouse model of Alzheimer's disease from 3 to 15 months of age.,"Alzheimer's disease (AD) is an age-related neurodegenerative disorder that causes profound cognitive dysfunction. Deficits in olfactory memory occur in early stages of AD and may be useful in AD diagnosis. The 5xFAD mouse is a commonly used model of AD, as it develops neuropathology, cognitive and sensori-motor dysfunctions similar to those seen in AD. However, olfactory memory dysfunction has not been studied adequately or in detail in 5xFAD mice. Furthermore, despite sex differences in AD prevalence and symptom presentation, few studies using 5xFAD mice have examined sex differences in learning and memory. Therefore, we tested olfactory memory in male and female 5xFAD mice from 3-15 months of age using a conditioned odour preference task. Olfactory memory was not impaired in male or female 5xFAD mice at any age tested, nor were there any sex differences. Because early-onset impairments in very long-term (remote) memory have been reported in 5xFAD mice, we trained a group of mice at 3 months of age and tested olfactory memory 90 days later. Very long-term olfactory memory in 5xFAD mice was not impaired, nor was their ability to perform the discrimination task with new odourants. Examination of brains from 5xFAD mice confirmed extensive Aβ-plaque deposition spanning the olfactory memory system, including the olfactory bulb, hippocampus, amygdala and piriform cortex. Overall this study indicates that male and female 5xFAD mice do not develop olfactory memory deficits, despite extensive Aβ deposition within the olfactory-memory regions of the brain.",2020.0,Behavioural Brain Research,32,10.1016/j.bbr.2020.112731,32522622.0,,JournalArticle,2020-06-06,https://www.semanticscholar.org/paper/1efa143b21e13655548c7950f270839f0e5c2f65,Medicine,Medicine|s2-fos-model,Timothy P. O’Leary; Kurt Stover; H. M. Mantolino; Sultan Darvesh; Richard E. Brown,,health_translation,1hop_references,False,,,,,,,alzheimer;disease;disorder;neurodegener;patholog,,,0,2,2,False,False,recovered_keep_false,False,False,True,False,False,False,True,role_bridge_review
5bea5ecd8293eb64952442a8da344507fa653c2c,Identifying Vulnerable Brain Networks in Mouse Models of Genetic Risk Factors for Late Onset Alzheimer’s Disease,"The major genetic risk for late onset Alzheimer’s disease has been associated with the presence of APOE4 alleles. However, the impact of different APOE alleles on the brain aging trajectory, and how they interact with the brain local environment in a sex specific manner is not entirely clear. We sought to identify vulnerable brain circuits in novel mouse models with homozygous targeted replacement of the mouse ApoE gene with either human APOE3 or APOE4 gene alleles. These genes are expressed in mice that also model the human immune response to age and disease-associated challenges by expressing the human NOS2 gene in place of the mouse mNos2 gene. These mice had impaired learning and memory when assessed with the Morris water maze (MWM) and novel object recognition (NOR) tests. Ex vivo MRI-DTI analyses revealed global and local atrophy, and areas of reduced fractional anisotropy (FA). Using tensor network principal component analyses for structural connectomes, we inferred the pairwise connections which best separate APOE4 from APOE3 carriers. These involved primarily interhemispheric connections among regions of olfactory areas, the hippocampus, and the cerebellum. Our results also suggest that pairwise connections may be subdivided and clustered spatially to reveal local changes on a finer scale. These analyses revealed not just genotype, but also sex specific differences. Identifying vulnerable networks may provide targets for interventions, and a means to stratify patients.",2019.0,Front. Neuroinform.,35,10.3389/fninf.2019.00072,31920610.0,,JournalArticle,2019-12-10,https://www.semanticscholar.org/paper/5bea5ecd8293eb64952442a8da344507fa653c2c,Biology;Medicine,Biology|s2-fos-model;Medicine|s2-fos-model,Alexandra Badea; Wenlin Wu; Jordan Shuff; Michele Wang; R. J. Anderson; Y. Qi; G. Johnson; Joan G. Wilson; S. Koudoro; E. Garyfallidis; C. Colton; D. Dunson,,health_translation,1hop_references,False,macroscale_only_no_positive_gate,connectom,,,,,alzheimer;disease;patient,,dti,0,2,2,False,False,recovered_keep_false,True,False,True,False,False,False,True,macroscale_role_bridge_review
33caecb2cd1ae27f8c8262633ab636052b1637e1,The neuropathological diagnosis of Alzheimer’s disease,"Alzheimer’s disease is a progressive neurodegenerative disease most often associated with memory deficits and cognitive decline, although less common clinical presentations are increasingly recognized. The cardinal pathological features of the disease have been known for more than one hundred years, and today the presence of these amyloid plaques and neurofibrillary tangles are still required for a pathological diagnosis. Alzheimer’s disease is the most common cause of dementia globally. There remain no effective treatment options for the great majority of patients, and the primary causes of the disease are unknown except in a small number of familial cases driven by genetic mutations. Confounding efforts to develop effective diagnostic tools and disease-modifying therapies is the realization that Alzheimer’s disease is a mixed proteinopathy (amyloid and tau) frequently associated with other age-related processes such as cerebrovascular disease and Lewy body disease. Defining the relationships between and interdependence of various co-pathologies remains an active area of investigation. This review outlines etiologically-linked pathologic features of Alzheimer’s disease, as well as those that are inevitable findings of uncertain significance, such as granulovacuolar degeneration and Hirano bodies. Other disease processes that are frequent, but not inevitable, are also discussed, including pathologic processes that can clinically mimic Alzheimer’s disease. These include cerebrovascular disease, Lewy body disease, TDP-43 proteinopathies and argyrophilic grain disease. The purpose of this review is to provide an overview of Alzheimer’s disease pathology, its defining pathologic substrates and the related pathologies that can affect diagnosis and treatment.",2019.0,Molecular Neurodegeneration,2817,10.1186/s13024-019-0333-5,31375134.0,,Review;JournalArticle,2019-08-02,https://www.semanticscholar.org/paper/33caecb2cd1ae27f8c8262633ab636052b1637e1,Medicine,Medicine|s2-fos-model,M. DeTure; D. Dickson,,health_translation,1hop_references,False,,,,,,,alzheimer;clinical;disease;neurodegener;patholog;patient,,,0,2,2,False,False,recovered_keep_false,False,False,True,False,False,False,True,role_bridge_review
bd7e9f53af8488f4d3e7ef5a291aba9f80ada4be,Alzheimer’s Disease Genetic Risk Factor APOE-ε4 Also Affects Normal Brain Function,"APOE-ε4 is the strongest genetic risk factor for Alzheimer’s disease (AD), and is associated with an increase in the levels of amyloid deposition and an early age of onset. Recent data demonstrate that AD pathological changes occur decades before clinical symptoms, raising questions about the precise onset of the disease. Now a convergence of approaches in mice and humans has demonstrated that APOE-ε4 affects normal brain function even very early in life in the absence of gross AD pathological changes. Normal mice expressing APOE4 have task-specific spatial learning deficits, as well as reduced NMDAR-dependent signaling and structural changes to presynaptic and postsynaptic compartments in neurons, particularly in hippocampal regions. Young humans possessing APOE-ε4 are more adept than APOE-ε4 negative individuals at some behavioral tasks, and functional magnetic resonance imaging has shown that inheritance of APOE-ε4 has specific effects on medial temporal brain activities. These findings suggest that inheritance of APOE-ε4 causes life long changes to the brain that may be related to the late risk of AD. Several possible mechanisms of how APOE-ε4 could affect brain neurochemistry, structure, and function are reviewed.",2016.0,Current Alzheimer Research,165,10.2174/1567205013666160401115127,27033053.0,,Review;JournalArticle,2016-10-31,https://www.semanticscholar.org/paper/bd7e9f53af8488f4d3e7ef5a291aba9f80ada4be,Medicine;Biology,Medicine|s2-fos-model;Biology|s2-fos-model,Amanda Dibattista; Nicolette M. Heinsinger; G. W. Rebeck,,health_translation,1hop_references,False,,,synaptic,,,,alzheimer;clinical;disease;patholog,,,0,2,2,False,False,recovered_keep_false,False,False,True,False,False,False,True,role_bridge_review
3f72b5b1c71c23885f5d93233a35537856a2aa8b,Olfactory dysfunction in Alzheimer’s disease,"Alzheimer’s disease (AD) is a common neurodegenerative disorder with the earliest clinical symptom of olfactory dysfunction, which is a potential clinical marker for AD severity and progression. However, many questions remain unanswered. This article reviews relevant research on olfactory dysfunction in AD and evaluates the predictive value of olfactory dysfunction for the epidemiological, pathophysiological, and clinical features of AD, as well as for the conversion of cognitive impairment to AD. We summarize problems of existing studies and provide a useful reference for further studies in AD olfactory dysfunction and for clinical applications of olfactory testing.",2016.0,Neuropsychiatric Disease and Treatment,174,10.2147/ndt.s104886,27143888.0,,Review;JournalArticle,2016-04-15,https://www.semanticscholar.org/paper/3f72b5b1c71c23885f5d93233a35537856a2aa8b,Medicine,Medicine|s2-fos-model,Y. Zou; Da Lu; Li-Ping Liu; Hui-hong Zhang; Yu-ying Zhou,,health_translation,1hop_references,False,,,,,,version,alzheimer;clinical;disease;disorder;neurodegener,,,0,2,2,False,False,recovered_keep_false,False,False,True,False,False,False,True,role_bridge_review
eeedab15da2c3073512df753bdb52a08dde0b4ca,VPS35 dysfunction impairs lysosomal degradation of α-synuclein and exacerbates neurotoxicity in a Drosophila model of Parkinson's disease.,"Mutations in vacuolar protein sorting 35 (VPS35) have been linked to familial Parkinson's disease (PD). VPS35, a component of the retromer, mediates the retrograde transport of cargo from the endosome to the trans-Golgi network. Here we showed that retromer depletion increases the lysosomal turnover of the mannose 6-phosphate receptor, thereby affecting the trafficking of cathepsin D (CTSD), a lysosome protease involved in α-synuclein (αSYN) degradation. VPS35 knockdown perturbed the maturation step of CTSD in parallel with the accumulation of αSYN in the lysosomes. Furthermore, we found that the knockdown of Drosophila VPS35 not only induced the accumulation of the detergent-insoluble αSYN species in the brain but also exacerbated both locomotor impairments and mild compound eye disorganization and interommatidial bristle loss in flies expressing human αSYN. These findings indicate that the retromer may play a crucial role in αSYN degradation by modulating the maturation of CTSD and might thereby contribute to the pathogenesis of the disease.",2014.0,Neurobiology of Disease,179,10.1016/j.nbd.2014.07.014,25107340.0,,JournalArticle,2014-11-01,https://www.semanticscholar.org/paper/eeedab15da2c3073512df753bdb52a08dde0b4ca,Medicine;Biology,Medicine|s2-fos-model;Biology|s2-fos-model,Emiko Miura; T. Hasegawa; Masatoshi Konno; Mari Suzuki; N. Sugeno; N. Fujikake; Sven Geisler; M. Tabuchi; Ryuji Oshima; A. Kikuchi; T. Baba; K. Wada; Y. Nagai; A. Takeda; M. Aoki,,health_translation,1hop_references,False,,,,,,,disease;parkinson,,,0,2,2,False,False,recovered_keep_false,False,False,True,False,False,False,True,role_bridge_review
4718e61de2c928d77780b2a72fac704f18d8297b,Toward defining the preclinical stages of Alzheimer's disease: Recommendations from the National Institute on Aging-Alzheimer's Association workgroups on diagnostic guidelines for Alzheimer's disease,"The pathophysiological process of Alzheimer's disease (AD) is thought to begin many years before the diagnosis of AD dementia. This long “preclinical” phase of AD would provide a critical opportunity for therapeutic intervention; however, we need to further elucidate the link between the pathological cascade of AD and the emergence of clinical symptoms. The National Institute on Aging and the Alzheimer's Association convened an international workgroup to review the biomarker, epidemiological, and neuropsychological evidence, and to develop recommendations to determine the factors which best predict the risk of progression from “normal” cognition to mild cognitive impairment and AD dementia. We propose a conceptual framework and operational research criteria, based on the prevailing scientific evidence to date, to test and refine these models with longitudinal clinical research studies. These recommendations are solely intended for research purposes and do not have any clinical implications at this time. It is hoped that these recommendations will provide a common rubric to advance the study of preclinical AD, and ultimately, aid the field in moving toward earlier intervention at a stage of AD when some disease‐modifying therapies may be most efficacious.",2011.0,Alzheimer's & Dementia,6854,10.1016/j.jalz.2011.03.003,21514248.0,,JournalArticle;Review,2011-04-21,https://www.semanticscholar.org/paper/4718e61de2c928d77780b2a72fac704f18d8297b,Medicine,Medicine|s2-fos-model,R. Sperling; P. Aisen; L. Beckett; David A. Bennett; S. Craft; Anne M. Fagan; T. Iwatsubo; C. Jack; J. Kaye; T. Montine; Denise C. Park; Eric M Reiman; Christopher C. Rowe; E. Siemers; Y. Stern; K. Yaffe; Maria C. Carrillo; B. Thies; M. Morrison‐Bogorad; M. Wagster; C. Phelps,,health_translation,1hop_references,False,,,,,,,alzheimer;clinical;disease;patholog,,,0,2,2,False,False,recovered_keep_false,False,False,True,False,False,False,True,role_bridge_review
5268d520c04a7c4ad9f35bbe1a641768734cad04,"Glutamate receptor, ionotropic, N-methyl D-aspartate 2A (GRIN2A) gene as a positional candidate for attention-deficit/hyperactivity disorder in the 16p13 region",,2004.0,Molecular Psychiatry,63,10.1038/sj.mp.4001455,14699423.0,,JournalArticle,2004-05-01,https://www.semanticscholar.org/paper/5268d520c04a7c4ad9f35bbe1a641768734cad04,Biology;Medicine,Biology|s2-fos-model;Medicine|s2-fos-model,Jennifer H. Adams; J. Crosbie; K. Wigg; A. Ickowicz; Tejaswee Pathare; Wendy Roberts; M. Malone; Russell Schachar; R. Tannock; J. L. Kennedy; C. Barr,,,1hop_references,False,,,,,,,disorder,,,0,2,2,False,False,recovered_keep_false,False,False,True,False,False,False,True,role_bridge_review
7066035941c0d9aff06ada9958f159fef596cc7a,Mitochondria at the neuronal presynapse in health and disease,,2018.0,Nature Reviews Neuroscience,522,10.1038/nrn.2017.170,29348666.0,,Review;JournalArticle,2018-01-19,https://www.semanticscholar.org/paper/7066035941c0d9aff06ada9958f159fef596cc7a,Medicine;Biology,Medicine|s2-fos-model;Biology|s2-fos-model,Michael J. Devine; J. Kittler,,health_translation,1hop_references,False,,,synapse,,,,disease,,,0,3,3,False,False,recovered_keep_false,False,False,True,False,False,False,True,role_bridge_review
2dab1c97bc321867472f103d51d34d6bab7c75f7,A Bottom-up Approach to Data Annotation in Neurophysiology,"Metadata providing information about the stimulus, data acquisition, and experimental conditions are indispensable for the analysis and management of experimental data within a lab. However, only rarely are metadata available in a structured, comprehensive, and machine-readable form. This poses a severe problem for finding and retrieving data, both in the laboratory and on the various emerging public data bases. Here, we propose a simple format, the “open metaData Markup Language” (odML), for collecting and exchanging metadata in an automated, computer-based fashion. In odML arbitrary metadata information is stored as extended key–value pairs in a hierarchical structure. Central to odML is a clear separation of format and content, i.e., neither keys nor values are defined by the format. This makes odML flexible enough for storing all available metadata instantly without the necessity to submit new keys to an ontology or controlled terminology. Common standard keys can be defined in odML-terminologies for guaranteeing interoperability. We started to define such terminologies for neurophysiological data, but aim at a community driven extension and refinement of the proposed definitions. By customized terminologies that map to these standard terminologies, metadata can be named and organized as required or preferred without softening the standard. Together with the respective libraries provided for common programming languages, the odML format can be integrated into the laboratory workflow, facilitating automated collection of metadata information where it becomes available. The flexibility of odML also encourages a community driven collection and definition of terms used for annotating data in the neurosciences.",2011.0,Front. Neuroinform.,61,10.3389/fninf.2011.00016,21941477.0,,JournalArticle,2011-08-30,https://www.semanticscholar.org/paper/2dab1c97bc321867472f103d51d34d6bab7c75f7,Computer Science;Biology,Computer Science|s2-fos-model;Biology|s2-fos-model,J. Grewe; T. Wachtler; J. Benda,,,1hop_references,False,,,,community,annotation,annotation;metadata,,,,0,1,1,False,False,recovered_keep_false,False,False,False,True,False,False,True,role_bridge_review
fd0d267c7ca64dcb7622ca667e9c1dd12575f142,NeuroMorphoVis: a collaborative framework for analysis and visualization of neuronal morphology skeletons reconstructed from microscopy stacks,"Motivation From image stacks to computational models, processing digital representations of neuronal morphologies is essential to neuroscientific research. Workflows involve various techniques and tools, leading in certain cases to convoluted and fragmented pipelines. The existence of an integrated, extensible and free framework for processing, analysis and visualization of those morphologies is a challenge that is still largely unfulfilled. Results We present NeuroMorphoVis, an interactive, extensible and cross‐platform framework for building, visualizing and analyzing digital reconstructions of neuronal morphology skeletons extracted from microscopy stacks. Our framework is capable of detecting and repairing tracing artifacts, allowing the generation of high fidelity surface meshes and high resolution volumetric models for simulation and in silico imaging studies. The applicability of NeuroMorphoVis is demonstrated with two case studies. The first simulates the construction of three‐dimensional profiles of neuronal somata and the other highlights how the framework is leveraged to create volumetric models of neuronal circuits for simulating different types of in vitro imaging experiments. Availability and implementation The source code and documentation are freely available on https://github.com/BlueBrain/NeuroMorphoVis under the GNU public license. The morphological analysis, visualization and surface meshing are implemented as an extensible Python API (Application Programming Interface) based on Blender, and the volume reconstruction and analysis code is written in C++ and parallelized using OpenMP. The framework features are accessible from a user‐friendly GUI (Graphical User Interface) and a rich CLI (Command Line Interface).",2018.0,Bioinform.,56,10.1093/bioinformatics/bty231,29949998.0,,JournalArticle,2018-06-27,https://www.semanticscholar.org/paper/fd0d267c7ca64dcb7622ca667e9c1dd12575f142,Computer Science;Biology,Computer Science|s2-fos-model;Biology|s2-fos-model,M. Abdellah; J. Hernando; Stefan Eilemann; Samuel Lapere; N. Antille; H. Markram; F. Schürmann,,network_science,1hop_references,False,,,,graph,,visualization,,,,0,2,2,False,False,recovered_keep_false,False,False,False,False,True,False,True,role_bridge_review
6e661ab5c8ecb866feb32611094498c7ca0d0936,Integrating multimodal and multiscale connectivity blueprints of the human cerebral cortex in health and disease,"The brain is composed of disparate neural populations that communicate and interact with one another. Although fiber bundles, similarities in molecular architecture, and synchronized neural activity all reflect how brain regions potentially interact with one another, a comprehensive study of how all these interregional relationships jointly reflect brain structure and function remains missing. Here, we systematically integrate 7 multimodal, multiscale types of interregional similarity (“connectivity modes”) derived from gene expression, neurotransmitter receptor density, cellular morphology, glucose metabolism, haemodynamic activity, and electrophysiology in humans. We first show that for all connectivity modes, feature similarity decreases with distance and increases when regions are structurally connected. Next, we show that connectivity modes exhibit unique and diverse connection patterns, hub profiles, spatial gradients, and modular organization. Throughout, we observe a consistent primacy of molecular connectivity modes—namely correlated gene expression and receptor similarity—that map onto multiple phenomena, including the rich club and patterns of abnormal cortical thickness across 13 neurological, psychiatric, and neurodevelopmental disorders. Finally, to construct a single multimodal wiring map of the human cortex, we fuse all 7 connectivity modes and show that the fused network maps onto major organizational features of the cortex including structural connectivity, intrinsic functional networks, and cytoarchitectonic classes. Altogether, this work contributes to the integrative study of interregional relationships in the human cerebral cortex.",2023.0,PLoS Biology,66,10.1371/journal.pbio.3002314,37747886.0,,JournalArticle,2023-09-01,https://www.semanticscholar.org/paper/6e661ab5c8ecb866feb32611094498c7ca0d0936,Medicine,Medicine|s2-fos-model,J. Hansen; G. Shafiei; K. Voigt; E. Liang; S. Cox; M. Leyton; S. Jamadar; B. Mišić,,health_translation,1hop_citations;1hop_references,False,,,,modular;rich club,,,disease;disorder;human cortex,,,1,1,2,False,False,recovered_keep_false,False,False,True,False,False,False,True,role_bridge_review
0a8a1ce80b718d78c48b2f76ea4782e47b8d0b75,A recurrent neural circuit in Drosophila temporally sharpens visual inputs,"Summary A critical goal of vision is to detect changes in light intensity, even when these changes are blurred by the spatial resolution of the eye and the motion of the animal. Here we describe a recurrent neural circuit in Drosophila that compensates for blur and thereby selectively enhances the perceived contrast of moving edges. Using in vivo, two-photon voltage imaging, we measured the temporal response properties of L1 and L2, two cell types that receive direct synaptic input from photoreceptors. These neurons have biphasic responses to brief flashes of light, a hallmark of cells that encode changes in stimulus intensity. However, the second phase was often much larger in area than the first, creating an unusual temporal filter. Genetic dissection revealed that recurrent neural circuitry strongly shapes the second phase of the response, informing the structure of a dynamical model. By applying this model to moving natural images, we demonstrate that rather than veridically representing stimulus changes, this temporal processing strategy systematically enhances them, amplifying and sharpening responses. Comparing the measured responses of L2 to model predictions across both artificial and natural stimuli revealed that L2 tunes its properties as the model predicts in order to temporally sharpen visual inputs. Since this strategy is tunable to behavioral context, generalizable to any time-varying sensory input, and implementable with a common circuit motif, we propose that it could be broadly used to selectively enhance sharp and salient changes.",2024.0,Current Biology,6,10.1016/j.cub.2024.11.064,39706173.0,,JournalArticle,2024-12-01,https://www.semanticscholar.org/paper/0a8a1ce80b718d78c48b2f76ea4782e47b8d0b75,Biology,Biology|s2-fos-model,Michelle M. Pang; Feng Chen; Marjorie Xie; Shaul Druckmann; T. R. Clandinin; Helen H. Yang,,network_science,1hop_citations;1hop_references,False,,,synaptic,motif,,,,,,3,1,4,False,False,recovered_keep_false,False,False,False,False,False,True,True,role_bridge_review
60957e8f259567daac306ae52619631923446f7b,Testing biological network motif significance with exponential random graph models,"Analysis of the structure of biological networks often uses statistical tests to establish the over-representation of motifs, which are thought to be important building blocks of such networks, related to their biological functions. However, there is disagreement as to the statistical significance of these motifs, and there are potential problems with standard methods for estimating this significance. Exponential random graph models (ERGMs) are a class of statistical model that can overcome some of the shortcomings of commonly used methods for testing the statistical significance of motifs. ERGMs were first introduced into the bioinformatics literature over 10 years ago but have had limited application to biological networks, possibly due to the practical difficulty of estimating model parameters. Advances in estimation algorithms now afford analysis of much larger networks in practical time. We illustrate the application of ERGM to both an undirected protein–protein interaction (PPI) network and directed gene regulatory networks. ERGM models indicate over-representation of triangles in the PPI network, and confirm results from previous research as to over-representation of transitive triangles (feed-forward loop) in an E. coli and a yeast regulatory network. We also confirm, using ERGMs, previous research showing that under-representation of the cyclic triangle (feedback loop) can be explained as a consequence of other topological features.",2020.0,Applied Network Science,11,10.1007/s41109-021-00434-y,34841042.0,2001.11125,JournalArticle,2020-01-29,https://www.semanticscholar.org/paper/60957e8f259567daac306ae52619631923446f7b,Biology;Computer Science,Biology|s2-fos-model;Computer Science|s2-fos-model,A. Stivala; A. Lomi,,network_science,1hop_citations,False,,,,graph;motif,,,,,,3,0,3,False,False,recovered_keep_false,False,False,False,False,False,True,True,role_bridge_review
bb4fb07b1d265969be2133a9e4076b7a924bbeee,Network Analysis and Visualization of Mouse Retina Connectivity Data,"The largest available cellular level connectivity map, of a 0.1 mm sample of the mouse retina Inner Plexiform Layer, was analysed using network models and visualized using spectral graph layouts and observed cell coordinates. This allows key nodes in the network to be identified with retinal neurons. Their strongest synaptic links can trace pathways in the network, elucidating possible circuits. Modular decomposition of the network, by sampling signal flows over nodes and links using the InfoMap method, shows discrete modules of cone bipolar cells that form a tiled mosaic in the retinal plane. The highest flow nodes, calculated by InfoMap, proved to be the most useful landmarks for elucidating possible circuits. Their dominant links to high flow amacrine cells reveal possible circuits linking bipolar through to ganglion cells and show an Off-On discrimination between the Left-Right sections of the sample. Circuits suggested by this analysis confirm known roles for some cells and point to roles for others.",2016.0,PLoS ONE,4,10.1371/journal.pone.0158626,27414405.0,,JournalArticle,2016-07-14,https://www.semanticscholar.org/paper/bb4fb07b1d265969be2133a9e4076b7a924bbeee,Biology;Computer Science,Biology|s2-fos-model;Computer Science|s2-fos-model,B. Pailthorpe,,network_science,1hop_citations,False,,,synaptic,graph;modular;network analysis,,visualization,,,,2,0,2,False,False,recovered_keep_false,False,False,False,False,True,False,True,role_bridge_review
6fd9f8d1131275b30bc106f682a57e2190433d71,Eye-Trace: Segmentation of Volumetric Microscopy Images with Eyegaze,"We introduce an image annotation approach for the analysis of volumetric electron microscopic imagery of brain tissue. The core task is to identify and link tubular objects (neuronal fibers) in images taken from consecutive ultrathin sections of brain tissue. In our approach an individual 'flies' through the 3D data at a high speed and maintains eye gaze focus on a single neuronal fiber, aided by navigation with a handheld gamepad controller. The continuous foveation on a fiber of interest constitutes an intuitive means to define a trace that is seamlessly recorded with a desktop eyetracker and transformed into precise 3D coordinates of the annotated fiber (skeleton tracing). In a participant experiment we validate the approach by demonstrating a tracing accuracy of about the respective radiuses of the traced fibers with browsing speeds of up to 40 brain sections per second.",2016.0,International Conference on Human Factors in Computing Systems,7,10.1145/2858036.2858578,,,Book;JournalArticle;Conference,2016-05-07,https://www.semanticscholar.org/paper/6fd9f8d1131275b30bc106f682a57e2190433d71,Computer Science,Computer Science|s2-fos-model,Thomas Templier; Kenan Bektas; Richard Hans Robert Hahnloser,,,1hop_citations,False,,,,,annotation,annotation,,,,5,0,5,False,False,recovered_keep_false,False,False,False,False,True,False,True,role_bridge_review
c5d0ef6b93c63f99869221288c46d824d7313f0b,Histopathological and ultrastructural changes in different cell types during ischemic and hemorrhagic stroke.,"Stroke is a disease of the central nervous system that leads to high rates of morbidity and mortality, along with limited treatment options. This condition is frequently linked to pathologic alterations at the ultrastructural level within diverse neuronal components, including cell bodies, neurites, and synapses, as well as in glial cells like astrocytes, microglia, and oligodendrocytes. These changes include alterations in the shape and size of cell bodies, disruption of neurites, and changes in the density and distribution of synapses. The blood-brain barrier, a crucial component of the brain's defense system, is also compromised following a stroke, leading to further complications. Although stroke research has significantly advanced, there is still a lack of comprehensive reviews on ultrastructural pathological changes. Given the current challenges in treating stroke, identifying dynamic subcellular structural changes can improve our understanding of the complex pathologic processes after a stroke, ultimately enhancing clinical diagnosis and therapeutic strategies. This review aims to summarize and analyze the ultrastructural changes documented through transmission electron microscopy in both ischemic and hemorrhagic stroke, providing insights for future research and developing novel treatments.",2025.0,Ageing Research Reviews,4,10.1016/j.arr.2025.102846,40716519.0,,Review;JournalArticle,2025-07-01,https://www.semanticscholar.org/paper/c5d0ef6b93c63f99869221288c46d824d7313f0b,Medicine,Medicine|s2-fos-model,Houlian Zhang; N. Xing; Junmin Wang; Jing Zhang; Cao Jia; Yifei Li; Hualin Fan; Yiying Liu; Fatemeh Dialameh; Nannan Cheng; Yanyan Sun; Junyang Wang; Menglu Wang; Moxin Wu; Xiaoping Yin; Wei Zhu; Jing Li; Jiewen Zhang; Chao Jiang; Fei Xing; M. Zille; Xiaochong Fan; Xuemei Chen; Jian Wang,,health_translation,1hop_citations,False,,,electron microscopy;synapse;ultrastruct,,,,clinical;disease;patholog,,,2,0,2,False,False,recovered_keep_false,False,False,True,False,False,False,True,role_bridge_review
6ef452b24db9803c6bbf48b8187717cbf7c154c4,"Functional Connectivity, Tissue Microstructure, and T2 at 11.1 Tesla Distinguishes Neuroadaptive Differences in Two Traumatic Brain Injury Models in Rats: A Translational Outcomes Project in NeuroTrauma (TOP-NT) UG3 Phase Study","Traumatic brain injuries (TBIs), particularly contusive types, are associated with disruptions in neuronal communication due to focal and diffuse axonal injury, as well as alterations in the neuronal chemical environment. These changes can negatively impact neuronal networks beyond the primary injury site. In this Translational Outcomes Project in NeuroTrauma UG3 phase study, we sought to use multimodal neuroimaging biomarker approach to assess functional connectivity and brain tissue microstructure, along with T2 relaxometry, in two experimental rat models of TBI: controlled cortical impact (CCI) and lateral fluid percussive injury (LFPI). Rats underwent imaging using an 11.1 Tesla scanner at 2 and 30 days post-injury. Naïve controls were scanned once to establish baseline comparisons for both TBI groups. Imaging modalities included functional magnetic resonance imaging (fMRI), diffusion-weighted imaging (DWI), and multi-echo T2 imaging. fMRI data were analyzed to evaluate functional connectivity across lateral and medial regions of interest in the cortical mantle, hippocampus, and dorsal striatum. DWI scans were used to generate maps of fractional anisotropy (FA) and mean, axial, and radial diffusivities, focusing on cortical and white matter (WM) regions near the injury epicenter. Our findings revealed significantly increased contralateral intracortical connectivity at 2 days post-injury in both CCI and LFPI models, localized to similar cortical areas. This increased connectivity persisted at day 30 in the CCI model but not in LFPI. Changes in WM and cortical FA and diffusivities were observed in both models, with WM alterations predominating in CCI and cortical changes being more pronounced in LFPI. These results highlight the utility of multimodal MRI for characterizing distinct injury mechanisms in contusive and skull-penetrating TBI models.",2025.0,Neurotrauma Reports,0,10.1177/2689288x251380144,41132417.0,,JournalArticle,2025-01-01,https://www.semanticscholar.org/paper/6ef452b24db9803c6bbf48b8187717cbf7c154c4,Medicine,Medicine|s2-fos-model,Rohan S. Kommireddy; Shray Mehra; Marjory Pompilus; Rawad Daniel Arja; T. Zhu; Zhihui Yang; Yueqiang Fu; Jiepei Zhu; Firas H. Kobeissy; Kevin K W Wang; M. Febo,,,1hop_citations,False,,,atum,,,,traumatic brain injury,,,2,0,2,False,False,recovered_keep_false,False,False,True,False,False,False,True,role_bridge_review
2d152b0e6a3427743e446d203933c777699fdaa2,Self-Supervised Edge Detection Reconstruction for Topology-Informed 3D Axon Segmentation and Centerline Detection,"Many machine learning-based axon tracing methods rely on image datasets with segmentation labels. This requires manual annotation from domain experts, which is labor-intensive and not practical for large-scale brain mapping on hemisphere or whole brain tissue at cellular or sub-cellular resolution. Additionally, preserving axon structure topology is crucial to understanding neural connections and brain function. Self-supervised learning (SSL) is a machine learning framework that allows models to learn an auxiliary task on unannotated data to aid performance on a supervised target task. In this work, we propose a novel SSL auxiliary task of reconstructing an edge detector for the target task of topology-oriented axon segmentation and centerline detection. We pretrained 3D U-Nets on three different SSL tasks using a mouse brain dataset: our proposed task, predicting the order of permuted slices, and playing a Rubik’s cube. We then evaluated these U-Nets and a baseline model on a different mouse brain dataset. Across all experiments, the U-Net pretrained on our proposed task improved the baseline’s segmentation, topology-preservation, and centerline detection by up to 5.03%, 4.65%, and 5.41%, respectively. In contrast, there was no consistent improvement over the baseline observed with the slice-permutation and Rubik’s cube pretrained U-Nets.",2024.0,IEEE Workshop/Winter Conference on Applications of Computer Vision,7,10.1109/wacv57701.2024.00765,,,JournalArticle;Conference,2024-01-03,https://www.semanticscholar.org/paper/2d152b0e6a3427743e446d203933c777699fdaa2,Computer Science,Computer Science|s2-fos-model,Alec Xu; Nina I. Shamsi; Lars A. Gjesteby; L. Brattain,,,1hop_citations;1hop_references,False,,,,,annotation,annotation,,workshop,,1,1,2,False,False,recovered_keep_false,False,False,False,False,True,False,True,role_bridge_review
06425133d99faf8b672468d3923ff0c5c73dec95,Multiscale brain modeling: bridging microscopic and macroscopic brain dynamics for clinical and technological applications,"The brain’s complex organization spans from molecular-level processes within neurons to large-scale networks, making it essential to understand this multiscale structure to uncover brain functions and address neurological disorders. Multiscale brain modeling has emerged as a transformative approach, integrating computational models, advanced imaging, and big data to bridge these levels of organization. This review explores the challenges and opportunities in linking microscopic phenomena to macroscopic brain functions, emphasizing the methodologies driving progress in the field. It also highlights the clinical potential of multiscale models, including their role in advancing artificial intelligence (AI) applications and improving healthcare technologies. By examining current research and proposing future directions for interdisciplinary collaboration, this work demonstrates how multiscale brain modeling can revolutionize both scientific understanding and clinical practice.",2025.0,Frontiers in Cellular Neuroscience,23,10.3389/fncel.2025.1537462,40046848.0,,Review;JournalArticle,2025-02-19,https://www.semanticscholar.org/paper/06425133d99faf8b672468d3923ff0c5c73dec95,Medicine;Computer Science;Engineering,Medicine|s2-fos-model;Computer Science|s2-fos-model;Engineering|s2-fos-model,Ondrej Krejcar; H. Namazi,,,1hop_citations;1hop_references,False,,,,,,,clinical;disorder,,,1,1,2,False,False,recovered_keep_false,False,False,True,False,False,False,True,role_bridge_review
5c6f2becfb309e5b1323857bddc2c8fbc0c0ace5,Large-scale network dysfunction in Major Depressive Disorder: Meta-analysis of resting-state functional connectivity,"IMPORTANCE Major depressive disorder (MDD) has been linked to imbalanced communication among large-scale brain networks, as reflected by abnormal resting-state functional connectivity (rsFC). However, given variable methods and results across studies, identifying consistent patterns of network dysfunction in MDD has been elusive. OBJECTIVE To investigate network dysfunction in MDD through the first meta-analysis of rsFC studies. DATA SOURCES Seed-based voxel-wise rsFC studies comparing MDD with healthy individuals (published before June 30, 2014) were retrieved from electronic databases (PubMed, Web-of-Science, EMBASE), and authors contacted for additional data. STUDY SELECTION Twenty-seven datasets from 25 publications (556 MDD adults/teens; 518 controls) were included in the meta-analysis. DATA EXTRACTION AND SYNTHESIS Coordinates of seed regions-of-interest and between-group effects were extracted. Seeds were categorized into “seed-networks” by their location within a priori functional networks. Multilevel kernel density analysis of between-group effects identified brain systems in which MDD was associated with hyperconnectivity (increased positive, or reduced negative, connectivity) or hypoconnectivity (increased negative, or reduced positive, connectivity) with each seed-network. RESULTS MDD was characterized by hypoconnectivity within the frontoparietal network (FN), a set of regions involved in cognitive control of attention and emotion regulation, and hypoconnectivity between frontoparietal systems and parietal regions of the dorsal attention network (DAN) involved in attending to the external environment. MDD was also associated with hyperconnectivity within the default network (DN), a network believed to support internally-oriented and self-referential thought, and hyperconnectivity between FN control systems and regions of DN. Finally, MDD groups exhibited hypoconnectivity between neural systems involved in processing emotion or salience and midline cortical regions that may mediate top-down regulation of such functions. CONCLUSIONS AND RELEVANCE Reduced connectivity within frontoparietal control systems, and imbalanced connectivity between control systems and networks involved in internal- or external-attention, may reflect depressive biases towards internal thoughts at the cost of engaging with the external world. Meanwhile, altered connectivity between neural systems involved in cognitive control and those that support salience or emotion processing may relate to deficits regulating mood. These findings provide an empirical foundation for a neurocognitive model in which network dysfunction underlies core cognitive and affective abnormalities in depression.",2015.0,JAMA psychiatry,2097,10.1001/jamapsychiatry.2015.0071,25785575.0,,MetaAnalysis;JournalArticle,2015-06-01,https://www.semanticscholar.org/paper/5c6f2becfb309e5b1323857bddc2c8fbc0c0ace5,Medicine;Psychology,Medicine|s2-fos-model;Psychology|s2-fos-model,R. Kaiser; J. Andrews-Hanna; T. Wager; D. Pizzagalli,,,1hop_references,False,macroscale_only_no_positive_gate,,,,,database,disorder,,resting-state,0,2,2,False,False,recovered_keep_false,True,False,True,False,False,False,True,macroscale_role_bridge_review
8f5905570bdf6035df2344ecb4b3486088afbfaa,Estimation of the number of synapses in the hippocampus and brain-wide by volume electron microscopy and genetic labeling,"Determining the number of synapses that are present in different brain regions is crucial to understand brain connectivity as a whole. Membrane-associated guanylate kinases (MAGUKs) are a family of scaffolding proteins that are expressed in excitatory glutamatergic synapses. We used genetic labeling of two of these proteins (PSD95 and SAP102), and Spinning Disc confocal Microscopy (SDM), to estimate the number of fluorescent puncta in the CA1 area of the hippocampus. We also used FIB-SEM, a three-dimensional electron microscopy technique, to calculate the actual numbers of synapses in the same area. We then estimated the ratio between the three-dimensional densities obtained with FIB-SEM (synapses/µm3) and the bi-dimensional densities obtained with SDM (puncta/100 µm2). Given that it is impractical to use FIB-SEM brain-wide, we used previously available SDM data from other brain regions and we applied this ratio as a conversion factor to estimate the minimum density of synapses in those regions. We found the highest densities of synapses in the isocortex, olfactory areas, hippocampal formation and cortical subplate. Low densities were found in the pallidum, hypothalamus, brainstem and cerebellum. Finally, the striatum and thalamus showed a wide range of synapse densities.",2020.0,Scientific Reports,53,10.1038/s41598-020-70859-5,32814795.0,,JournalArticle,2020-02-19,https://www.semanticscholar.org/paper/8f5905570bdf6035df2344ecb4b3486088afbfaa,Biology;Medicine,Biology|s2-fos-model;Medicine|s2-fos-model,Andrea Santuy; L. Tomas-Roca; José-Rodrigo Rodríguez; J. González-Soriano; Fei Zhu; Zhen Qiu; S. Grant; J. DeFelipe; Á. Merchán-Pérez,,,1hop_citations;1hop_references,False,,,atum;electron microscopy;fib-sem;synapse;volume electron,,,version,,,,1,1,2,False,False,recovered_keep_false,False,False,False,False,True,False,True,role_bridge_review
c6d008200b6510a9cff88d6ba158b6b3dc1a545d,NeuroMorph: A Toolset for the Morphometric Analysis and Visualization of 3D Models Derived from Electron Microscopy Image Stacks,"Serialelectron microscopy imaging is crucial for exploring the structure of cells and tissues. The development of block face scanning electron microscopy methods and their ability to capture large image stacks, some with near isotropic voxels, is proving particularly useful for the exploration of brain tissue. This has led to the creation of numerous algorithms and software for segmenting out different features from the image stacks. However, there are few tools available to view these results and make detailed morphometric analyses on all, or part, of these 3D models. We have addressed this issue by constructing a collection of software tools, called NeuroMorph, with which users can view the segmentation results, in conjunction with the original image stack, manipulate these objects in 3D, and make measurements of any region. This approach to collecting morphometric data provides a faster means of analysing the geometry of structures, such as dendritic spines and axonal boutons. This bridges the gap that currently exists between rapid reconstruction techniques, offered by computer vision research, and the need to collect measurements of shape and form from segmented structures that is currently done using manual segmentation methods.",2014.0,Neuroinformatics,84,10.1007/s12021-014-9242-5,25240318.0,,JournalArticle,2014-09-21,https://www.semanticscholar.org/paper/c6d008200b6510a9cff88d6ba158b6b3dc1a545d,Biology;Computer Science;Materials Science,Biology|s2-fos-model;Computer Science|s2-fos-model;Materials Science|s2-fos-model,A. Jorstad; B. Nigro; C. Calì; M. Wawrzyniak; P. Fua; G. Knott,,,1hop_references,False,,,electron microscopy,,,visualization,,,,0,2,2,False,False,recovered_keep_false,False,False,False,False,True,False,True,role_bridge_review
5352e2078424d9a1a380014d1474448b5f160a6b,Using Confocal Microscopy to Generate an Accurate Vascular Model for Use in Patient Education Animation.,"Hypertension is a condition requiring lifelong medication, where patients often feel well with or without treatment. Uncontrolled hypertension, however, can lead to permanent remodelling processes that occur to the vascular structure, which are seldom understood by the public. As a result, a significant burden is placed on healthcare systems globally as a result of the effects of hypertension and lack of adherence to prescribed treatment.Improving patient education through well-designed interactive applications and animation is a known strategy that can improve adherence rates to medication. In the context of hypertension, little attention has been given to helping patients understand the unseen damage that occurs to vessels exposed to high blood pressure. However, generating an accurate representation of a vessel and the changes that occur can be challenging. Using microscopy data is one way for creating an anatomically correct model, but this often needs careful consideration as data cannot be directly imported. Here we describe methods for creating an accurate 3D model of a small artery using confocal microscopy data. This model can then be animated to demonstrate the substructures and pathological changes that occur in hypertensive conditions to better inform patients about the dangers of uncontrolled blood pressure.",2022.0,Advances in Experimental Medicine and Biology,0,10.1007/978-3-030-87779-8_2,35146616.0,,JournalArticle,,https://www.semanticscholar.org/paper/5352e2078424d9a1a380014d1474448b5f160a6b,Medicine;Education,Medicine|s2-fos-model;Education|s2-fos-model,Angela Douglass; G.T. Moffat; C. Daly,,health_translation,1hop_citations,False,,,,,,,patholog;patient,education,,1,0,1,False,False,recovered_keep_false,False,True,False,False,False,False,True,role_bridge_review
cb6f5d93658d0fa7686b46e4b8d96d64b646cacd,Auto-CSC: A Transfer Learning Based Automatic Cell Segmentation and Count Framework,"Cell segmentation and counting play a very important role in the medical field. The diagnosis of many diseases relies heavily on the kind and number of cells in the blood. convolution neural network achieves encouraging results on image segmentation. However, this data-driven method requires a large number of annotations and can be a time-consuming and expensive process, prone to human error. In this paper, we present a novel frame to segment and count cells without too many manually annotated cell images. Before training, we generated the cell image labels on single-kind cell images using traditional algorithms. These images were then used to form the train set with the label. Different train sets composed of different kinds of cell images are presented to the segmentation model to update its parameters. Finally, the pretrained U-Net model is transferred to segment the mixed cell images using a small dataset of manually labeled mixed cell images. To better evaluate the effectiveness of the proposed method, we design and train a new automatic cell segmentation and count framework. The test results and analyses show that the segmentation and count performance of the framework trained by the proposed method equal the model trained by large amounts of annotated mixed cell images.",2022.0,Cyborg and Bionic Systems,33,10.34133/2022/9842349,36285314.0,,JournalArticle,2022-04-09,https://www.semanticscholar.org/paper/cb6f5d93658d0fa7686b46e4b8d96d64b646cacd,Computer Science;Medicine,Computer Science|s2-fos-model;Medicine|s2-fos-model,Guangdong Zhan; Wentong Wang; Hongyan Sun; Y. Hou; Lin Feng,,health_translation,1hop_citations;1hop_references,False,,,,,annotation,annotation,disease,training,,1,1,2,False,False,recovered_keep_false,False,False,False,False,True,False,True,role_bridge_review
d4eb84da7b9569601c8c3b9f07ac4541557fde1b,CMC-Net: 3D calf muscle compartment segmentation with sparse annotation,"Accurate 3D segmentation of calf muscle compartments in volumetric MR images is essential to diagnose as well as assess progression of muscular diseases. Recently, good segmentation performance was achieved using state-of-the-art deep learning approaches, which, however, require large amounts of annotated data for training. Considering that obtaining sufficiently large medical image annotation datasets is often difficult, time-consuming, and requires expert knowledge, minimizing the necessary sizes of expert-annotated training datasets is of great importance. This paper reports CMC-Net, a new deep learning framework for calf muscle compartment segmentation in 3D MR images that selects an effective small subset of 2D slices from the 3D images to be labelled, while also utilizing unannotated slices to facilitate proper generalization of the subsequent training steps. Our model consists of three parts: (1) an unsupervised method to select the most representative 2D slices on which expert annotation is performed; (2) ensemble model training employing these annotated as well as additional unannotated 2D slices; (3) a model-tuning method using pseudo-labels generated by the ensemble model that results in a trained deep network capable of accurate 3D segmentations. Experiments on segmentation of calf muscle compartments in 3D MR images show that our new approach achieves good performance with very small annotation ratios, and when utilizing full annotation, it outperforms state-of-the-art full annotation segmentation methods. Additional experiments on a 3D MR thigh dataset further verify the ability of our method in segmenting leg muscle groups with sparse annotation.",2022.0,Medical Image Anal.,10,10.1016/j.media.2022.102460,35598519.0,,JournalArticle,2022-04-01,https://www.semanticscholar.org/paper/d4eb84da7b9569601c8c3b9f07ac4541557fde1b,Medicine;Computer Science;Engineering,Medicine|s2-fos-model;Computer Science|s2-fos-model;Engineering|s2-fos-model,Yao Peng; Hao Zheng; Lichun Zhang; M. Sonka; D. Chen,,health_translation,1hop_citations,False,,,,,annotation,annotation,disease,training,,1,0,1,False,False,recovered_keep_false,False,False,False,True,False,False,True,role_bridge_review
185a454717f45efc4fc26e9afbd4cb03e740af1e,Cartilage Segmentation in High-Resolution 3D Micro-CT Images via Uncertainty-Guided Self-training with Very Sparse Annotation,"Craniofacial syndromes often involve skeletal defects of the head. Studying the development of the chondrocranium (the part of the endoskeleton that protects the brain and other sense organs) is crucial to understanding genotype-phenotype relationships and early detection of skeletal malformation. Our goal is to segment craniofacial cartilages in 3D micro-CT images of embryonic mice stained with phosphotungstic acid. However, due to high image resolution, complex object structures, and low contrast, delineating fine-grained structures in these images is very challenging, even manually. Specifically, only experts can differentiate cartilages, and it is unrealistic to manually label whole volumes for deep learning model training. We propose a new framework to progressively segment cartilages in high-resolution 3D micro-CT images using extremely sparse annotation (e.g., annotating only a few selected slices in a volume). Our model consists of a lightweight fully convolutional network (FCN) to accelerate the training speed and generate pseudo labels (PLs) for unlabeled slices. Meanwhile, we take into account the reliability of PLs using a bootstrap ensemble based uncertainty quantification method. Further, our framework gradually learns from the PLs with the guidance of the uncertainty estimation via self-training. Experiments show that our method achieves high segmentation accuracy compared to prior arts and obtains performance gains by iterative self-training.",2020.0,International Conference on Medical Image Computing and Computer-Assisted Intervention,44,10.1007/978-3-030-59710-8_78,33283209.0,,JournalArticle,2020-09-29,https://www.semanticscholar.org/paper/185a454717f45efc4fc26e9afbd4cb03e740af1e,Medicine;Engineering;Computer Science,Medicine|s2-fos-model;Engineering|s2-fos-model;Computer Science|s2-fos-model,Hao Zheng; S. M. Perrine; M. K. Pitirri; K. Kawasaki; Chaoli Wang; J. Richtsmeier; D. Chen,,,1hop_citations,False,,,,,annotation;uncertainty,annotation,,training,,1,0,1,False,False,recovered_keep_false,False,False,False,True,False,False,True,role_bridge_review
78c13c4410a6f4cbef35dc769b7d5236ecbb85be,EM-net: Deep learning for electron microscopy image segmentation,"Recent high-throughput electron microscopy techniques such as focused ion-beam scanning electron microscopy (FIB-SEM) provide thousands of serial sections which assist the biologists in studying sub-cellular structures at high resolution and large volume. Low contrast of such images hinder image segmentation and 3D visualisation of these datasets. With recent advances in computer vision and deep learning, such datasets can be segmented and reconstructed in 3D with greater ease and speed than with previous approaches. However, these methods still rely on thousands of ground-truth samples for training and electron microscopy datasets require significant amounts of time for carefully curated manual annotations. We address these bottlenecks with EM-net, a scalable deep convolutional neural network for EM image segmentation. We have evaluated EM-net using two datasets, one of which belongs to an ongoing competition on EM stack segmentation since 2012. We show that EM-net variants achieve better performances than current deep learning methods using small- and medium-sized ground-truth datasets. We also show that the ensemble of top EM-net base classifiers outperforms other methods across a wide variety of evaluation metrics.",2020.0,bioRxiv,33,10.1109/icpr48806.2021.9413098,,,JournalArticle,2020-02-04,https://www.semanticscholar.org/paper/78c13c4410a6f4cbef35dc769b7d5236ecbb85be,Computer Science;Materials Science;Biology,Computer Science|s2-fos-model;Materials Science|s2-fos-model;Biology|s2-fos-model,Afshin Khadangi; T. Boudier; V. Rajagopal,,,1hop_citations,False,,,electron microscopy;fib-sem;serial section,,annotation,annotation;visualisation,,training,,2,0,2,False,False,recovered_keep_false,False,False,False,False,True,False,True,role_bridge_review
8ff59673b92577bdc23e174b2c76fc9278963bb9,Regularize Network Skip Connections by Gating Mechanisms for Electron Microscopy Image Segmentation,"Recently, one earliest skip connected networks named Lmser was revisited and its convolutional layer based version named CLmser was proposed. This paper studies CLmser for segmentation (shortly CLmser-S) of Electron Microscopy (EM) images and also one further development. First, we experimentally show that CLmser-S outperforms the popular U-Net and save many free parameters. Second, we combine one newest formulation named Flexible Lmser (F-Lmser) and CLmser-S into a version called F-CLmser-S, together with learned masks replacing the similarity based one used in F-Lmser for implementing fast-lane skip connections. Experimental results on the ISBI 2012 EM dataset show that F-CLmser-S improves CLmser and achieves competitive performance with state-of-the-art results.",2019.0,IEEE International Conference on Multimedia and Expo,5,10.1109/icme.2019.00154,,,JournalArticle;Conference,2019-07-01,https://www.semanticscholar.org/paper/8ff59673b92577bdc23e174b2c76fc9278963bb9,Computer Science;Engineering,Computer Science|s2-fos-model;Engineering|s2-fos-model,Yuze Guo; Wenjing Huang; Yajing Chen; Shikui Tu,,,1hop_citations,False,,,electron microscopy,,,version,,,,3,0,3,False,False,recovered_keep_false,False,False,False,False,True,False,True,role_bridge_review
94cc89d0463083f1556250d79642e8558debc5b6,A New Framework to Reduce Doctor’s Workload for Medical Image Annotation,"Accurate annotation of the medical image is the crucial step for image artificial intelligence (AI) clinical application. However, annotating medical image will incur a lot of annotation efforts and expense due to its high complexity and needing experienced doctors. In order to reduce the cost of annotation, several active learning methods have been proposed previously. However, the focus of these methods is to reduce the number of annotation candidates with little regard for doctor’s workload, which is not enough for medical image annotation, since even annotating a small amount of data will take a lot of time for doctors. In order to effectively reduce the workload of doctors, we developed a new framework for medical image annotation. First, by combining active learning and U-shape network, we employed a suggestive annotation strategy to select the most effective annotation candidates. We then exploited a fine annotation platform to alleviate annotating efforts on each candidate and utilized a new criterion to quantitatively calculate the efforts of doctors. In this paper, we used MR brain tissue segmentation as an example to evaluate the proposed method. The extensive experiments with the IBSR18 and MRBrainS18 Challenge datasets showed that with the proposed strategy, only 60% of the annotation candidates were needed to achieve the most advanced segmentation performance, and the annotation workload of doctors can be alleviated by at least 44%, 44%, and 47% on cerebrospinal fluid (CSF), gray matter (GM), and white matter (WM), respectively. Meanwhile, our proposed method was proven to be effective for annotation of clinical data collected from our hospital, where the annotation workload of doctors was alleviated by at least 32% on WM and the time of annotating each clinical candidate is expected to be saved by at least 64%.",2019.0,IEEE Access,25,10.1109/access.2019.2917932,,,JournalArticle,2019-05-20,https://www.semanticscholar.org/paper/94cc89d0463083f1556250d79642e8558debc5b6,Computer Science;Medicine,Computer Science|s2-fos-model;Medicine|s2-fos-model,Yang Deng; Yao Sun; Yongpei Zhu; Yue Xu; Qianxi Yang; Shuo Zhang; Zhanyu Wang; Jirang Sun; Weiling Zhao; Xiaobo Zhou; Kehong Yuan,,,1hop_citations,False,,,,,annotation,annotation,clinical,,,1,0,1,False,False,recovered_keep_false,False,False,False,True,False,False,True,role_bridge_review
bda5728aae68fa9c05535bc6cc23167f2f8947cb,Suggestive Annotation: A Deep Active Learning Framework for Biomedical Image Segmentation,"Image segmentation is a fundamental problem in biomedical image analysis. Recent advances in deep learning have achieved promising results on many biomedical image segmentation benchmarks. However, due to large variations in biomedical images (different modalities, image settings, objects, noise, etc.), to utilize deep learning on a new application, it usually needs a new set of training data. This can incur a great deal of annotation effort and cost, because only biomedical experts can annotate effectively, and often there are too many instances in images (e.g., cells) to annotate. In this paper, we aim to address the following question: With limited effort (e.g., time) for annotation, what instances should be annotated in order to attain the best performance? We present a deep active learning framework that combines fully convolutional network (FCN) and active learning to significantly reduce annotation effort by making judicious suggestions on the most effective annotation areas. We utilize uncertainty and similarity information provided by FCN and formulate a generalized version of the maximum set cover problem to determine the most representative and uncertain areas for annotation. Extensive experiments using the 2015 MICCAI Gland Challenge dataset and a lymph node ultrasound image segmentation dataset show that, using annotation suggestions by our method, state-of-the-art segmentation performance can be achieved by using only 50% of training data.",2017.0,International Conference on Medical Image Computing and Computer-Assisted Intervention,565,10.1007/978-3-319-66179-7_46,,1706.04737,JournalArticle,2017-06-15,https://www.semanticscholar.org/paper/bda5728aae68fa9c05535bc6cc23167f2f8947cb,Computer Science;Medicine,Computer Science|s2-fos-model;Medicine|s2-fos-model,L. Yang; Yizhe Zhang; Jianxu Chen; Siyuan Zhang; D. Chen,,,1hop_citations,False,,,,,annotation;uncertainty,annotation;version,,training,,1,0,1,False,False,recovered_keep_false,False,False,False,True,False,False,True,role_bridge_review
3cf02abd3eac66b49ba353fa057fe0d778249aa8,An interactive ImageJ plugin for semi-automated image denoising in electron microscopy,"The recent advent of 3D in electron microscopy (EM) has allowed for detection of nanometer resolution structures. This has caused an explosion in dataset size, necessitating the development of automated workflows. Moreover, large 3D EM datasets typically require hours to days to be acquired and accelerated imaging typically results in noisy data. Advanced denoising techniques can alleviate this, but tend to be less accessible to the community due to low-level programming environments, complex parameter tuning or a computational bottleneck. We present DenoisEM: an interactive and GPU accelerated denoising plugin for ImageJ that ensures fast parameter tuning and processing through parallel computing. Experimental results show that DenoisEM is one order of magnitude faster than related software and can accelerate data acquisition by a factor of 4 without significantly affecting data quality. Lastly, we show that image denoising benefits visualization and (semi-)automated segmentation and analysis of ultrastructure in various volume EM datasets. Large 3D electron microscopy data sets frequently contain noisy data due to accelerated imaging, and denoising techniques require specialised skill sets. Here the authors introduce DenoisEM, an ImageJ plugin that democratises denoising EM data sets, enabling fast parameter tuning and processing through parallel computing.",2020.0,Nature Communications,45,10.1038/s41467-020-14529-0,32034132.0,,JournalArticle,2020-02-07,https://www.semanticscholar.org/paper/3cf02abd3eac66b49ba353fa057fe0d778249aa8,Computer Science;Engineering,Computer Science|s2-fos-model;Engineering|s2-fos-model,J. Roels; F. Vernaillen; A. Kremer; Amanda Gonçalves; J. Aelterman; H. Luong; B. Goossens; W. Philips; S. Lippens; Y. Saeys,,,1hop_citations,False,,,electron microscopy;nanometer;ultrastruct;volume em,community,,visualization,,,,2,0,2,False,False,recovered_keep_false,False,False,False,False,True,False,True,role_bridge_review
a45266c801b59005e01b6a8196ade8f0203dc0ac,The State of the Art in Multilayer Network Visualization,"Modelling relationship between entities in real‐world systems with a simple graph is a standard approach. However, reality is better embraced as several interdependent subsystems (or layers). Recently, the concept of a multilayer network model has emerged from the field of complex systems. This model can be applied to a wide range of real‐world data sets. Examples of multilayer networks can be found in the domains of life sciences, sociology, digital humanities and more. Within the domain of graph visualization, there are many systems which visualize data sets having many characteristics of multilayer graphs. This report provides a state of the art and a structured analysis of contemporary multilayer network visualization, not only for researchers in visualization, but also for those who aim to visualize multilayer networks in the domain of complex systems, as well as those developing systems across application domains. We have explored the visualization literature to survey visualization techniques suitable for multilayer graph visualization, as well as tools, tasks and analytic techniques from within application domains. This report also identifies the outstanding challenges for multilayer graph visualization and suggests future research directions for addressing them.",2019.0,Computer graphics forum (Print),117,10.1111/cgf.13610,,1902.06815,JournalArticle;Review,2019-02-12,https://www.semanticscholar.org/paper/a45266c801b59005e01b6a8196ade8f0203dc0ac,Computer Science;Sociology;Mathematics,Computer Science|s2-fos-model;Sociology|s2-fos-model;Mathematics|s2-fos-model,M. Ghoniem; F. McGee; G. Melançon; B. Otjacques; Bruno Pinaud,,network_science,1hop_citations;1hop_references,False,,,,graph,,visualization,,,,1,1,2,False,False,recovered_keep_false,False,False,False,False,True,False,True,role_bridge_review
6a889d9d4c2bea0c10d0ef6157b54c740afaa52c,"Brain-wide mapping of oligodendrocyte organization, oligodendrogenesis, and myelin injury","SUMMARY Insulating sheaths of myelin accelerate neuronal communication in the mammalian brain. Oligodendrocytes that produce myelin are generated throughout life to gradually increase myelin coverage, but these dynamics have not been defined brain-wide across the lifespan. We developed a cellular mapping pipeline involving tissue clearing, lightsheet microscopy, and AI-assisted analysis to identify the precise location of millions of oligodendrocytes and assess regional myelin density in the mouse brain. These atlases revealed the diversity of oligodendrocyte patterning, which was consistent between brain hemispheres, individuals, and sexes, but displayed both age- and region-specific differences. Integration of these atlases with transcriptomic and ultrastructural datasets highlighted underlying mechanisms that may control this patterning. In models of demyelination and disease, we identified regions of enhanced oligodendrocyte resilience and vulnerability, and white matter injury near amyloid-beta plaques, demonstrating the utility of this pipeline for defining brain-wide oligodendrocyte dynamics in both health and disease.",2026.0,Cell,4,10.1016/j.cell.2026.01.025,41713416.0,,JournalArticle,2026-02-01,https://www.semanticscholar.org/paper/6a889d9d4c2bea0c10d0ef6157b54c740afaa52c,Medicine;Biology,Medicine|s2-fos-model;Biology|s2-fos-model,Y. K. Xu; Abigail Bush; Ephraim Musheyev; Jacob Umans; Lingzi Zhang; Anna Kim; Sen Zhang; Jaime Eugenin von Bernhardi; Yuqing Yan; Jeremias Sulam; D. Bergles,,health_translation,1hop_citations,False,,,ultrastruct,,,,disease,,,4,0,4,False,False,recovered_keep_false,False,False,True,False,False,False,True,role_bridge_review
d5c08d74a0cb3271c631614a71bf49bcfd019639,Explicitly Linking Regional Activation and Function Connectivity: Community Structure of Weighted Networks with Continuous Annotation,"A major challenge in neuroimaging is understanding the mapping of neurophysiological dynamics onto cognitive functions. Traditionally, these maps have been constructed by examining changes in the activity magnitude of regions related to task performance. Recently, network neuroscience has produced methods to map connectivity patterns among many regions to certain cognitive functions by drawing on tools from network science and graph theory. However, these two different views are rarely addressed simultaneously, largely because few tools exist that account for patterns between nodes while simultaneously considering activation of nodes. We address this gap by solving the problem of community detection on weighted networks with continuous (non-integer) annotations by deriving a generative probabilistic model. This model generates communities whose members connect densely to nodes within their own community, and whose members share similar annotation values. We demonstrate the utility of the model in the context of neuroimaging data gathered during a motor learning paradigm, where edges are task-based functional connectivity and annotations to each node are beta weights from a general linear model that encoded a linear decrease in blood-oxygen-level-dependent signal with practice. Interestingly, we observe that individuals who learn at a faster rate exhibit the greatest dissimilarity between functional connectivity and activation magnitudes, suggesting that activation and functional connectivity are distinct dimensions of neurophysiology that track behavioral change. More generally, the tool that we develop offers an explicit, mathematically principled link between functional activation and functional connectivity, and can readily be applied to a other similar problems in which one set of imaging data offers network data, and a second offers a regional attribute.",2016.0,,32,,,1611.07962,,2016-11-23,https://www.semanticscholar.org/paper/d5c08d74a0cb3271c631614a71bf49bcfd019639,Computer Science,Computer Science|s2-fos-model,Andrew C. Murphy; Shi Gu; A. Khambhati; N. Wymbs; Scott T. Grafton; T. Satterthwaite; D. Bassett,,network_science,1hop_references,False,,,,community;graph,annotation,annotation,,,,0,1,1,False,False,recovered_keep_false,False,False,False,True,False,False,True,role_bridge_review
58d4a1abc455ad4633fb7f7b1525fd25e8281c51,FIJI Macro 3D ART VeSElecT: 3D Automated Reconstruction Tool for Vesicle Structures of Electron Tomograms,"Automatic image reconstruction is critical to cope with steadily increasing data from advanced microscopy. We describe here the Fiji macro 3D ART VeSElecT which we developed to study synaptic vesicles in electron tomograms. We apply this tool to quantify vesicle properties (i) in embryonic Danio rerio 4 and 8 days past fertilization (dpf) and (ii) to compare Caenorhabditis elegans N2 neuromuscular junctions (NMJ) wild-type and its septin mutant (unc-59(e261)). We demonstrate development-specific and mutant-specific changes in synaptic vesicle pools in both models. We confirm the functionality of our macro by applying our 3D ART VeSElecT on zebrafish NMJ showing smaller vesicles in 8 dpf embryos then 4 dpf, which was validated by manual reconstruction of the vesicle pool. Furthermore, we analyze the impact of C. elegans septin mutant unc-59(e261) on vesicle pool formation and vesicle size. Automated vesicle registration and characterization was implemented in Fiji as two macros (registration and measurement). This flexible arrangement allows in particular reducing false positives by an optional manual revision step. Preprocessing and contrast enhancement work on image-stacks of 1nm/pixel in x and y direction. Semi-automated cell selection was integrated. 3D ART VeSElecT removes interfering components, detects vesicles by 3D segmentation and calculates vesicle volume and diameter (spherical approximation, inner/outer diameter). Results are collected in color using the RoiManager plugin including the possibility of manual removal of non-matching confounder vesicles. Detailed evaluation considered performance (detected vesicles) and specificity (true vesicles) as well as precision and recall. We furthermore show gain in segmentation and morphological filtering compared to learning based methods and a large time gain compared to manual segmentation. 3D ART VeSElecT shows small error rates and its speed gain can be up to 68 times faster in comparison to manual annotation. Both automatic and semi-automatic modes are explained including a tutorial.",2017.0,PLoS Comput. Biol.,12,10.1371/journal.pcbi.1005317,28056033.0,,JournalArticle;Review,2017-01-01,https://www.semanticscholar.org/paper/58d4a1abc455ad4633fb7f7b1525fd25e8281c51,Biology;Computer Science,Biology|s2-fos-model;Computer Science|s2-fos-model,K. V. Kaltdorf; Katja Schulze; Frederik Helmprobst; P. Kollmannsberger; T. Dandekar; C. Stigloher,,,1hop_citations,False,,,synaptic,,annotation,annotation,,,,3,0,3,False,False,recovered_keep_false,False,False,False,False,True,False,True,role_bridge_review
8f935ed1e72146785262b63379c41eccdf868853,Elucidating genetic and molecular basis of altered higher-order brain structure-function coupling in major depressive disorder,"Previous studies have shown that major depressive disorder (MDD) patients exhibit structural and functional impairments, but few studies have investigated changes in higher-order coupling between structure and function. Here, we systematically investigated the effect of MDD on higher-order coupling between structural connectivity (SC) and functional connectivity (FC). Each brain region was mapped into embedding vector by the node2vec algorithm. We used support vector machine (SVM) with the brain region embedding vector to distinguish MDD patients from health controls (HCs) and identify the most discriminative brain regions. Our study revealed that MDD patients had decreased higher-order coupling in connections between the most discriminative brain regions and local connections in rich-club organization and increased higher-order coupling in connections between the ventral attentional network and limbic network compared with HCs. Interestingly, transcriptome-neuroimaging association analysis demonstrated the correlations between regional rSC-FC coupling variations between MDD patients and HCs and α/β-hydrolase domain-containing 6 (ABHD6), β 1,3-N-acetylglucosaminyltransferase-9(β3GNT9), transmembrane protein 45B (TMEM45B), the correlation between regional dSC-FC coupling variations and retinoic acid early transcript 1E antisense RNA 1(RAET1E-AS1), and the correlations between regional iSC-FC coupling variations and ABHD6, β3GNT9, katanin-like 2 protein (KATNAL2). In addition, correlation analysis with neurotransmitter receptor/transporter maps found that the rSC-FC and iSC-FC coupling variations were both correlated with neuroendocrine transporter (NET) expression, and the dSC-FC coupling variations were correlated with metabotropic glutamate receptor 5 (mGluR5). Further mediation analysis explored the relationship between genes, neurotransmitter receptor/transporter and MDD related higher-order coupling variations. These findings indicate that specific genetic and molecular factors underpin the observed disparities in higher-order SC-FC coupling between MDD patients and HCs. Our study confirmed that higher-order coupling between SC and FC plays an important role in diagnosing MDD. The identification of new biological evidence for MDD etiology holds promise for the development of innovative antidepressant therapies.",2024.0,NeuroImage,12,10.1016/j.neuroimage.2024.120722,38971483.0,,JournalArticle,2024-07-04,https://www.semanticscholar.org/paper/8f935ed1e72146785262b63379c41eccdf868853,Medicine,Medicine|s2-fos-model,Haixia Long; Zihao Chen; Xinli Xu; Qianwei Zhou; Zhaolin Fang; Mingqi Lv; Xu-Hua Yang; Jie Xiao; Hui Sun; Ming Fan,,health_translation,1hop_citations,False,,,,,,,disorder;patient,,,2,0,2,False,False,recovered_keep_false,False,False,True,False,False,False,True,role_bridge_review
9553aa198adbd6b35e4761400f4471996ca06542,Exploring Functional Brain Network Modularity in Educational Contexts,"The brain’s modular functional organization facilitates adaptability. Modularity has been linked with a wide range of cognitive abilities such as intelligence, memory, and learning. However, much of this work has (1) considered modularity while a participant is at rest rather than during tasks conditions and/or (2) relied primarily on lab-based cognitive assessments. Thus, the extent to which modularity can provide information about real-word behavior remains largely unknown. Here, we investigated whether functional modularity during resting-state and task-based fMRI was associated with academic learning (measured by GPA) and ability (measured by PSAT) in a large sample of high school students. Additional questions concerned the extent to which modularity differs between rest and task conditions, and across spatial scales. Results indicated that whole-brain modularity during task conditions was significantly associated with academic learning. In contrast to prior work, no such associations were observed for resting-state modularity. We further showed that differences in modularity between task conditions and resting-state varied across spatial scales. Taken together, the present findings inform how functional brain network modularity – during task conditions and while at rest – relate to a range of cognitive abilities.",2022.0,bioRxiv,1,10.1101/2022.01.06.475275,,,,2022-01-06,https://www.semanticscholar.org/paper/9553aa198adbd6b35e4761400f4471996ca06542,Education,Education|s2-fos-model,Adam B. Weinberger; Robert A. Cortes; Richard F. Betzel; Adam E. Green,,network_science,1hop_citations,False,macroscale_only_no_positive_gate,,,modular,,,,education;educational,resting-state,1,0,1,False,False,recovered_keep_false,True,True,False,False,False,False,True,macroscale_role_bridge_review
290acb3ad25f4c4824c6779de0b021e0752c14db,Visual Correspondences for Unsupervised Domain Adaptation on Electron Microscopy Images,"We present an Unsupervised Domain Adaptation strategy to compensate for domain shifts on Electron Microscopy volumes. Our method aggregates visual correspondences—motifs that are visually similar across different acquisitions—to infer changes on the parameters of pretrained models, and enable them to operate on new data. In particular, we examine the annotations of an existing acquisition to determine pivot locations that characterize the reference segmentation, and use a patch matching algorithm to find their candidate visual correspondences in a new volume. We aggregate all the candidate correspondences by a voting scheme and we use them to construct a consensus heatmap: a map of how frequently locations on the new volume are matched to relevant locations from the original acquisition. This information allows us to perform model adaptations in two different ways: either by a) optimizing model parameters under a Multiple Instance Learning formulation, so that predictions between reference locations and their sets of correspondences agree, or by b) using high-scoring regions of the heatmap as soft labels to be incorporated in other domain adaptation pipelines, including deep learning ones. We show that these unsupervised techniques allow us to obtain high-quality segmentations on unannotated volumes, qualitatively consistent with results obtained under full supervision, for both mitochondria and synapses, with no need for new annotation effort.",2020.0,IEEE Transactions on Medical Imaging,21,10.1109/tmi.2019.2946462,31603817.0,,JournalArticle,2020-04-01,https://www.semanticscholar.org/paper/290acb3ad25f4c4824c6779de0b021e0752c14db,Computer Science;Engineering,Computer Science|s2-fos-model;Engineering|s2-fos-model,Róger Bermúdez-Chacón; Okan Altingövde; C. Becker; M. Salzmann; P. Fua,,network_science,1hop_references,False,,,electron microscopy;synapse,motif,annotation,annotation,,,,0,2,2,False,False,recovered_keep_false,False,False,False,False,True,False,True,role_bridge_review
1462000e3c61a2c30f232e7512e4a81e010c8b12,The head direction circuit of two insect species,"Recent studies of the Central Complex in the brain of the fruit fly Drosophila melanogaster have identified neurons with localised activity that tracks the animal’s heading direction. These neurons are part of a neuronal circuit with dynamics resembling those of a ring attractor. Other insects have a homologous circuit sharing a generally similar topographic structure but with significant structural and connectivity differences. In this study, we model the precise connectivity patterns in two insect species to investigate the effect of the differences on the dynamics of the circuit. We illustrate that the circuit found in locusts can also operate as a ring attractor and we explore the role and robustness of the connectivity parameters. We identify differences that enable the fruit fly circuit to respond faster to changes of heading while they render the locust circuit more tolerant to noise. Our findings demonstrate that subtle differences in neuronal projection patterns can have a significant effect on the circuit performance and emphasise the need for a comparative approach in neuroscience.",2019.0,bioRxiv,72,10.1101/854521,32628112.0,,JournalArticle,2019-11-25,https://www.semanticscholar.org/paper/1462000e3c61a2c30f232e7512e4a81e010c8b12,Biology,Biology|s2-fos-model,Ioannis Pisokas; Stanley Heinze; B. Webb,,network_science,1hop_references,False,,,,graph,,,,,,0,5,5,False,False,recovered_keep_false,False,False,False,False,False,True,True,role_bridge_review
698c0662b15844fc757c62af61ff3d4925a67bb8,"Dynamic circuit motifs underlying rhythmic gain control, gating and integration",,2014.0,Nature Neuroscience,326,10.1038/nn.3764,25065440.0,,Review;JournalArticle,2014-07-28,https://www.semanticscholar.org/paper/698c0662b15844fc757c62af61ff3d4925a67bb8,Biology,Biology|s2-fos-model,T. Womelsdorf; T. Valiante; Ned T. Sahin; K. Miller; P. Tiesinga,,network_science,1hop_references,False,,,,motif,,,,,,0,3,3,False,False,recovered_keep_false,False,False,False,False,False,True,True,role_bridge_review
12cef1e02b90d423f119c4983dd17044f227a09e,"Effect of sleep and mood on academic performance—at interface of physiology, psychology, and education","Academic achievement and cognitive functions are influenced by sleep and mood/emotion. In addition, several other factors affect learning. A coherent overview of the resultant interrelationships is essential but has not been presented till date. This unique and interdisciplinary review sits at the interface of physiology, psychology, and education. It compiles and critically examines the effects of sleep and mood on cognition and academic performance while including relevant conflicting observations. Moreover, it discusses the impact of several regulatory factors on learning, namely, age, gender, diet, hydration level, obesity, sex hormones, daytime nap, circadian rhythm, and genetics. Core physiological mechanisms that mediate the effects of these factors are described briefly and simplistically. The bidirectional relationship between sleep and mood is addressed. Contextual pictorial models that hypothesise learning on an emotion scale and emotion on a learning scale have been proposed. Essentially, convoluted associations between physiological and psychological factors, including sleep and mood that determine academic performance are recognised and affirmed. The emerged picture reveals far more complexity than perceived. It questions the currently adopted ‘one-size fits all’ approach in education and urges to envisage formulating bespoke strategies to optimise teaching-learning approaches while retaining uniformity in education. The information presented here can help improvise education strategies and provide better academic and pastoral support to students during their academic journey.",2022.0,Humanities and Social Sciences Communications,6,10.1057/s41599-021-01031-1,,,Review,2022-01-11,https://www.semanticscholar.org/paper/12cef1e02b90d423f119c4983dd17044f227a09e,Psychology;Education,Psychology|s2-fos-model;Education|s2-fos-model,Kosha J. Mehta,,,1hop_citations,False,,,,,,,,education,,1,0,1,False,False,recovered_keep_false,False,True,False,False,False,False,True,role_bridge_review
edd40377167bb4611e325bf89ec6fe38c6603a4a,Retinal Ganglion Cells—Diversity of Cell Types and Clinical Relevance,"Retinal ganglion cells (RGCs) are the bridging neurons that connect the retinal input to the visual processing centres within the central nervous system. There is a remarkable diversity of RGCs and the various subtypes have unique morphological features, distinct functions, and characteristic pathways linking the inner retina to the relevant brain areas. A number of psychophysical and electrophysiological tests have been refined to investigate this large and varied population of RGCs. Technological advances, such as high-resolution optical coherence tomography imaging, have provided additional tools to define the pattern of RGC involvement and the chronological sequence of events in both inherited and acquired optic neuropathies. The mechanistic insights gained from these studies, in particular the selective vulnerability and relative resilience of particular RGC subtypes, are of fundamental importance as they are directly relevant to the development of targeted therapies for these invariably progressive blinding diseases. This review provides a comprehensive description of the various types of RGCs, the developments in proposed methods of classification, and the current gaps in our knowledge of how these RGCs are differentially affected depending on the underlying aetiology. The synthesis of the current body of knowledge on the diversity of RGCs and the pathways that are potentially amenable to therapeutic modulation will hopefully lead to much needed effective treatments for patients with optic neuropathies.",2021.0,Frontiers in Neurology,128,10.3389/fneur.2021.661938,34093409.0,,Review;JournalArticle,2021-05-21,https://www.semanticscholar.org/paper/edd40377167bb4611e325bf89ec6fe38c6603a4a,Medicine;Biology,Medicine|s2-fos-model;Biology|s2-fos-model,U. Kim; O. Mahroo; J. Mollon; P. Yu‐Wai‐Man,,health_translation;network_science,1hop_citations,False,,,,graph,,,clinical;disease;patient,,,2,0,2,False,False,recovered_keep_false,False,False,True,False,False,False,True,role_bridge_review
4553134c974ae36f25f9d71ee6a895e9748c16aa,Cyto R-CNN and CytoNuke Dataset: Towards reliable whole-cell segmentation in bright-field histological images,"BACKGROUND AND OBJECTIVE
Cell segmentation in bright-field histological slides is a crucial topic in medical image analysis. Having access to accurate segmentation allows researchers to examine the relationship between cellular morphology and clinical observations. Unfortunately, most segmentation methods known today are limited to nuclei and cannot segment the cytoplasm.


METHODS
We present a new network architecture Cyto R-CNN that is able to accurately segment whole cells (with both the nucleus and the cytoplasm) in bright-field images. We also present a new dataset CytoNuke, consisting of multiple thousand manual annotations of head and neck squamous cell carcinoma cells. Utilizing this dataset, we compared the performance of Cyto R-CNN to other popular cell segmentation algorithms, including QuPath's built-in algorithm, StarDist, Cellpose and a multi-scale Attention Deeplabv3+. To evaluate segmentation performance, we calculated AP50, AP75 and measured 17 morphological and staining-related features for all detected cells. We compared these measurements to the gold standard of manual segmentation using the Kolmogorov-Smirnov test.


RESULTS
Cyto R-CNN achieved an AP50 of 58.65% and an AP75 of 11.56% in whole-cell segmentation, outperforming all other methods (QuPath 19.46/0.91%; StarDist 45.33/2.32%; Cellpose 31.85/5.61%, Deeplabv3+ 3.97/1.01%). Cell features derived from Cyto R-CNN showed the best agreement to the gold standard (D¯=0.15) outperforming QuPath (D¯=0.22), StarDist (D¯=0.25), Cellpose (D¯=0.23) and Deeplabv3+ (D¯=0.33).


CONCLUSION
Our newly proposed Cyto R-CNN architecture outperforms current algorithms in whole-cell segmentation while providing more reliable cell measurements than any other model. This could improve digital pathology workflows, potentially leading to improved diagnosis. Moreover, our published dataset can be used to develop further models in the future.",2024.0,Comput. Methods Programs Biomed.,7,10.1016/j.cmpb.2024.108215,38781811.0,2401.15638,JournalArticle,2024-01-28,https://www.semanticscholar.org/paper/4553134c974ae36f25f9d71ee6a895e9748c16aa,Medicine;Computer Science,Medicine|s2-fos-model;Computer Science|s2-fos-model,Johannes Raufeisen; K. Xie; Fabian Hörst; Till Braunschweig; Jianning Li; J. Kleesiek; Rainer Röhrig; Jan Egger; Bastian Leibe; Frank Hölzle; Alexander Hermans; B. Puladi,,health_translation,1hop_citations,False,,,,,annotation,annotation,clinical;patholog,,,2,0,2,False,False,recovered_keep_false,False,False,False,False,True,False,True,role_bridge_review
29a5a762c88049d7bfbe4a2461f56455264d2b8f,AI Empowered Innovation in Cross-Cultural Education in Universities Construction of a Multimodal Data-Driven Cultural Comparison Teaching System and Research on its International Communication Effectiveness,"Under the dual drive of globalization and digital education strategies, cross-cultural education in universities is shifting toward integrated cultivation of knowledge construction and international communication ability. To address problems such as single cultural samples, insufficient interaction, neglected individual differences, vague effectiveness evaluation, and weak international communication outcomes, this study integrates artificial intelligence, multimodal data perception, and cultural comparison teaching to construct an AI-empowered cross-cultural education system. The system includes a cultural knowledge graph module, multimodal emotion and behavior perception module, adaptive learning path module, cross-cultural scenario simulation and dialogue module, and international communication effectiveness evaluation module. It forms a closed-loop process of precise perception, adaptive teaching, immersive simulation, and quantitative evaluation. Empirical results show that the system improves students’ comprehensive international communication effectiveness score by 28.3% and increases teaching satisfaction by 32.7%. The study provides a replicable framework for cross-cultural education reform and supports the transformation from teaching cultivation to communication competence generation.",2026.0,Advanced Electromagnetics,0,10.7716/aem.v15i3.3840,,,JournalArticle,2026-08-13,https://www.semanticscholar.org/paper/29a5a762c88049d7bfbe4a2461f56455264d2b8f,Computer Science;Education,Computer Science|s2-fos-model;Education|s2-fos-model,Chunhui Wang,,network_science,1hop_citations,False,,,,graph,,,,education,,1,0,1,False,False,recovered_keep_false,False,True,False,False,False,False,True,role_bridge_review
875238167d519a235a8f68c6beece4139c4dff48,Research on the Intrinsic Mechanism and Innovative Mechanism of Artificial Intelligence Empowering the Value Guidance of Ideological and Political Education in Universities,"In the context of deep integration between education digitization and artificial intelligence in higher education, ideological and political education, as the core carrier for cultivating morality and talents, faces changing educational environments, diversified youth thinking, and the limitations of traditional paradigms. Value guidance is the essential goal of ideological and political education in universities, involving the shaping of worldviews, life philosophies, values, ideals, patriotism, and moral character. Traditional value guidance often shows strong indoctrination, insufficient precision, fixed content forms, weak process tracking, neglect of individual differences, and limited emotional resonance. This study analyzes the intrinsic mechanism and innovative mechanism through which artificial intelligence empowers ideological and political value guidance. Based on survey and interview data from universities and vocational colleges, it constructs a theoretical model including value cognition adaptation, value identity infiltration, value internalization and transformation, and value behavior regulation. It further proposes innovation mechanisms for content supply, teaching implementation, communication guidance, evaluation feedback, and institutional guarantee. In digital campus environments, wireless communication platforms and electromagnetic information systems provide the infrastructure for intelligent ideological profiling, precise delivery, and compliant data governance.",2026.0,Advanced Electromagnetics,0,10.7716/aem.v15i3.4122,,,JournalArticle;Review,2026-08-13,https://www.semanticscholar.org/paper/875238167d519a235a8f68c6beece4139c4dff48,Education;Computer Science;Political Science,Education|s2-fos-model;Computer Science|s2-fos-model;Political Science|s2-fos-model,Fei Zeng; Ping Zhang,,,1hop_citations,False,,,,,,,,education;educational,,1,0,1,False,False,recovered_keep_false,False,True,False,False,False,False,True,role_bridge_review
ef123da0892a1270c3927262c1547e562f8c1800,Research on Quality Evaluation of Ideological and Political Education Resources Based on Artificial Intelligence Technology,"The rapid expansion of digital ideological and political education resources has increased resource quantity and diversity, but has also produced problems such as value-orientation deviation, content homogenization, loose theoretical logic, uneven quality, and inconsistent manual evaluation. To meet the normalized quality evaluation needs of large-scale digital resources, this study proposes an artificial-intelligence-enabled evaluation framework. Large language model semantic analysis, deep learning feature extraction, analytic hierarchy process, and fuzzy comprehensive evaluation are integrated to build a multi-level indicator system covering political orientation, content quality, teaching adaptation, technical standards, communication experience, and compliance-homogenization control. The model supports intelligent collection, semantic mining, indicator scoring, comprehensive diagnosis, classification, and precise resource recommendation. It can improve evaluation efficiency while retaining expert-derived political and educational standards through procedural consistency. In engineering-supported education environments, the framework is also relevant to wireless learning platforms, electromagnetic information infrastructures, and secure data transmission systems that deliver ideological and political resources across campuses. The study provides methodological support for the quality governance, optimization, and standardized dissemination of digital educational resources.",2026.0,Advanced Electromagnetics,0,10.7716/aem.v15i3.4097,,,JournalArticle,2026-08-13,https://www.semanticscholar.org/paper/ef123da0892a1270c3927262c1547e562f8c1800,Political Science;Computer Science;Education,Political Science|s2-fos-model;Computer Science|s2-fos-model;Education|s2-fos-model,Jia Liu,,,1hop_citations,False,,,,,,,,education;educational,,1,0,1,False,False,recovered_keep_false,False,True,False,False,False,False,True,role_bridge_review
507b54675e610af9636816f95e66484077f53ffa,Resting-state functional connectivity in major depressive disorder: A review.,,2015.0,Neuroscience and Biobehavioral Reviews,840,10.1016/j.neubiorev.2015.07.014,26234819.0,,Review;JournalArticle,2015-09-01,https://www.semanticscholar.org/paper/507b54675e610af9636816f95e66484077f53ffa,Psychology;Medicine,Psychology|s2-fos-model;Medicine|s2-fos-model,P. Mulders; P. V. van Eijndhoven; A. Schene; C. Beckmann; I. Tendolkar,,,1hop_references,False,macroscale_only_no_positive_gate,,,,,,disorder,,resting-state,0,2,2,False,False,recovered_keep_false,True,False,True,False,False,False,True,macroscale_role_bridge_review
423edbe20f5055e09b2564068c16723eea7aec32,Decreased Expression of Synapse-Related Genes and Loss of Synapses in Major Depressive Disorder,"Previous imaging and postmortem studies have reported a lower brain volume and a smaller size and density of neurons in the dorsolateral prefrontal cortex (dlPFC) of subjects with major depressive disorder (MDD). These findings suggest that synapse number and function are decreased in the dlPFC of patients with MDD. However, there has been no direct evidence reported for synapse loss in MDD, and the gene expression alterations underlying these effects have not been identified. Here we use microarray gene profiling and electron microscopic stereology to reveal lower expression of synaptic-function–related genes (CALM2, SYN1, RAB3A, RAB4B and TUBB4) in the dlPFC of subjects with MDD and a corresponding lower number of synapses. We also identify a transcriptional repressor, GATA1, expression of which is higher in MDD and that, when expressed in PFC neurons, is sufficient to decrease the expression of synapse-related genes, cause loss of dendritic spines and dendrites, and produce depressive behavior in rat models of depression.",2012.0,Nature Medicine,735,10.1038/nm.2886,22885997.0,,JournalArticle,2012-08-12,https://www.semanticscholar.org/paper/423edbe20f5055e09b2564068c16723eea7aec32,Medicine;Psychology,Medicine|s2-fos-model;Psychology|s2-fos-model,H. Kang; B. Voleti; T. Hajszán; G. Rajkowska; C. Stockmeier; P. Licznerski; A. Lepack; M. Majik; L. Jeong; M. Banasr; Hyeon Son; R. Duman,,health_translation,1hop_references,False,,,synapse;synaptic,,,,disorder;patient,,,0,2,2,False,False,recovered_keep_false,False,False,True,False,False,False,True,role_bridge_review
1323e2f7454ba770095043019fffbf4292b6f174,Data visualization tool for student dropouts in Tanzania,"Education is a crucial sector and key component of many governments’ agenda. Despite that, students dropout has been among the persisting challenges in education, being experienced from basic education levels to colleges and universities. This work presents a study on data visualization in education and a glimpse of data visualization in other domains, and suggests a web based data visualization tool for student dropouts in Tanzania, targeting primary and secondary schools. It also presents users’ feedback regarding the developed web-based tool. This study collected data from the Government Basic Statistics Portal and the President’s Office - Regional Administration and Local Government (PO-RALG). Rapid prototyping was employed to develop the proposed web-based data visualization tool for interactive visualization of the prepared data. Moreover, focus group discussions and questionnaires were used to gather feedback from the users, whereby majority agreed that data visualization is useful for understanding data and providing insights for reporting and decision making. Most users further agreed that the developed tool was easy to use, useful and recommendable. The various challenges that came up during the course of this study enlightens on the need for sound data collection practices and the need for good visualization literacy. The results from this study will be beneficial for decision makers in education domain by providing a wide range of options to visually compare and observe variations in the student dropouts trends, thus facilitating informed decisions. Moreover, this study will be useful source of information for further research in dropout prediction and modelling.",2020.0,,0,10.58694/20.500.12479/901,,,,2020-03-01,https://www.semanticscholar.org/paper/1323e2f7454ba770095043019fffbf4292b6f174,Education;Computer Science,Education|s2-fos-model;Computer Science|s2-fos-model,Angelika Mark Kayanda,,,1hop_citations,False,,,,,,visualization,,course;education,,1,0,1,False,False,recovered_keep_false,False,True,False,False,False,False,True,role_bridge_review
508ed9f4c1cb12f857d41a25670333cac40ec52e,"Computer Age Statistical Inference, Student Edition","The twenty-first century has seen a breathtaking expansion of statistical methodology, both in scope and influence. 'Data science' and 'machine learning' have become familiar terms in the news, as statistical methods are brought to bear upon the enormous data sets of modern science and commerce. How did we get here? And where are we going? How does it all fit together? Now in paperback and fortified with exercises, this book delivers a concentrated course in modern statistical thinking. Beginning with classical inferential theories - Bayesian, frequentist, Fisherian - individual chapters take up a series of influential topics: survival analysis, logistic regression, empirical Bayes, the jackknife and bootstrap, random forests, neural networks, Markov Chain Monte Carlo, inference after model selection, and dozens more. The distinctly modern approach integrates methodology and algorithms with statistical inference. Each chapter ends with class-tested exercises, and the book concludes with speculation on the future direction of statistics and data science.",2021.0,,89,10.1017/9781108914062,,,,2021-06-17,https://www.semanticscholar.org/paper/508ed9f4c1cb12f857d41a25670333cac40ec52e,Computer Science;Mathematics,Computer Science|s2-fos-model;Mathematics|s2-fos-model,B. Efron; T. Hastie,,,1hop_references,False,,,,,,,,course,,0,1,1,False,False,recovered_keep_false,False,True,False,False,False,False,True,role_bridge_review
86d634e81b4596c1ffe177eff62cfe27401f7ac8,"Structure, biophysics, and circuit function of a “giant” cortical presynaptic terminal","The hippocampal mossy fiber synapse, formed between axons of dentate gyrus granule cells and dendrites of CA3 pyramidal neurons, is a key synapse in the trisynaptic circuitry of the hippocampus. Because of its comparatively large size, this synapse is accessible to direct presynaptic recording, allowing a rigorous investigation of the biophysical mechanisms of synaptic transmission and plasticity. Furthermore, because of its placement in the very center of the hippocampal memory circuit, this synapse seems to be critically involved in several higher network functions, such as learning, memory, pattern separation, and pattern completion. Recent work based on new technologies in both nanoanatomy and nanophysiology, including presynaptic patch-clamp recording, paired recording, super-resolution light microscopy, and freeze-fracture and “flash-and-freeze” electron microscopy, has provided new insights into the structure, biophysics, and network function of this intriguing synapse. This brings us one step closer to answering a fundamental question in neuroscience: how basic synaptic properties shape higher network computations. Editor’s summary A central circuit within the hippocampus is the projection from the dentate gyrus to area CA3. Its connections are formed by hippocampal mossy fiber synapses. These structures are among the largest synapses in the central nervous system and can therefore be studied to address many basic questions about synaptic transmission. Recent technical advances have offered opportunities to understand this connection in unprecedented detail. Vandael and Jonas reviewed the enormous progress that has been made in the past few years in our understanding of the structure, biophysics, and network function of hippocampal mossy fiber synapses. —Peter Stern A review describes insights into the function of a key glutamatergic synapse. BACKGROUND The hippocampus plays a key role in learning and memory. Exactly in the center of this circuit is found a glutamatergic synapse with remarkable properties—the mossy fiber synapse, which provides the connection between the granule cell layer and the CA3 subfield. This synapse has fascinated neuroscientists for decades. As already noted by Ramón y Cajal, this synapse is characterized by the large size of the presynaptic terminals and the proximal location on the dendrites of the postsynaptic CA3 pyramidal neurons, where it impinges on large spines, termed “thorny excrescences.” These properties have led to the idea that the mossy fiber synapse is a very powerful synapse that may efficiently activate its postsynaptic target cells. Thus, the mossy fiber synapse in the hippocampus is often depicted as a “teacher” or “detonator,” somewhat analogous to the climbing fiber synapse in the cerebellum. However, this hypothesis has not been fully tested, and the underlying synaptic mechanisms remain unclear. ADVANCES Because of its comparatively large size, the hippocampal mossy fiber synapse is accessible to direct presynaptic patch-clamp recording. Therefore, the mossy fiber synapse allows a rigorous investigation of the biophysical mechanisms of synaptic transmission and plasticity, being comparable to the squid giant synapse in the invertebrate nervous system and the calyx of Held in the auditory brainstem of mammals. Recent work based on new technologies in both nanoanatomy and nanophysiology, including presynaptic patch-clamp recording, paired recording, superresolution light-microscopy, and freeze-fracture and “flash-and-freeze” electron microscopy, has provided new insights into structure (see figure, panel A), biophysics (see figure, panel B), and network function (see figure, panel C) of this intriguing synapse. At the synaptic level, its distinctive facilitation has been linked to the coupling between Ca2+ channels and release sensors, and the potentiation has been related to the size and organization of synaptic vesicle pools. At the network level, the mossy fiber synapse not only contributes to storage of information, as expected for a “teacher” synapse, but is also involved in recall and participates in higher-order computations (pattern separation and pattern completion). Structural changes associated with plasticity may represent “synaptic engrams.” This brings us one step closer to answering a fundamental question in neuroscience: How basic synaptic properties shape higher-network computations. OUTLOOK The hippocampal mossy fiber synapse not only plays a key role in higher-network functions but also seems to be impaired in several brain diseases. In epilepsy, mossy fiber sprouting leads to the formation of mossy fiber synapses with distinct functional properties. In genetic mouse models of neuropsychiatric diseases, including schizophrenia, mossy fiber synaptic transmission is affected, suggesting a new entity of “mossy fiber synaptopathy.” Furthermore, in neurodegenerative diseases, the entorhinal-hippocampal circuit appears to be the first affected circuit, and the hippocampal mossy fiber synapse is one of the first impaired synapses. This suggests the possibility that the mossy fiber synapse may play a causal role in the memory impairments in these diseases. Conversely, the mossy fiber synapse could be used for therapeutically targeting complex neuropsychiatric or neurodegenerative diseases with unprecedented selectivity. Thus, the hippocampal mossy fiber synapse could become the first synapse in the history of neuroscience for which we reach complete understanding of synaptic biophysics, network function, and contribution to disease, and exploit this information for therapeutic purposes. Structure, biophysics, and network function of a cortical presynaptic terminal. (A) Structural analysis of hippocampal mossy fiber terminals on the apical dendrite of a single CA3 pyramidal neuron (golden yellow) by super-resolution microscopy. Different terminals represented in different colors. Modified from Michalska et al. (106). (B) Functional analysis of synaptic transmission at hippocampal mossy fiber synapses. Infrared videomicrograph; small pipette on top right attached to presynaptic terminal (red); large pipette on bottom left connected to postsynaptic neuron (blue). Reprinted (modified) from (29), with permission from Elsevier. (C) Network function of the hippocampal mossy fiber synapse in a model of pattern completion of the CA3 pyramidal neuron population. Proximal synapses, mossy fiber synapses; distal synapses, recurrent collateral CA3-CA3 synapses. Red, active; black, inactive inputs or cells. Reprinted (modified) from (11), with permission from Elsevier.",2024.0,Science,39,10.1126/science.adg6757,38452088.0,,Review;JournalArticle,2024-03-08,https://www.semanticscholar.org/paper/86d634e81b4596c1ffe177eff62cfe27401f7ac8,Biology;Physics,Biology|s2-fos-model;Physics|s2-fos-model,David Vandael; Peter Jonas,,health_translation;network_science,1hop_references,False,,,electron microscopy;synapse;synaptic,graph,,storage,disease;epilep;neurodegener;schizophren;synaptopath,,,0,2,2,False,False,recovered_keep_false,False,False,False,False,False,True,True,role_bridge_review
e1c682d3f01cbd6095fd663b40fa91c1406c6074,AI-guided immersive exploration of brain ultrastructure for collaborative analysis and education,,2025.0,Computers & graphics,4,10.1016/j.cag.2025.104239,,,JournalArticle,2025-05-01,https://www.semanticscholar.org/paper/e1c682d3f01cbd6095fd663b40fa91c1406c6074,Computer Science;Education,Computer Science|s2-fos-model;Education|s2-fos-model,Uzair Shah; Marco Agus; Daniya Boges; Hamad Aldous; Vanessa Chiappini; M. Alzubaidi; Markus Hadwiger; Pierre J. Magistretti; Mowafa J Househ; C. Calì,,,1hop_citations,False,,,ultrastruct,graph,,,,education,,6,0,6,False,False,recovered_keep_false,False,True,False,False,False,False,True,role_bridge_review
d1790e3bb0c4c1cc58317f510e39981066627af0,An Analysis of the Impact of Annotation Errors on the Accuracy of Deep Learning for Cell Segmentation,,2022.0,International Conference on Medical Imaging with Deep Learning,26,,,,JournalArticle,,https://www.semanticscholar.org/paper/d1790e3bb0c4c1cc58317f510e39981066627af0,Computer Science;Medicine,Computer Science|s2-fos-model;Medicine|s2-fos-model,Şerban Vădineanu; D. Pelt; O. Dzyubachyk; K. Batenburg,,,1hop_citations,False,,,,,annotation,annotation,,,,1,0,1,False,False,recovered_keep_false,False,False,False,True,False,False,True,role_bridge_review
ef4481cbc18c91e7bf0e53693bb77f3608743626,A set of measures of centrality based upon betweenness,,1977.0,,10316,10.2307/3033543,,,,1977-03-01,https://www.semanticscholar.org/paper/ef4481cbc18c91e7bf0e53693bb77f3608743626,Mathematics,Mathematics|s2-fos-model,L. Freeman,,network_science,1hop_references,False,,,,centrality,,,,,,0,4,4,False,False,recovered_keep_false,False,False,False,False,False,True,True,role_bridge_review
6fdff07fcccb6429453f06a8aae43cdaad508837,Axonal Pathology in Traumatic Brain Injury,"Over the past 70 years, diffuse axonal injury (DAI) has emerged as one of the most common and important pathological features of traumatic brain injury (TBI). Axons in the white matter appear to be especially vulnerable to injury due to the mechanical loading of the brain during TBI. As such, DAI has been found in all severities of TBI and may represent a key pathologic substrate of mild TBI (concussion). Pathologically, DAI encompasses a spectrum of effects from primary mechanical breaking of the axonal cytoskeleton, to transport interruption, swelling and proteolysis, through secondary physiological changes. Depending on the severity and extent of injury, these changes can manifest acutely as immediate loss of consciousness or confusion and persist as coma and/or cognitive dysfunction. In addition, recent evidence suggests that TBI may induce long-term neurodegenerative processes, such as insidiously progressive axonal pathology. Indeed, axonal degeneration has been found to continue even years after injury in humans, and appears to play a role in the development of Alzheimer’s disease-like pathological changes. Here we review the current understanding of DAI as a uniquely mechanical injury, its histopathological identification, and its acute and chronic pathogenesis following TBI.",2012.0,Experimental Neurology,1240,10.1016/j.expneurol.2012.01.013,22285252.0,,Review;JournalArticle,2012-01-20,https://www.semanticscholar.org/paper/6fdff07fcccb6429453f06a8aae43cdaad508837,Medicine,Medicine|s2-fos-model,V. Johnson; W. Stewart; Douglas H. Smith,,health_translation,1hop_references,False,,,,,,,alzheimer;disease;neurodegener;patholog;traumatic brain injury,,,0,2,2,False,False,recovered_keep_false,False,False,True,False,False,False,True,role_bridge_review
a1b89e2609839abf66929434ae3445c277d0a949,Universal consensus 3D segmentation of cells from 2D segmented stacks,"Cell segmentation is the foundation of a wide range of microscopy-based biological studies. Deep learning has revolutionized two-dimensional (2D) cell segmentation, enabling generalized solutions across cell types and imaging modalities. This has been driven by the ease of scaling up image acquisition, annotation and computation. However, three-dimensional (3D) cell segmentation, requiring dense annotation of 2D slices, still poses substantial challenges. Manual labeling of 3D cells to train broadly applicable segmentation models is prohibitive. Even in high-contrast images annotation is ambiguous and time-consuming. Here we develop a theory and toolbox, u-Segment3D, for 2D-to-3D segmentation, compatible with any 2D method generating pixel-based instance cell masks. u-Segment3D translates and enhances 2D instance segmentations to a 3D consensus instance segmentation without training data, as demonstrated on 11 real-life datasets, comprising >70,000 cells, spanning single cells, cell aggregates and tissue. Moreover, u-Segment3D is competitive with native 3D segmentation, even exceeding when cells are crowded and have complex morphologies. u-Segment3D is a universal framework that translates and enhances 2D instance segmentations to a 3D consensus instance segmentation without training data. It performs well across diverse datasets, including cells with complex morphologies.",2025.0,Nature Methods,10,10.1038/s41592-025-02887-w,41219412.0,,JournalArticle,2025-11-01,https://www.semanticscholar.org/paper/a1b89e2609839abf66929434ae3445c277d0a949,Computer Science;Biology,Computer Science|s2-fos-model;Biology|s2-fos-model,Felix Y. Zhou; Z. Marin; C. Yapp; Qiongjing Zou; B. Nanes; S. Daetwyler; Andrew R. Jamieson; Md Torikul Islam; Edward Jenkins; G. Gihana; Jinlong Lin; Hazel M. Borges; Bo-Jui Chang; Andrew D. Weems; Sean J. Morrison; P. Sorger; R. Fiolka; Kevin M. Dean; G. Danuser,,,1hop_citations,False,,,,,annotation,annotation,,training,,3,0,3,False,False,recovered_keep_false,False,False,False,False,True,False,True,role_bridge_review
a5f9d2113da2b8aba69fb80e2e1700da6947fe04,NeuroVerse: Immersive exploration of 3D ultrastructural brain reconstructions for education and collaborative analysis,"We introduce NeuroVerse, a framework designed to support the immersive exploration of 3D nanometric-scale reconstructions of structural and ultrastructural neural or glial cellular processes of the central nervous system. Utilizing image stacks acquired through volume electron microscopy, NeuroVerse reconstructs detailed 3D mesh models and integrates absorption signals, enabling deployment within a Metaverse environment. This framework facilitates innovative educational and collaborative analysis experiences, particularly in neuroanatomy and neuroscience. We present a comprehensive methodology, including a pipeline for 3D model creation, segmentation, mesh reconstruction, and heatmap computation, optimized for the Spatial.io ecosystem. Our contributions include the development of a virtual anatomy lab for immersive neuroanatomy education and collaborative sessions focusing on morphology spatial correlation and neuroenergetic absorption models. Preliminary results indicate significant potential for enhancing neuroscience education, improving remote collaboration among scientists, and democratizing access to advanced neuroscientific data and tools.",2024.0,International Conference on 3D Technologies for the World Wide Web,2,10.1145/3665318.3677154,,,Book;JournalArticle,2024-09-25,https://www.semanticscholar.org/paper/a5f9d2113da2b8aba69fb80e2e1700da6947fe04,Education;Computer Science,Education|s2-fos-model;Computer Science|s2-fos-model,C. Calì; Marco Agus,,,1hop_citations,False,,,electron microscopy;ultrastruct;volume electron,,,,,education;educational,,4,0,4,False,False,recovered_keep_false,False,True,False,False,False,False,True,role_bridge_review
c3bc85318579a49141d4f4d8627396a0e779aadf,A Large Deformation Diffeomorphic Approach to Registration of CLARITY Images via Mutual Information,"CLARITY is a method for converting biological tissues into translucent and porous hydrogel-tissue hybrids. This facilitates interrogation with light sheet microscopy and penetration of molecular probes while avoiding physical slicing. In this work, we develop a pipeline for registering CLARIfied mouse brains to an annotated brain atlas. Due to the novelty of this microscopy technique it is impractical to use absolute intensity values to align these images to existing standard atlases. Thus we adopt a large deformation diffeomorphic approach for registering images via mutual information matching. Furthermore we show how a cascaded multi-resolution approach can improve registration quality while reducing algorithm run time. As acquired image volumes were over a terabyte in size, they were far too large for work on personal computers. Therefore the NeuroData computational infrastructure was deployed for multi-resolution storage and visualization of these images and aligned annotations on the web.",2016.0,International Conference on Medical Image Computing and Computer-Assisted Intervention,15,10.1007/978-3-319-66182-7_32,,1612.00356,JournalArticle,2016-12-01,https://www.semanticscholar.org/paper/c3bc85318579a49141d4f4d8627396a0e779aadf,Computer Science;Engineering,Computer Science|s2-fos-model;Engineering|s2-fos-model,Kwame S. Kutten; N. Charon; M. Miller; J. Ratnanather; Jordan Matelsky; Alex Baden; Kunal Lillaney; K. Deisseroth; Li Ye; J. Vogelstein,,,1hop_citations,False,,,,,annotation,annotation;storage;visualization,,,,2,0,2,False,False,recovered_keep_false,False,False,False,False,True,False,True,role_bridge_review
bc0901faba7a09da90756d5a641c57d28039d011,"Modular Growth of Hierarchical Networks: Efficient, General, and Robust Curriculum Learning","Structural modularity is a pervasive feature of biological neural networks, which have been linked to several functional and computational advantages. Yet, the use of modular architectures in artificial neural networks has been relatively limited despite early successes. Here, we explore the performance and functional dynamics of a modular network trained on a memory task via an iterative growth curriculum. We find that for a given classical, non-modular recurrent neural network (RNN), an equivalent modular network will perform better across multiple metrics, including training time, generalizability, and robustness to some perturbations. We further examine how different aspects of a modular network's connectivity contribute to its computational capability. We then demonstrate that the inductive bias introduced by the modular topology is strong enough for the network to perform well even when the connectivity within modules is fixed and only the connections between modules are trained. Our findings suggest that gradual modular growth of RNNs could provide advantages for learning increasingly complex tasks on evolutionary timescales, and help build more scalable and compressible artificial networks.",2024.0,The 2024 Conference on Artificial Life,3,10.48550/arxiv.2406.06262,,2406.06262,JournalArticle;Conference,2024-06-10,https://www.semanticscholar.org/paper/bc0901faba7a09da90756d5a641c57d28039d011,Computer Science,Computer Science|s2-fos-model,Mani Hamidi; Sina Khajehabdollahi; E. Giannakakis; Tim J. Schäfer; A. Levina; Charley M. Wu,,network_science,1hop_references,False,,,,modular,,,,curriculum;training,,0,1,1,False,False,recovered_keep_false,False,True,False,False,False,False,True,role_bridge_review
7a62cfd15f977b9d04bddc02dfefde5591d9a14a,"Learning brains: educational neuroscience, neurotechnology and neuropedagogy","ABSTRACT Educational neuroscience seeks to conceptualise the neural underpinings of learning and other educational outcomes, as a route to proposing brain-based pedagogic interventions. As educational neuroscience has begun deploying new neurotechnologies, it has generated diverse data-driven conceptualisations of the ‘learning brain’. The data-intensive technological and methodological apparatuses used in educational neuroscience support the configuration of multiple ‘learning brains’ as the basis for neuropedagogic interventions: (1) a ‘plastic’ brain, (2) a ‘synchronized’ brain, (3) an ‘engaged’ brain, and (4) a ‘computational’ brain. Various sociotechnical arrangements of instrumentation, information, incubation, imagination and implementation that constitute contemporary neurotechnological instantiations of educational neuroscience are analysed. The core argument is that the neuro-informational malleability of the datafied learning brain is being mobilised to strengthen educational neuroscience as a source of expertise in brain-based pedagogies. This has novel implications for determining what education scientifically is and normatively should be, and for proposed ‘neurogovernance’ interventions.",2025.0,"Pedagogy, Culture &amp; Society",13,10.1080/14681366.2025.2521458,,,JournalArticle,2025-06-25,https://www.semanticscholar.org/paper/7a62cfd15f977b9d04bddc02dfefde5591d9a14a,Education,Education|s2-fos-model,Ben Williamson; J. Pykett; Dimitra Kotouza,,,1hop_citations,False,,,,,,,,education;educational,,1,0,1,False,False,recovered_keep_false,False,True,False,False,False,False,True,role_bridge_review
5a23594e2f672700c8aa6825250ea924ae6c7c91,A Survey of Methods for 3D Histology Reconstruction,"Histology permits the observation of otherwise invisible structures of the internal topography of a specimen. Although it enables the investigation of tissues at a cellular level, it is invasive and breaks topology due to cutting. Three-dimensional (3D) reconstruction was thus introduced to overcome the limitations of single-section studies in a dimensional scope. 3D reconstruction finds its roots in embryology, where it enabled the visualisation of spatial relationships of developing systems and organs, and extended to biomedicine, where the observation of individual, stained sections provided only partial understanding of normal and abnormal tissues. However, despite bringing visual awareness, recovering realistic reconstructions is elusive without prior knowledge about the tissue shape. 3D medical imaging made such structural ground truths available. In addition, combining non-invasive imaging with histology unveiled invaluable opportunities to relate macroscopic information to the underlying microscopic properties of tissues through the establishment of spatial correspondences; image registration is one technique that permits the automation of such a process and we describe reconstruction methods that rely on it. It is thereby possible to recover the original topology of histology and lost relationships, gain insight into what affects the signals used to construct medical images (and characterise them), or build high resolution anatomical atlases. This paper reviews almost three decades of methods for 3D histology reconstruction from serial sections, used in the study of many different types of tissue. We first summarise the process that produces digitised sections from a tissue specimen in order to understand the peculiarity of the data, the associated artefacts and some possible ways to minimise them. We then describe methods for 3D histology reconstruction with and without the help of 3D medical imaging, along with methods of validation and some applications. We finally attempt to identify the trends and challenges that the field is facing, many of which are derived from the cross-disciplinary nature of the problem as it involves the collaboration between physicists, histolopathologists, computer scientists and physicians.",2018.0,Medical Image Anal.,184,10.1016/j.media.2018.02.004,29502034.0,,JournalArticle;Review,2018-05-01,https://www.semanticscholar.org/paper/5a23594e2f672700c8aa6825250ea924ae6c7c91,Biology;Materials Science;Computer Science,Biology|s2-fos-model;Materials Science|s2-fos-model;Computer Science|s2-fos-model,Jonas Pichat; J. E. Iglesias; T. Yousry; S. Ourselin; M. Modat,,health_translation;network_science,1hop_citations,False,,,serial section,graph,,visualisation,patholog,,,2,0,2,False,False,recovered_keep_false,False,False,False,False,True,False,True,role_bridge_review
ac39daf922d37a4c335a7dda4bf05d8c51f3e663,Possum—A Framework for Three-Dimensional Reconstruction of Brain Images from Serial Sections,"Techniques based on imaging serial sections of brain tissue provide insight into brain structure and function. However, to compare or combine them with results from three dimensional imaging methods, reconstruction into a volumetric form is required. Currently, there are no tools for performing such a task in a streamlined way. Here we propose the Possum volumetric reconstruction framework which provides a selection of 2D to 3D image reconstruction routines allowing one to build workflows tailored to one’s specific requirements. The main components include routines for reconstruction with or without using external reference and solutions for typical issues encountered during the reconstruction process, such as propagation of the registration errors due to distorted sections. We validate the implementation using synthetic datasets and actual experimental imaging data derived from publicly available resources. We also evaluate efficiency of a subset of the algorithms implemented. The Possum framework is distributed under MIT license and it provides researchers with a possibility of building reconstruction workflows from existing components, without the need for low-level implementation. As a consequence, it also facilitates sharing and data exchange between researchers and laboratories.",2015.0,Neuroinformatics,32,10.1007/s12021-015-9286-1,26687079.0,,JournalArticle,2015-12-21,https://www.semanticscholar.org/paper/ac39daf922d37a4c335a7dda4bf05d8c51f3e663,Computer Science,Computer Science|s2-fos-model,P. Majka; D. Wójcik,,,1hop_citations,False,,,serial section,,,distributed,,,,3,0,3,False,False,recovered_keep_false,False,False,False,False,True,False,True,role_bridge_review
20891ef7913b2c1b21e9cc0de5436838910434f6,Registration of Histological Sections with Clinical Imaging : A Survey,,2018.0,,0,,,,Review,,https://www.semanticscholar.org/paper/20891ef7913b2c1b21e9cc0de5436838910434f6,Medicine;Computer Science,Medicine|s2-fos-model;Computer Science|s2-fos-model,Jonas Pichat; J. E. Iglesias; T. Yousry; S. Ourselin; M. Modat,,,1hop_citations,False,,,,,,,clinical,,,2,0,2,False,False,recovered_keep_false,False,False,True,False,False,False,True,role_bridge_review
1403486360de1120043550a850bb7fdb45447efa,Mapping brain asymmetry in health and disease through the ENIGMA consortium,"Left–right asymmetry of the human brain is one of its cardinal features, and also a complex, multivariate trait. Decades of research have suggested that brain asymmetry may be altered in psychiatric disorders. However, findings have been inconsistent and often based on small sample sizes. There are also open questions surrounding which structures are asymmetrical on average in the healthy population, and how variability in brain asymmetry relates to basic biological variables such as age and sex. Over the last 4 years, the ENIGMA‐Laterality Working Group has published six studies of gray matter morphological asymmetry based on total sample sizes from roughly 3,500 to 17,000 individuals, which were between one and two orders of magnitude larger than those published in previous decades. A population‐level mapping of average asymmetry was achieved, including an intriguing fronto‐occipital gradient of cortical thickness asymmetry in healthy brains. ENIGMA's multi‐dataset approach also supported an empirical illustration of reproducibility of hemispheric differences across datasets. Effect sizes were estimated for gray matter asymmetry based on large, international, samples in relation to age, sex, handedness, and brain volume, as well as for three psychiatric disorders: autism spectrum disorder was associated with subtly reduced asymmetry of cortical thickness at regions spread widely over the cortex; pediatric obsessive–compulsive disorder was associated with altered subcortical asymmetry; major depressive disorder was not significantly associated with changes of asymmetry. Ongoing studies are examining brain asymmetry in other disorders. Moreover, a groundwork has been laid for possibly identifying shared genetic contributions to brain asymmetry and disorders.",2019.0,Human Brain Mapping,174,10.1002/hbm.25033,32420672.0,,Review;JournalArticle,2019-12-16,https://www.semanticscholar.org/paper/1403486360de1120043550a850bb7fdb45447efa,Medicine;Biology,Medicine|s2-fos-model;Biology|s2-fos-model,Xiang-zhen Kong; Merel C. Postema; Tulio M. Guadalupe; Carolien G. F. de Kovel; P. Boedhoe; M. Hoogman; S. Mathias; Daan van Rooij; D. Schijven; D. Glahn; S. Medland; N. Jahanshad; S. Thomopoulos; J. Turner; J. Buitelaar; T. V. van Erp; B. Franke; S. Fisher; O. A. van den Heuvel; L. Schmaal; P. Thompson; C. Francks,,health_translation,1hop_references,False,,,,,,,autism;disease;disorder;human brain,,,0,2,2,False,False,recovered_keep_false,False,False,True,False,False,False,True,role_bridge_review
2fd4e05c0e1e6ce709e9f1791d57ff6900fe3952,AI-driven Large-scale Electron Microscopy enables Whole-tissue Subcellular Digitization,"The distribution and interactions of cellular organelles play a critical role in mediating cellular physiology and pathology. Large-scale electron microscopy enables visualization of organelle distribution and interactions at the tissue level with nanometer resolution, but robust and efficient computational analysis tools are lacking. Here, we present a deep learning tool for universal large-scale 2D/3D electron microscopy analysis, DeepOrganelle. This new tool enables high-throughput, cell-resolved spatiotemporal mapping and digitization of organelle distribution and interactions. When applied to spermatogenesis across 12 stages and 22 differentiation status of the germ cells, DeepOrganelle uncovered previously unrecognized, stage-dependent dynamics of mitochondria-endoplasmic reticulum contact sites within one subphase of prophase I during meiosis. It also revealed coordinated organelle redistribution in Sertoli cells towards the blood-testis barrier, digitizing the remodeling dynamics of the tissue. This study demonstrates that DeepOrganelle provides a powerful framework that captures subcellular dynamics at the whole-tissue level.",2025.0,,0,,,2511.02860,,2025-11-02,https://www.semanticscholar.org/paper/2fd4e05c0e1e6ce709e9f1791d57ff6900fe3952,Computer Science;Biology;Medicine,Computer Science|s2-fos-model;Biology|s2-fos-model;Medicine|s2-fos-model,Li Xiao; Liqing Liu; Hongjun Wu; Jiayi Zhong; Xixia Li; Yan Zhang; Junjie Hu; Sun Fei; Ge Yang; Tao Xu,,health_translation,1hop_citations,False,,,electron microscopy;nanometer,,,visualization,patholog,,,2,0,2,False,False,recovered_keep_false,False,False,False,False,True,False,True,role_bridge_review
879058fbe2457f3d485cdced75f886c309d766e5,vEMstitch: an algorithm for fully automatic image stitching of volume electron microscopy,"Abstract Background As software and hardware have developed, so has the scale of research into volume electron microscopy (vEM), leading to ever-increasing resolution. Usually, data collection is followed by image stitching: the same area is subjected to high-resolution imaging with a certain overlap, and then the images are stitched together to achieve ultrastructure with large scale and high resolution simultaneously. However, there is currently no perfect method for image stitching, especially when the global feature distribution of the sample is uneven and the feature points of the overlap area cannot be matched accurately, which results in ghosting of the fusion area. Results We have developed a novel algorithm called vEMstitch to solve these problems, aiming for seamless and clear stitching of high-resolution images. In vEMstitch, the image transformation model is constructed as a combination of global rigid and local elastic transformation using weighted pixel displacement fields. Specific local geometric constraints and feature reextraction strategies are incorporated to ensure that the transformation model accurately and completely reflects the characteristics of biological distortions. To demonstrate the applicability of vEMstitch, we conducted thorough testing on simulated datasets involving different transformation combinations, consistently showing promising performance. Furthermore, in real data sample experiments, vEMstitch successfully gives clear ultrastructure in the stitching region, reaffirming the effectiveness of the algorithm. Conclusions vEMstitch serves as a valuable tool for large-field and high-resolution image stitching. The clear stitched regions facilitate better visualization and identification in vEM analysis. The source code is available at https://github.com/HeracleBT/vEMstitch.",2024.0,GigaScience,7,10.1093/gigascience/giae076,39460935.0,,JournalArticle,2024-01-02,https://www.semanticscholar.org/paper/879058fbe2457f3d485cdced75f886c309d766e5,Engineering;Materials Science;Computer Science,Engineering|s2-fos-model;Materials Science|s2-fos-model;Computer Science|s2-fos-model,Bintao He; Yan Zhang; Zhenbang Zhang; Yiran Cheng; Fa Zhang; Fei Sun; Renmin Han,,,1hop_citations,False,,,electron microscopy;ultrastruct;volume electron,,,visualization,,,,3,0,3,False,False,recovered_keep_false,False,False,False,False,True,False,True,role_bridge_review
c47d5e8e8b2159bae44d6bad702ad04613a0d238,Multiscale imaging informs translational mouse modeling of neurological disease.,"Multiscale neurophysiology reveals that simple motor actions are associated with changes in neuronal firing in virtually every brain region studied. Accordingly, the assessment of focal pathology such as stroke or progressive neurodegenerative diseases must also extend widely across brain areas. To derive mechanistic information through imaging, multiple resolution scales and multimodal factors must be included, such as the structure and function of specific neurons and glial cells and the dynamics of specific neurotransmitters. Emerging multiscale methods in preclinical animal studies that span micro- to macroscale examinations fill this gap, allowing a circuit-based understanding of pathophysiological mechanisms. Combined with high-performance computation and open-source data repositories, these emerging multiscale and large field-of-view techniques include live functional ultrasound, multi- and single-photon wide-scale light microscopy, video-based miniscopes, and tissue-penetrating fiber photometry, as well as variants of post-mortem expansion microscopy. We present these technologies and outline use cases and data pipelines to uncover new knowledge within animal models of stroke, Alzheimer's disease, and movement disorders.",2022.0,Neuron,8,10.1016/j.neuron.2022.09.006,36198319.0,,Review;JournalArticle,2022-09-27,https://www.semanticscholar.org/paper/c47d5e8e8b2159bae44d6bad702ad04613a0d238,Medicine;Engineering,Medicine|s2-fos-model;Engineering|s2-fos-model,Yundi Wang; J. LeDue; T. Murphy,,health_translation,1hop_citations,False,,,expansion microscopy,,,,alzheimer;clinical;disease;disorder;neurodegener;patholog,,,2,0,2,False,False,recovered_keep_false,False,False,True,False,False,False,True,role_bridge_review
664286bbb61e23367758e3683df64a4e90d69d3f,Pluvianus: Interactive GUI for Exploration and Quality Control of CaImAn Calcium Imaging Analysis Results,,2026.0,Journal of Open Research Software,0,10.5334/jors.623,,,JournalArticle,,https://www.semanticscholar.org/paper/664286bbb61e23367758e3683df64a4e90d69d3f,Computer Science,Computer Science|s2-fos-model,G. Katona; A. Dávid; A. Slézia; A. Kaszás,,proofreading_qc,1hop_citations,False,,,,,quality control,,,,,1,0,1,False,False,recovered_keep_false,False,False,False,True,False,False,True,role_bridge_review
d6afa2fa9cdb26d60fedc4189106affa30cd90d2,Nanoscale imaging of clinical specimens using pathology-optimized expansion microscopy,"Expansion microscopy (ExM), a method for improving the resolution of light microscopy by physically expanding a specimen, has not been applied to clinical tissue samples. Here we report a clinically optimized form of ExM that supports nanoscale imaging of human tissue specimens that have been fixed with formalin, embedded in paraffin, stained with hematoxylin and eosin, and/or fresh frozen. The method, which we call expansion pathology (ExPath), converts clinical samples into an ExM-compatible state, then applies an ExM protocol with protein anchoring and mechanical homogenization steps optimized for clinical samples. ExPath enables ∼70-nm-resolution imaging of diverse biomolecules in intact tissues using conventional diffraction-limited microscopes and standard antibody and fluorescent DNA in situ hybridization reagents. We use ExPath for optical diagnosis of kidney minimal-change disease, a process that previously required electron microscopy, and we demonstrate high-fidelity computational discrimination between early breast neoplastic lesions for which pathologists often disagree in classification. ExPath may enable the routine use of nanoscale imaging in pathology and clinical research.",2017.0,Nature Biotechnology,205,10.1038/nbt.3892,28714966.0,,JournalArticle,2017-07-17,https://www.semanticscholar.org/paper/d6afa2fa9cdb26d60fedc4189106affa30cd90d2,Engineering;Materials Science;Medicine,Engineering|s2-fos-model;Materials Science|s2-fos-model;Medicine|s2-fos-model,Yongxin Zhao; Octavian Bucur; Humayun Irshad; Fei Chen; Astrid Weins; A. Stancu; E. Oh; Marcello DiStasio; V. Torous; B. Glass; I. Stillman; S. Schnitt; Andrew H. Beck; E. Boyden,,health_translation,1hop_references,False,,,electron microscopy;expansion microscopy,,,,clinical;disease;patholog,,,0,2,2,False,False,recovered_keep_false,False,False,True,False,False,False,True,role_bridge_review
ee99860de795f33db35aca9057a2b2deaff55045,Benchmarking overlapping community detection methods for applications in human connectomics,"Brain networks exhibit non-trivial modular organization, with groups of densely connected areas participating in specialized functions. Traditional community detection algorithms assign each node to one module, but this representation cannot capture integrative, multi-functional nodes that span multiple communities. Despite the increasing availability of overlapping community detection algorithms (OCDAs) to capture such integrative nodes, there is no objective procedure for selecting the most appropriate method and its parameters for a given problem. Here we overcome this limitation by introducing a datadriven method for selecting an OCDA and its parameters from performance on a tailored ensemble of generated benchmark networks, assessing 22 unique algorithms and parameter settings. Applied to the human structural connectome, we find that the ‘Order Statistics Local Optimization Method’ (OSLOM) best identifies ground-truth overlapping structure in the benchmark ensemble and yields a seven-network decomposition of the human cortex. These modules are bridged by fifteen overlapping regions that generally sit at the apex of the putative cortical hierarchy—suggesting integrative, higher-order function— with network participation increasing along the cortical hierarchy, a finding not supported using a non-overlapping modular decomposition. This data-driven approach to selecting OCDAs is applicable across domains, opening new avenues to detecting and quantifying informative structures in complex real-world networks.",2025.0,bioRxiv,3,10.1101/2025.03.19.643839,41536423.0,,JournalArticle,2025-03-20,https://www.semanticscholar.org/paper/ee99860de795f33db35aca9057a2b2deaff55045,Computer Science;Biology,Computer Science|s2-fos-model;Biology|s2-fos-model,Annie G. Bryant; Aditi Jha; Sumeet Agarwal; Patrick Cahill; Brandon Lam; S. Oldham; A. Arnatkevic̆iūtė; A. Fornito; BD Fulcher,,,1hop_citations,False,,connectom,,community;modular,,,human cortex,,,2,0,2,False,False,recovered_keep_false,False,False,False,False,False,True,True,role_bridge_review
f5ec4b48bd43edd31c818463d8a1b18b1f6cc5ba,Developmental Changes in Dendritic Spine Morphology in the Striatum and Their Alteration in an A53T α-Synuclein Transgenic Mouse Model of Parkinson’s Disease,"Abstract The aging process is accompanied by various neurophysiological changes, and the severity of neurodegenerative disorders such as Parkinson’s disease (PD) increases with aging. However, the precise neuroanatomical changes that accompany the aging process in both normal and pathologic conditions remain unknown. This is in part because there is a lack of high-resolution imaging tool that has the capacity to image a desired volume of neurons in a high-throughput and automated manner. In the present study, focused ion beam/scanning electron microscopy (FIB/SEM) was used to image striatal neuropil in both wild-type (WT) mice and an A53T bacterial artificial chromosome (BAC) human α-synuclein (A53T-BAC-SNCA) transgenic (Tg) mouse model of PD, at 1, 3, 6, and 22 months of age. We demonstrated that spine density gradually decreases, and average spine head volume gradually increases with age in WT mice, suggesting a homeostatic balance between spine head volume and spine density. However, this inverse relationship between spine head volume and spine density was not observed in A53T-BAC-SNCA Tg mice. Taken together, our data suggest that PD is accompanied by an abnormality in the mechanisms that control synapse growth and maturity.",2020.0,eNeuro,20,10.1523/eneuro.0072-20.2020,32817196.0,,JournalArticle,2020-08-17,https://www.semanticscholar.org/paper/f5ec4b48bd43edd31c818463d8a1b18b1f6cc5ba,Medicine;Biology,Medicine|s2-fos-model;Biology|s2-fos-model,L. Parajuli; K. Wako; Suiki Maruo; S. Kakuta; Tomoyuki Taguchi; M. Ikuno; H. Yamakado; R. Takahashi; Masato Koike,,health_translation,1hop_citations;1hop_references,False,,,atum;electron microscopy;synapse,,,,disease;disorder;neurodegener;parkinson;patholog,,,1,1,2,False,False,recovered_keep_false,False,False,True,False,False,False,True,role_bridge_review
0e7354303d8e910fc605370de4f9461e1792bfc5,3D Electron Microscopy Study of Synaptic Organization of the Normal Human Transentorhinal Cortex and Its Possible Alterations in Alzheimer’s Disease,"Abstract The transentorhinal cortex (TEC) is an obliquely oriented cortex located in the medial temporal lobe and, together with the entorhinal cortex, is one of the first affected areas in Alzheimer’s disease (AD). One of the most widely accepted hypotheses is that synaptopathy (synaptic alterations and loss) represents the major structural correlate of the cognitive decline observed in AD. However, very few electron microscope (EM) studies are available; the most common method to estimate synaptic density indirectly is by counting, at the light microscopic level, immunoreactive puncta using synaptic markers. To investigate synaptic morphology and possible alterations related to AD, a detailed three-dimensional (3D) ultrastructural analysis using focused ion beam/scanning EM (FIB/SEM) was performed in the neuropil of Layer II of the TEC in human brain samples from non-demented subjects and AD patients. Evaluation of the proportion and shape of asymmetric synapses (AS) and symmetric synapses (SS) targeting spines or dendritic shafts was performed using 3D reconstructions of every synapse. The 3D analysis of 4722 synapses revealed that the preferable targets were spine heads for AS and dendritic shafts for SS, both in control and AD cases. However, in AD patients, we observed a reduction in the percentage of synapses targeting spine heads. Regarding the shape of synapses, in both control cases and AD samples, the vast majority of synapses had a macular shape, followed by perforated or horseshoe-shaped synapses, with fragmented synapses being the least frequent type. Moreover, comparisons showed an increased number of fragmented AS in AD patients.",2019.0,eNeuro,42,10.1523/eneuro.0140-19.2019,31217195.0,,JournalArticle,2019-06-19,https://www.semanticscholar.org/paper/0e7354303d8e910fc605370de4f9461e1792bfc5,Medicine;Biology,Medicine|s2-fos-model;Biology|s2-fos-model,M. Domínguez-Álvaro; M. Montero-Crespo; M. Montero-Crespo; L. Blázquez-Llorca; L. Blázquez-Llorca; Javier DeFelipe; Javier DeFelipe; L. Alonso-Nanclares; L. Alonso-Nanclares,,health_translation,1hop_references,False,,,electron microscopy;synapse;synaptic;ultrastruct,,,,alzheimer;disease;human brain;patient;synaptopath,,,0,2,2,False,False,recovered_keep_false,False,False,True,False,False,False,True,role_bridge_review
52496f9dbd4eb476c7579d484cb96b5689b9d1ea,Alpha-synuclein spreading pathology in Parkinson's disease: the influence of iron and the Rho-kinase inhibitor fasudil,,2020.0,,1,,,,,2020-06-05,https://www.semanticscholar.org/paper/52496f9dbd4eb476c7579d484cb96b5689b9d1ea,Medicine;Chemistry;Biology,Medicine|s2-fos-model;Chemistry|s2-fos-model;Biology|s2-fos-model,Karina Joppe,,health_translation,1hop_citations;1hop_references,False,,,,,,,disease;parkinson;patholog,,,1,1,2,False,False,recovered_keep_false,False,False,True,False,False,False,True,role_bridge_review
5ff26816051c1eeff37c79f0a293a7d67e7e93e1,Neuroscience and education: Cerebral lateralization of networks and oscillations in dyslexia,"ABSTRACT Liaison between neuroscience and education has resulted in significant advances in our understanding of the neurobiological learning requirements of individuals with reading disability, the neuroplasticity of the developing brain, and the participation of the right hemisphere in reading. Research in neural network theory and cortical oscillations suggests that the hemispheres collaborate in high-level language processes. The right hemisphere specializes in coding low frequencies of the speech envelope and interhemispheric cognitive control, while the left is specialized for local high frequency, verbal computations. Studies in neural networks, and cortical oscillations which controlled for reading-level, converge in identifying an impaired right hemisphere circuitry of frontoparietal attention networks as a primary cause of dyslexia. Occurring in early development, such a dysfunction would have a cascading negative effect on phonemic processing in the left hemisphere dorsal reading network. Such integrative hemispheric cooperation suggests a more comprehensive approach to early reading instruction and interventions in dyslexia.",2019.0,Laterality,25,10.1080/1357650x.2019.1606820,30987535.0,,JournalArticle,2019-04-15,https://www.semanticscholar.org/paper/5ff26816051c1eeff37c79f0a293a7d67e7e93e1,Education,Education|s2-fos-model,J. Kershner,,,1hop_citations,False,,,,,,,,education,,1,0,1,False,False,recovered_keep_false,False,True,False,False,False,False,True,role_bridge_review
2c97a84bd43ad4286082e795f9a3d2d85888404f,Volume Electron Microscopy for Genetically and Molecularly Defined Neural Circuits.,"The brain networks responsible for adaptive behavioral changes are based on the physical connections between neurons. Light and electron microscopy have long been used to study neural projections and the physical connections between neurons. Volume electron microscopy has recently expanded its scale of analysis due to methodological advances, resulting in complete wiring maps of neurites in a large volume of brain tissues and even entire nervous systems in a growing number of species. However, structural approaches frequently suffer from inherent limitations in which elements in images are identified solely by morphological criteria. Recently, an increasing number of tools and technologies have been developed to characterize cells and cellular components in the context of molecules and gene expression. These advancements include newly developed probes for visualization in electron microscopic images as well as correlative integration methods for the same elements across multiple microscopic modalities. Such approaches advance our understanding of interactions between specific neurons and circuits and may help to elucidate novel aspects of the basal ganglia network involving dopamine neurons. These advancements are expected to reveal mechanisms for processing adaptive changes in specific neural circuits that modulate brain functions.",2024.0,Neurosciences research,3,10.1016/j.neures.2024.06.002,38914208.0,,JournalArticle,2024-06-01,https://www.semanticscholar.org/paper/2c97a84bd43ad4286082e795f9a3d2d85888404f,Biology;Engineering,Biology|s2-fos-model;Engineering|s2-fos-model,Nobuhiko Ohno; F. Karube; Fumino Fujiyama,,,1hop_citations,False,,,electron microscopy;volume electron,,,visualization,,,,4,0,4,False,False,recovered_keep_false,False,False,False,False,True,False,True,role_bridge_review
44c1b70689c1bd9b3b12e908943e9dc24b5af6a1,Graphical-model framework for automated annotation of cell identities in dense cellular images,"Although identifying cell names in dense image stacks is critical in analyzing functional whole-brain data enabling comparison across experiments, unbiased identification is very difficult, and relies heavily on researchers’ experiences. Here we present a probabilistic-graphical-model framework, CRF_ID, based on Conditional Random Fields, for unbiased and automated cell identification. CRF_ID focuses on maximizing intrinsic similarity between shapes. Compared to existing methods, CRF_ID achieves higher accuracy on simulated and ground-truth experimental datasets, and better robustness against challenging noise conditions common in experimental data. CRF_ID can further boost accuracy by building atlases from annotated data in highly computationally efficient manner, and by easily adding new features (e.g. from new strains). We demonstrate cell annotation in C. elegans images across strains, animal orientations, and tasks including gene-expression localization, multi-cellular and whole-brain functional imaging experiments. Together, these successes demonstrate that unbiased cell annotation can facilitate biological discovery, and this approach may be valuable to annotation tasks for other systems.",2020.0,bioRxiv,30,10.7554/elife.60321,33625357.0,,JournalArticle,2020-03-11,https://www.semanticscholar.org/paper/44c1b70689c1bd9b3b12e908943e9dc24b5af6a1,Computer Science;Biology,Computer Science|s2-fos-model;Biology|s2-fos-model,Shivesh Chaudhary; Sol Ah Lee; Yueyi Li; Dhaval S. Patel; Hang Lu,,network_science,1hop_citations;1hop_references,False,,,,graph,annotation,annotation,,,,2,1,3,False,False,recovered_keep_false,False,False,False,True,False,False,True,role_bridge_review
799870dd6d1aa9efb85de52c1b5c23c02999debe,Neural dynamics and architecture of the heading direction circuit in zebrafish,"Animals generate neural representations of their heading direction. Notably, in insects, heading direction is topographically represented by the activity of neurons in the central complex. Although head direction cells have been found in vertebrates, the connectivity that endows them with their properties is unknown. Using volumetric lightsheet imaging, we find a topographical representation of heading direction in a neuronal network in the zebrafish anterior hindbrain, where a sinusoidal bump of activity rotates following directional swims of the fish and is otherwise stable over many seconds. Electron microscopy reconstructions show that, although the cell bodies are located in a dorsal region, these neurons arborize in the interpeduncular nucleus, where reciprocal inhibitory connectivity stabilizes the ring attractor network that encodes heading. These neurons resemble those found in the fly central complex, showing that similar circuit architecture principles may underlie the representation of heading direction across the animal kingdom and paving the way to an unprecedented mechanistic understanding of these networks in vertebrates. In this study, Petrucco, Lavian et al. identify a circuit in the hindbrain of larval zebrafish that persistently encodes heading direction. Neurons of this network, of stereotypical morphology, inhibit each other to support ring attractor dynamics.",2023.0,Nature Neuroscience,77,10.1038/s41593-023-01308-5,37095397.0,,JournalArticle,2023-04-24,https://www.semanticscholar.org/paper/799870dd6d1aa9efb85de52c1b5c23c02999debe,Biology,Biology|s2-fos-model,L. Petrucco; Hagar Lavian; Y. Wu; Fabian Svara; Vilim Štih; R. Portugues,,network_science,1hop_citations;1hop_references,False,,,electron microscopy,graph,,,,,,1,1,2,False,False,recovered_keep_false,False,False,False,False,False,True,True,role_bridge_review
633ebe3b39e95ecbbc2cfd022cdce6ca53506e4a,A Disinhibitory Circuit Motif and Flexible Information Routing in the Brain,"In the mammalian neocortex, an area typically receives inputs from, and projects to, dozens of other areas. Mechanisms are needed to flexibly route information to the right place at the right time, which we term “pathway gating”. For instance, a region in your brain that receives signals from both visual and auditory pathways may want to “gate in” the visual pathway while “gating out” the auditory pathway when you try to read a book surrounded by people in a noisy cafe. In this review, we marshall experimental and computational evidence in support of a circuit mechanism for flexible pathway gating realized by a disinhibitory motif. Moreover, recent work shows an increasing preponderance of this disinhibitory motif from sensory areas to association areas of the mammalian cortex. Pathway input gating is briefly compared with alternative or complementary gating mechanisms. Predictions and open questions for future research on this puzzle about the complex brain system will be discussed.",2018.0,Current Opinion in Neurobiology,92,10.1016/j.conb.2018.01.002,29414069.0,,Review;JournalArticle,2018-02-04,https://www.semanticscholar.org/paper/633ebe3b39e95ecbbc2cfd022cdce6ca53506e4a,Biology,Biology|s2-fos-model,Xiao-Jing Wang; G. Yang,,network_science,1hop_citations;1hop_references,False,,,,motif,,,,,,1,1,2,False,False,recovered_keep_false,False,False,False,False,False,True,True,role_bridge_review
92b6b24845370a2db43b33dfc3e11c7924fe7a0d,A dendritic disinhibitory circuit mechanism for pathway-specific gating,"While reading a book in a noisy café, how does your brain ‘gate in’ visual information while filtering out auditory stimuli? Here we propose a mechanism for such flexible routing of information flow in a complex brain network (pathway-specific gating), tested using a network model of pyramidal neurons and three classes of interneurons with connection probabilities constrained by data. We find that if inputs from different pathways cluster on a pyramidal neuron dendrite, a pathway can be gated-on by a disinhibitory circuit motif. The branch-specific disinhibition can be achieved despite dense interneuronal connectivity, even with random connections. Moreover, clustering of input pathways on dendrites can naturally emerge through synaptic plasticity regulated by dendritic inhibition. This gating mechanism in a neural circuit is further demonstrated by performing a context-dependent decision-making task. The model suggests that cognitive flexibility engages top-down signalling of behavioural rule or context that targets specific classes of inhibitory neurons. Cortical circuits receive simultaneous inputs from multiple pathways and are able to flexibly select the appropriate inputs for processing. Here the authors propose a network model in which dendritic branch-specific disinhibition established through synaptic plasticity achieves pathway-specific gating.",2016.0,Nature Communications,158,10.1038/ncomms12815,27649374.0,,JournalArticle,2016-02-28,https://www.semanticscholar.org/paper/92b6b24845370a2db43b33dfc3e11c7924fe7a0d,Biology,Biology|s2-fos-model,G. Yang; J. Murray; Xiao-Jing Wang,,network_science,1hop_references,False,,,synaptic,motif,,,,,,0,2,2,False,False,recovered_keep_false,False,False,False,False,False,True,True,role_bridge_review
189f893da626e37c8aaee3522519ccc87ba1a8a2,A high-level 3D visualization API for Java and ImageJ,"BackgroundCurrent imaging methods such as Magnetic Resonance Imaging (MRI), Confocal microscopy, Electron Microscopy (EM) or Selective Plane Illumination Microscopy (SPIM) yield three-dimensional (3D) data sets in need of appropriate computational methods for their analysis. The reconstruction, segmentation and registration are best approached from the 3D representation of the data set.ResultsHere we present a platform-independent framework based on Java and Java 3D for accelerated rendering of biological images. Our framework is seamlessly integrated into ImageJ, a free image processing package with a vast collection of community-developed biological image analysis tools. Our framework enriches the ImageJ software libraries with methods that greatly reduce the complexity of developing image analysis tools in an interactive 3D visualization environment. In particular, we provide high-level access to volume rendering, volume editing, surface extraction, and image annotation. The ability to rely on a library that removes the low-level details enables concentrating software development efforts on the algorithm implementation parts.ConclusionsOur framework enables biomedical image software development to be built with 3D visualization capabilities with very little effort. We offer the source code and convenient binary packages along with extensive documentation at http://3dviewer.neurofly.de.",2010.0,BMC Bioinformatics,550,10.1186/1471-2105-11-274,20492697.0,,JournalArticle,2010-05-21,https://www.semanticscholar.org/paper/189f893da626e37c8aaee3522519ccc87ba1a8a2,Computer Science;Biology,Computer Science|s2-fos-model;Biology|s2-fos-model,Benjamin Schmid; J. Schindelin; Albert Cardona; M. Longair; M. Heisenberg,,,1hop_references,False,,,electron microscopy,community,annotation,annotation;visualization,,,,0,4,4,False,False,recovered_keep_false,False,False,False,False,True,False,True,role_bridge_review
5f2454d757afbf5ae5802fece14ed5ed8ed78d69,Interactive Tree of Life (iTOL) v6: recent updates to the phylogenetic tree display and annotation tool,"Abstract The Interactive Tree Of Life (https://itol.embl.de) is an online tool for the management, display, annotation and manipulation of phylogenetic and other trees. It is freely available and open to everyone. iTOL version 6 introduces a modernized and completely rewritten user interface, together with numerous new features. A new dataset type has been introduced (colored/labeled ranges), greatly upgrading the functionality of the previous simple colored range annotation function. Additional annotation options have been implemented for several existing dataset types. Dataset template files now support simple assignment of annotations to multiple tree nodes through substring matching, including full regular expression support. Node metadata handling has been greatly extended with novel display and exporting options, and it can now be edited interactively or bulk updated through annotation files. Tree labels can be displayed using multiple simultaneous font styles, with precise positioning, sizing and styling of each individual label part. Various bulk label editing functions have been implemented, simplifying large scale changes of all tree node labels. iTOL’s automatic taxonomy assignment functions now support trees based on the Genome Taxonomy Database (GTDB), in addition to the NCBI taxonomy. The functionality of the optional user account pages has been expanded, simplifying the management, navigation and sharing of projects and trees. iTOL currently handles more than one and a half million trees from >130 000 individual user accounts.",2024.0,Nucleic Acids Research,3600,10.1093/nar/gkae268,38613393.0,,JournalArticle,2024-04-13,https://www.semanticscholar.org/paper/5f2454d757afbf5ae5802fece14ed5ed8ed78d69,Biology;Computer Science,Biology|s2-fos-model;Computer Science|s2-fos-model,Ivica Letunic; P. Bork,,,1hop_references,False,,,,,annotation,annotation;database;metadata;version,,,,0,1,1,False,False,recovered_keep_false,False,False,False,True,False,False,True,role_bridge_review
bce2b265abcdf5f33f61d304d31cf2165243fca8,"NEST Desktop, an Educational Application for Neuroscience","Abstract Simulation software for spiking neuronal network models matured in the past decades regarding performance and flexibility. But the entry barrier remains high for students and early career scientists in computational neuroscience since these simulators typically require programming skills and a complex installation. Here, we describe an installation-free Graphical User Interface (GUI) running in the web browser, which is distinct from the simulation engine running anywhere, on the student’s laptop or on a supercomputer. This architecture provides robustness against technological changes in the software stack and simplifies deployment for self-education and for teachers. Our new open-source tool, NEST Desktop, comprises graphical elements for creating and configuring network models, running simulations, and visualizing and analyzing the results. NEST Desktop allows students to explore important concepts in computational neuroscience without the need to learn a simulator control language before. Our experiences so far highlight that NEST Desktop helps advancing both quality and intensity of teaching in computational neuroscience in regular university courses. We view the availability of the tool on public resources like the European ICT infrastructure for neuroscience EBRAINS as a contribution to equal opportunities.",2021.0,eNeuro,13,10.1523/eneuro.0274-21.2021,34764188.0,,JournalArticle,2021-06-16,https://www.semanticscholar.org/paper/bce2b265abcdf5f33f61d304d31cf2165243fca8,Computer Science;Education,Computer Science|s2-fos-model;Education|s2-fos-model,Sebastian Spreizer; Johanna Senk; S. Rotter; M. Diesmann; B. Weyers,,network_science,1hop_citations;1hop_references,False,,,,graph,,,,course;education;educational,,0,1,1,False,False,recovered_keep_false,False,True,False,False,False,False,True,role_bridge_review
35c8ea49deae003752d1e1c5ce5c4dd92369c836,Identifying topological motif patterns of human brain functional networks,,2017.0,Human Brain Mapping,26,10.1002/hbm.23557,28256774.0,,JournalArticle,2017-05-01,https://www.semanticscholar.org/paper/35c8ea49deae003752d1e1c5ce5c4dd92369c836,Biology;Computer Science,Biology|s2-fos-model;Computer Science|s2-fos-model,Yongbin Wei; Xuhong Liao; Chaogan Yan; Yong He; Mingrui Xia,,network_science,1hop_references,False,,,,motif,,,human brain,,,0,2,2,False,False,recovered_keep_false,False,False,False,False,False,True,True,role_bridge_review
0cfd7be1ae6cb242223191640933378a84b45ff8,Structure and function of the feed-forward loop network motif,,2003.0,Proceedings of the National Academy of Sciences of the United States of America,1872,10.1073/pnas.2133841100,14530388.0,,JournalArticle,2003-10-06,https://www.semanticscholar.org/paper/0cfd7be1ae6cb242223191640933378a84b45ff8,Engineering;Biology,Engineering|s2-fos-model;Biology|s2-fos-model,S. Mangan; U. Alon,,network_science,1hop_references,False,,,,motif,,,,,,0,3,3,False,False,recovered_keep_false,False,False,False,False,False,True,True,role_bridge_review
ec3b0508c50122ad3afa94544c0482f8b4893e2a,Task design for crowdsourced glioma cell annotation in microscopy images,"Crowdsourcing has been used in computational pathology to generate cell and cell nuclei annotations for machine learning. Herein, we broaden its scope to the previously unsolved challenging task of glioma cell detection. This requires multiplexed immunofluorescence microscopy due to diffuse invasiveness and exceptional similarity between glioma cells and reactive astrocytes. In four pilot experiments, we iteratively developed a task design enabling high-quality annotations by crowdworkers on Amazon Mechanical Turk. We applied majority or weighted vote and validated them against ground truth in the final setting. On the base of a YOLO convolutional neural network architecture, we used these consensus labels for training with different image representations regarding colors, intensities, and immmunohistochemical marker combinations. A crowd of 712 workers defined aggregated point annotations in 235 images with an average \documentclass[12pt]{minimal} \usepackage{amsmath} \usepackage{wasysym} \usepackage{amsfonts} \usepackage{amssymb} \usepackage{amsbsy} \usepackage{mathrsfs} \usepackage{upgreek} \setlength{\oddsidemargin}{-69pt} \begin{document}$$F_1$$\end{document}F1 score of 0.627 for majority vote. The networks resulted in acceptable \documentclass[12pt]{minimal} \usepackage{amsmath} \usepackage{wasysym} \usepackage{amsfonts} \usepackage{amssymb} \usepackage{amsbsy} \usepackage{mathrsfs} \usepackage{upgreek} \setlength{\oddsidemargin}{-69pt} \begin{document}$$F_1$$\end{document}F1 scores up to 0.69 for YOLOv8 on average and indicated first evidence for transferability to images lacking tumor markers, especially in IDH-wildtype glioblastoma. Our work confirms feasibility of crowdsourcing to generate labels suitable for training of machine learning tools in the challenging and clinically relevant use case of glioma microenvironment.",2024.0,Scientific Reports,2,10.1038/s41598-024-51995-8,38263411.0,,JournalArticle,2024-01-23,https://www.semanticscholar.org/paper/ec3b0508c50122ad3afa94544c0482f8b4893e2a,Medicine;Computer Science,Medicine|s2-fos-model;Computer Science|s2-fos-model,Svea Schwarze; N. Schaadt; Viktor M. G. Sobotta; Nicolai Spicher; T. Skripuletz; Majid Esmaeilzadeh; J. K. Krauss; Christian Hartmann; T. Deserno; F. Feuerhake,,health_translation,1hop_references,False,,,,,annotation,annotation,clinical;patholog,training,,0,1,1,False,False,recovered_keep_false,False,False,False,True,False,False,True,role_bridge_review
4ead4b50a31815b234efe43c8f6be75ccdcf4b92,"Measuring Annotator Agreement Generally across Complex Structured, Multi-object, and Free-text Annotation Tasks","When annotators label data, a key metric for quality assurance is inter-annotator agreement (IAA): the extent to which annotators agree on their labels. Though many IAA measures exist for simple categorical and ordinal labeling tasks, relatively little work has considered more complex labeling tasks, such as structured, multi-object, and free-text annotations. Krippendorff’s α, best known for use with simpler labeling tasks, does have a distance-based formulation with broader applicability, but little work has studied its efficacy and consistency across complex annotation tasks. We investigate the design and evaluation of IAA measures for complex annotation tasks, with evaluation spanning seven diverse tasks: image bounding boxes, image keypoints, text sequence tagging, ranked lists, free text translations, numeric vectors, and syntax trees. We identify the difficulty of interpretability and the complexity of choosing a distance function as key obstacles in applying Krippendorff’s α generally across these tasks. We propose two novel, more interpretable measures, showing they yield more consistent IAA measures across tasks and annotation distance functions.",2022.0,The Web Conference,38,10.1145/3485447.3512242,,2212.09503,Book;JournalArticle;Conference,2022-04-25,https://www.semanticscholar.org/paper/4ead4b50a31815b234efe43c8f6be75ccdcf4b92,Computer Science,Computer Science|s2-fos-model,Alexander Braylan; Omar Alonso; Matthew Lease,,,1hop_references,False,,,,,annotation,annotation,,,,0,1,1,False,False,recovered_keep_false,False,False,False,True,False,False,True,role_bridge_review
7bfaffdbd4da43cebd4e17bbecb6cf14f0054802,Activity Dependent Degeneration Explains Hub Vulnerability in Alzheimer's Disease,"Brain connectivity studies have revealed that highly connected ‘hub’ regions are particularly vulnerable to Alzheimer pathology: they show marked amyloid-β deposition at an early stage. Recently, excessive local neuronal activity has been shown to increase amyloid deposition. In this study we use a computational model to test the hypothesis that hub regions possess the highest level of activity and that hub vulnerability in Alzheimer's disease is due to this feature. Cortical brain regions were modeled as neural masses, each describing the average activity (spike density and spectral power) of a large number of interconnected excitatory and inhibitory neurons. The large-scale network consisted of 78 neural masses, connected according to a human DTI-based cortical topology. Spike density and spectral power were positively correlated with structural and functional node degrees, confirming the high activity of hub regions, also offering a possible explanation for high resting state Default Mode Network activity. ‘Activity dependent degeneration’ (ADD) was simulated by lowering synaptic strength as a function of the spike density of the main excitatory neurons, and compared to random degeneration. Resulting structural and functional network changes were assessed with graph theoretical analysis. Effects of ADD included oscillatory slowing, loss of spectral power and long-range synchronization, hub vulnerability, and disrupted functional network topology. Observed transient increases in spike density and functional connectivity match reports in Mild Cognitive Impairment (MCI) patients, and may not be compensatory but pathological. In conclusion, the assumption of excessive neuronal activity leading to degeneration provides a possible explanation for hub vulnerability in Alzheimer's disease, supported by the observed relation between connectivity and activity and the reproduction of several neurophysiologic hallmarks. The insight that neuronal activity might play a causal role in Alzheimer's disease can have implications for early detection and interventional strategies.",2012.0,PLoS Comput. Biol.,402,10.1371/journal.pcbi.1002582,22915996.0,,JournalArticle,2012-08-01,https://www.semanticscholar.org/paper/7bfaffdbd4da43cebd4e17bbecb6cf14f0054802,Medicine;Computer Science,Medicine|s2-fos-model;Computer Science|s2-fos-model,W. D. Haan; K. Mott; E. Straaten; P. Scheltens; C. Stam,,health_translation;network_science,1hop_references,False,macroscale_only_no_positive_gate,,synaptic,graph;network topology,,,alzheimer;disease;patholog;patient,,dti;resting state,0,2,2,False,False,recovered_keep_false,True,False,True,False,False,False,True,macroscale_role_bridge_review
7c6c12aaf5a08f2f54109fc554fabe1efa36331f,Efficient contour-based annotation by iterative deep learning for organ segmentation from volumetric medical images,"Purpose Training deep neural networks usually require a large number of human-annotated data. For organ segmentation from volumetric medical images, human annotation is tedious and inefficient. To save human labour and to accelerate the training process, the strategy of annotation by iterative deep learning recently becomes popular in the research community. However, due to the lack of domain knowledge or efficient human-interaction tools, the current AID methods still suffer from long training time and high annotation burden. Methods We develop a contour-based annotation by iterative deep learning (AID) algorithm which uses boundary representation instead of voxel labels to incorporate high-level organ shape knowledge. We propose a contour segmentation network with a multi-scale feature extraction backbone to improve the boundary detection accuracy. We also developed a contour-based human-intervention method to facilitate easy adjustments of organ boundaries. By combining the contour-based segmentation network and the contour-adjustment intervention method, our algorithm achieves fast few-shot learning and efficient human proofreading. Results For validation, two human operators independently annotated four abdominal organs in computed tomography (CT) images using our method and two compared methods, i.e. a traditional contour-interpolation method and a state-of-the-art (SOTA) convolutional network (CNN) method based on voxel label representation. Compared to these methods, our approach considerably saved annotation time and reduced inter-rater variabilities. Our contour detection network also outperforms the SOTA nnU-Net in producing anatomically plausible organ shape with only a small training set. Conclusion Taking advantage of the boundary shape prior and the contour representation, our method is more efficient, more accurate and less prone to inter-operator variability than the SOTA AID methods for organ segmentation from volumetric medical images. The good shape learning ability and flexible boundary adjustment function make it suitable for fast annotation of organ structures with regular shape.",2022.0,International Journal of Computer Assisted Radiology and Surgery,9,10.1007/s11548-022-02730-z,36048319.0,,JournalArticle,2022-09-01,https://www.semanticscholar.org/paper/7c6c12aaf5a08f2f54109fc554fabe1efa36331f,Computer Science;Medicine,Computer Science|s2-fos-model;Medicine|s2-fos-model,Mingrui Zhuang; Zhonghua Chen; Hongkai Wang; Hong Tang; Jiang He; Bobo Qin; Yuxin Yang; Xiaoxian Jin; Mengzhu Yu; Baitao Jin; Taijing Li; Lauri Kettunen,,network_science;proofreading_qc,1hop_citations,False,,,,community;graph,annotation;proofread,annotation,,training,,1,0,1,False,False,recovered_keep_false,False,False,False,True,False,False,True,role_bridge_review
a933d03f9e497dbfb7ac7b8139caf10a092eb2bc,Use citizen science to turbocharge big-data projects,,2024.0,Nature,0,10.1038/d41586-024-03182-y,39358532.0,,News;JournalArticle,2024-10-01,https://www.semanticscholar.org/paper/a933d03f9e497dbfb7ac7b8139caf10a092eb2bc,Biology;Environmental Science;Computer Science,Biology|s2-fos-model;Environmental Science|s2-fos-model;Computer Science|s2-fos-model,,,,1hop_citations,False,,,,,,,,citizen science,,1,0,1,False,False,recovered_keep_false,False,True,False,False,False,False,True,role_bridge_review
a0981aa771c866347e6af83a817651e206b7c89a,"ChIPseeker: an R/Bioconductor package for ChIP peak annotation, comparison and visualization",,2015.0,Bioinform.,3704,10.1093/bioinformatics/btv145,25765347.0,,JournalArticle,2015-07-15,https://www.semanticscholar.org/paper/a0981aa771c866347e6af83a817651e206b7c89a,Computer Science;Biology,Computer Science|s2-fos-model;Biology|s2-fos-model,Guangchuang Yu; Li-Gen Wang; Qing‐Yu He,,,1hop_references,False,,,,,annotation,annotation;visualization,,,,0,1,1,False,False,recovered_keep_false,False,False,False,True,False,False,True,role_bridge_review
5403c47e5ff80578ae475896431565535016e286,ClueGO: a Cytoscape plug-in to decipher functionally grouped gene ontology and pathway annotation networks,"Summary: We have developed ClueGO, an easy to use Cytoscape plug-in that strongly improves biological interpretation of large lists of genes. ClueGO integrates Gene Ontology (GO) terms as well as KEGG/BioCarta pathways and creates a functionally organized GO/pathway term network. It can analyze one or compare two lists of genes and comprehensively visualizes functionally grouped terms. A one-click update option allows ClueGO to automatically download the most recent GO/KEGG release at any time. ClueGO provides an intuitive representation of the analysis results and can be optionally used in conjunction with the GOlorize plug-in. Availability: http://www.ici.upmc.fr/cluego/cluegoDownload.shtml Contact: jerome.galon@crc.jussieu.fr Supplementary information: Supplementary data are available at Bioinformatics online.",2009.0,Bioinform.,5829,10.1093/bioinformatics/btp101,19237447.0,,JournalArticle,2009-02-23,https://www.semanticscholar.org/paper/5403c47e5ff80578ae475896431565535016e286,Computer Science;Biology,Computer Science|s2-fos-model;Biology|s2-fos-model,G. Bindea; B. Mlecnik; H. Hackl; P. Charoentong; M. Tosolini; A. Kirilovsky; W. Fridman; F. Pagès; Z. Trajanoski; J. Galon,,,1hop_references,False,,,,,annotation,annotation,,,,0,1,1,False,False,recovered_keep_false,False,False,False,True,False,False,True,role_bridge_review
6a8186162f1612e322a045c3d6fe1e8372da4f66,Cell type and condition specific functional annotation of schizophrenia associated non-coding genetic variants,"Schizophrenia (SCZ) is a highly polygenic disease and genome wide association studies have identified thousands of genetic variants that are statistically associated with this psychiatric disorder. However, our ability to translate these associations into insights on the disease mechanisms has been challenging since the causal genetic variants, their molecular function and their target genes remain largely unknown. In order to address these questions, we established a functional genomics pipeline in combination with induced pluripotent stem cell technology to functionally characterize ~35,000 non-coding genetic variants associated with schizophrenia along with their target genes. This analysis identified a set of 620 (1.7%) single nucleotide polymorphisms as functional on a molecular level in a highly cell type and condition specific fashion. These results provide a high-resolution map of functional variant-gene combinations and offer comprehensive biological insights into the developmental context and stimulation dependent molecular processes modulated by SCZ associated genetic variation.",2023.0,bioRxiv,1,10.1101/2023.06.27.545266,37425902.0,,,2023-06-27,https://www.semanticscholar.org/paper/6a8186162f1612e322a045c3d6fe1e8372da4f66,Medicine;Biology,Medicine|s2-fos-model;Biology|s2-fos-model,Christine Rummel; M. Gagliardi; Alexander Herholt; R. Ahmad; Vanessa Murek; Liesa Weigert; A. Hausruckinger; Susanne Maidl; Laura T. Jiménez-Barrón; L. Trastulla; Mathias Eder; M. Rossner; Michael J. Ziller,,health_translation,1hop_citations,False,,,,,annotation,annotation,disease;disorder;schizophren,,,1,0,1,False,False,recovered_keep_false,False,False,False,True,False,False,True,role_bridge_review
9665189aa8116ed0f3a3c36154304eb1e73f78ca,EMPIAR: the Electron Microscopy Public Image Archive,"Public archiving in structural biology is well established with the Protein Data Bank (PDB; wwPDB.org) catering for atomic models and the Electron Microscopy Data Bank (EMDB; emdb-empiar.org) for 3D reconstructions from cryo-EM experiments. Even before the recent rapid growth in cryo-EM, there was an expressed community need for a public archive of image data from cryo-EM experiments for validation, software development, testing and training. Concomitantly, the proliferation of 3D imaging techniques for cells, tissues and organisms using volume EM (vEM) and X-ray tomography (XT) led to calls from these communities to publicly archive such data as well. EMPIAR (empiar.org) was developed as a public archive for raw cryo-EM image data and for 3D reconstructions from vEM and XT experiments and now comprises over a thousand entries totalling over 2 petabytes of data. EMPIAR resources include a deposition system, entry pages, facilities to search, visualise and download datasets, and a REST API for programmatic access to entry metadata. The success of EMPIAR also poses significant challenges for the future in dealing with the very fast growth in the volume of data and in enhancing its reusability.",2022.0,bioRxiv,179,10.1093/nar/gkac1062,36440762.0,,JournalArticle,2022-10-07,https://www.semanticscholar.org/paper/9665189aa8116ed0f3a3c36154304eb1e73f78ca,Biology;Computer Science;Materials Science,Biology|s2-fos-model;Computer Science|s2-fos-model;Materials Science|s2-fos-model,Andrii Iudin; Paul K. Korir; Sriram Somasundharam; Simone Weyand; Cesare Cattavitello; N. Fonseca; O. Salih; G. Kleywegt; A. Patwardhan,,network_science,1hop_references,False,,,electron microscopy;volume em;x-ray tomography,community;graph,,metadata,,training,,0,2,2,False,False,recovered_keep_false,False,False,False,False,True,False,True,role_bridge_review
05d59234186a4c4d568f403b87b81405faffb817,UpSetR: an R package for the visualization of intersecting sets and their properties,"Venn and Euler diagrams are a popular yet inadequate solution for quantitative visualization of set intersections. A scalable alternative to Venn and Euler diagrams for visualizing intersecting sets and their properties is needed. We developed UpSetR, an open source R package that employs a scalable matrix-based visualization to show intersections of sets, their size, and other properties. UpSetR is available at https://cran.r-project.org/package=UpSetR and released under the MIT License. A Shiny app is available at https://gehlenborglab.shinyapps.io/upsetr/.",2017.0,bioRxiv,3028,10.1101/120600,28645171.0,,JournalArticle,2017-03-25,https://www.semanticscholar.org/paper/05d59234186a4c4d568f403b87b81405faffb817,Computer Science;Mathematics,Computer Science|s2-fos-model;Mathematics|s2-fos-model,J. R. Conway; A. Lex; Nils Gehlenborg,,,1hop_references,False,,,,,,visualization,,,,0,2,2,False,False,recovered_keep_false,False,False,False,False,True,False,True,role_bridge_review
1f965e3fe5319e49183d56375db58df1bb2ba0fc,Connecting Structure–Property and Structure–Function Relationships across the Disciplines of Chemistry and Biology: Exploring Student Perceptions,"While many university students take science courses in multiple disciplines, little is known about how they perceive common concepts from different disciplinary perspectives. Structure–property and structure–function relationships have long been considered important explanatory concepts in the disciplines of chemistry and biology, respectively. Fourteen university students concurrently enrolled in introductory chemistry and biology courses were interviewed to explore their perceptions regarding 1) the meaning of structure, properties, and function; 2) the presentation of these concepts in their courses; and 3) how these concepts might be related. Findings suggest that the concepts of structure and properties were interpreted similarly between chemistry and biology, but students more closely associated the discussion of structure–property relationships with their chemistry courses and structure–function with biology. Despite receiving little in the way of instructional support, nine students proposed a coherent conceptual relationship, indicating that structure determines properties, which determine function. Furthermore, students described ways in which they connected and benefited from their understanding. Though many students are prepared to make these connections, we would encourage instructors to engage in cross-disciplinary conversations to understand the shared goals and disciplinary distinctions regarding these important concepts in an effort to better support students unable to construct these connections for themselves.",2018.0,CBE - Life Sciences Education,43,10.1187/cbe.18-01-0004,29786475.0,,JournalArticle,2018-06-01,https://www.semanticscholar.org/paper/1f965e3fe5319e49183d56375db58df1bb2ba0fc,Biology;Chemistry;Education,Biology|s2-fos-model;Chemistry|s2-fos-model;Education|s2-fos-model,K. Kohn; Sonia M. Underwood; Melanie M. Cooper,,,1hop_references,False,,,,,,,,course;education,,0,1,1,False,False,recovered_keep_false,False,True,False,False,False,False,True,role_bridge_review
a75c74ce3a19d12fcb6d2e1c0a0a6001c9b11b49,Perivascular macrophages in health and disease,"Macrophages are a heterogeneous group of cells that are capable of carrying out distinct functions in different tissues, as well as in different locations within a given tissue. Some of these tissue macrophages lie on, or close to, the outer (abluminal) surface of blood vessels and perform several crucial activities at this interface between the tissue and the blood. In steady-state tissues, these perivascular macrophages maintain tight junctions between endothelial cells and limit vessel permeability, phagocytose potential pathogens before they enter tissues from the blood and restrict inappropriate inflammation. They also have a multifaceted role in diseases such as cancer, Alzheimer disease, multiple sclerosis and type 1 diabetes. Here, we examine the important functions of perivascular macrophages in various adult tissues and describe how these functions are perturbed in a broad array of pathological conditions. This Review examines the functions of a specialized population of macrophages that make direct contact with or are found within one cell thickness of the abluminal surface of blood vessels in various tissues during both steady-state conditions and pathological processes.",2018.0,Nature reviews. Immunology,193,10.1038/s41577-018-0056-9,30127389.0,,Review;JournalArticle,2018-08-20,https://www.semanticscholar.org/paper/a75c74ce3a19d12fcb6d2e1c0a0a6001c9b11b49,Medicine;Biology,Medicine|s2-fos-model;Biology|s2-fos-model,A. Lapenna; Michele De Palma; C. Lewis,,health_translation,1hop_references,False,,,,,,,alzheimer;disease;multiple sclerosis;patholog,,,0,2,2,False,False,recovered_keep_false,False,False,True,False,False,False,True,role_bridge_review
8309c0e19e9c56b8ccad4b2f5aa4c50df8a77714,Wrapped up: advancements in volume electron microscopy and application in myelin research,"Abstract The three-dimensional visualization of cellular architecture by volume electron microscopy (vEM) has reignited interest in morphological descriptions of complex tissue. At the same time, the increasing availability of vEM in life sciences was the foundation for the accelerated development of analysis pipelines with automated software tools for segmentation and 3D reconstruction. This progress results in continuous generation of large amounts of data that hold a treasure box of new scientific insights waiting for discovery. Automated segmentation of morphological architecture provides quantitative readouts of cellular and organellar properties, while open availability of datasets creates the opportunity to address a diversity of research questions. Here, we discuss sample preparation and data analysis strategies in vEM and showcase how this methodology contributed to our knowledge of myelin biology and disease. Furthermore, we intent to inform users about new developments in the field of instrumentation, methods and software development with the potential to contribute to other areas of research.",2024.0,Methods in Microscopy,2,10.1515/mim-2024-0013,,,JournalArticle,2024-07-01,https://www.semanticscholar.org/paper/8309c0e19e9c56b8ccad4b2f5aa4c50df8a77714,Biology;Medicine;Materials Science,Biology|s2-fos-model;Medicine|s2-fos-model;Materials Science|s2-fos-model,Leonie C Schadt; T. Ruhwedel; Constantin Pape; A. O. Sasmita; A. Steyer; Wiebke Möbius,,health_translation,1hop_citations,False,,,electron microscopy;volume electron,,,visualization,disease,,,3,0,3,False,False,recovered_keep_false,False,False,False,False,True,False,True,role_bridge_review
d0ce113a8440bf125349e51542005fbc46c20ccd,Genome Annotation and Analysis,,2003.0,,24,10.1007/978-1-4757-3783-7_6,,,Review,,https://www.semanticscholar.org/paper/d0ce113a8440bf125349e51542005fbc46c20ccd,Biology;Computer Science,Biology|s2-fos-model;Computer Science|s2-fos-model,E. Koonin; Michael Y. Galperin,,,1hop_references,False,,,,,annotation,annotation,,,,0,1,1,False,False,recovered_keep_false,False,False,False,True,False,False,True,role_bridge_review
3464d32fc7c0063b07ee4b7b87ecf74849437ba9,Semantic representation of neural circuit knowledge in Caenorhabditis elegans,"In modern biology, new knowledge is generated quickly, making it challenging for researchers to efficiently acquire and synthesise new information from the large volume of primary publications. To address this problem, computational approaches that generate machine-readable representations of scientific findings in the form of knowledge graphs have been developed. These representations can integrate different types of experimental data from multiple papers and biological knowledge bases in a unifying data model, providing a complementary method to manual review for interacting with published knowledge. The Gene Ontology Consortium (GOC) has created a semantic modelling framework that extends individual functional gene annotations to structured descriptions of causal networks representing biological processes (Gene Ontology–Causal Activity Modelling, or GO–CAM). In this study, we explored whether the GO–CAM framework could represent knowledge of the causal relationships between environmental inputs, neural circuits and behavior in the model nematode C. elegans [ C. elegans Neural–Circuit Causal Activity Modelling ( Ce N–CAM)] . We found that, given extensions to several relevant ontologies, a wide variety of author statements from the literature about the neural circuit basis of egg-laying and carbon dioxide (CO_2) avoidance behaviors could be faithfully represented with Ce N–CAM. Through this process, we were able to generate generic data models for several categories of experimental results. We also discuss how semantic modelling may be used to functionally annotate the C. elegans connectome. Thus, Gene Ontology-based semantic modelling has the potential to support various machine-readable representations of neurobiological knowledge. Graphical Abstract",2023.0,Brain Informatics,0,10.1186/s40708-023-00208-5,37947958.0,,JournalArticle;Review,2023-11-10,https://www.semanticscholar.org/paper/3464d32fc7c0063b07ee4b7b87ecf74849437ba9,Biology;Computer Science,Biology|s2-fos-model;Computer Science|s2-fos-model,Sharan J. Prakash; K. V. Van Auken; David P. Hill; Paul W. Sternberg,,network_science,1hop_citations,True,network_science_scope;review_scope,connectom,,graph,annotation,annotation,,,,2,0,2,False,False,recovered_keep_false,False,False,False,False,False,True,True,role_bridge_review
4ea303d3417ac39566ad9acaa6f58b8eb0633b42,Neural-circuit basis of song preference learning in fruit flies,"As observed in human language learning and song learning in birds, the fruit fly Drosophila melanogaster changes its’ auditory behaviors according to prior sound experiences. Female flies that have heard male courtship songs of the same species are less responsive to courtship songs of different species. This phenomenon, known as song preference learning in flies, requires GABAergic input to pC1 neurons in the central brain, with these neurons playing a key role in mating behavior by integrating multimodal sensory and internal information. The neural circuit basis of this GABAergic input, however, has not yet been identified. Here, we find that pCd-2 neurons, totaling four cells per hemibrain and expressing the sex-determination gene doublesex, provide the GABAergic input to pC1 neurons for song preference learning. First, RNAi-mediated knockdown of GABA production in pCd-2 neurons abolished song preference learning. Second, pCd-2 neurons directly, and in many cases mutually, connect with pC1 neurons, suggesting the existence of reciprocal circuits between pC1 and pCd-2 neurons. Finally, GABAergic and dopaminergic inputs to pCd-2 neurons are necessary for song preference learning. Together, this study suggests that reciprocal circuits between pC1 and pCd-2 neurons serve as a sensory and internal state-integrated hub, allowing flexible control over female copulation. Consequently, this provides a neural circuit model that underlies experience-dependent auditory plasticity. Significance To find a suitable mate, an organism must adapt its behavior based on past experiences. In the case of Drosophila, female assessments of male song signals, which contain information about the status and species of the sender, are experience dependent. Here, we show that reciprocal circuits in the central brain modulate the female’s song response depending on her previous auditory experiences. These circuits exhibit feedback and lateral inhibition motifs, and are regulated by dopaminergic and GABAergic inputs. While the effects of prior auditory experiences on sound responsiveness have been extensively studied in other species, our research advances the use of Drosophila as a model for dissecting the circuitry underlying experience-dependent auditory plasticity at single-cell resolution.",2023.0,bioRxiv,6,10.1016/j.isci.2024.110266,39040064.0,,JournalArticle,2023-10-26,https://www.semanticscholar.org/paper/4ea303d3417ac39566ad9acaa6f58b8eb0633b42,Biology,Biology|s2-fos-model,Keisuke Imoto; Yuki Ishikawa; Yoshinori Aso; Jan Funke; R. Tanaka; Azusa Kamikouchi,,network_science,1hop_citations;1hop_references,False,,,,motif,,,,,,2,1,3,False,False,recovered_keep_false,False,False,False,False,False,True,True,role_bridge_review
0b6176681c2c391d91086ca95ac3490588d92fbe,Identification of Important Nodes in Directed Biological Networks: A Network Motif Approach,"Identification of important nodes in complex networks has attracted an increasing attention over the last decade. Various measures have been proposed to characterize the importance of nodes in complex networks, such as the degree, betweenness and PageRank. Different measures consider different aspects of complex networks. Although there are numerous results reported on undirected complex networks, few results have been reported on directed biological networks. Based on network motifs and principal component analysis (PCA), this paper aims at introducing a new measure to characterize node importance in directed biological networks. Investigations on five real-world biological networks indicate that the proposed method can robustly identify actually important nodes in different networks, such as finding command interneurons, global regulators and non-hub but evolutionary conserved actually important nodes in biological networks. Receiver Operating Characteristic (ROC) curves for the five networks indicate remarkable prediction accuracy of the proposed measure. The proposed index provides an alternative complex network metric. Potential implications of the related investigations include identifying network control and regulation targets, biological networks modeling and analysis, as well as networked medicine.",2014.0,PLoS ONE,115,10.1371/journal.pone.0106132,25170616.0,,JournalArticle,2014-08-29,https://www.semanticscholar.org/paper/0b6176681c2c391d91086ca95ac3490588d92fbe,Biology;Computer Science,Biology|s2-fos-model;Computer Science|s2-fos-model,Pei Wang; Jinhu Lü; Xinghuo Yu,,network_science,1hop_citations;1hop_references,False,,,,motif,,,,,,1,1,2,False,False,recovered_keep_false,False,False,False,False,False,True,True,role_bridge_review
cf46c517400a319723e32866dc700c32cfd1c554,New Materialist Network Approaches in Science Education: A Method to Construct Network Data from Video,"Lately, new materialism has been proposed as a theoretical framework to better understand material-dialogic relationships in learning, and concurrently network analysis has emerged as a method in science education research. This paper explores  how to include materiality in network analysis  and reports the development of a method to construct network data from video. The approaches, 1) information flow, 2) material semantic and 3) material engagement, were identified based on the literature on network analysis and new materialism in science education. The method was applied and further improved with a video segment from an upper secondary school physics lesson.  The example networks from the video segment show that network analysis is a potential research method within the materialist framework and that the method allows studies into the material and dialogic relationships that emerge when students are engaged in investigations in school.",2022.0,Frontline Learning Research,5,10.14786/flr.v10i2.949,,,,2022-10-18,https://www.semanticscholar.org/paper/cf46c517400a319723e32866dc700c32cfd1c554,Education,Education|s2-fos-model,Miikka Turkkila; J. Lavonen; K. Salmela‐Aro; Kalle Juuti,,,1hop_citations,False,,,,network analysis,,,,education,,1,0,1,False,False,recovered_keep_false,False,True,False,False,False,False,True,role_bridge_review
fc5b4b7c9cadde2a90d8e99f521de27cae8d8bb4,Student Participation in Online Content-Related Discussion and Its Relation to Students’ Background Knowledge,"This paper presents two novel network methods developed for education research. These methods were used to investigate online discussions and the structure of students’ background knowledge in a blended university course for pre-service teachers (n = 11). Consequently, these measures were used for correlation analysis. The social network analysis of the online discussions was based on network roles defined using triadic motifs instead of more commonly used centrality measures. The network analysis of the background knowledge is based on the Katz centrality measure and Jaccard similarity. The results reveal that both measures have characteristic features that are typical for each student. These features, however, are not correlated when student participation is controlled for. The results show that the structure and extension of a student’s background knowledge does not explain their activity and role in online discussions. The limitations and implications of the developed methods and results are discussed.",2020.0,Education sciences,10,10.3390/educsci10040106,,,,2020-04-13,https://www.semanticscholar.org/paper/fc5b4b7c9cadde2a90d8e99f521de27cae8d8bb4,Education;Computer Science,Education|s2-fos-model;Computer Science|s2-fos-model,Miikka Turkkila; Henri Lommi,,network_science,1hop_citations,False,,,,centrality;motif;network analysis,,,,course;education,,1,0,1,False,False,recovered_keep_false,False,True,False,False,False,False,True,role_bridge_review
f76200f7a9a332fb126b636755f0d31005441c1e,ATUM-Tomo: A multi-scale approach to cellular ultrastructure by combined volume scanning electron microscopy and electron tomography,"Like other volume electron microscopy approaches, Automated Tape Collecting Ultramicrotomy (ATUM) enables imaging of serial sections deposited on thick plastic tapes by scanning electron microscopy (SEM). ATUM is unique in enabling hierarchical imaging and thus efficient screening for target structures, as needed for correlative light and electron microscopy. However, SEM of sections on tape can only access the section surface, thereby limiting the axial resolution to the typical size of cellular vesicles with an order of magnitude lower than the acquired xy resolution. In contrast, serial-section electron tomography (ET), a transmission electron microscopy-based approach, yields isotropic voxels at full EM resolution, but requires deposition of sections on electron-stable thin and fragile films, thus making screening of large section libraries difficult and prone to section loss. To combine the strength of both approaches, we developed ‘ATUM-Tomo’, a hybrid method, where sections are first reversibly attached to plastic tape via a dissolvable coating, and after screening detached and transferred to the ET-compatible thin films. ATUM-SEM of serial semi-thick sections and consecutive ET of selected re-mounted sections combines SEM’s fast target recognition and coarse rendering capability with high-resolution volume visualizations, respectively, thus enabling multi-scale interrogation of cellular ultrastructure. As a proof-of-principle, we applied correlative ATUM-Tomo to study ultrastructural features of blood brain barrier (BBB) leakiness around microthrombi in a mouse model of traumatic brain injury. Microthrombi and associated sites of BBB leakiness were identified by confocal imaging of injected fluorescent and electron-dense nanoparticles, then relocalized by ATUM-SEM, and finally interrogated by correlative ATUM-Tomo. This workflow is a seamless zoom-in on structural BBB pathology from the micro- to the nanometer scale. Overall, our new ATUM-Tomo approach will substantially advance ultrastructural analysis of biological phenomena that require cell- and tissue-level contextualization of the finest subcellular textures.",2024.0,bioRxiv,3,10.1101/2023.07.12.547497,,,,2024-06-15,https://www.semanticscholar.org/paper/f76200f7a9a332fb126b636755f0d31005441c1e,Materials Science;Engineering;Biology,Materials Science|s2-fos-model;Engineering|s2-fos-model;Biology|s2-fos-model,Georg Kislinger; G. Fabig; A. Wehn; Lucia Rodriguez; Hanyi Jiang; Cornelia Niemann; Andrey S. Klymchenko; N. Plesnila; Thomas Misgeld; Thomas Müller-Reichert; I. Khalin; Martina Schifferer,,health_translation;network_science,1hop_citations,False,,,atum;electron microscopy;nanometer;serial section;ultrastruct;volume electron,graph,,visualization,patholog;traumatic brain injury,,,2,0,2,False,False,recovered_keep_false,False,False,False,False,True,False,True,role_bridge_review
a7ccd2d06485bbaead820e619d57c6512334f8ea,Structure-based Intensity Propagation for 3D Brain Reconstruction with Multilayer Section Microscopy,"Microscopy is widely used for brain research because of its high resolution and ability to stain for many different biomarkers. Since whole brains are usually sectioned for tissue staining and imaging, reconstruction of 3D brain volumes from these sections is important for visualization and analysis. Recently developed tissue clearing techniques and advanced confocal microscopy enable multilayer sections to be imaged without compromising the resolution. However, noticeable structure inconsistence occurs if surface layers are used to align these sections. In this paper, a structure-based intensity propagation method is designed for the robust representation of multilayer sections. The 3D structures in reconstructed brains are more consistent using the proposed methods. Experiments are conducted on 367 multilayer sections from 20 mouse brains. The average reconstruction quality measured by the structure consistence index increases by 45% with the tissue flattening method and 29% further with the structure-based intensity propagation.",2018.0,IEEE Transactions on Medical Imaging,5,10.1109/tmi.2018.2878488,30371359.0,,JournalArticle,2018-10-29,https://www.semanticscholar.org/paper/a7ccd2d06485bbaead820e619d57c6512334f8ea,Computer Science;Engineering,Computer Science|s2-fos-model;Engineering|s2-fos-model,Haoyi Liang; N. Dabrowska; J. Kapur; D. Weller,,,1hop_citations,False,,,,,,visualization,,,,2,0,2,False,False,recovered_keep_false,False,False,False,False,True,False,True,role_bridge_review
aade82c7aeed132ba0606506c473fdcb3d794e9f,Dense functional and molecular readout of a circuit hub in sensory cortex,"Information processing in the neocortex is carried out by neuronal circuits composed of different cell types. Recent census of the neocortex using single cell transcriptomic profiling has uncovered more than 100 putative cell types which subdivide major classes of excitatory and inhibitory neurons into distinct subclasses. The extent to which this molecular classification predicts distinct functional roles during behavior is unclear. Here, we combined population recordings using two-photon calcium imaging with spatial transcriptomics using multiplexed fluorescent in situ hybridization to achieve dense functional and molecular readout of cortical circuits during behavior. We characterized task-related responses across major transcriptomic neuronal subclasses and types in layer 2/3 of primary somatosensory cortex as mice performed a tactile working memory task. We find that as neurons are segregated into increasingly discrete molecular types, their task-related properties continue to differentiate. We identify an excitatory cell type, Baz1a, that is highly driven by tactile stimuli. Baz1a neurons homeostatically maintain stimulus responsiveness during altered sensory experience and show persistent enrichment of subsets of immediately early genes including Fos. Measurements of functional and anatomical connectivity reveal that upper layer 2/3 Baz1a neurons preferentially innervate somatostatin-expressing inhibitory neurons. We propose that this connection motif reflects a sensory-driven circuit hub that orchestrates local sensory processing in superficial layers of the neocortex.",2021.0,bioRxiv,80,10.1126/science.abl5981,34990233.0,,JournalArticle,2021-02-23,https://www.semanticscholar.org/paper/aade82c7aeed132ba0606506c473fdcb3d794e9f,Biology,Biology|s2-fos-model,Cameron Condylis; Abed Ghanbari; Nikita Manjrekar; Karina Bistrong; Shenqin Yao; Z. Yao; T. Nguyen; Hongkui Zeng; Bosiljka Tasic; Jerry L. Chen,,network_science,1hop_references,False,,,,motif,,,,,,0,2,2,False,False,recovered_keep_false,False,False,False,False,False,True,True,role_bridge_review
c713251fba147081e532ec6cbdb7bf971fef7aa8,JAABA: interactive machine learning for automatic annotation of animal behavior,,2013.0,Nature Methods,614,10.1038/nmeth.2281,23202433.0,,JournalArticle,2013-01-01,https://www.semanticscholar.org/paper/c713251fba147081e532ec6cbdb7bf971fef7aa8,Computer Science;Biology,Computer Science|s2-fos-model;Biology|s2-fos-model,Mayank Kabra; A. Robie; M. Rivera-Alba; Steve Branson; K. Branson,,,1hop_references,False,,,,,annotation,annotation,,,,0,1,1,False,False,recovered_keep_false,False,False,False,True,False,False,True,role_bridge_review
51f40c03c6cbdb9c840c0391c78af99ca7e2c7f7,VEMamba: Efficient Isotropic Reconstruction of Volume Electron Microscopy with Axial-Lateral Consistent Mamba,"Volume Electron Microscopy (VEM) is crucial for 3D tissue imaging but often produces anisotropic data with poor axial resolution, hindering visualization and downstream analysis. Existing methods for isotropic reconstruction often suffer from neglecting abundant axial information and employing simple downsampling to simulate anisotropic data. To address these limitations, we propose VEMamba, an efficient framework for isotropic reconstruction. The core of VEMamba is a novel 3D Dependency Reordering paradigm, implemented via two key components: an Axial-Lateral Chunking Selective Scan Module (ALCSSM), which intelligently re-maps complex 3D spatial dependencies (both axial and lateral) into optimized 1D sequences for efficient Mamba-based modeling, explicitly enforcing axial-lateral consistency; and a Dynamic Weights Aggregation Module (DWAM) to adaptively aggregate these reordered sequence outputs for enhanced representational power. Furthermore, we introduce a realistic degradation simulation and then leverage Momentum Contrast (MoCo) to integrate this degradation-aware knowledge into the network for superior reconstruction. Extensive experiments on both simulated and real-world anisotropic VEM datasets demonstrate that VEMamba achieves highly competitive performance across various metrics while maintaining a lower computational footprint. The source code is available on GitHub: https://github.com/I2-Multimedia-Lab/VEMamba",2026.0,arXiv.org,0,10.48550/arxiv.2603.00887,,2603.00887,JournalArticle,2026-03-01,https://www.semanticscholar.org/paper/51f40c03c6cbdb9c840c0391c78af99ca7e2c7f7,Computer Science;Engineering,Computer Science|s2-fos-model;Engineering|s2-fos-model,Longmi Gao; Pan Gao,,,1hop_citations,False,,,electron microscopy;volume electron,,,visualization,,,,2,0,2,False,False,recovered_keep_false,False,False,False,False,True,False,True,role_bridge_review
64e46145aa3d345d46b068a283199ca6c65fd884,A connectomics approach to understanding a retinal disease,"Significance Macular degenerations of the retina are a leading cause of legal blindness (visual acuity less than 20/200) globally, and we know little about what causes them. Here we describe electron microscopic observations from the retina of a woman suffering from a rare form of macular degeneration called macular telangiectasia (MacTel). We observed specific changes in mitochondria, the organelle providing energy-rich molecules to cells. The mitochondrial changes likely link to a degeneration of retinal Müller (glial) cells, which we also observed, and serine, an amino acid the Müller cells synthesize which is required for mitochondrial structure and function in all retinal cell types. Macular telangiectasia type 2 (MacTel), a late-onset macular degeneration, has been linked to a loss in the retina of Müller glial cells and the amino acid serine, synthesized by the Müller cells. The disease is confined mainly to a central retinal region called the MacTel zone. We have used electron microscopic connectomics techniques, optimized for disease analysis, to study the retina from a 48-y-old woman suffering from MacTel. The major observations made were specific changes in mitochondrial structure within and outside the MacTel zone that were present in all retinal cell types. We also identified an abrupt boundary of the MacTel zone that coincides with the loss of Müller cells and macular pigment. Since Müller cells synthesize retinal serine, we propose that a deficiency of serine, required for mitochondrial maintenance, causes mitochondrial changes that underlie MacTel development.",2020.0,Proceedings of the National Academy of Sciences of the United States of America,18,10.1073/pnas.2011532117,32699144.0,,JournalArticle,2020-07-22,https://www.semanticscholar.org/paper/64e46145aa3d345d46b068a283199ca6c65fd884,Medicine;Biology,Medicine|s2-fos-model;Biology|s2-fos-model,C. Zucker; P. Bernstein; R. Schalek; J. Lichtman; J. Dowling,,health_translation,1hop_references,False,,connectom,,,,,disease;retinal disease,,,0,2,2,False,False,recovered_keep_false,False,False,True,False,False,False,True,role_bridge_review
69d1187938e10872fedb7d7d739728c5869d2e79,ASCENT: Annotation-free Self-supervised Contrastive Embeddings for 3D Neuron Tracking in Fluorescence Microscopy,,2025.0,bioRxiv,2,10.1109/iccv51701.2025.01362,,,JournalArticle,2025-07-28,https://www.semanticscholar.org/paper/69d1187938e10872fedb7d7d739728c5869d2e79,Computer Science;Biology,Computer Science|s2-fos-model;Biology|s2-fos-model,Haejun Han; Robert Pritchard; Hang Lu,,,1hop_citations,False,,,,,annotation,annotation,,,,1,0,1,False,False,recovered_keep_false,False,False,False,True,False,False,True,role_bridge_review
3235451b4e87b944bc73529a0f3915c7e5c22069,Dopamine Depletion Drives Whole-Brain Oscillatory Disruptions via Cortico–Subcortical Resonance: A Multiscale Model of Parkinson’s Disease in Mice,"Parkinson’s disease is defined by dopaminergic neuron loss in the substantia nigra, yet its hallmark, exaggerated beta-band synchrony, pervades motor cortex, thalamus, and cerebellum, implicating network dynamics far beyond any single circuit. How focal subcortical dopamine depletion translates into brain-wide oscillatory pathology remains unresolved. We use a connectome-constrained multiscale model of the mouse brain, embedding biophysically detailed spiking networks of basal ganglia and cerebellum within whole-brain corticothalamic dynamics grounded in the Allen Mouse Brain Connectivity Atlas. We show that confining dopamine depletion exclusively to subcortical circuits is sufficient to produce widespread beta hypersynchrony (10–30 Hz), accompanied by heterogeneous theta and gamma dysregulation. Virtual loop ablations reveal that cortical and cerebellar beta amplification strictly requires intact cortico–basal ganglia–thalamic feedback; severing this loop confines beta to subcortical generators. These results support resonance within closed large-scale loops, rather than local rhythmogenesis, as the mechanism underlying distributed Parkinsonian beta pathology.",2026.0,bioRxiv,1,10.64898/2026.05.15.725133,,,,2026-05-18,https://www.semanticscholar.org/paper/3235451b4e87b944bc73529a0f3915c7e5c22069,Medicine;Biology,Medicine|s2-fos-model;Biology|s2-fos-model,Benedetta Gambosi; Dionysios Perdikis; J. Meier; Alice Geminiani; A. Antonietti; Alberto Mazzoni; G. Ferrigno; P. Ritter; A. Pedrocchi,,health_translation,1hop_citations,False,,connectom,,,,distributed,disease;parkinson;patholog,,,2,0,2,False,False,recovered_keep_false,False,False,True,False,False,False,True,role_bridge_review
3948881211f7cb76342a92ea6c18c61eed40a288,Network model of pathology spread recapitulates neurodegeneration and selective vulnerability in Huntington's Disease,"Huntington's Disease (HD), an autosomal dominant genetic disorder caused by a mutation in the Huntingtin gene (HTT), displays a stereotyped topography in the human brain and a stereotyped progression, initially appearing in the striatum. Like other degenerative diseases, spatial topography of HD is divorced from where implicated genes are expressed, a dissociation whose mechanistic underpinning is not currently understood. Cell autonomous molecular factors characterized by gene expression signatures, including proteolytic and post translational modifications, play a role in vulnerability to disease. Non-autonomous mechanisms, likely involving the brain's anatomic or functional connectivity patterns, might also be responsible for selective vulnerability in HD. Leveraging a large dataset of 635 subjects from a multinational study, this paper tests various cell-autonomous and non-autonomous models that can explain HD topography. We test whether the expression patterns of implicated genes is sufficient to explain regional HD atrophy, or whether the network transmission of protein products is required to explain them. We find that network models are capable of predicting, to a high degree, observed atrophy in human subjects. Lastly, we propose a model of anterograde network transmission, and show that it is the most parsimonious yet most likely to explain observed atrophy patterns in HD. Collectively, these data indicate that pathology spread in HD may be mediated by the brain's intrinsic structural network organization. This is the first study to systematically and quantitatively test multiple hypotheses of pathology spread in living human subjects with HD.",2021.0,NeuroImage,18,10.1016/j.neuroimage.2021.118008,33789134.0,,JournalArticle,2021-03-28,https://www.semanticscholar.org/paper/3948881211f7cb76342a92ea6c18c61eed40a288,Medicine;Biology,Medicine|s2-fos-model;Biology|s2-fos-model,A. Raj; Fon Powell,,health_translation;network_science,1hop_citations;1hop_references,False,,,atum,graph,,,disease;disorder;human brain;neurodegener;patholog,,,1,1,2,False,False,recovered_keep_false,False,False,True,False,False,False,True,role_bridge_review
ffe4cc6c22dae3de784079c01a9573009c926b83,Flexible annotation atlas of the mouse brain: combining and dividing brain structures of the Allen Brain Atlas while maintaining anatomical hierarchy,"A brain atlas is necessary for analyzing structure and function in neuroimaging research. Although various annotation volumes (AVs) for the mouse brain have been proposed, it is common in magnetic resonance imaging (MRI) of the mouse brain that regions-of-interest (ROIs) for brain structures (nodes) are created arbitrarily according to each researcher’s necessity, leading to inconsistent ROIs among studies. One reason for such a situation is the fact that earlier AVs were fixed, i.e. combination and division of nodes were not implemented. This report presents a pipeline for constructing a flexible annotation atlas (FAA) of the mouse brain by leveraging public resources of the Allen Institute for Brain Science on brain structure, gene expression, and axonal projection. A mere two-step procedure with user-specified, text-based information and Python codes constructs FAA with nodes which can be combined or divided objectively while maintaining anatomical hierarchy of brain structures. Four FAAs with total node count of 4, 101, 866, and 1381 were demonstrated. Unique characteristics of FAA realized analysis of resting-state functional connectivity (FC) across the anatomical hierarchy and among cortical layers, which were thin but large brain structures. FAA can improve the consistency of whole brain ROI definition among laboratories by fulfilling various requests from researchers with its flexibility and reproducibility.",2020.0,Scientific Reports,15,10.1101/2020.02.17.953547,33737651.0,,JournalArticle,2020-02-19,https://www.semanticscholar.org/paper/ffe4cc6c22dae3de784079c01a9573009c926b83,Biology;Computer Science,Biology|s2-fos-model;Computer Science|s2-fos-model,N. Takata; N. Sato; Yuji Komaki; H. Okano; Kenji F. Tanaka,,,1hop_citations,False,macroscale_only_no_positive_gate,,,,annotation,annotation,,,resting-state,2,0,2,False,False,recovered_keep_false,True,False,False,True,False,False,True,macroscale_role_bridge_review
07a6d94b270f050abc242a4b34cc1f6156e0a883,Enhancing Student Research Experiences with Open Data from the Allen Brain Map.,,2022.0,"Journal of undergraduate neuroscience education : JUNE : a publication of FUN, Faculty for Undergraduate Neuroscience",6,10.59390/nwxo4043,38323046.0,,JournalArticle;Review,,https://www.semanticscholar.org/paper/07a6d94b270f050abc242a4b34cc1f6156e0a883,Computer Science;Biology;Education;Medicine,Computer Science|s2-fos-model;Biology|s2-fos-model;Education|s2-fos-model;Medicine|s2-fos-model,Kaitlyn Casimo,,,1hop_citations,False,,,,,,,,education;undergraduate,,1,0,1,False,False,recovered_keep_false,False,True,False,False,False,False,True,role_bridge_review
4b2eb4441a7b537dc323b75ad967d9050cbfe0a7,The Allen Brain Atlas as a Resource for Teaching Undergraduate Neuroscience.,,2018.0,"Journal of undergraduate neuroscience education : JUNE : a publication of FUN, Faculty for Undergraduate Neuroscience",22,,30254541.0,,JournalArticle,,https://www.semanticscholar.org/paper/4b2eb4441a7b537dc323b75ad967d9050cbfe0a7,Biology;Education,Biology|s2-fos-model;Education|s2-fos-model,Terri L. Gilbert,,,1hop_citations,False,,,,,,,,education;undergraduate,,1,0,1,False,False,recovered_keep_false,False,True,False,False,False,False,True,role_bridge_review
a9b3fba74087adb6e6d1de27c81b9e944954e62a,3-D Registration of Biological Images and Models: Registration of microscopic images and its uses in segmentation and annotation,,2015.0,IEEE Signal Processing Magazine,24,10.1109/msp.2014.2354060,,,JournalArticle,,https://www.semanticscholar.org/paper/a9b3fba74087adb6e6d1de27c81b9e944954e62a,Biology;Computer Science,Biology|s2-fos-model;Computer Science|s2-fos-model,Lei Qu; Fuhui Long; Hanchuan Peng,,,1hop_citations,False,,,,,annotation,annotation,,,,1,0,1,False,False,recovered_keep_false,False,False,False,True,False,False,True,role_bridge_review
f59ca46e9ffb9f36aacd5c8ded544d6cea0b2bb3,( Registration of microscopic images and its uses in segmentation and annotation ) 3-D Registration of Biological Images and Models,,2015.0,,0,,,,,,https://www.semanticscholar.org/paper/f59ca46e9ffb9f36aacd5c8ded544d6cea0b2bb3,Biology;Computer Science,Biology|s2-fos-model;Computer Science|s2-fos-model,Lei Qu; Fuhui Long; Hanchuan Peng,,,1hop_citations,False,,,,,annotation,annotation,,,,1,0,1,False,False,recovered_keep_false,False,False,False,True,False,False,True,role_bridge_review
cb98f6bca3a1f0d3cf1054d8dabd0d2686ed5b53,Inferring state-dependent functional circuit motifs using higher-order interactions analysis,"Analysing higher-order interactions among simultaneously recorded neurons can provide crucial insights into neural network dynamics. Recent technological advances have enabled large-scale, long-term neuronal recordings, but analysis of such datasets often relies on simpler statistics due to computational and statistical challenges in assessing higher-order interactions. Here, we developed CHOIR, an efficient and reliable method for calculating higher-order interactions from large-scale neuronal recordings. We then used the inferred HOIs to uncover the underlying functional connectivity, differentiating between connectivity motifs in the space of pairwise and triplet-wise interactions. We found that this approach could successfully distinguish stationary and running states, sleep and awake states, and neuronal ensembles with distinct activity patterns in mice. Furthermore, we identified potential circuit architectures underlying different higher-order interactions, which we confirmed through simulations of large-scale spiking networks with specific subnetwork connectivity. Applying CHOIR to a causal manipulation dataset further confirmed the role of lateral inhibition, a key inhibitory motif, in generating specific HOI patterns. Our work provides a systematic analysis of higher-order interactions in diverse datasets and suggests that HOIs can reveal circuit motifs underlying neural dynamics across brain areas and brain states.",2026.0,bioRxiv,0,10.64898/2026.03.09.710501,,,,2026-03-11,https://www.semanticscholar.org/paper/cb98f6bca3a1f0d3cf1054d8dabd0d2686ed5b53,Computer Science,Computer Science|s2-fos-model,Safura Rashid Shomali; S. N. Rasuli; H. Shimazaki; Sadra Sadeh,,network_science,1hop_citations,False,,,,motif,,,,,,3,0,3,False,False,recovered_keep_false,False,False,False,False,False,True,True,role_bridge_review
acb24f261f95cf57f15038d36aef20795fb5a55c,Intrinsic gray-matter connectivity of the brain in major depressive disorder.,"BACKGROUND
Major depressive disorder (MDD) has been assumed to be associated with aberrant brain connectivity. However, research suggests that brain connectivity abnormalities should not be restricted to extrinsic white matter connectivity, but may also impact on intrinsic gray matter connectivity. Therefore, our study aimed to investigate the intrinsic gray-matter connectivity in MDD.


METHODS
The participants were 16 first-episode, drug-naïve patients with MDD and 16 healthy controls matched on age and gender. All participants were scanned by 3.0T structural magnetic resonance imaging. Global and local intrinsic gray-matter connectivity were measured based on surface-based geodesic distances, including mean coritical separation distances (MSDs), perimeter function, and radius function.


RESULTS
MDD patients had significantly lower MSDs in the left postcentral gyrus and higher MSDs in the left superior parietal cortex. Marginally significant correlation was observed between MSDs in the left postcentral gyrus and symptoms of depression. Compared with healthy controls, depressed subjects had abnormal local intrinsic gray-matter connectivity in the left postcentral gyrus, the left transverse temporal gyrus, the right lingual gyrus, the right lateral occipital cortex, and the right superior frontal gyrus. Furthermore, local intrinsic gray matter connections of these brain areas were associated with some symptoms of depression.


LIMITATIONS
The small sample size limited the interpretability of our potential conclusions.


CONCLUSION
Aberrant intrinsic gray-matter connectivity was observed in depressed subjects, indicating abnormal intrinsic wiring cost of brain architecture. This might help explain the aberrant topological properties of brain functional connectivity and provide insights into the vulnerability of MDD.",2019.0,Journal of Affective Disorders,16,10.1016/j.jad.2019.01.048,30909161.0,,JournalArticle,2019-05-15,https://www.semanticscholar.org/paper/acb24f261f95cf57f15038d36aef20795fb5a55c,Medicine;Psychology,Medicine|s2-fos-model;Psychology|s2-fos-model,Huifeng Zhang; Meihui Qiu; Lei Ding; D. Mellor; Gang Li; Ting Shen; D. Peng,,health_translation,1hop_citations,False,,,,,,,disorder;patient,,,2,0,2,False,False,recovered_keep_false,False,False,True,False,False,False,True,role_bridge_review
fb719533348136c17a946440ab7fa93e15f12102,Adapting Pink Time to Promote Self-Regulated Learning across Course and Student Types.,,2020.0,,5,,,,,,https://www.semanticscholar.org/paper/fb719533348136c17a946440ab7fa93e15f12102,Education;Psychology,Education|s2-fos-model;Psychology|s2-fos-model,Timothy D. Baird; David J. Kniola; K. Carlson; D. Russell; J. Hartter; Sarah E. Rogers; Joseph C. Tise,,,1hop_citations,False,,,,,,,,course,,1,0,1,False,False,recovered_keep_false,False,True,False,False,False,False,True,role_bridge_review
d105cb7dd1d5fa2675756a90198c25f75f7cd49f,Versatile Undergraduate Neurobiology Course-Based Research Experiences Using Open Access 3D Electron Microscopy Image Volumes.,,2019.0,"Journal of undergraduate neuroscience education : JUNE : a publication of FUN, Faculty for Undergraduate Neuroscience",7,,31983902.0,,JournalArticle,,https://www.semanticscholar.org/paper/d105cb7dd1d5fa2675756a90198c25f75f7cd49f,Biology;Computer Science;Education,Biology|s2-fos-model;Computer Science|s2-fos-model;Education|s2-fos-model,Marc Nahmani,,,1hop_citations,False,,,electron microscopy,,,,,course;education;undergraduate,,1,0,1,False,False,recovered_keep_false,False,True,False,False,False,False,True,role_bridge_review
fb2717051cf426ab067d118c3e1a786a100f574b,Generative Adversarial Learning for Reducing Manual Annotation in Semantic Segmentation on Large Scale Miscroscopy Images: Automated Vessel Segmentation in Retinal Fundus Image as Test Case,,2017.0,2017 IEEE Conference on Computer Vision and Pattern Recognition Workshops (CVPRW),69,10.1109/cvprw.2017.110,,,JournalArticle;Conference,2017-07-01,https://www.semanticscholar.org/paper/fb2717051cf426ab067d118c3e1a786a100f574b,Computer Science;Medicine,Computer Science|s2-fos-model;Medicine|s2-fos-model,A. Lahiri; Kumar Ayush; P. Biswas; Pabitra Mitra,,,1hop_references,False,,,,,annotation,annotation,,workshop,,0,1,1,False,False,recovered_keep_false,False,False,False,True,False,False,True,role_bridge_review
7c411c633751f9b22de4da0a09e3427e28d2a97e,Teneurin-3 controls topographic circuit assembly in the hippocampus,"Brain functions rely on specific patterns of connectivity. Teneurins are evolutionarily conserved transmembrane proteins that instruct synaptic partner matching in Drosophila and are required for vertebrate visual system development. The roles of vertebrate teneurins in connectivity beyond the visual system remain largely unknown and their mechanisms of action have not been demonstrated. Here we show that mouse teneurin-3 is expressed in multiple topographically interconnected areas of the hippocampal region, including proximal CA1, distal subiculum, and medial entorhinal cortex. Viral-genetic analyses reveal that teneurin-3 is required in both CA1 and subicular neurons for the precise targeting of proximal CA1 axons to distal subiculum. Furthermore, teneurin-3 promotes homophilic adhesion in vitro in a splicing isoform-dependent manner. These findings demonstrate striking genetic heterogeneity across multiple hippocampal areas and suggest that teneurin-3 may orchestrate the assembly of a complex distributed circuit in the mammalian brain via matching expression and homophilic attraction.",2018.0,Nature,147,10.1038/nature25463,29414938.0,,JournalArticle,2018-02-07,https://www.semanticscholar.org/paper/7c411c633751f9b22de4da0a09e3427e28d2a97e,Biology,Biology|s2-fos-model,Dominic S. Berns; Laura A. DeNardo; Daniel T. Pederick; L. Luo,,network_science,1hop_references,False,,,synaptic,graph,,distributed,,,,0,2,2,False,False,recovered_keep_false,False,False,False,False,False,True,True,role_bridge_review
9aa799e1784f53571e18b9a7c5799ec2f5f28e46,"Clinical, Preclinical, and Educational Applications of Robotic‐Assisted Flap Reconstruction and Microsurgery: A Systematic Review","Microsurgery and super‐microsurgery allow for highly technical reconstructive surgeries to be performed, with repairs of anatomical areas of less than 1 mm. Robotic‐assisted surgery might allow for further advances within microsurgery, providing higher precision, accuracy, and scope to operate in previously inaccessible anatomical areas. However, robotics is not well‐established within this field.",2024.0,Microsurgery,9,10.1002/micr.31246,39431616.0,,Review;JournalArticle,2024-10-21,https://www.semanticscholar.org/paper/9aa799e1784f53571e18b9a7c5799ec2f5f28e46,Engineering;Medicine,Engineering|s2-fos-model;Medicine|s2-fos-model,L. Awad; E. Bollen; Benedict Reed; B. Langridge; Sara Jasionowska; D. Nikkhah; Peter Butler; A. Ponniah,,,1hop_citations,False,,,,,,,clinical,education;educational,,1,0,1,False,False,recovered_keep_false,False,True,False,False,False,False,True,role_bridge_review
e1f4af2f1eb80ab38aa53059f4fff5a17a862c6a,Unraveling the dataset transcriptomic response of Hydrangea macrophylla stem to mechanical stimulation: De novo assembly and functional annotation,"A crucial attribute of potted ornamental plants is compactness characterized by well branched plants with rather short stems bearing numerous flowers. To gain plant compactness, producers use plant growth regulators (PGRs), in particular growth retardants during culture. However, due to their negative environmental impacts, growth retardants are progressively withdrawn from the market. As a response, eco-friendly alternative methods to chemicals need to be developed. One method consists in mimicking mechanical stimulation (MS) imposed by wind on plants which causes reduction in stem elongation, an increase in stem diameter and an increase in branching, all contributing to plant compactness. So far, few plant species were studied under MS and little is known on molecular response mechanisms to MS. This first transcriptomic data after MS in Hydrangea macrophylla will contribute unravelling how plants respond to mechanical stimuli. RNAseq data were obtained from total mRNA of stems collected 15 min before MS and 1, 3, 24 and 72 h after MS treatment. RNA from non-MS treated plants were used as control. MS treatment consisted in 12 consecutive bendings (i.e. 6 forth and 6 back) applied at 9 a.m. during 1 h and for a single day. From RNAseq data a de novo assembly of the transcriptome was produced and 78,398 transcripts functionally annotated. These transcriptomic data also contribute to a better knowledge of how outdoor crop respond to the increasing frequency of strong harmful winds under climate change.",2023.0,Data in Brief,1,10.1016/j.dib.2023.109784,38053599.0,,JournalArticle,2023-11-01,https://www.semanticscholar.org/paper/e1f4af2f1eb80ab38aa53059f4fff5a17a862c6a,Environmental Science;Biology;Materials Science,Environmental Science|s2-fos-model;Biology|s2-fos-model;Materials Science|s2-fos-model,B. Ley-Ngardigal; Sandra Pelletier; Vincent Guérin; L. Huché-Thélier; Nathalie Brouard; H. Roman; N. Leduc,,,1hop_citations,False,,,,,annotation,annotation,,,,1,0,1,False,False,recovered_keep_false,False,False,False,True,False,False,True,role_bridge_review
42ca63ff5fac133837dda31165bd5e6f9a50b662,Whole-genome sequencing and functional annotation of pathogenic Paraconiothyrium brasiliense causing human cellulitis,"Background A pathogenic filamentous fungus causing eyelid cellulitis was isolated from the secretion from a patient's left eyelid, and a phylogenetic analysis based on the rDNA internal transcribed spacer region (ITS) and single-copy gene families identified the isolated strain as Paraconiothyrium brasiliense . The genus Paraconiothyrium contains the major plant pathogenic fungi, and in our study, P. brasiliense was identified for the first time as causing human infection. To comprehensively analyze the pathogenicity, and proteomics of the isolated strain from a genetic perspective, whole-genome sequencing was performed with the Illumina NovaSeq and Oxford Nanopore Technologies platforms, and a bioinformatics analysis was performed with BLAST against genome sequences in various publicly available databases. Results The genome of P. brasiliense GGX 413 is 39.49 Mb in length, with a 51.2% GC content, and encodes 13,057 protein-coding genes and 181 noncoding RNAs. Functional annotation showed that 592 genes encode virulence factors that are involved in human disease, including 61 lethal virulence factors and 30 hypervirulence factors. Fifty-four of these 592 virulence genes are related to carbohydrate-active enzymes, including 46 genes encoding secretory CAZymes, and 119 associated with peptidases, including 70 genes encoding secretory peptidases, and 27 are involved in secondary metabolite synthesis, including four that are associated with terpenoid metabolism. Conclusions This study establishes the genomic resources of P. brasiliense and provides a theoretical basis for future studies of the pathogenic mechanism of its infection of humans, the treatment of the diseases caused, and related research.",2023.0,Human Genomics,4,10.1186/s40246-023-00512-5,37461066.0,,JournalArticle,2023-07-17,https://www.semanticscholar.org/paper/42ca63ff5fac133837dda31165bd5e6f9a50b662,Medicine;Biology;Environmental Science,Medicine|s2-fos-model;Biology|s2-fos-model;Environmental Science|s2-fos-model,Haibing Liu; Yue Zhang; Jianguo Chen,,health_translation,1hop_citations,False,,,,,annotation,annotation;database,disease;patient,,,1,0,1,False,False,recovered_keep_false,False,False,False,True,False,False,True,role_bridge_review
7546e73e845ab2dea108b708697d4522b570a8d8,KIPEs3: Automatic annotation of biosynthesis pathways,"Flavonoids and carotenoids are pigments involved in stress mitigation and numerous other processes. Both pigment classes can contribute to flower and fruit coloration. Flavonoid aglycones and carotenoids are produced by a pathway that is largely conserved across land plants. Glycosylations, acylations, and methylations of the flavonoid aglycones can be species-specific and lead to a plethora of biochemically diverse flavonoids. We previously developed KIPEs for the automatic annotation of biosynthesis pathways and presented an application on the flavonoid aglycone biosynthesis. KIPEs3 is an improved version with additional features and the potential to identify not just the core biosynthesis players, but also candidates involved in the decoration steps and in the transport of flavonoids. Functionality of KIPEs3 is demonstrated through the analysis of the flavonoid biosynthesis in Arabidopsis thaliana Nd-1, Capsella grandiflora, and Dioscorea dumetorum. We demonstrate the applicability of KIPEs to other pathways by adding the carotenoid biosynthesis to the repertoire. As a technical proof of concept, the carotenoid biosynthesis was analyzed in the same species and Daucus carota. KIPEs3 is available as an online service to enable access without prior bioinformatics experience. KIPEs3 facilitates the automatic annotation and analysis of biosynthesis pathways with a consistent and high quality in a large number of plant species. Numerous genome sequencing projects are generating a huge amount of data sets that can be analyzed to identify evolutionary patterns and promising candidate genes for biotechnological and breeding applications.",2023.0,bioRxiv,21,10.1371/journal.pone.0294342,37972102.0,,JournalArticle,2023-05-22,https://www.semanticscholar.org/paper/7546e73e845ab2dea108b708697d4522b570a8d8,Biology;Environmental Science;Computer Science;Materials Science,Biology|s2-fos-model;Environmental Science|s2-fos-model;Computer Science|s2-fos-model;Materials Science|s2-fos-model,Andreas Rempel; Boas Pucker,,,1hop_citations,False,,,,,annotation,annotation;version,,,,1,0,1,False,False,recovered_keep_false,False,False,False,True,False,False,True,role_bridge_review
bdc5ea250ab197e0de02e3082c6a38cfe4ae5ff5,Comparative genomic and functional annotation of Pseudomonas spp. genomes responsible for blue discoloration of Brazilian fresh soft cheese,,2023.0,International Dairy Journal,7,10.1016/j.idairyj.2023.105605,,,,2023-01-01,https://www.semanticscholar.org/paper/bdc5ea250ab197e0de02e3082c6a38cfe4ae5ff5,Biology;Agricultural and Food Sciences,Biology|s2-fos-model;Agricultural and Food Sciences|s2-fos-model,R. da Silva Rodrigues; S. G. Machado; A. F. de Carvalho; L. Nero,,,1hop_citations,False,,,,,annotation,annotation,,,,1,0,1,False,False,recovered_keep_false,False,False,False,True,False,False,True,role_bridge_review
8de88af12782e25d297c2551abdab3f157902697,"Genome sequence, phylogenetic analysis, and structure-based annotation reveal metabolic potential of Chlorella sp. SLA-04",,2022.0,Algal Research,7,10.1016/j.algal.2022.102943,,,,2022-12-01,https://www.semanticscholar.org/paper/8de88af12782e25d297c2551abdab3f157902697,Biology;Environmental Science,Biology|s2-fos-model;Environmental Science|s2-fos-model,Calvin L.C. Goemann; R. Wilkinson; William S. Henriques; H. Bui; Hannah M. Goemann; R. Carlson; S. Viamajala; R. Gerlach; B. Wiedenheft,,,1hop_citations,False,,,,,annotation,annotation,,,,1,0,1,False,False,recovered_keep_false,False,False,False,True,False,False,True,role_bridge_review
78ffb4b525aa9008b60fe4085a0d1a627f6bee32,"Deciphering the potential of a plant growth promoting endophyte Rhizobium sp. WYJ-E13, and functional annotation of the genes involved in the metabolic pathway","Plant growth-promoting rhizobacteria (PGPR) are well-acknowledged root endophytic bacteria used for plant growth promotion. However, which metabolites produced by PGPR could promote plant growth remains unclear. Additionally, which genes are responsible for plant growth-promoting traits is also not elucidated. Thus, as comprehensive understanding of the mechanism of endophyte in growth promotion is limited, this study aimed to determine the metabolites and genes involved in plant growth-promotion. We isolated an endophytic Rhizobium sp. WYJ-E13 strain from the roots of Curcuma wenyujin Y.H. Chen et C. Ling, a perennial herb and medicinal plant. The tissue culture experiment showed its plant growth-promoting ability. The bacterium colonization in the root was confirmed by scanning electron microscopy and paraffin sectioning. Furthermore, it was noted that the WYJ-E13 strain produced cytokinin, anthranilic acid, and L-phenylalanine by metabolome analysis. Whole-genome analysis of the strain showed that it consists of a circular chromosome of 4,350,227 bp with an overall GC content of 60.34%, of a 2,149,667 bp plasmid1 with 59.86% GC, and of a 406,180 bp plasmid2 with 58.05% GC. Genome annotation identified 4,349 putative protein-coding genes, 51 tRNAs, and 9 rRNAs. The CDSs number allocated to the Kyoto Encyclopedia of Genes and Genomes, Gene Ontology, and Clusters of Orthologous Genes databases were 2027, 3,175 and 3,849, respectively. Comparative genome analysis displayed that Rhizobium sp. WYJ-E13 possesses the collinear region among three species: Rhizobium acidisoli FH23, Rhizobium gallicum R602 and Rhizobium phaseoli R650. We recognized a total set of genes that are possibly related to plant growth promotion, including genes involved in nitrogen metabolism (nifU, gltA, gltB, gltD, glnA, glnD), hormone production (trp ABCDEFS), sulfur metabolism (cysD, cysE, cysK, cysN), phosphate metabolism (pstA, pstC, phoB, phoH, phoU), and root colonization. Collectively, these findings revealed the roles of WYJ-E13 strain in plant growth-promotion. To the best of our knowledge, this was the first study using whole-genome sequencing for Rhizobium sp. WYJ-E13 associated with C. wenyujin. WYJ-E13 strain has a high potential to be used as Curcuma biofertilizer for sustainable agriculture.",2022.0,Frontiers in Microbiology,23,10.3389/fmicb.2022.1035167,36406393.0,,JournalArticle,2022-11-03,https://www.semanticscholar.org/paper/78ffb4b525aa9008b60fe4085a0d1a627f6bee32,Biology;Environmental Science,Biology|s2-fos-model;Environmental Science|s2-fos-model,Xiaoping Huang; Zhanghui Zeng; Zhehao Chen; Xiaxiu Tong; Jie Jiang; Chenjing He; T. Xiang,,,1hop_citations,False,,,electron microscopy,,annotation,annotation;database,,,,1,0,1,False,False,recovered_keep_false,False,False,False,True,False,False,True,role_bridge_review
4b85bf47925f5d905b07cea216aadae08dba8b73,De novo genome assembly and annotation of gall-forming medicinal plant Pistacia chinensis subsp. integerrima (J. L. Stewart ex Brandis) Rech. f.,,2022.0,Journal Genetika,4,10.1007/s12041-022-01391-w,36420626.0,,JournalArticle,2022-11-02,https://www.semanticscholar.org/paper/4b85bf47925f5d905b07cea216aadae08dba8b73,Medicine;Biology;Environmental Science,Medicine|s2-fos-model;Biology|s2-fos-model;Environmental Science|s2-fos-model,Santhosh N. Hegde; Noorunnisa Begum; A. Bhatt; S. Kukkupuni; P. Venkatasubramanian; J. Sastry; S. Badrinarayan; M. Gowda; P. Narendran,,,1hop_citations,False,,,,,annotation,annotation,,,,1,0,1,False,False,recovered_keep_false,False,False,False,True,False,False,True,role_bridge_review
0f13b9a65d568b4bef950652442436167802f034,De novo assembly and annotation of the transcriptome of the endangered seagrass Zostera capensis: Insights from differential gene expression under thermal stress.,"Seagrasses are important marine ecosystem engineers but anthropogenic impacts and climate change have led to numerous population declines globally. In South Africa, Zostera capensis is endangered due to fragmented populations and heavy anthropogenic pressures on estuarine ecosystems that house the core of the populations. Addressing questions of how pressures such as climate change affect foundational species, including Z. capensis are crucial to supporting their conservation and underpin restoration efforts. Here we use ecological transcriptomics to study key functional responses of Z. capensis through quantification of gene expression after thermal stress and present the first reference transcriptome of Z. capensis. Four de novo reference assemblies (Trinity, IDBA-tran, RNAspades, SOAPdenovo) filtered through the EvidentialGene pipeline resulted in 153,755 transcripts with a BUSCO score of 66.1% for completeness. Differential expression analysis between heat stressed (32 °C for three days) and pre-warming plants identified genes involved in photosynthesis, oxidative stress, translation, metabolic and biosynthetic processes in the Z. capensis thermal stress response. This reference transcriptome is a significant contribution to the limited available genomic resources for Z. capensis and represents a vital tool for addressing questions around the species restoration and potential functional responses to warming marine environments.",2022.0,Marine Genomics,4,10.1016/j.margen.2022.100984,36116404.0,,JournalArticle,2022-09-15,https://www.semanticscholar.org/paper/0f13b9a65d568b4bef950652442436167802f034,Environmental Science;Biology,Environmental Science|s2-fos-model;Biology|s2-fos-model,A. Ndhlovu; Sophie von der Heyden,,,1hop_citations,False,,,,,annotation,annotation,,,,1,0,1,False,False,recovered_keep_false,False,False,False,True,False,False,True,role_bridge_review
91990d14684198071285d04ecb94aeaf80a34a40,PlantGF: an analysis and annotation platform for plant gene families,"Abstract Gene families contain genes that come from the same ancestor and have similar sequences and structures. They perform certain specific functions within and among different species. Currently, there is no complete process or platform for the rapid analysis of plant gene families. In this study, a comprehensive query and analysis platform of plant gene families, the Plant Gene Family Platform (PlantGF), was constructed. The platform is composed of four main parts: Search, Tools, Statistics and Auxiliary. A total of 2 909 580 gene family members were identified from 138 plant species in PlantGF. The data can be queried in the Search section through a user-friendly interface. A general process for gene family analysis, having nine steps, is provided. The platform also includes four online tools (HMM-Search, BLAST, MAFFT and HMMER) in the Tools section for useful additional analyses. The statistical analysis of the relevant gene families is shown on the Statistics page. Auxiliary pages are provided for data downloading. The datasets for all 138 plant species’ protein sequences and their gene families can be acquired on the Download page. A user’s manual and some useful links are displayed on the Manual and Links pages, respectively. To the best of our knowledge, PlantGF is the first comprehensive platform for studying plant gene families, and it will make important contributions to plant gene family-related research. Database URL: http://biodb.sdau.edu.cn/PGF/index.html",2022.0,Database J. Biol. Databases Curation,6,10.1093/database/baab088,35134149.0,,JournalArticle,2022-01-17,https://www.semanticscholar.org/paper/91990d14684198071285d04ecb94aeaf80a34a40,Biology;Environmental Science;Computer Science,Biology|s2-fos-model;Environmental Science|s2-fos-model;Computer Science|s2-fos-model,Jiaxuan Li; Shuai Yang; Xiaojie Yang; Hui Wu; Heng Tang; Long Yang,,,1hop_citations,False,,,,,annotation,annotation;database;query,,,,1,0,1,False,False,recovered_keep_false,False,False,False,True,False,False,True,role_bridge_review
c48edcf6ef90efb1ec6c69cf910e4af8a9bad2c1,De novo assembly and functional annotation of the nervous system transcriptome in the Caribbean spiny lobster Panulirus argus,,2022.0,Coral reefs,0,10.1007/s00338-021-02213-8,,,,2022-01-16,https://www.semanticscholar.org/paper/c48edcf6ef90efb1ec6c69cf910e4af8a9bad2c1,Biology;Environmental Science,Biology|s2-fos-model;Environmental Science|s2-fos-model,Juan Antonio Baeza; W. Veldsman; K. Chu,,,1hop_citations,False,,,,,annotation,annotation,,,,1,0,1,False,False,recovered_keep_false,False,False,False,True,False,False,True,role_bridge_review
80eefa2241c04c1d30046509065761ff8413ac03,"De novo assembly and functional annotation of blood transcriptome of loggerhead turtle, and in silico characterization of peroxiredoxins and thioredoxins","The aim of this study was to generate and analyze the atlas of the loggerhead turtle blood transcriptome by RNA-seq, as well as identify and characterize thioredoxin (Tnxs) and peroxiredoxin (Prdxs) antioxidant enzymes of the greatest interest in the control of peroxide levels and other biological functions. The transcriptome of loggerhead turtle was sequenced using the Illumina Hiseq 2000 platform and de novo assembly was performed using the Trinity pipeline. The assembly comprised 515,597 contigs with an N50 of 2,631 bp. Contigs were analyzed with CD-Hit obtaining 374,545 unigenes, of which 165,676 had ORFs encoding putative proteins longer than 100 amino acids. A total of 52,147 (31.5%) of these transcripts had significant homology matches in at least one of the five databases used. From the enrichment of GO terms, 180 proteins with antioxidant activity were identified, among these 28 Prdxs and 50 putative Tnxs. The putative proteins of loggerhead turtles encoded by the genes Prdx1, Prdx3, Prdx5, Prdx6, Txn and Txnip were predicted and characterized in silico. When comparing Prdxs and Txns of loggerhead turtle with homologous human proteins, they showed 18 (9%), 52 (18%) 94 (43%), 36 (16%), 35 (33%) and 74 (19%) amino acid mutations respectively. However, they showed high conservation in active sites and structural motifs (98%), with few specific modifications. Of these, Prdx1, Prdx3, Prdx5, Prdx6, Txn and Txnip presented 0, 25, 18, three, six and two deleterious changes. This study provides a high quality blood transcriptome and functional annotation of loggerhead sea turtles.",2021.0,PeerJ,2,10.7717/peerj.12395,34820176.0,,JournalArticle,2021-11-18,https://www.semanticscholar.org/paper/80eefa2241c04c1d30046509065761ff8413ac03,Biology;Environmental Science;Chemistry,Biology|s2-fos-model;Environmental Science|s2-fos-model;Chemistry|s2-fos-model,J. Hernández-Fernández; A. M. Pinzón Velasco; Ellie Anne López Barrera; María Del Pilar Rodríguez Becerra; J. Villanueva-Cañas; M. Albà; Leonardo Mariño Ramírez,,network_science,1hop_citations,False,,,,motif,annotation,annotation;database,,,,1,0,1,False,False,recovered_keep_false,False,False,False,True,False,False,True,role_bridge_review
50f82c2bfc483e01e3e676c618531b69b8294369,High-quality reference genome and annotation aids understanding of berry development for evergreen blueberry (Vaccinium darrowii),"Vaccinium darrowii Camp (2 n  = 2 x  = 24) is a native North American blueberry species and an important source of traits such as low chill requirement in commercial southern highbush blueberry breeding ( Vaccinium corymbosum , 2 n  = 4 x  = 48). We present a chromosomal-scale genome of V. darrowii generated by the combination of PacBio sequencing and high throughput chromatin conformation capture (Hi–C) scaffolding technologies, yielding a total length of 1.06 Gigabases (Gb). Over 97.8% of the genome sequences are scaffolded into 24 chromosomes representing the two haplotypes. The primary haplotype assembly of V. darrowii contains 34,809 protein-coding genes. Comparison to a V. corymbosum haplotype assembly reveals high collinearity between the two genomes with small intrachromosomal rearrangements in eight chromosome pairs. With small RNA sequencing, the annotation was further expanded to include more than 200,000 small RNA loci and 638 microRNAs expressed in berry tissues. Transcriptome analysis across fruit development stages indicates that genes involved in photosynthesis are downregulated, while genes involved in flavonoid and anthocyanin biosynthesis are significantly increased at the late stage of berry ripening. A high-quality reference genome and accompanying annotation of V. darrowii is a significant new resource for assessing the evergreen blueberry contribution to the breeding of southern highbush blueberries.",2021.0,Horticulture Research,39,10.1038/s41438-021-00641-9,34719668.0,,JournalArticle,2021-11-01,https://www.semanticscholar.org/paper/50f82c2bfc483e01e3e676c618531b69b8294369,Biology;Agricultural and Food Sciences,Biology|s2-fos-model;Agricultural and Food Sciences|s2-fos-model,Jiali Yu; Amanda M. Hulse‐Kemp; E. Babiker; M. Staton,,,1hop_citations,False,,,,,annotation,annotation,,,,1,0,1,False,False,recovered_keep_false,False,False,False,True,False,False,True,role_bridge_review
b7e76b357b29a6357a8653506e348748fc6fd36c,Prokaryotic Genome Annotation.,,2021.0,Methods in molecular biology,2,10.1007/978-1-0716-1585-0_10,34718997.0,,JournalArticle;Review,2021-10-31,https://www.semanticscholar.org/paper/b7e76b357b29a6357a8653506e348748fc6fd36c,Biology;Computer Science;Environmental Science,Biology|s2-fos-model;Computer Science|s2-fos-model;Environmental Science|s2-fos-model,Jeffrey A. Kimbrel; B. Jeffrey; C. Ward,,,1hop_citations,False,,,,,annotation,annotation,,,,1,0,1,False,False,recovered_keep_false,False,False,False,True,False,False,True,role_bridge_review
1549121d0da0e92f546cfce6561bc80aabeffd95,FA-nf: A Functional Annotation Pipeline for Proteins from Non-Model Organisms Implemented in Nextflow,"Functional annotation allows adding biologically relevant information to predicted features in genomic sequences, and it is, therefore, an important procedure of any de novo genome sequencing project. It is also useful for proofreading and improving gene structural annotation. Here, we introduce FA-nf, a pipeline implemented in Nextflow, a versatile computational workflow management engine. The pipeline integrates different annotation approaches, such as NCBI BLAST+, DIAMOND, InterProScan, and KEGG. It starts from a protein sequence FASTA file and, optionally, a structural annotation file in GFF format, and produces several files, such as GO assignments, output summaries of the abovementioned programs and final annotation reports. The pipeline can be broken easily into smaller processes for the purpose of parallelization and easily deployed in a Linux computational environment, thanks to software containerization, thus helping to ensure full reproducibility.",2021.0,Genes,5,10.3390/genes12101645,34681040.0,,JournalArticle,2021-10-01,https://www.semanticscholar.org/paper/1549121d0da0e92f546cfce6561bc80aabeffd95,Computer Science;Biology,Computer Science|s2-fos-model;Biology|s2-fos-model,A. Vlasova; Toni Hermoso Pulido; F. Camara; Julia Ponomarenko; R. Guigó,,proofreading_qc,1hop_citations,False,,,,,annotation;proofread,annotation,,,,1,0,1,False,False,recovered_keep_false,False,False,False,True,False,False,True,role_bridge_review
8ca9ee419feccf4b7a8460a760ffbf349b095349,"Changthangi Pashmina Goat Genome: Sequencing, Assembly, and Annotation","Pashmina goats produce the world's finest and the most costly animal fiber (Pashmina) with an average fineness of 11–13 microns and have more evolved mechanisms than any known goat breed around the globe. Despite the repute of Pashmina goat for producing the finest and most sought-after animal fiber, meager information is available in the public domain about Pashmina genomics and transcriptomics. Here we present a 2.94 GB genome sequence from a male Changthangi white Pashmina goat. We generated 294.8 GB (>100X coverage) of the whole-genome sequence using the Illumina HiSeq 2500 sequencer. All cleaned reads were mapped to the goat reference genome (2,922,813,246 bp) which covers 97.84% of the genome. The Unaligned reads were used for de novo assembly resulting in a total of 882 MB non-reference contigs. De novo assembly analysis presented in this study provides important insight into the adaptation of Pashmina goats to cold stress and helps enhance our understanding of this complex phenomenon. A comparison of the Pashmina goat genome with a wild goat genome revealed a total of 2,823 high impact single nucleotide variations and small insertions and deletions, which may be associated with the evolution of Pashmina goats. The Pashmina goat genome sequence provided in this study may improve our understanding of complex traits found in Pashmina goats, such as annual fiber cycling, defense mechanism against hypoxic, survival secret in extremely cold conditions, and adaptation to a sparse diet. In addition, the genes identified from de novo assembly could be utilized in differentiating Pashmina fiber from other fibers to avoid falsification at marketing practices.",2021.0,Frontiers in Genetics,7,10.3389/fgene.2021.695178,34354739.0,,JournalArticle,2021-07-20,https://www.semanticscholar.org/paper/8ca9ee419feccf4b7a8460a760ffbf349b095349,Agricultural and Food Sciences;Biology,Agricultural and Food Sciences|s2-fos-model;Biology|s2-fos-model,Basharat A Bhat; N. Ganai; Ashutosh Singh; R. Mir; S. M. Ahmad; Sajad Majeed Zargar; F. Malik,,,1hop_citations,False,,,,,annotation,annotation,,,,1,0,1,False,False,recovered_keep_false,False,False,False,True,False,False,True,role_bridge_review
1711ba88554ab981eb19ffceb12745c1eb2cdbcb,"Sequencing, de novo assembly and annotation of Digitalis ferruginea subsp. schischkinii transcriptome",,2021.0,Molecular Biology Reports,3,10.1007/s11033-020-05982-7,33403559.0,,JournalArticle,2021-01-01,https://www.semanticscholar.org/paper/1711ba88554ab981eb19ffceb12745c1eb2cdbcb,Biology;Medicine;Environmental Science,Biology|s2-fos-model;Medicine|s2-fos-model;Environmental Science|s2-fos-model,E. Ünlü; Özge Kaya; İsmail Eker; E. Gürel,,,1hop_citations,False,,,,,annotation,annotation,,,,1,0,1,False,False,recovered_keep_false,False,False,False,True,False,False,True,role_bridge_review
cf6d38b72b3d6713efb94e8f79058a3b81808aca,"De novo transcriptome assembly, functional annotation and characterization of the Atlantic bluefin tuna (Thunnus thynnus) larval stage.","In the present work, we assembled and characterized a de novo larval transcriptome of the Atlantic bluefin tuna Thunnus thynnus by taking advantage of publicly available databases with the goal of better understanding its larval development. The assembled transcriptome comprised 37,117 protein-coding transcripts, of which 13,633 full-length (>80% coverage), with an Ex90N50 of 3061 bp and 76% of complete and single-copy core vertebrate genes orthologues. Of these transcripts, 34,980 had a hit against the EggNOG database and 14,983 with the KEGG database. Codon usage bias was identified in processes such as translation and muscle development. By comparing our data with a set of representative fish species, 87.1% of tuna transcripts were included in orthogroups with other species and 5.1% in assembly-specific orthogroups, which were enriched in terms related to muscle and bone development, visual system and ion transport. Following this comparative approach, protein families related to myosin, extracellular matrix and immune system resulted significantly expanded in the Atlantic bluefin tuna. Altogether, these results provide a glimpse of how the Atlantic bluefin tuna might have achieved early physical advantages over competing species in the pelagic environment. The information generated lays the foundation for future research on the more detailed exploration of physiological responses at the molecular level in different larval stages and paves the way to evolutionary studies on the Atlantic bluefin tuna.",2020.0,Marine Genomics,5,10.1016/j.margen.2020.100834,33371994.0,,JournalArticle,2020-12-26,https://www.semanticscholar.org/paper/cf6d38b72b3d6713efb94e8f79058a3b81808aca,Biology;Environmental Science,Biology|s2-fos-model;Environmental Science|s2-fos-model,Luca Marisaldi; D. Basili; G. Gioacchini; A. Canapa; O. Carnevali,,,1hop_citations,False,,,,,annotation,annotation;database,,,,1,0,1,False,False,recovered_keep_false,False,False,False,True,False,False,True,role_bridge_review
c682c76b63bce51f73d9ae1b3df4f844f6e21c5e,"Hybrid genome assembly and functional annotation reveals insights on lipid biosynthesis of oleaginous native isolate Parachlorella kessleri, a potential industrial strain for production of biofuel precursors","Abstract The need for mass production of biofuels has been pushed up by rising energy demand in the world population. In this context, microalgae have emerged as a potential source for biodiesel production because of its high lipid content and ability to grow on minimal media sources. However, the knowledge of the metabolic processes in these systems is fairly naive and therefore hinders the genetic progress that can be proven to improve the development of biofuel precursors. In the present study, a comprehensive analysis of an indigenous oleaginous microalgae P. kessleri has been performed, using hybrid assembly of both short Illumina and long Nanopore read, leading to assembly of a highly contiguous 64.90 Mb genome with 8371 functional genes and 874 putative transcription factors. The genome reconstruction is complemented using phylogenetic analysis of acyl lipid metabolism revealed the evolutionary conservation of these proteins among various microalgal species. Henceforth, understanding and reconstruction of global metabolic pathways will provide clues towards engineering of algal strains for enhanced production of biomass, biofuels and bioproducts (B3).",2020.0,,11,10.1016/j.algal.2020.102118,,,,2020-12-01,https://www.semanticscholar.org/paper/c682c76b63bce51f73d9ae1b3df4f844f6e21c5e,Environmental Science;Biology;Engineering,Environmental Science|s2-fos-model;Biology|s2-fos-model;Engineering|s2-fos-model,K. Shaikh; Pawan Kumar; A. A. Nesamma; M. Abdin; P. P. Jutur,,,1hop_citations,False,,,,,annotation,annotation,,,,1,0,1,False,False,recovered_keep_false,False,False,False,True,False,False,True,role_bridge_review
8b9a752494539be2e2f2c103ff16d355b51e9b3d,"De novo transcriptome assembly, functional annotation and characterization of the Atlantic bluefin tuna (Thunnus thynnus) larval stage","Over the last two decades, many efforts have been invested in attempting to close the life cycle of the iconic Atlantic bluefin tuna (Thunnus thynnus) and develop a true aquaculture-based market. However, the limited molecular resources nowadays available represent a clear limitation towards the domestication of this species. To fill such a gap of knowledge, we assembled and characterized a de novo larval transcriptome by taking advantage of publicly available databases with the final goal of better understanding the larval development. The assembled transcriptome comprised 37,117 protein-coding transcripts, of which 13,633 full-length (>80% coverage), with an Ex90N50 of 3,061 bp and 76% of complete and single-copy core vertebrate genes orthologues. Of these transcripts, 34,980 had a hit against the EggNOG database and 14,983 with the KAAS annotation server. By comparing our data with a set of representative fish species proteomes, it was found that 78.4% of the tuna transcripts were successfully included in orthologous groups. Codon usage bias was identified for processes such as translation, peptide biosynthesis, muscle development and ion transport, supporting the idea of mechanisms at play in regulating stability and translation efficiency of transcripts belonging to key biological processes during the larval growth. The information generated by this study on the Atlantic bluefin tuna represent a relevant improvement of the transcriptomic resources available to the scientific community and lays the foundation for future works aimed at exploring in greater detail physiological responses at molecular level in different larval stages.",2020.0,,0,10.1101/2020.05.27.118927,,,,2020-05-30,https://www.semanticscholar.org/paper/8b9a752494539be2e2f2c103ff16d355b51e9b3d,Biology;Environmental Science,Biology|s2-fos-model;Environmental Science|s2-fos-model,Luca Marisaldi; D. Basili; G. Gioacchini; O. Carnevali,,,1hop_citations,False,,,,community,annotation,annotation;database,,,,1,0,1,False,False,recovered_keep_false,False,False,False,True,False,False,True,role_bridge_review
8fac9bfe264b1bf5a8c3aaa10f0b46ec92ce4d64,"De novo transcriptome assembly, functional annotation and characterization of the Atlantic bluefin tuna (Thunnus thynnus) larval stage","Over the last two decades, many efforts have been invested in attempting to close the life cycle of the iconic Atlantic bluefin tuna (Thunnus thynnus) and develop a true aquaculture-based market. However, the limited molecular resources nowadays available represent a clear limitation towards the domestication of this species. To fill such a gap of knowledge, we assembled and characterized a de novo larval transcriptome by taking advantage of publicly available databases with the final goal of better understanding the larval development. The assembled transcriptome comprised 37,117 protein-coding transcripts, of which 13,633 full-length (>80% coverage), with an Ex90N50 of 3,061 bp and 76% of complete and single-copy core vertebrate genes orthologues. Of these transcripts, 34,980 had a hit against the EggNOG database and 14,983 with the KAAS annotation server. By comparing our data with a set of representative fish species proteomes, it was found that 78.4% of the tuna transcripts were successfully included in orthologous groups. Codon usage bias was identified for processes such as translation, peptide biosynthesis, muscle development and ion transport, supporting the idea of mechanisms at play in regulating stability and translation efficiency of transcripts belonging to key biological processes during the larval growth. The information generated by this study on the Atlantic bluefin tuna represent a relevant improvement of the transcriptomic resources available to the scientific community and lays the foundation for future works aimed at exploring in greater detail physiological responses at molecular level in different larval stages.",2020.0,bioRxiv,1,10.1101/2020.05.27.118927,,,,2020-05-30,https://www.semanticscholar.org/paper/8fac9bfe264b1bf5a8c3aaa10f0b46ec92ce4d64,Biology;Environmental Science,Biology|s2-fos-model;Environmental Science|s2-fos-model,Marisaldi Luca; Basili Danilo; Gioacchini Giorgia; Carnevali Oliana,,,1hop_citations,False,,,,community,annotation,annotation;database,,,,1,0,1,False,False,recovered_keep_false,False,False,False,True,False,False,True,role_bridge_review
3880c1377a992373de26d40a6f540a9a279da36e,Dataset of transcriptome assembly of date palm embryogenic calli and functional annotation,"Date palm (Phoenix dactylifera L.; 2n = 36; Arecaceae), cultivated in tropical and sub-tropical regions worldwide, is a staple food for people in the Middle East region and has economic value throughout the world. Tissue culture is considered as a feasible technique for the large-scale multiplication of elite date palm varieties. In this article, we report the transcriptome assembly from the embryogenic calli of Khalas variety of date palm. A total of 50,852,331 paired-end (PE) raw reads were acquired using an Illumina sequencing platform. Reference-based assembly, with date palm genome, resulted in 53251 transcripts. A total of 63888 Gene Ontology (GO) terms could be annotated from the assembled transcriptome. Also, transcription factor families and small RNAs were annotated from the assembled transcriptome. Results of the pathway analysis revealed that a total of 2584 transcripts were involved in various metabolic pathways. Transcripts with possible roles in somatic embryogenesis were also identified. The dataset provides insights into the expression pattern of various genes during early somatic embryogenesis in date palm.",2020.0,Data in Brief,4,10.1016/j.dib.2020.105760,32518810.0,,JournalArticle,2020-05-25,https://www.semanticscholar.org/paper/3880c1377a992373de26d40a6f540a9a279da36e,Biology;Agricultural and Food Sciences;Environmental Science,Biology|s2-fos-model;Agricultural and Food Sciences|s2-fos-model;Environmental Science|s2-fos-model,S. Naganeeswaran; T. P. Fayas; M. Rajesh,,,1hop_citations,False,,,,,annotation,annotation,,,,1,0,1,False,False,recovered_keep_false,False,False,False,True,False,False,True,role_bridge_review
4aebef084a6e8fa68f06594f65777b9c036c49c4,De novo assembly and functional annotation of the heart + hemolymph transcriptome in the Caribbean spiny lobster Panulirus argus.,"The spiny lobster, Panulirus argus, is an ecologically relevant species in shallow water coral reefs and a target of the most lucrative fishery in the greater Caribbean region. This study reports, for the first time, the heart + hemolymph transcriptome of the Caribbean spiny lobster Panulirus argus assembled from short Illumina 150bp PE raw reads. A total of 80,152,094 raw reads were assembled using the Oyster River Protocol pipeline. The assembly resulted in a total of 254,773 transcripts. Functional gene annotation was conducted using the software package 'dammit'. Lastly, gene enrichment analyses were conducted using the Gene Ontology (GO) and KEGG pathway (Kaas) databases. This resource will be of utmost importance in future research aiming at exploring the effect of local and regional anthropogenic disturbances, as well as global climate change on the molecular physiology of this overexploited species.",2020.0,Marine Genomics,7,10.1016/j.margen.2020.100783,32414680.0,,JournalArticle,2020-05-12,https://www.semanticscholar.org/paper/4aebef084a6e8fa68f06594f65777b9c036c49c4,Environmental Science;Biology,Environmental Science|s2-fos-model;Biology|s2-fos-model,Juan Antonio Baeza; M. MacManes,,,1hop_citations,False,,,,,annotation,annotation;database,,,,1,0,1,False,False,recovered_keep_false,False,False,False,True,False,False,True,role_bridge_review
33e935eb1b72dd698176098621a2f2239e5d920d,Genome assembly and annotation of Macadamia tetraphylla,"Macadamia is a kind of evergreen nut trees which belong to the Proteaceae family. The two commercial macadamia species, Macadamia integrifolia and M. tetraphylla, are highly prized for their edible kernels. Catherine et al. reported M. integrifolia genome using NGS sequencing technology. However, the lack of a high-quality assembly for M. tetraphylla hinders the progress in biological research and breeding program. In this study, we report a high-quality genome sequence of M. tetraphylla using the Oxford Nanopore Technologies (ONT) technology. We generated an assembly of 750.54 Mb with a contig N50 length of 1.18 Mb, which is close to the size estimated by flow cytometry and k-mer analysis. Repetitive sequence represent 58.57% of the genome sequence, which is strikingly higher compared with M. integrifolia. A total of 31,571 protein-coding genes were annotated with an average length of 6,055 bp, of which 92.59% were functionally annotated. The genome sequence of M. tetraphylla will provide novel insights into the breeding of novel strains and genetic improvement of agronomic traits.",2020.0,bioRxiv,7,10.1101/2020.03.11.987057,,,,2020-03-11,https://www.semanticscholar.org/paper/33e935eb1b72dd698176098621a2f2239e5d920d,Biology;Environmental Science;Materials Science,Biology|s2-fos-model;Environmental Science|s2-fos-model;Materials Science|s2-fos-model,Yingfeng Niu; Guo-hua Li; Shu-bang Ni; Xiyong He; Cheng Zheng; Zi-yan Liu; L. Gong; Guanghong Kong; Jin Liu,,,1hop_citations,False,,,,,annotation,annotation,,,,1,0,1,False,False,recovered_keep_false,False,False,False,True,False,False,True,role_bridge_review
9456e08361f78d90d97ad0f7242be59e3abfbb58,"Functional annotation of mulberry (Morus spp.) transcriptome, differential expression of genes related to growth and identification of putative genic SSRs, SNPs and InDels",,2019.0,Molecular Biology Reports,3,10.1007/s11033-019-05089-8,31583573.0,,JournalArticle,2019-10-03,https://www.semanticscholar.org/paper/9456e08361f78d90d97ad0f7242be59e3abfbb58,Biology;Environmental Science,Biology|s2-fos-model;Environmental Science|s2-fos-model,M. S. Rukmangada; R. Sumathy; V. G. Naik,,,1hop_citations,False,,,,,annotation,annotation,,,,1,0,1,False,False,recovered_keep_false,False,False,False,True,False,False,True,role_bridge_review
8ed567f36c2f6e2dad272d732da28f3bd804c148,SamPler – a novel method for selecting parameters for gene functional annotation routines,"As genome sequencing projects grow rapidly, the diversity of organisms with recently assembled genome sequences peaks at an unprecedented scale, thereby highlighting the need to make gene functional annotations fast and efficient. However, the (high) quality of such annotations must be guaranteed, as this is the first indicator of the genomic potential of every organism. Automatic procedures help accelerating the annotation process, though decreasing the confidence and reliability of the outcomes. Manually curating a genome-wide annotation of genes, enzymes and transporter proteins function is a highly time-consuming, tedious and impractical task, even for the most proficient curator. Hence, a semi-automated procedure, which balances the two approaches, will increase the reliability of the annotation, while speeding up the process. In fact, a prior analysis of the annotation algorithm may leverage its performance, by manipulating its parameters, hastening the downstream processing and the manual curation of assigning functions to genes encoding proteins. Here SamPler, a novel strategy to select parameters for gene functional annotation routines is presented. This semi-automated method is based on the manual curation of a randomly selected set of genes/proteins. Then, in a multi-dimensional array, this sample is used to assess the automatic annotations for all possible combinations of the algorithm’s parameters. These assessments allow creating an array of confusion matrices, for which several metrics are calculated (accuracy, precision and negative predictive value) and used to reach optimal values for the parameters. The potential of this methodology is demonstrated with four genome functional annotations performed in merlin, an in-house user-friendly computational framework for genome-scale metabolic annotation and model reconstruction. For that, SamPler was implemented as a new plugin for the merlin tool.",2019.0,BMC Bioinformatics,5,10.1186/s12859-019-3038-4,31488049.0,,JournalArticle,2019-09-05,https://www.semanticscholar.org/paper/8ed567f36c2f6e2dad272d732da28f3bd804c148,Computer Science;Biology,Computer Science|s2-fos-model;Biology|s2-fos-model,Fernando Cruz; D. Lagoa; João Mendes; I. Rocha; E. Ferreira; Miguel P. Rocha; Óscar Dias,,,1hop_citations,False,,,,,annotation,annotation,,,,1,0,1,False,False,recovered_keep_false,False,False,False,True,False,False,True,role_bridge_review
60c5437f611ee4337b8050acbc685706b5ac0ad3,Data of de novo assembly and functional annotation of the leaf transcriptome of Impatiens balsamina,"Impatiens balsamina is both an ornamental and pharmacologically important plant widely distributed in many Asian countries. The leaf of the plant contains many secondary metabolites possessing anti-microbial, anti-tumour and anti-cancer properties. Though there are many phytochemical studies done on the different natural extracts for this plant, not much of genetic information is currently available. This is the first transcriptome of I. balsamina leaf using paired-end Illumina HiSeq sequencing which generated 10.79 GB of raw data. Information of pre-processing (reads filtering), de novo assembly and functional annotation are presented. This data is accessible via NCBI BioProject (PRJNA505711).",2018.0,Data in Brief,2,10.1016/j.dib.2018.12.042,30815523.0,,JournalArticle,2018-12-16,https://www.semanticscholar.org/paper/60c5437f611ee4337b8050acbc685706b5ac0ad3,Biology;Environmental Science;Medicine,Biology|s2-fos-model;Environmental Science|s2-fos-model;Medicine|s2-fos-model,L. Foong; A. Ho; Brandon Pei Hui Yeo; Y. Lim; S. Tam,,,1hop_citations,False,,,,,annotation,annotation;distributed,,,,1,0,1,False,False,recovered_keep_false,False,False,False,True,False,False,True,role_bridge_review
136b5b04fec995bfb26d728a33a3931d97cabe71,Identification of putative drug targets and annotation of unknown proteins in Tropheryma whipplei,"Tropheryma whipplei (T. whipplei) is the causative agent of Whipple's disease and blood culture-negative endocarditis. Due to the variability of symptoms, the disease is often poorly diagnosed. Treatment for this bacterial infection is often lengthy, and improper uptake of antibiotics has resulted in relapses in many patients. In the present study, using available bioinformatic tools and databases such as the Cluster Database at High Identity with Tolerance (CD-HIT), the Basic Local Alignment Search Tool for proteins (BLASTp), the Database of Essential Genes (DEG), and the DrugBank database, 13 putative drug targets were identified in T. whipplei by subtractive genome analysis that could be targeted with currently available drugs (experimental or approved). Further, a 3D model was generated for one of these putative drug targets, the T. whipplei DNA ligase, and in silico docking was performed with pyridochromanone and adenosine-derived inhibitors using the AutoDock Vina. Additionally, many of the T. whipplei protein sequences in the National Center for Biotechnology Information (NCBI) protein database were unknown/uncurated. Using available web servers e.g. the KEGG Automatic Annotation Server (KAAS), the BLASTp, the Conserved Domain Architecture Retrieval Tool (CDAT) and the Protein families (Pfam), the function/remote/domain homology for nearly 80% of these uncurated protein sequences were annotated. The data obtained in the present study will aid physicians and researchers alike in curbing this bacterial infection.",2018.0,Comput. Biol. Chem.,2,10.1016/j.compbiolchem.2018.05.024,30005292.0,,JournalArticle,2018-10-01,https://www.semanticscholar.org/paper/136b5b04fec995bfb26d728a33a3931d97cabe71,Medicine;Biology,Medicine|s2-fos-model;Biology|s2-fos-model,Navaneethan Palanisamy,,health_translation,1hop_citations,False,,,,,annotation,annotation;database,disease;patient,,,1,0,1,False,False,recovered_keep_false,False,False,False,True,False,False,True,role_bridge_review
b3e283a9ed89b54c941b3e6ccb0e64dd9c53ad66,Data on genome annotation and analysis of earthworm Eisenia fetida,"The present article reports the complete draft genome annotation of earthworm Eisenia fetida, obtained from the manuscript entitled “Timing and Scope of Genomic Expansion within Annelida: Evidence from Homeoboxes in the Genome of the Earthworm E. fetida” (Zwarycz et al., 2015) and provides the data on the repetitive elements, protein coding genes and noncoding RNAs present in the genome dataset of the species. The E. fetida protein coding genes were predicted from AUGUSTUS gene prediction and subsequently annotated based on their sequence similarity, Gene Ontology (GO) functional terms, InterPro domains, Clusters of Orthologous Groups (COGs) and KEGG (Kyoto Encyclopedia of Genes and Genomes) pathways information. The genome wide comparison of orthologous clusters and phylogenomic analysis of the core genes were performed to understand the events of genome evolution and genomic diversity between E. fetida and its related metazoans. In addition, the genome dataset was screened to identify the crucial stem cell markers, regeneration specific genes and immune-related genes and their functionally enriched GO terms were predicted from Fisher׳s enrichment analysis. The E. fetida genome annotation data containing the GFF (general feature format) annotation file, predicted coding gene sequences and translated protein sequences were deposited to the figshare repository under the DOI: https://doi.org/10.6084/m9.figshare.6142322.v1.",2018.0,Data in Brief,8,10.1016/j.dib.2018.08.067,30191166.0,,JournalArticle,2018-08-29,https://www.semanticscholar.org/paper/b3e283a9ed89b54c941b3e6ccb0e64dd9c53ad66,Biology;Environmental Science,Biology|s2-fos-model;Environmental Science|s2-fos-model,Sayan Paul; Arun Arumugaperumal; R. Rathy; Vasanthakumar Ponesakki; Palavesam Arunachalam; S. Sivasubramaniam,,,1hop_citations,False,,,,,annotation,annotation,,,,1,0,1,False,False,recovered_keep_false,False,False,False,True,False,False,True,role_bridge_review
bc08ce3caaf0cd265fedb0bfebf3e64acebb9233,De novo assembly and annotation of the Acropora gemmifera transcriptome.,"Stony corals from the genus Acropora are widely distributed, important reef-builders and have become increasingly utilized for investigating links between genetics and spawning behaviour. We assembled and annotated a composite transcriptome from Acropora gemmifera using Illumina HiSeq2500 analysis of two libraries from different lunar and solar phases to identify genes that have potential functional roles in reproductive-related traits. A total of 31.6 million combined raw reads were assembled using Trinity and built into 104,000 contigs. Functional gene annotation was performed using dammit, Gene Ontology (GO), KOG (WebMGA) and KEGG pathway analyses (Kaas). This resource will be valuable for researchers studying gene expression patterns in coral reproductive cycles and evolution of the genus Acropora.",2018.0,Marine Genomics,4,10.1016/j.margen.2017.12.007,32420879.0,,JournalArticle,2018-07-01,https://www.semanticscholar.org/paper/bc08ce3caaf0cd265fedb0bfebf3e64acebb9233,Environmental Science;Biology,Environmental Science|s2-fos-model;Biology|s2-fos-model,Matthew J. Oldach; P. Vize,,,1hop_citations,False,,,,,annotation,annotation;distributed,,,,1,0,1,False,False,recovered_keep_false,False,False,False,True,False,False,True,role_bridge_review
cda733628eeaf613cc3a6526157fa8b7acdab73f,De novo assembly and annotation of Hyalomma dromedarii tick (Acari: Ixodidae) sialotranscriptome with regard to gender differences in gene expression,"Hard ticks are hematophagous ectoparasites characterized by their long-term feeding. The saliva that they secrete during their blood meal is their crucial weapon against host-defense systems including hemostasis, inflammation and immunity. The anti-hemostatic, anti-inflammatory and immune-modulatory activities carried out by tick saliva molecules warrant their pharmacological investigation. The Hyalomma dromedarii Koch, 1844 tick is a common parasite of camels and probably the best adapted to deserts of all hard ticks. Like other hard ticks, the salivary glands of this tick may provide a rich source of many compounds whose biological activities interact directly with host system pathways. Female H. dromedarii ticks feed longer than males, thereby taking in more blood. To investigate the differences in feeding behavior as reflected in salivary compounds, we performed de novo assembly and annotation of H. dromedarii sialotranscriptome paying particular attention to variations in gender gene expression. The quality-filtered Illumina sequencing reads deriving from a cDNA library of salivary glands led to the assembly of 15,342 transcripts. We deduced that the secreted proteins included: metalloproteases, glycine-rich proteins, mucins, anticoagulants of the mandanin family and lipocalins, among others. Expression analysis revealed differences in the expression of transcripts between male and female H. dromedarii that might explain the blood-feeding strategies employed by both genders. The annotated sialome of H. dromedarii helps understand the interaction of tick-host molecules during blood-feeding and can lead to the discovery of new pharmacologically active proteins of ticks of the genus Hyalomma.",2018.0,Parasites & Vectors,26,10.1186/s13071-018-2874-9,29793520.0,,JournalArticle,2018-05-24,https://www.semanticscholar.org/paper/cda733628eeaf613cc3a6526157fa8b7acdab73f,Biology;Medicine;Environmental Science,Biology|s2-fos-model;Medicine|s2-fos-model;Environmental Science|s2-fos-model,Chaima Bensaoud; M. Nishiyama; Cherif Ben Hamda; Flavio Lichtenstein; Ursula Castro de Oliveira; F. Faria; Inácio Loiola Meirelles Junqueira-de-Azevedo; K. Ghedira; A. Bouattour; Y. M’ghirbi; A. Chudzinski-Tavassi,,,1hop_citations,False,,,,,annotation,annotation,,,,1,0,1,False,False,recovered_keep_false,False,False,False,True,False,False,True,role_bridge_review
d5f3ce6933ca9a8d536d6a529e4b9ca9779925fa,Multi-Omics Driven Assembly and Annotation of the Sandalwood (Santalum album) Genome1,,2018.0,Plant Physiology,42,10.1104/pp.17.01764,29440596.0,,JournalArticle,2018-02-12,https://www.semanticscholar.org/paper/d5f3ce6933ca9a8d536d6a529e4b9ca9779925fa,Environmental Science;Biology;Materials Science,Environmental Science|s2-fos-model;Biology|s2-fos-model;Materials Science|s2-fos-model,H. Mahesh; Pratigya Subba; Jayshree Advani; M. Shirke; R. Loganathan; S. Chandana; S. Shilpa; Oishi Chatterjee; S. Pinto; T. Prasad; M. Gowda,,,1hop_citations,False,,,,,annotation,annotation,,,,1,0,1,False,False,recovered_keep_false,False,False,False,True,False,False,True,role_bridge_review
109aa70654ac5313a79bb7ee22f2553d45e64ba9,"De novo assembly of leaf transcriptome, functional annotation and genomic resources development in Prosopis cineraria, a multipurpose tree of Indian Thar Desert",,2017.0,,17,10.1016/j.plgene.2017.09.002,,,,2017-12-01,https://www.semanticscholar.org/paper/109aa70654ac5313a79bb7ee22f2553d45e64ba9,Environmental Science;Biology;Materials Science,Environmental Science|s2-fos-model;Biology|s2-fos-model;Materials Science|s2-fos-model,M. Rai; Jatan K. Shekhawat; V. Kataria; N. S. Shekhawat,,,1hop_citations,False,,,,,annotation,annotation,,,,1,0,1,False,False,recovered_keep_false,False,False,False,True,False,False,True,role_bridge_review
ef0a9553c37e9b07497ba20923e833109cc6a010,"MAGI: A method for metabolite, annotation, and gene integration","Metabolomics is a widely used technology for obtaining direct measures of metabolic activities from diverse biological systems. However, ambiguous metabolite identifications are a common challenge and biochemical interpretation is often limited by incomplete and inaccurate genome-based predictions of enzyme activities (i.e. gene annotations). Metabolite, Annotation, and Gene Integration (MAGI) generates a metabolite-gene association score using a biochemical reaction network. This is calculated by a method that emphasizes consensus between metabolites and genes via biochemical reactions. To demonstrate the potential of this method, we applied MAGI to integrate sequence data and metabolomics data collected from Streptomyces coelicolor A3(2), an extensively characterized bacterium that produces diverse secondary metabolites. Our findings suggest that coupling metabolomics and genomics data by scoring consensus between the two increases the quality of both metabolite identifications and gene annotations in this organism. MAGI also made biochemical predictions for poorly annotated genes that were consistent with the extensive literature on this important organism. This limited analysis suggests that using metabolomics data has the potential to improve annotations in sequenced organisms and also provides testable hypotheses for specific biochemical functions. MAGI is freely available for academic use both as an online tool at https://magi.nersc.gov and with source code available at https://github.com/biorack/magi.",2017.0,bioRxiv,29,10.1101/204362,30896917.0,,JournalArticle,2017-10-17,https://www.semanticscholar.org/paper/ef0a9553c37e9b07497ba20923e833109cc6a010,Biology;Computer Science,Biology|s2-fos-model;Computer Science|s2-fos-model,Onur Erbilgin; O. Rübel; Katherine B. Louie; M. Trinh; M. D. Raad; T. Wildish; D. Udwary; C. Hoover; S. Deutsch; T. Northen; B. Bowen,,,1hop_citations,False,,,,,annotation,annotation,,,,1,0,1,False,False,recovered_keep_false,False,False,False,True,False,False,True,role_bridge_review
0d048312e799ca6c2309f9c911248d0d4e0a4cf6,Transcriptome sequencing and annotation of the halophytic microalga Dunaliella salina,,2017.0,Journal of Zhejiang University SCIENCE B,16,10.1631/jzus.b1700088,28990374.0,,JournalArticle,2017-10-01,https://www.semanticscholar.org/paper/0d048312e799ca6c2309f9c911248d0d4e0a4cf6,Environmental Science;Biology;Materials Science,Environmental Science|s2-fos-model;Biology|s2-fos-model;Materials Science|s2-fos-model,Ling Hong; Jun-li Liu; S. Z. Midoun; P. Miller,,,1hop_citations,False,,,,,annotation,annotation,,,,1,0,1,False,False,recovered_keep_false,False,False,False,True,False,False,True,role_bridge_review
b3513d1757a41d7dd1959b26794a4c7ed5dab826,Combining multiple functional annotation tools increases coverage of metabolic annotation,"Genome-scale metabolic modeling is a cornerstone of systems biology analysis of microbial organisms and communities, yet these genome-scale modeling efforts are invariably based on incomplete functional annotations. Annotated genomes typically contain 30–50% of genes without functional annotation, severely limiting our knowledge of the “parts lists” that the organisms have at their disposal. These incomplete annotations may be sufficient to derive a model of a core set of well-studied metabolic pathways that support growth in pure culture. However, pathways important for growth on unusual metabolites exchanged in complex microbial communities are often less understood, resulting in missing functional annotations in newly sequenced genomes. Here, we present results on a comprehensive reannotation of 27 bacterial reference genomes, focusing on enzymes with EC numbers annotated by KEGG, RAST, EFICAz, and the BRENDA enzyme database, and on membrane transport annotations by TransportDB, KEGG and RAST. Our analysis shows that annotation using multiple tools can result in a drastically larger metabolic network reconstruction, adding on average 40% more EC numbers, 3–8 times more substrate-specific transporters, and 37% more metabolic genes. These results are even more pronounced for bacterial species that are phylogenetically distant from well-studied model organisms such as E. coli. Metabolic annotations are often incomplete and inconsistent. Combining multiple functional annotation tools can greatly improve genome coverage and metabolic network size, especially for non-model organisms and non-core pathways.",2017.0,BMC Genomics,50,10.1186/s12864-018-5221-9,30567498.0,,JournalArticle,2017-07-07,https://www.semanticscholar.org/paper/b3513d1757a41d7dd1959b26794a4c7ed5dab826,Biology;Environmental Science;Computer Science,Biology|s2-fos-model;Environmental Science|s2-fos-model;Computer Science|s2-fos-model,M. Griesemer; Jeffrey A. Kimbrel; C. Zhou; A. Navid; P. D’haeseleer,,,1hop_citations,False,,,,,annotation,annotation;database,,,,1,0,1,False,False,recovered_keep_false,False,False,False,True,False,False,True,role_bridge_review
3b2c20341e1370101a62cf30a5cb4152b74ecc12,"Generation, Annotation, and Analysis of a Large-Scale Expressed Sequence Tag Library from Arabidopsis pumila to Explore Salt-Responsive Genes","Arabidopsis pumila is an ephemeral plant, and a close relative of the model plant Arabidopsis thaliana, but it possesses higher photosynthetic efficiency, higher propagation rate, and higher salinity tolerance compared to those A. thaliana, thus providing a candidate plant system for gene mining for environmental adaption and salt tolerance. However, A. pumila is an under-explored resource for understanding the genetic mechanisms underlying abiotic stress adaptation. To improve our understanding of the molecular and genetic mechanisms of salt stress adaptation, more than 19,900 clones randomly selected from a cDNA library constructed previously from leaf tissue exposed to high-salinity shock were sequenced. A total of 16,014 high-quality expressed sequence tags (ESTs) were generated, which have been deposited in the dbEST GenBank under accession numbers JZ932319 to JZ948332. Clustering and assembly of these ESTs resulted in the identification of 8,835 unique sequences, consisting of 2,469 contigs and 6,366 singletons. The blastx results revealed 8,011 unigenes with significant similarity to known genes, while only 425 unigenes remained uncharacterized. Functional classification demonstrated an abundance of unigenes involved in binding, catalytic, structural or transporter activities, and in pathways of energy, carbohydrate, amino acid, or lipid metabolism. At least seven main classes of genes were related to salt-tolerance among the 8,835 unigenes. Many previously reported salt tolerance genes were also manifested in this library, for example VP1, H+-ATPase, NHX1, SOS2, SOS3, NAC, MYB, ERF, LEA, P5CS1. In addition, 251 transcription factors were identified from the library, classified into 42 families. Lastly, changes in expression of the 12 most abundant unigenes, 12 transcription factor genes, and 19 stress-related genes in the first 24 h of exposure to high-salinity stress conditions were monitored by qRT-PCR. The large-scale EST library obtained in this study provides first-hand information on gene sequences expressed in young leaves of A. pumila exposed to salt shock. The rapid discovery of known or unknown genes related to salinity stress response in A. pumila will facilitate the understanding of complex adaptive mechanisms for ephemerals.",2017.0,Frontiers in Plant Science,19,10.3389/fpls.2017.00955,28638397.0,,JournalArticle,2017-06-07,https://www.semanticscholar.org/paper/3b2c20341e1370101a62cf30a5cb4152b74ecc12,Environmental Science;Biology;Materials Science,Environmental Science|s2-fos-model;Biology|s2-fos-model;Materials Science|s2-fos-model,Xianzhong Huang; Lifei Yang; Yuhuan Jin; Jun-Na Lin; Fang Liu,,,1hop_citations,False,,,,,annotation,annotation,,,,1,0,1,False,False,recovered_keep_false,False,False,False,True,False,False,True,role_bridge_review
77246c03346222e62ade50637e5fd0b07b7f26c6,Analysis of Annotation and Differential Expression Methods used in RNA-seq Studies in Crustacean Systems.,,2016.0,Integrative and Comparative Biology,20,10.1093/icb/icw117,27940611.0,,JournalArticle,2016-12-01,https://www.semanticscholar.org/paper/77246c03346222e62ade50637e5fd0b07b7f26c6,Biology;Environmental Science,Biology|s2-fos-model;Environmental Science|s2-fos-model,Sunetra Das; Sharmishtha Shyamal; D. Durica,,,1hop_citations,False,,,,,annotation,annotation,,,,1,0,1,False,False,recovered_keep_false,False,False,False,True,False,False,True,role_bridge_review
f79b2ef79b1543ca03f85abe363b4293037e562b,De novo annotation of the immune-enriched transcriptome provides insights into immune system genes of Chinese sturgeon (Acipenser sinensis).,,2016.0,Fish and Shellfish Immunology,26,10.1016/j.fsi.2016.06.051,27368537.0,,JournalArticle,2016-08-01,https://www.semanticscholar.org/paper/f79b2ef79b1543ca03f85abe363b4293037e562b,Biology;Environmental Science,Biology|s2-fos-model;Environmental Science|s2-fos-model,Rong Zhu; Hejun Du; Shun‐Yi Li; Ya-Dong Li; Hong Ni; Xuebiao Yu; Yan-Yan Yang; Yu Fan; Nan Jiang; L. Zeng; Xingguo Wang,,,1hop_citations,False,,,,,annotation,annotation,,,,1,0,1,False,False,recovered_keep_false,False,False,False,True,False,False,True,role_bridge_review
a6770dba6b304e9904e167c31b2a2a8cd1f18ea5,Establishing optimum DNA annotation methods to investigate the impacts of flooding on microbial communities and functions,,2016.0,,0,,,,,2016-06-21,https://www.semanticscholar.org/paper/a6770dba6b304e9904e167c31b2a2a8cd1f18ea5,Environmental Science;Biology,Environmental Science|s2-fos-model;Biology|s2-fos-model,R. Randle-Boggis,,,1hop_citations,False,,,,,annotation,annotation,,,,1,0,1,False,False,recovered_keep_false,False,False,False,True,False,False,True,role_bridge_review
2eb5fc55ff4d6bb71fe57320ea6bafe79c0e9b2d,De novo assembly and annotation of the salivary gland transcriptome of Rhipicephalus appendiculatus male and female ticks during blood feeding.,,2016.0,Ticks and Tick-borne Diseases,55,10.1016/j.ttbdis.2016.01.014,26830274.0,,JournalArticle,2016-06-01,https://www.semanticscholar.org/paper/2eb5fc55ff4d6bb71fe57320ea6bafe79c0e9b2d,Biology;Environmental Science;Medicine,Biology|s2-fos-model;Environmental Science|s2-fos-model;Medicine|s2-fos-model,Minique H. de Castro; Daniël de Klerk; R. Pienaar; A. Latif; D. Rees; B. Mans,,,1hop_citations,False,,,,,annotation,annotation,disease,,,1,0,1,False,False,recovered_keep_false,False,False,False,True,False,False,True,role_bridge_review
68d97cc775211e42795ec54f6d4b4121ecdc8695,Next-Generation Sequencing and the Crustacean Immune System: The Need for Alternatives in Immune Gene Annotation.,,2016.0,Integrative and Comparative Biology,29,10.1093/icb/icw023,27252213.0,,JournalArticle,2016-06-01,https://www.semanticscholar.org/paper/68d97cc775211e42795ec54f6d4b4121ecdc8695,Biology,Biology|s2-fos-model,K. F. Clark; S. Greenwood,,,1hop_citations,False,,,,,annotation,annotation,,,,1,0,1,False,False,recovered_keep_false,False,False,False,True,False,False,True,role_bridge_review
deb92281d63a9bcc6fd7a912b2e6ac4d464ee164,Evaluating techniques for metagenome annotation using simulated sequence data,"The advent of next-generation sequencing has allowed huge amounts of DNA sequence data to be produced, advancing the capabilities of microbial ecosystem studies. The current challenge is to identify from which microorganisms and genes the DNA originated. Several tools and databases are available for annotating DNA sequences. The tools, databases and parameters used can have a significant impact on the results: naïve choice of these factors can result in a false representation of community composition and function. We use a simulated metagenome to show how different parameters affect annotation accuracy by evaluating the sequence annotation performances of MEGAN, MG-RAST, One Codex and Megablast. This simulated metagenome allowed the recovery of known organism and function abundances to be quantitatively evaluated, which is not possible for environmental metagenomes. The performance of each program and database varied, e.g. One Codex correctly annotated many sequences at the genus level, whereas MG-RAST RefSeq produced many false positive annotations. This effect decreased as the taxonomic level investigated increased. Selecting more stringent parameters decreases the annotation sensitivity, but increases precision. Ultimately, there is a trade-off between taxonomic resolution and annotation accuracy. These results should be considered when annotating metagenomes and interpreting results from previous studies.",2016.0,FEMS Microbiology Ecology,57,10.1093/femsec/fiw095,27162180.0,,JournalArticle;Study,2016-05-08,https://www.semanticscholar.org/paper/deb92281d63a9bcc6fd7a912b2e6ac4d464ee164,Biology;Computer Science;Environmental Science,Biology|s2-fos-model;Computer Science|s2-fos-model;Environmental Science|s2-fos-model,R. Randle-Boggis; T. Helgason; M. Sapp; P. Ashton,,,1hop_citations,False,,,,community,annotation,annotation;database,,,,1,0,1,False,False,recovered_keep_false,False,False,False,True,False,False,True,role_bridge_review
427a3d4a128f84d382005029fde4b3c1e94fee43,De novo genome assembly and annotation of rice sheath rot fungus Sarocladium oryzae reveals genes involved in Helvolic acid and Cerulenin biosynthesis pathways,"Sheath rot disease caused by Sarocladium oryzae is an emerging threat for rice cultivation at global level. However, limited information with respect to genomic resources and pathogenesis is a major setback to develop disease management strategies. Considering this fact, we sequenced the whole genome of highly virulent Sarocladium oryzae field isolate, Saro-13 with 82x sequence depth. The genome size of S. oryzae was 32.78 Mb with contig N50 18.07 Kb and 10526 protein coding genes. The functional annotation of protein coding genes revealed that S. oryzae genome has evolved with many expanded gene families of major super family, proteinases, zinc finger proteins, sugar transporters, dehydrogenases/reductases, cytochrome P450, WD domain G-beta repeat and FAD-binding proteins. Gene orthology analysis showed that around 79.80 % of S. oryzae genes were orthologous to other Ascomycetes fungi. The polyketide synthase dehydratase, ATP-binding cassette (ABC) transporters, amine oxidases, and aldehyde dehydrogenase family proteins were duplicated in larger proportion specifying the adaptive gene duplications to varying environmental conditions. Thirty-nine secondary metabolite gene clusters encoded for polyketide synthases, nonribosomal peptide synthase, and terpene cyclases. Protein homology based analysis indicated that nine putative candidate genes were found to be involved in helvolic acid biosynthesis pathway. The genes were arranged in cluster and structural organization of gene cluster was similar to helvolic acid biosynthesis cluster in Metarhizium anisophilae. Around 9.37 % of S. oryzae genes were identified as pathogenicity genes, which are experimentally proven in other phytopathogenic fungi and enlisted in pathogen-host interaction database. In addition, we also report 13212 simple sequences repeats (SSRs) which can be deployed in pathogen identification and population dynamic studies in near future. Large set of pathogenicity determinants and putative genes involved in helvolic acid and cerulenin biosynthesis will have broader implications with respect to Sarocladium disease biology. This is the first genome sequencing report globally and the genomic resources developed from this study will have wider impact worldwide to understand Rice-Sarocladium interaction.",2016.0,BMC Genomics,46,10.1186/s12864-016-2599-0,27036298.0,,JournalArticle,2016-03-31,https://www.semanticscholar.org/paper/427a3d4a128f84d382005029fde4b3c1e94fee43,Biology;Environmental Science;Materials Science,Biology|s2-fos-model;Environmental Science|s2-fos-model;Materials Science|s2-fos-model,S. Hittalmani; H. Mahesh; C. Mahadevaiah; M. Prasannakumar,,health_translation,1hop_citations,False,,,,,annotation,annotation;database,disease,,,1,0,1,False,False,recovered_keep_false,False,False,False,True,False,False,True,role_bridge_review
9daa46c61c3c93b44b3b3cbc7716fa48e511b5b2,"Homology modeling, functional annotation and comparative genomics of outer membrane protein H of Pasteurella multocida.",,2015.0,Journal of Theoretical Biology,5,10.1016/j.jtbi.2015.08.028,26362105.0,,JournalArticle,2015-12-07,https://www.semanticscholar.org/paper/9daa46c61c3c93b44b3b3cbc7716fa48e511b5b2,Biology;Medicine,Biology|s2-fos-model;Medicine|s2-fos-model,B. Ganguly; K. Tewari; R. Singh,,,1hop_citations,False,,,,,annotation,annotation,,,,1,0,1,False,False,recovered_keep_false,False,False,False,True,False,False,True,role_bridge_review
2694dcb295a0bf7ac35c23fcd80625521de9ba86,IsoSeq analysis and functional annotation of the infratentorial ependymoma tumor tissue on PacBio RSII platform,"Here, we sequenced and functionally annotated the long reads (1–2 kb) cDNAs library of an infratentorial ependymoma tumor tissue on PacBio RSII by Iso-Seq protocol using SMRT technology. 577 MB, data was generated from the brain tissues of ependymoma tumor patient, producing 1,19,313 high-quality reads assembled into 19,878 contigs using Celera assembler followed by Quiver pipelines, which produced 2952 unique protein accessions in the nr protein database and 307 KEGG pathways. Additionally, when we compared GO terms of second and third level with alternative splicing data obtained through HTA Array2.0. We identified four and twelve transcript cluster IDs in Level-2 and Level-3 scores respectively with alternative splicing index predicting mainly the major pathways of hallmarks of cancer. Out of these transcript cluster IDs only transcript cluster IDs of gene PNMT, SNN and LAMB1 showed Reads Per Kilobase of exon model per Million mapped reads (RPKM) values at gene-level expression (GE) and transcript-level (TE) track. Most importantly, brain-specific genes–—PNMT, SNN and LAMB1 show their involvement in Ependymoma.",2015.0,Meta Gene,16,10.1016/j.mgene.2015.11.004,26862483.0,,JournalArticle,2015-11-23,https://www.semanticscholar.org/paper/2694dcb295a0bf7ac35c23fcd80625521de9ba86,Medicine;Biology,Medicine|s2-fos-model;Biology|s2-fos-model,Neetu Singh; D. Sahu; R. Chowdhry; Archana Mishra; M. Goel; Mohd. Faheem; C. Srivastava; B. Ojha; D. Gupta; R. Kant,,health_translation,1hop_citations,False,,,,,annotation,annotation;database,patient,,,1,0,1,False,False,recovered_keep_false,False,False,False,True,False,False,True,role_bridge_review
2d245ff6e65b4a47f3e2d0fed58c688e24846abb,Extension to distributed annotation system: Summary and summaryplot commands,,2015.0,Annual International Conference of the IEEE Engineering in Medicine and Biology Society,0,10.1109/embc.2015.7320165,26738065.0,,JournalArticle;Conference,2015-11-05,https://www.semanticscholar.org/paper/2d245ff6e65b4a47f3e2d0fed58c688e24846abb,Computer Science,Computer Science|s2-fos-model,C. Chrysostomou; A. Brookes,,,1hop_citations,False,,,,,annotation,annotation;distributed,,,,1,0,1,False,False,recovered_keep_false,False,False,False,True,False,False,True,role_bridge_review
b106e566f4ff5a4d2c5d9347ee69d5feba3482e8,KEGG as a reference resource for gene and protein annotation,"KEGG (http://www.kegg.jp/ or http://www.genome.jp/kegg/) is an integrated database resource for biological interpretation of genome sequences and other high-throughput data. Molecular functions of genes and proteins are associated with ortholog groups and stored in the KEGG Orthology (KO) database. The KEGG pathway maps, BRITE hierarchies and KEGG modules are developed as networks of KO nodes, representing high-level functions of the cell and the organism. Currently, more than 4000 complete genomes are annotated with KOs in the KEGG GENES database, which can be used as a reference data set for KO assignment and subsequent reconstruction of KEGG pathways and other molecular networks. As an annotation resource, the following improvements have been made. First, each KO record is re-examined and associated with protein sequence data used in experiments of functional characterization. Second, the GENES database now includes viruses, plasmids, and the addendum category for functionally characterized proteins that are not represented in complete genomes. Third, new automatic annotation servers, BlastKOALA and GhostKOALA, are made available utilizing the non-redundant pangenome data set generated from the GENES database. As a resource for translational bioinformatics, various data sets are created for antimicrobial resistance and drug interaction networks.",2015.0,Nucleic Acids Res.,6717,10.1093/nar/gkv1070,26476454.0,,JournalArticle,2015-10-17,https://www.semanticscholar.org/paper/b106e566f4ff5a4d2c5d9347ee69d5feba3482e8,Biology;Computer Science,Biology|s2-fos-model;Computer Science|s2-fos-model,M. Kanehisa; Yoko Sato; Masayuki Kawashima; Miho Furumichi; M. Tanabe,,,1hop_citations,False,,,,,annotation,annotation;database,,,,1,0,1,False,False,recovered_keep_false,False,False,False,True,False,False,True,role_bridge_review
c65adc878c3d97fed1e15fe37a6fd66576b94b1a,Functional Annotation of the Ophiostoma novo-ulmi Genome: Insights into the Phytopathogenicity of the Fungal Agent of Dutch Elm Disease,"The ascomycete fungus Ophiostoma novo-ulmi is responsible for the pandemic of Dutch elm disease that has been ravaging Europe and North America for 50 years. We proceeded to annotate the genome of the O. novo-ulmi strain H327 that was sequenced in 2012. The 31.784-Mb nuclear genome (50.1% GC) is organized into 8 chromosomes containing a total of 8,640 protein-coding genes that we validated with RNA sequencing analysis. Approximately 53% of these genes have their closest match to Grosmannia clavigera kw1407, followed by 36% in other close Sordariomycetes, 5% in other Pezizomycotina, and surprisingly few (5%) orphans. A relatively small portion (∼3.4%) of the genome is occupied by repeat sequences; however, the mechanism of repeat-induced point mutation appears active in this genome. Approximately 76% of the proteins could be assigned functions using Gene Ontology analysis; we identified 311 carbohydrate-active enzymes, 48 cytochrome P450s, and 1,731 proteins potentially involved in pathogen–host interaction, along with 7 clusters of fungal secondary metabolites. Complementary mating-type locus sequencing, mating tests, and culturing in the presence of elm terpenes were conducted. Our analysis identified a specific genetic arsenal impacting the sexual and vegetative growth, phytopathogenicity, and signaling/plant–defense–degradation relationship between O. novo-ulmi and its elm host and insect vectors.",2014.0,Genome Biology and Evolution,70,10.1093/gbe/evu281,25539722.0,,JournalArticle,2014-12-24,https://www.semanticscholar.org/paper/c65adc878c3d97fed1e15fe37a6fd66576b94b1a,Biology;Environmental Science,Biology|s2-fos-model;Environmental Science|s2-fos-model,A. Comeau; J. Dufour; G. Bouvet; V. Jacobi; M. Nigg; B. Henrissat; J. Laroche; R. Lévesque; L. Bernier,,health_translation,1hop_citations,False,,,,,annotation,annotation,disease,,,1,0,1,False,False,recovered_keep_false,False,False,False,True,False,False,True,role_bridge_review
986c81efed89a14aa6be1749db847cb4ae6e0f08,"Novel transcriptome assembly and improved annotation of the whiteleg shrimp (Litopenaeus vannamei), a dominant crustacean in global seafood mariculture","We present a new transcriptome assembly of the Pacific whiteleg shrimp (Litopenaeus vannamei), the species most farmed for human consumption. Its functional annotation, a substantial improvement over previous ones, is provided freely. RNA-Seq with Illumina HiSeq technology was used to analyze samples extracted from shrimp abdominal muscle, hepatopancreas, gills and pleopods. We used the Trinity and Trinotate software suites for transcriptome assembly and annotation, respectively. The quality of this assembly and the affiliated targeted homology searches greatly enrich the curated transcripts currently available in public databases for this species. Comparison with the model arthropod Daphnia allows some insights into defining characteristics of decapod crustaceans. This large-scale gene discovery gives the broadest depth yet to the annotated transcriptome of this important species and should be of value to ongoing genomics and immunogenetic resistance studies in this shrimp of paramount global economic importance.",2014.0,Scientific Reports,95,10.1038/srep07081,25420880.0,,JournalArticle,2014-11-25,https://www.semanticscholar.org/paper/986c81efed89a14aa6be1749db847cb4ae6e0f08,Biology;Environmental Science,Biology|s2-fos-model;Environmental Science|s2-fos-model,Noushin Ghaffari; A. Sánchez-Flores; Ryan N. Doan; K. García-Orozco; Patricia L. Chen; A. Ochoa‐Leyva; A. López-Zavala; J. Salvador Carrasco; Chris Hong; L. Brieba; E. Rudiño-Piñera; Philip D. Blood; J. Sawyer; Charles D. Johnson; S. Dindot; R. Sotelo-Mundo; M. Criscitiello,,,1hop_citations,False,,,,,annotation,annotation;database,,,,1,0,1,False,False,recovered_keep_false,False,False,False,True,False,False,True,role_bridge_review
897b614bd1c443d7b498d4be544509a517dc9475,"De novo transcriptome assembly, gene annotation, marker development, and miRNA potential target genes validation under abiotic stresses in Oenanthe javanica",,2014.0,Zeitschrift für Induktive Abstammungs- und Vererbungslehre,52,10.1007/s00438-014-0953-y,25416420.0,,JournalArticle,2014-11-22,https://www.semanticscholar.org/paper/897b614bd1c443d7b498d4be544509a517dc9475,Biology;Environmental Science,Biology|s2-fos-model;Environmental Science|s2-fos-model,Qian Jiang; Feng Wang; Hua-Wei Tan; Meng-Yao Li; Zhisheng Xu; Guo-Fei Tan; Ai-sheng Xiong,,,1hop_citations,False,,,,,annotation,annotation,,,,1,0,1,False,False,recovered_keep_false,False,False,False,True,False,False,True,role_bridge_review
981cc548da1cbff4d424ba417cdf6719aca7884b,Extension to Distributed Annotation System: Summary command,,2014.0,IEEE-EMBS International Conference on Biomedical and Health Informatics (BHI),1,10.1109/bhi.2014.6864439,,,JournalArticle;Conference,2014-06-01,https://www.semanticscholar.org/paper/981cc548da1cbff4d424ba417cdf6719aca7884b,Computer Science,Computer Science|s2-fos-model,C. Chrysostomou; R. Hastings; A. Brookes,,,1hop_citations,False,,,,,annotation,annotation;distributed,,,,1,0,1,False,False,recovered_keep_false,False,False,False,True,False,False,True,role_bridge_review
5d31f60ebb13d39396566177f49f51dd14264258,SFannotation: A Simple and Fast Protein Function Annotation System,"Owing to the generation of vast amounts of sequencing data by using cost-effective, high-throughput sequencing technologies with improved computational approaches, many putative proteins have been discovered after assembly and structural annotation. Putative proteins are typically annotated using a functional annotation system that uses extant databases, but the expansive size of these databases often causes a bottleneck for rapid functional annotation. We developed SFannotation, a simple and fast functional annotation system that rapidly annotates putative proteins against four extant databases, Swiss-Prot, TIGRFAMs, Pfam, and the non-redundant sequence database, by using a best-hit approach with BLASTP and HMMSEARCH.",2014.0,Genomics & Informatics,2,10.5808/gi.2014.12.2.76,25031571.0,,JournalArticle,2014-06-01,https://www.semanticscholar.org/paper/5d31f60ebb13d39396566177f49f51dd14264258,Biology;Computer Science,Biology|s2-fos-model;Computer Science|s2-fos-model,D. Yu; B. K. Kim,,,1hop_citations,False,,,,,annotation,annotation;database,,,,1,0,1,False,False,recovered_keep_false,False,False,False,True,False,False,True,role_bridge_review
6590728a5ab5826e0acb5bb4faa0152124cf7913,Mercator: a fast and simple web server for genome scale functional annotation of plant sequence data.,"Next-generation technologies generate an overwhelming amount of gene sequence data. Efficient annotation tools are required to make these data amenable to functional genomics analyses. The Mercator pipeline automatically assigns functional terms to protein or nucleotide sequences. It uses the MapMan 'BIN' ontology, which is tailored for functional annotation of plant 'omics' data. The classification procedure performs parallel sequence searches against reference databases, compiles the results and computes the most likely MapMan BINs for each query. In the current version, the pipeline relies on manually curated reference classifications originating from the three reference organisms (Arabidopsis, Chlamydomonas, rice), various other plant species that have a reviewed SwissProt annotation, and more than 2000 protein domain and family profiles at InterPro, CDD and KOG. Functional annotations predicted by Mercator achieve accuracies above 90% when benchmarked against manual annotation. In addition to mapping files for direct use in the visualization software MapMan, Mercator provides graphical overview charts, detailed annotation information in a convenient web browser interface and a MapMan-to-GO translation table to export results as GO terms. Mercator is available free of charge via http://mapman.gabipd.org/web/guest/app/Mercator.",2014.0,"Plant, Cell and Environment",542,10.1111/pce.12231,24237261.0,,JournalArticle;Review,2014-05-01,https://www.semanticscholar.org/paper/6590728a5ab5826e0acb5bb4faa0152124cf7913,Biology;Computer Science;Environmental Science,Biology|s2-fos-model;Computer Science|s2-fos-model;Environmental Science|s2-fos-model,M. Lohse; Axel Nagel; T. Herter; P. May; M. Schroda; R. Zrenner; Takayuki Tohge; A. Fernie; M. Stitt; B. Usadel,,network_science,1hop_citations,False,,,,graph,annotation,annotation;database;query;version;visualization,,,,1,0,1,False,False,recovered_keep_false,False,False,False,True,False,False,True,role_bridge_review
5f4cd11efd15718059fd1a1bf129b26546bfea39,De Novo Assembly and Annotation of Salvia splendens Transcriptome Using the Illumina Platform,"Background As an important perennial herbaceous flower, Salvia splendens possesses high ornamental value. Understanding its branching processes may help scientists select the best plant type. Although Salvia splendens is a frequently-used horticultural flower, only limited transcriptomic or genomic research is available in public databases. In the present study, we, for the first time, constructed a comprehensive dataset for Salvia splendens through de novo high-throughput transcriptome sequencing. Methodology/Principal Findings We performed de novo transcriptome sequencing on two different branching type plants (Strain 35 and Cailinghong) using the Illumina paired-end sequencing technology. For Strain 35, a total of 16,488,829 reads were generated and assembled into 38,498 unigenes, with a mean length of approximately 779 bp. For Cailinghong, 16,464,713 reads were generated and assembled into 34,302 unigenes, with a mean length of approximately 812 bp. Moreover, a total of 49,310 unigenes for Salvia splendens were identified, among them 33,925 (68.80%) were annotated in the non-redundant NCBI database, 25,371 (51.45%) were annotated in the Swiss-Prot database, while 24,888 (50.47%) and 9,896 (20.07%) unigenes were assigned to gene ontology categories and clusters of orthologous groups, respectively. Using the Kyoto Encyclopedia of Genes and Genomes pathway database, we identified 134 differently expressed unigenes between Strain 35 and Cailinghong, and then these unigenes were mapped to 79 pathways. In addition, we detected 2,453 simple sequence repeats (SSRs). Conclusions We obtained a comprehensive transcriptomic information from this work and provided a valuable resource of transcript sequences of Salvia splendens in public databases. Moreover, some candidate genes potentially involved in branching were identified. Furthermore, numerous obtained SSRs might contribute to marker-assisted selection. These data could be further utilized in functional genomics studies on Salvia splendens.",2014.0,PLoS ONE,37,10.1371/journal.pone.0087693,24622329.0,,JournalArticle,2014-03-12,https://www.semanticscholar.org/paper/5f4cd11efd15718059fd1a1bf129b26546bfea39,Biology;Environmental Science;Materials Science,Biology|s2-fos-model;Environmental Science|s2-fos-model;Materials Science|s2-fos-model,Xiuxiu Ge; Hongwei Chen; Hongli Wang; Aiping Shi; Kefeng Liu,,,1hop_citations,False,,,,,annotation,annotation;database,,,,1,0,1,False,False,recovered_keep_false,False,False,False,True,False,False,True,role_bridge_review
7ac8c05b935482c65d28e5785dfbe97fb7a15e4b,BambooGDB: a bamboo genome database with functional annotation and an analysis platform,"Bamboo, as one of the most important non-timber forest products and fastest-growing plants in the world, represents the only major lineage of grasses that is native to forests. Recent success on the first high-quality draft genome sequence of moso bamboo (Phyllostachys edulis) provides new insights on bamboo genetics and evolution. To further extend our understanding on bamboo genome and facilitate future studies on the basis of previous achievements, here we have developed BambooGDB, a bamboo genome database with functional annotation and analysis platform. The de novo sequencing data, together with the full-length complementary DNA and RNA-seq data of moso bamboo composed the main contents of this database. Based on these sequence data, a comprehensively functional annotation for bamboo genome was made. Besides, an analytical platform composed of comparative genomic analysis, protein–protein interactions network, pathway analysis and visualization of genomic data was also constructed. As discovery tools to understand and identify biological mechanisms of bamboo, the platform can be used as a systematic framework for helping and designing experiments for further validation. Moreover, diverse and powerful search tools and a convenient browser were incorporated to facilitate the navigation of these data. As far as we know, this is the first genome database for bamboo. Through integrating high-throughput sequencing data, a full functional annotation and several analysis modules, BambooGDB aims to provide worldwide researchers with a central genomic resource and an extensible analysis platform for bamboo genome. BambooGDB is freely available at http://www.bamboogdb.org/. Database URL: http://www.bamboogdb.org",2014.0,Database J. Biol. Databases Curation,68,10.1093/database/bau006,24602877.0,,JournalArticle,2014-03-05,https://www.semanticscholar.org/paper/7ac8c05b935482c65d28e5785dfbe97fb7a15e4b,Environmental Science;Biology;Materials Science,Environmental Science|s2-fos-model;Biology|s2-fos-model;Materials Science|s2-fos-model,Hansheng Zhao; Zhenhua Peng; B. Fei; Lubin Li; Tao Hu; Zhimin Gao; Zehui Jiang,,,1hop_citations,False,,,,,annotation,annotation;database;visualization,,,,1,0,1,False,False,recovered_keep_false,False,False,False,True,False,False,True,role_bridge_review
637e8662e1cb6c597ea6f0b5d156d437e4dca4eb,Genome sequencing and annotation of Amycolatopsis vancoresmycina strain DSM 44592T,"We report the 9.0-Mb draft genome of Amycolatopsis vancoresmycina strain DSM 44592T, isolated from Indian soil sample; produces antibiotic vancoresmycin. Draft genome of strain DSM44592T consists of 9,037,069 bp with a G+C content of 71.79% and 8340 predicted protein coding genes and 57 RNAs. RAST annotation indicates that strains Streptomyces sp. AA4 (score 521), Saccharomonospora viridis DSM 43017 (score 400) and Actinosynnema mirum DSM 43827 (score 372) are the closest neighbors of the strain DSM 44592T.",2013.0,Genomics Data,5,10.1016/j.gdata.2013.10.006,26484057.0,,JournalArticle,2013-11-27,https://www.semanticscholar.org/paper/637e8662e1cb6c597ea6f0b5d156d437e4dca4eb,Biology;Environmental Science,Biology|s2-fos-model;Environmental Science|s2-fos-model,Navjot Kaur; Shailesh Kumar; S. Mayilraj,,,1hop_citations,False,,,,,annotation,annotation,,,,1,0,1,False,False,recovered_keep_false,False,False,False,True,False,False,True,role_bridge_review
e18879aed8da0c65c056a0ec67d673768a5ccf19,"Genome sequencing and annotation of Laceyella sacchari strain GS 1-1, isolated from hot spring, Chumathang, Leh, India","We report the 3.3-Mb draft genome of Laceyella sacchari strain GS 1-1, isolated from hot spring water sample, Chumathang, Leh, India. Draft genome of strain GS 1-1 consists of 3, 324, 316 bp with a G + C content of 48.8% and 3429 predicted protein coding genes and 75 RNAs. Geobacillus thermodenitrificans strain NG80-2, Geobacillus kaustophilus strain HTA426 and Geobacillus sp. Strain G11MC16 are the closest neighbors of the strain GS 1-1.",2013.0,Genomics Data,5,10.1016/j.gdata.2013.10.007,26484058.0,,JournalArticle,2013-11-27,https://www.semanticscholar.org/paper/e18879aed8da0c65c056a0ec67d673768a5ccf19,Biology;Environmental Science,Biology|s2-fos-model;Environmental Science|s2-fos-model,Navjot Kaur; Amit Arora; Narender Kumar; S. Mayilraj,,,1hop_citations,False,,,,,annotation,annotation,,,,1,0,1,False,False,recovered_keep_false,False,False,False,True,False,False,True,role_bridge_review
6605480185293b98c0bfea4771c5e6764de760d8,Genome Annotation of Burkholderia sp. SJ98 with Special Focus on Chemotaxis Genes,"Burkholderia sp. strain SJ98 has the chemotactic activity towards nitroaromatic and chloronitroaromatic compounds. Recently our group published draft genome of strain SJ98. In this study, we further sequence and annotate the genome of stain SJ98 to exploit the potential of this bacterium. We specifically annotate its chemotaxis genes and methyl accepting chemotaxis proteins. Genome of Burkholderia sp. SJ98 was annotated using PGAAP pipeline that predicts 7,268 CDSs, 52 tRNAs and 3 rRNAs. Our analysis based on phylogenetic and comparative genomics suggest that Burkholderia sp. YI23 is closest neighbor of the strain SJ98. The genes involved in the chemotaxis of strain SJ98 were compared with genes of closely related Burkholderia strains (i.e. YI23, CCGE 1001, CCGE 1002, CCGE 1003) and with well characterized bacterium E. coli K12. It was found that strain SJ98 has 37 che genes including 19 methyl accepting chemotaxis proteins that involved in sensing of different attractants. Chemotaxis genes have been found in a cluster along with the flagellar motor proteins. We also developed a web resource that provides comprehensive information on strain SJ98 that includes all analysis data (http://crdd.osdd.net/raghava/genomesrs/burkholderia/).",2013.0,PLoS ONE,12,10.1371/journal.pone.0070624,23940608.0,,JournalArticle;Study,2013-08-05,https://www.semanticscholar.org/paper/6605480185293b98c0bfea4771c5e6764de760d8,Biology;Environmental Science,Biology|s2-fos-model;Environmental Science|s2-fos-model,Shailesh Kumar; S. Vikram; Gajendra P. Raghava,,,1hop_citations,False,,,,,annotation,annotation,,,,1,0,1,False,False,recovered_keep_false,False,False,False,True,False,False,True,role_bridge_review
4f44bba651b24011ca4ffbda590c4fffb87ea787,"De Novo Assembly, Functional Annotation and Comparative Analysis of Withania somnifera Leaf and Root Transcriptomes to Identify Putative Genes Involved in the Withanolides Biosynthesis","Withania somnifera is one of the most valuable medicinal plants used in Ayurvedic and other indigenous medicine systems due to bioactive molecules known as withanolides. As genomic information regarding this plant is very limited, little information is available about biosynthesis of withanolides. To facilitate the basic understanding about the withanolide biosynthesis pathways, we performed transcriptome sequencing for Withania leaf (101L) and root (101R) which specifically synthesize withaferin A and withanolide A, respectively. Pyrosequencing yielded 8,34,068 and 7,21,755 reads which got assembled into 89,548 and 1,14,814 unique sequences from 101L and 101R, respectively. A total of 47,885 (101L) and 54,123 (101R) could be annotated using TAIR10, NR, tomato and potato databases. Gene Ontology and KEGG analyses provided a detailed view of all the enzymes involved in withanolide backbone synthesis. Our analysis identified members of cytochrome P450, glycosyltransferase and methyltransferase gene families with unique presence or differential expression in leaf and root and might be involved in synthesis of tissue-specific withanolides. We also detected simple sequence repeats (SSRs) in transcriptome data for use in future genetic studies. Comprehensive sequence resource developed for Withania, in this study, will help to elucidate biosynthetic pathway for tissue-specific synthesis of secondary plant products in non-model plant organisms as well as will be helpful in developing strategies for enhanced biosynthesis of withanolides through biotechnological approaches.",2013.0,PLoS ONE,101,10.1371/journal.pone.0062714,23667511.0,,JournalArticle,2013-05-08,https://www.semanticscholar.org/paper/4f44bba651b24011ca4ffbda590c4fffb87ea787,Biology;Environmental Science;Medicine,Biology|s2-fos-model;Environmental Science|s2-fos-model;Medicine|s2-fos-model,Parul Gupta; Ridhi Goel; Sumya Pathak; Apeksha Srivastava; S. P. Singh; R. Sangwan; M. Asif; P. Trivedi,,,1hop_citations,False,,,,,annotation,annotation;database,,,,1,0,1,False,False,recovered_keep_false,False,False,False,True,False,False,True,role_bridge_review
3f0c93636cd3e0cafb383186b29357e0e8dc4cf7,"Transcriptome survey of Patagonian southern beech Nothofagus nervosa (= N. Alpina): assembly, annotation and molecular marker discovery","BackgroundNothofagus nervosa is one of the most emblematic native tree species of Patagonian temperate forests. Here, the shotgun RNA-sequencing (RNA-Seq) of the transcriptome of N. nervosa, including de novo assembly, functional annotation, and in silico discovery of potential molecular markers to support population and associations genetic studies, are described.ResultsPyrosequencing of a young leaf cDNA library generated a total of 111,814 high quality reads, with an average length of 447 bp. De novo assembly using Newbler resulted into 3,005 tentative isotigs (including alternative transcripts). The non-assembled sequences (singletons) were clustered with CD-HIT-454 to identify natural and artificial duplicates from pyrosequencing reads, leading to 21,881 unique singletons. 15,497 out of 24,886 non-redundant sequences or unigenes, were successfully annotated against a plant protein database. A substantial number of simple sequence repeat markers (SSRs) were discovered in the assembled and annotated sequences. More than 40% of the SSR sequences were inside ORF sequences. To confirm the validity of these predicted markers, a subset of 73 SSRs selected through functional annotation evidences were successfully amplified from six seedlings DNA samples, being 14 polymorphic.ConclusionsThis paper is the first report that shows a highly precise representation of the mRNAs diversity present in young leaves of a native South American tree, N. nervosa, as well as its in silico deduced putative functionality. The reported Nothofagus transcriptome sequences represent a unique resource for genetic studies and provide a tool to discover genes of interest and genetic markers that will greatly aid questions involving evolution, ecology, and conservation using genetic and genomic approaches in the genus.",2012.0,BMC Genomics,26,10.1186/1471-2164-13-291,22747958.0,,JournalArticle;Review,2012-07-02,https://www.semanticscholar.org/paper/3f0c93636cd3e0cafb383186b29357e0e8dc4cf7,Biology;Environmental Science,Biology|s2-fos-model;Environmental Science|s2-fos-model,S. Torales; Maximo Lisandro Rivarola; M. F. Pomponio; P. Fernandez; C. Acuña; P. Marchelli; Sergio Gonzalez; M. M. Azpilicueta; H. Hopp; L. Gallo; N. Paniego; S. M. Poltri,,,1hop_citations,False,,,,,annotation,annotation;database,,,,1,0,1,False,False,recovered_keep_false,False,False,False,True,False,False,True,role_bridge_review
19ba07004ed2fb413b8028cb1a53fc01ed669287,"Large-scale collection and annotation of gene models for date palm (Phoenix dactylifera, L.)","The date palm (Phoenix dactylifera L.), famed for its sugar-rich fruits (dates) and cultivated by humans since 4,000 B.C., is an economically important crop in the Middle East, Northern Africa, and increasingly other places where climates are suitable. Despite a long history of human cultivation, the understanding of P. dactylifera genetics and molecular biology are rather limited, hindered by lack of basic data in high quality from genomics and transcriptomics. Here we report a large-scale effort in generating gene models (assembled expressed sequence tags or ESTs and mapped to a genome assembly) for P. dactylifera, using the long-read pyrosequencing platform (Roche/454 GS FLX Titanium) in high coverage. We built fourteen cDNA libraries from different P. dactylifera tissues (cultivar Khalas) and acquired 15,778,993 raw sequencing reads—about one million sequencing reads per library—and the pooled sequences were assembled into 67,651 non-redundant contigs and 301,978 singletons. We annotated 52,725 contigs based on the plant databases and 45 contigs based on functional domains referencing to the Pfam database. From the annotated contigs, we assigned GO (Gene Ontology) terms to 36,086 contigs and KEGG pathways to 7,032 contigs. Our comparative analysis showed that 70.6 % (47,930), 69.4 % (47,089), 68.4 % (46,441), and 69.3 % (47,048) of the P. dactylifera gene models are shared with rice, sorghum, Arabidopsis, and grapevine, respectively. We also assigned our gene models into house-keeping and tissue-specific genes based on their tissue specificity.",2012.0,Plant Molecular Biology,27,10.1007/s11103-012-9924-z,22736259.0,,JournalArticle,2012-06-27,https://www.semanticscholar.org/paper/19ba07004ed2fb413b8028cb1a53fc01ed669287,Agricultural and Food Sciences;Biology;Environmental Science,Agricultural and Food Sciences|s2-fos-model;Biology|s2-fos-model;Environmental Science|s2-fos-model,Guangyu Zhang; Linlin Pan; Yuxin Yin; Wanfei Liu; Dawei Huang; Tongwu Zhang; Lei Wang; Chengqi Xin; Qiang Lin; Gaoyuan Sun; Mohammed Ba Abdullah; Xiaowei Zhang; Songnian Hu; I. Al-Mssallem; Jun Yu,,,1hop_citations,False,,,,,annotation,annotation;database,,,,1,0,1,False,False,recovered_keep_false,False,False,False,True,False,False,True,role_bridge_review
b6c66dea5f14c1b0c3ae3360999898c25924f8ea,Homology modeling and functional annotation of bubaline pregnancy associated glycoprotein 2,"BackgroundPregnancy associated glycoproteins form a diverse family of glycoproteins that are variably expressed at different stages of gestation. They are probably involved in immunosuppression of the dam against the feto-maternal placentome. The presence of the products of binucleate cells in maternal circulation has also been correlated with placentogenesis and placental re-modeling. The exact structure and function of the gene product is unknown due to limitations on obtaining purified pregnancy associated glycoprotein preparations.ResultsOur study describes an in silico derived 3D model for bubaline pregnancy associated glycoprotein 2. Structure-activity features of the protein were characterized, and functional studies predict bubaline pregnancy associated glycoprotein 2 as an inducible, extra-cellular, non-essential, N-glycosylated, aspartic pro-endopeptidase that is involved in down-regulation of complement pathway and immunity during pregnancy. The protein is also predicted to be involved in nutritional processes, and apoptotic processes underlying fetal morphogenesis and re-modeling of feto-maternal tissues.ConclusionThe structural and functional annotation of bu PAG2 shall allow the designing of mutants and inhibitors for dissection of the exact physiological role of the protein.",2012.0,Journal of Animal Science and Biotechnology,9,10.1186/2049-1891-3-13,22958467.0,,JournalArticle,2012-05-31,https://www.semanticscholar.org/paper/b6c66dea5f14c1b0c3ae3360999898c25924f8ea,Biology;Medicine,Biology|s2-fos-model;Medicine|s2-fos-model,B. Ganguly; S. Prasad,,,1hop_citations,False,,,,,annotation,annotation,,,,1,0,1,False,False,recovered_keep_false,False,False,False,True,False,False,True,role_bridge_review
5b260c330054657a753bba3a6bbfb082dc440b75,"Characterization of Common Carp Transcriptome: Sequencing, De Novo Assembly, Annotation and Comparative Genomics","Background Common carp (Cyprinus carpio) is one of the most important aquaculture species of Cyprinidae with an annual global production of 3.4 million tons, accounting for nearly 14% of the freshwater aquaculture production in the world. Due to the economical and ecological importance of common carp, genomic data are eagerly needed for genetic improvement purpose. However, there is still no sufficient transcriptome data available. The objective of the project is to sequence transcriptome deeply and provide well-assembled transcriptome sequences to common carp research community. Result Transcriptome sequencing of common carp was performed using Roche 454 platform. A total of 1,418,591 clean ESTs were collected and assembled into 36,811 cDNA contigs, with average length of 888 bp and N50 length of 1,002 bp. Annotation was performed and a total of 19,165 unique proteins were identified from assembled contigs. Gene ontology and KEGG analysis were performed and classified all contigs into functional categories for understanding gene functions and regulation pathways. Open Reading Frames (ORFs) were detected from 29,869 (81.1%) contigs with an average ORF length of 763 bp. From these contigs, 9,625 full-length cDNAs were identified with sequence length from 201 bp to 9,956 bp. Comparative analysis revealed that 27,693(75.2%) contigs have significant similarity to zebrafish Refseq proteins, and 24,371(66.2%), 24,501(66.5%) and 25,025(70.0%) to teraodon, medaka and three-spined stickleback refseq proteins. A total of 2,064 microsatellites were initially identified from 1,730 contigs, and 1,639 unique sequences had sufficient flanking sequences on both sides for primer design. Conclusion The transcriptome of common carp had been deep sequenced, de novo assembled and characterized, providing the valuable resource for better understanding of common carp genome. The transcriptome data will facilitate future functional studies on common carp genome, and gradually apply in breeding programs of common carp, as well as closely related other Cyprinids.",2012.0,PLoS ONE,148,10.1371/journal.pone.0035152,22514716.0,,JournalArticle,2012-04-13,https://www.semanticscholar.org/paper/5b260c330054657a753bba3a6bbfb082dc440b75,Biology;Environmental Science,Biology|s2-fos-model;Environmental Science|s2-fos-model,Peifeng Ji; Guiming Liu; Jian Xu; Xumin Wang; Jiongtang Li; Zixia Zhao; Xiaofeng Zhang; Yan Zhang; P. Xu; Xiaowen Sun,,,1hop_citations,False,,,,community,annotation,annotation,,,,1,0,1,False,False,recovered_keep_false,False,False,False,True,False,False,True,role_bridge_review
1ae3c6c5d2fa26a35e8725fd3bce4a1eaea400b8,CycADS: an annotation database system to ease the development and update of BioCyc databases,"In recent years, genomes from an increasing number of organisms have been sequenced, but their annotation remains a time-consuming process. The BioCyc databases offer a framework for the integrated analysis of metabolic networks. The Pathway tool software suite allows the automated construction of a database starting from an annotated genome, but it requires prior integration of all annotations into a specific summary file or into a GenBank file. To allow the easy creation and update of a BioCyc database starting from the multiple genome annotation resources available over time, we have developed an ad hoc data management system that we called Cyc Annotation Database System (CycADS). CycADS is centred on a specific database model and on a set of Java programs to import, filter and export relevant information. Data from GenBank and other annotation sources (including for example: KAAS, PRIAM, Blast2GO and PhylomeDB) are collected into a database to be subsequently filtered and extracted to generate a complete annotation file. This file is then used to build an enriched BioCyc database using the PathoLogic program of Pathway Tools. The CycADS pipeline for annotation management was used to build the AcypiCyc database for the pea aphid (Acyrthosiphon pisum) whose genome was recently sequenced. The AcypiCyc database webpage includes also, for comparative analyses, two other metabolic reconstruction BioCyc databases generated using CycADS: TricaCyc for Tribolium castaneum and DromeCyc for Drosophila melanogaster. Linked to its flexible design, CycADS offers a powerful software tool for the generation and regular updating of enriched BioCyc databases. The CycADS system is particularly suited for metabolic gene annotation and network reconstruction in newly sequenced genomes. Because of the uniform annotation used for metabolic network reconstruction, CycADS is particularly useful for comparative analysis of the metabolism of different organisms. Database URL: http://www.cycadsys.org",2011.0,Database J. Biol. Databases Curation,21,10.1093/database/bar008,21474551.0,,JournalArticle,2011-04-07,https://www.semanticscholar.org/paper/1ae3c6c5d2fa26a35e8725fd3bce4a1eaea400b8,Biology;Computer Science;Environmental Science;Materials Science,Biology|s2-fos-model;Computer Science|s2-fos-model;Environmental Science|s2-fos-model;Materials Science|s2-fos-model,A. Vellozo; A. Véron; Patrice Baa-Puyoulet; J. Huerta-Cepas; Ludovic Cottret; G. Febvay; F. Calevro; Y. Rahbé; A. Douglas; T. Gabaldón; M. Sagot; H. Charles; S. Colella,,health_translation,1hop_citations,False,,,,,annotation,annotation;database,patholog,,,1,0,1,False,False,recovered_keep_false,False,False,False,True,False,False,True,role_bridge_review
36a0c7e740013aa815f2fdcc22d59de7f4e4e8b1,"CIPRO 2.5: Ciona intestinalis protein database, a unique integrated repository of large-scale omics data, bioinformatic analyses and curated annotation, with user rating and reviewing functionality","The Ciona intestinalis protein database (CIPRO) is an integrated protein database for the tunicate species C. intestinalis. The database is unique in two respects: first, because of its phylogenetic position, Ciona is suitable model for understanding vertebrate evolution; and second, the database includes original large-scale transcriptomic and proteomic data. Ciona intestinalis has also been a favorite of developmental biologists. Therefore, large amounts of data exist on its development and morphology, along with a recent genome sequence and gene expression data. The CIPRO database is aimed at collecting those published data as well as providing unique information from unpublished experimental data, such as 3D expression profiling, 2D-PAGE and mass spectrometry-based large-scale analyses at various developmental stages, curated annotation data and various bioinformatic data, to facilitate research in diverse areas, including developmental, comparative and evolutionary biology. For medical and evolutionary research, homologs in humans and major model organisms are intentionally included. The current database is based on a recently developed KH model containing 36 034 unique sequences, but for higher usability it covers 89 683 all known and predicted proteins from all gene models for this species. Of these sequences, more than 10 000 proteins have been manually annotated. Furthermore, to establish a community-supported protein database, these annotations are open to evaluation by users through the CIPRO website. CIPRO 2.5 is freely accessible at http://cipro.ibio.jp/2.5.",2010.0,Nucleic Acids Res.,34,10.1093/nar/gkq1144,21071393.0,,JournalArticle;Review,2010-11-10,https://www.semanticscholar.org/paper/36a0c7e740013aa815f2fdcc22d59de7f4e4e8b1,Biology;Computer Science;Environmental Science,Biology|s2-fos-model;Computer Science|s2-fos-model;Environmental Science|s2-fos-model,T. Endo; Keisuke Ueno; Kouki Yonezawa; Katsuhiko Mineta; K. Hotta; Y. Satou; Lixy Yamada; M. Ogasawara; Hiroki Takahashi; A. Nakajima; Mia Nakachi; M. Nomura; Junko Yaguchi; Y. Sasakura; Chisato Yamasaki; M. Sera; A. C. Yoshizawa; T. Imanishi; H. Taniguchi; K. Inaba,,,1hop_citations,False,,,,community,annotation,annotation;database,,,,1,0,1,False,False,recovered_keep_false,False,False,False,True,False,False,True,role_bridge_review
8dc4bf8b7405bb583df62217fd19a71e500f180b,Genome (re‐)annotation and open‐source annotation pipelines,"These days, more and more scientists are diving into genome sequencing projects, urged by fast and cheap next‐generation sequencing technologies. Only to discover that they are quickly drowning in an unfathomable sea of sequence data and gasping for help from experts to make biological sense of this ensuing disaster. Bioinformaticians and genome annotators to the rescue! 
 
Microbial genome annotation involves primarily identifying the genes (or actually the open reading frames: ORFs) encrypted in the DNA sequence and deducing functionality of the encoded protein and RNA products (Fig. 1). First, a gene finder such as Glimmer (Delcher et al., 1999) or GeneMark (Lukashin and Borodovsky, 1998) is applied to the genome DNA sequence, producing a set of predicted protein‐coding genes. These programs are quite accurate, though not perfect. The next step is to take the set of predictions and search for hits against one or more protein and/or protein domain databases using blast (Altschul et al., 1997), HMMer (Eddy, 1998) or other programs. For each gene that has a significant match, the blast output together with the annotation of the hit can be used to assign a name and function to the protein. The accuracy of this step depends not only on the annotation software, but also on the quality of the annotations already in the reference database. 
 
 
 
Figure 1 
 
A generalised flow chart of genome annotation. Statistical gene prediction: use of methods like GeneMark or Glimmer to predict protein‐coding genes. General database search: searching sequence databases (typically, NCBI NR) for sequence similarity, ... 
 
 
 
Genome sequences deposited in NCBI/GenBank, EMBL and DDBJ databases (which mirror each other) are annotated by the submitting groups, who each use their own methods, criteria and thoroughness. This leads to a large diversity in annotation completeness and accuracy. Many of the first genomes published had very limited or no functional annotation, simply because there was very little genomic information in these reference databases to compare with. Most public genome annotation remains static for years, and many annotations have never been changed since their initial publication. Over the years, annotation updates may have been maintained by the submitters, but they are generally only stored in local databases such as GenProtEC/EcoGene for Escherichia coli K12 (Rudd, 2000), Genolist/Bactilist for Bacillus subtilis 168 (Lechat et al., 2008) and SGD for Saccharomyces cerevisiae (Christie et al., 2004). 
 
Since gene functional annotation relies heavily on sequence similarity searching techniques with protein sequence databases, automatically annotated entries based on blast hits to NCBI databases can quickly become outdated. In the mean time, downstream sciences, such as comparative genomics, proteomics, transcriptomics and metabolomics, have rapidly increased our knowledge of many gene products. It is critical therefore, that genome annotations are frequently updated if the information they contain is to remain accurate, relevant and useful.",2010.0,Microbial Biotechnology,31,10.1111/j.1751-7915.2010.00191.x,21255336.0,,JournalArticle,2010-06-24,https://www.semanticscholar.org/paper/8dc4bf8b7405bb583df62217fd19a71e500f180b,Computer Science;Biology;Environmental Science,Computer Science|s2-fos-model;Biology|s2-fos-model;Environmental Science|s2-fos-model,R. Siezen; S. V. van Hijum,,,1hop_citations,False,,,,,annotation,annotation;database,,,,1,0,1,False,False,recovered_keep_false,False,False,False,True,False,False,True,role_bridge_review
01f5a3f1206ac935864a4fa79ea47a1c6790c8e6,An Ergatis-based prokaryotic genome annotation web server,,2010.0,Bioinform.,106,10.1093/bioinformatics/btq090,20194626.0,,JournalArticle,2010-04-01,https://www.semanticscholar.org/paper/01f5a3f1206ac935864a4fa79ea47a1c6790c8e6,Computer Science;Biology,Computer Science|s2-fos-model;Biology|s2-fos-model,Chris Hemmerich; A. Buechlein; Ram Podicheti; K. V. Revanna; Qunfeng Dong,,,1hop_citations,False,,,,,annotation,annotation,,,,1,0,1,False,False,recovered_keep_false,False,False,False,True,False,False,True,role_bridge_review
c54ca8b701f255d8df9907f64c9c4ce2c44d33e8,Gene discovery from an ovary cDNA library of oriental river prawn Macrobrachium nipponense by ESTs annotation.,,2009.0,Comparative Biochemistry and Physiology - Part D:Genomics and Proteomics,57,10.1016/j.cbd.2008.12.004,20403747.0,,JournalArticle,2009-06-01,https://www.semanticscholar.org/paper/c54ca8b701f255d8df9907f64c9c4ce2c44d33e8,Biology;Environmental Science,Biology|s2-fos-model;Environmental Science|s2-fos-model,Ping Wu; Dan Qi; Liqiao Chen; Hao Zhang; Xiaowei Zhang; J. Qin; Songnian Hu,,,1hop_citations,False,,,,,annotation,annotation,,,,1,0,1,False,False,recovered_keep_false,False,False,False,True,False,False,True,role_bridge_review
3eccf94dd98f18ae7063d7c0be3c690c134f0db3,Metabolomics- and Proteomics-Assisted Genome Annotation and Analysis of the Draft Metabolic Network of Chlamydomonas reinhardtii,,2008.0,Genetics,156,10.1534/genetics.108.088336,18493048.0,,JournalArticle;Study,2008-05-01,https://www.semanticscholar.org/paper/3eccf94dd98f18ae7063d7c0be3c690c134f0db3,Biology;Environmental Science;Chemistry,Biology|s2-fos-model;Environmental Science|s2-fos-model;Chemistry|s2-fos-model,P. May; S. Wienkoop; S. Kempa; B. Usadel; Nils Christian; J. Rupprecht; J. Weiss; Luis Recuenco-Muñoz; O. Ebenhöh; W. Weckwerth; Dirk Walther,,,1hop_citations,False,macroscale_only_no_positive_gate,,,,annotation,annotation,,,dti,1,0,1,False,False,recovered_keep_false,True,False,False,True,False,False,True,macroscale_role_bridge_review
99e806845adaa2588b04936938973af55cfd15d5,"Draft genome assembly and annotation of Glycyrrhiza uralensis, a medicinal legume","Summary Chinese liquorice/licorice (Glycyrrhiza uralensis) is a leguminous plant species whose roots and rhizomes have been widely used as a herbal medicine and natural sweetener. Whole‐genome sequencing is essential for gene discovery studies and molecular breeding in liquorice. Here, we report a draft assembly of the approximately 379‐Mb whole‐genome sequence of strain 308‐19 of G. uralensis; this assembly contains 34 445 predicted protein‐coding genes. Comparative analyses suggested well‐conserved genomic components and collinearity of gene loci (synteny) between the genome of liquorice and those of other legumes such as Medicago and chickpea. We observed that three genes involved in isoflavonoid biosynthesis, namely, 2‐hydroxyisoflavanone synthase (CYP93C), 2,7,4′‐trihydroxyisoflavanone 4′‐O‐methyltransferase/isoflavone 4′‐O‐methyltransferase (HI4OMT) and isoflavone‐7‐O‐methyltransferase (7‐IOMT) formed a cluster on the scaffold of the liquorice genome and showed conserved microsynteny with Medicago and chickpea. Based on the liquorice genome annotation, we predicted genes in the P450 and UDP‐dependent glycosyltransferase (UGT) superfamilies, some of which are involved in triterpenoid saponin biosynthesis, and characterised their gene expression with the reference genome sequence. The genome sequencing and its annotations provide an essential resource for liquorice improvement through molecular breeding and the discovery of useful genes for engineering bioactive components through synthetic biology approaches. Significance Statement Chinese licorice legumes, roots, and rhizomes are used as herbal medicines and natural sweeteners. Here we report the draft genome sequence, which will facilitate identification, isolation, and editing of useful genes to improve agronomic and medicinal traits through molecular breeding.",2017.0,The Plant Journal,157,10.1111/tpj.13385,27775193.0,,JournalArticle,,https://www.semanticscholar.org/paper/99e806845adaa2588b04936938973af55cfd15d5,Biology;Environmental Science;Medicine,Biology|s2-fos-model;Environmental Science|s2-fos-model;Medicine|s2-fos-model,K. Mochida; Tetsuya Sakurai; H. Seki; Takuhiro Yoshida; Kotaro Takahagi; Satoru Sawai; H. Uchiyama; T. Muranaka; Kazuki Saito,,,1hop_citations,False,,,,,annotation,annotation,,,,1,0,1,False,False,recovered_keep_false,False,False,False,True,False,False,True,role_bridge_review
fa9290e710e636a63de5bde4074376337b90b563,Comparative Modeling and Functional annotation of Streptococcus pyogenes M1 GAS hypothetical protein SPy,,2017.0,,0,,,,,,https://www.semanticscholar.org/paper/fa9290e710e636a63de5bde4074376337b90b563,Medicine;Biology,Medicine|s2-fos-model;Biology|s2-fos-model,S. Sugunakala; S. Sethupathy,,,1hop_citations,False,,,,,annotation,annotation,,,,1,0,1,False,False,recovered_keep_false,False,False,False,True,False,False,True,role_bridge_review
3f1bb5692c4e61b8ec7a663dbb9cbcfdc65d75fc,"Characterization of Nibea albiflora transcriptome: sequencing, de novo assembly, annotation and comparative genomics.",,2016.0,,3,,,,,,https://www.semanticscholar.org/paper/3f1bb5692c4e61b8ec7a663dbb9cbcfdc65d75fc,Biology;Environmental Science;Materials Science,Biology|s2-fos-model;Environmental Science|s2-fos-model;Materials Science|s2-fos-model,Zhan Wei; Chen Ruiyi; M. Y. Laghari; D. Xu; Guomin Mao; Huilai Shi; Lou Bao,,,1hop_citations,False,,,,,annotation,annotation,,,,1,0,1,False,False,recovered_keep_false,False,False,False,True,False,False,True,role_bridge_review
74ab6924161d6cc404f9f35051a86aee942ddd9c,High-Throughput Functional Annotation and Data Mining of Fungal Genomes to Identify Therapeutic Targets,,2013.0,,37,10.1007/978-1-4614-2356-0_55,,,,,https://www.semanticscholar.org/paper/74ab6924161d6cc404f9f35051a86aee942ddd9c,Biology;Computer Science;Medicine,Biology|s2-fos-model;Computer Science|s2-fos-model;Medicine|s2-fos-model,Gagan Garg; S. Ranganathan,,,1hop_citations,False,,,,,annotation,annotation,,,,1,0,1,False,False,recovered_keep_false,False,False,False,True,False,False,True,role_bridge_review
35f50cf9cc8f9529c90a95171ea8e976dc40de9d,Evaluation of Annotation Performances between Automated and Curated Databases of E.COLI Using the Correlation Coefficient,,2009.0,,0,,,,,,https://www.semanticscholar.org/paper/35f50cf9cc8f9529c90a95171ea8e976dc40de9d,Computer Science;Biology,Computer Science|s2-fos-model;Biology|s2-fos-model,ReddySalilaja Marpuri,,,1hop_citations,False,,,,,annotation,annotation;database,,,,1,0,1,False,False,recovered_keep_false,False,False,False,True,False,False,True,role_bridge_review
bd59bf49d921e3e21b33d4f1433dc18f11509b32,Saturated reconstruction of living brain tissue,"Complex wiring between neurons underlies the information-processing network enabling all brain functions, including cognition and memory. For understanding how the network is structured, processes information, and changes over time, comprehensive visualization of the architecture of living brain tissue with its cellular and molecular components would open up major opportunities. However, electron microscopy (EM) provides nanometre-scale resolution required for full in-silico reconstruction1–6, yet is limited to fixed specimens and static representations. Light microscopy allows live observation, with super-resolution approaches7–15 facilitating nanoscale visualization, but comprehensive 3D-reconstruction of living brain tissue has been hindered by tissue photo-burden, photobleaching, insufficient 3D-resolution, and inadequate signal-to-noise ratio (SNR). Here we demonstrate saturated reconstruction of living brain tissue. We developed an integrated imaging and analysis technology, adapting stimulated emission depletion (STED) microscopy7,16 in extracellularly labelled tissue17 for high SNR and isotropic resolution. Centrally, a two-stage deep-learning approach leveraged previously obtained information on sample structure to drastically reduce photo-burden and enable automated volumetric reconstruction down to synapse level. Live reconstruction provides unbiased analysis of tissue architecture across time in relation to functional activity and targeted activation, and contextual understanding of molecular labelling. This adoptable technology will facilitate novel insights into the dynamic functional architecture of living brain tissue.",2022.0,bioRxiv,6,10.1101/2022.03.16.484431,,,,2022-03-18,https://www.semanticscholar.org/paper/bd59bf49d921e3e21b33d4f1433dc18f11509b32,Materials Science;Biology,Materials Science|s2-fos-model;Biology|s2-fos-model,P. Velicky; Eder Miguel; Julia M. Michalska; D. Wei; Zudi Lin; J. Watson; J. Troidl; Johanna Beyer; Yoav Ben-Simon; C. Sommer; W. Jahr; Alban Cenameri; Johannes Broichhagen; S. Grant; P. Jonas; G. Novarino; H. Pfister; B. Bickel; J. Danzl,,,1hop_citations,False,,,electron microscopy;nanometre;synapse,,,visualization,,,,3,0,3,False,False,recovered_keep_false,False,False,False,False,True,False,True,role_bridge_review
86a71f82f66bb339c6aeca880748c896c712d9da,"Architectural organization of ∼1,500-neuron modular minicolumnar disinhibitory circuits in healthy and Alzheimer's cortices.","Acquisition of neuronal circuit architectures, central to understanding brain function and dysfunction, remains prohibitively challenging. Here I report the development of a simultaneous and sequential octuple-sexdecuple whole-cell patch-clamp recording system that enables architectural reconstruction of complex cortical circuits. The method unveils the canonical layer 1 single bouquet cell (SBC)-led disinhibitory neuronal circuits across the mouse somatosensory, motor, prefrontal, and medial entorhinal cortices. The ∼1,500-neuron modular circuits feature the translaminar, unidirectional, minicolumnar, and independent disinhibition and optimize cortical complexity, subtlety, plasticity, variation, and redundancy. Moreover, architectural reconstruction uncovers age-dependent deficits at SBC-disinhibited synapses in the senescence-accelerated mouse prone 8, an animal model of Alzheimer's disease. The deficits exhibit the characteristic Alzheimer's-like cortical spread and correlation with cognitive impairments. These findings decrypt operations of the elementary processing units in healthy and Alzheimer's mouse cortices and validate the efficacy of octuple-sexdecuple patch-clamp recordings for architectural reconstruction of complex neuronal circuits.",2023.0,Cell Reports,5,10.1016/j.celrep.2023.112904,37531251.0,,JournalArticle,2023-07-31,https://www.semanticscholar.org/paper/86a71f82f66bb339c6aeca880748c896c712d9da,Medicine;Biology,Medicine|s2-fos-model;Biology|s2-fos-model,J. J. Zhu,,health_translation,1hop_citations,False,,,synapse,modular,,,alzheimer;disease,,,2,0,2,False,False,recovered_keep_false,False,False,True,False,False,False,True,role_bridge_review
8b8078f7da75d80f5c4cb084f2f364a918cd13de,Functional Annotation of the Putative Orphan Caenorhabditis elegans G-protein-coupled Receptor C10C6.2 as a FLP15 Peptide Receptor*,"This report describes the cloning and functional annotation of a Caenorhabditis elegans orphan G-protein-coupled receptor (GPCR) (C10C6.2) as a receptor for the FMRFamide-related peptides (FaRPs) encoded on the flp15 precursor gene, leading to the receptor designation FLP15-R. A cDNA encoding C10C6.2 was obtained using PCR techniques, confirmed identical to the Worm-pep-predicted sequence, and cloned into a vector appropriate for eucaryotic expression. A [35S]guanosine 5′-O-(thiotriphosphate) (GTPγS) assay with membranes prepared from Chinese hamster ovary (CHO) cells transiently transfected with FLP15-R was used as a read-out for receptor activation. FLP15-R was activated by putative FLP15 peptides, GGPQGPLRF-NH2 (FLP15-1), RGPSGPLRF-NH2 (FLP15-2A), its des-Arg1 counterpart, GPSGPLRF-NH2 (FLP15-2B), and to a lesser extent, by a tobacco hornworm Manduca sexta FaRP, GNSFLRFNH2 (F7G) (potency ranking FLP15-2A > FLP15-1 > FLP15-2B >> F7G). FLP15-R activation was abolished in the transfected cells pretreated with pertussis toxin, suggesting a preferential receptor coupling to Gi/Go proteins. The functional expression of FLP15-R in mammalian cells was temperature-dependent. Either no stimulation or significantly lower ligand-evoked [35S]GTPγS binding was observed in membranes prepared from transfected FLP15-R/CHO cells cultured at 37 °C. However, a 37 to 28 °C temperature shift implemented 24 h post-transfection consistently resulted in an improved activation signal and was essential for detectable functional expression of FLP15-R in CHO cells. To our knowledge, the FLP15 receptor is only the second deorphanized C. elegans neuropeptide GPCR reported to date.",2003.0,Journal of Biological Chemistry,54,10.1074/jbc.m304056200,12937167.0,,JournalArticle,2003-10-24,https://www.semanticscholar.org/paper/8b8078f7da75d80f5c4cb084f2f364a918cd13de,Biology,Biology|s2-fos-model,T. Kubiak; Martha J. Larsen; M. R. Zantello; J. Bowman; S. C. Nulf; D. Lowery,,,1hop_references,False,,,,,annotation,annotation,,,,0,1,1,False,False,recovered_keep_false,False,False,False,True,False,False,True,role_bridge_review
0c334c3414822bba7c88f43e946f4387aebd4403,"Citizen science, cells and CNNs – deep learning for automatic segmentation of the nuclear envelope in electron microscopy data, trained with volunteer segmentations","Advancements in volume electron microscopy mean it is now possible to generate thousands of serial images at nanometre resolution overnight, yet the gold standard approach for data analysis remains manual segmentation by an expert microscopist, resulting in a critical research bottleneck. Although some machine learning approaches exist in this domain, we remain far from realising the aspiration of a highly accurate, yet generic, automated analysis approach, with a major obstacle being lack of sufficient high-quality ground-truth data. To address this, we developed a novel citizen science project, Etch a Cell, to enable volunteers to manually segment the nuclear envelope of HeLa cells imaged with Serial Blockface SEM. We present our approach for aggregating multiple volunteer annotations to generate a high quality consensus segmentation, and demonstrate that data produced exclusively by volunteers can be used to train a highly accurate machine learning algorithm for automatic segmentation of the nuclear envelope, which we share here, in addition to our archived benchmark data.",2020.0,bioRxiv,5,10.1101/2020.07.28.223024,,,,2020-07-29,https://www.semanticscholar.org/paper/0c334c3414822bba7c88f43e946f4387aebd4403,Computer Science;Biology,Computer Science|s2-fos-model;Biology|s2-fos-model,Helen Spiers; Harry Songhurst; Luke Nightingale; J. de Folter; R. Hutchings; C. Peddie; A. Weston; A. Strange; S. Hindmarsh; Chris Lintott; Lucy Collinson; Martin L. Jones,,,1hop_citations,False,,,electron microscopy;nanometre;volume electron,,annotation,annotation,,citizen science,,1,0,1,False,False,recovered_keep_false,False,True,False,False,False,False,True,role_bridge_review
326316278b1b3a4838e04bfece69bc8e5053e935,scFv Antibody: Principles and Clinical Application,"To date, generation of single-chain fragment variable (scFv) has become an established technique used to produce a completely functional antigen-binding fragment in bacterial systems. The advances in antibody engineering have now facilitated a more efficient and generally applicable method to produce Fv fragments. Basically, scFv antibodies produced from phage display can be genetically fused to the marker proteins, such as fluorescent proteins or alkaline phosphatase. These bifunctional proteins having both antigen-binding capacity and marker activity can be obtained from transformed bacteria and used for one-step immunodetection of biological agents. Alternatively, antibody fragments could also be applied in the construction of immunotoxins, therapeutic gene delivery, and anticancer intrabodies for therapeutic purposes. This paper provides an overview of the current studies on the principle, generation, and application of scFv. The potential of scFv in breast cancer research is also discussed in this paper.",2012.0,Clinical and Developmental Immunology,770,10.1155/2012/980250,22474489.0,,Review;JournalArticle,2012-03-15,https://www.semanticscholar.org/paper/326316278b1b3a4838e04bfece69bc8e5053e935,Medicine,Medicine|s2-fos-model,Zuhaida Asra Ahmad; S. Yeap; Abdul Manaf Ali; W. Ho; N. Alitheen; M. Hamid,,,1hop_references,False,,,,,,,clinical,,,0,2,2,False,False,recovered_keep_false,False,False,True,False,False,False,True,role_bridge_review
e3fc8c77c278b32c7686805f2f6a6fc8a62f160b,Scalable automated segmentation quantifies mitochondrial proteins and morphology at the nanoscale,"Ultrastructural changes of mitochondria are closely associated with metabolic dysfunction, leading to a variety of human disorders. These changes can be visualized by pan-Expansion Microscopy (pan-ExM), a 3D microscopy technique requiring only standard fluorescence microscopes, at a throughput exceeding that of the current gold standard, 3D electron microscopy, by orders of magnitude. However, a lack of tools that enable the characterization and quantification of the observed ultrastructural features in the acquired 3D datasets at a comparable throughput has hindered the widespread adoption of pan-ExM for quantitative imaging. Here, we present an automated deep-learning based segmentation approach that utilizes pan-ExM’s power to acquire multi-channel images and uses specific labeling as the annotation for the training of the segmentation network. This ‘molecular annotation’ reduces the required manual annotation effort for mitochondria substructures to just a few hours when setting up the experiment and thereby provides access to 3D suborganellar morphology of mitochondria at an unprecedented throughput. Our approach, which we term MAPS (Mitochondrial Automated Pan-ExM Segmentation), enables for the first time to quantify mitochondrial ultrastructural morphology at scale. We demonstrate this power by characterizing the 3D mitochondrial morphology at the organelle and sub-organelle level in tens of HeLa cells under different treatments and localizing mitochondrial proteins in the sub-organellar context. To demonstrate our technology in tissue, we compare the ultrastructural morphology of mitochondria in proximal tubules of kidneys of mice exhibiting acute kidney injury (AKI) with those of untreated mice, revealing striking differences in their cristae structure. MAPS can easily be adapted to different cell and tissue types, allowing the analysis of tens of samples per day, and therefore provides a versatile tool for a comprehensive understanding of mitochondrial ultrastructural changes in many disease contexts. Requiring only standard fluorescence microscopes and computer infrastructure, MAPS is readily adoptable by any lab. Highlights MAPS utilizes specific labeling to train a segmentation model for 3D super-resolution pan-ExM images Suborganellar mitochondrial features and their changes in disease models are quantified at high throughput 3D protein distributions are correlated to ultrastructural features in mitochondria Requiring only standard lab infrastructure, MAPS is readily adoptable",2025.0,bioRxiv,1,10.1101/2025.07.28.667278,,,,2025-07-30,https://www.semanticscholar.org/paper/e3fc8c77c278b32c7686805f2f6a6fc8a62f160b,Materials Science;Biology,Materials Science|s2-fos-model;Biology|s2-fos-model,Yuan Tian; Alexander Sauer; Mariia Dmitrieva; Hongqing Han; Hannahmariam T. Mekbib; Yujin Bao; Xiaojia Guo; Tian-min Chen; Robert Safirstein; Gary V. Desir; Jens Rittscher; Joerg Bewersdorf,,health_translation,1hop_citations,False,,,electron microscopy;expansion microscopy;ultrastruct,,annotation,annotation,disease;disorder,training,,2,0,2,False,False,recovered_keep_false,False,False,False,False,True,False,True,role_bridge_review
778fc584045d50acc834d5da37be6160776fd45a,An Advanced Undergraduate Laboratory Course: Calcium Imaging and Data Analysis – a Mini Graduate Research Experience,"Calcium imaging has become a powerful and widely used technique to visualize and measure neural activity in real time, offering valuable insights into complex behaviors, neural networks, and brain function. However, implementing calcium imaging in undergraduate laboratories is challenging due to the need for specialized microscopy and advanced computational skills for data analysis. To help undergraduate students grasp the principles and analytical methods of calcium imaging through hands-on experience, we designed and taught a semester-long course. The course is structured around four key components, which reflect essential elements of graduate research training. (1) AI-assisted literature review helps students understand the fundamental principles of calcium imaging, its analytical methods, and relevant background information. (2) Calcium imaging demonstration provides students with hands-on exposure to calcium imaging procedures in a research setting. (3) Calcium imaging analysis introduces students using Python to analyze real research calcium imaging datasets. (4) Poster presentation allows students to present their findings and strengthen their scientific communication skills. The pedagogical goals of this course are to enhance students’ understanding of calcium imaging and its analytic methods while strengthening their abilities to read scientific literature and effectively communicate their research. Progress toward these goals is assessed through multiple approaches, including chalk talks, written assignments, code-based data analyses, and poster presentations. In addition, this course mirrors real research process to help students explore potential career paths in science.",2025.0,"Journal of undergraduate neuroscience education : JUNE : a publication of FUN, Faculty for Undergraduate Neuroscience",0,10.59390/001c.154223,42065111.0,,JournalArticle;Review,2025-12-31,https://www.semanticscholar.org/paper/778fc584045d50acc834d5da37be6160776fd45a,Biology,Biology|s2-fos-model,Hua Bai; Zhuo Fu; Lina Ni,,,1hop_citations,False,,,,,,,,course;education;graduate student;training;undergraduate,,1,0,1,False,False,recovered_keep_false,False,True,False,False,False,False,True,role_bridge_review
8fdf627d1e607976dc0f90ac666e97108c4a39f6,Efficient in utero gene transfer system to the developing mouse brain using electroporation: visualization of neuronal migration in the developing cortex.,,2001.0,Neuroscience,663,10.1016/s0306-4522(01)00016-1,11301197.0,,JournalArticle,2001-04-04,https://www.semanticscholar.org/paper/8fdf627d1e607976dc0f90ac666e97108c4a39f6,Biology;Medicine,Biology|s2-fos-model;Medicine|s2-fos-model,H. Tabata; Kazunori Nakajima; Kazunori Nakajima,,,1hop_references,False,,,,,,visualization,,,,0,2,2,False,False,recovered_keep_false,False,False,False,False,True,False,True,role_bridge_review
effba226f542b011fb7e0f61dc0cf9006decdb69,WormCat: An Online Tool for Annotation and Visualization of Caenorhabditis elegans Genome-Scale Data,"The emergence of large gene expression datasets has revealed the need for improved tools to identify enriched gene categories and visualize enrichment patterns. While gene ontogeny (GO) provides a valuable tool for gene set enrichment analysis, it has several limitations. First, it is difficult to graph multiple GO analyses for comparison. Second, genes from some model systems are not well represented. For example, ∼30% of Caenorhabditis elegans genes are missing from the analysis in commonly used databases. To allow categorization and visualization of enriched C. elegans gene sets in different types of genome-scale data, we developed WormCat, a web-based tool that uses a near-complete annotation of the C. elegans genome to identify coexpressed gene sets and scaled heat map for enrichment visualization. We tested the performance of WormCat using a variety of published transcriptomic datasets, and show that it reproduces major categories identified by GO. Importantly, we also found previously unidentified categories that are informative for interpreting phenotypes or predicting biological function. For example, we analyzed published RNA-seq data from C. elegans treated with combinations of lifespan-extending drugs, where one combination paradoxically shortened lifespan. Using WormCat, we identified sterol metabolism as a category that was not enriched in the single or double combinations, but emerged in a triple combination along with the lifespan shortening. Thus, WormCat identified a gene set with potential. phenotypic relevance not found with previous GO analysis. In conclusion, WormCat provides a powerful tool for the analysis and visualization of gene set enrichment in different types of C. elegans datasets.",2019.0,Genetics,191,10.1534/genetics.119.302919,31810987.0,,JournalArticle,2019-12-06,https://www.semanticscholar.org/paper/effba226f542b011fb7e0f61dc0cf9006decdb69,Computer Science;Biology,Computer Science|s2-fos-model;Biology|s2-fos-model,A. Holdorf; Daniel P. Higgins; A. Hart; P. Boag; G. Pazour; Albertha J. M. Walhout; Amy K. Walker,,network_science,1hop_references,False,,,,graph,annotation,annotation;database;visualization,,,,0,1,1,False,False,recovered_keep_false,False,False,False,True,False,False,True,role_bridge_review
5ce271d86517c94551301af57792ea3a727ac2d1,Quality control methods in musculoskeletal tissue engineering: from imaging to biosensors,"Tissue engineering is rapidly progressing toward clinical application. In the musculoskeletal field, there has been an increasing necessity for bone and cartilage replacement. Despite the promising translational potential of tissue engineering approaches, careful attention should be given to the quality of developed constructs to increase the real applicability to patients. After a general introduction to musculoskeletal tissue engineering, this narrative review aims to offer an overview of methods, starting from classical techniques, such as gene expression analysis and histology, to less common methods, such as Raman spectroscopy, microcomputed tomography, and biosensors, that can be employed to assess the quality of constructs in terms of viability, morphology, or matrix deposition. A particular emphasis is given to standards and good practices (GXP), which can be applicable in different sectors. Moreover, a classification of the methods into destructive, noninvasive, or conservative based on the possible further development of a preimplant quality monitoring system is proposed. Biosensors in musculoskeletal tissue engineering have not yet been used but have been proposed as a novel technology that can be exploited with numerous advantages, including minimal invasiveness, making them suitable for the development of preimplant quality control systems.",2021.0,Bone Research,24,10.1038/s41413-021-00167-9,34707086.0,,Review;JournalArticle,2021-10-27,https://www.semanticscholar.org/paper/5ce271d86517c94551301af57792ea3a727ac2d1,Engineering;Medicine;Materials Science,Engineering|s2-fos-model;Medicine|s2-fos-model;Materials Science|s2-fos-model,D. Zuncheddu; E. Della Bella; A. Schwab; D. Petta; G. Rocchitta; S. Generelli; F. Kurth; A. Parrilli; S. Verrier; J. Rau; M. Fosca; M. Maioli; P. Serra; M. Alini; H. Redl; S. Grad; V. Basoli,,health_translation;network_science;proofreading_qc,1hop_citations,False,,,,graph,quality control,,clinical;patient,,,1,0,1,False,False,recovered_keep_false,False,False,False,True,False,False,True,role_bridge_review
