paper_id,title,year,doi,health_terms,scope_reasons,tier
905e9ebaac8b57cfb8bdf9d2012ead45448373c6,Diffusion MRI microstructure models with in vivo human brain Connectom data: results from a multi-group comparison,2016,,human brain,review_scope,peripheral
d8ccd0ce76fc8d0f9ec08caf19d0ad68650edb40,Computational Models of Typical and Atypical Brain Network Development.,2022,10.1016/j.biopsych.2022.11.012,human brain,network_science_scope;review_scope,core_candidate
caa9d164e4f6559c36a07627322945f9aa822fcb,The effects of microglia on tauopathy progression can be quantified using Nexopathy in silico (Nexis) models,2021,10.1038/s41598-022-25131-3,disorder;neurodegener;patholog,direct_scope+resolution;health+direct_nanoscale_scope,supported
f1a9ad0fd8166c2e2cb1f29e7b07a23c3f37177e,Separate neural systems support representations for actions and objects during narrative speech in post-stroke aphasia,2015,10.1016/j.nicl.2015.11.013,clinical;patient,network_science_scope;people_development_scope,supported
a4375a185353977635061a23aa92403460a904e2,Harmonized connectome resampling for variance in voxel sizes,2025,10.1016/j.mri.2025.110424,human brain,network_science_scope,peripheral
3556a198d9346b8ba33652bf702aed8b0254e2cc,Evoking highly focal percepts in the fingertips through targeted stimulation of sulcal regions of the brain for sensory restoration,2020,10.1016/j.brs.2021.07.009,clinical;epilep,network_science_scope,peripheral
b1e4381d08e00441e7e816766d7df3cf2375b916,"Associations between polygenic risk, negative symptoms, and functional connectome topology during a working memory task in early-onset schizophrenia",2022,10.1038/s41537-022-00260-w,clinical;patient;schizophren,network_science_scope,peripheral
38bc733a168d3cab72fd08e227b0ff044e0e3282,Task-Based Core-Periphery Organization of Human Brain Dynamics,2012,10.1371/journal.pcbi.1003171,human brain,direct_scope+resolution;people_development_scope,peripheral
e79311483558d91849635a769222b6e61e1c2387,Whole Mouse Brain Connectomics,2018,10.1002/cne.24560,clinical,network_science_scope,supported
ac3c2d59c5d28c2728a6079bf0aac81206ad4402,Integrating direct electrical brain stimulation with the human connectome,2023,10.1093/brain/awad402,clinical;human brain;patient,network_science_scope,supported
79d05c5ffefa39451f4485287cc593dec4c98ce8,Intra- and inter-hemispheric structural connectome in agenesis of the corpus callosum,2021,10.1016/j.nicl.2021.102709,clinical;disorder,network_science_scope,peripheral
e1e4311e0d46f818381190e154c64302ba6d869e,First-Year Development of Modules and Hubs in Infant Brain Functional Networks,2018,10.1016/j.neuroimage.2018.10.019,disorder;human brain,network_science_scope,peripheral
3f81d3f956b68c5d623b394d242266a0e196700d,Uncovering Shared and Distinct Brain Connectome Dynamics in Working Memory Tasks Between Bipolar and Unipolar Depression,2026,10.1111/bdi.70124,disorder,network_science_scope,peripheral
d971e7beae6a2a95b1c7f24d30dfe64d35cf9052,The cerebellum-periaqueductal gray connectivity: a constrained spherical deconvolution tractography study,2017,10.13128/ijae-21418,human brain,network_science_scope,peripheral
33a51282506e5ce94f3405ee79cbbfdb28a5d242,"NIMG-32. THE PREDICTIVE CAPACITY OF PRE-OPERATIVE IMAGING ANALYSIS IN DIFFUSE GLIOMA: A COMPARISON OF CONNECTOMICS, RADIOMICS, AND CLINICAL PREDICTIVE MODELS",2020,10.1093/neuonc/noaa215.645,clinical;patholog;patient,network_science_scope,peripheral
98e84f17a70a549ae8375d1d5cfe68ca3f34ceb8,Multimodal MRI reveals brainstem connections that sustain wakefulness in human consciousness,2024,10.1126/scitranslmed.adj4303,human brain,network_science_scope,supported
ced273e923bd7b6d291102d3bd94cd8c541ad58e,Mapping the Alzheimer’s Brain with Connectomics,2012,10.3389/fpsyt.2011.00077,alzheimer;disease;human brain;neurodegener;patient,network_science_scope;review_scope,supported
0de2c91d10f2b441329f068cf481c4abd21243ec,Baseline connectome modular abnormalities in the childhood phase of a longitudinal study on individuals with chromosome 22q11.2 deletion syndrome,2017,10.1002/hbm.23838,disorder;human brain;schizophren,network_science_scope,peripheral
a95cb5183d547e4a12450d0a52cf48762c0fe265,Brain stars take the lead during critical periods of early postnatal brain development: relevance of astrocytes in health and mental disorders,2024,10.1038/s41380-024-02534-4,clinical;disease;disorder;patholog;patient,direct_scope+resolution;health+direct_nanoscale_scope;review_scope,supported
d202636f5c554cb4668d72527bf279cf5a609dc1,Consistent connectome landscape mining for cross-site brain disease identification using functional MRI,2022,10.1016/j.media.2022.102591,disease;disorder;human brain;patient,network_science_scope,supported
b88c0748e5f99d81ddfde3a42ce2b4e7c28b1946,Connectome Reorganization Associated With Surgical Outcome in Temporal Lobe Epilepsy,2015,10.1097/md.0000000000001737,epilep;patient,network_science_scope,supported
226c81c22846ba91ba60c3d83e5f7c191bf2e4d4,Connectomic comparison of mouse and human cortex,2022,10.1126/science.abo0924,disease;disorder;epilep;human brain;human cortex;patholog;patient,direct_scope+resolution;health+direct_nanoscale_scope,core_candidate
5ad3e22260f83ad54c4a461c6aed59a6e6938099,On the Spatial Distribution of Temporal Complexity in Resting State and Task Functional MRI,2022,10.3390/e24081148,disorder,network_science_scope,peripheral
04c047322409caba942ed074f8cb104b7afe2d37,"Frontal white matter abnormalities reveal the pathological basis underlying negative symptoms in antipsychotic-naïve, first-episode patients with adolescent-onset schizophrenia: Evidence from multimodal brain imaging.",2020,10.1016/j.schres.2020.05.039,patholog;patient;schizophren,network_science_scope,peripheral
e3b1bf10c8884fe3730238ae0c600cfedd95e557,"Transitions between cognitive topographies: contributions of network structure, neuromodulation, and disease",2023,10.1101/2023.03.16.532981,disease;neurodegener;patholog;patient,network_science_scope,supported
1189a587d37f99a2bba69e15f4cb8110aabc4149,Semi-Metric Topology of the Human Connectome: Sensitivity and Specificity to Autism and Major Depressive Disorder,2015,10.1371/journal.pone.0136388,autism;disorder,network_science_scope,peripheral
e7eaffbd8faf686f706b7354e0d60842805bf05b,Application of Multi Network Alignment Algorithms for Connectomes Study,2017,10.20944/preprints201710.0073.v1,human brain,network_science_scope,peripheral
bfb56b564c0d96d2ebd335dac5f7c0e4ff3cc354,Assessment of brain functional connectome alternations and correlation with depression and anxiety in major depressive disorders,2017,10.7717/peerj.3147,clinical;disorder;patient,network_science_scope,supported
f3cf468d2d64901276a47a6f0bbe6e05f39860d4,Glial mechanisms underlying substance use disorders,2018,10.1111/ejn.14163,clinical;disorder,direct_scope+resolution;review_scope,supported
0c07809262bcf3ab5d81f45d2305d353183f558a,Mediating role of feeder connections in the relationship between brain network efficiency and episodic memory in amnestic MCI.,2025,10.1016/j.clinph.2025.2110935,clinical;patient,network_science_scope,supported
fdb0ddf40bc2c1e27203e21ec54617c04ed9f392,The neural compensation phenomenon in schizophrenia with mild attention deficits during working memory task.,2024,10.1016/j.ajp.2024.104077,patient;schizophren,network_science_scope,supported
e5856f9d03d55fc82e7416b10bd5142fcc1971a5,Explanatory latent representation of heterogeneous spatial maps of task-fMRI in large-scale datasets,2022,10.1101/2021.03.10.434856,clinical;disorder,network_science_scope,peripheral
507b3fcea06ff2efa9cbaef5185442547cb92e0f,Overexpression of α-Synuclein Reorganises Growth Factor Profile of Human Astrocytes,2020,10.1007/s12035-020-02114-x,disease;disorder;neurodegener;parkinson;patholog,direct_scope+resolution;health+direct_nanoscale_scope,peripheral
70bb1feb7357f4f49f02df2f641d39dedbd7ef3a,Linking human brain functional connectivity to underlying neurotransmission,2026,10.64898/2026.04.28.721294,clinical;human brain;patient,network_science_scope,peripheral
b1514cbd60dc98d90c1e6440d8fa32d2affd068e,Modeling and simulation for prediction of multiple sclerosis progression,2024,10.1016/j.compbiomed.2024.108416,clinical;disease;multiple sclerosis,people_development_scope;review_scope,supported
6e2fd301470aa25c931d24c1ad4860f690cba663,Detecting and Testing Altered Brain Connectivity Networks with K-partite Network Topology,2019,10.1016/j.csda.2019.06.007,disease;disorder;parkinson;patient,network_science_scope,core_candidate
38a930aec77bc3cea1611abaeb2054c329dbcd97,Diffusion MRI microstructure models with in vivo human brain Connectome data: results from a multi-group comparison,2017,10.1002/nbm.3734,human brain,people_development_scope,peripheral
47af7687f69336345bb3df59c9e0befec32826a4,Spatially coherent and topographically organized pathways of the human globus pallidus,2020,10.1002/hbm.25147,disorder;human brain;patient,network_science_scope,peripheral
e6da84a6be687afc8aee35511327fb41d733073e,The Structural Connectome of the Human Brain in Agenesis of the Corpus Callosum,2012,10.1016/j.neuroimage.2012.12.031,disorder;human brain,network_science_scope,supported
51510bde1c3ad1e9e6b5069036bd9c3b2187ba0e,An extensive assessment of network alignment algorithms for comparison of brain connectomes,2017,10.1186/s12859-017-1635-7,human brain,network_science_scope,peripheral
f49a0760b78b2e64a618cee161cdb7e3bf07aba1,Where the genome meets the connectome: Understanding how genes shape human brain connectivity,2021,10.31234/osf.io/hqgz7,clinical;disorder;human brain,review_scope,supported
ef2d4664740346e02f6d88f334443e6e18812705,Conductance-Based Structural Brain Connectivity in Aging and Dementia,2020,10.1101/2020.09.15.298331,alzheimer;disease;patholog,infrastructure_scope,supported
24539e8539c7adf48fd4463db3afd8bc0ca22ac9,Entropic Hyper-Connectomes Computation and Analysis,2022,,disease;schizophren,network_science_scope,peripheral
ee41e42e6861ed932fbb1fb1d0c45c1ef2133790,A generative model of the connectome with dynamic axon growth,2024,10.1101/2024.02.23.581824,human brain,network_science_scope,core_candidate
d0d557db9fbaf2d8abd99d4630361b4b93cfb20e,Integrating brainstem and cortical functional architectures,2024,10.1038/s41593-024-01787-0,human brain,network_science_scope,supported
189bd2e95d1258476ed057d90626f6d65dc206f8,Topological Data Analysis Reveals Robust Alterations in the Whole-Brain and Frontal Lobe Functional Connectomes in Attention-Deficit/Hyperactivity Disorder,2019,10.1523/eneuro.0543-19.2020,disorder;patholog,network_science_scope,supported
5109a3a4b255aeccb6aa1547b6c97a7a4d1f1a4c,A Proposed Mechanism for Spontaneous Transitions between Interictal and Ictal Activity,2018,10.1523/jneurosci.0719-17.2018,epilep,direct_scope+resolution;health+direct_nanoscale_scope,peripheral
102d36d883abd03a651b7fc4bbccab8a8af5a097,Spontaneous brain network activity: Analysis of its temporal complexity,2017,10.1162/netn_a_00006,disease;disorder;epilep;schizophren,network_science_scope,peripheral
d28e270ea6cac6175a92677efdfc4d48d9075896,SEQUIN multiscale imaging of mammalian central synapses reveals loss of synaptic connectivity resulting from diffuse traumatic brain injury,2020,10.1016/j.neuron.2020.04.012,alzheimer;disease;disorder;neurodegener;synaptopath;traumatic brain injury,direct_scope+resolution;health+direct_nanoscale_scope,supported
95200d302d61467ec04217e85373324362dc4ead,"New Philosophy, Clinical Pearls, and Methods for Intraoperative Cognition Mapping and Monitoring ""à la carte"" in Brain Tumor Patients.",2021,10.1093/neuros/nyaa363,clinical;disorder;patient,review_scope,supported
b34d3e411f8f9cd17b20022cb57de75b02e0aa3a,Individual variability in the anatomical distribution of nodes participating in rich club structural networks,2015,10.3389/fncir.2015.00016,clinical,network_science_scope,peripheral
6b26c07375f2f791d19658e6954234f6a547dc0d,Connectivity based segmentation of the human red nucleus,2018,10.13128/ijae-11293,human brain,network_science_scope,peripheral
87733f9d5119af221c814ee81d5a34ba7e5e0e07,The Voxel-Wise Functional Connectome Can Be Efficiently Derived from Co-activations in a Sparse Spatio-Temporal Point-Process,2016,10.3389/fnins.2016.00381,disease;patient,network_science_scope;infrastructure_scope,supported
c03861d90fd46aa967d537704fc151b1495745b1,GRETNA: a graph theoretical network analysis toolbox for imaging connectomics,2015,10.3389/fnhum.2015.00386,clinical;human brain,network_science_scope,supported
73e22150332acd1fb01ef6a08515e22054ea32b3,Perspective Chapter: Functional Human Brain Connectome in Deep Brain Stimulation (DBS) for Parkinson’s Disease (PD),2023,,disease;human brain;parkinson,review_scope,peripheral
515fa9b38e1a04854f4d6b91b2d2255a3f45f109,Overlooked weak structural connections support human cognition under nonlinear connectome scaling,2025,,human brain,network_science_scope,supported
0de5bfedfeeab308f4c7545465247097f1d7c6b2,"A Lightweight, End-to-End Explainable, and Generalized attention-based graph neural network to Classify Autism Spectrum Disorder using Meta-Connectivity",2024,10.1101/2024.07.17.24310610,autism;disorder,network_science_scope,peripheral
0154964fe304dff79885b326a0b35757c8c19b11,"Development and Testing of SPIDER-NET: An Interactive Tool for Brain Connectogram Visualization, Sub-Network Exploration and Graph Metrics Quantification",2022,10.3389/fnins.2022.818385,clinical;human brain,network_science_scope,peripheral
fc93f4cdc8c8dc2dfa2f53912744476147cfc2b3,Optimally controlling the human connectome: the role of network topology,2016,10.1038/srep30770,human brain,network_science_scope,supported
526c0f252c92042cd5f5893058b128ebc2cf896f,Opposing relationships of childhood threat and deprivation with stria terminalis white matter,2021,10.1002/hbm.25378,disorder;human brain,network_science_scope;people_development_scope,peripheral
6cf748f7c0d70236d6107f209fe60f3aed822e9b,Thalamic Dysfunction Is Associated with Fatigue in Patients with Multiple Sclerosis: A Graph Theory Study (S13.003),2014,10.1212/wnl.82.10_supplement.s13.003,disease;multiple sclerosis;patholog;patient,network_science_scope,peripheral
2da49fe8e56db7edbe5e2b3421103936cbe4ab39,Alzheimer’s disease rewires gene coexpression networks coupling different brain regions,2022,10.1038/s41540-024-00376-y,alzheimer;disease,direct_scope+resolution;health+direct_nanoscale_scope,peripheral
31012b56630b4fa176cc5fbbfee9b118f4afc7a4,Developmental Connectomics from a “Big Data” Perspective,2025,10.1177/18344909251392757,human brain,network_science_scope;review_scope,supported
6bf34123eb168ced86a21537370a149461cdd430,"Spectral graph model for fMRI: A biophysical, connectivity-based generative model for the analysis of frequency-resolved resting-state fMRI",2024,10.1162/imag_a_00381,disease;disorder,network_science_scope,peripheral
c2924337d7e4c2859d980cf2ec938415f3f244f5,Neuronal network architecture and temporal lobe epilepsy: A connectome-based and machine learning study,2016,10.1016/b978-0-12-804076-8.00016-5,epilep,review_scope,peripheral
ab617c7a85b79e80b501825cf113965d274314f3,Association of Cortical Atrophy Patterns With Clinical Phenotypes and Histopathological Findings in Patients With Rasmussen Syndrome,2025,10.1212/wnl.0000000000213629,biopsy;clinical;disease;patholog;patient,infrastructure_scope,supported
641ea2858cf12078d4c7681737f6ddf79fb68e31,"Genetic, Cellular, and Connectomic Characterization of the Adult Human Brain Regions Commonly Plagued by Glioma",2020,10.1101/2020.02.18.20018531,disease;human brain;patient,direct_scope+resolution;network_science_scope;health+direct_nanoscale_scope,peripheral
e894024f1a02fcedfcc8d5dc09b20073cc244c10,Brain hubs in lesion models: Predicting functional network topology with lesion patterns in patients,2017,10.1038/s41598-017-17886-x,patient,network_science_scope,peripheral
ecf210b941a47053ca51bdbea2d278adafaece4f,Anatomical and microstructural determinants of hippocampal subfield functional connectome embedding,2018,10.1073/pnas.1803667115,clinical;disease,network_science_scope,supported
a8d3f50a7b52d837591c6a047648d0fc68d508fe,Omnipresence of the sensorimotor-association axis topography in the human connectome,2023,10.1016/j.neuroimage.2023.120059,human brain,network_science_scope,peripheral
4f8a08de819cd278f1f69135e144249636a1011e,Tai Chi Chuan optimizes the functional organization of the intrinsic human brain architecture in older adults,2014,10.3389/fnagi.2014.00074,human brain,network_science_scope,peripheral
9e6552b421fca8acddf00489cc523197018e1162,COMMON AND INDIVIDUAL STRUCTURE OF BRAIN NETWORKS,2017,10.1214/18-aoas1193,human brain,network_science_scope,peripheral
8c21d992172ac9a9c1db4353961bb1e1f7410fb3,Motor and higher‐order functions topography of the human dentate nuclei identified with tractography and clustering methods,2021,10.1002/hbm.25551,human brain;patholog,direct_scope+resolution;network_science_scope;health+direct_nanoscale_scope,peripheral
2c03be2cd234a047ed2808fffef2d4de0a8709a2,Parsing altered brain connectivity in neurodevelopmental disorders by integrating graph-based normative modeling and deep generative networks,2024,10.48550/arxiv.2410.11064,autism;clinical;disorder,network_science_scope,supported
01e69a1ef2f63b07d389a6ccc74845ba05dc0746,"Decoding Task-Based fMRI Data with Graph Neural Networks, Considering Individual Differences",2022,10.3390/brainsci12081094,human brain,network_science_scope,peripheral
521118967eb541a9fbb81f071be7acec5b399e7a,Brain structural connectome in relation to PRRT2 mutations in paroxysmal kinesigenic dyskinesia,2020,10.1002/hbm.25091,clinical;disease;human brain;patient,network_science_scope,supported
5fa8c9999959fb2830e51d463f082f7de5e1aeb0,MGH-USC Human Connectome Project Datasets with Ultra-High b-Value Diffusion MRI,2015,10.1016/j.neuroimage.2015.08.075,human brain,network_science_scope;infrastructure_scope,supported
dddc6eacaff918e44e7811751e6b1d7ebf0955bd,The low dimensional dynamic and integrative core of cognition in the human brain,2018,10.1101/266635,human brain,network_science_scope,peripheral
8ea7b36d25bb7f3c1a7627283d9f9c5ca977872c,Human brain asymmetry in microstructural connectivity demonstrated by diffusional kurtosis imaging,2014,10.1016/j.brainres.2014.09.002,human brain,network_science_scope,peripheral
ab5c550338e9748d71c26d543ccc52120cb3d680,Magnetic Resonance Connectome Automated Pipeline: An Overview,2012,10.1109/mpul.2011.2181023,human brain,review_scope,peripheral
4636ca6b9e2fe40c86e9fd82b913a71cf54ef6f5,Cross-species evidence for a developmental origin of adult hypersomnia with loss of synaptic adhesion molecules beat-Ia/CADM2,2026,10.1038/s41467-026-68343-1,disorder,direct_scope+resolution,supported
87a9dc521daa6770b8f4f245cc7ab8192ebcb26a,Within brain area tractography suggests local modularity using high resolution connectomics,2017,10.1038/srep39859,disease,network_science_scope,peripheral
ae8341cdb474503aa466afc83044f0e72e169cd6,The impact of genetic risk for Alzheimer’s disease on the structural brain networks of young adults,2021,10.3389/fnins.2022.987677,alzheimer;disease,network_science_scope,peripheral
571c4b47ed9137c89c22fcc81f0f14e3c00f01cb,"Ensemble Deep Learning on Large, Mixed-Site fMRI Datasets in Autism and Other Tasks",2020,10.1142/s0129065720500124,autism;disorder,people_development_scope,peripheral
a238104c9726a90db8422d27b58d9e1b02c6cc78,DISCOVERY OF GENES THAT AFFECT HUMAN BRAIN CONNECTIVITY: A GENOME-WIDE ANALYSIS OF THE CONNECTOME,2012,10.1109/isbi.2012.6235605,alzheimer;autism;disease;disorder;human brain;neurodegener,network_science_scope,peripheral
6562d560ed3bd66f3389c99668d22efacfe01339,Low-dimensional controllability of brain networks,2023,10.1371/journal.pcbi.1012691,human brain,network_science_scope,supported
9a4effda06152552c3c9e05a4e74f68e1a30d470,Predicting full-scale and verbal intelligence scores from functional Connectomic data in individuals with autism Spectrum disorder,2019,10.1007/s11682-019-00111-w,autism;disorder;human brain,people_development_scope,peripheral
39b9a44dd40ff6d080b48beb9d42a6b92f1d2b1f,The whole-brain connectome in Alzheimer's disease spectrum: A Bayesian meta-analysis of graph theoretical characteristics,,10.58530/2025/4236,alzheimer;clinical;disease;patient,network_science_scope,peripheral
de0a94dc6109a3c778a21ba4533d564e85ee1513,2015 Brainhack Proceedings,2016,10.1186/s13742-016-0147-0,clinical,network_science_scope,supported
f96429a9db246ad919007694a1c3402a35f1fd4b,Lesion-Aware Myelin-Weighted Connectomics in the phase II SYNERGY Trial,,10.58530/2024/2968,clinical;multiple sclerosis;patholog;patient,network_science_scope,peripheral
469913590f0c9f74bab7e202ab13dc12faf41be0,Developmental human brain connectome from fetal stage to early childhood,2026,10.1016/j.dcn.2026.101704,autism;disorder;human brain;schizophren,network_science_scope;review_scope,peripheral
d05d97640399d45389ff239b62f2bf9b9dd645ac,Topology-Guided Cyclic Brain Connectivity Generation using Geometric Deep Learning.,2020,10.1016/j.jneumeth.2020.108988,autism;clinical;disorder,network_science_scope;people_development_scope,peripheral
714d78a59473e19f462912df2417bd88f5c050af,Neural fingerprints of gambling disorder using diffusion tensor imaging.,2023,10.1016/j.pscychresns.2023.111657,clinical;disorder,network_science_scope,supported
d35910607d2302b9bef7a2883aea0e23c10d2980,Dimensional depression severity in women with major depression and post-traumatic stress disorder correlates with fronto-amygdalar hypoconnectivty,2015,10.1038/mp.2015.149,clinical;disorder,network_science_scope,peripheral
9f55a47a20507849cadd77984297cf21a54d748e,Deep EvoGraphNet Architecture For Time-Dependent Brain Graph Data Synthesis From a Single Timepoint,2020,10.1007/978-3-030-59354-4_14,disorder;patient,network_science_scope,peripheral
210394a7ae681306662460f023140514112c21f3,The dynamic functional connectome: State-of-the-art and perspectives,2017,10.1016/j.neuroimage.2016.12.061,clinical,network_science_scope;review_scope,supported
22a7a306f33b05ab24ed31e7fd7c2ac5d547be0b,Cerebral blood flow and cardiovascular risk effects on resting brain regional homogeneity,2022,10.1016/j.neuroimage.2022.119555,disorder,network_science_scope,peripheral
6e3a27c980cc46cbe4f0288b9e3ae654013e3c0d,Imaging Three-Dimensional Brain Organoid Architecture from Meso- to Nanoscale across Development,2021,10.1101/2021.12.03.471084,disease;human brain,direct_scope+resolution;health+direct_nanoscale_scope,supported
30d6e18770c86ffe0b8e93154e5c0e114c88cba7,Dynamics of Functional Network Organization Through Graph Mixture Learning,2021,10.1101/2021.05.25.445303,human brain,network_science_scope;people_development_scope,peripheral
a0029975d35809084ce5a97ed8bd054147189d84,Electron Microscopy Sample Preparation Protocol Enabling Nano-to-mesoscopic Mapping of Cellular Connectomes and Their Habitats in Human Tissues and Organs.,2019,10.21769/bioprotoc.3298,disease,direct_scope+resolution,supported
caacb47600f780ffb1481faa88dfedee028c528b,Correction to: Graph Matching Based Connectomic Biomarker with Learning for Brain Disorders,2020,10.1007/978-3-030-60365-6_21,disorder;patholog,network_science_scope,peripheral
12dca73df2e457dea7dc82a843c0387816437278,Meyer's loop tractography for image-guided surgery depends on imaging protocol and hardware,2018,10.1016/j.nicl.2018.08.021,clinical;epilep,network_science_scope,peripheral
4642c2f63a8a3c264fda70b87db7ea464816d73d,The many lives of an oligodendrocyte precursor cell,2025,10.1146/annurev-neuro-112723-025806,disease;neurodegener,direct_scope+resolution;health+direct_nanoscale_scope;review_scope,peripheral
1f11489233e7b2c68f2785dc35fb57a2737de348,Whole Mouse Brain Structural Connectomics using Magnetic Resonance Histology,2018,10.1007/s00429-018-1750-x,clinical;disease,network_science_scope,supported
c6211a41b0f1e058decf251e2f02a5320c0d37f6,Chronic post-stroke aphasia severity is determined by fragmentation of residual white matter networks,2017,10.1038/s41598-017-07607-9,clinical,network_science_scope,supported
30842552faedc6302da24f60e6feba835f01041a,405. AN ELECTROENCEPHALOGRAPHY CONNECTOME PREDICTIVE MODEL OF CRAVING FOR METHAMPHETAMINE,2025,10.1093/ijnp/pyaf052.060,disorder,network_science_scope,peripheral
fcffd54e0b49c787d8d92a7ea17c1ea1ef2c2062,Robustness of Explainable AI Algorithms for Disease Biomarker Discovery from Functional Connectivity Datasets,2024,10.1109/bhi62660.2024.10913640,autism;disease;disorder;patient,network_science_scope,supported
e90e8af2e906402ee4654e901f4815c6d83a9faf,Population-Averaged Atlas of the Macroscale Human Structural Connectome and Its Network Topology,2018,10.1016/j.neuroimage.2018.05.027,human brain,network_science_scope,supported
90136221d5acfe9a7fc28e6731918b8c1e4f54b9,A Robust Modular Automated Neuroimaging Pipeline for Model Inputs to TheVirtualBrain,2022,10.3389/fninf.2022.883223,clinical,proofreading_qc_scope,peripheral
3a98eff0b6de3f9fe616b2245ce65461fdc0afe0,Perineuronal Net Microscopy: From Brain Pathology to Artificial Intelligence,2024,10.3390/ijms25084227,alzheimer;disease;disorder;epilep;patholog;schizophren,direct_scope+resolution;health+direct_nanoscale_scope;review_scope,supported
a6d1e4a74fa4f16bfaea813dc1a518e02e09eeb4,Comparing models of information transfer in the structural brain network and their relationship to functional connectivity: diffusion versus shortest path routing,2022,10.1007/s00429-023-02613-2,human brain,network_science_scope,supported
40dd13ee66c259b9d145777821872950d298eb0a,Connecting connectomes,2013,10.1007/s12021-013-9207-0,human brain,direct_scope+resolution;network_science_scope;infrastructure_scope,peripheral
c2df4847e93f1e18051a68758d28f660b18b44bd,Integration of white matter architecture to stereo-EEG better describes epileptic spike propagation.,2022,10.1016/j.clinph.2022.10.012,clinical;epilep;patient,network_science_scope;people_development_scope,supported
0e330f46260ddf4c833be0715dde7e863dbae620,Global Alterations of Whole Brain Structural Connectome in Parkinson’s Disease: A Meta-analysis,2022,10.1007/s11065-022-09559-y,disease;parkinson;patient,network_science_scope;review_scope,peripheral
ebdce6eb044977c15c9c3ae007e89fb9e775d589,Functional connectome assessed using graph theory in drug-naive Parkinson’s disease,2015,10.1007/s00415-015-7750-3,disease;parkinson,network_science_scope,supported
945433f998bde4305898859ce7ea9cfa706d9d29,Partners in plasticity: serotonergic glial interactions in brain circuit remodeling,2026,10.3389/fnins.2026.1782246,disease;disorder,direct_scope+resolution;network_science_scope;health+direct_nanoscale_scope;review_scope,supported
8394a35dcd8ad51584e13a8a04b99822699c1b4b,Dynamics of the structural connectome in traumatic brain injury,2021,10.26199/acu.8w3xq,traumatic brain injury,review_scope,peripheral
4360bbd32cf38087c4d275c293b3a5b94738a895,Hub Disruption in HIV Disease and Cocaine Use: a Connectomics Analysis of Brain Function,2024,10.1016/j.drugalcdep.2024.112416,disease,network_science_scope,supported
6bbe04bb8593dacec340e908e32dd8e273b1e90b,Functional and structural connectome properties in the 5XFAD transgenic mouse model of Alzheimer’s disease,2018,10.1162/netn_a_00048,alzheimer;disease;neurodegener;patient,network_science_scope,core_candidate
d1746dba175cf014a6aaca0766dcd6619cbbdc5c,Distance Correlation-Based Brain Functional Connectivity Estimation and Non-Convex Multi-Task Learning for Developmental fMRI Studies,2020,10.1109/tbme.2022.3160447,disorder;human brain,people_development_scope,peripheral
e7a9315ac997f118947623eacb794566fe701a9b,"Age of Onset, Brain Controllability, and Working Memory Performance in First-Episode Schizophrenia.",2025,10.1093/schbul/sbaf156,clinical;neurodegener;patient;schizophren,direct_scope+resolution;health+direct_nanoscale_scope,peripheral
848466d469e153ba4899082708850b5533ea73ce,A parcellation-based model of the auditory network.,2020,10.1016/j.heares.2020.108078,clinical,network_science_scope,peripheral
a86a40ca33ee6a88d7c44248599a42e77574cc64,GAN-MAT: Generative Adversarial Network-based Microstructural Profile Covariance Analysis Toolbox,2023,10.1101/2023.04.20.537642,autism;disorder;patient,infrastructure_scope,supported
6253574a446cc08f0300c31363dd140129ff4f55,Brain atrophy progression in Parkinson’s disease is shaped by connectivity and local vulnerability,2021,10.1093/braincomms/fcab269,disease;parkinson;patient,direct_scope+resolution;health+direct_nanoscale_scope,peripheral
cd703a1bfa68070f6a8640e7b052c0769aa3593a,Deep Fusion of Brain Structure-Function in Mild Cognitive Impairment,2021,10.1016/j.media.2021.102082,patient,network_science_scope,supported
c41c710fb2eee299c25b27b3087117cd6bbddb85,Connectome-based lesion-symptom mapping (CLSM): A novel approach to map neurological function,2017,10.1016/j.nicl.2017.08.018,clinical;disease;patient,review_scope,supported
32722d7c939c3c6d7455bd48ec06cf79c3fa9b08,How can connectomics advance our knowledge of psychiatric disorders?,2012,10.1590/s1516-44462012000200003,disorder,network_science_scope,peripheral
ec3bc104de82b4c820f6b3628fa23b657c7d4fbb,Fingerprints of brain disease: connectome identifiability in Alzheimer’s disease,2024,10.1038/s42003-024-06829-8,alzheimer;disease;human brain;patholog,people_development_scope,supported
85cf802edb8cacb48d925f4c743b0c7cbeffa6f5,Brain connectivity fingerprinting as a predictive biomarker of art therapy outcomes in Parkinson’s disease,2026,10.21203/rs.3.rs-8475840/v1,disease;parkinson;patient,network_science_scope,peripheral
b9f560ac63ac214e761085fdf688f3fad8912add,Integrating Temporal and Spatial Scales: Human Structural Network Motifs Across Age and Region of Interest Size,2011,10.3389/fninf.2011.00010,human brain,network_science_scope,supported
99d4bcb1490024d1643126ae7e972144dfa93221,Over-integration of visual network in major depressive disorder and its association with gene expression profiles,2025,10.1038/s41398-025-03265-y,clinical;disorder;human brain;patient,direct_scope+resolution;network_science_scope,core_candidate
e8de1b9499bdea8b4a5599a305fd5adae62c3ed0,DSAM: A deep learning framework for analyzing temporal and spatial dynamics in brain networks,2024,10.1016/j.media.2025.103462,human brain,network_science_scope,supported
e35d4b00241d47a355612abc313be552b9297c66,Caenorhabditis elegans in neuroscience: from neural communication to neurodegenerative disease modeling,2026,10.3389/fnagi.2026.1865186,clinical;disease;neurodegener,review_scope,core_candidate
a2f30a14bff6e388e44d9b544a12c02fa5e9a295,Architecture of the Mouse Brain Synaptome,2018,10.1016/j.neuron.2018.07.007,disease;disorder,direct_scope+resolution;network_science_scope;health+direct_nanoscale_scope,core_candidate
189d4eb60a8757aae5290e5a3cd7b491f524677e,Brain disconnections link structural connectivity with function and behaviour,2020,10.1038/s41467-020-18920-9,clinical;human brain,infrastructure_scope,peripheral
4efde7b62ff3ad920bbf336da50d0dac7a3906af,Strategies to dissect microglia-synaptic interactions during aging and in Alzheimer's disease.,2024,10.1016/j.neuropharm.2024.109987,alzheimer;disease;disorder;neurodegener;patholog,direct_scope+resolution;health+direct_nanoscale_scope;review_scope,supported
4755def4ae0d53b364ea5f875e40df43468f7bb6,Graph neural fields: A framework for spatiotemporal dynamical models on the human connectome,2020,10.1101/2020.09.08.287110,human brain;patholog,network_science_scope,core_candidate
c3c3a2b793f43e5fec5ed70c9ce991521b7a2ad0,HIERARCHICAL BRAIN EMBEDDING USING EXPLAINABLE GRAPH LEARNING,2022,10.1109/isbi52829.2022.9761543,clinical,network_science_scope,peripheral
944d895192dab2381a32f13f8fdc03253be5b513,"The anatomical networks based on probabilistic structurally connectivity in bipolar disorder across mania, depression, and euthymic states.",2023,10.1016/j.jad.2023.02.109,clinical;disorder;patient,network_science_scope,peripheral
c75deae4f847990a0ed92db113928545bfbc39c9,Functional connectivity hubs in the human brain,2011,10.1016/j.neuroimage.2011.05.024,disease;human brain,network_science_scope,supported
a0437429bae0ee2a2c7542a5e2e30c2fa7119ba9,Neural connectivity predicts spreading of alpha-synuclein pathology in fibril-injected mouse models: Involvement of retrograde and anterograde axonal propagation,2019,10.1016/j.nbd.2019.104623,disease;parkinson;patholog,direct_scope+resolution;health+direct_nanoscale_scope,supported
86c40aa80c228cf148ed746c7738525843d5d248,JGAT: a joint spatio-temporal graph attention model for brain decoding,2023,10.48550/arxiv.2306.05286,disorder,network_science_scope,peripheral
2f5954416cad229a83941cbb8ae7773a1140cd9c,"Trade-offs among cost, integration, and segregation in the human connectome",2022,10.1162/netn_a_00291,human brain,network_science_scope,supported
3b8dcb45eb6f67e0558c85f5d947693bc4318151,Genetics of brain networks and connectivity,2019,10.1016/b978-0-12-813838-0.00008-x,human brain,people_development_scope,peripheral
0cc199bd20b4ac2cca62066b18e522ad946d996d,BrainTGL: A dynamic graph representation learning model for brain network analysis,2023,10.1016/j.compbiomed.2022.106521,autism;disease;disorder;human brain,network_science_scope,supported
8215dec6951d59f00464899ff2cce10ae91c421e,Identifying the best data-driven feature selection method for boosting reproducibility in classification tasks,2020,10.1016/j.patcog.2019.107183,alzheimer;disease;disorder,network_science_scope;people_development_scope,supported
58de337736e0fc316ff38e170e094bbebc49af75,Subtype-Specific Biomarkers of Alzheimer’s Disease from Anatomical and Functional Connectomes via Graph Neural Networks,2024,10.1109/icassp48485.2024.10447054,alzheimer;disease;patient,network_science_scope,supported
1adb2ee2ca97d524845e0579fe61e563d2cdcb9e,Toward Optimized and Predictive Connectomics at Scale,2021,10.1101/2021.01.11.426052,clinical,network_science_scope,peripheral
78a112d32416c306830e05c1aebf9dd45d34676c,The Structural and Functional Connectome and Prediction of Risk for Cognitive Impairment in Older Adults,2015,10.1007/s40473-015-0056-z,alzheimer;clinical;disease;disorder;neurodegener;patholog;patient,review_scope,supported
d360738f3aa0817768968b53e5a06670b47d7b12,Latent disconnectome prediction of long-term cognitive-behavioural symptoms in stroke,2023,10.1093/brain/awad013,clinical;patient,review_scope,supported
4b7d13c9fae16f09f46e6f8f19f7b2a3f83d13f2,Use of diffusion spectrum imaging in preliminary longitudinal evaluation of amyotrophic lateral sclerosis: development of an imaging biomarker,2014,10.3389/fnhum.2014.00270,clinical;disease;patholog;patient,network_science_scope,peripheral
571d882aa74b81e63da6e7c965c7990543ba21c2,"Imaging at ultrahigh magnetic fields: History, challenges, and solutions",2017,10.1016/j.neuroimage.2017.07.007,human brain,review_scope,peripheral
700002b707c6c63a6114922b150653252337cb40,Multimodal analysis of cortical chemoarchitecture and macroscale fMRI resting‐state functional connectivity,2016,10.1002/hbm.23229,human brain,network_science_scope,peripheral
8f03ab33a3033784abfda9cd44f9b89fb0c721a4,A systematic review of the relationship between magnetic resonance imaging based resting-state and structural networks in the rodent brain,2023,10.3389/fnins.2023.1194630,disease,review_scope,supported
3be015dc91c68456a6ba336b9c86766341bac80b,Resting-state theta band connectivity and graph analysis in generalized social anxiety disorder,2016,10.1016/j.nicl.2016.11.009,clinical;disorder;patient,network_science_scope,peripheral
2af95b42a8ca1475b37bea1dcfb8a649da9134e1,An electroencephalography connectome predictive model of craving for methamphetamine,2025,10.1016/j.ijchp.2025.100551,clinical;disorder,network_science_scope,supported
2feeac4ed89676b9079537a3cab95d555058f986,Charting the Normal Development of Structural Brain Connectivity in Utero using Diffusion MRI,2025,10.1101/2025.09.14.676101,disorder;human brain,network_science_scope,supported
bf6149d74e30803410090aadf3968cb0babe782c,Disruption of the white matter structural network and its correlation with baseline progression rate in patients with sporadic amyotrophic lateral sclerosis,2021,10.1186/s40035-021-00255-0,clinical;disease;disorder;neurodegener;patient,network_science_scope,supported
558b2cd283f55cf14b3202496a359474fe598653,Complementary Graph Representation Learning for Functional Neuroimaging Identification,2022,10.1145/3503161.3548339,disease,network_science_scope,supported
436438e4bf11fca7bcc4d841333f131724242211,Changes in the brain structural connectome after a prospective randomized clinical trial of lithium and quetiapine treatment in youth with bipolar disorder,2021,10.1038/s41386-021-00989-5,clinical;disorder;patient,network_science_scope;people_development_scope,supported
503e117a509e57bd5fe8d3824f8b4340fb9ba33a,Enhanced Bidirectional Connectivity of the Subthalamo-pallidal Pathway in 6-OHDA-mouse Model of Parkinson’s Disease Revealed by Probabilistic Tractography of Diffusion-weighted MRI at 9.4T,2020,10.5607/en.2020.29.1.80,disease;parkinson,network_science_scope,supported
594ae46f45d48335471a95d08b591a2b067e142f,Endoscopic-CT: Learning-Based Photometric Reconstruction for Endoscopic Sinus Surgery,2016,10.1117/12.2216296,patient,people_development_scope,peripheral
8245e990ff2a8794608fc6e8913d6e5fee9b7107,"Hub connectivity, neuronal diversity, and gene expression in the C. elegans connectome",2017,10.1101/207134,human cortex,network_science_scope,supported
252700817935e98a5ba3db8b9eefd1fe635bfae4,The brain's functional connectome in young children with prenatal alcohol exposure,2019,10.1016/j.nicl.2019.102082,clinical,network_science_scope,supported
508f83eba15bb76d7686d025a8d2200356841dc0,New insights into the neural foundations mediating movement/language interactions gained from intrasurgical direct electrostimulations.,2020,10.1016/j.bandc.2020.105583,patholog;patient,review_scope,peripheral
a09119b22814122e69f848d41a3567f2cd43b956,Abnormal synaptic connectivity in schizophrenia,1998,10.1016/s0920-9964(97)88513-1,schizophren,direct_scope+resolution,peripheral
1b802467ec703f35a843a251acddb4c9befd0c9e,Genetic architecture of the white matter connectome of the human brain,2023,10.1101/2022.05.10.491289,alzheimer;autism;disease;disorder;epilep;human brain;schizophren,network_science_scope,supported
b953ef34696158a540214b4fd6e8f1ea52c64c9a,Cortical Networks of Creative Ability Trace Gene Expression Profiles of Synaptic Plasticity in the Human Brain,2021,10.3389/fnhum.2021.694274,human brain,direct_scope+resolution;network_science_scope,peripheral
0840f31c652e20e51b32adeca3b3d2bc13be260a,Brain fingerprint and subjective mood state across the menstrual cycle,2024,10.3389/fnins.2024.1432218,clinical;disease,network_science_scope,supported
a3ac0edaa54c9a3539073a8b3ce6df36480c4acb,Neurite Orientation Dispersion and Density Imaging Reveals White Matter and Hippocampal Microstructure Changes Produced by Interleukin-6 in the TgCRND8 Mouse Model of Amyloidosis,2019,10.1016/j.neuroimage.2019.116138,alzheimer;disease;neurodegener,network_science_scope;people_development_scope,supported
7869a94ce44ed15c027838bdfbc7232730ee6832,Predictors for drug effects with brain disease: Shed new light from EEG parameters to brain connectomics.,2017,10.1016/j.ejps.2017.04.019,disease,review_scope,supported
03ee63e1396e2007cdf4c85637e3dfc115d97691,Connectomes in Temporal Lobe and Idiopathic Generalized Epilepsies,2025,10.3390/jcm14113744,clinical;disease;epilep;patient,review_scope,supported
bb369afe4560f9296723e28dd9b6af0a308191af,Imaging the structural connectome with hybrid MRI-microscopy tractography,2025,10.1016/j.media.2025.103498,human brain,network_science_scope,core_candidate
33f98166dd27c15928a4c211c5b677646c131710,The Concept of «Peritumoral Zone» in Diffuse Low-Grade Gliomas: Oncological and Functional Implications for a Connectome-Guided Therapeutic Attitude,2022,10.3390/brainsci12040504,epilep;patient,review_scope,peripheral
03525ad9d60ed778987710d6ab480ccc44af9056,Connectome analysis for pre-operative brain mapping in neurosurgery,2016,10.1080/02688697.2016.1208809,patient,network_science_scope,peripheral
7157cc0f13c71e2a307db4516ca2c468603de997,Functional Connectome Analysis of Dopamine Neuron Glutamatergic Connections in Forebrain Regions,2015,10.1523/jneurosci.1674-15.2015,disorder,direct_scope+resolution,peripheral
fd12a1f8fc571e3ad5e709c8b82c22c68d0a6e86,White-matter functional topology: a neuromarker for classification and prediction in unmedicated depression,2020,10.1038/s41398-020-01053-4,clinical;disease;disorder;patholog;patient,network_science_scope,supported
02bfaa50bb369a998f1646c29050cb14d533a5eb,Sensory‐motor network topology in multiple sclerosis: Structural connectivity analysis accounting for intrinsic density discrepancy,2020,10.1002/hbm.24989,clinical;human brain;multiple sclerosis;patholog,network_science_scope,peripheral
28bd8cb1690c3cf2a89d2eccfa928a61107dac85,Disorganized Gyrification Network Properties During the Transition to Psychosis,2018,10.1001/jamapsychiatry.2018.0391,clinical;patient,network_science_scope,peripheral
d7210264d38daffa068b6f33a21c92e4441f6cdb,A longitudinal resource for studying connectome development and its psychiatric associations during childhood,2021,10.1038/s41597-022-01329-y,clinical;disorder,network_science_scope,supported
34ac49c129ea2ca239ba7989e8d31665aa8990d6,From Structure to Function: Mapping the Connection Matrix of the Human Brain,2008,10.1371/journal.pbio.0060164,human brain;human cortex,direct_scope+resolution;network_science_scope,supported
61edbfd4025d239f16470e59260ce11d650dd76e,"Harmonizing 10,000 connectomes: site-invariant representation learning for multi-site analysis of network connectivity and cognitive impairment",2025,10.1117/1.jmi.12.6.064001,alzheimer;disease;neurodegener;patholog;patient,network_science_scope,peripheral
1bf48f89f3187a53928b53f8e7c3564e148c1c6a,The Nomenclature of Human White Matter Association Pathways: Proposal for a Systematic Taxonomic Anatomical Classification,2018,10.3389/fnana.2018.00094,human brain,network_science_scope;review_scope,peripheral
d346c97088cf9d4f15f072c13d5d155bfc08d434,Functional Connectome Organization is Altered in PD Patients with Mild Cognitive Impairment (P4.108),2016,10.1212/wnl.86.16_supplement.p4.108,disease;neurodegener;parkinson;patholog;patient,network_science_scope;people_development_scope,peripheral
d5e811b1abf38eb19f4e99122626947e6820f18b,Network reorganisation following anterior temporal lobe resection and relation with post-surgery seizure relapse: A longitudinal study,2020,10.1016/j.nicl.2020.102320,clinical;epilep,network_science_scope,peripheral
61ab99cfe86570cf2b8a3c3e7cdadc8654211e68,Sample preparation protocol enabling nano-to-mesoscopic mapping of cellular connectomes and their habitats in human tissues and organs,2019,10.1101/533448,disease,direct_scope+resolution,supported
6ab41e40ea06318b304f87b355284284f6bb86ab,Deep brain stimulation in pediatric drug-resistant epilepsy: Implications for the developing connectome,2026,10.1016/j.neurot.2026.e00968,clinical;disorder;epilep,review_scope,supported
49c8cd837d059a4e893f84bf6514173c9d42f479,Changes in Functional and Structural Brain Connectome Along the Alzheimer’s Disease Continuum (P3.033),2018,10.1212/wnl.90.15_supplement.p3.033,alzheimer;disease;patient,network_science_scope;people_development_scope,peripheral
c4383cae5c2d541492ed94b451631bc03ec9e583,A High-Throughput Pipeline Identifies Robust Connectomes But Troublesome Variability,2017,10.1101/188706,clinical,network_science_scope,supported
b19e261064e0bd4c9f4fe60cbca6d6b8479cb652,Individual brain metabolic connectome indicator based on Kullback-Leibler Divergence Similarity Estimation predicts progression from mild cognitive impairment to Alzheimer’s dementia,2020,10.1007/s00259-020-04814-x,alzheimer;clinical;patholog;patient,network_science_scope,supported
4488bf53a102f1e51cf231de7bad76876318639a,Molecular connectivity studies of cerebral glucose metabolism and blood flow: a scoping review.,2026,10.1016/j.neubiorev.2026.106623,clinical;disease;disorder;epilep;neurodegener,review_scope,peripheral
648d73b8aee868c37a01ad2d3268920779cb9fd5,A case report of agoraphobia following right parietal lobe surgery: changes in functional and structural connectivities of the multimodal vestibular network,2023,10.3389/fneur.2023.1163005,disorder;patient,network_science_scope,peripheral
58509f7d6347cc5ca2be2981d8c4de402000998c,The Connectomic Glutamate Framework for Depression: Bridging Molecular Plasticity and Network Reorganization,2025,10.3390/brainsci16010018,clinical;disorder,direct_scope+resolution;review_scope,core_candidate
4cab7e820bfc6f5b019c46dc32a12e7bf3a737bb,A Connectome-Constrained Jansen–Rit Framework for Inferring Cortical Gain Control and Ensemble Stability,2026,10.64898/2026.01.28.702100,disorder;schizophren,direct_scope+resolution,supported
29b581cfd71da03f5cdcdc685ef91e68ee7aab8c,The human connectome project for disordered emotional states: Protocol and rationale for a research domain criteria study of brain connectivity in young adult anxiety and depression,2020,10.1016/j.neuroimage.2020.116715,disease;disorder;patholog,direct_scope+resolution;network_science_scope;proofreading_qc_scope;health+direct_nanoscale_scope,supported
080133f2e38ab56990a42a5ea208bca2aecf6cd8,Inferring the Individual Psychopathologic Deficits With Structural Connectivity in a Longitudinal Cohort of Schizophrenia,2022,10.1109/jbhi.2021.3139701,clinical;patholog;patient;schizophren,network_science_scope,peripheral
7926c7b762eb56d4e20739b055cdcbce95bcaa5c,Learning site-invariant features of connectomes to harmonize complex network measures,2023,10.1117/12.3009645,patient,network_science_scope,supported
a98a85c4b8b07c6fb0aef7f6f8aad20b86aad576,Personalization of hybrid brain models from neuroimaging and electrophysiology data,2018,10.1101/461350,human brain,network_science_scope,peripheral
079f20cc3eee89f34c8ea3ff3477a86ff157e28d,Disrupted basolateral amygdala circuits supports negative valence bias in depressive states,2024,10.1038/s41398-024-03085-6,patient,direct_scope+resolution;health+direct_nanoscale_scope,supported
8eebb8538bf5ce6242e2e4fc25aea5fa3f10ae95,SDE-Driven Spatio-Temporal Hypergraph Neural Networks for Irregular Longitudinal fMRI Connectome Modeling in Alzheimer's Disease,2026,10.48550/arxiv.2603.20452,alzheimer;disease,network_science_scope,supported
79dc5a0650b801302f837c8ac2277819b3dc34ee,Model-based Comparison of Current Flow in Rod Bipolar Cells of Healthy and Early-Stage Degenerated Retina,2021,10.1016/j.exer.2021.108554,disease,direct_scope+resolution,core_candidate
dd0ac260397aa70f4956c68bd4e508b7d6ea1b70,Inputs and Outputs of the Mammalian Circadian Clock,2023,10.3390/biology12040508,disease,direct_scope+resolution;review_scope,core_candidate
6ca93f4b30d440481f09d845678fa312e37090a2,"Relating quantitative 7T MRI across cortical depths to cytoarchitectonics, gene expression and connectomics: a framework for tracking neurodegenerative disease",2020,10.1101/2020.02.05.935080,disease;human brain;neurodegener,network_science_scope,peripheral
0407ec45a2cc3682c7e6110d1d92f4e235c9d79f,Structurally Restricted Message-Passing within Shallow Architectures for Explainable Network-Level Brain Decoding on Small Cohorts,2026,10.64898/2026.03.20.713136,alzheimer;autism;disease;disorder;schizophren,network_science_scope,supported
a143b65563c254f0cdcf0d60b738b00335488d11,Functional complexity emerging from anatomical constraints in the brain: the significance of network modularity and rich-clubs,2016,10.1038/srep38424,human brain,network_science_scope,supported
da24ce5a7df6bb81a69a1d18880fcc0dd3872123,Diffusion tensor imaging using multiple coils for mouse brain connectomics,2018,10.1002/nbm.3921,clinical;disease,network_science_scope,supported
a4240ed69c1ef93df5f5a9d7a5eea8cb45b1ffe7,Interpretable Graph Neural Networks for Connectome-Based Brain Disorder Analysis,2022,10.48550/arxiv.2207.00813,clinical;disease;disorder;human brain,network_science_scope,supported
50431900e1d8c81d4af3161eebca90ee10f57e88,The challenge of mapping the human connectome based on diffusion tractography,2017,10.1038/s41467-017-01285-x,human brain,network_science_scope,core_candidate
4cd1a90bd850017a7392ee7cdedbf363751c319a,"IMPACT OF ALZHEIMER’S DISEASE ON SUPRACHIASMATIC NUCLEUS CONNECTIVITY, SLEEP REGULATION, AND CIRCADIAN RHYTHM",2024,10.1093/geroni/igae098.2306,alzheimer;disease,direct_scope+resolution;health+direct_nanoscale_scope,supported
190ed9396fd7be46261d64557c3ac99f3bed8da9,How Many Streamlines are Required for Reliable Probabilistic Tractography? Solutions for Microstructural Measurements and Neurosurgical Planning,2020,10.1101/2020.01.26.920397,clinical,network_science_scope,peripheral
4aefbb20f179673434b85675b3a0920ba4fd1dea,Decreased integration of the frontoparietal network during a working memory task in major depressive disorder,2020,10.1177/0004867420978284,clinical;disorder;patient,network_science_scope,peripheral
37ea96125dd1ae7b1a0690c83c5fc9562ad00f01,Detailed Mapping of Human Habenula Resting-State Functional Connectivity,2019,10.1016/j.neuroimage.2019.06.015,clinical,direct_scope+resolution,peripheral
3c385f9d26048e620529ba7b3597780b0535fe49,Comprehensive diffusion MRI dataset for in vivo human brain microstructure mapping using 300 mT/m gradients,2022,10.1038/s41597-021-01092-6,human brain,network_science_scope,peripheral
64edde36f30653a3835ecb5ee679d94f62ece42e,Connectomics-based structural network alterations in obsessive-compulsive disorder,2016,10.1038/tp.2016.163,disorder;patient,network_science_scope,peripheral
391aabd19001614137921d07d2ad2e70fd52b5e9,TSP-GNN: a novel neuropsychiatric disorder classification framework based on task-specific prior knowledge and graph neural network,2023,10.3389/fnins.2023.1288882,disease;disorder,network_science_scope,peripheral
857e4e10370fae34f32dffef9742483dd72ef42c,Brain connectome modularity in weight-restored anorexia nervosa and body dysmorphic disorder,2016,10.1017/s0033291716001458,disorder,network_science_scope,peripheral
db6f8786b225ddf235b50b02dcee55baf1b5e9c7,Topo-pathological re-wiring in brain structural connectomes of de novo Parkinson’s Disease patients,2017,10.13128/ijae-21652,disease;parkinson;patholog;patient,network_science_scope,peripheral
b391a73177787d41d312db8f5d866f0401316f36,An electroencephalography connectome predictive model of major depressive disorder severity,2021,10.1038/s41598-022-10949-8,clinical;disorder,network_science_scope,peripheral
46b368296c6d941a9687e6c72bd607e541ff67ff,Data-Efficient Brain Connectome Analysis via Multi-Task Meta-Learning,2022,10.1145/3534678.3542680,disease,network_science_scope,supported
40cf123e742911fd140e7afc149c57cea94b46e9,Focal and connectomic statistical parametric mapping of transiently disrupted brain function,2023,10.1016/j.brs.2023.01.443,epilep;human brain;patient,infrastructure_scope,peripheral
0cdaffb830e375a1f776a7d7782a2423a2ff5480,Heritability of Brain Resilience to Perturbation in Humans,2021,10.1016/j.neuroimage.2021.118013,disease;patholog,network_science_scope,peripheral
08569050e920824b4a809194d85f94a5d4261cdb,Regional Homogeneity,2015,10.1177/1073858415595004,disorder;human brain,network_science_scope;review_scope,supported
6acca4fa861d6597012987060b662803411f0c65,Reprint of: Mapping human brain lesions and their functional consequences,2019,10.1016/j.neuroimage.2019.01.044,clinical;human brain,review_scope,peripheral
517b3576323062f8e0d1c051ec28194c8e4bc11d,An affected core drives network integration deficits of the structural connectome in 22q11.2 deletion syndrome,2015,10.1016/j.nicl.2015.11.017,clinical;disease;patient;schizophren,network_science_scope,peripheral
5165e873cea8f6d5e2c62c6ef0a646330ec58679,From Pixels to Minds: Mapping & Understanding the Brain with AI,2026,10.1162/daed.a.977,disease,direct_scope+resolution;health+direct_nanoscale_scope;review_scope,peripheral
5005b8ead2748e8fbdf68856d87d3bad11ffef2d,Higher-Order Interactions in Brain Connectomics: Implicit versus Explicit Modeling Approaches,2025,,human brain,network_science_scope;review_scope,supported
539e0862b69d57765cff38da9e98bb1ccaf11eef,CochleaNet: deep learning-based image analysis for cochlear connectomics and gene therapy,2025,10.1101/2025.11.16.688700,clinical,direct_scope+resolution,peripheral
daab86164810318b29d317d3d2bdf555f3593a6e,Increased Neurite Orientation-Dispersion and Density in the TgCRND8 Mouse Model of Amyloidosis: Inverse Relation with Functional Connectome Clustering and Modulation by Interleukin-6,2019,10.1101/562348,alzheimer;disease;neurodegener,network_science_scope;people_development_scope,peripheral
649505fce6e9b1038accaeb7f085e8d479f5440e,Mapping and comparing fMRI connectivity networks across species,2023,10.1038/s42003-023-05629-w,disease;human brain,network_science_scope;review_scope,core_candidate
94f0f83e2b0a7e1317ae998352a25c3afb89d691,"Dopamine Neurons That Cotransmit Glutamate, From Synapses to Circuits to Behavior",2021,10.3389/fncir.2021.665386,disease;disorder;parkinson;schizophren,direct_scope+resolution;health+direct_nanoscale_scope;review_scope,supported
f839740c070a92aa9057d21e4c9898ac2eb6acb5,Blurred magnitude homology of functional connectome for ASD diagnosis,2026,10.3389/fpsyt.2025.1677282,autism;disorder,network_science_scope,supported
232740a6ebf2d87799035e4200212c24b608ec9c,A Connectomic Atlas of the Human Cerebrum-Chapter 12: Tractographic Description of the Middle Longitudinal Fasciculus.,2018,10.1093/ons/opy266,clinical;human cortex,network_science_scope;people_development_scope,peripheral
b0aea05284184e8690a72a18387b893567fcf710,Genetics of the Connectome,2013,10.1016/j.neuroimage.2013.05.013,disease,review_scope,peripheral
d9e94489e9ada5cfdfaae5febc9965d92c95404c,Networking of the Human Cerebellum: From Anatomo-Functional Development to Neurosurgical Implications,2022,10.3389/fneur.2022.806298,clinical,review_scope,supported
5ebd33d685c506f571928df3a8f6c79135cc3b56,The evolution of Big Data in neuroscience and neurology,2023,10.1186/s40537-023-00751-2,alzheimer;disease;disorder;parkinson;patient,review_scope,supported
016f85bd9ce796344d1d364feebdc50d6f2886c7,Test-Retest Reliability of “High-Order” Functional Connectivity in Young Healthy Adults,2017,10.3389/fnins.2017.00439,clinical;disease;human brain,network_science_scope,supported
6e7569807237d072bae17c4941b2887b350003fd,Brain network alterations and vulnerability to simulated neurodegeneration in breast cancer,2015,10.1016/j.neurobiolaging.2015.04.015,neurodegener;patholog,network_science_scope,supported
b8155c427e5a8b1ced3c69be0f52a3c96cbc0601,Graph combinatorics based group-level network inference for brain connectome analysis,2019,10.1101/758490,disorder,network_science_scope,supported
ecf6179ac5ca788e693649d45c16ca5a80a309da,Fast Mitochondria Segmentation for Connectomics,2018,,autism;disease,direct_scope+resolution;health+direct_nanoscale_scope,supported
2596fac45aba35a1c2ad91fe4451305c068a180a,"The Severity of Sensorimotor Tracts Degeneration May Predict Motor Performance in Chronic Stroke Patients, While Brain Structural Network Dysfunction May Not",2022,10.3389/fneur.2022.813763,patient,network_science_scope,peripheral
3807f11438d87a5d5cb87861fe7fe01d4c21545b,Lesion correlates of auditory sentence comprehension deficits in post-stroke aphasia,2022,10.1016/j.ynirp.2021.100076,clinical,network_science_scope,peripheral
3910b13aa45a1d7a1352f2e9025d4be8c2d4fc4b,Reduced sensory-evoked structural plasticity in the aging barrel cortex,2019,10.1016/j.neurobiolaging.2019.06.006,disorder;neurodegener,direct_scope+resolution,peripheral
9e3af7dcfd6b843e1ab8b85b78cdfb5b2947b970,Resting-State Networks and the Functional Connectome of the Human Brain in Agenesis of the Corpus Callosum,2013,10.1089/brain.2013.0175,human brain,direct_scope+resolution,peripheral
bbf1849d982a227df02e52a27c48710cb333a14f,Juvenile Myoclonic Epilepsy Imaging Endophenotypes and Relationship With Cognition and Resting‐State EEG,2025,10.1002/hbm.70226,clinical;disease;epilep;human brain;patholog;patient,direct_scope+resolution;health+direct_nanoscale_scope,supported
a0c14b2b5a32a8f247276d5f8a192ea16af02888,Normalizing the brain connectome for communication through synchronization,2020,10.1162/netn_a_00231,disease;disorder;patholog,network_science_scope,supported
431406c94590f4b529d299a19f615c857992a54d,Structure-function coupling increases during interictal spikes in temporal lobe epilepsy: A graph signal processing study.,2023,10.1016/j.clinph.2023.05.012,clinical;disorder;epilep;patient,network_science_scope,peripheral
05ec9174badc89bcfe9d631c433913b1d7a626de,Resting-state Functional MRI Studies on Infant Brains: a Decade of Gap-Filling Efforts,2018,10.1016/j.neuroimage.2018.07.004,disorder,review_scope,peripheral
af70c13c12979cb6f759d7054eb53cfd8f3224cd,Disrupted Topological Organization of the Brain Structural Network in Patients With Thyroid-Associated Ophthalmopathy,2021,10.1167/iovs.62.4.5,clinical;disease;patient,network_science_scope,supported
e4b1b3dd9cec14cdf0378d56e18f1a15de78873e,Future directions for examination of brain networks in neurodevelopmental disorders,2018,10.1080/15374416.2018.1443461,clinical;disorder,people_development_scope,supported
3ec961bbe7655a89e22f8ed02fc573e8c8598952,Application of Structural and Functional Connectome Mismatch for Classification and Individualized Therapy in Alzheimer Disease,2020,10.3389/fpubh.2020.584430,alzheimer;clinical;disease;patient,network_science_scope,peripheral
f24ced0d310ebc8b0c1ad69d9ab9a6f9b292d9ca,What connectomics can learn from genomics,2021,10.1371/journal.pgen.1009692,disease,direct_scope+resolution;people_development_scope,core_candidate
dba9b3e437792c297753d84a35092ea06ac599ea,Diffusion MRI fiber tractography of the brain,2019,10.1002/nbm.3785,clinical,network_science_scope;review_scope,supported
51025beaf8a51d182dbec4a5c1579c19c570d9fd,A phylogenetically-conserved axis of thalamocortical connectivity in the human brain,2023,10.1038/s41467-023-41722-8,disorder;human brain,network_science_scope,core_candidate
45d2fb941239f57b53a46bb5c8e508441d800cba,Multiplex functional connectome graph transformer for cognitive vulnerability in dialysis-treated chronic kidney disease,2026,10.3389/fpsyt.2026.1906443,disease;patient,network_science_scope,supported
27e3280f8708d4f568c14172980f8c11bc4f2a93,Conventional MRI-Based Structural Disconnection and Morphometric Similarity Networks and Their Clinical Correlates in Multiple Sclerosis,2025,10.1212/wnl.0000000000213349,clinical;disease;disorder;multiple sclerosis,network_science_scope,supported
c327f311d528365771adad0254e9f289f23ec4cb,Assessment of temporal complexity in functional MRI between rest and task conditions,2021,10.1101/2021.11.20.469367,disorder,infrastructure_scope,peripheral
bbc3b5868c114002e3518dedec0fd85376ac9178,Multichannel activity propagation across an engineered axon network,2017,10.1088/1741-2552/aa5ccd,clinical,direct_scope+resolution;network_science_scope,supported
13b1774096840c37cc14fc189673f8c420b98359,OSBA: An open neonatal neuroimaging atlas and template for spina bifida aperta,2024,10.1101/2024.06.04.597318,disease,network_science_scope,peripheral
e791eb82233c25a71294180b03290dcf509da25b,White matter integrity and structural brain network topology in cerebral small vessel disease: The Hamburg city health study,2020,10.1002/hbm.25301,clinical;disease;human brain,network_science_scope,supported
c0e4acc210eb65547e70cbe97b82c9fb6e1b2187,NeuroPath: A Neural Pathway Transformer for Joining the Dots of Human Connectomes,2024,10.48550/arxiv.2409.17510,disease,network_science_scope,supported
414d1e9ff6f0b07aeb8ef866d85f4f568bb89153,Revisiting the functional anatomy of the human brain: Toward a meta-networking theory of cerebral functions.,2020,10.1152/physrev.00033.2019,clinical;human brain;patient,review_scope,supported
0096736824c6ba479dc6c25f3f905585c981fddb,Test-retest reliability of regression dynamic causal modeling,2021,10.1162/netn_a_00215,clinical,infrastructure_scope,core_candidate
d70a6c7351c0eb163c40f97c501b01ce5a695cb6,A Multi-Domain Connectome Convolutional Neural Network for Identifying Schizophrenia From EEG Connectivity Patterns,2019,10.1109/jbhi.2019.2941222,disorder;patient;schizophren,network_science_scope,supported
f4840f385889af737977a3684b4e79c3e92651bc,Connectome reorganization associated with temporal lobe pathology and its surgical resection,2023,10.1093/brain/awae141,clinical;epilep;human brain;patholog;patient,network_science_scope,supported
be1c0a53f791634143768b7af5c3332f818594af,Functional Connectivity Mapping in the Animal Model: Principles and Applications of Resting-State fMRI,2017,10.3389/fneur.2017.00200,clinical;disease;human brain,review_scope,supported
1daf4571b849781e2cb84839209fb32900fae3b5,A Physics-Informed and Mechanistically-Grounded Deep Learning Framework for Revealing Altered Structurefunction Coupling in Neurodegenerative Diseases,2026,10.1109/isbi61048.2026.11515843,disease;neurodegener,network_science_scope,peripheral
ee6a9e3b23fa68f1c7426185481ea1933b72b53c,The Effect Of Age Of Onset On The Brain Functional Connectivity In Alzheimer’s Disease: A Graph Analysis Study (P6.312),2014,10.1212/wnl.82.10_supplement.p6.312,alzheimer;disease;patient,network_science_scope,peripheral
25b7814491b32d78969b5af385d9d641715cab5b,Optimization of graph construction can significantly increase the power of structural brain network studies,2019,10.1016/j.neuroimage.2019.05.052,human brain,network_science_scope,supported
cf0ed65d149b47c437b9248050ce13eb5d1610db,High-throughput segmentation of unmyelinated axons by deep learning,2021,10.1038/s41598-022-04854-3,disease,direct_scope+resolution,core_candidate
3d25ebefc2ad7c1786aea78209d6162c00ae9ed5,Lesion Quantification Toolkit: A MATLAB software tool for estimating grey matter damage and white matter disconnections in patients with focal brain lesions,2020,10.1016/j.nicl.2021.102639,disease;disorder;patient,network_science_scope,peripheral
e14d14ccbd9ca9068f2cff00c7f3860e8a48388a,Age-related vulnerability of the human brain connectome,2023,10.1038/s41380-023-02157-1,human brain;neurodegener,network_science_scope,peripheral
3d2b88bac4d60cc5c4e81fba117200e96bc2617f,Exploring Neural Heterogeneity in Inattention and Hyperactivity,2022,10.1101/2022.07.26.501508,autism;clinical;disorder,network_science_scope,peripheral
080bf3f17c67456a5cc85b1993bb2afbfc87cded,Dyconnmap: Dynamic connectome mapping—A neuroimaging python module,2021,10.1002/hbm.25589,human brain,network_science_scope,peripheral
5fb93cd79601dc6d593928dc1e70acf64b046a6b,Characterizing Brain Connectivity From Human Electrocorticography Recordings With Unobserved Inputs During Epileptic Seizures,2019,10.1162/neco_a_01205,clinical;disorder;epilep;human brain;patient,network_science_scope,peripheral
5d1e98156f91a3aba833d664155616e29f7370e2,Unsupervised learning of acquisition variability in structural connectomes via hybrid latent space modeling,2026,10.48550/arxiv.2605.13933,alzheimer;disease,people_development_scope,peripheral
70fb7a32df7a552363ad41360cb6ea69d15cbc3e,A statistical model for brain networks inferred from large-scale electrophysiological signals,2016,10.1098/rsif.2016.0940,disease,network_science_scope,supported
394cbc05ba78924bfe8677463954079f0058af12,P11.62.A The link between gliomas infiltrationandwhite matter architecture investigated with electron microscopy and diffusion tensor imaging,2022,10.1093/neuonc/noac174.251,patient,direct_scope+resolution,peripheral
6fc878bf7faac8553ba58473f1ba12838edfe76c,Modelling on the very large-scale connectome,2021,10.1088/2632-072x/ac266c,human brain,network_science_scope;review_scope,peripheral
93b6e2f6a5ae42f5b0567bb1b8037fcebff0b589,Brain network modularity predicts cognitive training-related gains in young adults,2019,10.1016/j.neuropsychologia.2019.05.021,patient;traumatic brain injury,network_science_scope;people_development_scope,supported
0999d72f70eb0933676b72d6a5329def866dd27e,Aberrant MEG multi-frequency phase temporal synchronization predicts conversion from mild cognitive impairment-to-Alzheimer's disease,2019,10.1016/j.nicl.2019.101972,alzheimer;clinical;disease;patient,network_science_scope,peripheral
c652d61397a94204fe333826ed357b2ee495fbf9,Predicting gender from structural and functional connectomes via brain and population graph neural networks,2023,10.1101/2023.11.01.565175,clinical;disease;human brain,network_science_scope,peripheral
a75c23304b486f5681626c323ba602545d619ad9,The Human Connectome Project,2011,10.1167/11.15.8,disorder;human brain,network_science_scope,supported
4fe70852975eb9f5c1d1426459cde17ead0a3acc,Recurrent connectivity supports carbon dioxide sensitivity in Aedes aegypti mosquitoes,2025,10.1101/2025.07.29.667487,disease,direct_scope+resolution,supported
e2dae32797c01156c6ecd5c2ebbfd2b9598917c5,Altered dynamic electroencephalography connectome phase-space features of emotion regulation in social anxiety,2018,10.1016/j.neuroimage.2018.10.073,disorder,network_science_scope,peripheral
cc1352cdd4181d7522b8647f312d79dcd95e9d6c,Microstructure-Informed Connectomics: Enriching Large-Scale Descriptions of Healthy and Diseased Brains,2019,10.1089/brain.2018.0587,autism;disease;disorder;epilep;human brain,network_science_scope;review_scope,core_candidate
8899b8cb3607bed6b232eabca6166998289f480c,The concurrent disturbance of dynamic functional and structural brain connectome in major depressive disorder: the prefronto-insular pathway.,2020,10.1016/j.jad.2020.05.148,clinical;disorder;patient,network_science_scope,peripheral
873f9441cec562f6eee450d35dd4c291d8944b44,Patterns of seizure spread in temporal lobe epilepsy are associated with distinct white matter tracts,2021,10.1016/j.eplepsyres.2021.106571,clinical;epilep;patient,network_science_scope,peripheral
61f08dc32e3c663446fe9442ef5a6c1c1cb0ff40,Predicting Spatio-Temporal Human Brain Response Using fMRI,2022,10.1007/978-3-031-16431-6_32,human brain,network_science_scope;people_development_scope,peripheral
f7ce4d1be132a240b7c2625c20fb578656debaf1,Topographic connectivity and cellular profiling reveal detailed input pathways and functionally distinct cell types in the subthalamic nucleus,2021,10.1101/2021.10.01.462690,disease;parkinson;patient,direct_scope+resolution;network_science_scope;health+direct_nanoscale_scope,supported
7904a999d2d49e660e8de8c908b7a3edb78d8a1c,Selective Regional Loss of Cortical Synapses Lacking Presynaptic Mitochondria in the 5xFAD Mouse Model,2021,10.3389/fnana.2021.690168,alzheimer;disease;patholog,direct_scope+resolution;health+direct_nanoscale_scope,peripheral
042970c60124ae545e272df49ee1f8bd9bf01593,Self-Supervised Transformer-Based Foundation Model for functional Magnetic resonance Imaging,2025,10.1109/embc58623.2025.11254125,clinical,people_development_scope,peripheral
7637e771946e95e4aacaa2128d0fa3b56325e262,Impaired Structural Motor Connectome in Amyotrophic Lateral Sclerosis,2011,10.1371/journal.pone.0024239,disease;neurodegener;patient,network_science_scope,core_candidate
c4f8e3e6f8cf86aa549f4f4c838cff4515bbeda3,"Intelligence, Cognition, and Language of Green Plants",2016,10.3389/fpsyg.2016.00588,disease,review_scope,supported
b0a76d44a9246ff508681d2db578a6ac1873a043,Integrating brainstem and cortical functional architectures,2023,10.21203/rs.3.rs-3569352/v1,human brain,network_science_scope,peripheral
ce80eacd0a439a91fe53fdb5b5729bdff9c4ac0b,Multiplex connectome changes across the Alzheimer’s spectrum,2021,10.1117/12.2593316,alzheimer;disease;patholog;patient,people_development_scope,peripheral
b5605575ca70539dd4268641a95963e5cbc40e4f,Fluorescence-Based Quantitative Synapse Analysis for Cell Type-Specific Connectomics,2019,10.1523/eneuro.0193-19.2019,disease,direct_scope+resolution;health+direct_nanoscale_scope,supported
7272cff8b5884ee3ce9483152526beb0cffce4a4,Brain iron enrichment attenuates α‐synuclein spreading after injection of preformed fibrils,2021,10.1111/jnc.15461,disease;parkinson;patholog,direct_scope+resolution,supported
07eff400f5adc82ccec09e9537ce40e555420871,"Astrocytes and glutamate homoeostasis in Alzheimer's disease: a decrease in glutamine synthetase, but not in glutamate transporter-1, in the prefrontal cortex",2013,10.1042/an20130017,alzheimer;disease;disorder;neurodegener;patholog,direct_scope+resolution;health+direct_nanoscale_scope,peripheral
6e816a9ed5fbada1fc4a50ab8b1032cd336764b4,Mapping Connectivity Damage in the Case of Phineas Gage,2012,10.1371/journal.pone.0037454,human brain;patient;traumatic brain injury,network_science_scope,peripheral
b03866f91ba3810c39913d0bd119e94a58632522,Connectomic analysis of astrocyte-synapse interactions in the cerebral cortex,2025,10.1101/2025.02.20.639274,disease,direct_scope+resolution,supported
5cef9aa4f8d060577dab84d90a29b8f7f64eae42,Short-range connections in the developmental connectome during typical and atypical brain maturation,2017,10.1016/j.neubiorev.2017.10.007,autism;disorder;human brain;schizophren,network_science_scope;review_scope,supported
b534cf4e71a357855c9c862bddd34aeab7f00e79,1 Network Efficiency as Structural Reserve: Pre- And Post-Operative Associations Between Network Organization and Memory in Temporal Lobe Epilepsy,2023,10.1017/s1355617723004277,epilep;patient,network_science_scope,peripheral
2543a3b75908a3eab82d233e1da094228cb5883d,Comparison of diffusion tractography and tract‐tracing measures of connectivity strength in rhesus macaque connectome,2015,10.1002/hbm.22828,human brain,network_science_scope,supported
c1786fda5eb5bd17cfd45d1403549df5efce8e0a,A probabilistic atlas of locus coeruleus pathways to transentorhinal cortex for connectome imaging in Alzheimer’s disease,2020,10.1016/j.neuroimage.2020.117301,alzheimer;clinical;disease;human brain;patholog,proofreading_qc_scope,supported
817e7b31d12bd362f0f63c285739e1df0c22dc36,Basic Science and Pathogenesis.,2024,10.1002/alz.090237,alzheimer;disease;disorder;neurodegener;patient,network_science_scope,supported
ea32f3ea1184354ee2e2adfd7578d16261860306,Morphological Brain Age Prediction using Multi-View Brain Networks Derived from Cortical Morphology in Healthy and Disordered Participants,2019,10.1038/s41598-019-46145-4,disorder,people_development_scope,peripheral
b73d471e391be9d061b22ef05cc665e4bf9325a9,Application of graph theory across multiple frequency bands in drug-naïve obsessive-compulsive disorder with no comorbidity.,2022,10.1016/j.jpsychires.2022.03.041,disorder;patient,network_science_scope,peripheral
225b3ae7f80f8e1631bb1c573460c4d8a1b43deb,Development of the Brain Functional Connectome Follows Puberty-Dependent Nonlinear Trajectories,2020,10.1101/2020.09.26.314559,disorder,network_science_scope,peripheral
b168129281c0c81d31c3ce31fca23be8f2f08c73,Local molecular and global connectomic contributions to cross-disorder cortical abnormalities,2022,10.1038/s41467-022-32420-y,disease;disorder;neurodegener,network_science_scope,supported
725002b405d7d9be55848401130109d5a89794b7,Identifying latent brain networks geometry markers: clinical applications in disorders of consciousness,2018,10.13128/ijae-11321,clinical;disease;disorder;patient,network_science_scope,peripheral
b2fe4a65a4c6adb41d21273db6930510adcb81ab,Structural brain network topological alterations in stuttering adults,2022,10.1093/braincomms/fcac058,disorder,network_science_scope,supported
5bd12b7ab7e58cb1f715bedd2e1f2858d43ff66f,g-Ratio weighted imaging of the human spinal cord in vivo,2016,10.1016/j.neuroimage.2016.09.018,disease;multiple sclerosis,network_science_scope,peripheral
6b594841394c623cc7e311123c72f018c4e032fd,"Spatial organization of AQP4 channels in the human brain: links with perfusion, edema, and disease vulnerability",2026,10.64898/2026.02.18.706679,disease;human brain;neurodegener,network_science_scope,supported
aaff7ccc72a0ddcca5463281b52c87bf0e412c09,Functional brain connectome in posterior cortical atrophy,2019,10.1016/j.nicl.2019.102100,clinical;disease;patient,network_science_scope,peripheral
fc26abd9b54ce4bbfd8234401a8f7a79f2e80c1d,The brain network hub degeneration in Alzheimer’s disease,2024,10.52601/bpr.2024.230025,alzheimer;disease,review_scope,supported
038e29c459d98174625c830d0408441787204e93,The structural connectome constrains fast brain dynamics,2020,10.7554/elife.67400,human brain,network_science_scope,supported
3cc82e56a5881ac2b9c148a160b4a3004dce3038,A fiber coherence index for quality control of B-table orientation in diffusion MRI scans,2019,10.1016/j.mri.2019.01.018,patient,network_science_scope;proofreading_qc_scope,core_candidate
76b6bf1f564ebbdb3d7a08d5f9a8a0d4fbebe22c,Meta-RegGNN: Predicting Verbal and Full-Scale Intelligence Scores Using Graph Neural Networks and Meta-learning,2022,10.1007/978-3-031-16919-9_19,autism;disorder;human brain,network_science_scope;people_development_scope,peripheral
aa219ff7fde07a9dec7f164b8f2d9aba5454bed0,"Human Brain Connectomics : Networks , Techniques , and Applications",2010,,human brain,review_scope,peripheral
5bb518fd23d246adeb9e86978d8c94f43b1e8079,Connectome development and a novel extension to the neurodevelopmental model of schizophrenia,2018,10.31887/dcns.2018.20.2/gcollin,clinical;disorder;schizophren,review_scope,peripheral
bc20b82fb088a843dfde8b7195f5560bd899ef75,A chromosomal connectome for psychiatric and metabolic risk variants in adult dopaminergic neurons,2020,10.1186/s13073-020-0715-x,disease;disorder;schizophren,network_science_scope,supported
a2f63483386ca523e1905ff3c60cc22312342b90,Spatio-temporal Modeling of Connectome-Scale Brain Network Interactions via Time-evolving Graphs,2017,10.1016/j.neuroimage.2017.10.067,human brain,network_science_scope;review_scope,peripheral
7714e12adfc50c6214f3b7f532722857a43fff82,Individual Brain Metabolic Connectome Indicator Based on Jensen-Shannon Divergence Similarity Estimation Predicts Seizure Outcomes of Temporal Lobe Epilepsy,2022,10.3389/fcell.2021.803800,clinical;epilep;patholog;patient,network_science_scope,supported
42116f5234d24b9c687f654406b1a3495bfbbc82,A blueprint of mammalian cortical connectomes,2019,10.1371/journal.pbio.2005346,patholog,network_science_scope,core_candidate
b7c30bddf04c4b609d1f5582db28191029ea1a84,EM and XRM Connectomics Imaging and Experimental Metadata Standards,2024,,disease;neurodegener,direct_scope+resolution;infrastructure_scope,core_candidate
cdcee67b431d106d7083a6730ab5fcd43c3cb51b,Structural Covariance Networks in Post-Traumatic Stress Disorder: A Multisite ENIGMA-PGC Study,2021,10.1101/2021.03.13.432212,disorder;patholog,network_science_scope,peripheral
b6b4785ff6a30a6134bb2f39bb2ad49c1872f546,19233 Basis profile curve identification to understand electrical stimulation effects in human brain networks,2021,10.1017/cts.2021.423,clinical;human brain;patient,network_science_scope,peripheral
2dc3a317bda45b2f80da8a279166883be9caec37,Analysis of multilayer brain connectivity in Alzheimer’s disease,2020,10.1117/12.2569118,alzheimer;disease;patient,network_science_scope,peripheral
0ae7f83bb0717f7d1252ca9e722d6b2bfa23c90d,The controversial existence of the human superior fronto-occipital fasciculus: Connectome-based tractographic study with microdissection validation,2015,10.1002/hbm.22990,human brain,network_science_scope;people_development_scope,peripheral
4f2e0ae79163adca2d996d476762e877f2658982,Multi-Shell Hybrid Diffusion Imaging (HYDI) at 7 Tesla in TgF344-AD Transgenic Alzheimer Rats,2015,10.1371/journal.pone.0145205,alzheimer;clinical;disease;patholog,network_science_scope,supported
35364e5a24229ff5549e9132c433c9771e0ace7e,Functional Brain Network Topology Discriminates between Patients with Minimally Conscious State and Unresponsive Wakefulness Syndrome,2019,10.3390/jcm8030306,clinical;disorder;patient,network_science_scope,peripheral
cb5ac4c88234fe48b48d776ac13944773c1ced45,Interpretable modality-specific and interactive graph convolutional network on brain functional and structural connectomes,2025,10.1016/j.media.2025.103509,alzheimer;disease;parkinson;schizophren,network_science_scope,supported
4e6c71a40e8ad7a81bc8624e95d22e0cd8286219,Effects of diffusion signal modeling and segmentation approaches on subthalamic nucleus parcellation,2021,10.1101/2021.02.28.433251,disease;disorder;parkinson,network_science_scope,peripheral
8a455c0009afac2b124a2120797243098f349231,A Functional System-informed Graph Neural Network Framework to Quantify Interpretable Brain Dysfunction in ASD,2025,10.1016/j.neunet.2025.108295,autism;clinical;disorder;human brain;patholog;patient,network_science_scope,supported
575b316a55bb13d2a9acd91f893cb07a295af3b6,A connectome-based mechanistic model of focal cortical dysplasia,2019,10.1093/brain/awz009,epilep;patholog;patient,network_science_scope,peripheral
905549b5032aae4650926ab5ce3f7745ba353ac8,Learning Clique Subgraphs in Structural Brain Network Classification with Application to Crystallized Cognition,2020,10.1101/2020.05.26.116475,human brain,network_science_scope,supported
c796914fb1e2b7b87aaaff7b7e99e7dc3679b1bc,Objective markers for psychiatric decision-making: How to move imaging into clinical practice,2019,10.1016/j.nicl.2019.102084,clinical;disorder;patient,network_science_scope;infrastructure_scope,supported
582bf754d9f50dc3f29b0b5122e497e96ecd67de,Directed and acyclic synaptic connectivity in the human layer 2-3 cortical microcircuit,2024,10.1126/science.adg8828,human brain;human cortex,direct_scope+resolution;network_science_scope,supported
d59659ce4575a98e0f3a7044deb20ac2636f7ae8,Astroglial networks in health and disease: New Frontiers,2015,10.13128/ijae-16842,alzheimer;disease;neurodegener;parkinson;patholog,direct_scope+resolution;health+direct_nanoscale_scope,peripheral
858955cf97a56f7f2e926e4f38b6d0bc9e205084,Aberrant large-scale brain modules in deficit and non-deficit schizophrenia.,2021,10.1016/j.pnpbp.2021.110461,clinical;disease;patholog;patient;schizophren,network_science_scope,peripheral
7c4752cd9e11384f11532be8aaab6e6a5d182c2b,Editorial: Organization of the White Matter Anatomy in the Human Brain,2019,10.3389/fnana.2019.00085,clinical;human brain;patholog,network_science_scope,peripheral
e93a0de270af1c0196b70efd60c59e6a1f954105,The continuous differentiation of multiscale structural gradients from childhood to adolescence correlates with the maturation of cortical morphology and functional specialization,2024,10.1101/2024.06.14.598973,human brain,direct_scope+resolution;network_science_scope,peripheral
98f6c19ad8cc2705d0551e8924139189b88f4297,Structural Organization of the Brain Connectome in Patients with Psychogenic Dystonia (P1.040),2016,10.1212/wnl.86.16_supplement.p1.040,disease;disorder;patient,network_science_scope;people_development_scope,peripheral
617016ad85c625a6719e583955ecf156f29d50b1,Towards the “Baby Connectome”: Mapping the Structural Connectivity of the Newborn Brain,2012,10.1371/journal.pone.0031029,clinical;human brain,network_science_scope,peripheral
444387e9c4ec1b6d52535cb42e2209e1912772a5,"Big Data, Small Bias: Harmonizing Diffusion MRI‐Based Structural Connectomes to Mitigate Site‐Related Bias in Data Integration",2025,10.1002/hbm.70256,disorder;human brain,network_science_scope,peripheral
6b7939a04ccc02aa6f8d524007b3559a2ba133ea,Neuromorphic hierarchical modular reservoirs,2025,10.1038/s41467-026-74466-2,human brain,network_science_scope,core_candidate
907198554a5b23edffe1395b0c8d9b4da81298d5,The network-based underpinnings of persisting symptoms after concussion: a multimodal neuroimaging meta-analysis,2025,10.1038/s44220-025-00503-6,clinical,review_scope,supported
88a6029c68459f3c8d3144d245eb46707f316c22,Excessive local host-graft connectivity in aging and amyloid-loaded brain,2022,10.1126/sciadv.abg9287,alzheimer;clinical;disease;patholog,direct_scope+resolution;health+direct_nanoscale_scope,supported
0252714eb84b91c73c2011baba23323615d68cc8,Discernible interindividual patterns of global efficiency decline during theoretical brain surgery,2024,10.1038/s41598-024-64845-4,patient,network_science_scope,peripheral
d033d353ed6ac1effd7fe237cf183bcd130b672b,Clinical Concepts Emerging from fMRI Functional Connectomics.,2016,10.1016/j.neuron.2016.07.031,clinical,review_scope,supported
396af98a32b0f52af7af6d222a5fa3295286a505,Progress towards a cellularly resolved mouse mesoconnectome is empowered by data fusion and new neuroanatomy techniques.,2021,10.1016/j.neubiorev.2021.06.016,disease,network_science_scope;review_scope,core_candidate
1ba6aa73c7d050046fa278c87f87b72bec851cb9,Spatial image gradient estimation from the diffusion MRI profile,2025,10.1101/2025.06.06.658348,human brain,infrastructure_scope;people_development_scope,supported
21b13ca5314cbbfd64eb18e13e832f0fa34d23f1,The topology of large Open Connectome networks for the human brain,2015,10.1038/srep27249,human brain,network_science_scope,supported
7dcbbf7ec35dad59f21e632630198ae4977c5ff5,Ex vivo diffusion MRI protocol optimization on the Connectome 2.0 scanner for reconstructing cortico-subcortical projections,,10.58530/2025/1421,human brain,network_science_scope,peripheral
44d79cf4003c360bb457af2655509f7e659ba92f,Neuroimaging and thalamic connectomics in epilepsy neuromodulation.,2022,10.1016/j.eplepsyres.2022.106916,epilep,review_scope,peripheral
28d9a77bd4a97b0791929a44d6bf0d450b41e3c8,Structural and functional brain connectome architecture in early onset Alzheimer’s disease and the behavioral variant of frontotemporal dementia (P2.084),2017,10.1212/wnl.88.16_supplement.p2.084,alzheimer;clinical;disease;neurodegener;patient,network_science_scope;people_development_scope,peripheral
d952d64faf8ac45c9e24e8f99f81fce990d82c71,Individualized perturbation of the human connectome reveals reproducible biomarkers of network dynamics relevant to cognition,2020,10.1073/pnas.1911240117,clinical;disorder;human brain,network_science_scope,peripheral
9b83baf7fec8485a540e527330ae9b62f7429622,Uncovering shape signatures of resting‐state functional connectivity by geometric deep learning on Riemannian manifold,2022,10.1002/hbm.25897,human brain,network_science_scope;infrastructure_scope,supported
c4fdd68a26c6bd75965615e789cacc6bd06b3d71,Genomic Exploration of the Brain in People Infected with HIV—Recent Progress and the Road Ahead,2023,10.1007/s11904-023-00675-9,disease;disorder;human brain,direct_scope+resolution;health+direct_nanoscale_scope;review_scope,peripheral
b27e252bd8e0ec4be41c1525bc79ccef5004a0c4,Methods to investigate the structure and connectivity of the nervous system,2017,10.1080/19336934.2017.1295189,disorder,review_scope,supported
3382442cbbd752877be6b464d8a10c7a02eba155,Topographic organization of the human subcortex unveiled with functional connectivity gradients,2020,10.1038/s41593-020-00711-6,human brain,network_science_scope,supported
28314af555c67d79fa5d19f583abe3d1c64a80e5,A connectivity model of the anatomic substrates underlying ideomotor apraxia: A meta-analysis of functional neuroimaging studies.,2021,10.1016/j.clineuro.2021.106765,clinical;patient,network_science_scope,peripheral
d77dd3164b75e67a27ea33f0a656361494f68ec6,rest2vec: Vectorizing the resting-state functional connectome using graph embedding,2020,10.1016/j.neuroimage.2020.117538,human brain,network_science_scope,peripheral
4e64374a0dd4404c630c17e6e7a43bb61e33c0e2,Brain Structural Network Alterations in Alzheimer's Disease: Perspectives from Ethnicity‐Specific Factors,2025,10.1002/alz70856_101821,alzheimer;disease;neurodegener,network_science_scope,peripheral
1774bdd2fda9146d647d8e3b2815fbad279bf2c4,The whole-brain structural and functional connectome in Alzheimer's disease spectrum: A multimodal Bayesian meta-analysis of graph theoretical characteristics.,2025,10.1016/j.neubiorev.2025.106174,alzheimer;clinical;disease;patient,network_science_scope;review_scope,supported
a048c0e13272eb6780ddc5a154d33326ab77e5dc,FedBrain: Federated Training of Graph Neural Networks for Connectome-based Brain Imaging Analysis.,2023,10.1142/9789811286421_0017,clinical;disorder;patient,network_science_scope,supported
aa9635e531de729d47c9f166c388cd5ff0feeaaf,BrainGNN: Interpretable Brain Graph Neural Network for fMRI Analysis,2020,10.1101/2020.05.16.100057,autism;disorder,network_science_scope,core_candidate
5c4a3d8f93138cd1bd19ad231919505b49b528cd,NeuroGraph: Benchmarks for Graph Machine Learning in Brain Connectomics,2023,10.48550/arxiv.2306.06202,disorder,network_science_scope,supported
8a94af843493abdc479206dd168e7a5233012dcf,Longitudinal structural connectome changes linked to recovery and persistence in women with postpartum depression.,2026,10.1016/j.jad.2026.122227,clinical;disorder;patient,network_science_scope,supported
cb20072ffc8e4c5de6b38a8523379be49b46fd4a,Atypical connectome topography and signal flow in temporal lobe epilepsy.,2024,10.1016/j.pneurobio.2024.102604,epilep;patholog;patient,network_science_scope,supported
82eb2e795d8be3d007c341241c3c497b364a1e6c,Precuneal gliomas promote behaviorally relevant remodeling of the functional connectome.,2022,10.3171/2022.9.jns221723,human brain;patient,network_science_scope,peripheral
4fd348da9da9c3d21d5960217495280b09ad37c2,Source-reconstructed EEG graph signal processing: pitfalls and workarounds,2026,10.1162/netn.a.591,epilep,network_science_scope,peripheral
52304621a2fa4894ce6820850d09056f1ad67b9f,BrainSpace: a toolbox for the analysis of macroscale gradients in neuroimaging and connectomics datasets,2019,10.1038/s42003-020-0794-7,disease,network_science_scope,supported
8ecb4619af58517f60fa3c2950c7d639cde3bbc1,Disrupted brain gray matter connectome in social anxiety disorder: a novel individualized structural covariance network analysis.,2023,10.1093/cercor/bhad231,clinical;disease;disorder;patholog;patient,network_science_scope,peripheral
ce4fb8cd0198edf92268b3d38a1de41739520401,"The Electromechanical Connectome: Integrating Voltage, Mechanical Nano-Forces, and Subcellular Fluid Phase Dynamics in Human Neural Computation",2026,10.3390/ijms27042074,disease;neurodegener,direct_scope+resolution;review_scope,core_candidate
03372ba481359a7aea73743359d9eb9c50556a00,Hierarchical complexity of the adult human structural connectome,2018,10.1016/j.neuroimage.2019.02.028,human brain,network_science_scope,peripheral
f155f03389fbda06cc6430c2ffee785a95061094,Gossamer: Scaling Image Processing and Reconstruction to Whole Brains,2024,10.1101/2024.04.07.588466,patholog,proofreading_qc_scope,supported
e4024fed3f80042a44a02e83cc7c8ba69f43349f,Graph-in-Graph (GiG): Learning interpretable latent graphs in non-Euclidean domain for biological and healthcare applications,2022,10.48550/arxiv.2204.00323,patient,network_science_scope,supported
f8eb0e67ccf7fbf24b017820f61706f32aed8e53,Functional Connectome of the Striatal Medium-Spiny Neuron,2011,10.1523/jneurosci.3833-10.2011,disorder;schizophren,direct_scope+resolution,supported
acea0ae162be57eb84c199b0656d9a6de0e98ddb,Rapid Golgi Analysis Method for Efficient and Unbiased Classification of Dendritic Spines,2014,10.1371/journal.pone.0107591,disease,direct_scope+resolution;health+direct_nanoscale_scope,supported
2ce3499f267389f30ce3a326d6f5755525e85245,Brain structural connectomic topology predicts medication response in youth with bipolar disorder: a randomized clinical trial,2024,10.1016/j.jad.2024.11.061,clinical;disorder;patient,network_science_scope,supported
5be5f642398f87b4fe69fb81db6064531ded77fb,Brain research challenges supercomputing,2021,10.1126/science.abl8519,human brain,direct_scope+resolution,supported
836e4e0a19d31d9f8637808f54053bd1d9d03103,6.4 BRAIN FUNCTIONAL CONNECTOMICS BASED ON RESTING STATE FMRI: FROM NODES TO NETWORKS,2018,10.1093/schbul/sby014.021,clinical;disease;patient;schizophren,network_science_scope,peripheral
aa599a997d5479fc7f9ae04c01ff9fbfd42cd885,Local brain connectome parameters across the spectrum of clinical cognitive decline,2026,10.3389/fnins.2026.1840382,alzheimer;autism;clinical;disease;disorder;parkinson,network_science_scope,supported
0a06576fdf70919a4fecbe7a4c0aa15f35d9c176,Altered topology of large-scale structural brain networks in chronic stroke,2019,10.1093/braincomms/fcz020,clinical;patient,network_science_scope,supported
1379da885c941a18f84f7d5f5002b1141b8034d4,Endoscopic navigation in the absence of CT imaging,2018,10.1007/978-3-030-00937-3_8,clinical,network_science_scope,peripheral
1a3d7cec5ea2dd0e36ad5c4cfa88d3ad4980f0eb,Stroke and the connectome: how connectivity guides therapeutic intervention.,2014,10.1016/j.neuron.2014.08.052,patient,review_scope,supported
508c701b10f0ae779ec4a6485fe822e0ee3b8e85,Automated processing pipeline for neonatal diffusion MRI in the developing Human Connectome Project,2018,10.1016/j.neuroimage.2018.05.064,clinical,proofreading_qc_scope;review_scope,peripheral
28951dd65e2f14b3a5d138b439733798b4be648b,A Connectomic Hypothesis for the Hominization of the Brain,2020,10.1093/cercor/bhaa365,human brain,network_science_scope,supported
299128f9782fac1cad647b11fbd7526b8d50d499,F158. FUNCTIONAL CONNECTIVITY DIVERSITY OF THE INSULA CORTEX IN SCHIZOPHRENIA: SUBREGIONS OR CONTINUA?,2018,10.1093/schbul/sby017.689,disorder;patholog;patient;schizophren,network_science_scope,peripheral
afa37fa723e5659bdbeb7339940e8ff6b8c227fd,Task-Aware Effective Connectivity Modeling for Cognitive Function Prediction,2025,10.1109/jbhi.2025.3644481,disease,network_science_scope,supported
4c68408fad837b8923ba8cf15e7dcc68c6dc2bc7,Quasifibrations of graphs to find symmetries and reconstruct biological networks,2021,10.1088/1742-5468/ac99d1,disorder,network_science_scope,supported
5874f62acfdb7ffe76d9eaabe21ca48015a3f074,Long-Range White-Matter Pathways Enable Efficient Spontaneous Neural Activity Propagation in the Human Brain,2026,10.1523/jneurosci.0039-26.2026,epilep;human brain;patient,network_science_scope,supported
cf722860321066f8e959e5bf6a6c2b21ffe795ff,Altered Topology of the Structural Brain Network in Patients With Post-stroke Depression,2019,10.3389/fnins.2019.00776,patient,network_science_scope,supported
9d99538fbfee4b19f6479b5176cb864ada1072b5,Combining Neuroimaging and Omics Datasets for Disease Classification Using Graph Neural Networks,2022,10.3389/fnins.2022.866666,disease;neurodegener;parkinson,network_science_scope,supported
c26fb01384d6529e4c6c0779d88e892604e92a30,Shared and Distinct Intrinsic Functional Network Centrality in Autism and Attention-Deficit/Hyperactivity Disorder,2013,10.1016/j.biopsych.2013.02.011,autism;clinical;disorder,direct_scope+resolution;network_science_scope,peripheral
fed7c1029a3482992ff2dfd2b60ecb2e3174e0ab,Changes in the Brain Connectome Following Repetitive Transcranial Magnetic Stimulation for Stroke Rehabilitation,2021,10.7759/cureus.19105,patient,network_science_scope,peripheral
42fb73ce56746a0d8bfc7ff76c14fbf23f3bd6be,Advances in Computational and Statistical Diffusion MRI,2017,10.1002/nbm.3805,clinical;disease,review_scope,peripheral
40a9143cf171029424dbbe9f23ef474226239765,Parameter inference on brain network models with unknown node dynamics and spatial heterogeneity,2021,10.1101/2021.09.01.458521,disease;human brain;neurodegener,people_development_scope,peripheral
e8a8c6a60f3518348ac54351e3aeb364a14c379c,In vivo probabilistic atlas of white matter tracts of the human subthalamic area combining track density imaging and optimized diffusion tractography,2022,10.1007/s00429-022-02561-3,clinical;disease;human brain,network_science_scope,peripheral
71e2b3cf7b9efdc30cc6ab8d5af5d290ab8a6fdc,The Lifespan Human Connectome Project in Aging: An overview,2018,10.1016/j.neuroimage.2018.10.009,disorder,proofreading_qc_scope;review_scope,supported
0b2510e1912863e51dcc0167b93e256d043f32a4,Monotonicity in graph theoretic summaries of fMRI data acquired during human learning,2025,10.3389/fnhum.2025.1595331,clinical;patient;schizophren,network_science_scope,supported
655560aa5354999df82a2d41e565e74a1f7a9a9e,Disentangling age‐ and disease‐related alterations in schizophrenia brain network using structural equation modeling: A graph theoretical study based on minimum spanning tree,2021,10.1002/hbm.25403,disease;human brain;patient;schizophren,network_science_scope,peripheral
2c20d42bcd44b191794f20b04758ff40ca3a1f87,Coupling of brain activity and structural network in multiple sclerosis: A graph frequency analysis study,2022,10.1002/jnr.25028,multiple sclerosis;patient,network_science_scope,peripheral
9904a337e190d773bcab5192c49b1deb2ac98299,Memory engrams: Recalling the past and imagining the future,2020,10.1126/science.aaw4325,disorder,direct_scope+resolution;review_scope,supported
625e6ea577b7e41f84cc413ca67c61e65ec281be,Probabilistic Inference on Virtual Brain Models of Disorders,2024,10.1101/2024.02.21.581243,disease;disorder;patient,people_development_scope,peripheral
8801d4f55d86bd20933065ca185dc06192583c4b,Molecular and connectomic vulnerability shape cross-disorder cortical abnormalities,2022,10.1101/2022.01.21.476409,disorder;patient,network_science_scope,peripheral
8500202e25ed4955c1d68b990d163abd0fdb7d15,Brain injury environment critically influences the connectivity of transplanted neurons,2021,10.1101/2021.12.13.472270,traumatic brain injury,direct_scope+resolution,peripheral
46a1057a32844389d47e90b44fa37b90f3a7184e,Brain functional connectivity changes in amyotrophic lateral sclerosis with apathy and depression,2025,10.1007/s00415-025-13247-1,clinical;patient,network_science_scope,peripheral
dcecebdd754f082803ff5ce845f34402fbee7fa5,System-level matching of structural and functional connectomes in the human brain,2019,10.1016/j.neuroimage.2019.05.064,human brain,network_science_scope,peripheral
4f598bcecd6b530538e1b80f1dd05a615a1e7a89,Clinical connectomics: Mapping structural brain networks in disease.,2026,10.1016/j.neuron.2026.02.007,clinical;disease;disorder;patholog,network_science_scope;review_scope,supported
dea90d25a057c778ce0372b34b7348e1e4a68438,Lean-NET-Based Local Brain Connectome Analysis for Autism Spectrum Disorder Classification,2026,10.3390/bioengineering13010099,autism;disorder,network_science_scope,supported
192eb3fd484ad849cb73a96e114bb727b9b8e39f,Brain Connectomics of Visual-Motor Deficits in Children with Developmental Coordination Disorder.,2016,10.1016/j.jpeds.2015.09.069,clinical;disorder,network_science_scope,peripheral
eb274ffa54e2f2db2974540a8d4073ec2bfe268c,Perfusion fixation in brain banking: a systematic review,2019,10.1186/s40478-019-0799-y,human brain;patholog,direct_scope+resolution;review_scope,supported
4097104036dd9e4092aaa3e60758d97974e28e68,Learning and comparing functional connectomes across subjects,2013,10.1016/j.neuroimage.2013.04.007,patholog,review_scope,peripheral
df44faed2dd709ca8a92e55a410b1166739268c9,Networks of Task Co-Activations,2013,10.1016/j.neuroimage.2013.04.073,human brain,infrastructure_scope;review_scope,supported
377e571153bc8d6743b3dc4d800953f9a48e185c,Q&A: What is the Open Connectome Project?,2011,10.1186/2042-1001-1-16,human brain,direct_scope+resolution,supported
93de42f8ac043e5efe83e550fc98d8d63c8a6cab,Long-range circuit of the mouse spinal trigeminal nucleus caudalis,2026,10.1186/s10194-026-02380-5,disease,direct_scope+resolution;network_science_scope,supported
f6b0d80e15e31b0e0ea08c185a51eec87828e3fa,Fused Lasso Regression for Identifying Differential Correlations in Brain Connectome Graphs,2018,10.1002/sam.11382,alzheimer;disease;patient,network_science_scope,peripheral
e59306b73dff060823b6aa3d665eaa6cf0967122,Imaging brain tissue architecture across millimeter to nanometer scales,2023,10.1038/s41587-023-01911-8,clinical;disease,direct_scope+resolution;health+direct_nanoscale_scope,core_candidate
3aa0b7667a16f3eda3fc418034282bb88348eef4,Microstructural damage of the cortico-striatal and thalamo-cortical fibers in Fabry disease: a diffusion MRI tractometry study,2020,10.1007/s00234-020-02497-7,disease;disorder;patient,direct_scope+resolution;infrastructure_scope;health+direct_nanoscale_scope,peripheral
8b0dd67d21582e2d8d6f4f180f3f4cd5fbaccbb6,Modelling human connectome development: precursors to neural circuits,2011,10.1186/1471-2202-12-s1-p163,autism;clinical;disease;disorder;epilep;schizophren,direct_scope+resolution;health+direct_nanoscale_scope,peripheral
fd180c7a1001a45fe1c62ac14ec66110efb2f263,A First Step for Expansion X-Ray Microscopy: Achieving Contrast in Expanded Tissues Sufficient to Reveal Cell Bodies,2026,,human brain,direct_scope+resolution,core_candidate
6a257f3387875a5ab0e29a8264efa500479603d5,ConnectomeDB – Sharing Human Brain Connectivity Data,2015,10.1016/j.neuroimage.2015.04.046,human brain,network_science_scope;infrastructure_scope,supported
38ac23202f242652ea501958d480d2b2ec4e1eec,Identification of Young High-Functioning Autism Individuals Based on Functional Connectome Using Graph Isomorphism Network: A Pilot Study,2022,10.3390/brainsci12070883,autism;disorder,network_science_scope;proofreading_qc_scope,supported
666c92deaab08559b8fd0caae947afb2799485ca,Connectomics in Schizophrenia: From Early Pioneers to Recent Brain Network Findings.,2016,10.1016/j.bpsc.2016.01.002,schizophren,review_scope,peripheral
183b5293d5122035c64035e6bc62bf6577f0a4f6,Human Connectome Mapping and Monitoring Using Neuronanorobots,2016,10.55613/jeet.v26i1.49,human brain,direct_scope+resolution,peripheral
cb2a44f7aeb2f3f162b4ad0babcce2ddb873a662,Editorial: Neurobiology of Drosophila: the 19th NeuroFly-2022 meeting,2023,10.3389/fphys.2023.1237065,disorder,direct_scope+resolution,supported
3a1798fdc45c595d85e5a07de5a9f835aceea0f3,Jointly Fusing Multi-Scale Spatial-Logical Brain Networks: A Neural Decoding Method,2022,10.1109/jbhi.2022.3207519,human brain,network_science_scope,peripheral
d5f8bafa05778c5a81a3b231fcb46622b5d92f33,Advancing the Science of Recruitment and Retention in Alzheimer’s disease Clinical Studies among Spanish‐speaking immigrant Latino/Hispanic communities,2022,10.1002/alz.069442,alzheimer;clinical;disease,people_development_scope,peripheral
19d30b848dd18d390ad0b20f2fe767947f68064d,Mapping the human connectome using diffusion MRI at 300 mT/m gradient strength: Methodological advances and scientific impact,2022,10.1016/j.neuroimage.2022.118958,clinical;human brain,network_science_scope;review_scope,supported
9a8bd1686164b0c11664edc0999376257e30b10a,Amyloid-β and tau pathologies relate to distinctive brain dysconnectomics in preclinical autosomal-dominant Alzheimer’s disease,2021,10.1073/pnas.2113641119,alzheimer;clinical;disease;human brain;patholog,direct_scope+resolution;network_science_scope;health+direct_nanoscale_scope,peripheral
5b381e182c45e6d84d061ef97ed3af0d68379776,Beyond counts and shapes: Studying pathology of dendritic spines in the context of the surrounding neuropil through serial section electron microscopy,2012,10.1016/j.neuroscience.2012.04.061,clinical;patholog,direct_scope+resolution;health+direct_nanoscale_scope;review_scope,supported
b86ce88e604ab5981371e61c215d8b438d32fbec,Bridging the Gap between Connectome and Transcriptome.,2019,10.1016/j.tics.2018.10.005,disease,review_scope,core_candidate
68b7d96c8204ca14afc24af86313709d397bd6e1,Brain connectivity alterations in early psychosis: from clinical to neuroimaging staging,2019,10.1038/s41398-019-0392-y,clinical;patient,people_development_scope,peripheral
92333a48428b662a81e6d3c25fde1665e16f404d,Deconvoluting human Brodmann area 8 based on its unique structural and functional connectivity,2023,10.3389/fnana.2023.1127143,clinical;disease;human brain,review_scope,peripheral
1e72bd36d7adb684d4738028df2610b32872617c,"Genetic, individual, and familial risk correlates of brain network controllability in major depressive disorder",2021,10.1038/s41380-022-01936-6,disorder;patient,network_science_scope,supported
7352c6a06866d0599fd186f59565801762654d2a,Multiscale ATUM-FIB Microscopy Enables Targeted Ultrastructural Analysis at Isotropic Resolution,2020,10.1016/j.isci.2020.101290,alzheimer;disease;patholog,direct_scope+resolution;health+direct_nanoscale_scope,supported
4c0ed3327adafecf76235d63d4bc38a8efceac65,Connectomic Insights into Topologically Centralized Network Edges and Relevant Motifs in the Human Brain,2016,10.3389/fnhum.2016.00158,human brain,network_science_scope,peripheral
b14bd82e04f68ea90055bb1c446b62549fd16efa,Brain Structure and Function: Insights from Chemical Neuroanatomy,2023,10.3390/life13040940,patholog,direct_scope+resolution;health+direct_nanoscale_scope,supported
a8f409f968d516fdc7d7207283789854991eedd7,Application of Graph Theory Across Multiple Frequency Bands in Obsessive-Compulsive Disorder,2021,10.2139/ssrn.3813183,disorder;patient,network_science_scope,peripheral
d55c96159bd74de1ab196a5bd6c1c94c97089ade,Overlapping connectivity gradients in the anterior temporal lobe underlie semantic cognition,2020,10.1101/2020.05.28.121137,clinical,network_science_scope;people_development_scope,peripheral
07730da4d6581223dd6837714848869edd62bdaf,Blockwise Human Brain Network Visual Comparison Using NodeTrix Representation,2016,10.1109/tvcg.2016.2598472,human brain,network_science_scope,peripheral
af9318a4d00a1ad91382d5e3d8161bf02991550d,Beyond the Snapshot: Brain Tokenized Graph Transformer for Longitudinal Brain Functional Connectome Embedding,2023,10.48550/arxiv.2307.00858,alzheimer;disease;neurodegener,network_science_scope,supported
fe0d9366f83391d213e83f7f2cd16aa8483579ce,Local homeostasis preserves global neural dynamics compensating for structural loss during human lifespan aging,2025,10.1038/s42003-025-08690-9,disorder;human brain,network_science_scope,supported
ffbf2bf3e4500c03f00fba79f828f24eb27109bb,Functional idiosyncrasy has a shared topography with group-level connectivity alterations in autism,2020,10.1101/2020.12.18.423291,autism;disorder,network_science_scope,supported
9d0ebd2ef6c538087eb0a4896448983585bae41b,Artificial intelligence role in advancement of human brain connectome studies,2024,10.3389/fninf.2024.1399931,clinical;disease;disorder;human brain;neurodegener,review_scope,supported
c55bd379265b3cc22e7e20ce0df8b985c7b26343,Mapping neuropeptide signaling in the human brain,2024,10.1101/2024.12.11.627947,human brain,network_science_scope,supported
6f9b6825d33a8fe321e69ca6091efb2ab2c97e00,Psychoradiological patterns of small-world properties and a systematic review of connectome studies of patients with 6 major psychiatric disorders.,2018,10.1503/jpn.170214,clinical;disease;disorder;patient;schizophren,network_science_scope;review_scope,peripheral
7db4510ae64eb5fa1152e5564b0eb873cb3901e9,Identifying and reverting the adverse effects of white matter hyperintensities on cortical surface analyses,2023,10.1016/j.neuroimage.2023.120377,disorder,proofreading_qc_scope;infrastructure_scope,supported
65fa1da93b270d8c33139fc56c3fee0aff4cf9f7,From Matrices to Knowledge: Using Semantic Networks to Annotate the Connectome,2018,10.3389/fnana.2018.00111,disease;disorder;human brain,network_science_scope,supported
b5df7b8a82afe54fa28c6a455689bd50861b7987,Connectome spectral analysis to track EEG task dynamics on a subsecond scale,2020,10.1101/2020.06.22.164111,patient,network_science_scope,peripheral
51f9675303d86b5ec1c8d088079999fde4e2a4ea,Graph Models of Pathology Spread in Alzheimer's Disease: An Alternative to Conventional Graph Theoretic Analysis,2021,10.1089/brain.2020.0905,alzheimer;disease;patholog,network_science_scope;review_scope,supported
093732201c803a8cfdd6231bf8ef7905fade82db,Inflammatory Markers and Tract-Based Structural Connectomics in Older Adults with a Preliminary Exploration of Associations by Race,2021,10.1007/s11682-021-00483-y,disease,network_science_scope,peripheral
1ed7b3f8f71c19d8b230af660c0a4a412bdf2217,Divergent suicidal symptomatic activations converge on somato-cognitive action network in depression,2024,10.1038/s41380-024-02450-7,disease;disorder;patient,infrastructure_scope;review_scope,supported
8c07f237aab523d07fb9796e6e44f6f1f66d97a9,Relationship between neuronal network architecture and naming performance in temporal lobe epilepsy: A connectome based approach using machine learning.,2019,10.1016/j.bandl.2017.08.006,disease;disorder;epilep,network_science_scope;review_scope,supported
93d3d330a890e7471e1bbc337f31c9b934ece3c5,Integrated diffusion image operator (iDIO): A pipeline for automated configuration and processing of diffusion MRI data,2023,10.1002/hbm.26239,clinical;human brain,proofreading_qc_scope,core_candidate
e2065c12b1a55639b5a7f33a889d804db7c90b5a,Joint multi-omics profiling of brain and body health in aging,2025,10.1101/2025.10.09.681483,human brain,network_science_scope,peripheral
2b7d6d7e6936e033a09672bf9dc3485645bc972e,Role of criticality in the structure-function relationship in the human brain,2025,10.1103/physrevresearch.7.043153,human brain,network_science_scope,core_candidate
99c1853d68797f257a46240d7ff850f8c5b22e14,Using graph convolutional network to characterize individuals with major depressive disorder across multiple imaging sites,2022,10.1016/j.ebiom.2022.103977,clinical;disorder;patient,network_science_scope,peripheral
fe8a38cf73bb5a4a8758621f21e2cdc920d23d58,Convolutional-recurrent neural networks approximate diffusion tractography from T1-weighted MRI and associated anatomical context,2023,10.1101/2023.02.25.530046,clinical,network_science_scope,peripheral
5c432b6782d1c4b622c1703a245d57f39a53b66e,"Functional co-activation of the default mode network in APOE ε4-carriers: A replication study ,",2021,10.1016/j.neuroimage.2021.118304,alzheimer;clinical;disease,people_development_scope,peripheral
a399e1a708ba4ab83e3b861f72b277ab80edf491,Estimating brain age and identifying important neural connections in mouse models of genetic risk for Alzheimer’s disease,,10.58530/2024/4708,alzheimer;disease,direct_scope+resolution;network_science_scope;health+direct_nanoscale_scope,peripheral
558a888e9315df5820afa3e820c2d8943e179560,MATHEMATICAL MODELLING OF SURVIVAL IN LOW GRADE GLIOMAS AT MALIGNANT TRANSFORMATION WITH XGBOOST,2024,10.1093/neuonc/noae158.048,clinical;patient,people_development_scope,peripheral
4545c3729ea8c2c323b068addb9bb7eb42bfefc5,The micron-scale structural organization of hippocampal area CA1 neuropil,2014,10.1101/003863,disorder,direct_scope+resolution,peripheral
b6b10a2801bb6ace2cfab42d919760402ac27e9a,Structural disconnection and functional reorganization in Fabry disease: a multimodal MRI study,2022,10.1093/braincomms/fcac187,clinical;disease;disorder;patient,network_science_scope;infrastructure_scope,supported
71e927d327523bbdc8b82865a3114508d0476412,Neurological and psychiatric disorders as a neuroglial failure,2014,,alzheimer;clinical;disease;disorder;neurodegener;schizophren,direct_scope+resolution;review_scope,supported
b9c92459831f5b0545d7f7d32f9f1010eb534c18,The intrinsic geometry of the human brain connectome,2015,10.1007/s40708-015-0022-2,human brain,network_science_scope,peripheral
bca6b2c5ab058b55b3cf7efd5acb509d56214762,Population Template-Based Brain Graph Augmentation for Improving One-Shot Learning Classification,2022,10.48550/arxiv.2212.07790,alzheimer;disease;disorder,network_science_scope,peripheral
337e609eec6f7f3a3b18ccbfbc9839d3db1dfdf8,A Multiscale Parallel Computing Architecture for Automated Segmentation of the Brain Connectome,2011,10.1109/tbme.2011.2168396,alzheimer;disease;human brain;neurodegener,network_science_scope,supported
bad738058d4223abd93e95d7c0ea5a9dd7842f5b,Sex-by-age differences in the resting-state brain connectivity,2018,,clinical,network_science_scope,peripheral
957d5f52cbfac16b145523b2cc2493b046b20d72,Generative Flow-Matching Modeling of the Neurodevelopmental Connectome via Dynamic Hypergraphs,2026,10.1145/3770855.3819022,human brain,network_science_scope,supported
0a67b7954e3cf0e46d1bf271cc9b7cf90e8d0574,Quantification of Structural Brain Connectivity via a Conductance Model,2018,10.1016/j.neuroimage.2019.01.033,alzheimer;disease,network_science_scope,peripheral
733397ac1925fdb6216ce5f457b73b94114d5c3a,Human resting-state electrophysiological networks in the alpha frequency band: Evidence from magnetoencephalographic source imaging,2017,10.1101/142091,human cortex,network_science_scope,peripheral
b238eb522ca486c93258f54f57d36f52da9f46ea,Structural and functional brain connectome in motor neuron diseases,2020,10.1212/wnl.0000000000010731,clinical;disease;patient,network_science_scope,peripheral
e2774563db7e45133140b5bf9913f72e58b82cbd,"Combined T1-weighted MRI and diffusion MRI tractography of paraventricular, locus coeruleus, and dorsal vagal complex connectivity in brainstem-hypothalamic nuclei",2024,10.14440/jbm.2024.0043,clinical;disease;disorder;human brain,network_science_scope,supported
fafb0770d9216e4c451f572b9465e96ae9514250,Extended reality in the changing landscape of cranial neurosurgery: Role of image fusions and connectomics in precision and safety.,2025,10.1016/j.jocn.2025.111652,clinical;patient,people_development_scope;review_scope,supported
b3ddc10719404aa6b89316e835100b529facb7c4,Toward Developmental Connectomics of the Human Brain,2016,10.3389/fnana.2016.00025,autism;disorder;human brain,network_science_scope;review_scope,supported
b23f45771d7332b4145fed9e761557eda2cc0ae5,Spatial organisation of the mesoscale connectome: A feature influencing synchrony and metastability of network dynamics,2023,10.1371/journal.pcbi.1011349,epilep;patholog,network_science_scope,peripheral
3a86b57965e62682870c939bef115bdd8f321b67,Instantaneous Frequency: A New Functional Biomarker for Dynamic Brain Causal Networks,2024,10.1101/2024.12.17.628965,alzheimer;clinical;disease;neurodegener,network_science_scope,peripheral
1164fa2c9974b15c00a40049028c5565949232be,Combining network topology and information theory to construct representative brain networks,2020,10.1162/netn_a_00170,human brain,network_science_scope,peripheral
2e65e1d63123422a5192eafec7375b103063e41b,Functional and structural brain network development in children with attention deficit hyperactivity disorder,2023,10.1002/hbm.26288,disorder;human brain,network_science_scope,supported
a90d59141557c3936f2d7b7e7385bc3550c8ff91,Neonatal brain injury influences structural connectivity and childhood functional outcomes,2022,10.1371/journal.pone.0262310,clinical;disease,network_science_scope,peripheral
0e2c89994755b21602c16e14042b8879f8362b48,Is brain connectome research the future frontier for subjective cognitive decline? A systematic review.,2019,10.1016/j.clinph.2019.07.004,clinical;disease;patient,review_scope,peripheral
5dc83d8f7e44f891fcb742040c5c39040857d629,A toolbox for brain network construction and classification (BrainNetClass),2019,10.1002/hbm.24979,disease;human brain,network_science_scope,peripheral
87f27c49a9f39d295cf1f692c2d8f54f7acd22e0,Mechanisms of Connectome Development.,2017,10.1016/j.tics.2017.05.010,disease,review_scope,core_candidate
899f22430cd3ae627258059fc8f15209e38e9d92,Olfactory-Guided Behavior Uncovers Imaging and Molecular Signatures of Alzheimer’s Disease Risk,2025,10.3390/brainsci15080863,alzheimer;disease,direct_scope+resolution,supported
0de8ca92eee274e323e75bff7ede3a8a2146c515,Connectomics: Mapping the Brain's Complex Networks,2025,10.33425/2692-7918.1114,clinical;disease;disorder;patholog;patient,direct_scope+resolution;network_science_scope;review_scope,peripheral
c79d8222e487368bf14d8525686ce30a9e8a5de1,Connectivity in ALS II (CoALS II): a study of structural and functional connectivity in ALS,2026,10.3389/fneur.2026.1743723,disease;neurodegener;patient,network_science_scope,supported
e953da51b76df62d737d52aaea5137a8a8572fca,Neurotransmitter-Informed Connectome Approach to Language Impairment After Stroke.,2026,10.1161/strokeaha.126.055890,clinical;patient,network_science_scope,supported
0ac0c52cc2a651a99f0dff9219df2c8421a78dd6,Altered structural brain connectome in young adult fragile X premutation carriers,2014,10.1002/hbm.22491,clinical;disorder;human brain;neurodegener;patholog,network_science_scope,peripheral
ef3a1d08c686108f11a4c557eacb8100b0a8fb7d,Building connectome analysis tools with representation learning on neuronal skeleton and circuit topology.,2025,10.1016/j.neunet.2025.107603,disease,direct_scope+resolution;health+direct_nanoscale_scope,core_candidate
25fe338f999ffaaa311cbf8f76e145595ff90693,Connectomics and new approaches for analyzing human brain functional connectivity,2015,10.1186/s13742-015-0045-x,human brain,review_scope,peripheral
5fad1fb02775c85812db66c12d2804577161091d,Connectome-based prediction of functional impairment in experimental stroke models,2024,10.1371/journal.pone.0310743,disease,network_science_scope,core_candidate
b464c1b3fe511c5ef10586895d4cc0feaf4a4191,A Connectomic Atlas of the Human Cerebrum-Chapter 10: Tractographic Description of the Superior Longitudinal Fasciculus.,2018,10.1093/ons/opy264,clinical;human cortex,network_science_scope,peripheral
c48a1fdceca89d5c117a24eccf8cdd18e01b419a,Mapping Population-based Structural Connectomes,2018,10.1016/j.neuroimage.2017.12.064,human brain,network_science_scope,peripheral
6afb5cb175092f162ab3e84d25d26f6c6b335978,"Volume Electron Microscopy of Cortical Organoids: Methods for Region Identification, Connectome Reconstruction, and Organelle Segmentation",2025,10.64898/2025.12.31.697152,disease;human brain,direct_scope+resolution;infrastructure_scope;health+direct_nanoscale_scope,supported
546d532359b8ab489edd3cc1388c452da623f3d8,Reliability of Static and Dynamic Network Metrics in the Resting-State: A MEG-Beamformed Connectivity Analysis,2018,10.3389/fnins.2018.00506,patient,network_science_scope,peripheral
c37b4126dcfb9eb597b83a34e9368226a963d9ca,Buried Treasure? Overlooked and Newly Discovered Evolutionary Contributions to Human Brain Diseases,2025,10.1002/ana.78030,clinical;disease;human brain,review_scope,supported
543f1c7ba8c7aef3636f5f6a680b2e586908112d,Pushing spatial and temporal resolution for functional and diffusion MRI in the Human Connectome Project,2013,10.1016/j.neuroimage.2013.05.012,human brain,network_science_scope,supported
4159f10eef7faff5b8801c46562b440ca547e33f,Gene Expression Associated with Individual Variability in Intrinsic Functional Connectivity,2021,10.1101/2021.06.01.446504,human brain,direct_scope+resolution,peripheral
0131469ddbbe87e3cf35c47d0b7efc2b8bf59c7e,A tutorial in connectome analysis: Topological and spatial features of brain networks,2011,10.1016/j.neuroimage.2011.05.025,clinical;patient,review_scope,supported
33cdf848e9321bc0f88d49af39a2518bde2c1666,A Brain Graph Foundation Model: Pre-Training and Prompt-Tuning across Broad Atlases and Disorders,2025,,disorder,network_science_scope,supported
3a4e94e4f4ee9b54bae0ba735d1a783dc0d6be97,"Smelling the Risk: Early Olfactory Deficits, Brain Networks, and Blood Markers of Alzheimer’s Disease Risk in Humanized APOE Mice",2025,10.1101/2025.06.06.658383,alzheimer;disease,direct_scope+resolution,supported
7840a01000c36c475c9ab2e76f1e0693d48d14b9,"Emerging connections between cerebellar development, behavior, and complex brain disorders",2019,10.1038/s41583-019-0152-2,autism;clinical;disease;disorder,review_scope,supported
cae30c9a2f4557690225f444d5e1eeceb3b06daf,"Dimensional connectomics of anxious misery, a human connectome study related to human disease: Overview of protocol and data quality",2020,10.1016/j.nicl.2020.102489,clinical;disease;patient,review_scope,peripheral
6c5b6d53b234c2c586a546469bcb77ee61709e55,The UNC/UMN Baby Connectome Project (BCP): An Overview of the Study Design and Protocol Development,2018,10.1016/j.neuroimage.2018.03.049,disease;human brain,review_scope,supported
788619c6d4477d6ea5b853d47da853e2d4419c7a,Mapping connectomes with diffusion MRI: Deterministic or probabilistic tractography?,2019,10.1002/mrm.27916,patholog;patient,network_science_scope,peripheral
f3195022ae7480895e4e9f0f27c8fe527ddd42d3,A multi-compartment model for pathological connectomes,2025,10.1162/netn.a.30,disease;multiple sclerosis;neurodegener;patholog;patient,network_science_scope,supported
710ab3605262b692205d72d4b8521255c67f5668,Multiscale metabolic covariance networks uncover stage‐specific biomarker signatures across the Alzheimer's disease continuum,2026,10.1002/alz.71218,alzheimer;disease,network_science_scope,supported
e547bbd744113f31098417186e70b84af95b7fc8,Functional Annotation of Human Cognitive States using Deep Graph Convolution,2020,10.1101/2020.04.24.060657,disorder;human brain,network_science_scope;infrastructure_scope,supported
ae68f4f864e38afab3a537d16445c1e5bcae4497,Network Tau spreading is vulnerable to the expression gradients of APOE and Glutamatergic-related genes,2022,10.1126/scitranslmed.abn7273,alzheimer;disease;human brain;neurodegener;patholog,direct_scope+resolution;health+direct_nanoscale_scope,peripheral
ebaa523d858bcc1c6f9aae03d4416d9983a87f25,Connectome architecture shapes large-scale cortical alterations in schizophrenia: a worldwide ENIGMA study,2023,10.1038/s41380-024-02442-7,clinical;disease;disorder;patholog;patient;schizophren,network_science_scope;people_development_scope,supported
8d51d2e27be1df78179f8b2a19fc002f46228408,"CONFIRMS: A Toolkit for Scalable, Black Box Connectome Assessment and Investigation",2021,10.1109/embc46164.2021.9630109,clinical;disease,direct_scope+resolution;proofreading_qc_scope,core_candidate
29e89b780ff9cf272daaa9b06bc896d74eaaba70,Persistence of hierarchical network organization and emergent topologies in models of functional connectivity,2020,10.1016/j.neucom.2021.02.096,patholog,direct_scope+resolution;health+direct_nanoscale_scope,peripheral
f49657194970da3eaed8daf889ffe3afe3f75e37,Progression of Parkinson’s Disease: A Longitudinal MRI Study of Functional Brain Connectome in a Large Cohort of Patients (P5.8-010),2019,10.1212/wnl.92.15_supplement.p5.8-010,clinical;disease;parkinson;patient,network_science_scope;people_development_scope,supported
519ba2bec52ccc716157857ad89802c66fa74f4c,Multi-label Inductive Matrix Completion for Joint MGMT and IDH1 Status Prediction for Glioma Patients,2017,10.1007/978-3-319-66185-8_51,biopsy;clinical;patient,people_development_scope,peripheral
2692a76d162e196926fdeae5395498c1b92f607e,Assessing Connectivity Related Injury Burden in Diffuse Traumatic Brain Injury,2017,10.1002/hbm.23561,clinical;human brain;patient;traumatic brain injury,network_science_scope,peripheral
1e8aeb006cd0e195b65bb1b36d982ae83460ba09,CURVATURE-BASED MACHINE LEARNING METHOD FOR AUTOMATED SEGMENTATION OF DENDRITIC SPINES,2026,10.1016/j.bpj.2026.06.005,disease;disorder,direct_scope+resolution;health+direct_nanoscale_scope,peripheral
c2d1ae5a651537b709cba2b0f53d82c2abbbeacb,Mojo 2.0: Connectome Annotation Tool,2013,10.3389/conf.fninf.2013.09.00060,disorder,direct_scope+resolution,core_candidate
d75bbae89ca5af1e564679be5ac89fe5433f15bb,Magnetic resonance imaging of healthy and diseased brain networks,2014,10.3389/fnhum.2014.00890,clinical;disease;disorder;epilep;human brain,network_science_scope;review_scope,peripheral
5d222cbc12ae547a3f20e69b5647d9f011f00c83,Multiomics Reveals Biological Mechanisms Linking Macroscale Structural Covariance Network Dysfunction With Neuropsychiatric Symptoms Across the Alzheimer's Disease Continuum.,2024,10.1016/j.biopsych.2024.08.027,alzheimer;clinical;disease;patient,direct_scope+resolution;health+direct_nanoscale_scope,supported
91d38a5af680aec0c4dd857229a96ff435548fa3,An Multivariate Distance-Based Analytic Framework for Connectome-Wide Association Studies,2014,10.1016/j.neuroimage.2014.02.024,disorder,review_scope,peripheral
78614ac24d2f93da1264b0e798f2fed76feb1f90,Ultrastructural preservation of a whole large mammal brain with a protocol compatible with human physician-assisted death,2026,10.64898/2026.03.04.709724,human brain;patient,direct_scope+resolution,supported
6b3822b423e731775c56d557d5a0c00e66a4c326,Driving and Driven Architectures of Directed Small-World Human Brain Functional Networks,2011,10.1371/journal.pone.0023460,human brain,network_science_scope,supported
7ceb2f5d2fe3ac9ca8b93df5cac0f40e046b2b58,Characterizing cerebral hemodynamics across the adult lifespan with arterial spin labeling MRI data from the Human Connectome Project-Aging,2021,10.1016/j.neuroimage.2021.117807,disease;disorder;neurodegener,people_development_scope,peripheral
de552f7c925e66d2dd46665d401b54b05eef3b60,Cognitive and Imaging Differences After Proton and Photon Whole Brain Irradiation in a Preclinical Model,2021,10.1016/j.ijrobp.2021.09.005,clinical,network_science_scope,peripheral
bbe0ab94911c6ede5d9941044b550046afbebee9,Subject‐level Detection of Focal Neurodegeneration Using Spatiotemporal Connectomics: Towards Atrophy Characterization in Preclinical Alzheimer’s Disease,2024,10.1002/alz.089064,alzheimer;clinical;disease;neurodegener,network_science_scope,supported
f20c95b5820af9208a9d0d982348a604e75b877d,Multi-View Learning-Based Data Proliferator for Boosting Classification Using Highly Imbalanced Classes.,2019,10.1016/j.jneumeth.2019.108344,autism;clinical;disorder,people_development_scope,peripheral
db1cf110f7f29ed37a3ecb46ed907ff815f7c60c,Test-retest reliabilities of resting-state FMRI measurements in human brain functional connectomics: a systems neuroscience perspective.,2014,10.1016/j.neubiorev.2014.05.009,disorder;human brain,review_scope,supported
8293706181f8c5fea419c66d2277dfdfbef5603c,A cross-disorder connectome landscape of brain dysconnectivity,2019,10.1038/s41583-019-0177-6,disorder;human brain,network_science_scope;review_scope,core_candidate
1416b290668bb66b8401cd63d824ab8c0371ca08,Edge Density Imaging: Mapping the Anatomic Embedding of the Structural Connectome Within the White Matter of the Human Brain,2015,10.1016/j.neuroimage.2015.01.007,disease;disorder;human brain;patholog,network_science_scope,peripheral
20b21e570a289be74847c4904d957689577f033c,Connectomics and Molecular Imaging in Neurodegeneration,2019,10.1007/s00259-019-04394-5,clinical;disease;neurodegener;patholog,network_science_scope,supported
34be7c3d704f9f07eb5fc3e94a48710efba61f24,Connectome mapping with edge density imaging differentiates pediatric mild traumatic brain injury from typically developing controls: proof of concept,2020,10.1007/s00247-020-04743-9,patient;traumatic brain injury,direct_scope+resolution;network_science_scope;health+direct_nanoscale_scope,peripheral
d2d8a5d35cb6f7618f0c111a9f4215ceddde307e,"Connectome architecture, gene expression and functional co-activation shape the propagation of misfolded proteins in neurodegenerative disease",2018,10.1101/449199,disease;neurodegener;parkinson;patient,people_development_scope,peripheral
75f5f437b35d15bd5adc6da028464e6c03eb7b59,Altered White Matter Connectivity in Young Acutely Underweight Patients With Anorexia Nervosa.,2021,10.1016/j.jaac.2021.04.019,patient,network_science_scope,peripheral
7d5493c7bb7ae6ff04bcab74a35372b2649bcc4b,"The death of localizationism: The concepts of functional connectome and neuroplasticity deciphered by awake mapping, and their implications for best care of brain-damaged patients.",2021,10.1016/j.neurol.2021.07.016,clinical;epilep;patient,review_scope,supported
1cf0fcd5003eb80c8e3ec7709bb93cd29ddeb9d2,The contribution of geometry to the human connectome,2016,10.1016/j.neuroimage.2015.09.009,human brain,network_science_scope,core_candidate
403acf766bcf489b2ad3cf964cbedeafc7fd5c2c,EC NEUROLOGY Mini Review Seizure Suppression Using Low-Frequency Stimulation to Connectomics: New Directions to Epilepsy Therapy,2016,,epilep,review_scope,peripheral
d21391e4eccba4b39a9ef070c860ffd9071ffdf4,"Contributions of network structure, chemoarchitecture and diagnostic categories to transitions between cognitive topographies",2024,10.1038/s41551-024-01242-2,neurodegener;patient,network_science_scope;infrastructure_scope,supported
f8a5fadd8fcdc97d8cad5f44d9da65a31e222c89,Advances in brain connectomics: integrating light and electron microscopy for multiscale neural mapping,2026,10.61958/nmqv6943,alzheimer;autism;clinical;disease;disorder,direct_scope+resolution;health+direct_nanoscale_scope;review_scope,core_candidate
0cb99eef5e190937ec8af8e5fcd1b5b63c16d1b1,"The open diffusion data derivatives, brain data upcycling via integrated publishing of derivatives and reproducible open cloud services",2018,10.1038/s41597-019-0073-y,clinical,network_science_scope,supported
f346d07136b3cdeaac85a7258c42e87b4e25651e,Deep Hypergraph U-Net for Brain Graph Embedding and Classification,2020,,disorder;patient,network_science_scope,peripheral
0dbeddfb64c47e57d4582a84f4b72352d07a9721,"Intelligence, brain structure, dendrites, and genes: genetic, epigenetic and the underlying of the quadruple helix complexity.",2025,10.1016/j.neubiorev.2025.106212,alzheimer;disease;disorder;human brain;schizophren,review_scope,peripheral
0d0d73cfa81d0c1a38de51d9b7afa863e467661c,Evaluating test–retest reliability and sex‐/age‐related effects on temporal clustering coefficient of dynamic functional brain networks,2021,10.1002/hbm.26202,human brain;patholog,network_science_scope,supported
64c443a85dfb2d9666ae9b89bb6c665dd59c92df,Multiscale comparative connectomics,2020,10.1162/imag.a.2,autism;disease;disorder,network_science_scope,supported
0a88964a9b54d7af0776465e2bd1aff580db4566,A multi-scale probabilistic atlas of the human connectome,2022,10.1038/s41597-022-01624-8,human brain,network_science_scope,peripheral
c15c9595034d058452bc11b41a2f49b989d7984b,Stimulation Mapping of Myelinated Tracts in Awake Patients,2016,10.3233/bpl-160027,human cortex;patient,network_science_scope;review_scope,peripheral
c86cc74fb77b86fffa7100ea21436dc4083ca0a3,Biological substrates of structure-function coupling in brain networks.,2026,10.1016/j.neubiorev.2026.106581,clinical;human brain;human cortex,review_scope,supported
694f0a57899c96f5c8983b32274883c80f6d92fb,Development of an educational method to rethink and learn oncological brain surgery in an “a la carte” connectome-based perspective,2023,10.1007/s00701-023-05626-2,patient,people_development_scope,peripheral
66d0b3a11e33866428c04ec59b7c99e1078f57fb,The ENIGMA Toolbox: Cross-disorder integration and multiscale neural contextualization of multisite neuroimaging datasets,2020,10.1101/2020.12.21.423838,disease;disorder,review_scope,peripheral
c626a5c0019565d682cd93f15c5294c3d34ad391,Reduced rich-club connectivity is related to disability in primary progressive MS,2017,10.1212/nxi.0000000000000375,clinical;neurodegener;patient,network_science_scope,peripheral
ea2f9f8b29cef127e76bf61411ef8cb3435ed2d3,Abstract 7: Prediction Of Post-stroke Motor Recovery Benefits From Measures Of Sub-acute Widespread Network Damages,2023,10.1161/str.54.suppl_1.7,clinical;patient,network_science_scope,peripheral
e2dc60a98d43d783022c09818226f1c0beb7b258,TractEM: Evaluation of protocols for deterministic tractography white matter atlas,2021,10.1016/j.mri.2021.10.017,human brain,network_science_scope,peripheral
8a2491124b0121f6b9cf03a2befc97a1e35a1ebb,The Developing Human Connectome Project: typical and disrupted perinatal functional connectivity,2020,10.1093/brain/awab118,disorder,network_science_scope,supported
d86b38f7cc979d5ccdf400f41025303dd0415522,Validation of diffusion MRI estimates of compartment size and volume fraction in a biomimetic brain phantom using a human MRI scanner with 300 mT/m maximum gradient strength,2018,10.1016/j.neuroimage.2018.01.004,disease,proofreading_qc_scope,supported
0628ea149625f2fcf6249e0f5f21e73e490cdf83,Spontaneous functional network dynamics and associated structural substrates in the human brain,2015,10.3389/fnhum.2015.00478,human brain,network_science_scope,peripheral
3a72edbaa3f4e18c456f8046579ac392ad0a2210,Genetic architecture of the structural connectome,2024,10.1038/s41467-024-46023-2,human brain,network_science_scope,supported
a8fa251b69f025d62e5c2220900a3713f44a9452,Ultrastructural Changes in Brain Stem Pathways in a Patient with Ataxia Associated with SPG7 Mutations (P1.8-006),2019,10.1212/wnl.92.15_supplement.p1.8-006,disease;neurodegener;patient,direct_scope+resolution;health+direct_nanoscale_scope,peripheral
b20ce7aa30ac519fb3388c1eadd952596940b99e,Graph auto-encoding brain networks with applications to analyzing large-scale brain imaging datasets,2021,10.1016/j.neuroimage.2021.118750,human brain,network_science_scope,peripheral
b5fa1877bf0e4af5cfe2ab648d2b30a417023e9c,Predicting Regional Cerebral Blood Flow Using Voxel-Wise Resting-State Functional MRI,2025,10.3390/brainsci15090908,disorder,network_science_scope,peripheral
8f82a53ccc1dc5a8bdb6b88213039fc7da72ea7a,The Budapest Reference Connectome Server v2.0.,2014,10.1016/j.neulet.2015.03.071,human brain,network_science_scope,supported
9b3476aaca36a3e7a4562414267fb9fe069009b8,The dysconnection hypothesis (2016),2016,10.1016/j.schres.2016.07.014,clinical;schizophren,review_scope,peripheral
63c851aa3d5f32663786d3f7d43ac2dd1bbc4b05,Compensatory functional connectome changes in a rat model of traumatic brain injury,2021,10.1093/braincomms/fcab244,patholog;traumatic brain injury,network_science_scope,core_candidate
465b849c303f4c45408c45e7bc7929c582474ee3,From synapse to system: mechanistic pathways of neural signaling dysfunction in psychiatric disorders,2026,10.3389/fcell.2026.1762930,autism;clinical;disease;disorder;schizophren,direct_scope+resolution;review_scope,core_candidate
795bfb4b5f75612eeb583bbeac2d5000f55738c6,A Stage-Aware Mixture of Experts Framework for Neurodegenerative Disease Progression Modelling,2025,10.48550/arxiv.2508.07032,clinical;disease;human brain;neurodegener;patholog,network_science_scope,supported
a2b4eb2cfbd758ed6ab7f1245c7a0bc92ef2a587,The structural reserve of brain networks influences outcomes after a stroke,2025,10.1093/braincomms/fcaf456,clinical;patient,network_science_scope,supported
b1e92b85b9ab66089c280974803644266539a60e,Oncological and functional neurosurgery: Perspectives for the decade regarding diffuse gliomas.,2023,10.1016/j.neurol.2023.01.724,disease,review_scope,peripheral
cbc70ac9dcfa5c43ef86253497f7ec300d8cf36d,Altered brain network organization in adults with Asperger's syndrome: decreased connectome transitivity and assortativity with increased global efficiency,2023,10.3389/fpsyt.2023.1223147,autism;disorder,network_science_scope,supported
75798a10fef6b2ae702bf09dafe0d3c97d2290fd,Surface Vision Transformers: Flexible Attention-Based Modelling of Biomedical Surfaces,2022,10.48550/arxiv.2204.03408,clinical,network_science_scope;people_development_scope,peripheral
8103fa98e0be132135160a378bfcd64fd0d7e24c,Coalescent embedding in the hyperbolic space unsupervisedly discloses the hidden geometry of the brain,2017,,disease;disorder;human brain;parkinson;patholog;patient,network_science_scope,peripheral
a5afb982d267e8d9021c4304c94d24b055dd87c2,Multiple Independent Oscillatory Networks in the Degenerating Retina,2015,10.3389/fncel.2015.00444,disease;neurodegener,direct_scope+resolution;health+direct_nanoscale_scope;review_scope,peripheral
b7b384f2116c37993ce20e4dee90164c6b34434d,Bridging multiple scales in the human brain using computational modelling,2016,10.1101/085548,human brain,network_science_scope,peripheral
32583c295a3bc76fd5598ead06088dc233d36638,Multiscale parcellation of dynamic causal models of the brain,2026,10.1162/imag.a.1234,clinical;disease,network_science_scope,supported
75c5b34b813ab87535c200135f32973d11aa93f6,Unraveling the Miswired Connectome: A Developmental Perspective,2014,10.1016/j.neuron.2014.08.050,clinical;disorder,review_scope,supported
4a4c722dcbce64ef7af28d1871c153d9356ff7ac,Microglia Sculpt Postnatal Neural Circuits in an Activity and Complement-Dependent Manner,2012,10.1016/j.neuron.2012.03.026,disease,direct_scope+resolution;health+direct_nanoscale_scope;review_scope,supported
0fc0377b6f7a1634e8d56a25e332824f590ffed7,"MCP, mcp",2020,10.1002/9783527809080.cataz10279,clinical;disease;disorder;multiple sclerosis;schizophren,direct_scope+resolution;review_scope,peripheral
62193f072e32be3ac0e666435f240834995120ef,Temporal Dynamics in Degree Centrality of Brain Functional Connectome in First-Episode Schizophrenia with Different Short-Term Treatment Responses: A Longitudinal Study,2021,10.2147/ndt.s305117,disease;patient;schizophren,network_science_scope,supported
2245d1e4df82d2f0fd9b6c98e93543dfb6a601e8,Using connectome-based predictive modeling to predict individual behavior from brain connectivity,2017,10.1038/nprot.2016.178,human brain,network_science_scope,supported
fc1fe9436f7f2277c8e9b9eff2608dfb38777f7f,Neural Connectivity: How to Reinforce the Bidirectional Synapse Between Basic Neuroscience and Routine Neurosurgical Practice?,2021,10.3389/fneur.2021.705135,clinical;patient,direct_scope+resolution;health+direct_nanoscale_scope,peripheral
aaffc7ddce6a98746120a2377149562b3ddd5c7c,Akt-mTOR hypoactivity in bipolar disorder gives rise to cognitive impairments associated with altered neuronal structure and function,2021,10.1016/j.neuron.2021.03.008,disorder;schizophren,direct_scope+resolution,supported
59c7dbc8dc779ad5370e28725e502bf09ad47d8c,The Cerebellar Connectome.,2025,10.1016/j.bbr.2025.115457,clinical,review_scope,supported
43ed017023fe225a70b077cbc3e42644a659d5ec,Fragile X Mental Retardation Protein Requirements in Activity-Dependent Critical Period Neural Circuit Refinement,2017,10.1016/j.cub.2017.06.046,autism;disorder,direct_scope+resolution,peripheral
e5c65c75d4ba25cad344e76bf48ee01b084189b6,Distinguish risk genes functioning at presynaptic or postsynaptic regions and key connectomes associated with pathological α-synuclein spreading,2025,10.1101/2025.03.11.642462,patholog,direct_scope+resolution;health+direct_nanoscale_scope,peripheral
e4f222703d9bf2e50f4651f95ee6dfeed7da956f,NeuroDetour: A neural pathway transformer for uncovering structural-functional coupling mechanisms in human connectome,2026,10.1016/j.media.2025.103931,disease,network_science_scope,supported
c709dcb5968b33978e80044e308e8917139ba5bf,"Classifyber, a robust streamline-based linear classifier for white matter bundle segmentation",2020,10.1101/2020.02.10.942714,clinical;human brain,network_science_scope,peripheral
9066852971cb6ca866db3514455b838c1dabc95e,Groupwise track filtering via iterative message passing and pruning,2020,10.1016/j.neuroimage.2020.117147,alzheimer;disease;human brain,network_science_scope,peripheral
c523aca3cba31771bebe6e5d84bd19c70c7dee4f,"Multivariate investigation of aging in mouse models expressing the Alzheimer’s protective APOE2 allele: integrating cognitive metrics, brain imaging, and blood transcriptomics",2023,10.1007/s00429-023-02731-x,alzheimer;disease,network_science_scope,supported
a55df99552d6093b6150fe2ca79d017644b73935,BrainNet Viewer: A Network Visualization Tool for Human Brain Connectomics,2013,10.1371/journal.pone.0068910,human brain;patholog,network_science_scope,core_candidate
affbf1a1cc0731b230c4ce3e73e03806395b2cb1,Mitochondrial function-associated genes underlie cortical atrophy in prodromal synucleinopathies,2023,10.1093/brain/awad044,alzheimer;disease;disorder;parkinson;patient,network_science_scope,peripheral
aa4cf773781f64f51568b3024eb2b142ce9d9b1b,"Relating quantitative 7T MRI across cortical depths to cytoarchitectonics, gene expression and connectomics",2021,10.1002/hbm.25595,disease;human brain;neurodegener,network_science_scope,peripheral
f0f2de1d90c0b3b19897103207e56311b2539dc8,Structural brain networks and functional motor outcome after stroke—a prospective cohort study,2020,10.1093/braincomms/fcaa001,clinical;patient,network_science_scope,supported
b89ba2140038115316941a3d3db59cdbf976ea9a,The heritability of multi-modal connectivity in human brain activity,2017,10.7554/elife.20178,disease;human brain,network_science_scope,peripheral
cff46198a5977ec6ab42fde2eb6682f76229c8f2,Addressing head motion dependencies for small-world topologies in functional connectomics,2013,10.3389/fnhum.2013.00910,human brain,network_science_scope,supported
22a4ed0bf5b337f4cda625b37e4c6768ef99b55e,Everyone Can Meditate: Characterizing a Personalized Connectomic State Space among Meditation Groups and Non-meditators,2020,10.1101/2020.06.19.162461,disease;disorder,network_science_scope;people_development_scope,peripheral
72fc10bf33e324cb2025b8f3f47b778f83f6a1d9,Dynamics of the connectome in Huntington's disease: A longitudinal diffusion MRI study,2015,10.1016/j.nicl.2015.07.003,clinical;disease,network_science_scope,peripheral
80c0857a0081928a546978b79959b0d052d9934f,Multiscale functional connectome abnormality predicts cognitive outcomes in subcortical ischemic vascular disease,2022,10.1093/cercor/bhab507,clinical;disease;patient,network_science_scope,supported
f7adc2befa6fec72f0aa68f1d0478886122c0358,The ventral pathway of the human brain: A continuous association tract system,2021,10.1016/j.neuroimage.2021.117977,clinical;human brain,network_science_scope,supported
a6ee9fa4dc9366af18d8a0e861ca3b2fd2b2ce42,The Human Connectome Project’s Neuroimaging Approach,2016,10.1038/nn.4361,disease,review_scope,supported
0c83553b2c35873c6ae88344682be5bb9bdc18f8,Multi-Head Graph Convolutional Network for Structural Connectome Classification,2024,10.1007/978-3-031-55088-1_3,disease,network_science_scope,peripheral
7a7095d5102218ab15bb7d9b0e407fb71ae62825,Automated Specimen Preparation for Electron Microscopy,2024,10.1093/mam/ozae044.491,clinical,direct_scope+resolution,supported
44c7c1ea3d9c1d56a8cd5c94980ef9b5996132dc,Exploring early human brain development with structural and physiological neuroimaging,2018,10.1016/j.neuroimage.2018.07.041,disease;human brain,direct_scope+resolution;network_science_scope;health+direct_nanoscale_scope;review_scope,supported
c449d405dcf018348d5448144fedbc993a4bf603,The Primary-association Gradient across the Human Lifespan,,10.58530/2025/1343,human brain,network_science_scope,peripheral
e9c6a809b11a109c44f2463cb1da528ec7ab40e6,Brain connectomics: time for a molecular imaging perspective?,2023,10.1016/j.tics.2022.11.015,patholog,network_science_scope;review_scope,supported
49419778899dd316d4a9a79d1050003c86aabc45,Is removal of weak connections necessary for graph-theoretical analysis of dense weighted structural connectomes?,2019,10.1101/531350,clinical,network_science_scope,supported
ee638c4c28e06f24140c2711bbaaf70cd1cb93bd,Modular subgraphs in large-scale connectomes underpin spontaneous co-fluctuation events in mouse and human brains,2023,10.1101/2023.05.17.538593,human brain,network_science_scope,supported
7337cb4d9fd1942daf52b92b7b7b4c79e88b8f53,Estimating Tissue Microstructure with Undersampled Diffusion Data via Graph Convolutional Neural Networks,2020,10.1007/978-3-030-59728-3_28,clinical;disorder,network_science_scope,peripheral
81eb6257ac5a7289e0aad70dbfdbbd564236b1e7,"Deficit of corpus callosum axons, reduced axon diameter and decreased area are markers of abnormal development of interhemispheric connections in autistic subjects",2018,10.1186/s40478-018-0645-7,autism;disorder;patholog,direct_scope+resolution,supported
6db44ce3d97641a5c8d815680c1b8168e51f14c3,Frustrated hierarchical synchronization and emergent complexity in the human connectome network,2014,10.1038/srep05990,disorder;patholog,network_science_scope,core_candidate
ecf041773bbdf76b7ea534dcfca7dfa2a7b3e9b9,Disrupted connectivity in schizophrenia: modelling the impact of structural connectivity changes on the dynamics of spontaneous functional networks,2013,10.1186/1471-2202-14-s1-p100,disease;patholog;patient;schizophren,network_science_scope,peripheral
eb978b8c02717eb64b3dcbf20b86e451d5359c69,Convergent functional effects of antidepressants in major depressive disorder: a neuroimaging meta-analysis,2024,10.1038/s41380-024-02780-6,disorder;patient,review_scope,supported
19e894a39aad21ba4e827abae2d1c87c14423866,Diffusion MRI connectometry automatically reveals affected fiber pathways in individuals with chronic stroke,2013,10.1016/j.nicl.2013.06.014,clinical;disease;patient,network_science_scope;infrastructure_scope,supported
27f8a49fed4ac81a4f98a634c5b59c8e3bb532d5,Beyond Regional Activations: Structural Connectivity Message-Passing Shallow Neural Networks for Brain Decoding,2026,10.64898/2026.03.22.713504,alzheimer;autism;disease;disorder;schizophren,network_science_scope,supported
39ba44747c689c4f8149cc4938eae34464d9e640,Brain Functional Connectomics in Early Parkinson’s Disease (P2.005),2014,10.1212/wnl.82.10_supplement.p2.005,disease;parkinson;patient,network_science_scope,peripheral
9e52f287577ccadf73a1aca720c2f4c2e88c106a,"White matter, cognition and psychotic-like experiences in UK Biobank",2021,10.1017/s0033291721004244,clinical;schizophren,network_science_scope,peripheral
4e8d424bc7d3038fba7e29df9dab33cd8bccb00a,Architectures of Neuronal Circuits,2021,10.1126/science.abg7285,human brain,direct_scope+resolution;network_science_scope;review_scope,core_candidate
36a12f02e72c31839545af3eaf0c1fa104638b0d,A Connectomic Analysis of the Human Basal Ganglia Network,2017,10.3389/fnana.2017.00085,disorder;human brain,direct_scope+resolution;network_science_scope,peripheral
30fca3d6122d1034af075b0633ff376324f3c5de,Connectome-based biophysical models of pathological protein spreading in neurodegenerative diseases,2025,10.1371/journal.pcbi.1012743,clinical;disease;disorder;neurodegener;patholog,review_scope,supported
079d5efcc74a44e79976d8a05191f4959f3060f6,Integrated Diffusion Image Operator (iDIO): A tool for automated configuration and processing of diffusion MRI data,2022,10.1101/2022.03.14.483870,clinical,proofreading_qc_scope,supported
b56210e239dc3a2a7d386ec4d9c6d3c0d5c26fdc,Cognition and Neuroimaging in Schizophrenia,2012,10.3389/fnhum.2012.00276,clinical;disease;disorder;patient;schizophren,review_scope,supported
9fdc2e5866a442b6b90eaf24e4a97f865ba069d5,Pathoconnectome Analysis of Müller Cells in Early Retinal Remodeling,2019,10.1007/978-3-030-27378-1_60,retinal degeneration,direct_scope+resolution,supported
36830cad354a32b04fd1cd63f961735f87269cf6,"Connectome analysis with diffusion MRI in idiopathic Parkinson's disease: Evaluation using multi-shell, multi-tissue, constrained spherical deconvolution",2017,10.1016/j.nicl.2017.11.007,clinical;disease;disorder;neurodegener;parkinson;patholog;patient,network_science_scope,peripheral
a4b9566357aed7c31574ba503435d0b658f1299c,Asymmetry of the Structural Brain Connectome in Healthy Older Adults,2014,10.3389/fpsyt.2013.00186,disease,network_science_scope,supported
e9fd05ee72ee78a6386687a63ca94284ce2a62cb,Exploring the brain's structural connectome: a quantitative stroke lesion-dysfunction mapping study,2015,10.1002/hbm.22761,clinical;human brain;patholog;patient,network_science_scope,peripheral
c6e34f538898d3b10edec643a6ba06de85dc2fcb,"An atlas of white matter anatomy, its variability, and reproducibility based on constrained spherical deconvolution of diffusion MRI",2021,10.1016/j.neuroimage.2022.119029,clinical;parkinson,network_science_scope;people_development_scope;review_scope,supported
c48fdff5d1ef7dc7ef406fe56d2ea76ef26fb22e,Amyloid‐β and tau pathologies relate to distinctive brain dysconnectomics in autosomal‐dominant Alzheimer’s disease,2021,10.1002/alz.056134,alzheimer;clinical;disease;patholog,network_science_scope,peripheral
744996f96de27e778f12cb288b28a953ac46628f,Developmental Connectomics from Infancy through Early Childhood,2017,10.1016/j.tins.2017.06.003,disorder;human brain,review_scope,peripheral
7d3a1888b9cf322b9ded25760b9221ce25035c90,Network convergence zones in the anterior midcingulate cortex.,2019,10.1016/b978-0-444-64196-0.00007-8,clinical,review_scope,peripheral
22bf7aae64939be25d8a3f2683d5adfe15ddf80e,Identifying covariate-related subnetworks for whole-brain connectome analysis.,2023,10.1093/biostatistics/kxad007,clinical;disease;schizophren,network_science_scope,supported
aecd0ec3c9edce7589a22f500406bf51dfdfaece,Assessing the clinical impact of residual cortical disconnection after ischemic strokes,2014,10.1161/strokeaha.113.004137,clinical;patient,network_science_scope,supported
24b8558cdae909314d3b78ee4d5e5ceb7e17f523,Brain-wide Disruptions of Anatomical Connectivity in Antipsychotic-Naive First Episode Psychosis,2023,10.1101/2023.11.10.23298391,clinical;patient,network_science_scope,peripheral
d49611fc7830aae7ca0846b20fe14a54b1d95e5d,Multilayer network switching rate predicts brain performance,2018,10.1073/pnas.1814785115,human brain,network_science_scope,peripheral
b21d4831d1b76fbd3f1f24f56950678c7d4b6b96,Connectome Signatures of Hyperexcitation in Cognitively Intact Middle-Aged Female APOE-ε4 Carriers.,2020,10.1093/cercor/bhaa190,alzheimer;disease;patholog,direct_scope+resolution;health+direct_nanoscale_scope,peripheral
2d2f8bbf733063d59f55670cb3645785c01870ff,Aberrant Brain Dynamics in Schizophrenia During Working Memory Task: Evidence From a Replication Functional MRI Study.,2023,10.1093/schbul/sbad032,clinical;patient;schizophren,network_science_scope,supported
77cd7016ee48351fb7b00f3e8bd6c8a79f6bcab8,Cortical Network Transformer for Classification of Structural Connectivity in Cerebral Cortex,2024,10.1109/tim.2024.3366574,disorder,network_science_scope,supported
73485c65bc2984de5196d56bfae0de7cbda3390d,Test–Retest Reliability of Graph Theoretic Metrics in Adolescent Brains,2019,10.1089/brain.2018.0580,disorder,network_science_scope,supported
3a2cec86c03720e696e576915f6c75057f8671e1,Two-Dimensional Latent Space Manifold of Brain Connectomes Across the Spectrum of Clinical Cognitive Decline,2025,10.3390/bioengineering12080819,alzheimer;clinical;disease;patholog,network_science_scope,supported
06945c00c276bec5c34c7db605f570f3f6d6d284,Human Connectomics,2011,10.1016/j.conb.2011.08.005,human brain,review_scope,supported
a5ab975ca850d9664753693939c2273480ec23b5,Annual Research Review: Growth connectomics – the organization and reorganization of brain networks during normal and abnormal development,2014,10.1111/jcpp.12365,clinical;disorder,network_science_scope;review_scope,core_candidate
ec9204953424545c8ca42f8fe8aed597b5eb45e1,Brain Mapping of Behavioral Domains Using Multi-Scale Networks and Canonical Correlation Analysis,2022,10.3389/fnins.2022.889725,human brain,people_development_scope,peripheral
7ae126511c553f44bccd297f7bef9b0cf7576dac,The Brain Connectome after Gamma Knife Radiosurgery of the Ventro-Intermediate Nucleus for Tremor: Marseille-Lausanne Radiobiology Study Protocol,2021,10.1159/000514066,clinical;disorder;patient,network_science_scope,peripheral
618a03befcdc2f88e12286a3ec29b6a538cdb4a9,Brain connectivity drives tau presence while regional vulnerability drives tau load in Alzheimer's disease,2025,10.1002/alz70856_100814,alzheimer;disease;patholog,direct_scope+resolution;health+direct_nanoscale_scope,peripheral
ed4b70e24f60d0b4d9c48009ffb7d16f48f831b6,Mapping Clinical Progression to Brain Atrophy in CLN2 Patients Under Cerliponase Alfa Treatment: A Prospective Neuroimaging Study,2026,10.1002/jimd.70202,clinical;disease;disorder;neurodegener;patient,infrastructure_scope,supported
3c08402ee3dc03dba64f2b6b6d5bf8d69e7e8240,Measuring embeddedness: Hierarchical scale-dependent information exchange efficiency of the human brain connectome,2015,10.1002/hbm.22869,human brain,network_science_scope,peripheral
52db469dd91535a9e4d8554ae1e7c18b4da42704,OPTIMIZING BRAIN CONNECTIVITY NETWORKS FOR DISEASE CLASSIFICATION USING EPIC,2014,10.1109/isbi.2014.6868000,disease;patient,network_science_scope,peripheral
bad016e3547f1e1e149ab6368073dcd7784cbae6,Multi-Scale Profiling of Brain Multigraphs by Eigen-based Cross-Diffusion and Heat Tracing for Brain State Profiling,2020,10.1007/978-3-030-60365-6_14,disorder,network_science_scope,peripheral
029d8db7d331902d6a9cbbb9d9a5f7fa4a5515a3,Using diffusion MRI data acquired with ultra-high gradient strength to improve tractography in routine-quality data,2021,10.1016/j.neuroimage.2021.118706,clinical,network_science_scope,supported
a5ed0a96f533ee725e1dcf4a979a83a124cd06a3,Brain-computer interface training for multimodal functional recovery in patients with brain injury: a case series,2025,10.21037/qims-2025-1136,clinical;patient,network_science_scope,supported
f604e60ce165150e9962c49a1101ab393c811618,OS14.4.A The Neuroplastic Potential of the Human Brain before and After Glioma Surgery: Towards “Interventional Neurorehabilitation,2021,10.1093/neuonc/noab180.052,clinical;human brain;patient,network_science_scope,peripheral
22e846cf1bf130f0792f7fbf6f626cacfb22fcb4,Functional connectivity in Parkinson’s disease candidates for deep brain stimulation,2022,10.1038/s41531-021-00268-6,clinical;disease;parkinson;patient,network_science_scope,peripheral
b5780fac845ebd65d5241e44530a2e64388d7ab2,Prediction of Long-Term Postsurgical Seizure Recurrence From MRI Brain Hub Disruption in Patients With Temporal Lobe Epilepsy.,2026,10.1212/wnl.0000000000218416,clinical;epilep;patient,network_science_scope,supported
7d78806e5413a68bc6869a3eac9f94a01bb75282,"Hub connectivity, neuronal diversity, and gene expression in the Caenorhabditis elegans connectome",2018,10.1371/journal.pcbi.1005989,human cortex,network_science_scope,core_candidate
20781b99b45389300114c70ad9c422b13d44b1a0,Reconstructing the human brain’s wiring diagram from axons up,2025,10.1016/j.tins.2025.11.001,clinical;human brain,review_scope,supported
03ae0f1f5fecafea502350039dd0fc67ff8f4f2c,Characterizing variation in the functional connectome: promise and pitfalls,2012,10.1016/j.tics.2012.02.001,clinical,network_science_scope;review_scope,supported
bb66b5a06fe00de72e9b0575d7530bfe625724fb,Pretreatment topological disruptions of whole-brain networks exist in childhood absence epilepsy: A resting-state EEG-fMRI study.,2022,10.1016/j.eplepsyres.2022.106909,disease;epilep;patient,network_science_scope,peripheral
a2c4cd81fde58b4a8c49e04c4439c6498e1d82fb,Explaining slow seizure propagation with white matter tractography.,2024,10.1093/brain/awae192,epilep;patient,network_science_scope,supported
29fd44b01582ae1910973baf053df46ca9acccb0,Network structural dependency in the human connectome across the life-span,2018,10.1162/netn_a_00081,disease;human brain,network_science_scope,peripheral
ec6d5e9f959aa2c10dff89faf97f1240610464b6,BrainNetCNN: Convolutional neural networks for brain networks; towards predicting neurodevelopment,2017,10.1016/j.neuroimage.2016.09.046,clinical,network_science_scope,supported
4a2d0909e471911d1c23a72efe463a24c0240ca1,The virtual multiple sclerosis patient: on the clinical-radiological paradox,2023,10.1101/2023.12.01.23299274,clinical;multiple sclerosis;patient,network_science_scope,peripheral
f2c65d3dd15e99c224b2b0d4fafeda4211d3994a,Cardiovascular Risk Factors and Brain Health: Impact on Long‐Range Cortical Connections and Cognitive Performance,2018,10.1161/jaha.118.010054,clinical;disease,network_science_scope,supported
40b0340c9e11d1367b637cf9cd6388f2e34ce663,Biological significance and pathophysiological role of Matrix Metalloproteinases in the Central Nervous System.,2024,10.1016/j.ijbiomac.2024.135967,alzheimer;autism;disease;disorder;epilep;neurodegener;parkinson;patholog;schizophren,direct_scope+resolution;review_scope,supported
4923e4485d37c74e9f61ee7b771121708c882b5f,Evaluating ultrastructural preservation quality in banked brain tissue,2025,10.1101/2025.05.09.652503,disease,direct_scope+resolution;health+direct_nanoscale_scope,supported
f50577edddef14e827b926c8740791a0ae2fc161,Brain Connectivity and Mental Illness,2012,10.3389/fpsyt.2012.00072,alzheimer;clinical;disease;disorder;patholog;patient;schizophren,people_development_scope;review_scope,supported
da93754c944d4c99aabab5b2c2c3578d500a3be7,Cortical connectomic mediations on gamma band synchronization in schizophrenia,2023,10.1038/s41398-022-02300-6,disorder;patient;schizophren,network_science_scope,peripheral
779eae50b726eb9f3dbf8bf683ad7b647a76d41b,A Measure of Whole-Brain White Matter Topography,2019,10.1101/783274,human brain,network_science_scope,peripheral
2afa0f99e531b111cfadb2660edda2d86cc43abc,Lead-DBS v2: Towards a comprehensive pipeline for deep brain stimulation imaging,2018,10.1016/j.neuroimage.2018.08.068,clinical;disorder;patient,network_science_scope,peripheral
4fd4ae58292008fd64cc3a1961c554679fbf547d,Transgenic FingRs for Live Mapping of Synaptic Dynamics in Genetically-Defined Neurons,2016,10.1038/srep18734,disease,direct_scope+resolution;health+direct_nanoscale_scope,supported
388308886b39075ae9cf437a2a8682ca9e378b19,Striatum-related spontaneous coactivation patterns predict treatment response on positive symptoms of drug-naive first-episode schizophrenia with risperidone monotherapy,2023,10.3389/fpsyt.2023.1093030,clinical;patholog;patient;schizophren,direct_scope+resolution;health+direct_nanoscale_scope,peripheral
060f0de5fa7588c1de541c84da48669be89fcfb0,Advanced Brain Imaging in Preterm Infants: A Narrative Review of Microstructural and Connectomic Disruption,2022,10.3390/children9030356,disorder,network_science_scope;review_scope,peripheral
5a1c4679187a50ab5999b83d6ad5d3cb5dc9d7b1,Closing the gap from transcription to the structural connectome enhances the study of connections in the human brain,2020,10.1002/dvdy.218,human brain,network_science_scope;review_scope,supported
537e92ac1118d35543ede474f18d4c94190712c3,"Brain-Wide Functional Dysconnectivity in Schizophrenia: Parsing Diathesis, Resilience, and the Effects of Clinical Expression",2019,10.1177/0706743719890174,clinical;patient;schizophren,network_science_scope,peripheral
fb118b1e634b62ea08812bfb4769486f19fe75b8,Tau trajectory in Alzheimer's disease: Evidence from the connectome-based computational models.,2023,10.1016/j.brainresbull.2023.110777,alzheimer;disease;disorder;neurodegener;patholog,network_science_scope;review_scope,supported
2cfc164ed08e657209e72ec3683d2635761ffdd8,Spatial variation of changes in test–retest reliability of functional connectivity after global signal regression: The effect of considering hemodynamic delay,2022,10.1002/hbm.26091,human brain,network_science_scope,peripheral
3b284e70ea78eaf9da10ee647b8bd80e67bc7979,Enhanced simulations of whole-brain dynamics using hybrid resting-state structural connectomes,2023,10.1101/2023.02.16.528836,human brain,direct_scope+resolution,peripheral
1fb49f4434f9f438832c9b6b9e796e83b55f80ed,Imaging voltage and brain chemistry with genetically encoded sensors and modulators.,2020,10.1016/j.cbpa.2020.07.006,disease,direct_scope+resolution;health+direct_nanoscale_scope;review_scope,supported
840c90aaf0d03d44f9ec80b42d256d1e60b001d7,Experience-Dependent MAPK/ERK Signaling in Glia Regulates Critical Period Remodeling of Synaptic Glomeruli,2024,10.1016/j.cellsig.2024.111224,disease;patient,direct_scope+resolution;health+direct_nanoscale_scope,peripheral
b090443080eaf7c4fa5151c0d898addf9b3da1bb,Segregation of functional networks is associated with cognitive resilience in Alzheimer's disease.,2021,10.1093/brain/awab112,alzheimer;disease;patient,network_science_scope,peripheral
b7c7590f396019b4e46b4114ac9e6dea14c29eb2,Altered longitudinal structural connectome in paediatric mild traumatic brain injury: an Advancing Concussion Assessment in Paediatrics study,2023,10.1093/braincomms/fcad173,clinical;patholog;patient;traumatic brain injury,network_science_scope,peripheral
e964254b078daedca6227897a4d8913f140463ed,Frequency-Specific Resting-State MEG Network Characteristics of Tinnitus Patients Revealed by Graph Learning,2025,10.1101/2025.03.10.642147,patient,network_science_scope;people_development_scope,supported
d9c1e035c43e6be9931c2124d7f9e6f39ead0b13,Load-dependent inverted U–shaped connectivity of the default mode network in schizophrenia during a working-memory task: evidence from a replication functional MRI study,2022,10.1503/jpn.220053,clinical;patient;schizophren,network_science_scope,peripheral
3fd2a1b17d5ce90cd81509bcf5e30beda9e1b6a8,Connectomic Underpinnings of Working Memory Deficits in Schizophrenia: Evidence From a replication fMRI study.,2020,10.1093/schbul/sbz137,clinical;patient;schizophren,network_science_scope,peripheral
f4d5136f8d1dba2a4ad6b69820576fe957f994f9,Basis profile curve identification to understand electrical stimulation effects in human brain networks,2021,10.1371/journal.pcbi.1008710,human brain;patient,network_science_scope,supported
05e0e0d6e7b0b660d6e488a7fe177f5d8976e472,An explainable deep learning framework for characterizing and interpreting human brain states,2022,10.1016/j.media.2022.102665,human brain,network_science_scope,peripheral
8ae6f20de2e9377bec3b90cb5dd139413c226f29,Multidimensional encoding of brain connectomes,2017,10.1038/s41598-017-09250-w,disease,network_science_scope,supported
4f7cc10e97e52463e7f81115d7c17c7e4e9a9a95,Brain fingerprinting using EEG graph inference,2023,10.1101/2023.03.11.532201,human brain,network_science_scope;people_development_scope,peripheral
ab9b0261e6fa3511a20031989816f2b9e0c841bf,Topographic gradients of intrinsic dynamics across neocortex,2020,10.1101/2020.07.03.186916,human brain,network_science_scope,supported
7612d53547ba958e1fa147f53bcae279d12a8fe1,Causal Analysis of Graph Signals for Brain Effectome Inference,2025,10.1109/ieeeconf67917.2025.11443323,alzheimer;disease,network_science_scope,supported
7550b25842946eecac0e5c919dee6b73604a15c4,Neuropeptides and Behaviors: How Small Peptides Regulate Nervous System Function and Behavioral Outputs,2021,10.3389/fnmol.2021.786471,disorder,direct_scope+resolution;review_scope,supported
3849b391f08d64eb4f1b207b1f8b709834b217d2,The Limbic and Sensorimotor Pathways of the Human Amygdala: A Structural Connectivity Study.,2018,10.1016/j.neuroscience.2018.05.051,patholog,network_science_scope,peripheral
2d85b69fdef1076d458ea7eb141fd9f364ec3473,Exploring Folding Patterns of Infant Cerebral Cortex Based on Multi-view Curvature Features: Methods and Applications,2018,10.1016/j.neuroimage.2018.08.041,human brain,review_scope,peripheral
215e96c92d3a14c1d44e9a0261bd58d2c36b4e21,"Towards precise resting-state fMRI biomarkers in psychiatry: synthesizing developments in transdiagnostic research, dimensional models of psychopathology, and normative neurodevelopment",2020,10.1016/j.conb.2020.10.016,clinical;disorder;patholog,review_scope,peripheral
924c0cd723e283632605cfbc791affbcb95ef89b,Connectomics Sheds New Light on Alzheimer's Disease,2013,10.1016/j.biopsych.2013.01.004,alzheimer;clinical;disease;disorder;human brain;patholog;patient;schizophren,network_science_scope;infrastructure_scope;people_development_scope,supported
bcc7ab39acf3af8c0e2b1461c627aa02acd82e0c,Network coupling and surgical treatment response in temporal lobe epilepsy: A proof-of-concept study,2023,10.1016/j.yebeh.2023.109503,epilep;patient,network_science_scope,supported
7065371c078c0b24def9a511762ce8d89967e55c,How do you wire a brain?,2013,10.3389/fnana.2013.00014,disease;disorder,direct_scope+resolution,supported
8f2169895b1319d13a7d767eaa0ef71ec2e18fa5,Disrupted topological organization of structural and functional brain connectomes in clinically isolated syndrome and multiple sclerosis,2016,10.1038/srep29383,clinical;disease;multiple sclerosis;patient,network_science_scope,peripheral
ca4a712b652bd05b1db4996ba8e3d0f7170865d0,Causal functional connectivity in Alzheimer's disease computed from time series fMRI data,2023,10.3389/fncom.2023.1251301,alzheimer;clinical;disease,network_science_scope,supported
53e94cc89478acd71610af1e4825a92c0fd785e7,The cumulative impact of clinical risk on brain networks and associations with executive function impairments in adolescents with congenital heart disease,2023,10.1002/hbm.70028,clinical;disease;patient,network_science_scope,supported
8f35d94dd27bf561d4d46c7543e8d71dfce98e1c,Developmental control of lateralized neuron size in the nematode Caenorhabditis elegans,2010,10.1186/1749-8104-5-33,disease,direct_scope+resolution;health+direct_nanoscale_scope,peripheral
aa306329902cf8b4fd53f0da07d36b6972c88c01,The CONNECT project: Combining macro- and micro-structure,2013,10.1016/j.neuroimage.2013.05.055,disease;human brain,network_science_scope,peripheral
53c18520ea8b665f04cd3339451d5a4718e68613,The impact of graph construction scheme and community detection algorithm on the repeatability of community and hub identification in structural brain networks,2020,10.1002/hbm.25545,disorder;human brain,network_science_scope,peripheral
04a321365d48e135b9536bf64dffffd8bc7e3c5f,Shared and Specific Patterns of Structural Brain Connectivity Across Affective and Psychotic Disorders.,2022,10.1016/j.biopsych.2022.05.031,disease;disorder;patient;schizophren,network_science_scope,peripheral
898776005c375ba3d9b23fd3ab00b53fc4e6b152,Predicting Cognitive Level with Resting-state Functional Connectivity for Alzheimer's Disease,2024,10.1109/csis-iac63491.2024.10919376,alzheimer;disease,network_science_scope,supported
465f3202f2898ec52299c68b4d2c207d64cc110d,Use of Random Matrix Theory in the Discovery of Resting State Brain Networks,2020,10.1016/j.mri.2020.12.004,clinical;patient,network_science_scope,supported
6ac2f5f6ae1279792ee4238cc839d7752bac11f2,Weighted Stochastic Block Models of the Human Connectome across the Life Span,2018,10.1038/s41598-018-31202-1,human brain,network_science_scope,core_candidate
87f5a255185b1fd6bccc325bee6b7ca9dbea6b33,Statistical graph models of temporal brain networks,2018,10.70675/3ea4ec44z6beaz483dz972bz3a4a947ee647,patient,network_science_scope,supported
b9ee1c3f7dda3f3bab0d33566a114cf05f915744,When Language Models Meet NeuroGraphs: Exploring Enhanced Agentic LLM Framework Towards Brain Network Analysis,2026,,disorder,network_science_scope,supported
1b1c9c0c93a4909d2a18d21baa7d6e08df1c2b68,DREAM,2020,10.1007/s12021-020-09500-9,human brain,network_science_scope,peripheral
3e0ab64fe169067df71004832da4b99998b14cd7,Connectomic Deep Brain Stimulation for Obsessive-Compulsive Disorder.,2021,10.1016/j.biopsych.2021.07.010,clinical;disorder,review_scope,peripheral
5d5af8f562bc055d7e950b62e8c66d79868b7015,Mapping the Impact of Approximate Gradient Nonlinearity Fields Correction on Tractography,2023,10.1117/12.2653884,clinical,network_science_scope,peripheral
f468ad75b370102a3d58f1d84996728d8452d05d,Group-derived and individual disconnection in stroke: recovery prediction and deep graph learning,2025,10.1101/2025.07.02.25330753,clinical;disease;patient,network_science_scope,supported
dac4b56364f55fd6d4994511ff8a39db83291470,A Population-Based Atlas of the Macroscale Structural Connectome in the Human Brain,2017,10.1101/136473,clinical;human brain;patholog,network_science_scope;people_development_scope,supported
e6dd06c90f6b2841cfb2fa931a3cb35ff5a97e89,3D interactive tractography-informed resting-state fMRI connectivity,2015,10.3389/fnins.2015.00275,disorder;human brain;patient,network_science_scope,peripheral
d9589a0b38b2b41159e5388c4b2ca0e985e3aa13,Synaptic remodeling generates synchronous oscillations in the degenerated outer mouse retina,2014,10.3389/fncir.2014.00108,disease,direct_scope+resolution;health+direct_nanoscale_scope,peripheral
017607ecf1b9150fbe5a98162183c830b273c01a,Affective and cognitive theory of mind and associated brain functional alterations in frontotemporal dementia,2026,10.1093/braincomms/fcag216,clinical;disease;patient,network_science_scope,peripheral
62163cabc0c502bc517c083ace849a547e744874,Age‐related changes in the topological organization of the white matter structural connectome across the human lifespan,2015,10.1002/hbm.22877,human brain,network_science_scope,core_candidate
ebf24fd9a1f841d322e01574f1df2187ab8da90d,NucMM Dataset: 3D Neuronal Nuclei Instance Segmentation at Sub-Cubic Millimeter Scale,2021,10.1007/978-3-030-87193-2_16,clinical,direct_scope+resolution,core_candidate
fd9c58286f0edf0280848e5690daccb3c99d3945,Microstructure-Weighted Connectomics in Multiple Sclerosis,2021,10.1089/brain.2021.0047,clinical;disease;multiple sclerosis;patholog;patient,network_science_scope;review_scope,peripheral
e63242cad117c6e8379bded2c7158a86e93bf9e0,Mapping the white-matter functional connectome: a personal perspective,2025,10.1093/psyrad/kkaf028,clinical;disease;human brain,review_scope,supported
2d5fde94e6a4bcb6ee97d8084bc42f6b85d07f99,Contracted functional connectivity profiles in autism,2024,10.1186/s13229-024-00616-2,autism;clinical;disorder,network_science_scope,peripheral
d5eb861380ddb4ed6e9bfad257b6bb0eb7de8b55,Connectomic disturbances in attention-deficit/hyperactivity disorder: a whole-brain tractography analysis.,2014,10.1016/j.biopsych.2013.12.013,disorder,network_science_scope,peripheral
f1bcd900e1a331894036c0e3ee97cdfcdf210891,Comparison of post-stroke white matter assessment using disconnectome-symptom mapping versus quantitative diffusion MRI,2025,10.1016/j.neuroimage.2025.121347,clinical,network_science_scope,peripheral
34b4399d4b13e30c4f74a1d6bbe2891491023436,Ontology-based approach for in vivo human connectomics: the medial Brodmann area 6 case study,2015,10.3389/fninf.2015.00009,human brain,network_science_scope,peripheral
95dc7a0e180c125b3d81ebf5e5da058f2a02de3b,Multi-tract multi-symptom relationships in pediatric concussion,2021,10.7554/elife.70450,clinical;patholog,network_science_scope,peripheral
a57d7ce1cffc56809141ac1fb395951c300f4066,Dream,2020,10.2307/j.ctv18b5cjk.54,human brain,network_science_scope,peripheral
75dff601dc08c6930c6e7392885ff0f5b5daa007,Network-based approaches to examining stress in the adolescent brain,2018,10.1016/j.ynstr.2018.05.002,disease;disorder;patholog,network_science_scope;review_scope,supported
b6a5aa8da0452f0236afac718e3a01c03f473094,Identifying Neuroimaging Biomarkers of Resilience and Vulnerability to Chronic Stress in An Animal Model: An Exploratory Analysis,2025,10.1101/2025.08.05.667822,disorder,direct_scope+resolution,peripheral
d01ce46bf6c4024bcb66132b3432c2bef4b7e74a,Functional Networks in Epilepsy Presurgical Evaluation.,2020,10.1016/j.nec.2020.03.004,clinical;disorder;epilep,review_scope,supported
01391cdf10296c6fb4545e0f6ed5443b3636cfe1,Using Pareto optimality to explore the topology and dynamics of the human connectome,2014,10.1098/rstb.2013.0530,human brain,network_science_scope,supported
b012d9d8a0047fb0cf8242c36e79285347091df1,New insights into cortico-basal-cerebellar connectome: clinical and physiological considerations.,2019,10.1093/brain/awz310,clinical;disease;disorder;human brain;parkinson,network_science_scope;review_scope,supported
6096e90433592e2a4df2f88b9160ee5725c8b95b,"Speaker 2: Qiyong Gong, China",2016,10.1093/ijnp/pyw042.002,clinical;disorder;patholog;patient,network_science_scope,peripheral
72ebbc8ade94ede398096e8d5ba003bfcad05ae3,ABNORMAL STRIATAL RESTING-STATE FUNCTIONAL CONNECTIVITY IN ADOLESCENTS WITH OBSESSIVE-COMPULSIVE DISORDER,2015,10.1016/j.pscychresns.2015.11.002,disorder,direct_scope+resolution,peripheral
766a09a3442131c5405fcec2426e28bfb331cc87,COMP-03. TUMOR CONNECTOME: INSIGHT INTO THE IMPACT OF CNS NEOPLASIA AND THERAPY ON THE BRAIN NETWORK,2018,10.1093/neuonc/noy148.258,clinical;patient,direct_scope+resolution,peripheral
21bbd8c9419a71f4b83b9f4a381f460181becc50,Application of the radial distribution functions for quantitative analysis of neuropil microstructure in stratum radiatum of CA1 region in hippocampus,2016,10.18103/mra.v4i4.604,disorder,direct_scope+resolution,peripheral
d9037898ce5d379d00fe19b564df35bd2fae3992,Network-level macroscale structural connectivity predicts propagation of transcranial magnetic stimulation,2020,10.1016/j.neuroimage.2020.117698,clinical,network_science_scope,peripheral
bd2f855b09d79e42af43fa4ccedfc460b0b7ce83,The Fragile X Mental Retardation Protein in Circadian Rhythmicity and Memory Consolidation,2009,10.1007/s12035-009-8057-0,autism;disease;disorder,direct_scope+resolution;health+direct_nanoscale_scope;review_scope,peripheral
6dbeae4c1d7db2d29752202df9c058f3ad73af39,Diffusion MRI GAN synthesizing fibre orientation distribution data using generative adversarial networks,2025,10.1038/s42003-025-07936-w,clinical;patholog,people_development_scope,supported
8816ac518be59ca22a3eaf9dbeb048deb41da822,Connectomic analysis of Alzheimer’s disease using percolation theory,2021,10.1162/netn_a_00221,alzheimer;clinical;disease;disorder;neurodegener,network_science_scope,supported
dad994340237588b45e26b6fb98ccdc571d8ae9c,On reconstruction of cortical functional maps using subject-specific geometric and connectome eigenmodes,2024,10.1109/isbi60581.2025.10980669,human brain,network_science_scope,supported
8498ac532e8997a01e4e0d16eeee835a4c29a706,MICCAI-CDMRI 2023 QuantConn Challenge Findings on Achieving Robust Quantitative Connectivity through Harmonized Preprocessing of Diffusion MRI,2024,10.59275/j.melba.2024-9c68,disease,network_science_scope,supported
d168d47481b26ffd893ede21a13cc54439f60d07,Biologically grounded on-chip model identifies selective topographic reorganization within hyperexcitable corticostriatal networks.,2026,10.1073/pnas.2513459123,autism;disorder;epilep;schizophren,direct_scope+resolution;network_science_scope;health+direct_nanoscale_scope,supported
2950049b4ac85999a80ce8e33f8daa44a1acc1e0,Network method for voxel-pair-level brain connectivity analysis under spatial-contiguity constraints,2023,10.1214/23-aoas1824,disease;schizophren,network_science_scope,supported
c7d26961f0b9fe16c5f87c254e7a6357c0268683,Developmental neuroplasticity of the white matter connectome in children with perinatal stroke,2020,10.1212/wnl.0000000000010669,clinical;disease,network_science_scope,supported
3a0abb39da6af130af77d3fd03d82f12189056a6,Mapping dysfunctional circuits in the frontal cortex using deep brain stimulation,2023,10.1038/s41593-024-01570-1,disease;disorder;human brain;parkinson,network_science_scope,supported
02a37cdfe54d0af066cd0a6e5b97f106a304ed1c,An investigation of the association between focal damage and global network properties in cognitively impaired and cognitively preserved patients with multiple sclerosis,2023,10.3389/fnins.2023.1007580,multiple sclerosis;patient,network_science_scope;people_development_scope,peripheral
620c41d0adcbabc209a30ae3aa92171b41607038,Assessing Brain System Dysfunction In Amnesic Mild Cognitve Impairment Through MRI-Based Connectomics (P4.012),2014,10.1212/wnl.82.10_supplement.p4.012,alzheimer;disease;patient,network_science_scope;people_development_scope,peripheral
05df3f3b35376226b5fa2fd6544189fb0fb06111,"Connectomes for 40,000 UK Biobank participants: A multi-modal, multi-scale brain network resource",2023,10.1101/2023.03.10.532036,disease,network_science_scope;proofreading_qc_scope,supported
9fe2e7ce72fca014cdef6d6f77b020414082206a,"Imaging crossing fibers in mouse, pig, monkey, and human brain using small-angle X-ray scattering",2022,10.1101/2022.09.30.510198,human brain,network_science_scope,supported
03370443cebc3501b3f5024635af8739052e60e2,Joint functional brain network atlas estimation and feature selection for neurological disorder diagnosis with application to autism,2019,10.1016/j.media.2019.101596,autism;disease;disorder;patient,people_development_scope,peripheral
c694ee2ccba71caf0d894adf61a74a90d08a8c75,Pure Apraxia of Speech After Resection Based in the Posterior Middle Frontal Gyrus.,2020,10.1093/neuros/nyaa002,clinical;disorder,network_science_scope,supported
0620d9b5c6267e43fca0b6442ad4abe7c0eab06d,Assessment of the structural brain network reveals altered connectivity in children with unilateral cerebral palsy due to periventricular white matter lesions,2014,10.1016/j.nicl.2014.05.018,clinical;disorder,network_science_scope,peripheral
008d409c4daaad89f5cc0fced8845d323a9f1109,Diagnosing Autism Using T1-W MRI With Multi-Kernel Learning and Hypergraph Neural Network,2020,10.1109/icip40778.2020.9190924,autism;disorder,network_science_scope,peripheral
a6f4cb273073e7f9df5a05ec3fceca9e6b92a42c,Emotion-Related Network Reorganization Following Fish Oil Supplementation in Depressed Bipolar Offspring: An fMRI Graph-Based Connectome Analysis,2021,10.1016/j.jad.2021.05.086,disorder;patient,network_science_scope,peripheral
396f4d27f4d3c6ef80432ddb2ae5034f1197ceff,White Matter Connectome Edge Density in Children with Autism Spectrum Disorders: Potential Imaging Biomarkers Using Machine-Learning Models,2019,10.1089/brain.2018.0658,autism;disorder,network_science_scope,peripheral
dfbf9281dd2f4355eac90aa5d407ea97267ffbf3,"Accelerating Heritability, Genetic Correlation, and Genome‐Wide Association Imaging Genetic Analyses in Complex Pedigrees",2024,10.1002/hbm.70044,disorder;human brain,network_science_scope,peripheral
cf61356397063ecc9b15da674d98788ebda7e155,Sex-dependent effect of amyloidosis on functional network ‘hub’ topology is associated with downregulated neuronal gene signatures in the APPswe/PSEN1dE9 double transgenic mouse,2025,10.1177/13872877251378778,alzheimer;disease,network_science_scope,core_candidate
7197e9e974cebc6fa64fe2526beaffb0cb9ef1b0,Brain network connectivity differs in early-onset neurodegenerative dementia,2017,10.1212/wnl.0000000000004577,alzheimer;clinical;disease;neurodegener;patient,network_science_scope,supported
e9bcd6d5487ddb47b12dd86df419bbba43bfe43a,Connectome biomarkers of drug‐resistant epilepsy,2020,10.1111/epi.16753,clinical;epilep;patient,review_scope,supported
cac73f389d797ab4eb5cb206ab35c518dc34be1c,BNPower: a power calculation tool for data-driven network analysis for whole-brain connectome data,2024,10.1162/imag_a_00099,clinical,network_science_scope,supported
78396afbb68398538559bc1d87362a762d314060,Altered topology of structural brain networks in patients with Gilles de la Tourette syndrome,2017,10.1038/s41598-017-10920-y,clinical;disorder;patholog;patient,network_science_scope,peripheral
65152afe85ce1c510ec20e70494f390b8bfcf4fd,Explainable fMRI‐based brain decoding via spatial temporal‐pyramid graph convolutional network,2022,10.1002/hbm.26255,human brain,network_science_scope,peripheral
0bd1356191979fb04bf15643d8662f7eed3e7d07,The UCLA multimodal connectivity database: a web-based platform for brain connectivity matrix sharing and analysis,2012,10.3389/fninf.2012.00028,alzheimer;autism;disease;disorder,network_science_scope;infrastructure_scope,supported
df9ed655fbc4f9a4e63fcb621e42dad5e07b2e81,Human Connectomics across the Life Span.,2017,10.1016/j.tics.2016.10.005,human brain,review_scope,supported
27c39a366f98c32fcddac875bb336073b03b7027,The structural connectome and motor recovery after stroke: predicting natural recovery,2021,10.1093/brain/awab082,clinical;patient,network_science_scope;people_development_scope,supported
3850d1914120c0f4e0a5e10432ee5429982a98b3,BrainGB: A Benchmark for Brain Network Analysis with Graph Neural Networks,2022,10.1109/tmi.2022.3218745,human brain,network_science_scope;review_scope,peripheral
57c886c36aca691585d5e24142cda409e1272a07,Latent disconnectome prediction of long-term cognitive symptoms in stroke,2021,10.21203/rs.3.rs-1181593/v1,clinical;patient,review_scope,peripheral
ca3c4b13469f38cc47f9ecbac6674893455159fb,fMRI Data to Connectivity Matrices: Building Functional Connectomes for Deep Learning Models,2024,10.1109/wiecon-ece64149.2024.10914733,disease;disorder;human brain,network_science_scope,supported
c7047dccd4c79b827e0f495b0bf9be2e3f65e355,Q&A: Why use synchrotron x-ray tomography for multi-scale connectome mapping?,2017,10.1186/s12915-017-0461-8,human brain,direct_scope+resolution;network_science_scope,peripheral
81ff579e5ff122638399800f04ade302690766e4,The Cerebellar Connectome,2026,10.1007/s12311-026-02042-x,disease,direct_scope+resolution;network_science_scope,supported
a6ac26dba297a6a01fb4738210315ffb2efa84ec,Ensemble-Based Graph Representation of fMRI Data for Cognitive Brain State Classification,2025,10.48550/arxiv.2508.06118,clinical,network_science_scope,supported
e69a14b47f50d86fe652b47aa855e33754978282,Generating synthetic task-based brain fingerprints for population neuroscience using deep learning,2025,10.1038/s42003-025-09158-6,clinical,network_science_scope,peripheral
e4f1daf0ea1eacf3d2f8e53a23cc8017ba1809cc,Combined Model of Aggregation and Network Diffusion Recapitulates Alzheimer's Regional Tau-Positron Emission Tomography,2021,10.1089/brain.2020.0841,alzheimer;disease;patholog;patient,network_science_scope,peripheral
6b27d95cf04816d0a65657be9a312a99363f0a44,Dual-encoded magnetization transfer and diffusion imaging and its application to tract-specific microstructure mapping,2023,10.1162/imag_a_00019,disease,network_science_scope,peripheral
ca2db9edf353c849d925b02e88081c99da0a622e,"Neuroanatomy of catecholaminergic circuits in the brainstem and hypothalamus using T1-weighted and diffusion magnetic resonance imaging in humans: implications for brain-immune interactions, cardiovascular disease, neuropsychiatric disorders, stress response, and COVID-19",2025,10.1101/2025.04.11.644973,clinical;disease;disorder;human brain;schizophren,network_science_scope,supported
fa8371e387469f8c5d1e11c6f617390c0364c945,Prefrontal connectomics: from anatomy to human imaging,2021,10.1038/s41386-021-01156-6,disorder;human brain,direct_scope+resolution;review_scope,core_candidate
6970941be17f130214b572656c217639fdeef1c7,Neuropsychiatric Disease Classification Using Functional Connectomics - Results of the Connectomics in NeuroImaging Transfer Learning Challenge,2020,,autism;clinical;disease;disorder;patient,network_science_scope;people_development_scope,peripheral
c9bfc5dea72ee88758633a905970f954003d4d4a,Identification and Connectomic Profiling of Concussion Using Bayesian Machine Learning,2024,10.1089/neu.2023.0509,clinical;patient,people_development_scope,supported
5c28a7521cf7310987c64fb271713c9c8bea83fc,Structural lesions and transcriptomic specializations shape gradient perturbations in Wilson disease,2024,10.1093/braincomms/fcae329,clinical;disease;disorder;patient,network_science_scope,supported
5614a0a8752876cad7e4647a76190068c582d687,Heterogeneous Graph-Based Multimodal Brain Network Learning,2021,10.1109/tkde.2025.3569648,disease;human brain,network_science_scope,supported
6cc7eea23d73e1751ba788bfdf4b17137785f7a2,Adaptive Hypergraph Contrastive Learning for ASD Classification Using fMRI Connectome,2025,10.1109/embc58623.2025.11253094,autism;disease;disorder,network_science_scope,supported
ee19a7a94bd7b1d8ef9452f64bf4af44551f1bdb,Statistical machine learning to identify traumatic brain injury (TBI) from structural disconnections of white matter networks,2016,10.1016/j.neuroimage.2016.01.056,patient;traumatic brain injury,network_science_scope,supported
d5199cd9a33b07339d214249759b042847e0b393,Learning Dynamic Graph Representation of Brain Connectome with Spatio-Temporal Attention,2021,,human brain,network_science_scope,supported
b4663e35f760cf0aa8077c3bbdd6e1449fbbcadd,Pre-Training for Large-Scale Functional Connectome Fingerprinting Supports Generalization and Transfer Learning in Functional Neuroimaging.,2026,10.1523/eneuro.0370-25.2026,clinical,people_development_scope,peripheral
cb378840209c51aa666e68edda582cf5765dce7f,Predicting brain age and associated structural networks in mouse models with humanized APOE alleles using integrative and interpretable graph neural networks,2024,10.1117/12.3005695,alzheimer;disease;disorder;neurodegener,direct_scope+resolution;network_science_scope;health+direct_nanoscale_scope,supported
9444dced86a54ef253c1666e9c281b597b4e5e3d,"Linking hubness, embryonic neurogenesis, transcriptomics and diseases in human brain networks",2023,10.1101/2022.04.01.486541,disease;human brain,direct_scope+resolution;network_science_scope;health+direct_nanoscale_scope,peripheral
e886171f6b26b71cc6e64a8ae5505391cc287ffe,Disrupted structural connectivity in Pediatric Bipolar Disorder,2017,10.1101/241091,clinical;disorder;patient,network_science_scope,peripheral
a3e7fa97d7bc676207a04de2462ce6b855e817f4,Revealing Topological Organization of Human Brain Functional Networks with Resting-State Functional near Infrared Spectroscopy,2012,10.1371/journal.pone.0045771,disorder;human brain,network_science_scope,peripheral
156e0adab989536ff6e74ed955644ca8d53c261f,Serum Neurofilament Light Chain and GFAP Levels Are Associated with Structural Brain Connectivity in Parkinson’s Disease,2026,10.3390/ijms27093934,clinical;disease;disorder;neurodegener;parkinson;patient,network_science_scope,peripheral
000dc73202203b4f2f510b7998ace7371bee9b7b,"On propagation in networks, promising models beyond network diffusion to describe degenerative brain diseases and traumatic brain injuries",2024,10.3389/fphar.2024.1321171,disease;neurodegener;patholog;traumatic brain injury,network_science_scope,supported
33a2e58f82c3c23f609b44432ea65344139be05d,"Electrostimulation of the white matter of the posterior insula and medial operculum: perception of vibrations, heat, and pain.",2023,10.1097/j.pain.0000000000003069,patient,review_scope,peripheral
ac68be304f2fa9a7ea8c68771a35e7b9ca1765fe,"Evaluation of Mean Shift, ComBat, and CycleGAN for Harmonizing Brain Connectivity Matrices Across Sites",2024,10.1117/12.3005563,human brain,network_science_scope,peripheral
c42b62f96d3d3fb7a6d5b22d7589463177a9c5fa,Neuroanatomical correlates of childhood apraxia of speech: A connectomic approach,2016,10.1016/j.nicl.2016.11.003,clinical;disorder,network_science_scope,peripheral
cc8839995d525a0852abc1857101ab21bbfd9284,Predicting regional neurodegeneration from the healthy brain functional connectome,2012,10.1016/j.neuron.2012.03.004,disease;neurodegener;patholog,network_science_scope,core_candidate
d11616209a24742c4b4b4392761afc56a4116ae3,Evolutionary expansion of connectivity between multimodal association areas in the human brain compared with chimpanzees,2019,10.1073/pnas.1818512116,disorder;human brain,network_science_scope,supported
13a03b068f838199e975446b329350fe98dc60cd,Holographic Reconstruction of Axonal Pathways in the Human Brain,2019,10.1016/j.neuron.2019.09.030,clinical;human brain,network_science_scope;people_development_scope,peripheral
89de843202dc8990c27b2c95dca7483fff06a09c,Synaptic loss pattern is constrained by brain connectome and modulated by phosphorylated tau in Alzheimer’s disease,2025,10.1038/s41467-025-61497-4,alzheimer;disease;patholog;patient,direct_scope+resolution;network_science_scope;health+direct_nanoscale_scope,supported
5a87cfda499411a5d4513008be7a4b02071d616b,Sparse Solution of Fiber Orientation Distribution Function by Diffusion Decomposition,2013,10.1371/journal.pone.0075747,clinical,network_science_scope,peripheral
89e45ff7b021c31658fcfabf1e8e9e17331f8340,The effects of axonal beading and undulation on axonal diameter estimation from diffusion MRI: Insights from simulations in human axons segmented from three-dimensional electron microscopy,2024,10.1002/nbm.5087,patholog;traumatic brain injury,direct_scope+resolution,core_candidate
26855a6e4a05a7be5f191bc3a162906bb051589b,Brain-wide neuronal circuit connectome of human glioblastoma,2025,10.1038/s41586-025-08634-7,patient,direct_scope+resolution;health+direct_nanoscale_scope,supported
d1b0333b14f7053ebe7d0bfe26278b4fc338169d,Abnormal white‐matter rich‐club organization in obsessive–compulsive disorder,2022,10.1002/hbm.25984,clinical;disorder;human brain;patient,network_science_scope,peripheral
1f287ce0d4ce58957c651b52b7376cde8c47f921,Imaging Functional and Structural Brain Connectomics in Attention-Deficit/Hyperactivity Disorder,2014,10.1007/s12035-014-8685-x,disorder,review_scope,peripheral
04cdcf49702e54deae522a3afa4d47f1d742113b,Accessing the topological properties of human brain functional sub-circuits in Echo State Networks,2024,,human brain,network_science_scope,peripheral
5d41ed5da1d594ea5080cd856cfbfb4bd1edd00b,The neuroimmune connectome in health and disease,2025,10.1038/s41586-024-08474-x,disease,review_scope,supported
2eed89a5347ebacf7bc4872cce6f6ab493ef2190,Connectomic imaging reveals Huntington‐related pathological and pharmaceutical effects in a mouse model,2018,10.1002/nbm.4007,disease;neurodegener;patholog,direct_scope+resolution;health+direct_nanoscale_scope,peripheral
9b1967355f51f37500aecd943089bad60b6f94a3,Using deep learning to classify pediatric posttraumatic stress disorder at the individual level,2021,10.1186/s12888-021-03503-9,clinical;disorder;patient,network_science_scope,peripheral
55417ea586e3d1c2c27a1bc1c306cf8ede0ee75d,A Proposed Human Structural Brain Connectivity Matrix in the Center for Morphometric Analysis Harvard-Oxford Atlas Framework: A Historical Perspective and Future Direction for Enhancing the Precision of Human Structural Connectivity with a Novel Neuroanatomical Typology,2023,10.1159/000530358,clinical;human brain,network_science_scope,supported
aee30dd387368d93b9987a5bd8ddbf21b0a481bb,Disconnection and hyper-connectivity underlie reorganization after TBI: A rodent functional connectomic analysis,2015,10.1016/j.expneurol.2015.12.020,clinical;traumatic brain injury,network_science_scope,supported
24c2a701127f3c1c24bf1c88be81635b572f2837,Disrupted rich club network in behavioral variant frontotemporal dementia and early-onset Alzheimer's disease,2015,10.1002/hbm.23069,alzheimer;disease;human brain;patient,network_science_scope,peripheral
96c8bdd4d482ff7abdca5e7527acd912e6b26ab4,"Asynchronous and slow-wave oscillatory states in connectome-based models of mouse, monkey and human cerebral cortex",2023,10.1101/2023.08.03.551869,human brain,direct_scope+resolution,supported
ecfeb2af8de2b075ac820b5cfe9b4b5e5bbe70fc,Altered synaptic connectivity and brain function in mice lacking microglial adapter protein Iba1,2021,10.1101/2021.04.23.441023,alzheimer;autism;disease;disorder;neurodegener;schizophren,direct_scope+resolution;health+direct_nanoscale_scope,supported
c3289805b4e9ff986a0a4731d090ac8f72b188fd,Altered Connectome Topology in Newborns at Risk for Cognitive Developmental Delay: A Cross‐Etiologic Study,2024,10.1002/hbm.70084,disease;human brain;patient,network_science_scope,supported
06e14d5d41334bfd3225929ef6b94dbee2e289ff,Preoperative white matter network organization and memory decline after epilepsy surgery,2023,10.3171/2023.4.jns23347,epilep;patient,network_science_scope,supported
7efca2689c15713bade335a8df1433ea052edfc8,Resting-state electroencephalography (EEG) biomarkers of chronic neuropathic pain. A systematic review,2022,10.1016/j.neuroimage.2022.119351,disease;disorder;patient,network_science_scope;review_scope,supported
32e20ebb0c2e9477baa1efc599233da6fdc09a51,A Network Object Method to Uncover Hidden Disorder-Related Brain Connectome,2016,,disorder,network_science_scope,peripheral
ded42e530acd54896fb09ae1a3dd9e7d08f20681,Retinal Connectomics,2020,10.1016/b978-0-12-805408-6.00001-4,disease;patholog;retinal degeneration,direct_scope+resolution,peripheral
7f5da24c868331d26d445f4db9c09807d830b0d5,Stability and plasticity of functional brain networks after hemispherectomy: implications for consciousness research.,2020,10.21037/qims-20-554,clinical;epilep;patient,network_science_scope,peripheral
e9719d7c3fbdf1b8b8a183a880391ef5873d840a,Shuffled Graph Classification: Theory and Connectome Applications,2011,10.1007/s00357-015-9170-6,autism,network_science_scope,peripheral
016288793f6e7e8bb11751663162d189564b0201,Malformations of cortical development: New surgical advances.,2019,10.1016/j.neurol.2019.01.392,epilep;patient,network_science_scope;review_scope,supported
f71417ff444a8110c2022565c28554f490877d28,Differentially Categorized Structural Connectome Hubs are Involved in Differential Microstructural Basis and Functional Implications and Contribute to Individual Identification,2016,,human brain,network_science_scope,peripheral
cff4e5985c1a6d1aa423161f78ff9fb840c1b805,Different effects of the DRD4 genotype on intrinsic brain network connectivity strength in drug-naïve children with ADHD and healthy controls,2021,10.1007/s11682-021-00521-9,disorder,network_science_scope,peripheral
66882da070357820801b78ba83aa9517972f63fc,NeuroBridge-AI: A Hybrid Biophysical and Machine Learning Framework for Multi-Scale Neural Simulation,2026,10.1109/access.2026.3700047,epilep,direct_scope+resolution;network_science_scope,supported
333ed16f07f1a087e7956df9b9b0297afe50414d,"Diffuse low-grade glioma, oncological outcome and quality of life: a surgical perspective",2018,10.1097/cco.0000000000000483,biopsy;disease;epilep;patient,review_scope,peripheral
be9123c9403f1eb20a619fcfdced787c34958826,An Open MRI Dataset For Multiscale Neuroscience,2021,10.1038/s41597-022-01682-y,human brain,network_science_scope,supported
f7c8c3eae7c3e5bb3a6eb59b34108cfd78a191c1,On the application of neural networks for structured domains to fMRI data,2025,10.1016/j.neunet.2025.108029,autism,network_science_scope,supported
b5d9a3c376ecce3a8fa413abaa023d7dea64fa6c,The nonhuman primate neuroimaging and neuroanatomy project,2021,10.1016/j.neuroimage.2021.117726,human brain,network_science_scope,supported
5a89f52a80650d4a171695c72a0697ae42a572e1,The added value of diffusion-weighted MRI-derived structural connectome in evaluating mild cognitive impairment: a multi-cohort validation,2018,10.3233/jad-171048,alzheimer;disease;patient,infrastructure_scope,supported
24ba2ca30a76424df3794ef2e74e1333ba5269bf,Disrupted Structural Connectome Is Associated with Both Psychometric and Real-World Neuropsychological Impairment in Diffuse Traumatic Brain Injury,2014,10.1017/s1355617714000812,patholog;traumatic brain injury,network_science_scope,peripheral
6de52b41fcc63be42cf10a0c0c79bf5972d0fb76,Cortical disconnection in temporal lobe epilepsy,2021,10.1016/j.yebeh.2021.108231,epilep,network_science_scope,peripheral
9cd3bdfbcefaca30ba00c9ae15cf6368696843d0,Regional Diversity in the Postsynaptic Proteome of the Mouse Brain,2018,10.3390/proteomes6030031,disease;human brain,direct_scope+resolution;health+direct_nanoscale_scope,supported
5684ae332208195f18ad40d0893787c7c656c84d,Microstructural grey matter parcellation and its relevance for connectome analyses,2013,10.1016/j.neuroimage.2013.04.003,human brain,review_scope,peripheral
49f94ba75fa6ce721b9fe4241e00290f6a54e47d,End-to-End Stroke Imaging Analysis Using Effective Connectivity and Interpretable Artificial Intelligence,2024,10.1101/2024.07.17.24310349,clinical;disease;patient,network_science_scope;review_scope,supported
7f0aff85bd70b8ebd98ab132524f95d2cc726729,A Lesion-aware Edge-based Graph Neural Network for Predicting Language Ability in Patients with Post-stroke Aphasia,2024,10.1007/978-3-031-78761-4_9,patient,network_science_scope,supported
3ebe5d6e181f40de1d598710988948892c052933,Structural network alterations in focal and generalized epilepsy follow axes of epilepsy risk gene expression: An ENIGMA study,2021,10.1101/2021.10.18.464713,epilep;patient,network_science_scope,peripheral
0a935be15b1a4a2e74e981016d570961b0346e02,Longitudinal Functional Connectome in Pediatric Concussion: An Advancing Concussion Assessment in Pediatrics Study,2023,10.1089/neu.2023.0183,traumatic brain injury,network_science_scope,peripheral
1f237e48d71ecdf16be70c04cb22251254e07fff,Selective vulnerability of monoaminergic neurons and network spread of alpha-synuclein jointly explain pathology progression in Parkinson’s disease models,2026,10.1016/j.nbd.2026.107403,disease;parkinson;patholog,direct_scope+resolution;health+direct_nanoscale_scope,supported
1ff67346a415a6a5764b04c90dbd22de89f595f4,Aberrant Brain Network Topology in Youth with a Familial Risk for Bipolar Disorder: A Task-based fMRI Connectome Study,2024,10.1111/jcpp.13946,disorder,network_science_scope,peripheral
7a2562a7617f1da2613fa2a9710b30f817e61fcd,Development of Functional Connectome Gradients during Childhood and Adolescence,2021,10.1101/2021.08.08.455594,disorder,direct_scope+resolution;network_science_scope,peripheral
8bc33a0ed1d9fe864bd48e355d9872396094adb6,Pushing the limits of in vivo diffusion MRI for the Human Connectome Project,2013,10.1016/j.neuroimage.2013.05.078,human brain,network_science_scope;people_development_scope,peripheral
0786861907ea502f66d461db53d80313b825d8bf,Mapping Brain Lesions to Conduction Delays: The Next Step for Personalized Brain Models in Multiple Sclerosis,2024,10.1002/hbm.70219,clinical;disorder;multiple sclerosis;patient,network_science_scope,peripheral
830175c275a3a02f1228ba1dbb46cbb062c5109a,"Connectomic signatures of working memory deficits in depression, mania, and euthymic states of bipolar disorder.",2020,10.1016/j.jad.2020.05.058,clinical;disorder;patient,network_science_scope,peripheral
276f32b18c51c7f8bc4d2fa9856f58aa284674d0,Analysis of Structural Brain Network Topology Alterations in Autism and its Relationship with Autism Severity,2023,10.1109/isbi53787.2023.10230815,autism;disorder,network_science_scope,peripheral
47e6a16c4535e8f086595773bdbcaab71e36141e,Brain connectomes in youth at risk for serious mental illness: an exploratory analysis,2022,10.1186/s12888-022-04118-4,clinical;disorder,network_science_scope,peripheral
70409a1c38a8724baddff74319980c34cf0cc2da,Characterizing Continuous and Discrete Hybrid Latent Spaces for Structural Connectomes,2025,10.1117/12.3086529,alzheimer;disease;neurodegener,network_science_scope,supported
daaf2622088e799a288196a2925baf09419f1cbd,Advancements In Neurotechnology: Recording And Modulating Brain Activity,2024,10.1109/nigercon62786.2024.10927234,clinical,network_science_scope;review_scope,supported
2210e2695e8a50713acd3ae1b9c2b4b65661db1b,Precise Topology of Adjacent Domain-General and Sensory-Biased Regions in the Human Brain,2021,10.1093/cercor/bhab362,human brain,network_science_scope,peripheral
5f2ebe02715f7c0ef5408c24a576a9f96a94febf,The R1-weighted connectome: complementing brain networks with a myelin-sensitive measure,2020,10.1162/netn_a_00179,disease,network_science_scope,supported
3e594b4f28a3cf03f0e253664f106283579e9c76,Aberrant functional brain network organization in disorders of consciousness,2018,10.13128/ijae-11322,disorder;patient,network_science_scope,peripheral
d28cc341a8d13a5551d7af368748c24f84a877eb,Dense connectomic reconstruction in layer 4 of the somatosensory cortex,2018,10.1126/science.aay3134,disease,direct_scope+resolution,core_candidate
dde1d29463d331c9a7c3b26429cc0a6b5a1f0102,Connectomics and other novel methods for examining neural systems.,2017,10.1016/j.metabol.2017.01.015,clinical,review_scope,peripheral
131d0b3317400d826f55773e00ae06f2e3b86bc5,Machine Learning on Human Connectome Data from MRI,2016,,clinical;disorder;human brain;patient,network_science_scope;review_scope,supported
f1a913a47a072e7f799cc2602e3a28b870c88e44,TractEM: Fast Protocols for Whole Brain Deterministic Tractography-Based White Matter Atlas,2019,10.1101/651935,human brain,network_science_scope,peripheral
0d0fafac2a51ec15540ba84c8022b4ef82555c85,The effect of noise on the synchronization dynamics of the Kuramoto model on a large human connectome graph,2019,10.1016/j.neucom.2020.04.161,human brain,network_science_scope,peripheral
7027227e8021b1fb1caa9b62ab85d39661e7a941,Reply to: “Historical pursuits of the language pathway hypothesis of schizophrenia”,2021,10.1038/s41537-021-00183-y,clinical;disease;disorder;patient;schizophren,review_scope,peripheral
28434623b4fc9c8e6f9729b6a1a8cdc311542ce1,Basis of executive functions in fine-grained architecture of cortical and subcortical human brain networks,2023,10.1093/cercor/bhad537,human brain,network_science_scope,peripheral
2edc1121a8a21656ac1b20fbd8df2fc5264bfbd6,Individual variability in neural representations of mind-wandering,2024,10.1162/netn_a_00387,clinical,network_science_scope,supported
b94c67c4212773add4d4236aaf20bd73532feaf5,Contributions of connectional pathways to shaping Alzheimer’s disease pathologies,2024,10.1093/braincomms/fcae459,alzheimer;disease;neurodegener;patholog;patient,network_science_scope,supported
e09b2611bb678e9b9b6710afe0c2fd7a545cd5fa,Efficient anatomical labeling of pulmonary tree structures via deep point-graph representation-based implicit fields,2023,10.1016/j.media.2024.103367,disease,network_science_scope,peripheral
7aef63a05387dbf6879739c9cedfa077c1a50755,Dynamic Interplay between Lower-Grade Glioma Instability and Brain Metaplasticity: Proposal of an Original Model to Guide the Therapeutic Strategy,2021,10.3390/cancers13194759,disease;patient,direct_scope+resolution;health+direct_nanoscale_scope,peripheral
690eaef0c2515a16fe1af584afd83eb2228b3cd5,Advancements and Challenges in Computational Biology,2015,10.1371/journal.pcbi.1004053,clinical;disease;disorder,direct_scope+resolution,supported
ccae7d99c6df9300b430d65fc912bb3384929cc6,Synaptic Scaling Stabilizes Persistent Activity Driven by Asynchronous Neurotransmitter Release,2011,10.1162/neco_a_00098,patholog,direct_scope+resolution;health+direct_nanoscale_scope,supported
c741fdc4a0e90788dff7fab9a67c5052e8c85f88,Reconstruction of Neural Circuits Using Serial Block-Face Scanning Electron Microscopy,2016,10.9729/am.2016.46.2.100,disorder,direct_scope+resolution,supported
afa66f6fef27112ef077e4d133183c4184f099f8,Diffusion MRI Tractography Filtering Techniques Change the Topology of Structural Connectomes,2020,10.1088/1741-2552/abc29b,disorder;patholog;patient;traumatic brain injury,network_science_scope,peripheral
91a633b67282271ed1d985aa26404ebe177cca22,Simulation-based inference on virtual brain models of disorders,2024,10.1088/2632-2153/ad6230,disease;disorder;patient,people_development_scope,supported
c6fff66440efb4c914d0d887dafc4a7c9113dac7,Association between genetic risk for type 2 diabetes and structural brain connectivity in major depressive disorder.,2021,10.1016/j.bpsc.2021.02.010,clinical;disease;disorder;patient,people_development_scope,peripheral
ab2218528bafe764b3575416f0af6ec6d54151c0,Deep Learning Based Segmentation of Brain Tissue from Diffusion MRI,2020,10.1101/2020.07.30.228809,clinical,network_science_scope,peripheral
690dd0d0d4a1b8adfc19008a38de0c0f086d79e2,Overcoming Perfusion Impairment in the Ischemic Brain: A Review,2026,10.3390/neurosci7040089,clinical;human brain;patholog,direct_scope+resolution;health+direct_nanoscale_scope;review_scope,supported
664a1a303154754cfbe95390771182ba17558344,"Work Flows for Cellular Epidemiology, From Conception to Translation",2019,10.1101/548412,clinical,review_scope,supported
f97042ea9e3150a24165a1c4e4b2fabc1ef802bb,Characterizing glioma microenvironment with ultra-high gradient diffusion MRI.,2017,10.1200/jco.2017.35.15_suppl.2050,clinical;disease;patient,network_science_scope,peripheral
1b79818ba6b4e251fdc8a542441a4251b7b20476,Navigating the link between processing speed and network communication in the human brain,2021,10.1007/s00429-021-02241-8,human brain,network_science_scope,supported
d56a31a9774daa2e3030aabc6c67fb4b77930cbc,COALIA: A Computational Model of Human EEG for Consciousness Research,2019,10.3389/fnsys.2019.00059,clinical;disorder;human cortex;patient,direct_scope+resolution,supported
0edf20e2d681db4a3a9b8f4455c31032aae6240b,Connectivity and dysconnectivity: A brief history of functional connectivity research in schizophrenia and future directions,2019,10.1016/b978-0-12-813838-0.00007-8,clinical;disease;disorder;patient;schizophren,network_science_scope;review_scope,peripheral
e3e9a4fdb00d2098be8f2356128905d39a78e241,21 Abnormal white-matter rich-club organization in obsessive-compulsive disorder,2022,10.1136/jnnp-2022-bnpa.21,clinical;disorder;patient,network_science_scope,peripheral
fd8989afc3e21c8c725f8ea48d6d3049ad26bdfb,Disrupted structural connectivity of fronto-deep gray matter pathways in progressive supranuclear palsy,2019,10.1016/j.nicl.2019.101899,clinical;disease;neurodegener;patient,network_science_scope,supported
fe2abdd300670957a35d16fee1789e68a50ffe57,Latent source mining in FMRI via restricted Boltzmann machine,2018,10.1002/hbm.24005,human brain,people_development_scope,peripheral
e9bccfc325625e5c635493dcff7d4cfa317ece42,Clinical connectome fingerprints of cognitive decline,2020,10.1101/2020.10.09.332635,clinical;disease;human brain;patient,network_science_scope,supported
80e0559b2501aca05194d5dbbc03b670cf2bc1db,A Deep Learning Framework for Classifying Autism Spectrum Disorder from fMRI Images,2024,10.1109/cybercom63683.2024.10803161,autism;disorder,network_science_scope,supported
aca836410c8f9281894c9465d5fcf9e72180ccac,Preserved Structural Network Organization Mediates Pathology Spread in Alzheimer’s Disease Spectrum Despite Loss of White Matter Tract Integrity,2018,10.3233/jad-170798,alzheimer;disease;patholog;patient,direct_scope+resolution;network_science_scope;health+direct_nanoscale_scope,peripheral
7238c285b715c5b74ebc7ccdd82b5ef724d7b86e,Group-Level Ranking-Based Hubness Analysis of Human Brain Connectome Reveals Significant Interhemispheric Asymmetry and Intraparcel Heterogeneities,2021,10.3389/fnins.2021.782995,disease;human brain,infrastructure_scope,core_candidate
cea68dc22bbea44c66cadd0c2d1d2bce2dbc60bf,Cross Atlas Remapping via Optimal Transport (CAROT): Creating connectomes for different atlases when raw data is not available,2023,10.1016/j.media.2023.102864,patient,infrastructure_scope,supported
cb76d39177bee123804748ed697d594a95ea16a6,Disrupted Brain Functional Network in Internet Addiction Disorder: A Resting-State Functional Magnetic Resonance Imaging Study,2014,10.1371/journal.pone.0107306,clinical;disorder;patient,network_science_scope,peripheral
031f0dfa411e374bfb1ea57f8688969b0b4dfd79,Genetics of the Connectome and the ENIGMA Project,2016,10.1007/978-3-319-27777-6_10,disease;human brain,review_scope,peripheral
e25e7ee30d4b03a2e8ff190248619b0e0a090159,"Editorial for the research topic: information-based methods for neuroimaging: analyzing structure, function and dynamics",2014,10.3389/fninf.2014.00086,autism;disorder;patient;traumatic brain injury,network_science_scope,supported
443d7cdcf404984049acaf4067be8656bc61a497,A lesion‐aware automated processing framework for clinical stroke magnetic resonance imaging,2024,10.1002/hbm.26701,clinical;human brain;patholog;patient,network_science_scope,supported
c337837c862811c87f48dea450826c70e9db768b,Investigating structural and functional aspects of the brain’s criticality in stroke,2023,10.1038/s41598-023-39467-x,patient,network_science_scope,supported
8f1ae5c6f040a21adaa98eeac7014c3c0a4083ee,Automated Parcellation of the Cortex Using Structural Connectome Harmonics,2019,10.1007/978-3-030-32248-9_53,human cortex,network_science_scope,peripheral
1ef91a70bba0fbccaff7656d0f7430a46e0ea2ca,"Anatomical Society Summer Meeting, University of Oxford, Oxford, 2018",2018,10.1111/joa.12923,alzheimer;autism;clinical;disease;disorder;human brain;schizophren,direct_scope+resolution;health+direct_nanoscale_scope,peripheral
2f16f2f99d6b2bfeb9f2bf7431f18817b11bb5a4,CGLK-GNN : A connectome generation network with large kernels for GNN based Alzheimer's disease analysis,2026,10.1016/j.neunet.2026.108689,alzheimer;clinical;disease;neurodegener,network_science_scope,supported
5568a9f846f5d63f4c10f14f0ff69bdf724919e9,Local vulnerability and global connectivity jointly shape neurodegenerative disease propagation,2019,10.1371/journal.pbio.3000495,disease;neurodegener;parkinson,people_development_scope,peripheral
9cd4b0fd6ae08a2ffab59122b211a8f0d7e7e09e,The effects of cognitive behavioral therapy on the whole brain structural connectome in unmedicated patients with obsessive-compulsive disorder.,2020,10.1016/j.pnpbp.2020.110037,clinical;disorder;patient,network_science_scope,peripheral
ac1313ee993611e73c7479effb267dc95ee9dcb8,Structure–function multi‐scale connectomics reveals a major role of the fronto‐striato‐thalamic circuit in brain aging,2018,10.1002/hbm.24312,human brain,network_science_scope,supported
f76de26cc9e89c122f8a83f1cda437797486476d,Proportional thresholding in resting‐state fMRI functional connectivity networks and consequences for patient‐control connectome studies: Issues and recommendations,2017,10.1016/j.neuroimage.2017.02.005,disease;disorder;patient,network_science_scope,supported
a85c48af4533b67af124a43fa870794ff4d7209a,Strong intercorrelations among global graph-theoretic indices of structural connectivity in the human brain,2023,10.1016/j.neuroimage.2023.120160,disease;disorder;human brain;neurodegener,network_science_scope,supported
9c4c2e51a65c744666a295f88666ac9c5acc6423,AD Pathology Spreading Detection Using Directional Motifs in Brain Connectomes,2024,10.1002/alz.088834,alzheimer;clinical;disease;patholog,network_science_scope,supported
cd9e7e7e29e4c953d4ee363dd359096c17368292,"Schizophrenia, neuroimaging and connectomics",2012,10.1016/j.neuroimage.2011.12.090,schizophren,review_scope,supported
ec53ce4af0eb1c65a84915595bf1a83f07f0e263,NeuroCave: A web-based immersive visualization platform for exploring connectome datasets,2018,10.1162/netn_a_00044,clinical,network_science_scope,peripheral
614092867fac6212818f9feb2183eeab19b3522e,The connectomics of brain disorders,2015,10.1038/nrn3901,disorder,review_scope,core_candidate
6f6521b8235a97d37be1cb26695ea8d3b6305d10,Connectomic Intermediate Phenotypes for Psychiatric Disorders,2012,10.3389/fpsyt.2012.00032,disease;disorder;human brain,review_scope,supported
e491d2ec0fe7a1ffb5ced9608e8b08ba979708ad,Integrated Visualization of Human Brain Connectome Data,2015,10.1007/978-3-319-23344-4_29,disease;human brain,proofreading_qc_scope,supported
ce39d21c20738efb8db53ffda73ffddacc38fb38,Graph theoretical modeling of baby brain networks,2019,10.1016/j.neuroimage.2018.06.038,disorder;human brain,review_scope,core_candidate
16e829006c079bf213aa93a98b8ea95a4310b386,Modeling neurodegeneration in Caenorhabditis elegans,2020,10.1242/dmm.046110,alzheimer;clinical;disease;disorder;neurodegener;parkinson,review_scope,supported
2311fa9cb43a30b70000bb6ff3e81065ae5b08c9,Impaired Topographic Organization in Patients With Idiopathic Blepharospasm,2022,10.3389/fneur.2021.708634,patient,network_science_scope,peripheral
4382a3c4d1b469ecfb1362cb5d7430d9640abdc9,TP3-5 Structural connectivity driven stereoelectroencephalography (SEEG) electrode targeting in suspected pseudotemporal and temporal plus epilepsy,2019,10.1136/jnnp-2019-abn.60,epilep;patient,network_science_scope;infrastructure_scope,supported
41f000f35ad058afe6b9c4928b15a8acf2a81d89,Bridging Histology and Tractography: First Visualization of the Short-Range Prefrontal Connections in the Human Brain,2025,10.1101/2025.10.22.683760,disease;human brain,network_science_scope,peripheral
6daec53fd0ddfc82d3611d82799e5d2f91db60b2,Diffusion-Guided Pretraining for Brain Graph Foundation Models,2026,10.48550/arxiv.2602.09437,disorder,network_science_scope,supported
d65bb412b0ee8e8a14468798cdcc600cdd0e3f92,Toward Morphologic Atlasing of the Human Whole Brain at the Nanoscale,2023,10.3390/bdcc7040179,human brain,direct_scope+resolution;proofreading_qc_scope,supported
6d99b31ec4a4a08eb1328048be51dccb6dd860af,MLC-GCN: Multi-Level Generated Connectome Based GCN for AD Detection.,2026,10.1109/tbme.2026.3670101,alzheimer;clinical;disease,network_science_scope,supported
220a17b2869cd4bb1dd42d2adca7b172503df3f0,"Proceedings of the Sixth Deep Brain Stimulation Think Tank Modulation of Brain Networks and Application of Advanced Neuroimaging, Neurophysiology, and Optogenetics",2019,10.3389/fnins.2019.00936,disease;disorder;epilep;parkinson,infrastructure_scope;review_scope,supported
57e3f6981f320305bb3a0ec17c2a6f65e7da2288,The blueprint of human functional architecture shifts from cognition to anatomy during perturbations of consciousness,2026,10.64898/2026.06.07.730661,disorder;human brain;patholog,network_science_scope,peripheral
d8fe1ac4a90ba9ed1d6bff155fee3a17b3309b50,Dynamicity of brain network organization & their community architecture as characterizing features for classification of common mental disorders from whole-brain connectome,2024,10.1038/s41398-024-02929-5,disorder;patient;schizophren,network_science_scope,core_candidate
e4c723b73929f3e226e633ba7895ac71345d57e5,The connectome,2020,10.1093/med/9780198713005.003.0013,clinical,direct_scope+resolution;review_scope,supported
4bc4adbcb18307f6e4eda949d60cb8afd72acfb8,Joint Estimation of Brain Connectivity and Propagation of Neurodegeneration,,10.58530/2024/0109,disease;neurodegener;patholog,network_science_scope,peripheral
3114fb9df71fb068dd4b9159d2a77f19b5aadd6e,COMPENSATORY BRAIN CONNECTION DISCOVERY IN ALZHEIMER’S DISEASE,2020,10.1109/isbi45749.2020.9098440,alzheimer;disease;neurodegener,infrastructure_scope,supported
0d4442407cad8aa7ac28f7537ba0f47e6b616167,Multi-subject hierarchical inverse covariance modelling improves estimation of functional brain networks,2018,10.1016/j.neuroimage.2018.04.077,human brain,network_science_scope,peripheral
659e0cc8611c5d0993e33c338b856d831bce5744,Connectomics and graph theory analyses: Novel insights into network abnormalities in epilepsy,2015,10.1111/epi.13133,epilep,review_scope,supported
ea2666bb097f74bf6595a6bbaceae7a4272e5d31,Resolution and b value dependent structural connectome in ex vivo mouse brain,2022,10.1016/j.neuroimage.2022.119199,clinical,network_science_scope,supported
af80b1d71e71ee2b7e712076110c03603abe6899,Exploring personalized structural connectomics for moderate to severe traumatic brain injury,2022,10.1162/netn_a_00277,patholog;patient;traumatic brain injury,network_science_scope,peripheral
8a23cf1f9ce755790b974779d3eee5e02eb4ea47,Registration-free analysis of diffusion MRI tractography data across subjects through the human lifespan,2020,10.1016/j.neuroimage.2020.116703,disorder,network_science_scope,peripheral
d33bada18a585296f91b7577b12a971bc96433be,Graph Matching Based Connectomic Biomarker with Learning for Brain Disorders,2020,10.1007/978-3-030-60365-6_13,clinical;disease;disorder;patholog;patient;traumatic brain injury,network_science_scope,peripheral
e4907d66480d7a0539e9b015d7c083cf65bcf25e,Brain structural covariance network features are robust markers of early heavy alcohol use,2023,10.1111/add.16330,disorder;patholog,network_science_scope,peripheral
eeee62472f58f6d60fd35d15a4a632c45eca532f,Structural disconnectivity from quantitative susceptibility mapping rim+ lesions is related to disability in people with multiple sclerosis,2020,10.1101/2020.12.10.20244939,disease;multiple sclerosis;patholog;patient,network_science_scope,peripheral
57011ae94ac0f4119359917b791b029e49d58b2c,Single-participant structural similarity matrices lead to greater accuracy in classification of participants than function in autism in MRI,2021,10.1186/s13229-021-00439-5,autism,network_science_scope,peripheral
85a9d86c50ac6a99d29acc8acda5aec509ae41ef,Topographical Information-Based High-Order Functional Connectivity and Its Application in Abnormality Detection for Mild Cognitive Impairment,2016,10.3233/jad-160092,alzheimer;disease;human brain;patient,network_science_scope,peripheral
d07b4f155d780c7a980c636ac43a1b6259de7779,Impact of Retinal Degeneration on Response of ON and OFF Cone Bipolar Cells to Electrical Stimulation,2023,10.1109/tnsre.2023.3276431,disease;patient;retinal degeneration,direct_scope+resolution;health+direct_nanoscale_scope,supported
9c42ed3f1e96f9ba49f964db76028db5dd77ed7d,Extending the Human Connectome Project across ages: Imaging protocols for the Lifespan Development and Aging projects,2018,10.1016/j.neuroimage.2018.09.060,human brain,review_scope,supported
e07506e585c61caa1f4a24e752e4b0a0aae7de95,Characterizing the role of the structural connectome in seizure dynamics.,2019,10.1093/brain/awz125,disorder;epilep;human brain;patient,network_science_scope,supported
c21581a0b677f15df3d558efa617608dee99a070,Great Expectations: Using Whole-Brain Computational Connectomics for Understanding Neuropsychiatric Disorders,2014,10.1016/j.neuron.2014.08.034,disorder,review_scope,supported
1e8004ae1fc130a855d858c164e38842e9c99eed,Auto-DenseUNet: Searchable neural network architecture for mass segmentation in 3D automated breast ultrasound,2022,10.1016/j.media.2022.102589,patient,people_development_scope,peripheral
aea5b83303affe95f4a553f4d6dad2e57f866bd3,Longitudinal Connectome Analyses following Low-Grade Glioma Neurosurgery: Implications for Cognitive Rehabilitation,2021,10.1093/neuonc/noab195.015,patient,direct_scope+resolution;network_science_scope;health+direct_nanoscale_scope,peripheral
d272bcd5e7507ff2167ba55b0a7b5b039cda6488,Age differences in the functional architecture of the human brain,2022,10.1101/2021.03.31.437922,human brain,network_science_scope,peripheral
c385669e28b18141cb80e7b6468596b8d3e9419d,Test-retest reliability of white matter structural brain networks: a multiband diffusion MRI study,2015,10.3389/fnhum.2015.00059,clinical,network_science_scope,peripheral
a3f0d69b35f99a16ccf64731999728f8dcff78e2,Patient-Tailored Connectomics Visualization for the Assessment of White Matter Atrophy in Traumatic Brain Injury,2011,10.3389/fneur.2012.00010,patholog;patient;traumatic brain injury,network_science_scope,peripheral
ae882f3500880dd83c02dee33e065654b997fae1,A connectomic approach for subcallosal cingulate deep brain stimulation surgery: prospective targeting in treatment-resistant depression,2017,10.1038/mp.2017.59,clinical;patient,network_science_scope,supported
f577e3cc15c2b351c1d0203615738e361c5e0d1e,Normative pathways in the functional connectome,2019,10.1016/j.neuroimage.2018.09.028,alzheimer;autism;disease;disorder,direct_scope+resolution;network_science_scope;health+direct_nanoscale_scope,supported
578a71308b3562bf338cdf144f7df1da9f3508af,Topographic divergence of atypical cortical asymmetry and atrophy patterns in temporal lobe epilepsy,2021,10.1093/brain/awab417,clinical;disease;disorder;epilep;patholog;patient,network_science_scope,peripheral
35a8c4fb2f825cfc0c0d0a9ebb889c2797b06a1a,Metastable oscillatory modes emerge from synchronization in the brain spacetime connectome,2022,10.1038/s42005-022-00950-y,human brain,network_science_scope,supported
1d56bd2c87e7190b48ed1c3e79991610534cfa02,A Connectomic Atlas of the Human Cerebrum-Chapter 13: Tractographic Description of the Inferior Fronto-Occipital Fasciculus.,2018,10.1093/ons/opy267,clinical;human cortex,network_science_scope,peripheral
4f50100709cf9fda7e0a45ed966093e952d3c4ec,"Shared white matter connectome-based correlates of self-reproach, response failure, spatial planning, and resilience in patients with subthreshold depression: a graph theory approach",2026,10.1038/s41598-026-40535-1,disorder;patient,direct_scope+resolution,supported
1f6eb30d764c0b3f2e1cd6133bef01d10778b299,Identifying Configurational Abnormalities in Alzheimer’S Disease Progression Using Multi-View Structure Connectome,2019,10.1109/isbi.2019.8759373,alzheimer;disease,network_science_scope,peripheral
c97cb5aa12eecc886af77cc2bd9b68e13dbd6146,Quantifying uncertainty in brain network measures using Bayesian connectomics,2014,10.3389/fncom.2014.00126,human brain,network_science_scope,supported
5fd60fb7ae389f8983f500c2124d4da2b9fc8ed3,NEUROIMAGING AND CONNECTOMICS OF DRUG-RESISTANT EPILEPSY AT MULTIPLE SCALES: FROM FOCAL LESIONS TO MACROSCALE NETWORKS,2019,10.1111/epi.14688,clinical;disorder;epilep;patient,review_scope,peripheral
8d6306a419ddc27a5f8418e0afd5f7aa75da3939,Diffusion MRI data analysis assisted by deep learning synthesized anatomical images (DeepAnat),2023,10.1016/j.media.2023.102744,human brain,people_development_scope,peripheral
ad03dd1c533bd72ff24e78721c1ac441985d4581,Excess interictal activity marks seizure prone cortical areas and mice in a genetic epilepsy model,2021,10.1101/2021.12.23.473545,disease;epilep,direct_scope+resolution;health+direct_nanoscale_scope,peripheral
b596de71dc4bb916d9dd9ef01ac956351b50d7a6,Heritability of cortical morphology reflects a sensory-fugal plasticity gradient,2020,10.1101/2020.11.03.366419,human brain,network_science_scope;review_scope,peripheral
cad00239a8d43f36c05a94d9f19c54adf9b662e6,"Big data in nanoscale connectomics, and the greed for training labels.",2019,10.1016/j.conb.2019.03.012,human brain,direct_scope+resolution;people_development_scope;review_scope,core_candidate
70653498c4198b6cd2803fc3eff9cbb3bb5c228b,Brain functional connectivity predicts depression and anxiety during childhood and adolescence: A connectome-based predictive modeling approach,2025,10.1162/imag.a.145,clinical;disorder,network_science_scope,peripheral
9f6ca8f4f8cbb6c7c31986763de02a573f462ab4,ENIGMA’s simple seven: Recommendations to enhance the reproducibility of resting-state fMRI in traumatic brain injury,2024,10.1016/j.nicl.2024.103585,clinical;traumatic brain injury,review_scope,peripheral
db7457cbcaf08d2c6fc91acef56caeff63218fd9,On human nanoscale synaptome: Morphology modeling and storage estimation,2024,10.1371/journal.pone.0310156,disorder;human brain,direct_scope+resolution,supported
886f37cf0b1ab06bf50a8c07d23bb0a75d882b76,The rhesus monkey connectome predicts disrupted functional networks resulting from pharmacogenetic inactivation of the amygdala,2016,10.1016/j.neuron.2016.06.005,patholog,direct_scope+resolution;network_science_scope;health+direct_nanoscale_scope,supported
0e2952d866a36350d29961aac04c52a0b55c4ec6,Molekulare Kontrolle der Stabilität und Plastizität von Synapsen,2021,10.1007/s12268-021-1639-8,disease;neurodegener,direct_scope+resolution;health+direct_nanoscale_scope,peripheral
781293c5d0f938b948b10c9f4c6ea7aab433d131,"A mind in motion: Exercise improves cognitive flexibility, impulsivity and alters dopamine receptor gene expression in a Parkinsonian rat model",2022,10.1016/j.crneur.2022.100039,disease;parkinson,direct_scope+resolution;health+direct_nanoscale_scope,peripheral
5155e8de5c38375b4eefea72d8a09833dc3a03c0,A multi-modal parcellation of human cerebral cortex,2016,10.1038/nature18933,disease,network_science_scope,core_candidate
8544034ac8c7c48b39114760277aeeb55a3537dd,Large scale brain models of epilepsy: dynamics meets connectomics,2012,10.1136/jnnp-2011-301944,epilep,review_scope,supported
be5a5e61850f78f0fb096d6a6d72f918a00fb81d,Aberrant Brain Topological Properties in Early-Onset and Adult-Onset Schizophrenia: Evidence from First-Episode Drug-Naïve and Medicated Groups.,2026,10.1016/j.jaac.2026.06.016,clinical;disease;patient;schizophren,direct_scope+resolution;network_science_scope;health+direct_nanoscale_scope,supported
e045a90e3170b55ff00091a850e8e6ec17f9ebe5,Connectome-based modelling of neurodegenerative diseases: towards precision medicine and mechanistic insight,2023,10.1038/s41583-023-00731-8,disease;neurodegener,review_scope,supported
d2400c055020e132b7b79a2eea9f1ce072069ba3,Brain Multigraph Prediction using Topology-Aware Adversarial Graph Neural Network,2021,10.1016/j.media.2021.102090,disorder;human brain,network_science_scope,peripheral
549b1627c3c63ba8331b182b73ce521784ff3d9f,Network mediation of pathology pattern in sporadic Creutzfeldt–Jakob disease,2020,10.1093/braincomms/fcaa060,disease;patholog;patient,network_science_scope,peripheral
f27dc35288f5d56f1185748d69c61f23b2ed565f,"Gliomas as network diseases: Neuron-tumor interactions, connectome disruption, and clinical implications.",2026,10.1016/j.clineuro.2026.109475,clinical;disease;disorder;patient,direct_scope+resolution;network_science_scope;health+direct_nanoscale_scope;review_scope,supported
e29c5a780db4315fcaadb8fdd55326d446458e03,Imaging human connectomes at the macroscale,2013,10.1038/nmeth.2482,human brain,review_scope,supported
bd9a3dbc34a43d49dbfb95fd9c1901a163f5d642,GNN-based Unified Deep Learning,2025,10.48550/arxiv.2508.10583,patient,network_science_scope,supported
b2ae7ab1c0a4b5340e2b2a6722940c8339309992,A generalized epilepsy network derived from brain abnormalities and deep brain stimulation,2025,10.1038/s41467-025-57392-7,clinical;disease;epilep;patient,network_science_scope,supported
57ca168db10b20a8416f91d305b54b815f7e39f7,Brain Topological Reorganization Associated with Visual Neglect After Stroke,2021,10.1089/brain.2020.0969,clinical;patholog;patient,network_science_scope,supported
3e98c9a8630f7349384669ddffbbb0a54112a85a,"Human Brain Connectomics: Networks, Techniques, and Applications [Life Sciences]",2010,10.1109/msp.2010.936775,human brain,review_scope,peripheral
e1c55e6854937926d15cefe39dc5bed1a4c45541,CNSC-05. LOCAL AND GLOBAL FUNCTIONAL CONNECTOME DISRUPTION IN PATIENTS WITH GLIOMAS,2023,10.1093/neuonc/noad179.0089,clinical;patient,network_science_scope,peripheral
23a1c4b80ed4da24f75d06d544fd018595beb997,Chapter 18 – The Human Connectome: Linking Structure and Function in the Human Brain,2014,10.1016/b978-0-12-396460-1.00018-4,human brain,review_scope,supported
667be50b805b2ac510150821c68e9f911cbe0d1b,Principles of connectivity among morphologically defined cell types in adult neocortex,2015,10.1126/science.aac9462,disease,direct_scope+resolution;network_science_scope;health+direct_nanoscale_scope,core_candidate
4f169fa8ad7632eb001c924af384071882fd065c,NIMG-69. PERSONALIZED CONNECTOMIC SIGNATURES: BRIDGING THE GAP BETWEEN NEURO-ONCOLOGY AND CONNECTOMICS,2020,10.1093/neuonc/noaa215.682,clinical;patient,network_science_scope,peripheral
342a1bb5788e46abe37b813f2f734200b49c191e,Improving the accuracy of multiple sclerosis classification via robust feature selection based on quantitative tractography,,10.58530/2022/0784,clinical;multiple sclerosis,network_science_scope,peripheral
31bbd556ff01a5ec23ed700e4365b32754906e19,Increasing Electrical Stimulation Efficacy in Degenerated Retina: Stimulus Waveform Design in a Multiscale Computational Model,2018,10.1109/tnsre.2018.2832055,disease;neurodegener,direct_scope+resolution;health+direct_nanoscale_scope,supported
2409feb91aafbf983018c3f889c5d323011f9b6f,Altered Topological Properties of Brain Networks in Social Anxiety Disorder: A Resting-state Functional MRI Study,2017,10.1038/srep43089,disorder;patient,network_science_scope,peripheral
42d87e5f5eb86515724fd95fd6d4082d3701f3bd,Commentary on ''Quantitative electroencephalography in schizophrenia and depression''.,2015,,disorder;schizophren,network_science_scope,supported
d31ccbeb7a3cc4340d0768f536c58a670231fb8d,Specific Frontostriatal Circuits for Impaired Cognitive Flexibility and Goal-Directed Planning in Obsessive-Compulsive Disorder: Evidence From Resting-State Functional Connectivity,2016,10.1016/j.biopsych.2016.08.009,disorder;patient,network_science_scope,supported
398812e5c8c845f9e30088f8f0ee263b0385631f,MetaExplainer: Revisit domain generalization of functional connectome analyses from the perspective of explainability,2025,10.1016/j.media.2025.103664,clinical;disease;disorder,network_science_scope,supported
a25424c2a0decaa80a45de2e8ccc6416cf2aa048,Functional Connectome of the Fetal Brain,2019,10.1523/jneurosci.2891-18.2019,disease;human brain,network_science_scope,supported
8494c56cf7696d2211fc06465e174ff0dfac39a4,Anatomy and White Matter Connections of the Superior Frontal Gyrus,2019,10.1002/ca.23523,clinical,network_science_scope,peripheral
068b69676358f746182e0b6ef137e216be77392d,Abnormalities of the Brain Connectome in Patients with Multiple Sclerosis (PD6.009),2013,10.1212/wnl.80.7_supplement.pd6.009,human brain;multiple sclerosis;patient,network_science_scope,peripheral
8ea6556fc77c3d8e5fe0e36fac17b94b7fbaf70e,Connectome-Scale Assessments of Functional Connectivity in Children with Primary Monosymptomatic Nocturnal Enuresis,2015,10.1155/2015/463708,disease;disorder;patient,network_science_scope,peripheral
7e9524287c292f3114189749bb654e4f4101dc13,A Hybrid CPU-GPU Accelerated Framework for Fast Mapping of High-Resolution Human Brain Connectome,2013,10.1371/journal.pone.0062789,disease;human brain,network_science_scope,peripheral
5cc8ecf2bcb9463793a0fc865e07753d0b2eede3,"Vascular cognitive impairment in the mouse reshapes visual, spatial network functional connectivity",2020,10.1101/2020.11.04.366294,disease,network_science_scope,peripheral
dd7bc1ef20b0748ab3b6b0d3815347e7ad78b915,Potential Mechanisms and Perspectives in Ischemic Stroke Treatment Using Stem Cell Therapies,2021,10.3389/fcell.2021.646927,clinical;patient,review_scope,supported
68f194a85cba18bf2ad532870ac0ae693e2ef16d,The ADHD-200 Consortium: A Model to Advance the Translational Potential of Neuroimaging in Clinical Neuroscience,2012,10.3389/fnsys.2012.00062,clinical;disease;disorder;human brain;patholog,proofreading_qc_scope,supported
5ab26e6785dd33e6ca21bfec61080e941c0df3e9,Longitudinal alterations in brain networks and thalamocortical connectivity in paediatric focal epilepsy: a structural connectomics pilot study,2024,10.1093/braincomms/fcaf081,disorder;epilep,network_science_scope,supported
9d594f634912e7bfb492e3d3fd50e5d86d0de895,Connecting the connectome: A bibliometric investigation of the 50 most cited articles.,2022,10.1016/j.clineuro.2022.107481,clinical,review_scope,peripheral
300f4283a4c2e719bf4cc10b41c57cd1253571b2,"CONNECTIONS, TRACTS, FRACTALS, AND THE REST: A WORKING GUIDE TO NETWORK AND CONNECTIVITY STUDIES IN NEUROSURGERY.",2020,10.1016/j.wneu.2020.03.116,clinical,review_scope,peripheral
2bd94a3337e31c06484c7b20cfc8dc0e9156e33d,Anatomy and White Matter Connections of the Lingual Gyrus and Cuneus.,2021,10.1016/j.wneu.2021.04.050,clinical;patient,network_science_scope,peripheral
7072ef929fa3d7c3177ca868309523c588a67bd1,The WU-Minn Human Connectome Project: An Overview,2013,10.1016/j.neuroimage.2013.05.041,human brain,review_scope,supported
d335e381ad2f4bd27d5def56ad738bf6cef8cf4f,Retinal Connectomics: A Review.,2024,10.1146/annurev-vision-102122-110414,disease,direct_scope+resolution;health+direct_nanoscale_scope;review_scope,core_candidate
3a6de93f6238b79d8f541703464531e32106b196,Mapping Multi-Modal Brain Connectome for Brain Disorder Diagnosis via Cross-Modal Mutual Learning,2023,10.1109/tmi.2023.3294967,disease;disorder,network_science_scope,supported
f566299aec26300fbd44eb56bf25f24d760e1843,The Connection of Information Science and Psychology in the Case of the Wisdom Paradox - Part Two,2025,10.22161/ijels.101.4,disorder;human brain,direct_scope+resolution,supported
21063426e0ae11d21cb1d0df20fb20dcd3a2d415,Biopsychosocial and Demographic Predictors of Functional Brain Network Specialization and Segregation Across the Adult Lifespan,2025,10.1101/2025.11.20.25340014,biopsy,network_science_scope,supported
1254fbb8c0f9367e4ae78b90d50f66642479f21e,DCP: A pipeline toolbox for diffusion connectome,2024,10.1002/hbm.26626,human brain,network_science_scope,peripheral
77282955ffae0af9db6654ec7257a17635991d8e,Fledgling pathoconnectomics of psychiatric disorders.,2013,10.1016/j.tics.2013.10.007,disorder,review_scope,supported
de6750204f30ee5b29e518f14b3e2cf6418cfd66,Refining RDoC Using Individual-Level Task fMRI Factor Models Reveals Reproducible and Clinically Relevant Brain-Wide Motifs,2026,10.1101/2025.10.13.682124,clinical;disorder;schizophren,network_science_scope,supported
f93ad9bdf491c8d12323c6619d3b77d652e2d878,Structural connectome alterations in anxious dogs: a DTI-based study,2023,10.1038/s41598-023-37121-0,disorder;patholog,network_science_scope,supported
242ebb0d15d6d11a717e445482098b618f01ded5,Large-scale Gradient Dysfunction of the Functional Connectome in Major Depression,2020,10.1101/2020.10.24.352153,disorder;patient,direct_scope+resolution;health+direct_nanoscale_scope,peripheral
5d3158f4975d1ba476ec7f0715d1d862f7616c7d,Asymmetry of Hemispheric Network Topology Reveals Dissociable Processes between Functional and Structural Brain Connectome in Community-Living Elders,2017,10.3389/fnagi.2017.00361,human brain,network_science_scope,peripheral
cd190b41f59105eb9bc00f8e55bd7cbd522c3862,Commentary: Developmental connectomics to advance our understanding of typical and atypical brain development – Commentary on,2015,10.1111/jcpp.12400,clinical;disease,direct_scope+resolution;health+direct_nanoscale_scope,peripheral
b10f108c8e69e62167732a8b327e00112c67e723,Adding dynamics to the Human Connectome Project with MEG,2013,10.1016/j.neuroimage.2013.05.056,human brain,network_science_scope,supported
4e514969bdf8fe28825d7497eedd562f37ba866b,Joint Learning Neuronal Skeleton and Brain Circuit Topology with Permutation Invariant Encoders for Neuron Classification,2023,10.48550/arxiv.2312.14518,disease;human brain,direct_scope+resolution;network_science_scope;health+direct_nanoscale_scope,core_candidate
0e4f8be06b2fc8e09d84921b6f5db1603bbf7c67,Extracting Brain Disease-Related Connectome Subgraphs by Adaptive Dense Subgraph Discovery,2020,10.1111/biom.13537,disease;disorder;schizophren,network_science_scope,core_candidate
8e7ca796e89935fcd7029f2842d0fbf408664a19,BRAIN Initiative: Cutting-Edge Tools and Resources for the Community,2019,10.1523/jneurosci.1169-19.2019,disease,people_development_scope,peripheral
251a39598dd4797b142684998901c64a69baa550,Structure and function of complex brain networks,2013,10.31887/dcns.2013.15.3/osporns,clinical;disorder;human brain,network_science_scope;review_scope,core_candidate
bc40099e293a929a86393f50aae88ae7d20a0e22,Exploratory Correlation of The Human Structural Connectome with Non-MRI Variables in Alzheimer’s Disease,2023,10.1101/2023.06.30.547308,alzheimer;clinical;disease;neurodegener,direct_scope+resolution;network_science_scope;infrastructure_scope;health+direct_nanoscale_scope,supported
01f9aea41f62782a5ae4872142a8dc5dd7fdc218,NOVEL BEHAVIORAL INTERVENTIONS TARGETING COGNITIVE-MOTOR NEUROPLASTICITY IN OLDER ADULTS,2022,10.1093/geroni/igac059.1550,clinical;disease,people_development_scope,peripheral
80388b4514e021396da556e0b1cbbe718a507344,Functional connectivity-based parcellation and connectome of cortical midline structures in the mouse: a perfusion autoradiography study,2014,10.3389/fninf.2014.00061,human brain,direct_scope+resolution;network_science_scope,peripheral
4fdb8089cdb2ee16d0f3015098e46c16f3dcc876,Timescales of spontaneous fMRI fluctuations relate to structural connectivity in the brain,2019,10.1101/655050,disease;human brain,network_science_scope,supported
0d14493e93556eca47d28932615b0fc5e164fc60,Modeling spatio-temporal patterns of holistic functional brain networks via multi-head guided attention graph neural networks (Multi-Head GAGNNs),2022,10.1016/j.media.2022.102518,autism,network_science_scope,peripheral
052931634527183f741abe7204419677400711ba,Quantitative skills in undergraduate neuroscience education in the age of big data.,2021,10.1016/j.neulet.2021.136074,human brain,people_development_scope,peripheral
5a1cdc851a32b0fc29f4adc6f48e953f035a3c3e,Dynamic coupling of whole-brain neuronal and neurotransmitter systems,2020,10.1073/pnas.1921475117,disorder;human brain,network_science_scope,peripheral
ec380523c0904f88a84c7ee770d899ef4599bde3,Weight matters: Higher BMI is associated with changes in the brain connectome in health and depression,2026,10.1016/j.nsa.2026.106984,clinical;disorder;patient,network_science_scope,supported
4409fd2d81d04ddf137b832aea6a9c6670737b81,Network-Aware Bilinear Tokenization for Brain Functional Connectivity Representation Learning,2026,10.48550/arxiv.2605.14048,patholog,network_science_scope,supported
6f1f89a5450529cd2a10719bdc9cef929a5df0bc,Single pulse electrical stimulation to probe functional and pathological connectivity in epilepsy,2016,10.1016/j.seizure.2016.11.003,clinical;epilep;human brain;patholog;patient,review_scope,supported
1bed37ccabfb63aee17b210931ba27886fc75867,Predicting MEG resting-state functional connectivity using microstructural information,2020,10.1101/2020.09.15.298307,human brain,network_science_scope,peripheral
4e9b5989d58f9fa2e5220c03276e9b6b0138a643,Functional magnetic resonance imaging research in China,2021,10.1111/cns.13725,disorder;human brain,review_scope,peripheral
4c89a0fabd2ca1aeff1a49998ee502e6f0170c14,Towards a universal taxonomy of macro-scale functional human brain networks,2019,10.1007/s10548-019-00744-6,human brain,network_science_scope;review_scope,supported
393988efba0a79055211a2a0218cae92e7483022,Statistical field theory of the transmission of nerve impulses,2020,10.1186/s12976-020-00132-9,alzheimer;disease;disorder;multiple sclerosis;neurodegener,network_science_scope,supported
0d8970da49a3ee84780e5f6f84d323368762931d,Rewiring the connectome: Evidence and effects,2018,10.1016/j.neubiorev.2018.03.001,disease,direct_scope+resolution;health+direct_nanoscale_scope;review_scope,core_candidate
4c9d232234bd3978d0eb716493237c4bb27864cd,APOE Genotype Effects on Intrinsic Brain Network Connectivity in Patients with Amnestic Mild Cognitive Impairment,2017,10.1038/s41598-017-00432-0,disease;patient,network_science_scope,peripheral
18e61bd84778c406d449d0d2fc0336e59411ebf8,Perspectives given by structural connectivity bridge the gap between structure and function,2020,10.1007/s00429-020-02080-z,human brain,direct_scope+resolution,supported
6633b7c5e97c4b53ae9ac690ee5d894fbde80073,Evidence for increased parallel information transmission in human brain networks compared to macaques and male mice,2023,10.1101/2022.05.09.491115,human brain,direct_scope+resolution;network_science_scope,supported
5407855bacf1b6297a1f6239f520a68489e94533,An Explainable Geometric-Weighted Graph Attention Network for Identifying Functional Networks Associated with Gait Impairment,2023,10.1007/978-3-031-43895-0_68,clinical;disease;parkinson,network_science_scope,peripheral
8ea19e1ec5a2c6d21ecab24956c5dbfaa3943db3,Neuron-specific signatures in the chromosomal connectome associated with schizophrenia risk,2018,10.1126/science.aat4311,disease;schizophren,direct_scope+resolution,supported
92eb0d7bdb5abc8079e19acdb06b65a3217b7c8d,Nano-Resolution Connectomics Using Large-Volume Electron Microscopy,2016,10.9729/am.2016.46.4.171,human brain,direct_scope+resolution,supported
488c7da32c92c1e278ad9880474bdd1d8ff2647f,The Human Brain Connectome Weighted by the Myelin Content and Total Intra-Axonal Cross-Sectional Area of White Matter Tracts,2023,10.1101/2023.03.01.530710,human brain,network_science_scope,peripheral
f02ac8a623677e6a8bea0683829cb861fae4546f,Macroscopic Structural and Connectome Mapping of the Mouse Brain Using Diffusion Magnetic Resonance Imaging,2021,10.21769/bioprotoc.4221,clinical;disorder,network_science_scope,supported
9e4fba2a11716773e81842025e1ed9929038b070,Association of aerobic glycolysis with the structural connectome reveals a benefit–risk balancing mechanism in the human brain,2020,10.1073/pnas.2013232118,human brain;patholog,network_science_scope,supported
70fbf3926797023315ac9d63d37d2363de530247,Developmental changes in functional brain networks from birth through adolescence,2018,10.1002/hbm.24457,disorder;human brain,network_science_scope,supported
fbda9470f9777d5e19b7b454f94a415c2999e7c2,Exercise training reinstates cortico-cortical sensorimotor functional connectivity following striatal lesioning: development and application of a subregional-level analytic toolbox for perfusion autoradiographs of the rat brain,2014,10.3389/fphy.2014.00072,parkinson,network_science_scope,supported
62fa5fac3bebaef609ce7eb2a55dedb2bfb1af54,Clinical applications of the functional connectome,2013,10.1016/j.neuroimage.2013.04.083,clinical;disease,review_scope,supported
999399b161c1818011d998202270a2174b68ba9c,Uncovering the biological basis of control energy: Structural and metabolic correlates of energy inefficiency in temporal lobe epilepsy,2022,10.1126/sciadv.abn2293,epilep;patient,network_science_scope,supported
e7f4650ff327a3335c8c25470a8b2016116cb35f,Phase synchronization and intermittent behavior in healthy and Alzheimer-affected human-brain-based neural network.,2019,10.1103/physreve.99.022402,alzheimer,network_science_scope,supported
efb234b1bfbb1c1c40f1c7dfbda0be4f92ed04d6,"Transdiagnostic Dysfunctions in Brain Modules Across Patients with Schizophrenia, Bipolar Disorder, and Major Depressive Disorder: A Connectome-Based Study.",2019,10.1093/schbul/sbz111,clinical;disorder;patient;schizophren,network_science_scope,supported
72873f1a9faedf9f8825b30298d62d42ae2b0e64,Cognitive synaptopathy: synaptic and dendritic spine dysfunction in age-related cognitive disorders,2024,10.3389/fnagi.2024.1476909,clinical;disease;disorder;neurodegener;patholog;synaptopath,direct_scope+resolution;health+direct_nanoscale_scope;review_scope,supported
4ec315fdb57c182767de10a05ecefb4ab30e5120,Bridging the microstructural gap in human connectomics using hierarchical phase-contrast tomography as a reference for diffusion MRI in the human brain,2026,10.64898/2026.04.02.715729,human brain,network_science_scope,peripheral
9a01b06509f7d071dd93b449c59469ee663d4cb2,Alterations in Brain Network Topology and Structural-Functional Connectome Coupling Relate to Cognitive Impairment,2018,10.3389/fnagi.2018.00404,disease;neurodegener,network_science_scope,peripheral
135b1662e96bc766bfa4402c9f70f66394b29bfd,Integrative omics of schizophrenia: from genetic determinants to clinical classification and risk prediction,2021,10.1038/s41380-021-01201-2,clinical;disorder;schizophren,review_scope,supported
d8f61fcc211b2898332b7ea1120a6b27f3c1a933,Graph theory approach for the structural-functional brain connectome of depression.,2021,10.1016/j.pnpbp.2021.110401,clinical;disorder,network_science_scope;review_scope,supported
6ef9683d2e51394e1256c2eef44c5421934993aa,Connectomics: a new paradigm for understanding brain disease.,2015,10.1016/j.euroneuro.2014.02.011,disease,review_scope,supported
07380d0e41d43fa620617b199f5fd6fcf0838c1c,A Variational Bayesian Approach to Network Modularity Applied to the Structural Connectome of the Human Brain,2012,,human brain,network_science_scope,peripheral
57c1d13c0457494563a860f3b9e1c74a3dd56951,Neuroimaging biomarkers to associate obesity and negative emotions,2017,10.1038/s41598-017-08272-8,clinical,infrastructure_scope,peripheral
3cd5cd9da2ac486f31933b524c8b5ca48ad532e5,Polygenic risk score for schizophrenia and structural brain connectivity in older age: A longitudinal connectome and tractography study,2018,10.1016/j.neuroimage.2018.08.075,human brain;schizophren,network_science_scope,supported
0891f3ab7c26ea2ebc31a813fdadd0c378fd9677,"APOE, Immune Factors, Sex, and Diet Interact to Shape Brain Networks in Mouse Models of Aging",2024,10.1101/2023.10.04.560954,alzheimer;clinical;disease;patholog,network_science_scope,supported
9caefb2121e1234e59088f327a7c370114054631,Gotta Match 'Em All: Solution Diversification in Graph Matching Matched Filters,2023,10.1109/tsipn.2024.3467921,human brain,network_science_scope,peripheral
ff6ada2656bf9650a1b1b811cea3bc8cb9087c6e,Aberrant Whole-Brain Transitions and Dynamics of Spontaneous Network Microstates in Mild Traumatic Brain Injury,2020,10.3389/fncom.2019.00090,patient;traumatic brain injury,network_science_scope,supported
57573dac0d96529483927f76eb1b4794b6f4c948,New rabies viral resources for multi-scale neural circuit mapping,2024,10.1038/s41380-024-02451-6,alzheimer;disease,direct_scope+resolution;health+direct_nanoscale_scope,peripheral
59e7eb722c012c5585525bf2dc43bea7f0a11dae,Computational synthesis of cortical dendritic morphologies,2020,10.1101/2020.04.15.040410,disease,network_science_scope,core_candidate
f6fa517d68a86357127af52ec458b808c7055a70,Topology-Aware Generative Adversarial Network for Joint Prediction of Multiple Brain Graphs from a Single Brain Graph,2020,10.1007/978-3-030-59728-3_54,disorder,network_science_scope,peripheral
929b90566fc874ee56cd57b3a26dd66e3ca67648,Abstract A124: Simulating Disruption of Large-Scale Functional Networks in Post-Stroke Aphasia Using Personalized Lesion-Based Neural Mass Modeling,2026,10.1161/str.57.suppl_1.a124,patient,network_science_scope,supported
acd955f554d8854b77fc1195890f01fb834b2abf,The error of Broca: From the traditional localizationist concept to a connectomal anatomy of human brain.,2017,10.1016/j.jchemneu.2017.04.003,human brain,review_scope,supported
501d250699e581e943b15c3179eb97be7a95f320,Cross-modal cell nucleus point clouds non-rigid registration for multiscale brain structure analysis,2025,10.1093/bib/bbaf631.029,disease,direct_scope+resolution,supported
2663266649b9439750377ad45d1f016747e10913,Brain Connectivity Network Structure Learning For Brain Disorder Diagnosis,2025,10.48550/arxiv.2509.16735,disorder,network_science_scope,peripheral
a8cd0e28e16dcf55173e46263016b75eddfa63c6,The NonHuman Primate Neuroimaging & Neuroanatomy Project,2020,,human brain,network_science_scope,supported
9fc333f214554596a38bbcb58e29e994a540d446,Directed Human Structural Connectome Reveals Hierarchical Organization and Shapes Large-Scale Brain Dynamics,2026,10.64898/2026.06.16.732559,human brain,network_science_scope,supported
ced0bc8d3c71c2bf8cffbe4f52403a11ee842353,Functional Connectivity of the Anterior Nucleus of the Thalamus in Pediatric Focal Epilepsy,2021,10.3389/fneur.2021.670881,disease;epilep;patient,network_science_scope,peripheral
b737ee68bb1ea26284bc9d717a3f3c9e864c9191,Accurate predictions of individual differences in task-evoked brain activity from resting-state fMRI using a sparse ensemble learner,2021,10.1016/j.neuroimage.2022.119418,clinical,people_development_scope,peripheral
bc83a0529ac820e424e150d650754a17ca0f8f67,Cortical Network Disruption Is Minimal in Early Stages of Psychosis,2023,10.1093/schizbullopen/sgae010,disease;patient;schizophren,network_science_scope,supported
1e6bfc7e54b6c8ce6c8ea72a970fe8312c4bbc39,Brain fingerprint changes across the menstrual cycle correlate with emotional state,2023,10.1101/2023.05.21.23290292,clinical;disease,network_science_scope,peripheral
a0b03a2f8f0542fa0fca7d502973742ae0ffa106,Fully automated estimation of fMRI-guided SPECT brain networks and their functional network connectivity in schizophrenia patients versus controls: A NeuroMark ICA approach,2025,10.52294/001c.138726,clinical;patient;schizophren,network_science_scope,supported
52f903ed166ffc31395174820cfa756e48e3f1e7,Residual Embedding Similarity-Based Network Selection for Predicting Brain Network Evolution Trajectory from a Single Observation,2020,10.1007/978-3-030-59354-4_2,disorder,network_science_scope;people_development_scope,peripheral
5a7cd811f9ad75390186d24c990d6328d4830163,Development of Brain Structural Connectivity between Ages 12 and 30: A 4-Tesla Diffusion Imaging Study in 439 Adolescents and Adults,2012,10.1016/j.neuroimage.2012.09.004,disorder;human brain,network_science_scope,supported
6fc37d29c1ff048592b93eed28077d9af46976bd,Understanding the Relationship Between Human Brain Structure and Function by Predicting the Structural Connectivity From Functional Connectivity,2020,10.1109/access.2020.3039837,human brain,network_science_scope,supported
663bc8170df31a36d1fe026f992c685d910fa97c,Structural network alterations in focal and generalized epilepsy assessed in a worldwide ENIGMA study follow axes of epilepsy risk gene expression,2022,10.1038/s41467-022-31730-5,disorder;epilep;patient,network_science_scope,peripheral
000123fcf516303018d35f4d7c275914b0951878,Comparison of multiple tractography methods for reconstruction of the retinogeniculate visual pathway using diffusion MRI,2020,10.1002/hbm.25472,clinical,network_science_scope,peripheral
e82e2396386ced12f4aa13fb004c5cb3688aa22d,New ways of understanding brain neurocircuitry,2018,10.31887/dcns.2018.20.2/fthibaut,clinical,network_science_scope,supported
e282d912198a6c7c87f815aa58ba31448c0b7bfe,Connectomic Networks and Their Impact on Clinical Outcomes in Glioma Treatment: A Review,2023,10.1055/s-0043-1771214,clinical;human brain;patient,review_scope,peripheral
d720e0d241027ac6e11948aedf738bece9746dfc,Advanced Immunolabeling Method for Optical Volumetric Imaging Reveals Dystrophic Neurites of Dopaminergic Neurons in Alzheimer’s Disease Mouse Brain,2023,10.1007/s12035-023-03823-9,alzheimer;disease;disorder;neurodegener;patholog,direct_scope+resolution;health+direct_nanoscale_scope,supported
9d812f5b1291ae871e0009b20f481e878fb29d65,Gotta Trace ‘em All: A Mini-Review on Tools and Procedures for Segmenting Single Neurons Toward Deciphering the Structural Connectome,2019,10.3389/fbioe.2019.00202,disease,review_scope,supported
c694ef8411ce73fe0af39a009e499c33c608ecbd,Determinants of seeding and spreading of α-synuclein pathology in the brain,2020,10.1126/sciadv.abc2487,disease;neurodegener;parkinson;patholog;patient,direct_scope+resolution;health+direct_nanoscale_scope,supported
49ba01c999742393ccf8d5529cfbae7ebd70537b,Connectomic assessment of injury burden and longitudinal structural network alterations in moderate‐to‐severe traumatic brain injury,2021,10.1002/hbm.25894,disease;patient;traumatic brain injury,network_science_scope,peripheral
a6112f5a5b4b81e3c059b8548c01aa634cfc9b81,Dynamic Functional Connectivity Better Predicts Disability Than Structural and Static Functional Connectivity in People With Multiple Sclerosis,2021,10.3389/fnins.2021.763966,clinical;multiple sclerosis;patholog;patient,network_science_scope,peripheral
78afdc18bbc62bfe7078f6408ab635391e9375c0,Nonlinear latent representations of high-dimensional task-fMRI data: Unveiling cognitive and behavioral insights in heterogeneous spatial maps,2024,10.1371/journal.pone.0308329,clinical;disorder,network_science_scope,peripheral
b2c145fda59f97ed58186d1f472b8b2e995e8d84,Hierarchical graph learning with convolutional network for brain disease prediction,2023,10.1007/s11042-023-17187-8,disease;disorder,network_science_scope,supported
51e4b8c22b602fd76b276c7ff9c3e926edccce63,Sequence Alterations of Cortical Genes Linked to Individual Connectivity of the Human Brain.,2018,10.1093/cercor/bhy262,human brain,direct_scope+resolution;network_science_scope,supported
756bd8b609f9754fee6ae9e9056f5face4386726,BRAPH: A graph theory software for the analysis of brain connectivity,2017,10.1371/journal.pone.0178798,alzheimer;disease;human brain;parkinson;patient,network_science_scope,supported
ba5d384544cebec1650e19c3aef010bf2d4801a8,Structural and functional brain connectome architecture in Alzheimer’s disease and amnesic mild cognitive impairment patients (P4.091),2017,10.1212/wnl.88.16_supplement.p4.091,alzheimer;disease;patient,network_science_scope;people_development_scope,peripheral
792cc57ef24501b7a7344af20ef088c2d67464f1,Mediation Analysis for High-Dimensional Mediators and Outcomes with an Application to Multimodal Imaging Data,2023,10.1016/j.csda.2023.107765,clinical,network_science_scope,peripheral
1c1bcf1d30a058f843ff0c99dd5274548006e33f,Embracing the suboptimal organization of the human brain.,2026,10.1016/j.tics.2026.04.008,clinical;human brain;patholog,review_scope,supported
be60fe9c1c2a9d7b43eaa24af301559bd76ccf3c,An exploratory computational analysis in mice brain networks of widespread epileptic seizure onset locations along with potential strategies for effective intervention and propagation control,2023,10.3389/fncom.2024.1360009,epilep,network_science_scope,supported
c9907e90523f17d09640506bc70e392c2729f15c,Estimated connectivity networks outperform observed connectivity networks when classifying people with multiple sclerosis into disability groups,2021,10.1016/j.nicl.2021.102827,clinical;disease;multiple sclerosis;neurodegener;patient,network_science_scope,supported
d03b2cf496a30b440a5251901acb7eab0770e101,Mapping of Neuronal and Glial Primary Cilia Contactome and Connectome in the Human Cerebral Cortex,2023,10.1016/j.neuron.2023.09.032,disorder,direct_scope+resolution,supported
f3974c71793d873f7f0d525a51ec4145d4baf978,Schizophrenia-like topological changes in the structural connectome of individuals with sub-clinical psychotic experiences,2015,10.1002/hbm.22796,clinical;disease;disorder;human brain;schizophren,network_science_scope,peripheral
4b844f70aef8c4300f663c41abab0a32f60b0d12,Longitudinal development of the human white matter structural connectome and its association with brain transcriptomic and cellular architecture,2023,10.1038/s42003-023-05647-8,human brain,direct_scope+resolution,peripheral
fa176b6c25caabdcd33f70e239331a390b9db378,Discriminative analysis of schizophrenia patients using graph convolutional networks: A combined multimodal MRI and connectomics analysis,2023,10.3389/fnins.2023.1140801,human brain;patient;schizophren,network_science_scope,supported
6b06fabb477f7afad9aee8451e9bacd944f0e824,How structure sculpts function: Unveiling the contribution of anatomical connectivity to the brain's spontaneous correlation structure.,2016,10.1063/1.4980099,human brain,network_science_scope,core_candidate
eed567566cf01fc324c1a1c0dd31c0fa986c0398,Perfusion quality does not necessarily predict ultrastructural preservation after hyperosmotic brain perfusion,2026,10.64898/2026.07.27.741074,human brain,direct_scope+resolution,supported
f76257279a708e946427149262fb539c32b5e872,Global Network Organization of the Fetal Functional Connectome.,2021,10.1093/cercor/bhaa410,clinical;disorder,network_science_scope,supported
a989a01cf14efb036c98eb05cbb5bba9d488e646,Multi-modal Dynamic Graph Network: Coupling Structural and Functional Connectome for Disease Diagnosis and Classification,2022,10.1109/bibm55620.2022.9995642,disease;parkinson;schizophren,network_science_scope,peripheral
d972b281afafd0ba1fa3ebef01134a4838ab73b1,Neuroanatomical pathways of TMS therapy for depression,2025,10.1101/2025.02.10.25322034,patient,direct_scope+resolution;health+direct_nanoscale_scope,peripheral
66d05ef0417efe41b58ce03684e6641d40798a51,Human Intelligence and the Connectome are Driven by Structural Brain Network Control,2023,10.1101/2023.08.02.551642,human brain,network_science_scope,peripheral
34d1ce42ae56186723d1de1199f25c9724e36b6c,The beginning of connectomics: a commentary on White et al. (1986) ‘The structure of the nervous system of the nematode Caenorhabditis elegans’,2015,10.1098/rstb.2014.0309,human brain,direct_scope+resolution;review_scope,supported
655c947f32f984bdfd1335892e07de2fba086239,Altered resting state functional brain network topology in chemotherapy-treated breast cancer survivors,2012,10.1016/j.nbd.2012.07.009,disease,network_science_scope,peripheral
9b033a3f147a7e3194ceea0c78611cafc4451d7a,The Human Connectome Project and Beyond: Initial Applications of 300 mT/m Gradients,2013,10.1016/j.neuroimage.2013.05.074,disease;human brain;patholog,network_science_scope,peripheral
3f08786f01017fd0c38332d921cd54e197b7f684,A Personalized Longitudinal Strategy in Low-Grade Glioma Patients: Predicting Oncological and Neural Interindividual Variability and Its Changes over Years to Think One Step Ahead,2022,10.3390/jpm12101621,clinical;disease;epilep;patient,people_development_scope;review_scope,peripheral
35fdd02dc728c4b8e6e1583765ea7bcacfffa427,O6.3. PATTERNS OF GRAY MATTER ABNORMALITIES IN PATIENTS WITH FIRST-EPISODE AND TREATMENT-NAïVE SCHIZOPHRENIA,2018,10.1093/schbul/sby015.224,clinical;patient;schizophren,network_science_scope,peripheral
628173b527bd7f78e7d884c5a65629efa840fa89,Chimera States and Seizures in a Mouse Neuronal Model,2019,10.1142/s0218127420502569,epilep,network_science_scope,supported
26a89eb81eaf863e606fde4773ce991fff5061f2,Dwelling quietly in the rich club: brain network determinants of slow cortical fluctuations,2015,10.1098/rstb.2014.0165,disorder,network_science_scope,core_candidate
23f5eb9d4cdcc24fc9cbbe3249eaab2c50bdbc91,Resting State Functional Connectivity in the Human Connectome Project: Current Status and Relevance to Understanding Psychopathology,2017,10.1097/hrp.0000000000000166,disorder;patholog,review_scope,supported
704e504eb2fbfec0b91b266dee48b9b7f564bcb6,Parsing heterogeneity in mood disorders: The challenges of modeling stable mood disorder-related functional connectomes,2022,10.1016/j.bpsc.2021.10.009,clinical;disorder,network_science_scope,peripheral
e65499def7071154fd983f2458032bcb438bf87b,Connectomics: A pharmacologic viewpoint,2018,10.4103/ijp.ijp_2_19,disorder,direct_scope+resolution,supported
29af867d5f5b42c19ed690a1372136643a22ff32,"The human posterior cingulate, retrosplenial, and medial parietal cortex effective connectome, and implications for memory and navigation",2022,10.1002/hbm.26089,human brain,network_science_scope,peripheral
ae665968d6dbd447b8106c45cdb8230071c3ea34,Connectomics and epilepsy,2013,10.1097/wco.0b013e32835ee5b8,disease;epilep,network_science_scope;review_scope,supported
8f8ac33e51dfbaa58530026c2930b96d1ce12ea3,A thalamo-cortico-thalamic neural mass model to study alpha rhythms in Alzheimer's disease,2011,10.1016/j.neunet.2011.02.009,alzheimer;disease;patient,direct_scope+resolution;health+direct_nanoscale_scope,supported
057807b2f9ce905c629c8d068781ee0cd4ad3efc,Registering Cortical Surfaces Based on Whole-Brain Structural Connectivity and Continuous Connectivity Analysis,2014,10.1007/978-3-319-10443-0_21,alzheimer;patient,network_science_scope,peripheral
4689b28740da7e07f3ad801177e2167b57acd2e0,Modeling Communication Processes in the Human Connectome through Cooperative Learning,2018,10.1109/tnse.2018.2878487,human brain,network_science_scope,peripheral
3a122386af45af44cbf0738478c0f05f1cd13c3b,Abstract 70: Rich-Club Behaviour and Analyses in the Human Brain Connectome as Novel Early Biomarkers of Cognitive Decline,2024,10.1161/str.55.suppl_1.70,disease;human brain;patient,network_science_scope,peripheral
270706ff691e15c876a4b9ef11dd48dfee7a0cfc,Brain network topology early after stroke relates to recovery,2022,10.1093/braincomms/fcac049,clinical;patient,network_science_scope,supported
b66f9a5822e0a05c2cf5bd749eb02da62cf4f542,Molecular architecture of language‐related cortical areas revealed by integrative proteomic and connectome analyses,2025,10.1002/ctm2.70449,clinical;patient,direct_scope+resolution;health+direct_nanoscale_scope,supported
193312c126d24fb79a7e7b9cb8c03b3e9840e669,Characterizing multiscale modular structures in medication‐free obsessive–compulsive disorder patients with no comorbidity,2022,10.1002/hbm.25794,clinical;disorder;human brain;patient,network_science_scope,peripheral
ec4c478e8a5772a6cec56ea52921d4606cca6d61,White Matter Connectome in Patients with Genetic Dystonia (I7.008),2016,10.1212/wnl.86.16_supplement.i7.008,clinical;disorder;patient,people_development_scope,peripheral
047d4f362189bd0ba19f09f062179590cdd15a81,Contrastive Brain Network Learning via Hierarchical Signed Graph Pooling Model,2022,10.1109/tnnls.2022.3220220,clinical;disease;neurodegener,network_science_scope,supported
4bb51a30fd3e277c5b6cc022ac35e6b85dce8641,Metabolism-weighted brain connectome reveals synaptic integration and vulnerability to neurodegeneration,2026,10.1073/pnas.2531706123,alzheimer;disease;neurodegener;patholog,direct_scope+resolution;network_science_scope,supported
a7dcf9219fc73618833a31bd015fa6e2bf353a6f,Reduced clinical connectome fingerprinting in multiple sclerosis predicts fatigue severity,2023,10.1016/j.nicl.2023.103464,clinical;multiple sclerosis,network_science_scope,peripheral
e5818e0360835a2f93e5f64f9559a3b116898a33,Dynamicity of brain network organization and their community architecture as characterizing features for classification of common mental disorders from the whole-brain connectome,2023,10.1101/2023.07.14.23292699,disorder;patient;schizophren,network_science_scope,supported
4b2738c8ee1ccd792dec0d1d4df0b72785ceaa5a,Determining factors of neuroplasticity in patients with brain tumors: impact of connectome and artificial intelligence. A narrative review,2025,10.1080/14737140.2025.2583399,clinical;patient,review_scope,supported
382cf456bc36272097a8f83f5b9cdeee1dd13527,Structural networking of the developing brain: from maturation to neurosurgical implications,2023,10.3389/fnana.2023.1242757,disease;epilep,review_scope,core_candidate
318c8067a5c0773f60d1d5a1813e7245df1b7964,BrainNetMLP: An Efficient and Effective Baseline for Functional Brain Network Classification,2025,10.48550/arxiv.2505.11538,autism;disorder,network_science_scope,supported
6b1d293c3b6f823c497b7513350cd853434a0237,An automated images-to-graphs framework for high resolution connectomics,2014,10.3389/fninf.2015.00020,patholog,direct_scope+resolution,core_candidate
d124c26800a958eac610c3ee47b4186f0c5fa8b1,Insulin-like Growth Factor 1 for Healthy Spines and Healthy Minds?,2016,10.1016/j.biopsych.2016.06.002,disease;disorder;schizophren,direct_scope+resolution;health+direct_nanoscale_scope,peripheral
01a3a0727a03daa5dff1e5d393f8d0d1122e6d4e,Age-dependent white matter microstructural disintegrity in autism spectrum disorder,2022,10.3389/fnins.2022.957018,autism;disorder;patient,infrastructure_scope,supported
745e37345472bce18c8519b392a5e36cc7e7448d,Aberrant Functional Connectome in Neurologically Asymptomatic Patients with End-Stage Renal Disease,2015,10.1371/journal.pone.0121085,disease;patholog;patient,network_science_scope,peripheral
c6b745c7ecc3fc89d0df71727e1a0f456be7187a,Brain graphs: graphical models of the human brain connectome.,2011,10.1146/annurev-clinpsy-040510-143934,clinical;human brain,network_science_scope;review_scope,core_candidate
6b084f4dcee83d3ac6bcec3c9fadba4714fc87c6,"Functional Connectome Architecture of Alzheimer’s Disease, Mild Cognitive Impairment and Behavioral Variant of Frontotemporal Dementia: A Graph Analysis Study (P4.028)",2016,10.1212/wnl.86.16_supplement.p4.028,alzheimer;disease;neurodegener;patient,network_science_scope;people_development_scope,peripheral
342552a46b756ff7a84ddca43dae328363e49caa,Lesion to Hippocampus changes resting state functional connectivity in rat brain reflecting structural damage,2014,10.3389/conf.fnhum.2014.214.00050,epilep;patholog,direct_scope+resolution;health+direct_nanoscale_scope,peripheral
c9c47f451da5b359688a76c2317d090fd8df72da,The effect of IDH1 mutation on the structural connectome in malignant astrocytoma,2016,10.1007/s11060-016-2328-1,patient,network_science_scope,peripheral
6bbe425cc4095dea322b476eb0de0ebd0a882e3e,Multi-Scale Spatial-Temporal Attention Networks for Functional Connectome Classification,2024,10.1109/tmi.2024.3448214,disorder;patholog,network_science_scope,supported
0b528e5358aaf51e1f01418e08deba3ececc004a,The cortico-rubral and cerebello-rubral pathways are topographically organized within the human red nucleus,2019,10.1038/s41598-019-48164-7,patholog,network_science_scope,peripheral
af4bfa0596cdbd6d84a57f4e93af7caca112478d,A Multivariate Method for Estimating and comparing whole brain functional connectomes from fMRI and PET data,2023,10.1109/embc40787.2023.10340631,clinical,network_science_scope,peripheral
6bea6d9c8690cda83d85af7e3993ba869955967f,Gene Gradients Reveal Directed Structural Connectivity Across Species,2026,10.64898/2026.05.05.723068,disease,network_science_scope,core_candidate
436850542dd827cc2fdb0ac61b1c239627582676,Generating brain-wide connectome using synthetic axonal morphologies,2024,10.1038/s41467-025-62030-3,patholog,direct_scope+resolution,core_candidate
3eefcdbcaeda3839606654c1d49136aa909aa1f2,"The functional connectivity of the human claustrum, according to the Human Connectome Project database",2019,10.1101/705350,disease;multiple sclerosis;parkinson,infrastructure_scope,supported
3703d35bf011e38c3eb639a3aa7623a603bc551e,Predictive connectome subnetwork extraction with anatomical and connectivity priors,2019,10.1016/j.compmedimag.2018.08.009,autism;clinical;disease,infrastructure_scope;people_development_scope,supported
9abd78df9ffdeb9b3143aec3f50504121b7d7bf9,Chronic Mild Traumatic Brain Injury: Aberrant Static and Dynamic Connectomic Features Identified Through Machine Learning Model Fusion,2022,10.1007/s12021-022-09615-1,clinical;patholog;traumatic brain injury,network_science_scope,peripheral
3f4f022f9539f217969c4ca98f50e30e327149d6,Cross Atlas Remapping via Optimal Transport (CAROT): Creating connectomes for any atlas when raw data is not available,2022,10.1101/2022.07.19.500642,patient,infrastructure_scope,peripheral
433af901078e361a1e28c61e9eefe44a2e40e0e4,Multimodal Connectomics in Psychiatry: Bridging Scales From Micro to Macro.,2018,10.1016/j.bpsc.2018.03.017,alzheimer;disease;disorder;human brain;schizophren,review_scope,peripheral
3aeeb4d31b0dcf15d70236038e35e615b55f22b1,Trajectories of human brain functional connectome maturation across the birth transition,2024,10.1371/journal.pbio.3002909,clinical;human brain,network_science_scope,supported
b43375eeed27d10b33cf2873fb58ccc8d5c13a12,Damage to the left uncinate fasciculus is associated with heightened schizotypal traits: A multimodal lesion-mapping study.,2018,10.1016/j.schres.2018.02.027,clinical;patient;schizophren,network_science_scope,peripheral
13c93fbfefba26b052167f11c94e1039320962d5,In-vivo single neuron axotomy triggers axon regeneration to restore synaptic density in specific cortical circuits,2013,10.1038/ncomms3038,clinical,direct_scope+resolution,peripheral
59295abecd8f08164cf3c1213f0ed2ab9cd8803d,Reorganization of Anatomical Connectome following Electroconvulsive Therapy in Major Depressive Disorder,2015,10.1155/2015/271674,disorder;patient,network_science_scope,peripheral
6d5204ac39be9bd4ab75363fdb0c3d17c0248457,"Whole-Brain Propagation Delays in Multiple Sclerosis, a Combined Tractography-Magnetoencephalography Study",2022,10.1523/jneurosci.0938-22.2022,disease;multiple sclerosis;patient,network_science_scope,supported
3a8ffd754490f544270e4133692e28f27774f326,Thalamostriatal disconnection underpins long-term seizure freedom in frontal lobe epilepsy surgery,2023,10.1093/brain/awad085,epilep;patient,direct_scope+resolution;network_science_scope;health+direct_nanoscale_scope;review_scope,supported
dfe535b6db758d3fed6c123fb260fa1306c0128f,Relative Strength Variability Measures for Brain Structural Connectomes and Their Relationship With Cognitive Functioning,2025,10.1002/hbm.70314,human brain,network_science_scope,peripheral
ba8615d0f5930f502e8709ff5fc44031ff131502,Mapping the functional connectome in traumatic brain injury: What can graph metrics tell us?,2017,10.1016/j.neuroimage.2016.12.003,clinical;patholog;patient;traumatic brain injury,network_science_scope;people_development_scope;review_scope,supported
c19559a7db8d258c4d8f89aa9781ca66ce2cf2ee,Discovering and deciphering relationships across disparate data modalities,2016,10.7554/elife.41690,disease,network_science_scope,peripheral
2a5bf7a5270304e621b9b54b4ed2b40e01f4f030,Connectome-based biophysics models of Alzheimer’s disease diagnosis and prognosis,2022,10.1016/j.trsl.2022.08.008,alzheimer;clinical;disease;patholog;patient,review_scope,peripheral
aa0af55eb8dabf91ad8aafc77f5b5566cdef4ae0,A mesoscale connectome of the mouse brain,2014,10.1038/nature13186,disease,network_science_scope,core_candidate
6f77d7ad196bf678af5ee0b8b454ba722fc4bc3b,Brain atrophy in prodromal synucleinopathy is shaped by structural connectivity and gene expression,2021,10.1101/2021.12.27.21268442,disease;disorder;neurodegener;parkinson;patholog;patient,network_science_scope,peripheral
bbf80ab2614fa713f83eabf5ce284013780d6da7,Abnormalities of the Brain Functional Connectome in Pediatric Patients with Multiple Sclerosis (P3.336),2014,10.1212/wnl.82.10_supplement.p3.336,multiple sclerosis;patient,network_science_scope,peripheral
ea5fba77f0ae8be397cbd0b873c1bf85d5132cb3,Evaluating reproducibility and subject-specificity of microstructure-informed connectivity,2022,10.1016/j.neuroimage.2022.119356,disease,network_science_scope,peripheral
28ca79002f6b03824ec4c1537dfa9156aa138039,Determining the Hierarchical Architecture of the Human Brain Using Subject-Level Clustering of Functional Networks,2018,10.1038/s41598-019-55738-y,human brain,network_science_scope,supported
695ff6b6f023b3a6f2800ad1b0b9e408d1600020,Neural synchrony in the pain connectome predicts chronic pain severity and interactions with mental health outcomes: A transdiagnostic study using magnetoencephalography and multivariate modeling,2024,10.1101/2024.11.15.24317356,disorder;patholog,network_science_scope,supported
6a470f22365f6b6a9cd19b06b07b9dde6bb38c32,Basic Science and Pathogenesis.,2024,10.1002/alz.089911,alzheimer;clinical;disease;human brain,network_science_scope,peripheral
5ecf7a70260c52d940863c62e7131f103b8ca8df,Structural and functional connectomics of the olfactory system in Parkinson's disease: a systematic review.,2024,10.1016/j.parkreldis.2024.107230,clinical;disease;disorder;parkinson;patient,review_scope,peripheral
d812eadd7a5e744e954740921a84a87baae43b61,Prediction of post-stroke motor recovery benefits from measures of sub-acute widespread network damages,2023,10.1093/braincomms/fcad055,clinical;patient,network_science_scope,peripheral
76c276c32a8fd376256c5061e0b0d1f8cbbb44a0,Quantitative mapping of the brain’s structural connectivity using diffusion MRI tractography: A review,2021,10.1016/j.neuroimage.2021.118870,clinical;disease;disorder,network_science_scope;review_scope,core_candidate
0bf5c3eebcbdf117f62338a78f4396d251c6e1ca,The functional brain connectome of the child and autism spectrum disorders,2016,10.1111/apa.13484,autism;disorder,review_scope,peripheral
c52fd12c56a943ef7e282d2de1b02e529221429d,The brainstem connectome database,2022,10.1038/s41597-022-01219-3,disorder;multiple sclerosis,network_science_scope,core_candidate
2b00b9b60df41caedbb78337869c3fea79110586,Deep-Learning-Aided Three-Dimensional Direct Laser Writing of the Complete Connectome of Mushroom Body from an Insect Brain,2019,10.1109/cleoe-eqec.2019.8871466,human brain,direct_scope+resolution,peripheral
a8b3c47c140bb709569c41aa97c7ebe9e88fcd4b,Magnetoencephalographic and functional MRI connectomics in schizophrenia via intra- and inter-network connectivity,2016,10.1016/j.neuroimage.2016.10.011,disease;patient;schizophren,network_science_scope;people_development_scope,supported
9abbed6d6ff5a0fc81c4dbb71257b8c97aac275b,Brain-wide Anatomical Connectivity and Prediction of Longitudinal Outcomes in Antipsychotic-Naïve First Episode Psychosis.,2024,10.1016/j.biopsych.2024.07.016,clinical;patient,network_science_scope,supported
bf7ab72e9758353ee1d1e4f8ce564bea7918a3be,Improving Phenotype Prediction using Long-Range Spatio-Temporal Dynamics of Functional Connectivity,2021,10.1007/978-3-030-87586-2_15,disorder,network_science_scope,supported
02fbb0e3b1487697ac3f47174834c02eab1740d7,The Frontal Aslant Tract and Supplementary Motor Area Syndrome: Moving towards a Connectomic Initiation Axis,2021,10.3390/cancers13051116,patient,network_science_scope,peripheral
9f2f27f9828968236b34851d225006a1c4b091f4,Dynamic functional connectome configurations underlying working memory deficits in adolescents with early-onset schizophrenia.,2025,10.1016/j.pnpbp.2025.111303,clinical;schizophren,direct_scope+resolution;network_science_scope,supported
9ed8c8b0df23c6e00bbc8509adcfe02b0370a61f,"Connectomes for 40,000 UK Biobank participants: A multi-modal, multi-scale brain network resource",2023,10.1016/j.neuroimage.2023.120407,disease,network_science_scope;proofreading_qc_scope,supported
2c03904d00c66022f46a5455dac0a52dee16a91f,Conservative and disruptive modes of adolescent change in brain functional connectivity,2019,10.1101/604843,human brain,direct_scope+resolution;network_science_scope,peripheral
58b15936d0bd24af9a99e3b218f827faf2455990,Quantitative synapse analysis for cell-type specific connectomics,2018,10.1101/386912,disease,direct_scope+resolution;health+direct_nanoscale_scope,peripheral
f1fe8e717f9cea265efaa0b5d19345a9755adeca,Identification of Brain Networks Associated with Alzheimer’s Disease Risk,,10.58530/2023/3314,alzheimer;clinical;disease,network_science_scope,peripheral
30eb39e816e7daeaac1000e7355f2c471621b464,Sensitivity of quantitative diffusion MRI tractography and microstructure to anisotropic spatial sampling,2024,10.1016/j.mri.2025.110539,human brain,network_science_scope,peripheral
667535a6b02662494df8fa89b31dbb8a500ef08b,Large Connectome Model: An fMRI Foundation Model of Brain Connectomes Empowered by Brain-Environment Interaction in Multitask Learning Landscape,2025,10.48550/arxiv.2510.18910,alzheimer;autism;clinical;disease;parkinson;schizophren,network_science_scope,supported
f4795b0beaebb92d718ce03598f92bc254889839,Multiple coexisting pathways to synchronization shape seizure dynamics in a mesoscale mouse brain model,2026,10.64898/2026.06.08.730931,epilep;patholog,network_science_scope,supported
35215cbf6b9cea007d00843a7e089761de588e2e,Understanding Mechanistic Role of Structural and Functional Connectivity in Tau Propagation Through Multi-Layer Modeling,2025,10.48550/arxiv.2510.20148,alzheimer;disease;patholog,network_science_scope;people_development_scope,supported
945d41d3527e1efb001cb526e6f5798d9e9eac37,From descriptive connectome to mechanistic connectome: Generative modeling in functional magnetic resonance imaging analysis,2022,10.3389/fnhum.2022.940842,clinical;disease;disorder;human brain,review_scope,peripheral
31fa507de7a02385eea43e602649243adb9fa573,FOD Restoration for Enhanced Mapping of White Matter Lesion Connectivity,2017,10.1007/978-3-319-66182-7_67,multiple sclerosis;patient,network_science_scope,peripheral
cbc8cb282259daeae86baff0f5074b19046159ec,Multimodal Classification of Mild Traumatic Brain Injury Reveals Local Coupling Between Structural and Functional Connectomes,2021,10.1101/2021.12.14.21267815,traumatic brain injury,network_science_scope;people_development_scope,peripheral
33e50ea542f45671d25275b82410b66ff1f321bc,Loss of an extensive ciliary connectome induces proteostasis and cell fate switching in a severe motile ciliopathy,2024,10.1101/2024.03.20.585965,disease;patholog,direct_scope+resolution,supported
bf2ffc55c839085155bb9233025a89fde9650162,Macroconnectomic networks of the human brain,2019,10.1016/b978-0-12-813633-1.00004-9,human brain,people_development_scope,peripheral
ac5c3055f4a870b19844886c59e9ee7246f8a9c0,Communicability Characterization of Structural DWI Subcortical Networks in Alzheimer’s Disease,2019,10.3390/e21050475,alzheimer;disease;patient,network_science_scope,supported
4c91126ae1aa1a7ddf09637de84b5f69d3a9abe3,BRAPH 2.0: Software for the analysis of brain connectivity with graph theory,2020,10.1117/12.2570668,alzheimer;autism;disease;epilep;human brain;multiple sclerosis;parkinson;schizophren,network_science_scope,peripheral
b3cbd915572b312cf94687fe4069554e12938b94,The structural connectome in traumatic brain injury: A meta-analysis of graph metrics,2019,10.1016/j.neubiorev.2019.01.002,patient;traumatic brain injury,network_science_scope;review_scope,core_candidate
83dad6e2b8ca9cb140af7c600eaf54a2b6f7762a,Connectomics in psychiatric research: advances and applications,2015,10.2147/ndt.s63470,autism;disease;disorder;human brain;schizophren,review_scope,peripheral
c8be7af0a36abd28c160e46da4ec1580cd8a7dc5,Bilingualism and Structural Network Organization in Temporal Lobe Epilepsy,2023,10.1212/wnl.0000000000207087,clinical;disease;disorder;epilep,network_science_scope,peripheral
421a533de14dc445bab81e43c2caabdd75459c13,"Topographic, cognitive, and neurobiological profiling of the interdependent structural and functional connectome in the human brain",2024,10.1101/2024.01.21.576523,human brain,direct_scope+resolution;network_science_scope,peripheral
8d6a67a60009b2bbe0ecad970cb96da2e55e5d3e,Fiber Orientation and Compartment Parameter Estimation from Multi-Shell Diffusion Imaging,2015,10.1109/tmi.2015.2430850,clinical;disease;human brain,network_science_scope,peripheral
28ce643e89ffbb09affb004de6d77031fd9fb474,Brain/MINDS Beyond Human Brain MRI Project: A Protocol for Multi-Site Harmonization across Brain Disorders Throughout the Lifespan,2020,10.1101/2020.05.05.076273,clinical;disease;disorder;human brain;patient,network_science_scope;infrastructure_scope,supported
9be97a90855b2ce3d18d2258320cfcb87a1fdd41,Brain annotation toolbox: exploring the functional and genetic associations of neuroimaging results,2019,10.1093/bioinformatics/btz128,autism;disease;human brain;patient;schizophren,infrastructure_scope,supported
3efd79aef33f9800f433a92167c78070ee63e90c,Lesion distribution and network mapping in dyskinetic cerebral palsy,2024,10.1093/braincomms/fcaf228,disorder;patient,review_scope,supported
a983cb711769aa8d4bbb657f8bf925c2c2d447de,Volume-based structural connectome of epilepsy partialis continua in Rasmussen’s encephalitis,2024,10.1093/braincomms/fcae316,clinical;epilep;patient,network_science_scope,supported
0a805aac5428abf04a2eb9f993629e22fe22b583,The Forget-Me-Not dHCP study: 7 Tesla high resolution diffusion imaging in the unfixed post-mortem neonatal brain,2021,10.1101/2021.06.24.449666,human brain,network_science_scope,peripheral
35a8242860825b72882ac0095440ff28de915317,White adipose tissue distribution and amount are associated with increased white matter connectivity,2024,10.1002/hbm.26654,human brain,network_science_scope,peripheral
19aebec4a8fc6d162bf50bd39fd55bd6289e8dc5,The mouse cortico–basal ganglia–thalamic network,2021,10.1038/s41586-021-03993-3,disorder,direct_scope+resolution;network_science_scope,supported
a77c88a7339ed193e7e1f0c7239d85f4967183af,Glial syncytial control fields and the low-frequency resonome of the human brain,2026,10.3389/fnhum.2026.1896291,disorder;human brain;patholog,direct_scope+resolution,supported
d6f180a20d609e8d5eb443bac7573ffcdc4643be,A specialized spinal circuit for command amplification and directionality during escape behavior,2021,10.1073/pnas.2106785118,clinical,direct_scope+resolution,supported
10908d195a456910ec029b5ec28605da58b4c7ec,Enhancing Reliability Of Structural Brain Connectivity With Outlier Adjusted Tractogram Filtering,2021,10.1109/isbi48211.2021.9434020,clinical,network_science_scope,peripheral
3043d1f60814b7f9c3df4c6e4fd2b2c562045e6a,Key Connectomes and Synaptic‐Compartment‐Specific Risk Genes Drive Pathological α‐Synuclein Spreading,2025,10.1002/advs.202413052,disease;parkinson;patholog,direct_scope+resolution;health+direct_nanoscale_scope,peripheral
c2f21a6b917286c7e904e0f168b53bbaa2bda4ba,Application of Graph Theory for Identifying Connectivity Patterns in Human Brain Networks: A Systematic Review,2019,10.3389/fnins.2019.00585,disorder;human brain,network_science_scope;review_scope,core_candidate
bd6321576f8efa8f91af60edb1638493a1d43d8d,Small brains for big science.,2021,10.1016/j.conb.2021.09.007,human brain,review_scope,supported
081077a6a75a4aac6f2ae0729a0502f3c25408f9,A multisample study of longitudinal changes in brain network architecture in 4-13 year old children,2017,10.1002/hbm.23833,human brain,network_science_scope,peripheral
01d6269b35e9f3a58ea744fb26f125a1da5adc52,Decoding HIV-associated neurocognitive disorders: a new perspective from multimodal connectomics,2025,10.3389/fneur.2025.1467175,disease;disorder;neurodegener,direct_scope+resolution;network_science_scope;review_scope,supported
cad28c353848518b1bc474da668bbedf448b3bfd,Bridging Histology and Tractography: First In Vivo Visualization of Short‐Range Prefrontal Connections Informed by Primate Tract‐Tracing,2026,10.1002/hbm.70520,disease;human brain,network_science_scope,supported
623861d1a5364c7df96fc6b23c0337d6a185464b,Temporal lobe epilepsy,2019,10.1212/wnl.0000000000007447,disease;epilep;patholog;patient,network_science_scope,supported
8488e039b02113ed194293705bdb83fa916befbc,Brain chains as topological signatures for Alzheimer’s disease,2022,10.1007/s41468-024-00168-7,alzheimer;disease;neurodegener,direct_scope+resolution;network_science_scope;health+direct_nanoscale_scope,supported
e11d50af498be86216f24b91085bc67c287bd833,Brain Network Modularity Predicts Exercise-Related Executive Function Gains in Older Adults,2018,10.3389/fnagi.2017.00426,clinical;patient;traumatic brain injury,network_science_scope,supported
c3cd1596811f3ca1560fd4e1d7d3d716a7829bb7,HyperCOCO: Multi-sensory Hyper COgnitive COmputing for learning population level brain connectivity,2026,10.1016/j.media.2026.104156,clinical,network_science_scope,peripheral
bdb914f5af1353a5f5754d1cb0cf1e7eaae76ccc,Clozapine: Why Is It So Uniquely Effective in the Treatment of a Range of Neuropsychiatric Disorders?,2021,10.3390/biom11071030,disease;disorder;epilep;parkinson;schizophren,review_scope,supported
d4c507bd4c2fecb415265a555ded4d47abab4eaf,Deriving robust biomarkers from multi-site resting-state data: An Autism-based example,2016,10.1101/075853,autism;disorder;patholog,infrastructure_scope,supported
344d78db64361b4999ca412e9c6836854dd79c90,Exploring the functional connectome in white matter,2019,10.1002/hbm.24705,clinical;disease;human brain,network_science_scope,supported
574aecae8ba624cef39888d4b8a6641634a1a8ff,Probabilistic thresholding of functional connectomes: application to schizophrenia,2017,10.1101/233510,patient;schizophren,network_science_scope;people_development_scope,supported
8b8f280606d96d686f06dcdc0c5a0bfcf981abce,Altered Functional Brain Connectome in the Behavioral Variant of Frontotemporal Dementia (S54.004),2013,10.1212/wnl.80.7_supplement.s54.004,clinical;disease;human brain;neurodegener;patient,network_science_scope,peripheral
2d11bf38ddf74f126ece2394295fb94cc3a93d7d,Functional connectomics in depression: insights into therapies,2023,10.1016/j.tics.2023.05.006,clinical;disorder,review_scope,supported
6c1dc1e89f0d63240fa6b9d01d2d7bfa35d043ee,A structural brain network of genetic vulnerability to psychiatric illness,2020,10.1038/s41380-020-0723-7,disorder;schizophren,people_development_scope,peripheral
b88b75e740b9cedf7695ebc004bd136315342399,Predictive Model of Spread of Progressive Supranuclear Palsy Using Directional Network Diffusion,2017,10.3389/fneur.2017.00692,alzheimer;disease;disorder;human brain;neurodegener;parkinson;patholog,direct_scope+resolution;network_science_scope;health+direct_nanoscale_scope,core_candidate
203d7329be92494f795038f7c43a0442e8a76f3a,The Human Connectome: A Structural Description of the Human Brain,2005,10.1371/journal.pcbi.0010042,human brain,review_scope,supported
7a0f7ea6bba293f5681ee006802769dede3af4b5,Methods for analysis of brain connectivity: An IFCN-sponsored review.,2019,10.1016/j.clinph.2019.06.006,clinical;disorder;human brain,review_scope,peripheral
79aa20aa8cf9546b87e694078581e02d6637f86a,Reducing the Cognitive Footprint of Brain Tumor Surgery,2021,10.3389/fneur.2021.711646,patient,review_scope,peripheral
ab065c1723f7bf4eb0b7ececbb017cb966af6dd5,A method for building a genome-connectome bipartite graph model,2019,10.1016/j.jneumeth.2019.03.011,patholog;patient;schizophren,network_science_scope,peripheral
4da5d29224e3096f3ee5a6365aa43af858559662,On the Reliability of Connectome Harmonic Decompositions of Human Brain Structure and Function,,10.58530/2022/0688,human brain,network_science_scope,peripheral
a31903b47376e6a266dd61f8efa7cb8297f737c7,Multiscale neuro-inspired models for interpretation of EEG signals in patients with epilepsy.,2024,10.1016/j.clinph.2024.03.006,clinical;epilep;patient,direct_scope+resolution;network_science_scope;health+direct_nanoscale_scope,supported
05fdcd50f2cf162b43796c6eb16c5f8adaa362ca,Pro-cognitive drug effects modulate functional brain network organization,2012,10.3389/fnbeh.2012.00053,disorder;human brain;patient,network_science_scope,supported
824b67c96be6d7bd44edfe33191e42cdd776cef6,"Axonal energy metabolism, and the effects in aging and neurodegenerative diseases",2023,10.1186/s13024-023-00634-3,alzheimer;disease;disorder;neurodegener;parkinson;patholog;patient,direct_scope+resolution;health+direct_nanoscale_scope;review_scope,supported
2d07715679b58873b10fbf1d03f010756d335d7b,Atlas-free Brain Network Transformer,2025,10.48550/arxiv.2510.03306,clinical,network_science_scope,supported
38c26c65c785e619d102e88646c6b93549477cbb,MSARAE: Multiscale adversarial regularized autoencoders for cortical network classification,2025,10.1016/j.media.2025.103775,alzheimer;disease;disorder,network_science_scope,supported
4e270de212cb015bf6b086e7f2f26d335b2fdba1,Structural connectome analysis using a graph-based deep model for prediction of non-imaging variables,2025,10.3389/fnins.2026.1786355,clinical;disease,network_science_scope,supported
b1387ec4bad4b988c134a72c01dbbee831b9fcc1,Brain network characterization of high-risk preterm-born school-age children,2016,10.1016/j.nicl.2016.02.001,clinical,network_science_scope,supported
514c714aa251ea305b48311cdd7d77b89bb4c521,Hybrid High-order Functional Connectivity Networks Using Resting-state Functional MRI for Mild Cognitive Impairment Diagnosis,2017,10.1038/s41598-017-06509-0,disease;patholog,network_science_scope,peripheral
fe9bd86613cf77b6288a4db66106e3c2d4433c13,Structural connectomics in brain diseases,2013,10.1016/j.neuroimage.2013.04.056,disease,review_scope,supported
0637a855b7b065f4586f1f931fc8ee664418c992,An engine for systematic discovery of cause-effect relationships between brain structure and function,2025,10.1101/2025.04.05.647237,clinical;disorder,infrastructure_scope,peripheral
7d0209f31bc7a7055050f2a915f6b6a481c4584b,Connectome-Wide Analysis Reveals Common Dimensional Reward Deficits Across Mood and Psychotic Disorders,2017,10.1176/appi.ajp.2016.16070774,clinical;disorder;patholog;schizophren,network_science_scope,peripheral
13f63b96b593b48a30f9416ce4869dfe1d0fb772,Multimodal Magnetic Resonance Histology and Light Sheet Imaging for Quantitative Neurogenetics of the Mouse,2021,10.1101/2021.10.08.463660,clinical,network_science_scope,peripheral
6bafb736b5132062bc31b7e2ebe5e3e6071e9549,NOise reduction with DIstribution Corrected (NORDIC) PCA in dMRI with complex-valued parameter-free locally low-rank processing,2020,10.1016/j.neuroimage.2020.117539,clinical,network_science_scope,peripheral
7e200f7c2fc0786cbf770edc20e5522e683e7934,Applications of Resting-State fNIRS in the Developing Brain: A Review From the Connectome Perspective,2020,10.3389/fnins.2020.00476,human brain,review_scope,peripheral
cd77f5353b6d6d5a81e92e3a839b3acf4caaf66e,Connectome Smoothing via Low-rank Approximations,2016,10.1109/tmi.2018.2885968,human brain,network_science_scope,supported
bc2d18bc93600874ba95c9a5f20cbd512f52ba8a,Structural Disconnections Explain Brain Network Dysfunction after Stroke,2019,10.1101/562165,patient,network_science_scope,supported
541e6159b4d4ab9d89fa39594f88d6467bba56ee,Structural network maturation of the preterm human brain,2017,10.1016/j.neuroimage.2018.06.047,human brain,network_science_scope,peripheral
4c2e55d9ff51e942f381ab4388730ba3cb873cc7,Investigating the Predictive Reproducibility of Federated Graph Neural Networks Using Medical Datasets,2022,10.1007/978-3-031-16919-9_15,autism;clinical;disorder,network_science_scope;people_development_scope,peripheral
97f79cc57ae34d0b962ebeb1f69ce52b219b1cd8,MLC-GCN: Multi-Level Generated Connectome Based GCN for AD Analysis,2024,10.48550/arxiv.2408.03358,alzheimer;clinical;disease,network_science_scope,supported
28ff0ad04e97df8505ce612c5a8ad7b5798b6290,Beyond the brain: a computational MRI-derived neurophysiological framework for robotic conscious capacity,2025,10.1016/j.neubiorev.2025.106430,disorder,review_scope,peripheral
ef5e08490890aa8148ac7f9b9bd2433abdf953c3,Brain Connectomics and Severity of Internalizing Symptoms in Early Adolescence Predict Severity of Suicidal Ideation in Later Adolescence,2020,10.1101/2020.11.11.20230144,clinical,network_science_scope,peripheral
36fedb18f26607ec201ddc103da2f884a8c20bd4,Computational modelling of EEG and fMRI paradigms reveals a consistent loss of pyramidal cell synaptic gain in schizophrenia,2021,10.1101/2021.01.07.21249389,patholog;schizophren,direct_scope+resolution;network_science_scope;health+direct_nanoscale_scope,peripheral
5dbefc4f816c4acdbb5f2c3cf48d893b1f27f7c9,Multi-Regression based supervised sample selection for predicting baby connectome evolution trajectory from neonatal timepoint,2020,10.1016/j.media.2020.101853,disorder,people_development_scope,peripheral
31d13c4ac76ce4bd1a6e90f167a33264d04c0346,Delayed maturation of the structural brain connectome in neonates with congenital heart disease,2020,10.1093/braincomms/fcaa209,disease,network_science_scope,peripheral
800596430e85c5fb9f2ac55e6bd6cdf0ac568c34,Altered Cortical Morphological Brain Networks and Their Diagnostic Classification Utility in Major Depressive Disorder,2026,10.1002/hbm.70612,disorder;human brain;patient,network_science_scope,supported
6ecad99898ee34c129dbb314267262c0363c3766,DS-GCNs: Connectome Classification using Dynamic Spectral Graph Convolution Networks with Assistant Task Training.,2019,10.1093/cercor/bhaa292,alzheimer;disease;patient,network_science_scope;people_development_scope,supported
080492a994c8a654c635ecf52671b9c308f2e489,Multidimensional Connectomics and Treatment-Resistant Schizophrenia: Linking Phenotypic Circuits to Targeted Therapeutics,2018,10.3389/fpsyt.2018.00537,clinical;disease;patholog;patient;schizophren,direct_scope+resolution;review_scope,core_candidate
4ba5ae0169270f0e374f1b227379c67568d8f3a2,Early astrocytic atrophy in the entorhinal cortex of a triple transgenic animal model of Alzheimer's disease,2011,10.1042/an20110025,alzheimer;disease;patholog,direct_scope+resolution;health+direct_nanoscale_scope,supported
b35abcf99bab201cd743eb4488fdbcb1280c9280,Brain Network Measures for Groups of Nodes: Application to Normal Aging and Alzheimer's Disease,2020,10.1089/brain.2020.0747,alzheimer;disease,network_science_scope,supported
886a71e2d84a5f995aca61b542b7ad9b583ba7f4,Optimizing network neuroscience computation of individual differences in human spontaneous brain activity for test-retest reliability,2021,10.1162/netn_a_00315,clinical,network_science_scope,peripheral
ff4797ac7c75e7d02df5f913d24d6abeb5e7e34a,Creation of a novel trigeminal tractography atlas for automated trigeminal nerve identification,2020,10.1101/2020.01.15.904938,clinical,network_science_scope,peripheral
5509fd4b45b740c24dcc8291a7d8358aac5e7f47,A precision functional atlas of personalized network topography and probabilities,2024,10.1038/s41593-024-01596-5,human brain,network_science_scope,supported
3ba0fe87707a05ad3b94cf3727cae2e4142d0d79,Mapping human brain lesions and their functional consequences,2017,10.1016/j.neuroimage.2017.10.028,clinical;human brain,review_scope,peripheral
f8de4f20c4bdac347466a5a7695ce24752d538eb,A probabilistic map of motor and cognitive functions: a meta-analysis of 4325 stimulation sites,2025,10.1007/s00429-025-03015-2,clinical;patient,review_scope,supported
59e917dc02ad0895415d32b72915ee92d4e5d0b1,Computational Modeling of Electroencephalography and Functional Magnetic Resonance Imaging Paradigms Indicates a Consistent Loss of Pyramidal Cell Synaptic Gain in Schizophrenia,2021,10.1016/j.biopsych.2021.07.024,patholog;schizophren,direct_scope+resolution;network_science_scope;health+direct_nanoscale_scope,peripheral
e4494b5fcdb7289bc166bcd443bf9dbb89d9f71d,Gray matter abnormalities follow non-random patterns of co-alteration in autism: Meta-connectomic evidence,2021,10.1016/j.nicl.2021.102583,autism;clinical;disorder;patholog,network_science_scope,peripheral
2960e5f2caf685b6bebfbbc82a96da24a0dfda11,Fiber Tract Shape Measures Inform Prediction of Non-Imaging Phenotypes,2023,10.48550/arxiv.2303.09124,human brain,network_science_scope,peripheral
435635ecd1eeec163cdd630318454e3e256b18f8,Neurobiologically interpretable causal connectome for predicting young adult depression: A graph neural network study.,2025,10.1016/j.jad.2025.02.076,disorder,network_science_scope,peripheral
fd1efb646035e0897691fb41e38be44572346ee1,DTI-based connectome analysis of adolescents with major depressive disorder reveals hypoconnectivity of the right caudate,2016,10.1016/j.jad.2016.09.013,disorder,network_science_scope,peripheral
ef1b10d50ae810d3d74fd5909f465f958bb9eed7,Predicting Epilepsy Surgery Outcomes from Presurgical Temporal Lobe Network Architecture (S9.006),2018,10.1212/wnl.90.15_supplement.s9.006,clinical;epilep;patient,network_science_scope,peripheral
6705de2efc5b253d54377459caa9c582c3b5f628,The electro-MICA toolbox for integrating electrophysiology within multimodal imaging and connectomics workflows,2026,10.64898/2026.06.08.730888,clinical;disorder;epilep;patient,network_science_scope,peripheral
7918ba519d946e4ab273c95d722831f5ac23ea0b,Lesion aware automated processing pipeline for multimodal neuroimaging stroke data and The Virtual Brain (TVB),2023,10.1101/2023.08.28.555078,clinical;patient,network_science_scope,peripheral
98d146fbc0ac5435c4fd4ecf3e7074b64210f54b,Graph theory reveals dysconnected hubs in 22q11DS and altered nodal efficiency in patients with hallucinations,2013,10.3389/fnhum.2013.00402,clinical;disorder;patient;schizophren,network_science_scope,peripheral
f79a2a77c0951acf2ce81d25a1823c46298a2ef9,Tractometry of the Human Connectome Project: resources and insights,2024,10.3389/fnins.2024.1389680,human brain,network_science_scope,supported
ee09a03d62d00dab6343fc6a6bafad3d85d801bd,Coherent-resonant netting: disorder-enhanced selectivity from transient wave-like dynamics on biological connectomes,2026,10.3389/fncom.2026.1813959,disorder,network_science_scope,supported
fc59938d4e58e47fd2aae423521bf45d570e600b,The large‐scale structural connectome of task‐specific focal dystonia,2020,10.1002/hbm.25012,clinical;disorder;human brain;patient,network_science_scope,supported
777378be209e540befc017e41610d429a595c7f3,Ultra-High Gradient Diffusion MRI Reveals Distinct Microstructural Changes in Gliomas Before and After Radiation Therapy (P6.149),2018,10.1212/wnl.90.15_supplement.p6.149,clinical;patient,network_science_scope,peripheral
8287679fc63f37c2d0274d4f3a5c976b086286b2,Monitoring Neuronal Network Disturbances of Brain Diseases: A Preclinical MRI Approach in the Rodent Brain,2022,10.3389/fncel.2021.815552,clinical;disease;neurodegener;patholog,network_science_scope;review_scope,supported
92f502453a07df6544c32d0859fd7eb1e0cffe63,Anatomy and White Matter Connections of the Inferior Temporal Gyrus.,2020,10.1016/j.wneu.2020.08.058,clinical,network_science_scope,peripheral
facf4eec2bec37399029014bc2da07ec415ea668,Network Architecture of Gap Junctional Coupling among Parallel Processing Channels in the Mammalian Retina,2020,10.1523/jneurosci.1810-19.2020,disease;retinal degeneration,direct_scope+resolution;network_science_scope;health+direct_nanoscale_scope,core_candidate
a5b49a2d953ea522b06f525fd4b3e80c14a25ed1,The role of directionality in determining spatiotemporal tau pathology differs between AD-Like and Non-AD-Like mouse models,2020,10.1101/2020.11.06.371625,patholog,direct_scope+resolution;health+direct_nanoscale_scope,peripheral
89f88d52edf1dafdc82c247fd8f5735471e08fc9,The human connectome from an evolutionary perspective.,2019,10.1016/bs.pbr.2019.05.004,human brain,review_scope,core_candidate
0791b15ad5791e70038cc713a3d70596d0de248e,Towards Generalized Synapse Detection Across Invertebrate Species,2025,10.48550/arxiv.2509.17041,patholog,direct_scope+resolution;people_development_scope,core_candidate
9a0b4bc41cf77bf5d59a458de7f54e1f2b178912,Structural and functional connectivity mapping of the human corpus callosum organization with white-matter functional networks,2020,10.1016/j.neuroimage.2020.117642,human brain,network_science_scope,supported
4f252c8a71b8491e5e84cb854455b9da05f736fe,Tractostorm 2: Optimizing tractography dissection reproducibility with segmentation protocol dissemination,2022,10.1002/hbm.25777,human brain,network_science_scope;people_development_scope,peripheral
a93010756f170614335a6c9c240cc73f0a9249be,Geometric Deep Learning of the Human Connectome Project Multimodal Cortical Parcellation,2021,10.1101/2021.08.18.456790,clinical;disorder,network_science_scope,peripheral
e03422df5677b446d0b703bd0ab5ba0e2fa57af1,The Graph of Our Mind,2016,10.3390/brainsci11030342,human brain,network_science_scope,peripheral
8afdfe1ed2f48ad012cae161429a71c6fc113692,Personalizing rTMS parameters for depression treatment using multimodal neuroimaging.,2021,10.1016/j.bpsc.2021.11.004,clinical;disorder;patient,review_scope,peripheral
052e19f16b743fe2e39a4fb73dc4cd7a14b6dc87,Deep learning models of cognitive processes constrained by human brain connectomes,2021,10.1101/2021.10.12.464145,human brain,network_science_scope,peripheral
ab36a4ab8eb8a4d4cd3301bbc901c8d038a9e4a7,Intrinsic connectome organization across temporal scales: New insights from cross-modal approaches,2020,10.1162/netn_a_00114,human brain,network_science_scope;review_scope,supported
d130f2f812c037df4f166038a093dcc67ed13adf,PTEN Activity Defines an Axis for Plasticity at Cortico-Amygdala Synapses and Influences Social Behavior.,2019,10.1093/cercor/bhz103,autism,direct_scope+resolution;network_science_scope,peripheral
80785f38f97c96339a808c032da296e4c7a72c3b,Network neuroscience and the connectomics revolution,2020,10.1016/b978-0-12-821861-7.00002-6,disease,review_scope,supported
f3d56e8e945e1fd5745eabfe660da771690071f1,Multisite Harmonization of Structural DTI Networks in Children: An A-CAP Study,2022,10.3389/fneur.2022.850642,traumatic brain injury,network_science_scope,peripheral
c42a4198b3e167f2db4c875ce366bb702ee4bbb9,"A graph-matching based metric of functional connectome distance between pairs of individuals varies with their ages, cognitive performances and familial relationships",2022,10.1101/2022.10.03.510660,disease;disorder,network_science_scope,peripheral
ae37da1155e63764ddc1ce31e38bd2a98b6276ac,Connectome of a human foveal retina,2025,10.21203/rs.3.rs-7312705/v1,human brain,direct_scope+resolution,peripheral
c95cb7f02c3ae759be6c80493c9584a68b9ea7ee,Towards a Connectomic Description of the Osteocyte Lacunocanalicular Network in Bone,2019,10.1007/s11914-019-00515-z,disease,review_scope,supported
ab85b39fb39d3214b44f5010b55ddc5948788714,S123. TREATMENT RESISTANT SCHIZOPHRENIA AND GYRIFICATION-BASED CONNECTOME,2018,10.1093/schbul/sby018.910,clinical;disorder;human cortex;patholog;patient;schizophren,network_science_scope;people_development_scope,peripheral
16c30c6449182f6ad1235a58321d4bc4c297fbf6,An open science resource for establishing reliability and reproducibility in functional connectomics,2014,10.1038/sdata.2014.49,human brain,infrastructure_scope,core_candidate
c3459331f2e58d853fe73a2de876c8d34dba75db,The human connectome in Alzheimer disease — relationship to biomarkers and genetics,2021,10.1038/s41582-021-00529-1,alzheimer;clinical;disease;patholog,review_scope,supported
3dbcc75b62877fcfa88381b557f6d8ca6205b7f6,The application of a mathematical model linking structural and functional connectomes in severe brain injury,2016,10.1016/j.nicl.2016.04.006,clinical;disorder;patient,network_science_scope,peripheral
85cbf9066cd568bddeddba843f604e883d9aeb3b,Estimating the impact of structural directionality: How reliable are undirected connectomes?,2018,10.1162/netn_a_00040,human brain,direct_scope+resolution;network_science_scope,core_candidate
3daf0aa147ecef1b5bbf5c6254fa6454418d2732,Scale matters: The nested human connectome,2022,10.1126/science.abq2599,human brain,direct_scope+resolution;review_scope,core_candidate
cd3dcb4e73f93a9a9a610b3403cdf910f5d73784,Differentiate preterm and term infant brains and characterize the corresponding biomarkers via DICCCOL-based multi-modality graph neural networks,2022,10.3389/fnins.2022.951508,disorder,network_science_scope,peripheral
6fa9e2db7fa43a9af61c40178347fca674d989c8,"Measuring graphical strength within the connectome: A neuroanatomic, parcellation-based study.",2019,10.1016/j.jns.2019.116529,disease,network_science_scope,peripheral
a4f9181c0ef31dcc16ee619aa7531fd2999c6e57,Graph theoretical quantification of white matter reorganization after cortical stroke in mice,2020,10.1016/j.neuroimage.2020.116873,disease,network_science_scope,supported
4e4ed2a35e5fef8d1839a9e91a67f6305c71c888,Functional connectivity of the language area in migraine: a preliminary classification model,2023,10.1186/s12883-023-03183-w,disorder;patient,network_science_scope,supported
8b1c297b8b8176795dabd9986f920441c10ffd88,Asymmetric Presynaptic Depletion of Dopamine Neurons in a Drosophila Model of Parkinson’s Disease,2023,10.3390/ijms24108585,disease;neurodegener;parkinson;patient,direct_scope+resolution;health+direct_nanoscale_scope,peripheral
09bbe61508cc9ca521575dca399d3ec2e1c2f1bf,BrainSTEAM: A Practical Pipeline for Connectome-based fMRI Analysis towards Subject Classification.,2023,10.1142/9789811286421_0005,autism;clinical;disorder,network_science_scope,peripheral
5d85cba89bd211bbf26f51baa8155d91b2962742,The cell-type underpinnings of the human functional cortical connectome,2024,10.1038/s41593-024-01812-2,human brain,network_science_scope,supported
cc99668bf8fd8e61870de27fb495bcfcefb69bc5,Scalable and Efficient Multigraph Integration with Sparse-Clustered Deep Graph Normalization,2024,10.1109/bibm62325.2024.10822066,disorder;patient,network_science_scope,supported
fd28a5c0a2d0a36e39b6fa8dd3876e26445cc446,Differential Impact of Brain Network Efficiency on Poststroke Motor and Attentional Deficits,2022,10.1161/strokeaha.122.040001,clinical;patient,network_science_scope,peripheral
815f31842a32dc178d9f9e9e22ab9773d11e8cc5,Impact of Aii Amacrine Cell Rewiring in a Pathoconnectome-Based Computational Model of Early Retinal Degeneration,2026,10.1101/2024.02.14.580149,clinical;disease;retinal degeneration,direct_scope+resolution;health+direct_nanoscale_scope,supported
eebc188435662adaa62c738eaada74b5100edc4e,"Dysregulated Maturation of the Functional Connectome in Antipsychotic-Naïve, First-Episode Patients With Adolescent-Onset Schizophrenia",2018,10.1093/schbul/sby063,disorder;patholog;patient;schizophren,network_science_scope,peripheral
f7af99ec51c32b50b21d4d1179fdf8e5f987ea7d,Prenatal Heroin Exposure Alters Brain Morphology and Connectivity in Adolescent Mice,2022,10.1002/nbm.4842,clinical,direct_scope+resolution,peripheral
5fd601cf8cd5290049f0fa21aa4ea1ec71831f0c,Static and dynamic functional connectome reveals reconfiguration profiles of whole-brain network across cognitive states,2023,10.1162/netn_a_00314,disorder,network_science_scope,supported
42b6dda4ed0f535559402fa7212970b6f40fbebd,Electrically induced verbal perseveration,2019,10.1212/wnl.0000000000006880,patient,direct_scope+resolution;health+direct_nanoscale_scope;review_scope,peripheral
64eb94bf0de93627a75937e07a83a1aa9adc62e8,Pericellular Innervation of Neurons Expressing Abnormally Hyperphosphorylated Tau in the Hippocampal Formation of Alzheimer's Disease Patients,2010,10.3389/fnana.2010.00020,alzheimer;disease;patholog;patient,direct_scope+resolution;health+direct_nanoscale_scope,peripheral
e3a8d6eebf217d0f7d2ccd92a26a6030c76b6507,Automatic geometry-based estimation of the locus coeruleus region on T1-weighted magnetic resonance images,2024,10.3389/fnins.2024.1375530,clinical;disease;neurodegener,network_science_scope;infrastructure_scope;people_development_scope,supported
da141b1483cfe52493361517177e3f043ade3f6f,Deep generation of personalized connectomes based on individual attributes,2025,10.1101/2025.02.12.637986,disease,network_science_scope;people_development_scope,supported
2fec7a608a873d517b3fa20b6731d2b680bdc0b2,Cognitive performance and brain structural connectome alterations in major depressive disorder,2023,10.1017/s0033291722004007,disease;disorder;patient,people_development_scope,peripheral
f9f32b4a6bfc9b4e01efcfc33f61940cd1a1b13d,Converging models of schizophrenia - Network alterations of prefrontal cortex underlying cognitive impairments,2015,10.1016/j.pneurobio.2015.09.010,clinical;disorder;schizophren,review_scope,supported
878226b08acdc98e1248ec6453a9fa91db824887,Neural circuits revealed,2015,10.3389/fncir.2015.00035,disorder,direct_scope+resolution,supported
a25478ea4156503cbd536a5ee61dc80729bedfa9,Impact of anterior callosal disconnection on picture naming in frontal lobe epilepsy surgery,2025,10.1093/braincomms/fcaf317,epilep;patient,network_science_scope,supported
97a0251509136b0487b991759872b25598412e5e,Predicting MEG resting-state functional connectivity from microstructural information,2021,10.1162/netn_a_00187,human brain,network_science_scope,peripheral
5b312206b6c079473e09e3727f0fe08ca99cde71,Structural Neuroimaging of Anorexia Nervosa: Future Directions in the Quest for Mechanisms Underlying Dynamic Alterations,2017,10.1016/j.biopsych.2017.08.011,disorder;patient,review_scope,peripheral
e2f8a514a65c648055c73ef2e27b3ae79a07d0a5,The multiscale brain structural re-organization that occurs from childhood to adolescence correlates with cortical morphology maturation and functional specialization,2025,10.1371/journal.pbio.3002710,human brain,direct_scope+resolution;network_science_scope,supported
02e742e0ef0a4af5272420c6bddebc1344d2a08f,Creating Efficient Workflows for Electron Microscopy Laboratories with Automated Specimen Preparation,2024,10.1093/mictod/qaad108,clinical;patholog,direct_scope+resolution,core_candidate
e66a1ec8743a094004ebf1d5c9a428b3302932c0,In vivo human whole-brain Connectom diffusion MRI dataset at 760 µm isotropic resolution,2021,10.1038/s41597-021-00904-z,clinical;human brain,people_development_scope,peripheral
b58ba1d2f058c8022f23fc30f64720a7a8511a84,Directionality bias underpins divergent spatiotemporal progression of Alzheimer‐related tauopathy in mouse models,2025,10.1002/alz.70092,alzheimer,direct_scope+resolution;health+direct_nanoscale_scope,supported
acdb60ce3af757f49f7a46d7409b34a107a651f7,Early life shifts in cortical inhibitory–excitatory balance underlies sensitive periods and skill development,2026,10.3389/fncel.2026.1808258,disorder,direct_scope+resolution,peripheral
7fd481e0e4f6c2842a628682b70b5393ea10a1c5,A connectome-based deep learning approach for Early MCI and MCI detection using structural brain networks,2023,10.1016/j.neuri.2023.100118,alzheimer;clinical;disease;neurodegener;patient,network_science_scope,supported
b427c4d62e660015d83428c9390fe55a65e3696a,The Future of the Human Connectome,2012,10.1016/j.neuroimage.2012.01.032,disease,review_scope,supported
d74bd3e3d8ff729c7a1cc4cf2c8972dfaa459253,Delineating a Pathway for the Discovery of Functional Connectome Biomarkers of Autism.,2024,10.1007/978-3-031-69491-2_18,autism,review_scope,peripheral
df88529dcf3fc1d3f323eb2bf7b1a9731d449f74,Mapping dopaminergic projections in the human brain with resting-state fMRI,2021,10.7554/elife.71846,clinical;disease;disorder;human brain;parkinson;patient,direct_scope+resolution;health+direct_nanoscale_scope,peripheral
039222979a4d5c18a9c9ddf230622e0d42c2112a,A probabilistic atlas of human brainstem pathways based on connectome imaging data,2017,10.1016/j.neuroimage.2017.12.042,human brain,network_science_scope;proofreading_qc_scope,supported
4b85fe21163020022d2eadf9f9592c12c8b67160,Changes in the structural brain connectome over the course of a nonrandomized clinical trial for acute mania,2022,10.1038/s41386-022-01328-y,clinical,people_development_scope,peripheral
f98c25f7a3dca65793796a56fec2cede0610ea42,The coupling of BOLD signal variability and degree centrality underlies cognitive functions and psychiatric diseases,2021,10.1016/j.neuroimage.2021.118187,disease;human brain,network_science_scope,peripheral
35cff5b71bd936e8cee3585e13a640719cf5cd7c,Rich club analysis in the Alzheimer's disease connectome reveals a relatively undisturbed structural core network,2015,10.1002/hbm.22830,alzheimer;disease;human brain;patient,network_science_scope,peripheral
f0c2b2ca4a7250ddb0d76d8c4dfc71ece847aaa7,"The Neuroanatomist's Dream, the Problems and Solutions, and the Ultimate Aim",2008,10.3389/neuro.01.018.2008,disease,direct_scope+resolution;health+direct_nanoscale_scope,peripheral
4a8d5ddcb72fd8ac2af53bad2e17ae589f795235,Open diffusion MRI and connectivity data for epilepsy and surgery: The IDEAS II release,2026,,epilep;patient,network_science_scope,peripheral
ee30e8aa271354d6c16eff3d0604d57a3457dcd3,Distinct Structural Connectivity Patterns Associated with Variations in Language Lateralisation,2025,10.1101/2025.02.04.636415,clinical;human brain,network_science_scope,peripheral
bee25bd1e23078de0bc4c036a0ac755dc0beb7c0,Comparing Techniques for Multi-Site Harmonization of Structural Connectivity,,10.58530/2023/1031,patient,network_science_scope,peripheral
1e882cd6993e7db055209f5cc6113aac6c2183de,NeuroSubNet: Graph Attention-Driven fMRI Modelling for Autism Spectrum Disorder Classification and Subtype Discovery,2025,10.1109/iciip68302.2025.11346277,autism;disorder,network_science_scope,peripheral
4a1c2a7e3595ecaba549f85f134330833528e742,Neurotransmitter-informed connectivity maps and their application for outcome inference after stroke.,2025,10.1093/brain/awaf185,disease;patient,network_science_scope,supported
7a94e1e2ee82adbff56a94b1808bc74cf91cfce1,Neuropsychiatric Disease Classification Using Functional Connectomics - Results of the Connectomics in NeuroImaging Transfer Learning Challenge,2021,10.1016/j.media.2021.101972,autism;clinical;disease;disorder;patient,network_science_scope;people_development_scope,supported
dc0ab5c400026996d2f811638e398a9b4ecf2efe,Longitudinal Changes in the Cerebral Cortex Functional Organization of Healthy Elderly,2019,10.1523/jneurosci.1451-18.2019,human brain,network_science_scope,peripheral
747da34327344955286bf7acce3d5f69348a2ca3,Neurobehavioral and Clinical Comorbidities in Epilepsy: The Role of White Matter Network Disruption,2022,10.1177/10738584221076133,clinical;disorder;epilep;patient,review_scope,peripheral
d2dddce8d2119de2f515efa9921dc7c01a985d2d,Baseline biomarkers of connectome disruption and atrophy predict future processing speed in early multiple sclerosis,2018,10.1016/j.nicl.2018.05.003,clinical;disease;multiple sclerosis;patient,network_science_scope,peripheral
f082793a615dc84c41502b933e62f9763966eeef,Learning function from structure in neuromorphic networks,2020,10.1038/s42256-021-00376-1,human brain,network_science_scope,core_candidate
c82a139c590dbe39640f826d27042a89ee01716f,Reconstructing the somatotopic organization of the corticospinal tract remains a challenge for modern tractography methods,2023,10.1002/hbm.26497,clinical;human brain,network_science_scope,peripheral
b129ac79b53587959d525f4744d6b68f0ee84adb,Connectome 2.0: Performance evaluation and initial in vivo human brain diffusion MRI results,,10.58530/2024/0904,human brain,network_science_scope,peripheral
aa5d545a52992b6385f1f6293562e0e6e6785b6b,A dynamic graph convolutional neural network framework reveals new insights into connectome dysfunctions in ADHD,2021,10.1016/j.neuroimage.2021.118774,disorder;patholog,network_science_scope,supported
fd54291d54e227e765670069893cf1cadaffcdaa,The effect of gradient nonlinearities on fiber orientation estimates from spherical deconvolution of diffusion magnetic resonance imaging data,2020,10.1002/hbm.25228,human brain,network_science_scope,peripheral
cf5b71a9cbcd28a4d118d945ca4ab44aa715b697,Structural-functional connectomics in major depressive disorder following aiTBS treatment.,2024,10.1016/j.psychres.2024.116217,clinical;disorder;patient,network_science_scope,supported
b712d07dac86b93de67787a3816db16a126ca04f,The hidden geometry of the brain,2017,10.13128/ijae-21428,disease;disorder;human brain;parkinson;patient,network_science_scope,peripheral
2d7d0e10a9c0e61632838c1d2b216548e0ed74b7,Whole-genome analyses of whole-brain data: working within an expanded search space,2014,10.1038/nn.3718,disease;patient,review_scope,peripheral
0fba2dc32b04eac76f87115ec1c760e75cece5da,Spatially localized fMRI metrics as predictive and highly distinct state-independent fingerprints,2021,10.1101/2021.08.03.454862,clinical;schizophren,infrastructure_scope,peripheral
07175b89cb615f5d409e69259b718eefc61c8f04,The human olfactory system in two proteinopathies: Alzheimer’s and Parkinson’s diseases,2020,10.1186/s40035-020-00200-7,alzheimer;clinical;disease;disorder;neurodegener;parkinson;patholog,review_scope,supported
9e86e7bc8300f38f0685c97a1f17ce652287e1de,Brain topology underlying executive functions across the lifespan: focus on the default mode network,2024,10.3389/fpsyg.2024.1441584,neurodegener,network_science_scope,supported
9419de594885eb720eb15641e2f96eca435e6352,A deep connectome learning network using graph convolution for connectome-disease association study,2023,10.1016/j.neunet.2023.04.025,autism;disease;disorder,network_science_scope,supported
fe64c0619542a021e5f3dfcdd69b3b727e00ab0f,Structural connectome differences in pediatric mild traumatic brain and orthopedic injury,2021,10.1002/hbm.25705,human brain;traumatic brain injury,network_science_scope,peripheral
99428238829a49d2753de5e9c9ed3c94903264ac,Unified Embeddings of Structural and Functional Connectome via a Function-Constrained Structural Graph Variational Auto-Encoder,2022,10.48550/arxiv.2207.02328,alzheimer;disease;patient,network_science_scope,peripheral
b07e9d443be340565d21fcb3ae08fefbc00d57d4,"Anesthetics fragment hippocampal network activity, alter spine dynamics, and affect memory consolidation",2020,10.1371/journal.pbio.3001146,clinical,direct_scope+resolution,peripheral
bdf7a5242f2020757500c0f37109c725abab58d1,SmartEM: machine-learning guided electron microscopy,2025,10.1038/s41592-025-02929-3,human brain,direct_scope+resolution,supported
0aedd832e7b241304f1eea89e008b3e43d686255,Distributed Functional Connectome of White Matter in Patients With Functional Dyspepsia,2021,10.3389/fnhum.2021.589578,clinical;patient,network_science_scope,peripheral
3c0fb31520d43d89db6dd1d5d0897053a2a651e2,Vast TVB parameter space exploration: A Modular Framework for Accelerating the Multi-Scale Simulation of Human Brain Dynamics,2023,10.48550/arxiv.2311.13337,human brain,direct_scope+resolution;network_science_scope,peripheral
b3124f2f87742d8a89b9e5849c7e9fdf00fecf2f,Connectomic mapping of brain-spinal cord neural networks: future directions in assessing spinal cord injury at rest.,2021,10.1016/j.neures.2021.10.008,clinical;patholog;patient,review_scope,supported
54032b4b5cdeccb57103a261b9a54e33c21032f5,Dynamics of the Human Structural Connectome Underlying Working Memory Training,2016,10.1523/jneurosci.1973-15.2016,clinical;disease,network_science_scope,supported
4a03fe01a52ffde5e9f0006921f56d62618f5ff7,Extensive cortical functional connectivity of the human hippocampal memory system.,2021,10.1016/j.cortex.2021.11.014,disease;human cortex,review_scope,peripheral
7a60eb1406622706b32a76b31c584c7f8a31e28f,Written in the Stars: Astrocyte Biology From Evolution to Disease.,2026,10.1111/apha.70289,alzheimer;disease;disorder;human brain;neurodegener;parkinson,direct_scope+resolution;health+direct_nanoscale_scope;review_scope,supported
e693d21cc744cae5741ab15599a0785028db14e2,Is the brain macroscopically linear? A system identification of resting state dynamics,2020,10.1101/2020.12.21.423856,disorder,network_science_scope,core_candidate
e972f2d452e1f03dcd49f7d5ec9a66a7bd4175d4,Impaired activity-dependent neural circuit assembly and refinement in autism spectrum disorder genetic models,2014,10.3389/fncel.2014.00030,autism;disease;disorder,direct_scope+resolution;health+direct_nanoscale_scope;review_scope,supported
f138f350b37db1ca7961ca80091c26bf95ef13f0,Heritability of the human connectome: A connectotyping study,2017,10.1162/netn_a_00029,human brain,people_development_scope,peripheral
3cbcfe99b18a77e5ef3759abf21dc7449aa48be4,Disturbances across whole brain networks during reward anticipation in an abstinent addiction population,2020,10.1016/j.nicl.2020.102297,clinical,network_science_scope,peripheral
297b046585f514978353c1230f792f7513fb8d74,"TRIPLE REPRESENTATION OF LANGUAGE, WORKING MEMORY, SOCIAL AND EMOTION PROCESSING IN THE CEREBELLUM: CONVERGENT EVIDENCE FROM TASK AND SEED-BASED RESTING-STATE FMRI ANALYSES IN A SINGLE LARGE COHORT",2018,10.1016/j.neuroimage.2018.01.082,clinical,network_science_scope,supported
931ee3626589b88793605c0099ee04afd085a967,GRASPing experience-dependent protein expression signatures enriched for hippocampal engram cell synapses,2026,10.1126/sciadv.adv3557,disorder,direct_scope+resolution,supported
b469481f8d61836151c4272a54151520c5491e32,Combined structural and functional connectivity changes in Fabry disease,,10.58530/2022/4027,clinical;disease;patient,network_science_scope,peripheral
8949a7ea5fd93c12ea10227a81d6afa157726dd2,On the Changing Roles of Neuroimaging in Rehabilitation Science,2014,10.1007/s11682-014-9315-y,clinical;human brain;multiple sclerosis;traumatic brain injury,review_scope,supported
56d9110984380101853273920fa907cda196db5b,Structural Connectivity Selectively Constrains Intrinsic BOLD Timescales through Graph-Smooth Neural Activity,2026,10.64898/2026.06.14.732146,human brain,network_science_scope,peripheral
5c133942c861dc138627cf1f8025891363f15445,A Comparative Study of Machine Learning Methods for Predicting the Evolution of Brain Connectivity from a Baseline Timepoint,2021,10.1016/j.jneumeth.2022.109475,disorder,people_development_scope,peripheral
6b6233594c60db53b7f6e2654f515850b2250584,"Detecting schizophrenia at the level of the individual: relative diagnostic value of whole-brain images, connectome-wide functional connectivity and graph-based metrics",2019,10.1017/s0033291719001934,disorder;patient;schizophren,network_science_scope,peripheral
63d675b805526f01940941315fd234077e37566a,A Diffusion MRI Tractography Connectome of the Mouse Brain and Comparison with Neuronal Tracer Data,2015,10.1093/cercor/bhv121,disease,network_science_scope,core_candidate
330ba6916cd4018ae8526dd09ca1e86088271836,A Digital Neural Array IC for Real-Time Neural Network Replication from Spike Activities,2026,10.23919/date69613.2026.11539470,human brain,direct_scope+resolution,peripheral
bfd29c0835c60e27da8f931717b4668b2d399d8b,Multimodal graph attention networks for predicting brain age and stratifying Alzheimer’s disease risk in clinical populations,2025,10.1117/12.3081865,alzheimer;clinical;disease;patholog,network_science_scope,supported
2c374b6f7a47351a09cf3a2b2178f8cec41f46e8,Investigating the tradeoffs between spatial resolution and diffusion sampling for brain mapping with diffusion tractography: Time well spent?,2014,10.1002/hbm.22578,disease;human brain,network_science_scope,peripheral
2ead0e82503ba03c465cb10dbfed8095c0c59028,Brain complexity born out of criticality,2012,10.1063/1.4776495,human brain,review_scope,peripheral
2819b35bd61cab28e638c1ee62cf7cb0e7d25ea1,A connectivity model of the anatomic substrates underlying Gerstmann syndrome,2022,10.1093/braincomms/fcac140,clinical,network_science_scope;infrastructure_scope,supported
5d0a14c66e598ab979214829888098cfd9254fd6,"NIMG-13. GENETIC, CELLULAR, AND CONNECTOMIC CHARACTERIZATION OF THE ADULT HUMAN BRAIN REGIONS COMMONLY PLAGUED BY GLIOMA",2020,10.1093/neuonc/noaa215.626,disease;human brain;patient,direct_scope+resolution;network_science_scope;health+direct_nanoscale_scope,peripheral
f61931889b2957b33ef1366cb4be6262e6d4f2dd,Human Fetal Brain Connectome: Structural Network Development from Middle Fetal Stage to Birth,2017,10.3389/fnins.2017.00561,patholog,network_science_scope,supported
50d763b7bd8bdaffe6ab05f42cd3e322881fcf2f,MR g-ratio-weighted connectome analysis in patients with multiple sclerosis,2019,10.1038/s41598-019-50025-2,disease;disorder;multiple sclerosis;patient,network_science_scope,peripheral
892fde3f82303244c421b0c9bc769b4a68f1453d,Feature attention graph neural network for estimating brain age and identifying important neural connections in mouse models of genetic risk for Alzheimer’s disease,2024,10.1162/imag_a_00245,alzheimer;disease;disorder;neurodegener,direct_scope+resolution;network_science_scope;health+direct_nanoscale_scope,supported
3b44569d734a6bfa9ed8e743ffe0ab1b760d25e8,Sample sizes and population differences in brain template construction,2019,10.1016/j.neuroimage.2019.116318,human brain,network_science_scope,peripheral
35020eb61373eddc4a748a270742dba7a07bebdb,Disrupted Topology of the Resting State Structural Connectome in Middle-Aged APOE ε4 Carriers,2018,10.1016/j.neuroimage.2018.05.052,alzheimer;disease;patholog,network_science_scope,peripheral
9e3d38f22c471ba87e8a02f8de41f7fe147ecfff,Introducing the concept of brain metaplasticity in glioma: how to reorient the pattern of neural reconfiguration to optimize the therapeutic strategy.,2021,10.3171/2021.5.jns211214,disease;patient,people_development_scope,peripheral
0e6b5b2523cc70044b0c21e70ed1af512b580bf5,Stereotaxic Diffusion Tensor Imaging White Matter Atlas for the in vivo Domestic Feline Brain,2020,10.3389/fnana.2020.00001,patholog,network_science_scope,peripheral
1658fd4046b642bbfce1e58dbe506f1e03a9d0d8,Brain network dynamics determine tau presence while regional vulnerability governs tau load in Alzheimer’s disease,2026,10.21203/rs.3.rs-8687892/v1,alzheimer;clinical;disease;patholog,direct_scope+resolution;health+direct_nanoscale_scope,peripheral
ac1e297aad475b844633680d9fe050c8c16b7642,Remodeling Pearson's Correlation for Functional Brain Network Estimation and Autism Spectrum Disorder Identification,2017,10.3389/fninf.2017.00055,autism;disorder,people_development_scope,peripheral
5b5cfdfe8c11b101d3c65085126e6b255f6e29c1,Application of Time-Aware PC algorithm to compute Causal Functional Connectivity in Alzheimer's Disease from fMRI data,2023,,alzheimer;clinical;disease,network_science_scope,supported
7f59bd6f68cce6bd4318a58793f1e0f9decfd542,BrainMAP: Multimodal Graph Learning for Efficient Brain Disease Localization,2025,10.1109/ner61569.2025.11589209,clinical;disease;neurodegener;patholog,network_science_scope,supported
5bd7289b1cdd42783f63b648bf43bd9b3f73344c,Functional brain network dynamics mediate the relationship between female reproductive aging and interpersonal adversity,2025,10.1038/s44220-024-00352-9,disorder,people_development_scope,peripheral
6b0a1743e2aa3df0f10a5ad88e79f5f38d51bb29,Functional connectome biotypes of chemotherapy-related cognitive impairment,2020,10.1007/s11764-020-00863-1,clinical;patient,network_science_scope;people_development_scope,supported
cb1dc33a1c6f9e00a1445a7d485fcd5a6f2849f4,Disrupted structural and functional brain connectomes in mild cognitive impairment and Alzheimer’s disease,2014,10.1007/s12264-013-1421-0,alzheimer;disease,review_scope,supported
1a99ae8abce3a27e01447b631bd66515544b53da,Understanding entangled cerebral networks: a prerequisite for restoring brain function with brain-computer interfaces,2014,10.3389/fnsys.2014.00082,disease;patient,review_scope,peripheral
31a8d06d944a997359eb8950473f327b20b548ae,A comparison of structural connectivity in anxious depression versus non-anxious depression,2017,10.1016/j.jpsychires.2017.01.012,clinical;disorder,network_science_scope,peripheral
1ee4902e4dab7179d4c8c4acdfed8b07efaed36b,Brain graph super-resolution for boosting neurological disorder diagnosis using unsupervised multi-topology connectional brain template learning,2020,10.1016/j.media.2020.101768,disorder,network_science_scope;people_development_scope,peripheral
e93f2fb08b94488cc865b45f99e4952015cdb5ab,Anatomical Characterization of the Human Structural Connectivity between the Pedunculopontine Nucleus and Globus Pallidus via Multi-Shell Multi-Tissue Tractography,2020,10.3390/medicina56090452,disorder,network_science_scope;people_development_scope,peripheral
26da2f0eaf6a66dab66d7b27d174cc0a2e3fd984,Visualization in Connectomics,2012,10.1007/978-1-4471-6497-5_21,disease,review_scope,supported
4499f7c4910faffe038de1a81b517b8776e50374,Multiplexity and Graph Signal Processing of EEG Dynamic Functional Connectivity Networks As Connectomic Biomarkers for Schizophrenia Patients: A Whole Brain Breakdown,2019,10.1101/551671,clinical;patient;schizophren,network_science_scope,peripheral
79f1f35f8a65553e4e7a83ff408b64faec541791,Functional connectome reorganization relates to post-stroke motor recovery and structural and functional disconnection,2021,10.1101/2021.05.27.445834,patient,network_science_scope;people_development_scope,supported
4865a776f478ad21511a691f6f925a0532ad4fe0,Activity-Dependent Modulation of Neural Circuit Synaptic Connectivity,2009,10.3389/neuro.02.008.2009,autism;disease;disorder,direct_scope+resolution;health+direct_nanoscale_scope;review_scope,peripheral
acd8dfb8779ada6c7531aa23684891728c25a4d7,The Individualized Prediction of Neurocognitive Function in People Living with HIV Based on Clinical and Multimodal Connectome Data,2023,10.1109/jbhi.2023.3240508,clinical;disease,network_science_scope,supported
d3aa8acbfa34abcdbdef8df25ca26086574d4885,Topologically convergent and divergent functional connectivity patterns in unmedicated unipolar depression and bipolar disorder,2017,10.1038/tp.2017.117,clinical;disorder;patient,network_science_scope,supported
32f9ec5cb8b298f64dac465412c0e2af30760388,Novel insights into the spatial and temporal complexity of hypothalamic organization through precision methods allowing nanoscale resolution,2018,10.1111/joim.12815,disease,direct_scope+resolution;health+direct_nanoscale_scope;review_scope,peripheral
5781b6c8abad4296456d2d3522c688f0630f5e60,Globally Efficient Brain Organization and Treatment Response in Psychosis: A Connectomic Study of Gyrification,2016,10.1093/schbul/sbw069,patient;schizophren,network_science_scope,peripheral
fd7c79431a676855f70e8a263bf397ff5294c3e1,Brain and Cognitive Reserve: Translation via Network Control Theory,2016,10.1016/j.neubiorev.2017.01.016,disease;human brain;patholog,review_scope,peripheral
25304785d416876a248205782ee07c4efecdaa6b,Structural covariance networks are coupled to expression of genes enriched in supragranular layers of the human cortex,2017,10.1016/j.neuroimage.2017.12.060,human cortex,network_science_scope,supported
f4130869397fe119cbc5f9e81f87049a05b3f0fd,Psychological resilience and neurodegenerative risk: A connectomics-transcriptomics investigation in healthy adolescent and middle-aged females,2022,10.1016/j.neuroimage.2022.119209,alzheimer;disease;neurodegener;patholog,network_science_scope,peripheral
a974cf295ecc886f466748c1cedaf09a0410f963,Brain explorer for connectomic analysis,2017,10.1007/s40708-017-0071-9,disease,proofreading_qc_scope,supported
748984a96ce4360124b756a655f0219e2160a6fb,Spatial–temporal patterns of brain disconnectome in Alzheimer's disease,2023,10.1002/hbm.26344,alzheimer;disease;human brain,network_science_scope;infrastructure_scope,supported
73eecf5cc8449e9daa6967a4f31bf555e0f74253,Disrupted Brain Functional Network Topology in Essential Tremor Patients With Poor Sleep Quality,2022,10.3389/fnins.2022.814745,clinical;patient,network_science_scope,peripheral
c40ded20d0179b33218d6e263832f311a437a828,Large-scale Probabilistic Functional Modes from resting state fMRI,2015,10.1016/j.neuroimage.2015.01.013,human brain,people_development_scope,peripheral
b2f87ac809f860d06883809eee2aa4f94500ffcf,Transcriptomic divergence of network hubs in the prenatal human brain,2025,10.1038/s42003-025-08962-4,human brain,network_science_scope,core_candidate
3b8315b8b7381286dc6f632eed4c05ac86b784bf,Vast Parameter Space Exploration of the Virtual Brain: A Modular Framework for Accelerating the Multi-Scale Simulation of Human Brain Dynamics,2024,10.3390/app14052211,disorder;epilep;human brain,network_science_scope,supported
b360b7b9a1310f6788add57821e064d32c0ec581,"Dendrodendritic synapses: past, present and future",2009,10.1111/j.1749-6632.2009.03937.x,alzheimer;disorder,direct_scope+resolution;review_scope,supported
11f675285f0394e7dbf2f5aaf1c99933610e1a88,Correlation between cortical gene expression and resting‐state functional network centrality in healthy young adults,2021,10.1002/hbm.25362,disorder;human brain;neurodegener,direct_scope+resolution;network_science_scope,supported
6e3305b6608970a9f4cad29a643f54ef0d72fa82,Dynamic Oscillations Evoked by Subcallosal Cingulate Deep Brain Stimulation,2022,10.3389/fnins.2022.768355,patient,network_science_scope,peripheral
86c1a6e38d3e6408183f4949bbb77e4d6abade12,Voxel‐based dysconnectomic brain morphometry with computed tomography in Down syndrome,2023,10.1002/acn3.51940,alzheimer;clinical;disease,network_science_scope,peripheral
73200b81e9459ef181956fb3acaca95416cf695f,The connectomics of brain demyelination: Functional and structural patterns in the cuprizone mouse model,2017,10.1016/j.neuroimage.2016.11.008,disorder;patholog,network_science_scope,supported
bb0ffb925b0d493a5de9e452bf1d0f046ebc6421,Understanding neural flexibility from a multifaceted definition,2021,10.1016/j.neuroimage.2021.118027,human brain,review_scope,peripheral
e3d9c0e0226212e9b52a0f1ac7ed6bed7100c76b,The functional and genetic associations of neuroimaging data: a toolbox,2017,10.1101/178640,autism;disease;disorder;patient;schizophren,infrastructure_scope,supported
8859176440a562af594848de443a3efd537f5487,Using brain connectomics to detect functional connectivity differences in Alzheimer's disease,2017,10.7912/c2vh24,alzheimer;disease,review_scope,peripheral
009b1f1dcbf624e899a2fb84485db3c4bc90e695,Subject-specific features of excitation/inhibition profiles in neurodegenerative diseases,2021,10.3389/fnagi.2022.868342,alzheimer;clinical;disease;neurodegener;patholog;patient,direct_scope+resolution;health+direct_nanoscale_scope,peripheral
15d37a8254de8fdeac608bed2ab1eecc405b666c,Long-Term Effects of Repeated Blast Exposure in United States Special Operations Forces Personnel: A Pilot Study Protocol,2022,10.1089/neu.2022.0030,clinical,network_science_scope;people_development_scope,peripheral
6d8c8631453c855fdd7908f116b5d3881c30a855,Accelerated intermittent theta burst stimulation in major depression induces decreases in modularity: A connectome analysis,2018,10.1162/netn_a_00060,clinical;patient,network_science_scope,supported
bb9b8f6102821c1380b431ed3ec5b4e1c3c31d8a,Reconciling Dimensional and Categorical Models of Autism Heterogeneity: A Brain Connectomics and Behavioral Study.,2019,10.1016/j.biopsych.2019.11.009,autism;disorder,network_science_scope,supported
ec51b6f3996f22c9ea853ee0488d50c5b398acdc,Targeting ROCK2 to Restore Epileptic Synaptic Networks via Mitophagy Activation: Insights from Translational Imaging of SV2A In Vivo,2025,10.1002/advs.202508161,disorder;epilep;patient,direct_scope+resolution,supported
0eba08a72db3b06121281502e5451e74b0468490,ReAl-LiFE: Accelerating the Discovery of Individualized Brain Connectomes on GPUs,2019,10.1609/aaai.v33i01.3301630,alzheimer;disease;human brain;patholog;patient,network_science_scope;infrastructure_scope,supported
5f8e794211380386ac5a2ee483b9cc33f267731f,Spatial-Temporal DAG Convolutional Networks for End-to-End Joint Effective Connectivity Learning and Resting-State fMRI Classification,2023,10.48550/arxiv.2312.10317,disease;patholog,network_science_scope,supported
03194299600e8fac366170464f748dac9d136e47,"MEG, myself, and I: individual identification from neurophysiological brain activity",2021,10.1101/2021.02.18.431803,clinical,network_science_scope,peripheral
f0d465ca26a6b06f308bed6e4295735d00282089,Exploiting Graph Convolutional Networks for Insightful Classification and Explanation of Traumatic Brain Injury,2025,10.1109/access.2025.3638875,clinical;disorder;patient;traumatic brain injury,network_science_scope,supported
ed70e3cad8ca868a48962ba78c8b661355af9a15,The structural grammar of integration and competition in the human connectome,2026,10.3389/fncom.2026.1810942,disease,network_science_scope,supported
35ccff84279612a0e6b10f8fba45a8819c9ab3cb,Quantifying Differences Between Passive and Task-Evoked Intrinsic Functional Connectivity in a Large-Scale Brain Simulation,2018,10.1089/brain.2018.0620,patient,network_science_scope,peripheral
a50f9a161623e7c79413be867f240cc48c0db554,"Taking flight, the use of Drosophila melanogaster for neuroscience research in Uruguay.",2025,10.1016/j.neuroscience.2025.03.006,disease;neurodegener,review_scope,supported
75bc52e92dbd17ac9cc1500e3b5c0fb6d0d6df60,Eigenmodes of the brain: revisiting connectomics and geometry,2024,10.1101/2024.04.16.589843,human brain,people_development_scope,peripheral
032a3b780c24b0b8ed88bf40bc2d0b65326a3022,Disrupting self-evaluative processing with electrostimulation mapping during awake brain surgery,2021,10.1038/s41598-021-88916-y,disorder;patient,network_science_scope,peripheral
8830f853f4fa819b668b8cf2f382ce73c25dc761,Functional Connectivity From Disease Epicenters in Frontotemporal Dementia,2023,10.1212/wnl.0000000000207277,clinical;disease;disorder;neurodegener;patholog;patient,network_science_scope,peripheral
0c48210f02d7b3469be71aff39794174a4c3364b,Laterality and Sex Differences of Human Lateral Habenula Afferent and Efferent Fiber Tracts,2022,10.3389/fnins.2022.837624,disorder,network_science_scope,peripheral
c8dea856027d983bbcd789272c7e2dcfc9d268fa,Mindcontrol: A Web Application for Brain Segmentation Quality Control,2016,10.1101/090431,autism;clinical;disease,proofreading_qc_scope;review_scope,supported
f15b1c0250005512020bf78ed044c9e215658d26,Larger lesion volume in people with multiple sclerosis is associated with increased transition energies between brain states and decreased entropy of brain activity,2022,10.1162/netn_a_00292,clinical;multiple sclerosis;patholog,network_science_scope,peripheral
b919231f72d8b727a1971de339927ccc24bcda63,Dynamical Graph Theory Networks Methods for the Analysis of Sparse Functional Connectivity Networks and for Determining Pinning Observability in Brain Networks,2017,10.3389/fncom.2017.00087,disease;neurodegener;patient,network_science_scope,supported
ec599f6c2db749766ca8df06435993d451790d15,Optimizing Diffusion Imaging Protocols for Structural Connectomics in Mouse Models of Neurological Conditions,2020,10.3389/fphy.2020.00088,alzheimer;disease;human brain;patholog,network_science_scope,supported
39a6995de453b9a23c944b7befe98c60b79ada38,"Topological analyses of functional connectomics: A crucial role of global signal removal, brain parcellation, and null models",2018,10.1002/hbm.24305,alzheimer;disease;human brain;patient,network_science_scope,supported
3a1589a5bfbda17280686b2170f7668936c10cb4,Exploring the Human Connectome Topology in Group Studies,2017,,clinical;disorder;patient,review_scope,supported
c52e24d6847ea31794681f09c595aa4dbb0dceca,A framework for focal and connectomic mapping of transiently disrupted brain function,2022,10.1038/s42003-023-04787-1,epilep;human brain;patient,infrastructure_scope,core_candidate
3cbb30256a8df437b7b53e88daaba3b000ee93e2,Practitioner forecasts of technological progress in biostasis,2025,,clinical,direct_scope+resolution;network_science_scope,peripheral
6b943b71be06bcc431b4699276edb87182542142,Mapping the Connectome: Multi-Level Analysis of Brain Connectivity,2012,10.3389/fninf.2012.00014,disease;human brain;patient;schizophren,direct_scope+resolution;review_scope,core_candidate
7b9dd74af595074275c780ac0f25c054f98d75c7,Mapping Connectivity in the Developing Brain,2013,10.1016/j.ijdevneu.2013.05.007,autism;disorder;human brain,review_scope,supported
6273a03842da5dab96a422e430fd64084d411335,Damage to the shortest structural paths between brain regions is associated with disruptions of resting-state functional connectivity after stroke,2020,10.1016/j.neuroimage.2020.116589,patient,network_science_scope,peripheral
abd63e9e060507d538485ded4ccfec670b895d64,From Default Mode Network to the Basal Configuration: Sex Differences in the Resting-State Brain Connectivity as a Function of Age and Their Clinical Correlates,2018,10.3389/fpsyt.2018.00365,clinical,network_science_scope,peripheral
592d057427753450d2b04ded08411af6598f154e,Atlas-independent brain connectome analysis at voxel-level granularity: graph convolutional networks for etiology classification in newborns,2025,10.1101/2025.05.08.652584,disease,network_science_scope,supported
01749692c2a5a63a907f872125205c98dad4ac09,Nonreplication of functional connectivity differences in autism spectrum disorder across multiple sites and denoising strategies,2019,10.1002/hbm.24879,autism;clinical;disorder,review_scope,peripheral
2be783a2b5175721687d9fed259cd3870c8be344,Age-related Macular Degeneration is associated with faster rates of structural brain changes and widespread differences in connectivity,2022,10.1101/2022.07.19.500546,disease,network_science_scope,peripheral
86676770c75fd34808243d735f2930d60f2a6f5c,Diffusion imaging in the post HCP era,2020,10.1002/jmri.27247,human brain,review_scope,peripheral
dd249ae9def430517690dc03904e65481341ad4a,A probabilistic map of negative motor areas of the upper limb and face: a brain stimulation study,2019,10.1093/brain/awz021,clinical;patient,network_science_scope,supported
1f0b69d01a6e744951655c5ffc81494f6536e7f0,Connectome of a human foveal retina,2025,10.1101/2025.04.05.647403,human brain,direct_scope+resolution,core_candidate
ca63eb34c5749df791c3f7d6fb2a552e1748ea7f,A Pathoconnectome of Early Neurodegeneration: Network changes in retinal degeneration,2020,10.1101/2020.01.31.929265,disease;neurodegener;retinal degeneration,direct_scope+resolution;health+direct_nanoscale_scope,core_candidate
d03c5c8bfdc75c7520ba98346124af910092dbfc,Mechanisms Underlying Target Selectivity for Cell Types and Subcellular Domains in Developing Neocortical Circuits,2021,10.3389/fncir.2021.728832,disorder,direct_scope+resolution;review_scope,supported
eeb2cc9be5d499dfe4073d582c36f7de7a3a2142,Research trends and hotspots on connectomes from 2005 to 2021: A bibliometric and latent Dirichlet allocation application study,2022,10.3389/fnins.2022.1046562,disease;disorder,network_science_scope;review_scope,core_candidate
5cb8da98725d5458ad5c0a14c43a8ed5ef4be65d,Multimodal connectome biomarkers of cognitive and affective dysfunction in the common epilepsies,2021,10.1162/netn_a_00237,disease;disorder;epilep;patient,review_scope,supported
1d0fb10a58f8bc1954668bc3900c6d27e17ab7a8,Modeling epileptic dynamics in the hippocampus using a multiscale approach,2013,10.1186/1471-2202-14-s1-p194,epilep,direct_scope+resolution;health+direct_nanoscale_scope,peripheral
d6517d8d8a26df42fab59fa4c98e933888f5b7b4,The progressive loss of brain network fingerprints in Amyotrophic Lateral Sclerosis predicts clinical impairment,2022,10.1016/j.nicl.2022.103095,clinical;disease;neurodegener;patient,network_science_scope,supported
e3f937873d56afc28dc0b9cf458528be24a469ea,Using Multi Network Alignment for Analysis of Connectomes,2017,10.1016/j.procs.2017.05.110,human brain,network_science_scope,peripheral
ad73ce0b648980956482d419a739e4d2eb02e769,Vitamin D deficiency is associated with reduced hippocampal volume and disrupted structural connectivity in patients with mild cognitive impairment,2018,10.1002/hbm.24380,alzheimer;disease;disorder;human brain;parkinson;patient,network_science_scope,peripheral
28ccc3b9ffef6c5c2ba53282b7b1f90c1379db57,Brain Tumor Segmentation and Tractographic Feature Extraction from Structural MR Images for Overall Survival Prediction,2018,10.1007/978-3-030-11726-9_12,human brain,network_science_scope,peripheral
08887e414b4628c3087d22d888419fcfd9ce811c,"Explainable Contrastive Multiview Graph Representation of Brain, Mind, and Behavior",2022,10.1007/978-3-031-16431-6_34,human brain,network_science_scope,peripheral
4b7c8867d54ca12837d0fe85b7098cd6e70e717e,10Kin1day: A Bottom-Up Neuroimaging Initiative,2019,10.3389/fneur.2019.00425,human brain,people_development_scope,peripheral
178ff69a26fb62416924c9382b03d5569e775bfd,Network changes predicting language decline following anterior temporal lobe resection,2022,10.1136/jnnp-2022-abn2.32,patient,network_science_scope,peripheral
9cafebd86075f846efe31660eaa64d509a0c49b6,Longitudinal evaluation of corticospinal tract in patients with resected brainstem cavernous malformations using high-definition fiber tractography and diffusion connectometry analysis: preliminary experience.,2015,10.3171/2014.12.jns142169,patient,network_science_scope,peripheral
ca359d1e00f6c5bebd4458a8f18df9e2ff320c0e,Reproducibility of multi-shell diffusion tractography on traveling subjects: A multicenter study prospective.,2019,10.1016/j.mri.2019.02.011,patholog,network_science_scope,peripheral
2055b4589a8e4e614e17bde633b18772e84c7dad,PREDICTING TRANSDIAGNOSTIC PSYCHOPATHOLOGY FROM INDICES OF AGING IN THE HUMAN STRUCTURAL CONNECTOME,2019,10.1093/geroni/igz038.1261,disease;patholog,people_development_scope,peripheral
08dddcf2711378907cb57342bad2cf0df40e01c9,Multi-model mapping of phonemic fluency,2021,10.1093/braincomms/fcab232,patient,network_science_scope,peripheral
d9b1a843cb18b780495d7cc19299678b2d7c3af3,Connectome-wide structure-function coupling models implicate polysynaptic alterations in autism,2023,10.1101/2023.05.08.539817,autism;disorder,direct_scope+resolution;network_science_scope,supported
21c7a13d6c9b78648a310a0a0feb45b4018e7c14,Automated Segmentation of Brainstem and Subcortical White Matter: Mapping the Deep Tegmental Core with BundleParc,2026,10.64898/2026.06.09.731210,disease;neurodegener,network_science_scope,peripheral
ef967bc4d5b168f48eafded920bff7a9da6936dc,PREDICTING DEPRESSION RISK IN EARLY ADOLESCENCE VIA MULTIMODAL BRAIN IMAGING,2023,10.1101/2023.04.10.536286,disorder;patholog,proofreading_qc_scope,supported
b93eedf96b5116703813b388959419d8f7fc6672,Functional Brain Network Alterations in Clinically Isolated Syndrome and Multiple Sclerosis: A Graph-based Connectome Study.,2017,10.1148/radiol.2016152843,clinical;multiple sclerosis,network_science_scope;review_scope,peripheral
ac3beb8297e0e73430a03a3503cf11df8b6f2336,Beyond The Connectome: The Dynome,2014,10.1016/j.neuron.2014.08.016,disease,review_scope,supported
e43ca3cf3b8f3c2931c6998fd70751480b3285d9,Constructing Fine-granularity Functional Brain Network Atlases via Deep Convolutional Autoencoder,2017,10.1016/j.media.2017.08.005,human brain;patient;traumatic brain injury,network_science_scope,supported
474b159ea56b22eec69c03b94a4ddc04882ce617,"Patient-Tailored, Connectivity-Based Forecasts of Spreading Brain Atrophy",2019,10.1016/j.neuron.2019.08.037,clinical;disease;neurodegener;patient,network_science_scope,peripheral
f82c2307a96ca55a66ea027f2a66dfe6108f5fb9,Immersion fixation and staining of multi-cubic millimeter volumes for electron microscopy-based connectomics of human brain biopsies,2023,10.1016/j.biopsych.2023.01.025,disorder;human brain;patient,direct_scope+resolution;health+direct_nanoscale_scope,core_candidate
04bf1d96ccb70d065700678de21ca9bb5e156372,A scalable and modular automated pipeline for stitching of large electron microscopy datasets,2021,10.1101/2021.11.24.469932,human brain,direct_scope+resolution,core_candidate
a4175b193be607b3e67d41f76985411ab33a3010,Structural Connectivity Alterations in Amyotrophic Lateral Sclerosis: A Graph Theory Based Imaging Study,2019,10.3389/fnins.2019.01044,clinical;disease;disorder;neurodegener;patient,network_science_scope,supported
14fcad024ae3a72269356e98a9e4b08c98c497d5,Disrupted brain structural connectivity in Pediatric Bipolar Disorder with psychosis,2019,10.1038/s41598-019-50093-4,disorder;patient,network_science_scope,peripheral
008d769f521e1dde6058a15de416316bc65f8fbd,GPU-accelerated connectome discovery at scale,2022,10.1038/s43588-022-00250-z,human brain,network_science_scope,peripheral
a44dd28af144c473e4bc74689c2d91d2ebf36fa3,"Repeated Awake Surgical Resection(s) for Recurrent Diffuse Low-Grade Gliomas: Why, When, and How to Reoperate?",2022,10.3389/fonc.2022.947933,disease;patient,review_scope,peripheral
5a72a42d6716ff7b1e29890cdfaf576264be5cba,Regional and LTP-Dependent Variation of Synaptic Information Storage Capacity in Rat Hippocampus,2023,10.1101/2022.08.29.505464,disease,direct_scope+resolution,core_candidate
a8ea6e823eb1f5fc6da1806f1f37956e998397d4,Grey matter connectome abnormalities and age-related effects in antipsychotic-naive schizophrenia,2021,10.1016/j.ebiom.2021.103749,patient;schizophren,network_science_scope;people_development_scope,supported
cd34ae85ab026f88fd70b45847ed33f09f9043ba,Multiplex Graph Networks for Multimodal Brain Network Analysis,2021,,disorder,network_science_scope,peripheral
37c2444368c2447d81c48818e532b8162a1bb5cc,"Cardiovascular Disease Risk Factors, Tract-Based Structural Connectomics, and Cognition in Older Adults",2019,10.1016/j.neuroimage.2019.04.024,disease,network_science_scope,peripheral
b9a8f10877b674ead6781cf86eda390de14d467f,Interpretable Cognitive Ability Prediction: A Comprehensive Gated Graph Transformer Framework for Analyzing Functional Brain Networks,2023,10.1109/tmi.2023.3343365,human brain,network_science_scope,supported
d956146c8dfbb8058221ce9c3606e98214d53b5d,Serial section registration of axonal confocal microscopy datasets for long-range neural circuit reconstruction,2012,10.1016/j.jneumeth.2012.03.002,disease,direct_scope+resolution;health+direct_nanoscale_scope,supported
0608f40565e35a7e6ea95aa6fa2929eb42b4f3cb,Spatio-Temporal Encoding of Brain Dynamics with Surface Masked Autoencoders,2023,,human brain,people_development_scope,peripheral
9607425d85085511d5e7d081c81db113dc3dfed7,A petavoxel fragment of human cerebral cortex reconstructed at nanoscale resolution,2024,10.1126/science.adk4858,disorder;epilep;human brain;patholog;patient,direct_scope+resolution;proofreading_qc_scope;infrastructure_scope;health+direct_nanoscale_scope,core_candidate
8c249b877b6f3ec3c31ef5c6dbe9eaedec31ee27,Sustained Effects of Acupuncture Stimulation Investigated with Centrality Mapping Analysis,2016,10.3389/fnhum.2016.00510,clinical,network_science_scope,peripheral
018609a2c00b802c0839a980bb05dce93421d95f,The connectome is necessary but not sufficient for the spread of alpha-synuclein pathology in rats,2019,10.1101/567222,disease;parkinson;patholog,network_science_scope,supported
2dbee3f8aefbb0900b5e2fcbcbf4b09529b7bf23,Antagonistic network signature of motor function in Parkinson’s disease revealed by connectome-based predictive modeling,2022,10.1038/s41531-022-00315-w,clinical;disease;neurodegener;parkinson;patient,people_development_scope,peripheral
221442c106e0c71d5232e9f7a734d1abfce3d3b4,"From Caenorhabditis elegans to the human connectome: a specific modular organization increases metabolic, functional and developmental efficiency",2014,10.1098/rstb.2013.0529,human brain,direct_scope+resolution;network_science_scope,core_candidate
e3b76e0e09241b0c867bd0ae85db35d1a6a85876,Evaluating the capacity of connectome analysis to predict survival in high-grade astrocytoma.,2019,10.1200/jco.2019.37.15_suppl.2049,clinical;patient,people_development_scope,peripheral
f8bd263d2f8a97dabace70da51f54893362807c6,Critical periods in Drosophila neural network development: Importance to network tuning and therapeutic potential,2022,10.3389/fphys.2022.1073307,clinical;disease;epilep,review_scope,supported
0125ee366d4613fb71105624548ed0fb1d3eca6c,Connectome-based prediction of functional impairment in experimental stroke models,2023,10.1101/2023.05.05.539601,disease,network_science_scope,core_candidate
4e0a7625622d39da0bb3b334fc48648f1e852d02,Alterations in Dynamic Spontaneous Network Microstates in Mild Traumatic Brain Injury: A MEG Beamformed Dynamic Connectivity Analysis,2019,10.1101/596155,patient;traumatic brain injury,network_science_scope,supported
e9e851f10082080dc1c7826c92efbe7a7a28bfcb,Structural connectome disruption at baseline predicts 6-months post-stroke outcome,2016,10.1002/hbm.23198,clinical;human brain,network_science_scope,peripheral
9f259604d390caea6eefedd0def3469cf34a5d2e,Differential reorganization of episodic and semantic memory systems in epilepsy-related mesiotemporal pathology,2024,10.1093/brain/awae197,disease;epilep;patholog;patient,network_science_scope,supported
7871532585b62693608aa64c18a1e2f51bdb4683,The centrality of working memory networks in differentiating bipolar type I depression from unipolar depression: A task-fMRI study,2022,10.1177/07067437221078646,disorder;patient,network_science_scope,peripheral
1be97fec0a3507e4a6da29c0b5bd8b9d7ed22aed,PANDA: a pipeline toolbox for analyzing brain diffusion images,2013,10.3389/fnhum.2013.00042,clinical;human brain,network_science_scope,peripheral
e4f06d55539b1842ef1088065b9f9ef1dc097173,In vivo super-resolution track-density imaging for thalamic nuclei identification,2021,10.1101/2021.01.03.425122,disease;disorder,network_science_scope;infrastructure_scope,supported
f1df433fde34437eb65d8a352908b14f4258ab3a,"Graph‐matching distance between individuals' functional connectomes varies with relatedness, age, and cognitive score",2023,10.1002/hbm.26296,disease;disorder;human brain,network_science_scope,peripheral
e3271a97c3ae0aa6da178358ac8f74407602e7dd,Advances in diffusion MRI acquisition and processing in the Human Connectome Project,2013,10.1016/j.neuroimage.2013.05.057,human brain,review_scope,supported
61535d5c9a5d8303a968ca8524ab93a93e34e3d5,Structural-functional connectivity bandwidth of the human brain,2022,10.1016/j.neuroimage.2022.119659,disorder;human brain,network_science_scope,supported
dd57445649d935916a8bce4a6bfd1a07d039a266,Dynamic brain connectome and high risk of mental problem in clinical nurses,2021,10.1002/hbm.25617,clinical;human brain,network_science_scope,peripheral
c9e108558ee677700d443454575bee1544807efe,Understanding principles of integration and segregation using whole-brain computational connectomics: implications for neuropsychiatric disorders,2017,10.1098/rsta.2016.0283,disorder,review_scope,peripheral
0c50fe5fda8444014094767ae68c472c2d7b2b4d,Altered expression of Alzheimer's disease-related genes in the cerebellum of autistic patients: a model for disrupted brain connectome and therapy,2014,10.1038/cddis.2014.227,alzheimer;autism;disease;patholog;patient,direct_scope+resolution;health+direct_nanoscale_scope,peripheral
4ee093ac13e883334d9ea2bb788e43b0b866642e,KSNet: Advancing autism prediction via KAN-based graph convolution and multi-source data fusion,2026,10.1016/j.neunet.2026.108892,autism;clinical;disorder,network_science_scope,supported
e6395200d6f861c96cc31ae4746c8509ec02a24b,Connectome Imaging for Mapping Human Brain Pathways,2017,10.1038/mp.2017.92,human brain,network_science_scope;review_scope,supported
db5a3d9039ee6020c58249fe5e6dda0db9a77ef2,Olfactory Bulb D2/D3 Receptor Availability after Intrastriatal Botulinum Neurotoxin-A Injection in a Unilateral 6-OHDA Rat Model of Parkinson’s Disease,2022,10.3390/toxins14020094,disease;parkinson;patholog,direct_scope+resolution;health+direct_nanoscale_scope,peripheral
9a4978137096b74e512141182cfd80fd25d66368,Multiscale Brain Network Models and Their Applications in Neuropsychiatric Diseases,2022,10.3390/electronics11213468,alzheimer;disease;disorder;parkinson;schizophren,review_scope,supported
387455a650c03d1a0b2d3c301c6a3e5aec93a38a,Reduced Fronto-Temporal and Limbic Connectivity in the 22q11.2 Deletion Syndrome: Vulnerability Markers for Developing Schizophrenia?,2013,10.1371/journal.pone.0058429,disorder;patient;schizophren,network_science_scope,peripheral
69499984f17d11dfcbcf02aa810c2eabfc9df672,Monosynaptic connections link functionally similar regions in human cortex,2026,10.64898/2026.05.19.726279,epilep;human brain;human cortex;patient,direct_scope+resolution;health+direct_nanoscale_scope,supported
ff02a57f994893e45571968ed3a7684d637f31f7,Recent developments in representations of the connectome,2021,10.1016/j.neuroimage.2021.118533,clinical;human brain,review_scope,peripheral
7633885996cea323a6b19fd1bec3652103086c86,The human functional connectome in neurodegenerative diseases: relationship to pathology and clinical progression,2023,10.1080/14737175.2023.2174016,clinical;disease;neurodegener;patholog;patient,network_science_scope,peripheral
4aeeaeb33b32668ca744313bfff6549dc6c4f63e,Bridging the Gap between the Human and Macaque Connectome: A Quantitative Comparison of Global Interspecies Structure-Function Relationships and Network Topology,2014,10.1523/jneurosci.4229-13.2014,patient,network_science_scope,core_candidate
3f6388a5a44855654ed094cbaa7628477b7032bb,A Connectomic Atlas of the Human Cerebrum-Chapter 18: The Connectional Anatomy of Human Brain Networks.,2018,10.1093/ons/opy272,clinical;human brain;patient,network_science_scope,peripheral
9897c19cd3f3e79a7d5e063cce1ea1d923703485,Connectivity of the adult human brain with sequential neurogenesis of circuits and transcriptomics signatures,2025,10.1038/s41467-025-67785-3,disease;disorder;human brain,direct_scope+resolution,supported
dddcfb914b23e8a1032a7099fe003a5dfb0af97b,An Automated Images-to-Graphs Pipeline for High Resolution Connectomics,2014,,patholog,direct_scope+resolution,core_candidate
d03f44d0de09859945ab984b78068dad60753de1,The integrated understanding of structural and functional connectomes in depression: A multimodal meta-analysis of graph metrics.,2021,10.1016/j.jad.2021.08.120,disorder;patholog;patient,network_science_scope;review_scope,supported
26a931f3894de1fcb2f54e2c7c0da7b1086fc7b0,Local structural connectivity directs seizure spread in focal epilepsy,2018,10.1101/406793,disorder;epilep;human brain;patient,network_science_scope,supported
b7d904d9d88a1f624ce07f7763d9f81bec4eb9ee,A probabilistic atlas of the cerebellar white matter.,2016,10.1016/j.neuroimage.2015.09.014,clinical;disorder;patient,network_science_scope,peripheral
ab63eaea4d2f4861988849c607b61ca0cdf41393,Brain structural connectome in neonates with prenatal opioid exposure,2022,10.3389/fnins.2022.952322,clinical,network_science_scope,peripheral
a854fbe52043ccd45ed36687b762dc6bab91d708,Predicting cognitive scores with graph neural networks through sample selection learning,2021,10.1007/s11682-021-00585-7,autism;disease;disorder;human brain,network_science_scope;people_development_scope,supported
a1dcbcc849ba9b93b55bc934601f1790505ac035,Mapping a Memory Disorder using Functional Network Analysis,2021,10.1111/ane.13494,clinical;disorder;human brain;patient,network_science_scope,supported
5ff20862be3b3fa0927761595e5e65b5ab49b36c,Fading of brain network fingerprint in Parkinson's disease predicts motor clinical impairment,2022,10.1002/hbm.26156,alzheimer;clinical;disease;neurodegener;parkinson;patient,network_science_scope,peripheral
74198763d71d898ec71e69c1e8ce899fa341b059,Neuroimaging-based Individualized Prediction of Cognition and Behavior for Mental Disorders and Health: Methods and Promises,2020,10.1101/2020.02.22.961136,disorder;human brain,review_scope,peripheral
005f55a71a27a468417203a0827e8e3462189cbf,Network communication models narrow the gap between the modular organization of structural and functional brain networks,2022,10.1101/2022.02.18.480871,clinical;human brain,direct_scope+resolution;network_science_scope,supported
f69d1c1ad3bb096311963caec1a3dedd47cbc2fd,The impact of epilepsy surgery on the structural connectome and its relation to outcome,2017,10.1016/j.nicl.2018.01.028,clinical;epilep;patient,network_science_scope,supported
31f93ba83aebc32a32d5abc4633bf0c79d0cde37,Neural signature of developmental coordination disorder in the structural connectome independent of comorbid autism.,2016,10.1111/desc.12424,autism;disorder,network_science_scope,supported
107110b934550bbb95dfe355de37aea3f6773a10,Disrupted functional connectome in antisocial personality disorder,2016,10.1007/s11682-016-9572-z,disorder;patient,network_science_scope,peripheral
a95bff5a13fc58f54042ae35a6212c5c168eb840,CDKL5 sculpts functional callosal connectivity to promote cognitive flexibility,2023,10.1038/s41380-023-01962-y,disorder,direct_scope+resolution,peripheral
bbb96f52f15c99b331b506e76462899005d382ee,Limits and reproducibility of resting-state functional MRI definition of DLPFC targets for neuromodulation,2018,10.1016/j.brs.2018.10.004,clinical;disorder,network_science_scope,supported
0f702f6cf03fa2c670f05eb90ac8b9005b2f6179,Large‐scale white matter network reorganization in posttraumatic stress disorder,2019,10.1002/hbm.24738,disorder;human brain;patient,network_science_scope,peripheral
0015050ee81c66d6d08ebefa1c3fda6bd1144cd3,Deep Learning Estimation of Multi-Tissue Constrained Spherical Deconvolution with Limited Single Shell DW-MRI,2020,10.1117/12.2549455,human brain,network_science_scope,peripheral
3d7f41cd9327a2798f2ac0c859b7c0c49d531a40,Mens sana in corpore sano: lifestyle changes modify astrocytes to contain Alzheimer’s disease,2021,10.4103/1673-5374.303023,alzheimer;disease;disorder;neurodegener;patholog;patient,direct_scope+resolution;health+direct_nanoscale_scope,peripheral
a05d17f5e592d90e47d9e03b8ba21f6af9d677de,Modern Methods for Interrogating the Human Connectome,2016,10.1017/s1355617716000060,disorder,network_science_scope;review_scope,supported
6ee5d388fb3809b756b7f7ff143a6f6f468eaf8e,High-Resolution Fiber Tract Reconstruction in the Human Brain by Means of Three-Dimensional Polarized Light Imaging,2011,10.3389/fninf.2011.00034,human brain,network_science_scope,supported
e374f10214c7e90db6849f56d65d438f6bb9e7f8,Disrupted Eye Gaze Perception as a Biobehavioral Marker of Social Dysfunction: An RDoC Investigation,2020,10.20900/jpbs.20200021,autism;clinical;disorder;patient,network_science_scope,supported
7ea602a55aab4807c2786f8855d99ec43c4349e8,Mapping the evolution of regional brain network efficiency and its association with cognitive abilities during the first twenty-eight months of life,2023,10.1016/j.dcn.2023.101284,human brain,network_science_scope,peripheral
df177d03a3c2987f729dcea31b5271251eb33025,Linking connectivity of deep brain stimulation of nucleus accumbens area with clinical depression improvements: a retrospective longitudinal case series,2023,10.1007/s00406-023-01683-x,clinical;disorder;patient,network_science_scope,peripheral
b2597ba56fe5d1dd9d549ee817478f88df2c54f1,Constrained spherical deconvolution provides evidence of extensive subcortical direct cerebellumbasal ganglia connections in human brain,2015,10.13128/ijae-17033,disorder;human brain,direct_scope+resolution;network_science_scope,peripheral
740f7450419680c2f36b41117e0617e141ff45f5,Graph Theory Measures and Their Application to Neurosurgical Eloquence,2023,10.3390/cancers15020556,clinical;human brain;patient,network_science_scope;review_scope,supported
e05aea8de9a5c930d343af411460930ccaaf8316,Clinical utility of structural connectomics in predicting memory in temporal lobe epilepsy,2020,10.1212/wnl.0000000000009457,clinical;epilep;patient,network_science_scope,peripheral
de4a03d7265fd39448c130e00675b4b7746cc113,Diffusion tensor tractography in children with sensory processing disorder: Potentials for devising machine learning classifiers,2019,10.1016/j.nicl.2019.101831,clinical;disorder,network_science_scope,peripheral
f724b443cafa64944921c8c6f65ff4389dd6e27d,Large brains: Big unknowns in cellular neuroscience.,2025,10.1016/j.conb.2025.102981,human brain,network_science_scope;review_scope,supported
0aa54352f61fedaab904dfcafb7cfcaf1229388a,Track Filtering via Iterative Correction of TDI Topology,2015,10.1007/978-3-319-24553-9_3,human brain,network_science_scope,peripheral
296a6c721a0a4a66e542079e9b0752c73832f6ab,Identifying High Order Brain Connectome Biomarkers via Learning on Hypergraph,2016,10.1007/978-3-319-47157-0_1,autism;clinical,network_science_scope,peripheral
bf291436a3cc3c9f06ff4cc97edf34b9209e7260,Adversarially Trained Persistent Homology Based Graph Convolutional Network for Disease Identification Using Brain Connectivity,2023,10.1109/tmi.2023.3309874,clinical;disease,network_science_scope,supported
d66e5f5d53deaeaa431719b98b70a520725e74c3,Exploring the Enigma of Neural Dynamics Through A Scattering-Transform Mixer Landscape for Riemannian Manifold,2024,,human brain,network_science_scope,supported
5bf1417cee1a8ac8690edc6c33f267af6386f522,On the topochronic map of the human brain dynamics,2021,10.1101/2021.07.01.447872,human brain;multiple sclerosis;patient,network_science_scope,peripheral
5efdbb0ac66be00b3488fbc0b378b37f83f4b36d,Analysis of structural network topology alterations in autism and its relationship with autism severity,2022,10.1101/2022.12.20.521280,autism;disorder,network_science_scope,peripheral
22702b7dd5a253340cad12db7528b94fb694fb82,The anatomy of the four streams of the prefrontal cortex. Preliminary evidence from a population based high definition tractography study,2023,10.3389/fnana.2023.1214629,patholog,network_science_scope,supported
f93d38780590fb12c3c562d2b4a9bdf9bf8ed2e2,"Combined Connectomics, MAPT Gene Expression, and Amyloid Deposition to Explain Regional Tau Deposition in Alzheimer Disease",2023,10.1002/ana.26818,alzheimer;disease,network_science_scope,peripheral
ca7a8a577370209d0459e2b21971b9339d8a0a17,Role of Graph Architecture in Controlling Dynamical Networks with Applications to Neural Systems,2017,10.1038/nphys4268,clinical;human brain,network_science_scope,supported
202bcc28bb512119187ef062c2a774b13a3ba101,Addiction: Informing drug abuse interventions with brain networks,2019,10.1016/b978-0-12-813838-0.00006-6,clinical;disease;disorder,network_science_scope,peripheral
0ac9a415584a4d0441985106731903662d73c1d0,"T184. BRAIN-WIDE FUNCTIONAL DYSCONNECTIVITY IN SCHIZOPHRENIA: PARSING DIATHESIS, RESILIENCE AND THE EFFECTS OF CLINICAL EXPRESSION",2018,10.1093/schbul/sby016.460,clinical;patient;schizophren,network_science_scope,peripheral
26306e84cea4d2afa3aeebb3c3e8e0214b462c52,Functional connectivity in ADHD children doing Go/No-Go tasks: An fMRI systematic review and meta-analysis,2023,10.1515/tnsci-2022-0299,disorder,network_science_scope;review_scope,peripheral
f1702631869d79e165e8581b8ba09b8bebced7c4,Fractal geometry predicts dynamic differences in structural and functional connectomes.,2025,10.1063/5.0283805,disease,network_science_scope,supported
205c563061bc75174d9b10f19dc67deb51aacc2e,"Common misconceptions, hidden biases and modern challenges of dMRI tractography",2020,10.1088/1741-2552/ab6aad,human brain,network_science_scope;review_scope,peripheral
23ada7de5b4692ff89bd3e28f1fc53c500c273d6,Multimodal Brain Connectomics-Based Prediction of Parkinson’s Disease Using Graph Attention Networks,2022,10.3389/fnins.2021.741489,disease;disorder;neurodegener;parkinson;patholog;patient,network_science_scope,supported
bfb4e1e2227ae0e59e5abcfd9aad83161e5028c2,Different alternations of static and dynamic brain regional topological metrics in schizophrenia and obsessive-compulsive disorder,2021,10.1192/j.eurpsy.2021.1397,clinical;disorder;patient;schizophren,network_science_scope,peripheral
71c2ad0a6e326fff817aec60fe0e832da4c434fe,Abnormal wiring of the connectome in adults with high-functioning autism spectrum disorder,2015,10.1186/s13229-015-0058-4,autism;disorder,network_science_scope,supported
fbc4104d24a091be3831edd8b5c999e57f819eb6,Neuroanatomic and Cognitive Abnormalities in Attention-Deficit/Hyperactivity Disorder in the Era of “High Definition” Neuroimaging,2014,10.1016/j.conb.2014.08.005,clinical;disorder,review_scope,peripheral
302c0316afdb6593328732ee0c2ea917ef9672f3,Learning disentangled representations to harmonize connectome network measures,2025,10.1117/1.jmi.12.1.014004,alzheimer;disease;multiple sclerosis;patient;traumatic brain injury,network_science_scope,peripheral
ffc207019fd86fea20bb9ee6ca34e24eb516f0a6,Physiology of oligodendroglia.,2026,10.1152/physrev.00023.2025,human brain,direct_scope+resolution;review_scope,supported
2157ccbf9888c1da2452bf1a9e1b6044b7b52ce3,Siamese Graph Convolutional Network quantifies increasing structure-function discrepancy over the cognitive decline continuum,2024,10.1016/j.cmpb.2024.108290,alzheimer;clinical;disease,network_science_scope,supported
3786e6ced6915b0b38cebf59c5dadc4e4d76be96,"Task-Related Controllability of Functional Connectome During a Working Memory Task in Schizophrenia, Bipolar Disorder, and Major Depressive Disorder",2025,10.34133/research.0792,clinical;disorder;patient;schizophren,direct_scope+resolution;health+direct_nanoscale_scope,peripheral
a8d962a6eb404f46f79adddc729918d8aea38153,"Predicting individual improvement in schizophrenia symptom severity at 1‐year follow‐up: Comparison of connectomic, structural, and clinical predictors",2020,10.1002/hbm.25020,clinical;disorder;human brain;schizophren,network_science_scope,peripheral
dc098772911a5ace32f4c4027ab5b4369fb1a579,Meta-connectomics: human brain network and connectivity meta-analyses,2016,10.1017/s0033291715002895,alzheimer;disease;disorder;human brain;schizophren,network_science_scope;review_scope,supported
65aee8d4afcad9e41b055fe157b2736c1a67f72a,Efficient Mapping of Diffusion Tensor Distribution in a Live Human Brain,,10.58530/2022/0870,human brain,direct_scope+resolution,peripheral
5212cf81a7bb57a86508ca480244fa04a950447f,Brain Network Fingerprints of Alzheimer’s Disease Risk Factors in Mouse Models with Humanized APOE Alleles,2024,10.1016/j.mri.2024.110251,alzheimer;clinical;disease;patholog,network_science_scope,core_candidate
3f0932815a1558339f15ff4835a04044816207fe,Functional network modules overlap and are linked to interindividual connectome differences during human brain development,2024,10.1371/journal.pbio.3002653,human brain,network_science_scope,supported
23a7a85a48d307de647adcb9b500fba977b3ced3,Metabolic and functional connectivity provide unique and complementary insights into cognition-connectome relationships,2021,10.1093/cercor/bhac150,human brain,network_science_scope,peripheral
11cf96dd96f94e6510734ac30346d0c7d3fa8930,Connectome-based graph metrics predict electroconvulsive therapy response in adults with depression.,2026,10.1016/j.jad.2026.122347,disorder;patient,network_science_scope,supported
447e46d5b0f3bdc9dab1f14bc934ee3e9ef02500,Ensemble Tractography,2016,10.1371/journal.pcbi.1004692,human brain,network_science_scope,peripheral
bfcd83c6bbabddaf996d1468a5d252a939f2d2ae,Brain network eigenmodes provide a robust and compact representation of the structural connectome in health and disease,2017,10.1371/journal.pcbi.1005550,disease;disorder;patholog,network_science_scope,supported
2d424f80509ce6fb4eb2557587c3b8a9a308f851,Micapipe: A pipeline for multimodal neuroimaging and connectome analysis,2022,10.1016/j.neuroimage.2022.119612,human brain,network_science_scope;proofreading_qc_scope,supported
60c7eaf439dc5c82e52ab8ef3e27689347913a3b,Abstracts from the Society for Clinical and Experimental Hypnosis 71st Annual Conference,2021,10.1080/00207144.2020.1858392,clinical;patient,people_development_scope;review_scope,peripheral
4280ae4609f4b302d2ef2b0a88e3b8844add68fd,Alternations and Applications of the Structural and Functional Connectome in Gliomas: A Mini-Review,2022,10.3389/fnins.2022.856808,clinical,review_scope,supported
5d5d387063be85e96a47e2e3bd2eee99784518f0,The autonomic brain: Multi-dimensional generative hierarchical modelling of the autonomic connectome,2021,10.1016/j.cortex.2021.06.012,disease,network_science_scope,peripheral
ff72c77a5ef57e729283ba72108043fe5068054d,Single-participant structural connectivity matrices lead to greater accuracy in classification of participants than function in autism in MRI,2020,,autism,network_science_scope,peripheral
72dae4022f78a95532bd95d6c1c0da64c74942cf,Synaptic recognition molecules in development and disease,2021,10.1016/bs.ctdb.2020.12.009,disease;disorder,direct_scope+resolution;health+direct_nanoscale_scope,supported
671029d666f1905923f758d6fdb8f17ba196ed85,High-Complexity Barcoded Rabies Virus for Scalable Circuit Mapping Using Single-Cell and Single-Nucleus Sequencing,2024,10.1101/2024.10.01.616167,disease,direct_scope+resolution;network_science_scope;health+direct_nanoscale_scope,supported
8918969593ffd0854587fff88c0ae42427e0336f,What Direct Electrostimulation of the Brain Taught Us About the Human Connectome: A Three-Level Model of Neural Disruption,2020,10.3389/fnhum.2020.00315,disorder;epilep;patient,review_scope,peripheral
582a41ea43556dc06613e471718f364980194a3c,Functional network alterations and their structural substrate in drug-resistant epilepsy,2014,10.3389/fnins.2014.00411,epilep,review_scope,peripheral
6d0a8e6015d06e62ef3f37075ecd5ff0e80a8741,Susceptibility to visual hallucinations in the amyotrophic lateral sclerosis-frontotemporal dementia spectrum: The role of dysfunctional attentional networks.,2025,10.1016/j.cortex.2025.08.014,clinical;disease;parkinson;patient;schizophren,proofreading_qc_scope,supported
8e8b3cc31573f81ceb781fda7526e992d0f27e2f,Perturbation of resting-state network nodes preferentially propagates to structurally rather than functionally connected regions,2021,10.1038/s41598-021-90663-z,human brain,network_science_scope,peripheral
16ab067b50407d93b222c382ea9ce8196af0326c,The Developing Human Connectome Project Neonatal Data Release,2022,10.3389/fnins.2022.886772,clinical,network_science_scope,peripheral
d5e73095c5dbc037cec8732ac57c570f6942c35b,GENERATIVE MODELS FOR LARGE-SCALE SIMULATIONS OF CONNECTOME DEVELOPMENT,2023,10.1109/icasspw59220.2023.10193544,patholog,network_science_scope,supported
a91c03fdb3fff99c7558514e7925281312226c2e,Sex is a defining feature of neuroimaging phenotypes in major brain disorders,2020,10.1002/hbm.25438,clinical;disease;disorder;human brain,review_scope,peripheral
c58370c0786e2cdd9e6bac6ba4f26a3aa25fd10f,Association of executive function with suicidality based on resting-state functional connectivity in young adults with subthreshold depression,2023,10.1038/s41598-023-48160-y,disorder,network_science_scope,supported
efecacf3a0cc9818b33012bc550042ae67b49d7e,Altered topology of the functional speech production network in non-fluent/agrammatic variant of PPA,2018,10.1016/j.cortex.2018.08.002,neurodegener;patient,network_science_scope,peripheral
