paper_id,title,year,doi,people_development_terms,scope_reasons,tier,authors
d8ccd0ce76fc8d0f9ec08caf19d0ad68650edb40,Computational Models of Typical and Atypical Brain Network Development.,2022,10.1016/j.biopsych.2022.11.012,course,network_science_scope;review_scope,core_candidate,P. Vértes
f1a9ad0fd8166c2e2cb1f29e7b07a23c3f37177e,Separate neural systems support representations for actions and objects during narrative speech in post-stroke aphasia,2015,10.1016/j.nicl.2015.11.013,course,network_science_scope;people_development_scope,supported,E. Gleichgerrcht; J. Fridriksson; C. Rorden; Travis Nesland; Rutvik H. Desai; L. Bonilha
782e2150e22bf5cc2969574b114d8cfef867cb40,Resting state dynamics meets anatomical structure: Temporal multiple kernel learning (tMKL) model,2019,10.1016/j.neuroimage.2018.09.054,training,network_science_scope;people_development_scope,peripheral,S. Surampudi; Joyneel Misra; G. Deco; R. Bapi; Avinash Sharma; Dipanjan Roy
38bc733a168d3cab72fd08e227b0ff044e0e3282,Task-Based Core-Periphery Organization of Human Brain Dynamics,2012,10.1371/journal.pcbi.1003171,course;training,direct_scope+resolution;people_development_scope,peripheral,D. Bassett; N. Wymbs; M. P. Rombach; M. Porter; P. Mucha; Scott T. Grafton
3b596184fb40dbc3e263b32e60f4c56e2a625971,WASPSYN: A Challenge for Domain Adaptive Synapse Detection in Microwasp Brain Connectomes,2024,10.1109/tmi.2024.3400276,training,direct_scope+resolution,core_candidate,Yicong Li; Wanhua Li; Qi Chen; Wei Huang; Yuda Zou; Xin Xiao; Kazunori Shinomiya; Pat Gunn; Nishika Gupta; A. Polilov; Yongchao Xu; Yueyi Zhang; Zhiwei Xiong; Hanspeter Pfister; D. Wei; Jingpeng Wu
0c07809262bcf3ab5d81f45d2305d353183f558a,Mediating role of feeder connections in the relationship between brain network efficiency and episodic memory in amnestic MCI.,2025,10.1016/j.clinph.2025.2110935,education,network_science_scope,supported,Lingling Li; Jie Ma; Jia-Jia Wu; Xin Xue; Kun-Peng Li; J. Lu; Rong-Rong Huang; Mouxiong Zheng; Xu-Yun Hua; Qi-Hao Guo; Jianguang Xu
27c032b4ad60c2fffc9881b26054ac97befe5e5d,Associations between delay discounting and connectivity of the valuation-control system in healthy young adults.,2020,10.1016/j.neuroscience.2020.11.026,course,people_development_scope,peripheral,Kavinash Loganathan; Jinglei Lv; V. Cropley; Eric Tatt Wei Ho; A. Zalesky
b1514cbd60dc98d90c1e6440d8fa32d2affd068e,Modeling and simulation for prediction of multiple sclerosis progression,2024,10.1016/j.compbiomed.2024.108416,course,people_development_scope;review_scope,supported,Vishnu Prathapan; Peter Eipert; Nicole Wigger; Markus Kipp; R. Appali; Oliver Schmitt
38a930aec77bc3cea1611abaeb2054c329dbcd97,Diffusion MRI microstructure models with in vivo human brain Connectome data: results from a multi-group comparison,2017,10.1002/nbm.3734,training,people_development_scope,peripheral,U. Ferizi; B. Scherrer; T. Schneider; M. Alipoor; Odin Eufracio; Rutger Fick; R. Deriche; M. Nilsson; Ana K. Loya‐Olivas; M. Rivera; D. Poot; Alonso Ramírez-Manzanares; J. Marroquín; Ariel S. Rokem; Christian Pötter; R. Dougherty; Ken E. Sakaie; C. Wheeler-Kingshott; S. Warfield; T. Witzel; L. Wald; J. Raya; D. Alexander
526c0f252c92042cd5f5893058b128ebc2cf896f,Opposing relationships of childhood threat and deprivation with stria terminalis white matter,2021,10.1002/hbm.25378,education,network_science_scope;people_development_scope,peripheral,Layla Banihashemi; Christine W. Peng; T. Verstynen; M. Wallace; Daniel N. Lamont; Hussain Alkhars; F. Yeh; Joseph E Beeney; H. Aizenstein; A. Germain
03b7b9aa9989222ddb8e44558f9d89ed89ce18cf,Brainnetformer: Decoding Brain Cognitive States with Spatial-Temporal Cross Attention,2023,10.1109/icassp49357.2023.10094655,training,network_science_scope,peripheral,Leheng Sheng; Wenhan Wang; Zhiyi Shi; Jichao Zhan; Youyong Kong
571c4b47ed9137c89c22fcc81f0f14e3c00f01cb,"Ensemble Deep Learning on Large, Mixed-Site fMRI Datasets in Autism and Other Tasks",2020,10.1142/s0129065720500124,training,people_development_scope,peripheral,M. Leming; J. M. Górriz; J. Suckling
f3fb8e8f4cd8552b7c7ed1c4951ef11567660611,Surface Generative Modelling of Neurodevelopmental Trajectories,2023,10.1101/2023.10.16.562598,training,network_science_scope;people_development_scope,peripheral,Abdulah Fawaz; Saga Masui; Logan Z. J. Williams; Simon Dahan; A. Edwards; E. Robinson
11cf12c064bd3b70d8a829f1f23d5078e7def1e8,iSparse kmeans: a two-step clustering approach for big dynamic functional network connectivity data,2022,10.1101/2022.03.13.484193,course,people_development_scope,peripheral,M. Sendi; D. Salat; Robyn Miller; V. Calhoun
9a4effda06152552c3c9e05a4e74f68e1a30d470,Predicting full-scale and verbal intelligence scores from functional Connectomic data in individuals with autism Spectrum disorder,2019,10.1007/s11682-019-00111-w,training,people_development_scope,peripheral,E. Dryburgh; Stephen Mckenna; I. Rekik
d05d97640399d45389ff239b62f2bf9b9dd645ac,Topology-Guided Cyclic Brain Connectivity Generation using Geometric Deep Learning.,2020,10.1016/j.jneumeth.2020.108988,training,network_science_scope;people_development_scope,peripheral,Abubakhari Sserwadda; I. Rekik
ab742b33579b3c447ccf71e4ac0e1785f3d28ab5,A Few-Shot Learning Graph Multi-trajectory Evolution Network for Forecasting Multimodal Baby Connectivity Development from a Baseline Timepoint,2021,10.1007/978-3-030-87602-9_2,training,network_science_scope,peripheral,Alaa Bessadok; Ahmed Nebli; M. Mahjoub; Gang Li; Weili Lin; D. Shen; I. Rekik
30d6e18770c86ffe0b8e93154e5c0e114c88cba7,Dynamics of Functional Network Organization Through Graph Mixture Learning,2021,10.1101/2021.05.25.445303,course,network_science_scope;people_development_scope,peripheral,Ilaria Ricchi; Anjali Tarun; Hermina Petric Maretic; P. Frossard; D. Van de Ville
c2df4847e93f1e18051a68758d28f660b18b44bd,Integration of white matter architecture to stereo-EEG better describes epileptic spike propagation.,2022,10.1016/j.clinph.2022.10.012,course,network_science_scope;people_development_scope,supported,Abdullah Azeem; N. von Ellenrieder; J. Royer; B. Frauscher; B. Bernhardt; J. Gotman
dec1eaeb9a70993ea01b4c81cb5a44f454e03961,A Deep Structured Learning Approach Towards Automating Connectome Reconstruction from 3D Electron Micrographs,2017,,training,direct_scope+resolution,core_candidate,Jan Funke; Fabian Tschopp; William Grisaitis; Arlo Sheridan; Chandan Singh; S. Saalfeld; Srinivas C. Turaga
4360bbd32cf38087c4d275c293b3a5b94738a895,Hub Disruption in HIV Disease and Cocaine Use: a Connectomics Analysis of Brain Function,2024,10.1016/j.drugalcdep.2024.112416,education,network_science_scope,supported,Kareem Al-Khalil; R. Bell; S. Towe; J. Cohen; S. Gadde; James Mu; Shana Hall; C. Meade
d1746dba175cf014a6aaca0766dcd6619cbbdc5c,Distance Correlation-Based Brain Functional Connectivity Estimation and Non-Convex Multi-Task Learning for Developmental fMRI Studies,2020,10.1109/tbme.2022.3160447,course,people_development_scope,peripheral,Li Xiao; Cai Biao; Gang Qu; Gemeng Zhang; J. Stephen; T. Wilson; V. Calhoun; Yu-ping Wang
ec3bc104de82b4c820f6b3628fa23b657c7d4fbb,Fingerprints of brain disease: connectome identifiability in Alzheimer’s disease,2024,10.1038/s42003-024-06829-8,course,people_development_scope,supported,S. Stampacchia; Saina Asadi; Szymon Tomczyk; F. Ribaldi; M. Scheffler; K. Lövblad; M. Pievani; Aïda B. Fall; M. G. Preti; Paul G. Unschuld; D. Van de Ville; Olaf Blanke; G. Frisoni; V. Garibotto; Enrico Amico
34b05f10ca13cc0045fd716d1f3bffa005b401d5,RhoanaNet Pipeline: Dense Automatic Neural Annotation,2016,,training,direct_scope+resolution,core_candidate,Seymour Knowles-Barley; V. Kaynig; T. Jones; A. Wilson; Joshua Morgan; Dongil Lee; D. Berger; N. Kasthuri; J. Lichtman; H. Pfister
fd9247079b9cc6be6b7f896c0fc354ca7e8fbbc1,Effective automated pipeline for 3D reconstruction of synapses based on deep learning,2018,10.1186/s12859-018-2232-0,training,direct_scope+resolution,core_candidate,Chi Xiao; Weifu Li; Hao Deng; Xi Chen; Yang Yang; Qiwei Xie; Hua Han
2e431587c8b4c36fef19b3cde5b29025ae9423ad,Two mechanisms for direction selectivity in a model of the primate starburst amacrine cell,2023,10.1017/s0952523823000019,course,direct_scope+resolution;people_development_scope,peripheral,Jiajia Wu; Y. Kim; D. Dacey; J. Troy; Robert G. Smith
a0437429bae0ee2a2c7542a5e2e30c2fa7119ba9,Neural connectivity predicts spreading of alpha-synuclein pathology in fibril-injected mouse models: Involvement of retrograde and anterograde axonal propagation,2019,10.1016/j.nbd.2019.104623,course,direct_scope+resolution;health+direct_nanoscale_scope,supported,Chris Mezias; Nolwen L. Rey; P. Brundin; A. Raj
3b8dcb45eb6f67e0558c85f5d947693bc4318151,Genetics of brain networks and connectivity,2019,10.1016/b978-0-12-813838-0.00008-x,education,people_development_scope,peripheral,E. Dennis; P. Thompson; N. Jahanshad
0cc199bd20b4ac2cca62066b18e522ad946d996d,BrainTGL: A dynamic graph representation learning model for brain network analysis,2023,10.1016/j.compbiomed.2022.106521,training,network_science_scope,supported,Lingwen Liu; Guangqi Wen; Peng Cao; Tianshun Hong; Jinzhu Yang; Xizhe Zhang; Osmar R. Zaiane
8215dec6951d59f00464899ff2cce10ae91c421e,Identifying the best data-driven feature selection method for boosting reproducibility in classification tasks,2020,10.1016/j.patcog.2019.107183,training,network_science_scope;people_development_scope,supported,Nicolas Georges; Islem Mhiri; I. Rekik; Alzheimer's Disease Neuroimaging Initiative
d360738f3aa0817768968b53e5a06670b47d7b12,Latent disconnectome prediction of long-term cognitive-behavioural symptoms in stroke,2023,10.1093/brain/awad013,training,review_scope,supported,Lia Talozzi; S. Forkel; Valentina Pacella; Victor Nozais; É. Allart; C. Piscicelli; D. Pérennou; D. Tranel; A. Boes; M. Corbetta; P. Nachev; Michel Thiebaut de Schotten
436438e4bf11fca7bcc4d841333f131724242211,Changes in the brain structural connectome after a prospective randomized clinical trial of lithium and quetiapine treatment in youth with bipolar disorder,2021,10.1038/s41386-021-00989-5,course,network_science_scope;people_development_scope,supported,Du Lei; Wenbin Li; Max Tallman; L. Patino; R. McNamara; J. Strawn; Christina C Klein; F. Nery; D. Fleck; Kun Qin; Yuan Ai; Jing Yang; Wenjing Zhang; S. Lui; Q. Gong; C. Adler; J. Sweeney; M. DelBello
594ae46f45d48335471a95d08b591a2b067e142f,Endoscopic-CT: Learning-Based Photometric Reconstruction for Endoscopic Sinus Surgery,2016,10.1117/12.2216296,training,people_development_scope,peripheral,A. Reiter; S. Léonard; Ayushi Sinha; M. Ishii; R. Taylor; Gregory Hager
7ddb070eaacf0efa7b68566e6ffb131421c89a18,NeuroNLP: a natural language portal for aggregated fruit fly brain data,2016,10.1101/092429,education;educational,network_science_scope;infrastructure_scope;people_development_scope,supported,Nikul H. Ukani; A. Tomkins; Chung-Heng Yeh; Wesley Bruning; Allison L. Fenichel; Yiyin Zhou; Yu-Chi Huang; Dorian Florescu; Carlos Luna Ortiz; P. Richmond; C. Lo; D. Coca; A. Chiang; A. Lazar
a3ac0edaa54c9a3539073a8b3ce6df36480c4acb,Neurite Orientation Dispersion and Density Imaging Reveals White Matter and Hippocampal Microstructure Changes Produced by Interleukin-6 in the TgCRND8 Mouse Model of Amyloidosis,2019,10.1016/j.neuroimage.2019.116138,course,network_science_scope;people_development_scope,supported,L. Colon-Perez; Kristen R. Ibanez; Mallory Suarez; Kristin Torroella; Kelly Acuna; Edward Ofori; Yona Levites; D. Vaillancourt; T. Golde; Paramita Chakrabarty; M. Febo
b708aa7347f6ef28281e1f64008c15014dff8525,Parallelized Hierarchical Connectome: A Spatiotemporal Recurrent Framework for Spiking State-Space Models,2026,,training,direct_scope+resolution,supported,Po-Han Chiang
5ebff4279f625099bd4f89b79fb717819070b98d,Leveraging STRAW +10 criteria to evaluate menopause stage effects on sleep quality.,2026,10.1080/13697137.2026.2675563,workshop,people_development_scope,peripheral,Shelby C Wood; Jacob van Doorn; S. Bookheimer; T. E. Nichols; B. Ances; Robert C. Welsh; Pauline M Maki
d346c97088cf9d4f15f072c13d5d155bfc08d434,Functional Connectome Organization is Altered in PD Patients with Mild Cognitive Impairment (P4.108),2016,10.1212/wnl.86.16_supplement.p4.108,education,network_science_scope;people_development_scope,peripheral,S. Galantucci; F. Agosta; I. Stanković; S. Basaia; T. Stojkovic; E. Stefanova; E. Canu; A. Meani; V. Kostic; M. Filippi
bf947f7f300e4d53a9f619fe5b3463386186f9d6,A Differentiable Approach to Multi-scale Brain Modeling,2024,10.48550/arxiv.2406.19708,training,direct_scope+resolution,supported,Chaoming Wang; Muyang Lyu; Tianqiu Zhang; Sichao He; Si Wu
49c8cd837d059a4e893f84bf6514173c9d42f479,Changes in Functional and Structural Brain Connectome Along the Alzheimer’s Disease Continuum (P3.033),2018,10.1212/wnl.90.15_supplement.p3.033,education,network_science_scope;people_development_scope,peripheral,F. Agosta; S. Basaia; E. Canu; F. Imperiale; G. Magnani; M. Falautano; G. Comi; A. Falini; Massimo Filippi
127b32e62fc7e4b1df02fa402d553087cf25e703,In vivo neuroplasticity in vestibular animal models.,2022,10.1016/j.mcn.2022.103721,course,direct_scope+resolution;network_science_scope;review_scope,peripheral,A. Zwergal; M. Lindner; M. Grosch; M. Dieterich
85224da91ed2de296400c016c5c60ca4d87b3b1d,Developmental trajectories of cortical thickness by functional brain network: The roles of pubertal timing and socioeconomic status,2022,10.1016/j.dcn.2022.101145,education,people_development_scope,peripheral,Ashley F. P. Sanders; Graham L. Baum; M. P. Harms; S. Kandala; S. Bookheimer; M. Dapretto; L. Somerville; K. Thomas; D. V. Van Essen; E. Yacoub; D. Barch
d6bee09f5d88adde7d8f6f8fce12a27d5fbf5696,Stability of Presynaptic Vesicle Pools and Changes in Synapse Morphology in the Amygdala Following Fear Learning in Adult Rats,2012,10.1002/cne.22691,training,direct_scope+resolution,supported,Linnaea E. Ostroff; C. Cain; N. Jindal; Najia Dar; Joseph E LeDoux
0407ec45a2cc3682c7e6110d1d92f4e235c9d79f,Structurally Restricted Message-Passing within Shallow Architectures for Explainable Network-Level Brain Decoding on Small Cohorts,2026,10.64898/2026.03.20.713136,training,network_science_scope,supported,José Diogo Marques dos Santos; Maria Beatriz Ramos; Luís Paulo Reis; José Paulo Marques dos Santos; B. Direito
4cd1a90bd850017a7392ee7cdedbf363751c319a,"IMPACT OF ALZHEIMER’S DISEASE ON SUPRACHIASMATIC NUCLEUS CONNECTIVITY, SLEEP REGULATION, AND CIRCADIAN RHYTHM",2024,10.1093/geroni/igae098.2306,training,direct_scope+resolution;health+direct_nanoscale_scope,supported,Yiyi Shen; H. Calligaro; M. Lam; Brian Khov; Keunyoung Kim; Won-Kyu Ju; M. Ellisman; Satchidananda Panda
46b368296c6d941a9687e6c72bd607e541ff67ff,Data-Efficient Brain Connectome Analysis via Multi-Task Meta-Learning,2022,10.1145/3534678.3542680,training,network_science_scope,supported,Yi Yang; Yanqiao Zhu; Hejie Cui; Xuan Kan; Lifang He; Ying Guo; Carl Yang
daab86164810318b29d317d3d2bdf555f3593a6e,Increased Neurite Orientation-Dispersion and Density in the TgCRND8 Mouse Model of Amyloidosis: Inverse Relation with Functional Connectome Clustering and Modulation by Interleukin-6,2019,10.1101/562348,course,network_science_scope;people_development_scope,peripheral,L. Colon-Perez; Kristen R. Ibanez; Mallory Suarez; Kristin Torroella; Kelly Acuna; Edward Ofori; Yona Levites; D. Vaillancourt; T. Golde; Paramita Chakrabarty; M. Febo
232740a6ebf2d87799035e4200212c24b608ec9c,A Connectomic Atlas of the Human Cerebrum-Chapter 12: Tractographic Description of the Middle Longitudinal Fasciculus.,2018,10.1093/ons/opy266,course,network_science_scope;people_development_scope,peripheral,Andrew K. Conner; Robert G. Briggs; M. Rahimi; Goksel Sali; Cordell M. Baker; Joshua D. Burks; Chad A. Glenn; J. Battiste; M. Sughrue
3807f11438d87a5d5cb87861fe7fe01d4c21545b,Lesion correlates of auditory sentence comprehension deficits in post-stroke aphasia,2022,10.1016/j.ynirp.2021.100076,course,network_science_scope,peripheral,Erica Adezati; Melissa D. Thye; A. Edmondson-Stait; J. Szaflarski; D. Mirman
37680090f534ae1dfdc4e7312cf6de8d7b22177a,Large Scale Image Segmentation with Structured Loss Based Deep Learning for Connectome Reconstruction,2019,10.1109/tpami.2018.2835450,training,direct_scope+resolution,core_candidate,Jan Funke; Fabian Tschopp; William Grisaitis; Arlo Sheridan; Chandan Singh; S. Saalfeld; Srinivas C. Turaga
e4b1b3dd9cec14cdf0378d56e18f1a15de78873e,Future directions for examination of brain networks in neurodevelopmental disorders,2018,10.1080/15374416.2018.1443461,course,people_development_scope,supported,L. Uddin; Katherine H. Karlsgodt
22c1317a7f5d13d28fbac7fee00a4346522c427f,Disentangled and Proportional Representation Learning for Multi-View Brain Connectomes,2021,10.1007/978-3-030-87234-2_48,training,network_science_scope;people_development_scope,peripheral,Yanfu Zhang; L. Zhan; Shandong Wu; Paul M. Thompson; Heng Huang
62081d70e3935c425210d8987098ca1e35dab066,Segmentation-Enhanced CycleGAN,2019,10.1101/548081,training,direct_scope+resolution;people_development_scope,core_candidate,Michał Januszewski; Viren Jain
6a8e7315c989775c8c8c88efb835498dc2b02982,Regression and alignment for functional data and network topology.,2024,10.1093/biostatistics/kxae026,course,network_science_scope;people_development_scope,peripheral,Danni Tu; Julia Wrobel; T. Satterthwaite; Jeff Goldsmith; Ruben C. Gur; R. Gur; Jan Gertheiss; Dani S. Bassett; Russell T. Shinohara
f24ced0d310ebc8b0c1ad69d9ab9a6f9b292d9ca,What connectomics can learn from genomics,2021,10.1371/journal.pgen.1009692,course,direct_scope+resolution;people_development_scope,core_candidate,Patrick B. Chen; J. Flint
48205344c103bdf452d54697cf2078b56a9f112b,Energy-efficient information processing and eligibility-trace plasticity in the Drosophila optic lobe connectome,2026,10.1038/s41598-026-52140-3,training,network_science_scope,supported,Nalin Dhiman; Siddharth Panwar
739839dfc86abf78765a67da847c9d69f400482a,"Whole-brain white matter organization, intelligence, and educational attainment",2018,10.1101/297713,education;educational,people_development_scope,peripheral,J. Bathelt; G. Scerif; K. Nobre; D. Astle
cf0ed65d149b47c437b9248050ce13eb5d1610db,High-throughput segmentation of unmyelinated axons by deep learning,2021,10.1038/s41598-022-04854-3,training,direct_scope+resolution,core_candidate,Emanuele Plebani; Natalia P. Biscola; L. Havton; Bartek Rajwa; Abida Sanjana Shemonti; Deborah M Jaffey; T. Powley; J. Keast; Kun-Han Lu; M. M. Dundar
60d11ca36eb0f4b7ffda3dc026ae7c31e1d62196,"Review for ""Investigating the brain structural connectome following working memory training in children born extremely preterm or extremely low birth weight""",2021,10.1002/jnr.24818/v1/review1,training,people_development_scope;review_scope,peripheral,Xiangyu Long
5d1e98156f91a3aba833d664155616e29f7370e2,Unsupervised learning of acquisition variability in structural connectomes via hybrid latent space modeling,2026,10.48550/arxiv.2605.13933,training,people_development_scope,peripheral,G. Rudravaram; L. Zuo; Karthik Ramadass; Elyssa M. McMaster; Jongyeon Yoon; A. Krishnan; Adam M. Saunders; Chenyu Gao; N. Newlin; Praitayini Kanakaraj; Lori L. Beason Held; Murat Bilgel; Laura A. Barquero; Micah D'Archangel; Tin Q. Nguyen; Laurie Cutting; D. Archer; T. Hohman; Daniel Moyer; Bennett A. Landman
0a5223eb33e90df3c177e25e157303f97c99f6dc,Instance Segmentation of Unlabeled Modalities via Cyclic Segmentation GAN,2022,10.48550/arxiv.2204.03082,training,direct_scope+resolution;people_development_scope,supported,Leander Lauenburg; Zudi Lin; Ruihan Zhang; M'arcia dos Santos; Siyu Huang; Ignacio Arganda-Carreras; E. Boyden; H. Pfister; D. Wei
93b6e2f6a5ae42f5b0567bb1b8037fcebff0b589,Brain network modularity predicts cognitive training-related gains in young adults,2019,10.1016/j.neuropsychologia.2019.05.021,training,network_science_scope;people_development_scope,supported,Pauline L. Baniqued; C. Gallen; Michael B. Kranz; A. Kramer; M. D’Esposito
61f08dc32e3c663446fe9442ef5a6c1c1cb0ff40,Predicting Spatio-Temporal Human Brain Response Using fMRI,2022,10.1007/978-3-031-16431-6_32,training,network_science_scope;people_development_scope,peripheral,Chongyue Zhao; L. Zhan; P. Thompson; Heng Huang
9c5c187d82b62a2bcb62d7a9d76316ba04b22002,A theory of learning with constrained weight-distribution,2022,10.48550/arxiv.2206.08933,training,direct_scope+resolution,peripheral,Weishun Zhong; Ben Sorscher; Daniel D. Lee; H. Sompolinsky
042970c60124ae545e272df49ee1f8bd9bf01593,Self-Supervised Transformer-Based Foundation Model for functional Magnetic resonance Imaging,2025,10.1109/embc58623.2025.11254125,training,people_development_scope,peripheral,Matteo Ferrante; Stefano Iervese; L. Astolfi; N. Toschi
ce80eacd0a439a91fe53fdb5b5729bdff9c4ac0b,Multiplex connectome changes across the Alzheimer’s spectrum,2021,10.1117/12.2593316,course,people_development_scope,peripheral,Anna Canal Garcia; E. Ruiz; Mite Mijalkov; Giovanni Volpe; J. Pereira
1de968b3b85fef05cc5ed04aaed171dbb78b7890,Data-driven Assessment of Structural Image Quality,2017,10.1101/125161,training,people_development_scope,peripheral,Adon F. G. Rosen; D. Roalf; K. Ruparel; J. Blake; Kevin Seelaus; P. Villa; Phillip A. Cook; C. Davatzikos; M. Elliott; Angel Garcia de la Garza; Efstathios D. Gennatas; M. Quarmley; J. Eric Schmitt; R. Shinohara; M. Dylan Tisdall; R. Cameron Craddock; R. Gur; R. Gur; T. Satterthwaite
ea32f3ea1184354ee2e2adfd7578d16261860306,Morphological Brain Age Prediction using Multi-View Brain Networks Derived from Cortical Morphology in Healthy and Disordered Participants,2019,10.1038/s41598-019-46145-4,training,people_development_scope,peripheral,J. Corps; I. Rekik
76b6bf1f564ebbdb3d7a08d5f9a8a0d4fbebe22c,Meta-RegGNN: Predicting Verbal and Full-Scale Intelligence Scores Using Graph Neural Networks and Meta-learning,2022,10.1007/978-3-031-16919-9_19,training,network_science_scope;people_development_scope,peripheral,Imen Jegham; I. Rekik
9ea0407b1fcdddce175da1b21c2535e836efe7eb,Summer School Connectomics 2014,2014,,summer school,people_development_scope,peripheral,Y. p
c6ce01f0ed874ba9c49effe523f65e221c29fb3a,The preprocessed connectomes project repository of manually corrected skull-stripped T1-weighted anatomical MRI data,2016,10.1101/067017,training,people_development_scope,peripheral,Benjamin Puccio; J. Pooley; J. Pellman; Elise C. Taverna; R. Craddock
5bb518fd23d246adeb9e86978d8c94f43b1e8079,Connectome development and a novel extension to the neurodevelopmental model of schizophrenia,2018,10.31887/dcns.2018.20.2/gcollin,course,review_scope,peripheral,G. Collin; M. Keshavan
abf378784dbea0c2307f1fe20b09f1a57087e4e5,Quantitative Assessment of Structural Image Quality,2017,10.1016/j.neuroimage.2017.12.059,training,people_development_scope,peripheral,Adon F. G. Rosen; D. Roalf; K. Ruparel; J. Blake; Kevin Seelaus; L. Villa; R. Ciric; Philip A Cook; C. Davatzikos; M. Elliott; Angel Garcia de La Garza; Efstathios D. Gennatas; M. Quarmley; J. Schmitt; R. Shinohara; M. Tisdall; R. Craddock; R. Gur; T. Satterthwaite
0ae7f83bb0717f7d1252ca9e722d6b2bfa23c90d,The controversial existence of the human superior fronto-occipital fasciculus: Connectome-based tractographic study with microdissection validation,2015,10.1002/hbm.22990,course,network_science_scope;people_development_scope,peripheral,Antonio Meola; A. Comert; F. Yeh; L. Ştefăneanu; J. Fernandez-Miranda
b850476ec09aaad28bbd9a8c7ba81bee716d594d,Fully-Automatic Synapse Prediction and Validation on a Large Data Set,2016,10.3389/fncir.2018.00087,training,direct_scope+resolution,core_candidate,Gary B. Huang; Louis K. Scheffer; Stephen M. Plaza
f3345cccaa20626381b82dd7ff85ef86d9677cb5,Shawn Mikula,2019,10.1002/cne.24724,education;mentor,direct_scope+resolution,supported,P. Hof
98f6c19ad8cc2705d0551e8924139189b88f4297,Structural Organization of the Brain Connectome in Patients with Psychogenic Dystonia (P1.040),2016,10.1212/wnl.86.16_supplement.p1.040,education,network_science_scope;people_development_scope,peripheral,S. Basaia; F. Agosta; A. Tomić; E. Sarasso; M. Svetel; S. Galantucci; V. Kostic; M. Filippi
efd596589e737b6b5bd00bb0a1790781516cef8d,The recurrent Hopfield mass model: Scalability and optimization,2025,10.1016/j.neunet.2025.108406,training,network_science_scope,supported,Martina Ferrazza; Giorgio Gosti; E. Milanetti; Sara Spadone; G. Ruocco; Stefania Della Penna
1ba6aa73c7d050046fa278c87f87b72bec851cb9,Spatial image gradient estimation from the diffusion MRI profile,2025,10.1101/2025.06.06.658348,course,infrastructure_scope;people_development_scope,supported,I. Aganj; Thorsten Feiweier; John E. Kirsch; B. Fischl; André J W van der Kouwe
2740d4d5d3a5fde4d692475788e19318cb3a35c0,"Pavlovian Conditioning of Larval Drosophila: An Illustrated, Multilingual, Hands-On Manual for Odor-Taste Associative Learning in Maggots",2017,10.3389/fnbeh.2017.00045,education,direct_scope+resolution,supported,B. Michels; T. Saumweber; Roland Biernacki; Jeanette Thum; R. D. Glasgow; M. Schleyer; Yi-Chun Chen; Claire Eschbach; R. Stocker; Naoko Toshima; T. Tanimura; Matthieu Louis; G. Arias-Gil; Manuela Marescotti; F. Benfenati; B. Gerber
28d9a77bd4a97b0791929a44d6bf0d450b41e3c8,Structural and functional brain connectome architecture in early onset Alzheimer’s disease and the behavioral variant of frontotemporal dementia (P2.084),2017,10.1212/wnl.88.16_supplement.p2.084,education,network_science_scope;people_development_scope,peripheral,M. Filippi; S. Basaia; E. Canu; S. Galantucci; A. Meani; F. Caso; G. Magnani; R. Santangelo; M. Falautano; A. Falini; G. Comi; F. Agosta
a048c0e13272eb6780ddc5a154d33326ab77e5dc,FedBrain: Federated Training of Graph Neural Networks for Connectome-based Brain Imaging Analysis.,2023,10.1142/9789811286421_0017,training,network_science_scope,supported,Yi Yang; Han Xie; Hejie Cui; †. CarlYang
5c4a3d8f93138cd1bd19ad231919505b49b528cd,NeuroGraph: Benchmarks for Graph Machine Learning in Brain Connectomics,2023,10.48550/arxiv.2306.06202,training,network_science_scope,supported,Anwar Said; Roza G. Bayrak; Tyler Derr; Mudassir Shabbir; Daniel Moyer; Catie Chang; X. Koutsoukos
28951dd65e2f14b3a5d138b439733798b4be648b,A Connectomic Hypothesis for the Hominization of the Brain,2020,10.1093/cercor/bhaa365,course,network_science_scope,supported,J. Changeux; A. Goulas; C. Hilgetag
afa37fa723e5659bdbeb7339940e8ff6b8c227fd,Task-Aware Effective Connectivity Modeling for Cognitive Function Prediction,2025,10.1109/jbhi.2025.3644481,training,network_science_scope,supported,Wantong Zou; Yu Li; Hu Xiang; Xun Chen; Aiping Liu
ae9a9d7901bc1bc28ec0ea2192cfe39262cf2c60,Towards Accurate Microstructure Estimation via 3D Hybrid Graph Transformer,2023,10.1007/978-3-031-43993-3_3,training,network_science_scope;people_development_scope,peripheral,Junqing Yang; Haotian Jiang; T. Tassew; P. Sun; Jiquan Ma; Yong Xia; P. Yap; Geng Chen
32061f1aa1afc163aa590c7d3f063fd7b65da39d,Neuproofreader: An Interactive Proofreading System with Suggestive Prompts for Connectomics,2024,10.1109/icmew63481.2024.10645359,workshop,proofreading_qc_scope,core_candidate,Yixiong Liu; Qihua Chen; Xuejin Chen
40a9143cf171029424dbbe9f23ef474226239765,Parameter inference on brain network models with unknown node dynamics and spatial heterogeneity,2021,10.1101/2021.09.01.458521,training,people_development_scope,peripheral,Viktor Sip; S. Petkoski; M. Hashemi; Viktor Jirsa
625e6ea577b7e41f84cc413ca67c61e65ec281be,Probabilistic Inference on Virtual Brain Models of Disorders,2024,10.1101/2024.02.21.581243,training,people_development_scope,peripheral,Meysam Hashemi; Abolfazl Ziaeemehr; M. Woodman; S. Petkoski; V. Jirsa
cb2a44f7aeb2f3f162b4ad0babcce2ddb873a662,Editorial: Neurobiology of Drosophila: the 19th NeuroFly-2022 meeting,2023,10.3389/fphys.2023.1237065,,direct_scope+resolution,supported,Jean-René Martin; A. Chatterjee; I. Salecker
1c82ca8dc422ac82beba819bcd2845e7fc04bf31,A historical perspective on training students to create standardized maps of novel brain structure: Newly-uncovered resonances between past and present research-based neuroanatomy curricula,2021,10.1016/j.neulet.2021.136052,course;curriculum;education;training;undergraduate,people_development_scope;review_scope,supported,Arshad M. Khan; Christina E. D’Arcy; Jeffrey T. Olimpo
d5f8bafa05778c5a81a3b231fcb46622b5d92f33,Advancing the Science of Recruitment and Retention in Alzheimer’s disease Clinical Studies among Spanish‐speaking immigrant Latino/Hispanic communities,2022,10.1002/alz.069442,education,people_development_scope,peripheral,M. Díaz-Santos; Stephanie G Ovalle Eliseo; G. Ryan; E. Talamantes; S. Bookheimer; Gerado Moreno
42a16ce5f6f3dca3bd77e3771c6cf4184b05e798,Topological Sensitivity in Connectome-Constrained Neural Networks,2026,10.48550/arxiv.2604.04033,training,network_science_scope,supported,Nalin Dhiman
d3e081d45292d73570c26a919e1112cbaabbe16d,A pan-mammalian map of interhemispheric brain connections predates the evolution of the corpus callosum,2018,10.1073/pnas.1808262115,course,network_science_scope,supported,Rodrigo Suárez; Annalisa Paolino; Laura R. Fenlon; Laura Morcom; Peter Kozulin; N. Kurniawan; L. Richards
f3cf3043529fdabf2d72a2fb910bdb20eee3b0d8,Electrophysiological validation of premotor interneurons monosynaptically connected to the aCC motoneuron in the Drosophila larval CNS,2020,10.1101/2020.06.17.156430,training,direct_scope+resolution,supported,Carlo N. G. Giachello; A. Zarin; H. Kohsaka; Yuen Ngan Fan; A. Nose; M. Landgraf; R. Baines
68b7d96c8204ca14afc24af86313709d397bd6e1,Brain connectivity alterations in early psychosis: from clinical to neuroimaging staging,2019,10.1038/s41398-019-0392-y,course,people_development_scope,peripheral,A. Griffa; P. Baumann; P. Klauser; Emeline Mullier; M. Cleusix; R. Jenni; M. P. van den Heuvel; K. Do; P. Conus; P. Hagmann
d55c96159bd74de1ab196a5bd6c1c94c97089ade,Overlapping connectivity gradients in the anterior temporal lobe underlie semantic cognition,2020,10.1101/2020.05.28.121137,course,network_science_scope;people_development_scope,peripheral,Myrthe Faber; I. Przeździk; G. Fernández; K. Haak; C. Beckmann
e9b25bff351f4c6121ab74490204a2add4a99695,Converting Biological Neural Networks to DAGs: Evaluation of Customized Algorithms on C. Elegans,2023,10.1109/urtc60662.2023.10534957,undergraduate,network_science_scope,supported,Benjamin Li
01b94a9875076c421598c22ad9fa6fcc0fa3a385,Radon-Like features and their application to connectomics,2010,10.1109/cvprw.2010.5543594,workshop,network_science_scope,supported,Ritwik K. Kumar; Amelio Vázquez Reina; H. Pfister
cadd33e7afa1ebf2cffe0b896564d35d0d834c14,Automated Retinofugal Visual Pathway Reconstruction with Multi-shell HARDI and FOD-based Analysis,2015,10.1016/j.neuroimage.2015.11.005,course,network_science_scope;people_development_scope,peripheral,Alexandra Kammen; M. Law; B. Tjan; A. Toga; Yonggang Shi
2aa115998c079f0557c07b3f134105da32074f43,Synaptic Cleft Segmentation in Non-Isotropic Volume Electron Microscopy of the Complete Drosophila Brain,2018,10.1007/978-3-030-00934-2_36,training,direct_scope+resolution,core_candidate,Larissa Heinrich; Jan Funke; Constantin Pape; Juan Nunez-Iglesias; S. Saalfeld
5c432b6782d1c4b622c1703a245d57f39a53b66e,"Functional co-activation of the default mode network in APOE ε4-carriers: A replication study ,",2021,10.1016/j.neuroimage.2021.118304,course,people_development_scope,peripheral,L. J. Mentink; Joao Guimaraes; Myrthe Faber; E. Sprooten; M. Rikkert; K. Haak; C. Beckmann
558a888e9315df5820afa3e820c2d8943e179560,MATHEMATICAL MODELLING OF SURVIVAL IN LOW GRADE GLIOMAS AT MALIGNANT TRANSFORMATION WITH XGBOOST,2024,10.1093/neuonc/noae158.048,training,people_development_scope,peripheral,M. Tan; Dr James Ruﬄe; Ms Samia Mohinta; D. J. Rees; Prof Sebastian Brandner; P. Nachev; Dr Harpeet Hyare
fafb0770d9216e4c451f572b9465e96ae9514250,Extended reality in the changing landscape of cranial neurosurgery: Role of image fusions and connectomics in precision and safety.,2025,10.1016/j.jocn.2025.111652,education;educational;training,people_development_scope;review_scope,supported,Gagandeep Singh; Annie Singh; Tejasvi Kainth; S. S. Menon; Shubham Jain; V. Spektor; Prateek Prasanna; Sunil Manjila
6de7a2c757c0894f93d7e55ffd596ea5c32ee2e4,ConnectoFM: A Foundation Model for Learning the Language of the Connectome,2026,10.64898/2026.06.06.730367,training,direct_scope+resolution;people_development_scope,core_candidate,Abrar Rahman Abir; Anik Saha; Ruwad Naswan; Md. Shamsuzzoha Bayzid
914493509ab00983055e1d304e1c2084e725c593,Uncovering multi-site identifiability based on resting-state functional connectomes,2018,10.1016/j.neuroimage.2019.06.045,training,people_development_scope,peripheral,Sumra Bari; E. Amico; Nicole L. Vike; T. Talavage; J. Goñi
165b3c5cfc3364a8982a6e4a45caf5d91575528b,Multiscale Imaging Reveals Aberrant Functional Connectome Organization and Elevated Dorsal Striatal Arc Expression in Advanced Age,2019,10.1523/eneuro.0047-19.2019,training,direct_scope+resolution,supported,L. Colon-Perez; Sean M. Turner; Katelyn N. Lubke; Marjory Pompilus; M. Febo; S. Burke
2d3e1194a25699f3f20304828e10b074b6958430,Morphological Diversity Strongly Constrains Synaptic Connectivity and Plasticity,2017,10.1093/cercor/bhx150,training,direct_scope+resolution;network_science_scope,supported,Michael W. Reimann; Anna-Lena Horlemann; Srikanth Ramaswamy; Eilif B. Muller; H. Markram
33cdf848e9321bc0f88d49af39a2518bde2c1666,A Brain Graph Foundation Model: Pre-Training and Prompt-Tuning across Broad Atlases and Disorders,2025,,training,network_science_scope,supported,Xinxu Wei; K. Zhao; Yong Jiao; Lifang He; Yu Zhang
ebaa523d858bcc1c6f9aae03d4416d9983a87f25,Connectome architecture shapes large-scale cortical alterations in schizophrenia: a worldwide ENIGMA study,2023,10.1038/s41380-024-02442-7,course,network_science_scope;people_development_scope,supported,F. Georgiadis; S. Larivière; David C. Glahn; L. Hong; P. Kochunov; B. Mowry; C. Loughland; Christos Pantelis; F. Henskens; Melissa J Green; M. Cairns; Patricia T. Michie; P. Rasser; P. Tooney; Rodney J. Scott; S. Catts; U. Schall; V. Carr; Y. Quidé; A. Krug; F. Stein; I. Nenadić; Katharina Brosch; T. Kircher; Raquel Gur; R. Gur; T. Satterthwaite; A. Karuk; Edith Pomarol- Clotet; J. Raduà; P. Fuentes-Claramonte; R. Salvador; G. Spalletta; A. Voineskos; K. Sim; Benedicto Crespo-Facorro; Diana Tordesillas Gutiérrez; Stefan Ehrlich; N. Crossley; D. Grotegerd; J. Repple; R. Lencer; U. Dannlowski; V. Calhoun; C. Demro; I. Ramsay; S. Sponheim; A. Schmidt; Stefan Borgwardt; A. Tomyshev; I. Lebedeva; C. Hoschl; F. Španiel; Adrian Preda; D. Nguyen; A. Uhlmann; Dan J Stein; F. Howells; H. Temmingh; Ana M. Diaz Zuluaga; Carlos López Jaramillo; F. Iasevoli; Ellen Ji; S. Homan; W. Omlor; Philipp Homan; S. Kaiser; E. Seifritz; B. Mišić; S. Valk; P. Thompson; T. V. van Erp; Jessica A Turner; B. Bernhardt; M. Kirschner
f49657194970da3eaed8daf889ffe3afe3f75e37,Progression of Parkinson’s Disease: A Longitudinal MRI Study of Functional Brain Connectome in a Large Cohort of Patients (P5.8-010),2019,10.1212/wnl.92.15_supplement.p5.8-010,education,network_science_scope;people_development_scope,supported,M. Filippi; S. Basaia; Homa Zahedmanesh; T. Stojkovic; I. Stanković; V. Marković; I. Petrović; E. Stefanova; V. Kostic; F. Agosta
5820f08ac559b4cf183a26ae97a101eeebc71ade,An effective AI integrated system for neuron tracing on anisotropic electron microscopy volume,2021,10.1016/j.bspc.2021.102829,training,direct_scope+resolution;people_development_scope,core_candidate,Jing Liu; Bei Hong; Xi Chen; Qiwei Xie; Yuanyan Tang; Hua Han
519ba2bec52ccc716157857ad89802c66fa74f4c,Multi-label Inductive Matrix Completion for Joint MGMT and IDH1 Status Prediction for Glioma Patients,2017,10.1007/978-3-319-66185-8_51,training,people_development_scope,peripheral,Lei Chen; Han Zhang; Kimhan Thung; Luyan Liu; Junfeng Lu; Jinsong Wu; Qian Wang; D. Shen
55f23116001c5df71f9840d216ec6970a6528ba2,MACS: Multi Domain Adaptation Enables Accurate Connectomics Segmentation,2025,10.1101/2025.09.30.679580,training,direct_scope+resolution;proofreading_qc_scope;people_development_scope,core_candidate,Abrar Rahman Abir; Anik Saha; Md. Shamsuzzoha Bayzid
7ceb2f5d2fe3ac9ca8b93df5cac0f40e046b2b58,Characterizing cerebral hemodynamics across the adult lifespan with arterial spin labeling MRI data from the Human Connectome Project-Aging,2021,10.1016/j.neuroimage.2021.117807,course,people_development_scope,peripheral,M. Juttukonda; Binyin Li; Randa Almaktoum; Kimberly A. Stephens; Kathryn M. Yochim; E. Yacoub; R. Buckner; D. Salat
f20c95b5820af9208a9d0d982348a604e75b877d,Multi-View Learning-Based Data Proliferator for Boosting Classification Using Highly Imbalanced Classes.,2019,10.1016/j.jneumeth.2019.108344,training,people_development_scope,peripheral,Olfa Graa; I. Rekik
d2d8a5d35cb6f7618f0c111a9f4215ceddde307e,"Connectome architecture, gene expression and functional co-activation shape the propagation of misfolded proteins in neurodegenerative disease",2018,10.1101/449199,course,people_development_scope,peripheral,Ying-Qiu Zheng; Yu Zhang; Y. Yau; Y. Zeighami; K. Larcher; B. Mišić; A. Dagher
694f0a57899c96f5c8983b32274883c80f6d92fb,Development of an educational method to rethink and learn oncological brain surgery in an “a la carte” connectome-based perspective,2023,10.1007/s00701-023-05626-2,education;educational,people_development_scope,peripheral,P. Valdes; S. Ng; J. Bernstock; H. Duffau
16d75d99e071b9469aac96e75b1382c860aecdc1,ConnectomeNet: A Unified Deep Neural Network Modeling Framework for Multi-Task Learning,2023,10.1109/access.2023.3258975,curriculum;training,network_science_scope,peripheral,Heechul Lim; Kang-Wook Chon; Min-Soo Kim
f825fc0ff4e605afce865052c4bf20f0240fff09,mEMbrain: an interactive deep learning MATLAB tool for connectomic segmentation on commodity desktops,2023,10.3389/fncir.2023.952921,training,direct_scope+resolution;proofreading_qc_scope;people_development_scope,core_candidate,Elisa C. Pavarino; Emma Yang; N. Dhanyasi; Mona D. Wang; Flavie Bidel; Xiaotang Lu; Fuming Yang; Core Francisco Park; Mukesh Bangalore Renuka; Brandon Drescher; Aravinthan D. T. Samuel; B. Hochner; P. Katz; Mei Zhen; J. Lichtman; Y. Meirovitch
c4621be5001b69ea9057f026bea8e64b73e5c078,PyTorch Connectomics: A Scalable and Flexible Segmentation Framework for EM Connectomics,2021,,training,direct_scope+resolution;review_scope,core_candidate,Zudi Lin; D. Wei; J. Lichtman; H. Pfister
75798a10fef6b2ae702bf09dafe0d3c97d2290fd,Surface Vision Transformers: Flexible Attention-Based Modelling of Biomedical Surfaces,2022,10.48550/arxiv.2204.03408,training,network_science_scope;people_development_scope,peripheral,Simon Dahan; Hao Xu; Logan Z. J. Williams; Abdulah Fawaz; Chunhui Yang; T. Coalson; M. Williams; D. Newby; A. Edwards; M. Glasser; A. Young; D. Rueckert; E. Robinson
753886d02d0014e302fd7ab3af7b50d3bbc71be2,The XPRESS Challenge: Xray Projectomic Reconstruction - Extracting Segmentation with Skeletons,2023,10.48550/arxiv.2302.03819,training,direct_scope+resolution;people_development_scope,core_candidate,Tri M. Nguyen; Mukul Narwani; Mark Larson; Yicong Li; Shuhan Xie; H. Pfister; D. Wei; N. Shavit; Lu Mi; A. Pacureanu; W. Lee; Aaron T. Kuan
0fc0377b6f7a1634e8d56a25e332824f590ffed7,"MCP, mcp",2020,10.1002/9783527809080.cataz10279,course;graduate student,direct_scope+resolution;review_scope,peripheral,X. Brannmjk
ec1e6d061e68b4f83b2eae5ee7f05a66570d364a,Decoding neuronal wiring by joint inference of cell identity and synaptic connectivity,2025,10.1101/2025.03.04.640006,course,direct_scope+resolution,supported,Himanshu Pawankumar Gupta; Anthony W. Azevedo; Yu-Chieh David Chen; Kristi Xing; Peter A. Sims; E. Varol; Richard S. Mann
170f220f33688f53587f8ac056b5bb398a029c54,Commentary “Reinstatement of long-term memory following erasure of its behavioral and synaptic expression in Aplysia”,2015,10.3389/fpsyg.2015.01112,course,direct_scope+resolution,peripheral,Patrick C. Trettenbrein
f0f2de1d90c0b3b19897103207e56311b2539dc8,Structural brain networks and functional motor outcome after stroke—a prospective cohort study,2020,10.1093/braincomms/fcaa001,course,network_science_scope,supported,E. Schlemm; R. Schulz; M. Bönstrup; Lutz A. Krawinkel; J. Fiehler; C. Gerloff; G. Thomalla; B. Cheng
84d0b3edee2f5fb718d93ec93c251f1b85eb82ff,Beyond Agreement: Standardizing Crowdsourced Synapse Annotations through Proofreading in EM Connectomics,2026,10.1101/2025.09.26.678851,training,direct_scope+resolution;proofreading_qc_scope;people_development_scope;review_scope,core_candidate,Shi Yan Lee; Ana Correia; Nicolò Ceffa; Miranda Robbins; Daniel Franco-Barranco; Marta Zlatic; Albert Cardona; Samia Mohinta
22a4ed0bf5b337f4cda625b37e4c6768ef99b55e,Everyone Can Meditate: Characterizing a Personalized Connectomic State Space among Meditation Groups and Non-meditators,2020,10.1101/2020.06.19.162461,training,network_science_scope;people_development_scope,peripheral,Jacob van Doorn; Mengqi Xing; B. Cahn; A. Delorme; Olusola Ajilore; A. Leow
f7adc2befa6fec72f0aa68f1d0478886122c0358,The ventral pathway of the human brain: A continuous association tract system,2021,10.1016/j.neuroimage.2021.117977,course,network_science_scope,supported,C. Weiller; M. Reisert; I. Peto; J. Hennig; N. Makris; M. Petrides; M. Rijntjes; K. Egger
06c792481a6488558cd71b3eb3ef2a31c7ce915e,Image quality transfer and applications in diffusion MRI,2017,10.1016/j.neuroimage.2017.02.089,training,network_science_scope;people_development_scope,peripheral,D. Alexander; Darko Zikic; A. Ghosh; Ryutaro Tanno; Viktor Wottschel; Jiaying Zhang; Enrico Kaden; T. Dyrby; S. Sotiropoulos; Hui Zhang; A. Criminisi
0ca01e9a1670ec8571bbb367df253715093b201f,Optical Imaging in Brainsmatics,2019,10.3390/photonics6030098,,review_scope,supported,Hua Shi; Yue Guan; Jianwei Chen; Qingming Luo
c6e34f538898d3b10edec643a6ba06de85dc2fcb,"An atlas of white matter anatomy, its variability, and reproducibility based on constrained spherical deconvolution of diffusion MRI",2021,10.1016/j.neuroimage.2022.119029,education;educational,network_science_scope;people_development_scope;review_scope,supported,A. Radwan; S. Sunaert; K. Schilling; M. Descoteaux; B. Landman; M. Vandenbulcke; T. Theys; P. Dupont; L. Emsell
ec9204953424545c8ca42f8fe8aed597b5eb45e1,Brain Mapping of Behavioral Domains Using Multi-Scale Networks and Canonical Correlation Analysis,2022,10.3389/fnins.2022.889725,training,people_development_scope,peripheral,Izaro Fernandez-Iriondo; A. Jimenez-Marin; Basilio Sierra; N. Aginako; P. Bonifazi; J. Cortes
029d8db7d331902d6a9cbbb9d9a5f7fa4a5515a3,Using diffusion MRI data acquired with ultra-high gradient strength to improve tractography in routine-quality data,2021,10.1016/j.neuroimage.2021.118706,training,network_science_scope,supported,Chiara Maffei; Christine Lee; M. Planich; Manisha Ramprasad; N. Ravi; Daniel Trainor; Z. Urban; Mingu Kim; Robert J. Jones; A. Henin; S. Hofmann; Diego Pizzagalli; R. Auerbach; J. Gabrieli; Susan L. Whitfield-Gabrieli; D. Greve; Suzanne N. Haber; A. Yendiki
a5ed0a96f533ee725e1dcf4a979a83a124cd06a3,Brain-computer interface training for multimodal functional recovery in patients with brain injury: a case series,2025,10.21037/qims-2025-1136,training,network_science_scope,supported,Peili Cao; Shijie Guo; Gangli Zhang; Xiang Zan; Junhao Wang; Fulong Zhang; J. Muñoz; Brandon Lucke-Wold; Rui Cheng
70c5658954f1730ad72824a3841699dd5444f320,Structural plasticity on an accelerated analog neuromorphic hardware system,2019,10.1016/j.neunet.2020.09.024,training,direct_scope+resolution;network_science_scope,core_candidate,Sebastian Billaudelle; Benjamin Cramer; Mihai A. Petrovici; Korbinian Schreiber; D. Kappel; J. Schemmel; K. Meier
f2c65d3dd15e99c224b2b0d4fafeda4211d3994a,Cardiovascular Risk Factors and Brain Health: Impact on Long‐Range Cortical Connections and Cognitive Performance,2018,10.1161/jaha.118.010054,education,network_science_scope,supported,Barbara K Marebwa; R. Adams; G. Magwood; Alexandra Basilakos; M. Mueller; C. Rorden; J. Fridriksson; L. Bonilha
f7d084a9d3f832701a12eb0f2e4be96e161dfbc0,Hybrid Graph Transformer for Tissue Microstructure Estimation with Undersampled Diffusion MRI Data,2022,10.1007/978-3-031-16431-6_11,training,network_science_scope;people_development_scope,supported,Geng Chen; Haotian Jiang; Jiannan Liu; Jiquan Ma; Hui Cui; Yong Xia; P. Yap
f50577edddef14e827b926c8740791a0ae2fc161,Brain Connectivity and Mental Illness,2012,10.3389/fpsyt.2012.00072,course;workshop,people_development_scope;review_scope,supported,A. Fornito; B. Harrison
5a1c4679187a50ab5999b83d6ad5d3cb5dc9d7b1,Closing the gap from transcription to the structural connectome enhances the study of connections in the human brain,2020,10.1002/dvdy.218,course,network_science_scope;review_scope,supported,C. Charvet
51c284849cc02d4b7f7825b8ddbf7ca2d7d50872,Neural connectome features of procrastination: Current progress and future direction.,2022,10.1016/j.bandc.2022.105882,course,review_scope,peripheral,Zhiyi Chen; T. Feng
5338fcb20a5120db7ba8415d3617fb88e85677d4,Synaptic Connectivity in Anatomically Realistic Neural Networks: Modeling and Visual Analysis,2012,10.2312/vcbm/vcbm12/017-024,workshop,direct_scope+resolution,supported,V. J. Dercksen; R. Egger; H. Hege; M. Oberländer
e964254b078daedca6227897a4d8913f140463ed,Frequency-Specific Resting-State MEG Network Characteristics of Tinnitus Patients Revealed by Graph Learning,2025,10.1101/2025.03.10.642147,course,network_science_scope;people_development_scope,supported,P. S. Shabestari; Harry H. Behjat; D. Van de Ville; Christopher R. Cederroth; N. Edvall; A. Naas; Tobias Kleinjung; Patrick Neff
4f7cc10e97e52463e7f81115d7c17c7e4e9a9a95,Brain fingerprinting using EEG graph inference,2023,10.1101/2023.03.11.532201,course,network_science_scope;people_development_scope,peripheral,M. Miri; V. Abootalebi; E. Amico; Hamid Saeedi-Sourck; D. Van de Ville; Harry H. Behjat
15434d389c900723fd2aeb884d3cb23dbb1303e3,Constraining computational models using electron microscopy wiring diagrams.,2019,10.1016/j.conb.2019.07.007,training,direct_scope+resolution;review_scope,core_candidate,Ashok Litwin-Kumar; Srinivas C. Turaga
924c0cd723e283632605cfbc791affbcb95ef89b,Connectomics Sheds New Light on Alzheimer's Disease,2013,10.1016/j.biopsych.2013.01.004,course,network_science_scope;infrastructure_scope;people_development_scope,supported,A. Toga; P. Thompson
53e94cc89478acd71610af1e4825a92c0fd785e7,The cumulative impact of clinical risk on brain networks and associations with executive function impairments in adolescents with congenital heart disease,2023,10.1002/hbm.70028,education,network_science_scope,supported,M. Ehrler; A. Speckert; Oliver Kretschmar; Ruth Tuura O’Gorman; Beatrice Latal; A. Jakab
465f3202f2898ec52299c68b4d2c207d64cc110d,Use of Random Matrix Theory in the Discovery of Resting State Brain Networks,2020,10.1016/j.mri.2020.12.004,course,network_science_scope,supported,R. Bansal; B. Peterson
dac4b56364f55fd6d4994511ff8a39db83291470,A Population-Based Atlas of the Macroscale Structural Connectome in the Human Brain,2017,10.1101/136473,education;educational,network_science_scope;people_development_scope,supported,F. Yeh; S. Panesar; David Fernandes; A. Meola; Masanori Yoshino; J. Fernandez-Miranda; J. Vettel; T. Verstynen
309e54fcca10511e49f31b6a0f0c07c8a6c3790c,A Topological Nomenclature for 3D Shape Analysis in Connectomics,2019,10.1109/cvprw50498.2020.00501,workshop,direct_scope+resolution;network_science_scope,supported,Abhimanyu Talwar; Zudi Lin; D. Wei; Yuesong Wu; Bowen Zheng; Jinglin Zhao; Won-Dong Jang; Xueying Wang; J. Lichtman; H. Pfister
06920ef71102871a4539f72ca8d4ad235045d3aa,"Deep-learning-assisted simulation of a cortical circuit: integrating anatomy, physiology and function",2026,10.64898/2026.03.13.711751,training,direct_scope+resolution;people_development_scope,supported,S. Ito; Darrell Haufler; J. G. Fraile; Kael Dai; Joseph Aman; Guozhang Chen; Claudio R. Mirasso; Wolfgang Maass; Anton Arkhipov
01391cdf10296c6fb4545e0f6ed5443b3636cfe1,Using Pareto optimality to explore the topology and dynamics of the human connectome,2014,10.1098/rstb.2013.0530,training,network_science_scope,supported,Andrea Avena-Koenigsberger; J. Goñi; Richard F. Betzel; M. P. van den heuvel; A. Griffa; P. Hagmann; J. Thiran; O. Sporns
766a09a3442131c5405fcec2426e28bfb331cc87,COMP-03. TUMOR CONNECTOME: INSIGHT INTO THE IMPACT OF CNS NEOPLASIA AND THERAPY ON THE BRAIN NETWORK,2018,10.1093/neuonc/noy148.258,training,direct_scope+resolution,peripheral,D. Parker; J. A. Alappatt; M. Elliott; S. Brem; R. Verma
af9fed9dd5d8065b8438f99a4e35b426260175ed,Advancing Connectomics: High-Precision Neural Structure Segmentation Using U-Net-Based Model,2023,10.1109/uemcon59035.2023.10316141,training,direct_scope+resolution,supported,A. Bhattacharjee; Debi Majumdar; Snehil Dey; Srijita Sarkar
1d68d73e56c7aebbb1a60004eca66119f77ef3a3,Stability of Flow Models for Graph Signals,2026,,training,network_science_scope,peripheral,Martin Schmidt; Gonzalo Mateos
6dbeae4c1d7db2d29752202df9c058f3ad73af39,Diffusion MRI GAN synthesizing fibre orientation distribution data using generative adversarial networks,2025,10.1038/s42003-025-07936-w,training,people_development_scope,supported,Sebastian Vellmer; D. Aydogan; Timo Roine; A. Cacciola; Thomas Picht; L. Fekonja
ed776cfe3b6a93c2408c91d1167f8b62ce8c3924,Modeling Hierarchical Brain Networks via Volumetric Sparse Deep Belief Network,2020,10.1109/tbme.2019.2945231,training,people_development_scope,peripheral,Qinglin Dong; Fangfei Ge; Qiang Ning; Yu Zhao; Jinglei Lv; Heng Huang; Jing Yuan; Xi Jiang; D. Shen; Tianming Liu
02a37cdfe54d0af066cd0a6e5b97f106a304ed1c,An investigation of the association between focal damage and global network properties in cognitively impaired and cognitively preserved patients with multiple sclerosis,2023,10.3389/fnins.2023.1007580,education,network_science_scope;people_development_scope,peripheral,A. Wenger; M. Barakovic; Sara Bosticardo; S. Schaedelin; Alessandro Daducci; S. Schiavi; M. Weigel; R. Rahmanzadeh; Po-Jui Lu; A. Cagol; L. Kappos; J. Kuhle; P. Calabrese; C. Granziera
620c41d0adcbabc209a30ae3aa92171b41607038,Assessing Brain System Dysfunction In Amnesic Mild Cognitve Impairment Through MRI-Based Connectomics (P4.012),2014,10.1212/wnl.82.10_supplement.p4.012,course,network_science_scope;people_development_scope,peripheral,F. Agosta; E. Canu; S. Galantucci; A. Meani; G. Magnani; A. Marcone; A. Falini; G. Comi; M. Filippi
35bd7b5aa0c98a115eee4f6d8b7ae6414f808ade,Generalising the HCP multimodal cortical parcellation to UK Biobank,2023,10.1101/2023.03.14.532531,training,network_science_scope;people_development_scope,peripheral,Logan Z. J. Williams; M. Glasser; F. Alfaro-Almagro; Simon Dahan; Abdulah Fawaz; T. Coalson; S. Fitzgibbon; Mohamed A. Suliman; D. V. Van Essen; Stephen M. Smith; A. Edwards; E. Robinson
03370443cebc3501b3f5024635af8739052e60e2,Joint functional brain network atlas estimation and feature selection for neurological disorder diagnosis with application to autism,2019,10.1016/j.media.2019.101596,training,people_development_scope,peripheral,Islem Mhiri; I. Rekik
bf99081b04b77e8bd5ea72ffb323544e14278fbd,A Physics-Inspired Neural Network Framework for Nanoscale Biological Slice Thickness Measurement,2026,10.1109/tim.2026.3693404,training,proofreading_qc_scope,core_candidate,Zhuangzhuang Zhao; Hongtu Ma; Xiaohui Dong; Bohao Chen; MingGang Wang; Qiwei Xie; Xi Chen; Hua Han
27c39a366f98c32fcddac875bb336073b03b7027,The structural connectome and motor recovery after stroke: predicting natural recovery,2021,10.1093/brain/awab082,course,network_science_scope;people_development_scope,supported,P. Koch; Chang-hyun Park; G. Girard; E. Beanato; P. Egger; Giorgia G. Evangelista; Jungsoo Lee; M. Wessel; T. Morishita; G. Koch; J. Thiran; A. G. Guggisberg; C. Rosso; Y. Kim; F. Hummel
6970941be17f130214b572656c217639fdeef1c7,Neuropsychiatric Disease Classification Using Functional Connectomics - Results of the Connectomics in NeuroImaging Transfer Learning Challenge,2020,,training,network_science_scope;people_development_scope,peripheral,Markus D. Schirmer; Archana Venkataraman; I. Rekik; Minjeong Kim; Stewart H. Mostofsky; M. B. Nebel; K. Rosch; K. Seymour; D. Crocetti; Hassna Irzan; Michael Hütel; S. Ourselin; Neil Marlow; A. Melbourne; Egor Levchenko; Shuo Zhou; Mwiza Kunda; Haiping Lu; N. Dvornek; Juntang Zhuang; G. Pinto; Sandip Samal; Jorge L. Bernal-Rusiel; R. Pienaar; Ai Wern Chung
c9bfc5dea72ee88758633a905970f954003d4d4a,Identification and Connectomic Profiling of Concussion Using Bayesian Machine Learning,2024,10.1089/neu.2023.0509,training,people_development_scope,supported,Benjamin Hacker; P. Imms; A. Dharani; Jessica Zhu; Nahian F. Chowdhury; Nikhil N. Chaudhari; Andrei Irimia
5614a0a8752876cad7e4647a76190068c582d687,Heterogeneous Graph-Based Multimodal Brain Network Learning,2021,10.1109/tkde.2025.3569648,training,network_science_scope,supported,Gen Shi; Yifan Zhu; Wenjin Liu; Quanming Yao; Xia Li
b4663e35f760cf0aa8077c3bbdd6e1449fbbcadd,Pre-Training for Large-Scale Functional Connectome Fingerprinting Supports Generalization and Transfer Learning in Functional Neuroimaging.,2026,10.1523/eneuro.0370-25.2026,training,people_development_scope,peripheral,Mattson Ogg; Lindsey M. Kitchell
13a03b068f838199e975446b329350fe98dc60cd,Holographic Reconstruction of Axonal Pathways in the Human Brain,2019,10.1016/j.neuron.2019.09.030,education;educational,network_science_scope;people_development_scope,peripheral,M. Petersen; Jeffrey Mlakar; S. Haber; M. Parent; Y. Smith; P. Strick; M. Griswold; C. McIntyre
82170bbf654b17b43b747b1538a7f152733733c1,Investigating the brain structural connectome following working memory training in children born extremely preterm or extremely low birth weight,2021,10.1002/jnr.24818,training,network_science_scope,supported,Claire E. Kelly; R. Harding; Katherine J. Lee; Leona Pascoe; Elisha K. Josev; M. Spencer-Smith; C. Adamson; R. Beare; C. Nosarti; G. Roberts; L. Doyle; M. Seal; Deanne K. Thompson; P. Anderson
2d589da7e74c1366e78e851b47e164c55fb31966,Rethinking scale in network neuroscience: Contributions and opportunities at the nanoscale,2025,,,direct_scope+resolution;network_science_scope;review_scope,core_candidate,R. Betzel; Caio Seguin; M. G. Puxeddu
55417ea586e3d1c2c27a1bc1c306cf8ede0ee75d,A Proposed Human Structural Brain Connectivity Matrix in the Center for Morphometric Analysis Harvard-Oxford Atlas Framework: A Historical Perspective and Future Direction for Enhancing the Precision of Human Structural Connectivity with a Novel Neuroanatomical Typology,2023,10.1159/000530358,course,network_science_scope,supported,N. Makris; R. Rushmore; J. Kaiser; Matthew D. Albaugh; M. Kubicki; Yogesh Rathi; Fan Zhang; L. O’Donnell; E. Yeterian; V. Caviness; D. Kennedy
aee30dd387368d93b9987a5bd8ddbf21b0a481bb,Disconnection and hyper-connectivity underlie reorganization after TBI: A rodent functional connectomic analysis,2015,10.1016/j.expneurol.2015.12.020,course,network_science_scope,supported,Neil G. Harris; Derek R. Verley; Boris Gutman; Paul M. Thompson; H. Yeh; Jesse Brown
f7c8c3eae7c3e5bb3a6eb59b34108cfd78a191c1,On the application of neural networks for structured domains to fMRI data,2025,10.1016/j.neunet.2025.108029,training,network_science_scope,supported,Giovanni Donghi; Luca Pasa; Michele De Filippo De Grazia; Alberto Testolin; Marco Zorzi; A. Sperduti; Nicoló Navarin
875e87b687944705284cebd0f30ddf8ce5c8d05a,Training and spontaneous reinforcement of neuronal assemblies by spike timing plasticity,2016,10.1093/cercor/bhy001,training,direct_scope+resolution,peripheral,G. Ocker; B. Doiron
9a8023db2702a3af4ab3d795b106e1aa2342d29f,Deep learning reveals untapped information for local white-matter fiber reconstruction in diffusion-weighted MRI,2019,10.1016/j.mri.2019.07.012,training,people_development_scope,peripheral,V. Nath; K. Schilling; P. Parvathaneni; Colin B. Hansen; A. Hainline; Yuankai Huo; J. Blaber; Ilwoo Lyu; Vaibhav A. Janve; Yurui Gao; I. Stepniewska; A. Anderson; B. Landman
53a124621d1252dd535033da918fe7eb051ca5e0,Macaque structural connectivity revisited: CoCoMac 2.0,2011,10.1186/1471-2202-12-s1-p72,course;training,infrastructure_scope;people_development_scope,peripheral,Rembrandt Bakker; Tobias C. Potjans; T. Wachtler; M. Diesmann
7f0aff85bd70b8ebd98ab132524f95d2cc726729,A Lesion-aware Edge-based Graph Neural Network for Predicting Language Ability in Patients with Post-stroke Aphasia,2024,10.1007/978-3-031-78761-4_9,training,network_science_scope,supported,Zijian Chen; M. Varkanitsa; Prakash Ishwar; Janusz Konrad; Margrit Betke; Swathi Kiran; Archana Venkataraman
8bc33a0ed1d9fe864bd48e355d9872396094adb6,Pushing the limits of in vivo diffusion MRI for the Human Connectome Project,2013,10.1016/j.neuroimage.2013.05.078,course,network_science_scope;people_development_scope,peripheral,K. Setsompop; R. Kimmlingen; Eva Eberlein; T. Witzel; J. Cohen-Adad; J. McNab; B. Keil; M. Tisdall; P. Hoecht; P. Dietz; S. Cauley; V. Tountcheva; V. Matschl; V. Lenz; K. Heberlein; A. Potthast; H. Thein; J. V. Horn; A. Toga; F. Schmitt; D. Lehne; B. Rosen; V. Wedeen; L. Wald
9bf08b12b7b002751902f4e3319a6e65d83222cd,"White matter microstructure mediates the association between physical fitness and cognition in healthy, young adults",2019,10.1038/s41598-019-49301-y,education,people_development_scope,peripheral,N. Opel; Stella Martin; S. Meinert; R. Redlich; V. Enneking; M. Richter; J. Goltermann; A. Johnen; U. Dannlowski; J. Repple
5d2c52d0e93eb7cbb5b502231bd4555bb0bf917d,Representational geometry as a fidelity metric for connectome-constrained networks: evidence from the Drosophila visual system,2026,10.64898/2026.06.10.731214,training,direct_scope+resolution,core_candidate,Michael G. Zhou; Jennifer O. Hasler
91a633b67282271ed1d985aa26404ebe177cca22,Simulation-based inference on virtual brain models of disorders,2024,10.1088/2632-2153/ad6230,training,people_development_scope,supported,Meysam Hashemi; Abolfazl Ziaeemehr; M. Woodman; J. Fousek; S. Petkoski; V. Jirsa
c6fff66440efb4c914d0d887dafc4a7c9113dac7,Association between genetic risk for type 2 diabetes and structural brain connectivity in major depressive disorder.,2021,10.1016/j.bpsc.2021.02.010,course,people_development_scope,peripheral,J. Repple; A. König; S. D. de Lange; N. Opel; R. Redlich; S. Meinert; D. Grotegerd; M. Mauritz; T. Hahn; T. Borgers; E. Leehr; N. Winter; J. Goltermann; V. Enneking; S. Fingas; H. Lemke; L. Waltemate; K. Dohm; M. Richter; D. Mehler; V. Holstein; M. Gruber; I. Nenadić; A. Krug; Katharina Brosch; S. Schmitt; F. Stein; T. Meller; A. Jansen; O. Steinsträter; A. Amare; T. Kircher; B. Baune; M. P. van den Heuvel; U. Dannlowski
1ccba4e13287e8879339481f20370b53456d3800,"Redefining the connectome: A multi-modal, asymmetric, weighted, and signed description of anatomical connectivity",2022,10.1101/2022.12.19.519033,training,network_science_scope,supported,Jacob C. Tanner; Joshua Faskowitz; A. S. Teixeira; Caio Seguin; L. Coletta; A. Gozzi; B. Mišić; Richard F. Betzel
fe2abdd300670957a35d16fee1789e68a50ffe57,Latent source mining in FMRI via restricted Boltzmann machine,2018,10.1002/hbm.24005,course;training,people_development_scope,peripheral,Xintao Hu; Heng Huang; B. Peng; Junwei Han; Nian Liu; Jinglei Lv; Lei Guo; C. Guo; Tianming Liu
342617ac3762b374e1bcfe9f0b76d9373630e9c1,Postnatal connectomic development of inhibition in mouse barrel cortex,2020,10.1126/science.abb4534,course,direct_scope+resolution;review_scope,core_candidate,Anjali Gour; K. Boergens; Natalie Heike; Yunfeng Hua; Philip Laserstein; Kun Song; M. Helmstaedter
5568a9f846f5d63f4c10f14f0ff69bdf724919e9,Local vulnerability and global connectivity jointly shape neurodegenerative disease propagation,2019,10.1371/journal.pbio.3000495,course,people_development_scope,peripheral,Ying-Qiu Zheng; Yu Zhang; Y. Yau; Y. Zeighami; K. Larcher; B. Mišić; A. Dagher
6daec53fd0ddfc82d3611d82799e5d2f91db60b2,Diffusion-Guided Pretraining for Brain Graph Foundation Models,2026,10.48550/arxiv.2602.09437,training,network_science_scope,supported,Xinxu Wei; Rong-Er Zhou; Lifang He; Yu Zhang
dffe1e546af8766e2217d6522887c5f1862c06d0,Nonsynaptic encoding of behavior by neuropeptides,2024,10.1016/j.cobeha.2024.101456,course,direct_scope+resolution,core_candidate,Gáspár Jékely; R. Yuste
7379f8a9d4a74b2262e3556d010462a98950eb45,"The oblique effect: The relationship between profiles of visuospatial preference, cognition, and brain connectomics in older adults",2019,10.1016/j.neuropsychologia.2019.107236,education,network_science_scope;people_development_scope,peripheral,Jamie C. Peven; Yurong Chen; Lei Guo; L. Zhan; Elizabeth A. Boots; C. Dion; D. Libon; K. Heilman; M. Lamar
1e8004ae1fc130a855d858c164e38842e9c99eed,Auto-DenseUNet: Searchable neural network architecture for mass segmentation in 3D automated breast ultrasound,2022,10.1016/j.media.2022.102589,training,people_development_scope,peripheral,Xuyang Cao; Houjin Chen; Yanfeng Li; Yahui Peng; Yue Zhou; Lin-Jie Cheng; Tianming Liu; Dinggang Shen
4f50100709cf9fda7e0a45ed966093e952d3c4ec,"Shared white matter connectome-based correlates of self-reproach, response failure, spatial planning, and resilience in patients with subthreshold depression: a graph theory approach",2026,10.1038/s41598-026-40535-1,education,direct_scope+resolution,supported,Je-Yeon Yun; S. Yoo; Jung-Seok Choi; Soo-Hee Choi; Joon Hwan Jang
8d6306a419ddc27a5f8418e0afd5f7aa75da3939,Diffusion MRI data analysis assisted by deep learning synthesized anatomical images (DeepAnat),2023,10.1016/j.media.2023.102744,training,people_development_scope,peripheral,Ziyu Li; Q. Fan; B. Bilgiç; Guangzhi Wang; Wenchuan Wu; J. Polimeni; K. Miller; S. Huang; Q. Tian
681d10602c5a13ba181783b72ce5542c23717ca4,Unsupervised Deep Learning for Susceptibility Distortion Correction in Connectome Imaging,2020,10.1007/978-3-030-59728-3_30,training,people_development_scope,peripheral,Yuchuan Qiao; Yonggang Shi
cad00239a8d43f36c05a94d9f19c54adf9b662e6,"Big data in nanoscale connectomics, and the greed for training labels.",2019,10.1016/j.conb.2019.03.012,training,direct_scope+resolution;people_development_scope;review_scope,core_candidate,Alessandro Motta; Meike Schurr; B. Staffler; M. Helmstaedter
7ac8f4d7a0f9da6cfd61fd8470e5a72babe9224b,Diffusion Model-Based Data Augmentation for Enhanced Neuron Segmentation,2026,10.1109/isbi61048.2026.11515854,training,direct_scope+resolution,supported,Liuyun Jiang; Yanchao Zhang; Jinyue Guo; Yizhuo Lu; Rui Zhou; Hua Han
8dfee3f80430378922246c3399be29ef3f99f351,Improving the Interpretability of fMRI Decoding using Deep Neural Networks and Adversarial Robustness,2020,10.52294/001c.85074,training,review_scope,supported,Patrick McClure; D. Moraczewski; K. Lam; Adam G. Thomas; Francisco Pereira
ec4f437ac98d132fd9e006ec1c6f2141f77d5ea6,Learning to Correct Sloppy Annotations in Electron Microscopy Volumes,2023,10.1109/cvprw59228.2023.00450,workshop,direct_scope+resolution;proofreading_qc_scope,core_candidate,Minghao Chen; Mukesh Bangalore Renuka; Lu Mi; J. Lichtman; N. Shavit; Y. Meirovitch
f566299aec26300fbd44eb56bf25f24d760e1843,The Connection of Information Science and Psychology in the Case of the Wisdom Paradox - Part Two,2025,10.22161/ijels.101.4,,direct_scope+resolution,supported,T. Šercar
21063426e0ae11d21cb1d0df20fb20dcd3a2d415,Biopsychosocial and Demographic Predictors of Functional Brain Network Specialization and Segregation Across the Adult Lifespan,2025,10.1101/2025.11.20.25340014,education,network_science_scope,supported,A. Shankar; M. Phansikar; N. McPherson; A. Gorka; B. Way; R. Betzel; R. Prakash
653f51b4579cb2461bdf4ce9f5129b7d1314999f,Correction of topological errors in automated traces of neurites,2021,10.1117/12.2581247,training,direct_scope+resolution;proofreading_qc_scope;people_development_scope,supported,Seyed Mostafa Mousavi Kahaki; Hang Deng; A. Stepanyants
8e7ca796e89935fcd7029f2842d0fbf408664a19,BRAIN Initiative: Cutting-Edge Tools and Resources for the Community,2019,10.1523/jneurosci.1169-19.2019,trainee,people_development_scope,peripheral,E. Litvina; Amy Adams; Alison L. Barth; M. Bruchez; James Carson; Jason E. Chung; K. Dupre; L. Frank; K. Gates; K. Harris; Hannah R. Joo; Jeff William Lichtman; Khara M. Ramos; T. Sejnowski; J. Trimmer; Samantha White; W. Koroshetz
01f9aea41f62782a5ae4872142a8dc5dd7fdc218,NOVEL BEHAVIORAL INTERVENTIONS TARGETING COGNITIVE-MOTOR NEUROPLASTICITY IN OLDER ADULTS,2022,10.1093/geroni/igac059.1550,education;training,people_development_scope,peripheral,T. Bhatt; S. Hughes
406112a710cd9b2f085ee6bcd08a09b7d644705b,BrainFlow: A Holistic Pathway of Dynamic Neural System on Manifold,2025,10.52202/085713-1076,training,people_development_scope,peripheral,Zhixuan Zhou; Tingting Dan; Guorong Wu
aee1f64de7f170f85c670ef3c5bfebaeb62ae157,SAT412 Effects Of Gender-Affirming Hormone Therapy On The Connectivity Of Intrinsic Brain Networks,2023,10.1210/jendso/bvad114.2083,course,network_science_scope,peripheral,Clarissa C Pedreira; Sophia Tchir-Bourgeois; Shubhangi Tuli; Abigail Giancola; Caitlin C Loxton; A. Keuroghlian; M. Misra; J. Andreano
052931634527183f741abe7204419677400711ba,Quantitative skills in undergraduate neuroscience education in the age of big data.,2021,10.1016/j.neulet.2021.136074,course;curriculum;education;training;undergraduate;workshop,people_development_scope,peripheral,R. Hoy
f1e4ce0fa8a768ebf4b35f285471220d1ec48a28,Weakly Supervised Learning in Deformable EM Image Registration Using Slice Interpolation,2019,10.1109/isbi.2019.8759290,training,direct_scope+resolution;people_development_scope,core_candidate,Thanh Nguyen-Duc; Inwan Yoo; Logan A. Thomas; Aaron T. Kuan; W. Lee; W. Jeong
5956c0fb6a42139e23791bcc17591e193c9e5dc4,Dynamic Weighted Hypergraph Convolutional Network for Brain Functional Connectome Analysis,2023,10.1016/j.media.2023.102828,training,network_science_scope;people_development_scope,peripheral,Junqi Wang; Hailong Li; Gang Qu; K. Cecil; J. Dillman; N. Parikh; Lili He
fbda9470f9777d5e19b7b454f94a415c2999e7c2,Exercise training reinstates cortico-cortical sensorimotor functional connectivity following striatal lesioning: development and application of a subregional-level analytic toolbox for perfusion autoradiographs of the rat brain,2014,10.3389/fphy.2014.00072,training,network_science_scope,supported,Yu-Hao Peng; Ryan Heintz; Zhuo Wang; Yumei Guo; Kalisa G. Myers; O. Scremin; J. Maarek; D. Holschneider
72873f1a9faedf9f8825b30298d62d42ae2b0e64,Cognitive synaptopathy: synaptic and dendritic spine dysfunction in age-related cognitive disorders,2024,10.3389/fnagi.2024.1476909,course,direct_scope+resolution;health+direct_nanoscale_scope;review_scope,supported,Francisco J. Barrantes
32abbcb3aa75ac34a92624dc779a9f7a82ee981c,A critique of pure learning and what artificial neural networks can learn from animal brains,2019,10.1038/s41467-019-11786-6,training,review_scope,supported,A. Zador
89055d60253de58bee8242306d6a1c3bb75f5c20,Dense Recurrent Neural Networks for Accelerated MRI: History-Cognizant Unrolling of Optimization Algorithms,2020,10.1109/jstsp.2020.3003170,training,people_development_scope,peripheral,S. A. Hosseini; Burhaneddin Yaman; S. Moeller; Mingyi Hong; M. Akçakaya
8dc968cf7c20a294941935bc44b68e131d9e3e58,neuPrint: An open access tool for EM connectomics,2022,10.3389/fninf.2022.896292,,direct_scope+resolution;infrastructure_scope,core_candidate,Stephen M. Plaza; Jody Clements; Tom Dolafi; L. Umayam; Nicole N. Neubarth; Louis K. Scheffer; S. Berg
8903147e63a502138e7a4350edd776b3ef84e8b3,"Large, open datasets for human connectomics research: Considerations for reproducible and responsible data use",2021,10.1016/j.neuroimage.2021.118579,education;training,people_development_scope;review_scope,core_candidate,A. Laird
2967471205eea8ecd90669dc03c6fe20eb2aa36b,Network controllability of structural connectomes in the neonatal brain,2023,10.1038/s41467-023-41499-w,training,people_development_scope,peripheral,Huili Sun; R. Jiang; Wei Dai; Alexander J. Dufford; Stephanie Noble; Marisa N. Spann; Shi Gu; D. Scheinost
2663266649b9439750377ad45d1f016747e10913,Brain Connectivity Network Structure Learning For Brain Disorder Diagnosis,2025,10.48550/arxiv.2509.16735,training,network_science_scope,peripheral,Dongdong Chen; Linlin Yao; Mengjun Liu; Zhenrong Shen; Yuqi Hu; Zhiyun Song; Shengyu Lu; Qian Wang; Dinggang Shen; Lichi Zhang
286268b91f5258b73ab59ab3b3bd99a32bf177b7,Connectomics of Bone to Brain—Probing Physical Renderings of Cellular Experience,2021,10.3389/fphys.2021.647603,course;training,direct_scope+resolution;people_development_scope,core_candidate,M. K. Knothe Tate; A. Srikantha; C. Wojek; D. Zeidler
b737ee68bb1ea26284bc9d717a3f3c9e864c9191,Accurate predictions of individual differences in task-evoked brain activity from resting-state fMRI using a sparse ensemble learner,2021,10.1016/j.neuroimage.2022.119418,training,people_development_scope,peripheral,Ying-Qiu Zheng; S. Farahibozorg; Weikang Gong; Hossein Rafipoor; S. Jbabdi; Stephen M. Smith
bc83a0529ac820e424e150d650754a17ca0f8f67,Cortical Network Disruption Is Minimal in Early Stages of Psychosis,2023,10.1093/schizbullopen/sgae010,course,network_science_scope,supported,Peter C. Van Dyken; M. Mackinley; Ali R. Khan; LENA PALANIYAPPAN
c3cd4a355784faad2262c763d50f723ef48255a4,Learning to represent continuous variables in heterogeneous neural networks,2021,10.1101/2021.06.01.446635,training,direct_scope+resolution,supported,R. Darshan; A. Rivkind
52f903ed166ffc31395174820cfa756e48e3f1e7,Residual Embedding Similarity-Based Network Selection for Predicting Brain Network Evolution Trajectory from a Single Observation,2020,10.1007/978-3-030-59354-4_2,training,network_science_scope;people_development_scope,peripheral,Ahmet Goktas; Alaa Bessadok; I. Rekik
dd272e2b95eb54cec304c6cd41d628f18507cd92,Detection of functional activity in brain white matter using fiber architecture informed synchrony mapping,2022,10.1016/j.neuroimage.2022.119399,course,people_development_scope,peripheral,Yu Zhao; Yurui Gao; Z. Zu; Muwei Li; K. Schilling; A. Anderson; Z. Ding; J. Gore
1a776a12d4425297bcbb8dc99c52b9f2e5b0ac5c,Isotropic Reconstruction of Anisotropic vEM Volumes with ViT-Guided Diffusion,2026,10.3390/electronics15061181,training,direct_scope+resolution,core_candidate,Junchao Qiu; Guojia Wan; Zhengyun Zhou; Minghui Liao; Xiangdong Liu; Xinyuan Li; Bo Du
ba5d384544cebec1650e19c3aef010bf2d4801a8,Structural and functional brain connectome architecture in Alzheimer’s disease and amnesic mild cognitive impairment patients (P4.091),2017,10.1212/wnl.88.16_supplement.p4.091,education,network_science_scope;people_development_scope,peripheral,M. Filippi; S. Basaia; E. Canu; S. Galantucci; A. Meani; F. Caso; G. Magnani; R. Santangelo; M. Falautano; A. Falini; G. Comi; F. Agosta
2117811fcfe886131528ae34d822d1feec932b40,UNI-EM: An Environment for Deep Neural Network-Based Automated Segmentation of Neuronal Electron Microscopic Images,2019,10.1038/s41598-019-55431-0,training,direct_scope+resolution;proofreading_qc_scope;people_development_scope,core_candidate,H. Urakubo; T. Bullmann; Y. Kubota; Shigeyuki Oba; Shin Ishii
f60ce8bf76d713d72a4da70becbfa84613fc5bd5,Is deep learning better than kernel regression for functional connectivity prediction of fluid intelligence?,2018,10.1109/prni.2018.8423958,workshop,network_science_scope,peripheral,Tong He; Ru Kong; A. Holmes; M. Sabuncu; S. Eickhoff; D. Bzdok; Jiashi Feng; B. Yeo
3f08786f01017fd0c38332d921cd54e197b7f684,A Personalized Longitudinal Strategy in Low-Grade Glioma Patients: Predicting Oncological and Neural Interindividual Variability and Its Changes over Years to Think One Step Ahead,2022,10.3390/jpm12101621,course,people_development_scope;review_scope,peripheral,H. Duffau
ec4c478e8a5772a6cec56ea52921d4606cca6d61,White Matter Connectome in Patients with Genetic Dystonia (I7.008),2016,10.1212/wnl.86.16_supplement.i7.008,education,people_development_scope,peripheral,F. Agosta; S. Basaia; Alexandra Tomic; E. Sarasso; N. Kresojević; S. Galantucci; M. Svetel; V. Kostic; M. Filippi
e6892c123860148c3c86b82e1ed321fffb95ce31,Tracking mood fluctuations with functional network patterns,2018,10.1093/scan/nsy107,course,people_development_scope,peripheral,Nykan Mirchi; Richard F. Betzel; B. Bernhardt; A. Dagher; B. Mišić
21ef3f6209d8baf1adb4fecd112534df5d1dc8b1,Detecting Synapse Location and Connectivity by Signed Proximity Estimation and Pruning with Deep Nets,2018,10.1007/978-3-030-11024-6_25,workshop,direct_scope+resolution,core_candidate,T. Parag; D. Berger; L. Kamentsky; B. Staffler; D. Wei; M. Helmstaedter; J. Lichtman; H. Pfister
6b084f4dcee83d3ac6bcec3c9fadba4714fc87c6,"Functional Connectome Architecture of Alzheimer’s Disease, Mild Cognitive Impairment and Behavioral Variant of Frontotemporal Dementia: A Graph Analysis Study (P4.028)",2016,10.1212/wnl.86.16_supplement.p4.028,education,network_science_scope;people_development_scope,peripheral,F. Agosta; E. Canu; S. Basaia; A. Meani; S. Galantucci; F. Caso; G. Magnani; R. Santangelo; M. Falautano; G. Comi; A. Falini; M. Filippi
289863ee9d53972da96b313f222e2cfc8045ea1e,Graph Classification Using Signal-Subgraphs: Applications in Statistical Connectomics,2011,10.1109/tpami.2012.235,training,network_science_scope;people_development_scope,peripheral,J. Vogelstein; William R. Gray Roncal; R. J. Vogelstein; C. Priebe
3703d35bf011e38c3eb639a3aa7623a603bc551e,Predictive connectome subnetwork extraction with anatomical and connectivity priors,2019,10.1016/j.compmedimag.2018.08.009,training,infrastructure_scope;people_development_scope,supported,Colin J. Brown; Steven P. Miller; Brian G. Booth; J. Zwicker; R. Grunau; A. Synnes; V. Chau; G. Hamarneh
aee8327af3cdc1110a4c99f16e8d946f73ab9082,Language Recovery after Brain Injury: A Structural Network Control Theory Study,2021,10.1523/jneurosci.1096-21.2021,education,network_science_scope,supported,Janina Wilmskoetter; Xiaosong He; L. Caciagli; J. Jensen; Barbara K Marebwa; K. Davis; J. Fridriksson; Alexandra Basilakos; L. Johnson; C. Rorden; D. Bassett; L. Bonilha
ba8615d0f5930f502e8709ff5fc44031ff131502,Mapping the functional connectome in traumatic brain injury: What can graph metrics tell us?,2017,10.1016/j.neuroimage.2016.12.003,training,network_science_scope;people_development_scope;review_scope,supported,K. Caeyenberghs; Helena Verhelst; A. Clemente; P. Wilson
2a5bf7a5270304e621b9b54b4ed2b40e01f4f030,Connectome-based biophysics models of Alzheimer’s disease diagnosis and prognosis,2022,10.1016/j.trsl.2022.08.008,course,review_scope,peripheral,Justin Torok; Chaitali Anand; Parul Verma; A. Raj
5f823fbeeae8bb86ae4d1a83a09402b3840958ea,An Adversarial and Densely Dilated Network for Connectomes Segmentation,2018,10.3390/sym10100467,mentor;training,direct_scope+resolution,core_candidate,Ke Chen; Dandan Zhu; Jianwei Lu; Ye Luo
a8b3c47c140bb709569c41aa97c7ebe9e88fcd4b,Magnetoencephalographic and functional MRI connectomics in schizophrenia via intra- and inter-network connectivity,2016,10.1016/j.neuroimage.2016.10.011,course,network_science_scope;people_development_scope,supported,J. Houck; M. Çetin; A. R. Mayer; J. Bustillo; J. Stephen; C. Aine; J. Cañive; N. Perrone-Bizzozero; R. Thoma; M. Brookes; V. Calhoun
d7858e3f24f9ef2a8bd29a426c8ffc3ccdf18452,A symmetric multivariate leakage correction for MEG connectomes,2015,10.1016/j.neuroimage.2015.03.071,course,network_science_scope;people_development_scope,supported,Giles L. Colclough; M. Brookes; Stephen M. Smith; M. Woolrich
667535a6b02662494df8fa89b31dbb8a500ef08b,Large Connectome Model: An fMRI Foundation Model of Brain Connectomes Empowered by Brain-Environment Interaction in Multitask Learning Landscape,2025,10.48550/arxiv.2510.18910,training,network_science_scope,supported,Ziquan Wei; Tingting Dan; Guorong Wu
f4795b0beaebb92d718ce03598f92bc254889839,Multiple coexisting pathways to synchronization shape seizure dynamics in a mesoscale mouse brain model,2026,10.64898/2026.06.08.730931,training,network_science_scope,supported,Nimish Kumar; Saurabh R. Gandhi
35215cbf6b9cea007d00843a7e089761de588e2e,Understanding Mechanistic Role of Structural and Functional Connectivity in Tau Propagation Through Multi-Layer Modeling,2025,10.48550/arxiv.2510.20148,course,network_science_scope;people_development_scope,supported,Tingting Dan; Xinwei Huang; Jiaqi Ding; Yinggang Zheng; Guorong Wu
cbc8cb282259daeae86baff0f5074b19046159ec,Multimodal Classification of Mild Traumatic Brain Injury Reveals Local Coupling Between Structural and Functional Connectomes,2021,10.1101/2021.12.14.21267815,training,network_science_scope;people_development_scope,peripheral,A. Peddada; K. Holly; T. Sudhakar; C. Ledbetter; C. E. Talbot; D. Valdivia; P. Kalakoti; E. Ginalis; T. Quinoa; B. J. Barker; D. Murcia; R. Daggett; P. Hollý; T. Phan; R. C. Ross; E. Gonzalez-Toledo; B. Biswal; Haoran Sun
132c1943ba6986cc7efd648851411f5a383357d9,Sequential addition of neuronal stem cell temporal cohorts generates a feed-forward circuit in the Drosophila larval nerve cord,2022,10.1101/2022.04.05.487221,,network_science_scope,core_candidate,Yi-wen Wang; C. Wreden; Maayan Levy; Zarion D. Marshall; J. MacLean; Ellie S. Heckscher
bf2ffc55c839085155bb9233025a89fde9650162,Macroconnectomic networks of the human brain,2019,10.1016/b978-0-12-813633-1.00004-9,trainee,people_development_scope,peripheral,M. Sughrue
3932d1e07a25823ff8ede83079502c69e8092280,PointNeuron: 3D Neuron Reconstruction via Geometry and Topology Learning of Point Clouds,2022,10.1109/wacv56688.2023.00574,workshop,network_science_scope,supported,Runkai Zhao; Heng Wang; Chaoyi Zhang; Weidong (Tom) Cai
4794bbde8f155161af9f62539328529cfda02efb,Effects of homeostatic constraints on associative memory storage and synaptic connectivity of cortical circuits,2015,10.3389/fncom.2015.00074,training,direct_scope+resolution,peripheral,Julio Chapeton; Rohan Gala; A. Stepanyants
a983cb711769aa8d4bbb657f8bf925c2c2d447de,Volume-based structural connectome of epilepsy partialis continua in Rasmussen’s encephalitis,2024,10.1093/braincomms/fcae316,course,network_science_scope,supported,Cong Fu; Xue Yang; Mengyang Wang; Xiongfei Wang; Chongyang Tang; Guoming Luan
6d32a52c5eecd3402e575dab3f530df3d8b07854,Implementing engrams from a machine learning perspective: XOR as a basic motif,2024,10.48550/arxiv.2406.09940,training,network_science_scope,supported,J. M. D. Lucas; M. P. Fernández; Lara Lloret Iglesias
e11d50af498be86216f24b91085bc67c287bd833,Brain Network Modularity Predicts Exercise-Related Executive Function Gains in Older Adults,2018,10.3389/fnagi.2017.00426,training,network_science_scope,supported,Pauline L. Baniqued; C. Gallen; M. Voss; Agnieszka Z. Burzynska; Chelsea N. Wong; G. Cooke; Kristin Duffy; Jason T. Fanning; Diane K. Ehlers; Elizabeth A. Salerno; S. Aguiñaga; E. McAuley; A. Kramer; M. D’Esposito
574aecae8ba624cef39888d4b8a6641634a1a8ff,Probabilistic thresholding of functional connectomes: application to schizophrenia,2017,10.1101/233510,training,network_science_scope;people_development_scope,supported,F. Vása; E. Bullmore; Ameera X. Patel
6c1dc1e89f0d63240fa6b9d01d2d7bfa35d043ee,A structural brain network of genetic vulnerability to psychiatric illness,2020,10.1038/s41380-020-0723-7,education;educational,people_development_scope,peripheral,M. Taquet; Stephen M. Smith; A. Prohl; J. Peters; S. Warfield; B. Scherrer; Paul J. Harrison
ecd7925d8666047b34c6adb8e785529e3b97412d,Imposing Connectome-Derived Topology on an Echo State Network,2022,10.1109/ijcnn55064.2022.9892629,training,network_science_scope,supported,Jacob Morra; M. Daley
38c26c65c785e619d102e88646c6b93549477cbb,MSARAE: Multiscale adversarial regularized autoencoders for cortical network classification,2025,10.1016/j.media.2025.103775,training,network_science_scope,supported,Yihui Zhu; Yue Zhou; Xiaotong Zhang; Yueying Li; Yonggui Yuan; Youyong Kong
df3c39610825b96eefaa3f8f356d1234244096dc,Deep Cross-Modality and Resolution Graph Integration for Universal Brain Connectivity Mapping and Augmentation,2022,10.48550/arxiv.2209.13529,training,network_science_scope;people_development_scope,peripheral,E. Cinar; Sinem Elif Haseki; Alaa Bessadok; I. Rekik
1f240be08fe02a77fc93b1af9560fd4c734bd225,Neural Mechanisms of Meditation Training in Healthy and Depressed Adolescents: An MRI Connectome Study,2020,10.31525/ct1-nct04254796,training,people_development_scope,peripheral,Francisco Ucsf; O. Tymofiyeva; Tony T. Yang
1693f9200b3c2346ae84ceca8acb9647b43f8ac7,A quantitative census of millions of postsynaptic structures in a large electron microscopy volume of mouse visual cortex,2026,10.64898/2026.02.19.706834,training,direct_scope+resolution;review_scope,core_candidate,B. Pedigo; B. Danskin; Rachael Swanstrom; Erika Neace; S. Dorkenwald; NM da Costa; CM Schneider-Mizell; F. Collman
4c2e55d9ff51e942f381ab4388730ba3cb873cc7,Investigating the Predictive Reproducibility of Federated Graph Neural Networks Using Medical Datasets,2022,10.1007/978-3-031-16919-9_15,training,network_science_scope;people_development_scope,peripheral,M. Y. Balik; Arwa Rekik; I. Rekik
5dbefc4f816c4acdbb5f2c3cf48d893b1f27f7c9,Multi-Regression based supervised sample selection for predicting baby connectome evolution trajectory from neonatal timepoint,2020,10.1016/j.media.2020.101853,training,people_development_scope,peripheral,Olfa Ghribi; Gang Li; Weili Lin; D. Shen; I. Rekik
6ecad99898ee34c129dbb314267262c0363c3766,DS-GCNs: Connectome Classification using Dynamic Spectral Graph Convolution Networks with Assistant Task Training.,2019,10.1093/cercor/bhaa292,training,network_science_scope;people_development_scope,supported,Xiaodan Xing; Qingfeng Li; Mengya Yuan; Hao Wei; Zhong Xue; Tao Wang; Feng Shi; D. Shen
3c3878e382e0ad0031d9891f24ea5f65195086b4,Subject-Specific Structural Parcellations Based on Randomized AB-divergences,2017,10.1007/978-3-319-66182-7_47,training,network_science_scope;people_development_scope,peripheral,N. Honnorat; D. Parker; B. Tunç; C. Davatzikos; R. Verma
d9b3f3f538fd02c8fe5ae9039380ddc0db0a49ec,Anomaly Detection in EM Images - A Zero-Shot Learning Approach,2022,10.1109/isbi52829.2022.9761659,training,direct_scope+resolution,supported,G. Mahalingam; Tong Jiao; C. Schneider-Mizell; A. Bodor; R. Torres; Marc M. Takeno; J. Buchanan; D. Bumbarger; W. Yin; D. Brittain; Clay Reid; N. D. Costa
57c29a45c19bcd2a199c209ed43bb3fccf7b46b0,3D Domain Adaptive Instance Segmentation via Cyclic Segmentation GANs,2023,10.1109/jbhi.2023.3281332,training,direct_scope+resolution;people_development_scope,core_candidate,Leander Lauenburg; Zudi Lin; Ruihan Zhang; M'arcia dos Santos; Siyu Huang; Ignacio Arganda-Carreras; E. Boyden; H. Pfister; D. Wei
abfa91d091988498c71bd2d916b1e79eb110e734,20-fold Accelerated 7T fMRI Using Referenceless Self-Supervised Deep Learning Reconstruction,2021,10.1109/embc46164.2021.9631107,training,people_development_scope,peripheral,O. Demirel; Burhaneddin Yaman; Logan T Dowdle; S. Moeller; L. Vizioli; E. Yacoub; J. Strupp; C. Olman; Kamil Uugurbil; Mehmet Akccakaya
cd8ed806bb78ed5bb4efdebad39e75228c6aa2b1,4Ward: a Relayering Strategy for Efficient Training of Arbitrarily Complex Directed Acyclic Graphs,2022,10.48550/arxiv.2209.02037,training,direct_scope+resolution;network_science_scope,core_candidate,T. Boccato; Matteo Ferrante; A. Duggento; N. Toschi
d0bc2b31b4e6afce9caf0f315e9a7d2c94ccd9fb,Surface Analysis with Vision Transformers,2022,10.48550/arxiv.2205.15836,training,people_development_scope,peripheral,Simon Dahan; Logan Z. J. Williams; Abdulah Fawaz; D. Rueckert; E. Robinson
7724f86d380f33c7b2c30b61a46d6e3a9559c687,Cognitive and non-cognitive outcomes associated with student engagement in a novel brain mapping and connectomics course-based undergraduate research experience,2019,10.1101/768465,course;curriculum;education;mentor;mentoring;undergraduate,people_development_scope,core_candidate,Christina E. D’Arcy; Anais Martinez; Arshad M. Khan; Jeffrey T. Olimpo
0791b15ad5791e70038cc713a3d70596d0de248e,Towards Generalized Synapse Detection Across Invertebrate Species,2025,10.48550/arxiv.2509.17041,training,direct_scope+resolution;people_development_scope,core_candidate,Samia Mohinta; Daniel Franco-Barranco; Shi Yan Lee; Albert Cardona
4f252c8a71b8491e5e84cb854455b9da05f736fe,Tractostorm 2: Optimizing tractography dissection reproducibility with segmentation protocol dissemination,2022,10.1002/hbm.25777,course;education;educational,network_science_scope;people_development_scope,peripheral,F. Rheault; K. Schilling; Alex Valcourt-Caron; Antoine Théberge; Charles Poirier; G. Grenier; Guido I. Guberman; J. Begnoche; Jon Haitz Legarreta; Leon Y Cai; M. Roy; Manon Edde; Marco Pérez Caceres; M. Ocampo-Pineda; N. Al-Sharif; Philippe Karan; Pietro Bontempi; Sami Obaid; Sara Bosticardo; S. Schiavi; V. Sairanen; Alessandro Daducci; L. Cutting; L. Petit; M. Descoteaux; B. Landman
a15e6d37c73e33134bcafaf82a4094f46af11517,"Connectomics in NeuroImaging: Third International Workshop, CNI 2019, Held in Conjunction with MICCAI 2019, Shenzhen, China, October 13, 2019, Proceedings",2019,10.1007/978-3-030-32391-2,workshop,people_development_scope,peripheral,Archana Venkataraman; I. Rekik; Minjeong Kim; Ai Wern Chung
ab85b39fb39d3214b44f5010b55ddc5948788714,S123. TREATMENT RESISTANT SCHIZOPHRENIA AND GYRIFICATION-BASED CONNECTOME,2018,10.1093/schbul/sby018.910,course,network_science_scope;people_development_scope,peripheral,O. Ajnakina; T. Das; J. Lally; M. Forti; R. Murray; L. Palaniyappan
ba07110da78750d7e39280d95f60253d96283aba,The Human Connectome Project: A Retrospective,2021,10.1016/j.neuroimage.2021.118543,course;education;educational,review_scope,supported,J. Elam; M. Glasser; M. P. Harms; S. Sotiropoulos; Jesper L. R. Andersson; G. C. Burgess; Sandra W. Curtiss; R. Oostenveld; L. Larson-Prior; J. Schoffelen; M. Hodge; Eileen Cler; Dan Marcus; D. Barch; E. Yacoub; Stephen M. Smith; K. Uğurbil; D. C. Essen
2359da1717aad1044301e2cc23f4424e6879fa6e,Lawrence Baruch Cohen (1939-2023).,2023,10.1016/j.neuron.2023.06.026,summer school,people_development_scope,peripheral,David Kleinfeld
09bbe61508cc9ca521575dca399d3ec2e1c2f1bf,BrainSTEAM: A Practical Pipeline for Connectome-based fMRI Analysis towards Subject Classification.,2023,10.1142/9789811286421_0005,training,network_science_scope,peripheral,Alexis Li; Yi Yang; Hejie Cui; Carl Yang
d7ca4da5d4b5d08b631ff0a6c82a7c72879fa8d1,Experience-dependent reorganization of inhibitory neuron synaptic connectivity,2025,10.1101/2025.01.16.633450,training,direct_scope+resolution;people_development_scope,supported,Andrew J. P. Fink; S. Muscinelli; Shuqi Wang; Marcus I. Hogan; D. English; Richard Axel; Ashok Litwin-Kumar; Carl E. Schoonover
0576ebb73d3ccbe9ec9211a0123d225bd5794e25,A 64-channel ex-vivo brain coil array for temperature-controlled diffusion imaging with the Connectome 2.0 MRI scanner,,10.58530/2024/4081,course,people_development_scope,peripheral,Alina Scholz; Mirsad Mahmutovic; Gabriel Ramos-Llordén; Chiara Maffei; Jason Stockman; John Kirsch; Lawrence L. Wald; Choukri Mekkaoui; A. Yendiki; Susie Y Huang; B. Keil
e3a8d6eebf217d0f7d2ccd92a26a6030c76b6507,Automatic geometry-based estimation of the locus coeruleus region on T1-weighted magnetic resonance images,2024,10.3389/fnins.2024.1375530,training,network_science_scope;infrastructure_scope;people_development_scope,supported,I. Aganj; Jocelyn S. Mora; B. Fischl; J. Augustinack
da141b1483cfe52493361517177e3f043ade3f6f,Deep generation of personalized connectomes based on individual attributes,2025,10.1101/2025.02.12.637986,training,network_science_scope;people_development_scope,supported,Yuanzhe Liu; Caio Seguin; S. Mansour L.; Y. Tian; M. D. Di Biase; A. Zalesky
2fec7a608a873d517b3fa20b6731d2b680bdc0b2,Cognitive performance and brain structural connectome alterations in major depressive disorder,2023,10.1017/s0033291722004007,course,people_development_scope,peripheral,M. Gruber; M. Mauritz; S. Meinert; D. Grotegerd; S. D. de Lange; Pascal Grumbach; J. Goltermann; N. Winter; L. Waltemate; H. Lemke; K. Thiel; A. Winter; Fabian Breuer; T. Borgers; V. Enneking; M. Klug; Katharina Brosch; T. Meller; J. Pfarr; K. Ringwald; F. Stein; N. Opel; R. Redlich; T. Hahn; E. Leehr; J. Bauer; I. Nenadić; T. Kircher; M. P. van den Heuvel; U. Dannlowski; J. Repple
fda6ebfb79b62c5da575e89b783baddd2ec02eb9,Synthesis of Ground Truth for Neuronal Segmentation,2025,10.1109/escience65000.2025.00062,training,direct_scope+resolution;people_development_scope,peripheral,Jyotsna Rajaraman; T. Uram; Kevin M. Boergens; M. Papka
02e742e0ef0a4af5272420c6bddebc1344d2a08f,Creating Efficient Workflows for Electron Microscopy Laboratories with Automated Specimen Preparation,2024,10.1093/mictod/qaad108,workforce,direct_scope+resolution,core_candidate,S. L. Goodman; Emily K. Benson; Noah A Flint; Louis E. Dye; Melissa F. Chimento; Edward H. Phillips; Jeffrey W Percival; G. Kidd
e66a1ec8743a094004ebf1d5c9a428b3302932c0,In vivo human whole-brain Connectom diffusion MRI dataset at 760 µm isotropic resolution,2021,10.1038/s41597-021-00904-z,education;educational,people_development_scope,peripheral,Fuyixue Wang; Zijing Dong; Q. Tian; C. Liao; Q. Fan; W. Hoge; B. Keil; J. Polimeni; L. Wald; S. Huang; K. Setsompop
3a1dc8d1814aea4151ce397b64347d7ce0087b97,Release the Krakencoder: A unified brain connectome translation and fusion tool,2024,10.1101/2024.04.12.589274,training,network_science_scope;people_development_scope,supported,K. Jamison; Zijin Gu; Qinxin Wang; M. Sabuncu; A. Kuceyeski
ffcebed89c9361613617867003d8021f01f8e453,Predicting individual task contrasts from resting-state functional connectivity using a surface-based convolutional network,2021,10.1016/j.neuroimage.2021.118849,training,people_development_scope,peripheral,Gia H. Ngo; Meenakshi Khosla; K. Jamison; Amy Kuceyeski; M. Sabuncu
27fb9ddb2cf06b8b37e6e247e3007191e6d7737e,Connectomics of synaptic microcircuits: lessons from the outer retina,2017,10.1113/jp273671,training,direct_scope+resolution;network_science_scope;review_scope,core_candidate,L. Rogerson; Christian Behrens; Thomas Euler; Philipp Berens; T. Schubert
4b85fe21163020022d2eadf9f9592c12c8b67160,Changes in the structural brain connectome over the course of a nonrandomized clinical trial for acute mania,2022,10.1038/s41386-022-01328-y,course,people_development_scope,peripheral,Du Lei; Wenbin Li; Max Tallman; S. Strakowski; M. DelBello; L. Rodrigo Patino; D. Fleck; S. Lui; Q. Gong; J. Sweeney; J. Strawn; F. Nery; J. Welge; Emily Rummelhoff; C. Adler
355a3e2ac2d5ac142bc6b348e1c7be96b10be6ba,On the Estimation of Population-Specific Synaptic Currents from Laminar Multielectrode Recordings,2011,10.3389/fninf.2011.00032,training,direct_scope+resolution,peripheral,Sergey L. Gratiy; A. Devor; G. Einevoll; A. Dale
7a94e1e2ee82adbff56a94b1808bc74cf91cfce1,Neuropsychiatric Disease Classification Using Functional Connectomics - Results of the Connectomics in NeuroImaging Transfer Learning Challenge,2021,10.1016/j.media.2021.101972,training,network_science_scope;people_development_scope,supported,M. Schirmer; A. Venkataraman; I. Rekik; Minjeong Kim; S. Mostofsky; M. B. Nebel; K. Rosch; K. Seymour; D. Crocetti; Hassna Irzan; Michael Hütel; S. Ourselin; N. Marlow; A. Melbourne; Egor Levchenko; Shuo Zhou; Mwiza Kunda; Haiping Lu; N. Dvornek; Juntang Zhuang; G. Pinto; Sandip Samal; Jorge L. Bernal-Rusiel; R. Pienaar; A. W. Chung
0bdb614c1970a00baf98101ea65a8cdb524a407e,Memory Trade-Offs in Neuromorphic Communication Strategies of the Flywire Connectome on Loihi 2,2026,10.1109/nice69539.2026.11567466,workshop,network_science_scope,supported,Felix Wang; Bradley H. Theilman; Fred Rothganger; Craig Vineyard; James Aimone; William M. Severa
6e0a212c433b0930b59e64eecc4eeb610141162b,Dense Recurrent Neural Networks for Inverse Problems: History-Cognizant Unrolling of Optimization Algorithms,2019,,training,people_development_scope,peripheral,S. A. Hosseini; Burhaneddin Yaman; S. Moeller; Mingyi Hong; M. Akçakaya
d28bc14c75a26b726652f844d586a31e26ed98ff,Robust neural circuit reconstruction from serial electron microscopy with convolutional recurrent networks,2018,,training,direct_scope+resolution;people_development_scope,core_candidate,Drew Linsley; Junkyung Kim; D. Berson; Thomas Serre
1a7aca267f1fc1c656dda5d5fea97af883858b01,Improving the Neural Segmentation of Blurry Serial SEM Images by Blind Deblurring,2023,10.1155/2023/8936903,training,direct_scope+resolution,peripheral,Ao Cheng; Kai Kang; Zhanpeng Zhu; Ruobing Zhang; Lirong Wang
fd0045586ca4491f445047de904ccaa89f65c2d7,Integrating programmable plasticity in experiment descriptions for analog neuromorphic hardware,2024,10.1109/nice65350.2025.11065886,workshop,direct_scope+resolution,supported,Philipp Spilger; Eric Müller; J. Schemmel
54032b4b5cdeccb57103a261b9a54e33c21032f5,Dynamics of the Human Structural Connectome Underlying Working Memory Training,2016,10.1523/jneurosci.1973-15.2016,training,network_science_scope,supported,K. Caeyenberghs; C. Metzler-Baddeley; S. Foley; Derek K. Jones
f138f350b37db1ca7961ca80091c26bf95ef13f0,Heritability of the human connectome: A connectotyping study,2017,10.1162/netn_a_00029,training,people_development_scope,peripheral,Ó. Miranda-Domínguez; E. Feczko; David S. Grayson; H. Walum; J. Nigg; D. Fair
a2fb37821050800e476238a0b76aacdb997ca9a4,Multisensory learning recruits visual neurons into an olfactory memory engram,2026,,training,direct_scope+resolution,core_candidate,Zeynep Okray; N. Otto; Anna A. Cook; Clifford B. Talbot; Ashwin Miriyala; M. Klappenbach; Ciara Stern; Kieran Desmond; Paola Vargas-Gutierrez; S. Waddell
b693e8eafa853aedebf94ea59b93b77ec2151704,FLYNN: Robust Neural Network for Robot Navigation using Fly Brain Topology,2026,,training,direct_scope+resolution,supported,Benquan Wang; Jingdao Chen
5c133942c861dc138627cf1f8025891363f15445,A Comparative Study of Machine Learning Methods for Predicting the Evolution of Brain Connectivity from a Baseline Timepoint,2021,10.1016/j.jneumeth.2022.109475,training,people_development_scope,peripheral,Seymanur Akti; Dogay Kamar; Ö. Özlü; Ihsan Soydemir; Muhammet Akcan; A. Kul; I. Rekik
341b290c41f0c5290ce9ed52848df385867a9158,DotMotif: an open-source tool for connectome subgraph isomorphism search and graph queries,2020,10.1101/2020.06.08.140533,,direct_scope+resolution;network_science_scope;infrastructure_scope,core_candidate,Jordan K. Matelsky; E. Reilly; Erik C. Johnson; J. Stiso; D. Bassett; Brock Andrew Wester; William Gray-Roncal
0f45383f061143e95456ed924cc5cbdffc806af3,An Iterative Convolutional Neural Network Algorithm Improves Electron Microscopy Image Segmentation,2015,,training,direct_scope+resolution;people_development_scope,core_candidate,Xundong Wu
9e3d38f22c471ba87e8a02f8de41f7fe147ecfff,Introducing the concept of brain metaplasticity in glioma: how to reorient the pattern of neural reconfiguration to optimize the therapeutic strategy.,2021,10.3171/2021.5.jns211214,course,people_development_scope,peripheral,H. Duffau
ac1e297aad475b844633680d9fe050c8c16b7642,Remodeling Pearson's Correlation for Functional Brain Network Estimation and Autism Spectrum Disorder Identification,2017,10.3389/fninf.2017.00055,course,people_development_scope,peripheral,Weikai Li; Zhengxia Wang; Limei Zhang; Lishan Qiao; D. Shen
5bd7289b1cdd42783f63b648bf43bd9b3f73344c,Functional brain network dynamics mediate the relationship between female reproductive aging and interpersonal adversity,2025,10.1038/s44220-024-00352-9,course,people_development_scope,peripheral,R. Petrican; S. Chopra; A. Segal; N. Fallon; A. Fornito
6b0a1743e2aa3df0f10a5ad88e79f5f38d51bb29,Functional connectome biotypes of chemotherapy-related cognitive impairment,2020,10.1007/s11764-020-00863-1,training,network_science_scope;people_development_scope,supported,S. Kesler; Melissa L. Petersen; V. Rao; R. Harrison; O. Palesh
1ee4902e4dab7179d4c8c4acdfed8b07efaed36b,Brain graph super-resolution for boosting neurological disorder diagnosis using unsupervised multi-topology connectional brain template learning,2020,10.1016/j.media.2020.101768,training,network_science_scope;people_development_scope,peripheral,Islem Mhiri; Anouar Ben Khalifa; M. Mahjoub; I. Rekik
e93f2fb08b94488cc865b45f99e4952015cdb5ab,Anatomical Characterization of the Human Structural Connectivity between the Pedunculopontine Nucleus and Globus Pallidus via Multi-Shell Multi-Tissue Tractography,2020,10.3390/medicina56090452,course,network_science_scope;people_development_scope,peripheral,Salvatore Bertino; G. Basile; G. Anastasi; A. Bramanti; Bartolo Fonti; F. Cavallaro; D. Bruschetta; D. Milardi; A. Cacciola
79f1f35f8a65553e4e7a83ff408b64faec541791,Functional connectome reorganization relates to post-stroke motor recovery and structural and functional disconnection,2021,10.1101/2021.05.27.445834,course,network_science_scope;people_development_scope,supported,Emily R Olafson; K. Jamison; E. M. Sweeney; Hesheng Liu; Danhong Wang; J. Bruss; A. Boes; Amy Kuceyeski
c40ded20d0179b33218d6e263832f311a437a828,Large-scale Probabilistic Functional Modes from resting state fMRI,2015,10.1016/j.neuroimage.2015.01.013,course,people_development_scope,peripheral,Samuel J. Harrison; M. Woolrich; E. Robinson; M. Glasser; C. Beckmann; M. Jenkinson; Stephen M. Smith
54e80f56982368c556c8927a293f9302dd26911c,Brain functional networks extraction based on fMRI artifact removal: Single subject and group approaches,2014,10.1109/embc.2014.6943768,course,people_development_scope,peripheral,Yuhui Du; E. Allen; Hao He; J. Sui; V. Calhoun
8859176440a562af594848de443a3efd537f5487,Using brain connectomics to detect functional connectivity differences in Alzheimer's disease,2017,10.7912/c2vh24,,review_scope,peripheral,Joey A. Contreras
15d37a8254de8fdeac608bed2ab1eecc405b666c,Long-Term Effects of Repeated Blast Exposure in United States Special Operations Forces Personnel: A Pilot Study Protocol,2022,10.1089/neu.2022.0030,training,network_science_scope;people_development_scope,peripheral,B. Edlow; Yelena G. Bodien; Timothy Baxter; H. Belanger; R. Cali; Katryna B. Deary; B. Fischl; A. Foulkes; Natalie Gilmore; D. Greve; J. Hooker; S. Huang; Jessica N. Kelemen; W. Kimberly; Chiara Maffei; M. Masood; Daniel P. Perl; J. Polimeni; Bruce Rosen; Samantha L. Tromly; C. Tseng; Eveline F. Yao; N. Zürcher; Christine L. Mac Donald; K. Dams-O’Connor
566bb72c4fd6d47d32ac8736ad45412a0df52818,DVID: Distributed Versioned Image-Oriented Dataservice,2019,10.3389/fncir.2019.00005,training,proofreading_qc_scope;people_development_scope,core_candidate,W. Katz; Stephen M. Plaza
866b82ca4de416241fd08f2b56a22b6b6c2941da,Volume electron microscopy: taking the measure of cells in 3D,2022,10.1017/s1431927622006079,,direct_scope+resolution,supported,Kedar Narayan
75bc52e92dbd17ac9cc1500e3b5c0fb6d0d6df60,Eigenmodes of the brain: revisiting connectomics and geometry,2024,10.1101/2024.04.16.589843,training,people_development_scope,peripheral,Sina Mansour; Hamid Behjat; D. Ville; Robert E. Smith; B. Yeo; Andrew Zalesky
ebf2bf6cbdcb0d68ae87b04ce38acd7dea0f77f6,Sex differences in functional brain connectivity over the course of aging in a large cohort,2021,10.1117/12.2594076,course,network_science_scope;people_development_scope,peripheral,Mite Mijalkov; E. Ruiz; Anna Canal Garcia; O. Jamialahmadi; S. Romeo; Giovanni Volpe; J. Pereira
de974e4a8bae1fd73cba8f8b54366018ef90039f,Cognitive Control in the Controllable Connectome,2016,,training,people_development_scope,peripheral,J. Medaglia; Shi Gu; F. Pasqualetti; R. Ashare; C. Lerman; J. Kable; D. Bassett
d78ce0c12a55e235c423b57a5082f09b724bfb12,Recursive Training of 2D-3D Convolutional Networks for Neuronal Boundary Detection,2015,,training,direct_scope+resolution,core_candidate,Kisuk Lee; A. Zlateski; Ashwin Vishwanathan; H. Seung
f0583163842a1916c6ad1e6b6c6f7474ffb730d3,Converging on consistent functional connectomics,2023,10.1101/2023.06.23.546329,,network_science_scope,supported,A. Luppi; H. Gellersen; Zhen-Qi Liu; Alexander R. D. Peattie; A. Manktelow; R. Adapa; A. Owen; L. Naci; D. K. Menon; S. Dimitriadis; E. Stamatakis
87de793dbf952bd9589f57c77e26c6669d3c0331,"A multi-modal, asymmetric, weighted, and signed description of anatomical connectivity",2024,10.1038/s41467-024-50248-6,training,network_science_scope,core_candidate,Jacob C. Tanner; Joshua Faskowitz; A. Teixeira; Caio Seguin; L. Coletta; A. Gozzi; B. Mišić; Richard F. Betzel
c4f70cc738f3bedb670d73701a2b2bef2192840c,Multimodal data revealed different neurobiological correlates of intelligence between males and females,2019,10.1007/s11682-019-00146-z,education;educational,people_development_scope,peripheral,R. Jiang; V. Calhoun; Yue Cui; S. Qi; C. Zhuo; Jin Li; R. Jung; Jian Yang; Yuhui Du; T. Jiang; J. Sui
4b7c8867d54ca12837d0fe85b7098cd6e70e717e,10Kin1day: A Bottom-Up Neuroimaging Initiative,2019,10.3389/fneur.2019.00425,workshop,people_development_scope,peripheral,Martijn van den Heuvel; L. H. Scholtens; Hannelore K van der Burgh; F. Agosta; C. Alloza; Tiffany M C Avancini; S. Baron-Cohen; S. Basaia; M. Benders; F. Beyer; L. Booij; K. Braun; W. Cahn; D. Cannon; S. S. M. Chan; Eric Y. H. Chen; M. Lombardo; B. Crespo-Facorro; E. Crone; U. Dannlowski; S. D. de Zwarte; A. Diaz-Zuluaga; B. Dietsche; S. du Plessis; S. Durston; R. Emsley; Geraldo Busatto Filho; M. Filippi; T. Frodl; D. Gąsecki; J. Goc; M. Gorges; B. Graff; D. Grotegerd; Julie M. Hall; L. Holleran; H. Hopman; L. Jäncke; A. Jansen; K. Jodzio; V. Kaleda; J. Kassubek; S. K. Masouleh; T. Kircher; M. Koevoets; V. Kostic; A. Krug; S. Lawrie; I. Lebedeva; Edwin H. M. Lee; T. Lett; S. Lewis; Franziskus Liem; C. López-Jaramillo; D. Margulies; S. Markett; P. Marques; I. Martínez-Zalacaín; C. Mcdonald; A. McIntosh; G. McPhilemy; S. Meinert; J. Menchón; S. Mérillat; C. Montag; P. Moreira; P. Morgado; D. Mothersill; H. Müller; Leila Nabulsi; P. Najt; K. Narkiewicz; P. Naumczyk; S. W. Neggers; B. Oranje; V. O. D. L. Foz; J. Peper; Julian A Pineda Z.; P. Rasser; R. Redlich; J. Repple; M. Reuter; Pedro G. P. Rosa; A. Ruigrok; A. Sabisz; U. Schall; S. Seedat; Mauricio Serpa; Devon A. Shook; S. Skouras; C. Soriano-Mas; N. Sousa; E. Szurowska; A. Tomyshev; D. Tordesillas-Gutiérrez; L. Tozzi; S. Valk; L. H. Berg; T. Erp; N. V. Haren; J. Leeuwen; A. Villringer; C. Vinkers; C. Vollmar; L. Waller; H. Walter; H. Whalley; M. Witkowska; V. Witte; M. Zanetti; Rui Zhang; G. Donohoe; V. O’Keane; S. C. Lange
2055b4589a8e4e614e17bde633b18772e84c7dad,PREDICTING TRANSDIAGNOSTIC PSYCHOPATHOLOGY FROM INDICES OF AGING IN THE HUMAN STRUCTURAL CONNECTOME,2019,10.1093/geroni/igz038.1261,training,people_development_scope,peripheral,James W. Madole; James W. Madole; S. Cox; C. Buchanan; Stuart J. Ritchie; M. Bastin; I. Deary; E. Tucker-Drob
e43ca3cf3b8f3c2931c6998fd70751480b3285d9,Constructing Fine-granularity Functional Brain Network Atlases via Deep Convolutional Autoencoder,2017,10.1016/j.media.2017.08.005,training,network_science_scope,supported,Yu Zhao; Qinglin Dong; Hanbo Chen; A. Iraji; Yujie Li; Milad Makkie; Z. Kou; Tianming Liu
a2479a1223fd44077e0685460b650c60086318cd,Morphological Error Detection in 3D Segmentations,2017,,training,proofreading_qc_scope,core_candidate,D. Rolnick; Y. Meirovitch; T. Parag; H. Pfister; Viren Jain; J. Lichtman; E. Boyden; N. Shavit
a8ea6e823eb1f5fc6da1806f1f37956e998397d4,Grey matter connectome abnormalities and age-related effects in antipsychotic-naive schizophrenia,2021,10.1016/j.ebiom.2021.103749,course,network_science_scope;people_development_scope,supported,Beisheng Yang; Wenjing Zhang; R. Lencer; B. Tao; Biqiu Tang; Jing Yang; Siyi Li; Jiaxin Zeng; H. Cao; J. Sweeney; Q. Gong; S. Lui
0608f40565e35a7e6ea95aa6fa2929eb42b4f3cb,Spatio-Temporal Encoding of Brain Dynamics with Surface Masked Autoencoders,2023,,training,people_development_scope,peripheral,Simon Dahan; Logan Z. J. Williams; Yourong Guo; D. Rueckert; E. Robinson
2dbee3f8aefbb0900b5e2fcbcbf4b09529b7bf23,Antagonistic network signature of motor function in Parkinson’s disease revealed by connectome-based predictive modeling,2022,10.1038/s41531-022-00315-w,course,people_development_scope,peripheral,Xuyang Wang; K. Yoo; Huafu Chen; Ting Zou; Hongyu Wang; Qing Gao; Li Meng; Xiaofei Hu; Rong Li
e3b76e0e09241b0c867bd0ae85db35d1a6a85876,Evaluating the capacity of connectome analysis to predict survival in high-grade astrocytoma.,2019,10.1200/jco.2019.37.15_suppl.2049,training,people_development_scope,peripheral,R. Harrison; Rongjie Liu; V. Rao; Melissa L. Petersen; Hannah Dyson; S. Weathers; Kristin D Alfaro-Munoz; J. D. Groot; S. Kesler
4ba741042dc2f787c433b4e8d7a045d32b446f50,An Out-of-Domain Synapse Detection Challenge for Microwasp Brain Connectomes,2023,10.48550/arxiv.2302.00545,training,direct_scope+resolution,supported,Jingpeng Wu; Yicong Li; Nishika Gupta; Kazunori Shinomiya; Pat Gunn; A. Polilov; H. Pfister; D. Chklovskii; D. Wei
5a129cf08c46fe99243c703339ba18f53c2f1ebd,The inferior fronto-occipital fascicle: a century of controversies from anatomy theaters to operative neurosurgery.,2021,10.23736/s0390-5616.21.05360-1,course,network_science_scope;review_scope,supported,A. De Benedictis; C. Marras; L. Petit; S. Sarubbo
23c5d2577f33295912389b09a222058e542df144,A resource from 3D electron microscopy of hippocampal neuropil for user training and tool development,2015,10.1038/sdata.2015.46,training,direct_scope+resolution,core_candidate,K. Harris; J. Špaček; Maria Elizabeth Bell; Patrick H. Parker; Laurence Lindsey; Alex Baden; J. Vogelstein; R. Burns
11864a756bfb021da376e1df0b1479a93a65cae9,The Nereid on the rise: Platynereis as a model system,2021,10.1186/s13227-021-00180-3,,direct_scope+resolution;review_scope,core_candidate,B. Özpolat; N. Randel; Elizabeth A. Williams; L. A. Bezares-Calderón; G. Andreatta; G. Balavoine; P. Bertucci; D. Ferrier; M. Gambi; E. Gazave; M. Handberg-Thorsager; J. Hardege; Cameron Hird; Y. Hsieh; J. Hui; Kevin Nzumbi Mutemi; S. Schneider; O. Simakov; H. Vergara; Michel Vervoort; G. Jékely; Kristin Tessmar‐Raible; F. Raible; D. Arendt
b5c509212f079faed57f0109764fcf38e769ad81,Multi-scale Imaging Reveals Aberrant Connectome Organization and Elevated Dorsal Striatal Arc Expression in Advanced Age,2018,10.1101/434191,training,direct_scope+resolution;people_development_scope,peripheral,L. Colon-Perez; Sean M. Turner; Katelyn N. Lubke; M. Febo; S. Burke
fbe5ec05b776461b798fd037250a17a0137d2bfb,A time-course study of actively stained mouse brains: DTI parameter and connectomic stability over one year,2021,10.1002/nbm.4611,course,network_science_scope,supported,Jaclyn Xiao; Kathryn J. Hornburg; G. Cofer; James J. Cook; Forrest Pratson; Y. Qi; G. Johnson
a854fbe52043ccd45ed36687b762dc6bab91d708,Predicting cognitive scores with graph neural networks through sample selection learning,2021,10.1007/s11682-021-00585-7,training,network_science_scope;people_development_scope,supported,M. Hanik; Mehmet Arif Demirtaş; Mohammed Amine Gharsallaoui; I. Rekik
558bd574804d4b78cc199ffa9642f4eec9a3b666,Aldehyde-stabilized cryopreservation.,2015,10.1016/j.cryobiol.2015.09.003,,direct_scope+resolution,core_candidate,R. L. McIntyre; G. Fahy
6680d8c90b099bb66cba9efece7a38b0ccfc95d4,NeuroADDA: Active Discriminative Domain Adaptation in Connectomic,2025,10.48550/arxiv.2503.06196,training,direct_scope+resolution;people_development_scope,supported,Shashata Sawmya; Thomas Athey; Gwyneth Liu; N. Shavit
0f702f6cf03fa2c670f05eb90ac8b9005b2f6179,Large‐scale white matter network reorganization in posttraumatic stress disorder,2019,10.1002/hbm.24738,education,network_science_scope,peripheral,Xueling Suo; Du Lei; Wenbin Li; Fuqin Chen; R. Niu; W. Kuang; Xiaoqi Huang; S. Lui; Lingjiang Li; J. Sweeney; Q. Gong
0015050ee81c66d6d08ebefa1c3fda6bd1144cd3,Deep Learning Estimation of Multi-Tissue Constrained Spherical Deconvolution with Limited Single Shell DW-MRI,2020,10.1117/12.2549455,training,network_science_scope,peripheral,V. Nath; S. Pathak; K. Schilling; W. Schneider; B. Landman
e5dd04ad966ef340db24667c7697fa2ae98c74de,Learning white matter subject-specific segmentation from structural MRI,2022,10.1002/mp.15495,course;training,network_science_scope,peripheral,Qi Yang; Colin B. Hansen; L. Cai; F. Rheault; Ho Hin Lee; Shunxing Bao; B. Chandio; Owen A. Williams; S. Resnick; E. Garyfallidis; A. Anderson; M. Descoteaux; K. Schilling; B. Landman
7a91b1a023d2000ffe6e63b32d3d51b1a1967fc6,A flexible framework for structural plasticity in GPU-accelerated sparse spiking neural networks,2025,10.1088/2634-4386/ae4535,training,direct_scope+resolution;network_science_scope,supported,James C. Knight; Johanna Senk; Thomas Nowotny
8d524363378c3a66b830528854e2110946c2329d,ConnectomeBench2: A Unified Benchmark for Automated Connectomic Proofreading,2026,10.48550/arxiv.2606.21116,training,direct_scope+resolution;proofreading_qc_scope,core_candidate,Jeff B. Brown; Tim Farkas; Gleb Razgar; Edward S. Boyden
638f3a63b5210d1a3cfc6db906224fdc878cb5f0,Maggot Instructor: Semi-Automated Analysis of Learning and Memory in Drosophila Larvae,2018,10.3389/fpsyg.2018.01010,training,direct_scope+resolution,peripheral,Urte Tomasiunaite; Annekathrin Widmann; Andreas S. Thum
bf291436a3cc3c9f06ff4cc97edf34b9209e7260,Adversarially Trained Persistent Homology Based Graph Convolutional Network for Disease Identification Using Brain Connectivity,2023,10.1109/tmi.2023.3309874,training,network_science_scope,supported,C. Bian; N. Xia; A. Xie; S. Cong; Q. Dong
f7c77ff8ca2014554004e56f08bbd3cfd103dc10,Archetypes of human cognition defined by time preference for reward and their brain correlates: An evolutionary trade‐off approach,2019,10.1016/j.neuroimage.2018.10.050,course,people_development_scope,peripheral,G. Cona; L. Koçillari; A. Palombit; A. Bertoldo; A. Maritan; M. Corbetta
60c7eaf439dc5c82e52ab8ef3e27689347913a3b,Abstracts from the Society for Clinical and Experimental Hypnosis 71st Annual Conference,2021,10.1080/00207144.2020.1858392,education;training,people_development_scope;review_scope,peripheral,Ciara Christensen; David Reid; Barbara S McCann; Amanda J. Calhoun
2d4f073144d46f59f4485bc116451e4a59460581,"Structural Synaptic Plasticity Has High Memory Capacity and Can Explain Graded Amnesia, Catastrophic Forgetting, and the Spacing Effect",2014,10.1371/journal.pone.0096485,course,direct_scope+resolution,peripheral,A. Knoblauch; E. Körner; Ursula Körner; F. Sommer
d5e73095c5dbc037cec8732ac57c570f6942c35b,GENERATIVE MODELS FOR LARGE-SCALE SIMULATIONS OF CONNECTOME DEVELOPMENT,2023,10.1109/icasspw59220.2023.10193544,workshop,network_science_scope,supported,Skylar J. Brooks; C. Stamoulis
4451c9978124112ae22ddcb4ba4449347a478928,AxonEM Dataset: 3D Axon Instance Segmentation of Brain Cortical Regions,2021,10.1007/978-3-030-87193-2_17,training,direct_scope+resolution;proofreading_qc_scope;people_development_scope,core_candidate,D. Wei; Kisuk Lee; Hanyu Li; R. Lu; J. Bae; Zequan Liu; Lifu Zhang; M'arcia dos Santos; Zudi Lin; T. Uram; Xueying Wang; Ignacio Arganda-Carreras; Brian Matejek; N. Kasthuri; J. Lichtman; H. Pfister
