paper_id,title,abstract,year,venue,citation_count,doi,pmid,arxiv_id,publication_types,publication_date,url,fields_of_study,fields_of_study_provenance,authors,query_ids,query_axes,retrieval_channels,keep,scope_reasons,direct_scope_hits,resolution_hits,network_hits,qc_hits,infrastructure_hits,health_hits,people_development_hits,macroscale_hits,corpus_in_degree,corpus_out_degree,pagerank,pagerank_percentile,k_core,component,age_normalized_citation_signal,age_normalized_citation_percentile,lexical_axis_count,evidence_score,tier,direct_seed_links,bibliographic_coupling_support,cocitation_support,direct_nanoscale_view,macroscale_flag,health_flag,training_outreach_flag,provenance_term_connectome,provenance_term_wiring_diagram,provenance_term_synaptic_graph,provenance_term_connectome_constrained,provenance_term_graph_query,specific_connectome_analysis,direct_resolution_refs_cited,inherited_connectome_provenance,derived_nanoscale_core,high_priority_nanoscale_core,direct_core_graph_links,graph_supported_adjacent_view,cleanup_bucket
0506a27b573c83cfea9223835c2190b455ce66b6,Cellular-resolution connectomics: challenges of dense neural circuit reconstruction,,2013.0,Nature Methods,305,10.1038/nmeth.2476,23722209.0,,Review;JournalArticle,2013-05-30,https://www.semanticscholar.org/paper/0506a27b573c83cfea9223835c2190b455ce66b6,Medicine;Biology;Computer Science,Medicine|external;Biology|external;Computer Science|s2-fos-model;Biology|s2-fos-model,M. Helmstaedter,acq_01,acquisition_preparation,1hop_citations;1hop_references;lexical,True,review_scope,connectom;neural circuit reconstruction,,,,,,,,70,1,0.0084002332278948,0.9978762941332624,11,1,1.5296924625392434,0.8351473320945049,1,3.999314219980533,core_candidate,39.0,1.0,304.0,False,False,False,False,True,False,False,False,False,True,1,False,False,False,57,True,graph_supported_adjacent
203d7329be92494f795038f7c43a0442e8a76f3a,The Human Connectome: A Structural Description of the Human Brain,"ABSTRACT The connection matrix of the human brain (the human “connectome”) represents an indispensable foundation for basic and applied neurobiological research. However, the network of anatomical connections linking the neuronal elements of the human brain is still largely unknown. While some databases or collations of large-scale anatomical connection patterns exist for other mammalian species, there is currently no connection matrix of the human brain, nor is there a coordinated research effort to collect, archive, and disseminate this important information. We propose a research strategy to achieve this goal, and discuss its potential impact.",2005.0,PLoS Comput. Biol.,3307,10.1371/journal.pcbi.0010042,16201007.0,,Review;JournalArticle,2005-09-01,https://www.semanticscholar.org/paper/203d7329be92494f795038f7c43a0442e8a76f3a,Biology,Biology|s2-fos-model,O. Sporns; G. Tononi; R. Kötter,,,1hop_references,True,review_scope,connectom,,,,database,human brain,,,51,0,0.007006801554922,0.9973453676665782,10,1,1.727799724186638,0.9073533315635784,0,2.951685691531723,supported,52.0,0.0,39.0,False,False,True,False,True,False,False,False,False,True,0,False,False,False,39,True,graph_supported_adjacent
cc2b790265c30d6f7d31ebff3009d298236f66da,Ome sweet ome: what can the genome tell us about the connectome?,,2008.0,Current Opinion in Neurobiology,203,10.1016/j.conb.2008.08.010,18801435.0,,Review;JournalArticle,2008-06-01,https://www.semanticscholar.org/paper/cc2b790265c30d6f7d31ebff3009d298236f66da,Medicine;Psychology;Biology,Medicine|external;Psychology|external;Biology|s2-fos-model,J. Lichtman; J. Sanes,sf_03,structure_function,1hop_references;lexical,True,review_scope,connectom,,,,,,,,48,0,0.0078832658523156,0.9976108308999204,11,1,1.2200604011994782,0.6333952747544465,1,3.148239093885497,core_candidate,20.0,0.0,203.0,False,False,False,False,True,False,False,False,False,True,0,False,False,False,30,True,graph_supported_adjacent
1fcdad6690b9cbfc3b131d108eed0d7746ed0bb1,Generative models of the human connectome,"The human connectome represents a network map of the brain's wiring diagram and the pattern into which its connections are organized is thought to play an important role in cognitive function. The generative rules that shape the topology of the human connectome remain incompletely understood. Earlier work in model organisms has suggested that wiring rules based on geometric relationships (distance) can account for many but likely not all topological features. Here we systematically explore a family of generative models of the human connectome that yield synthetic networks designed according to different wiring rules combining geometric and a broad range of topological factors. We find that a combination of geometric constraints with a homophilic attachment mechanism can create synthetic networks that closely match many topological characteristics of individual human connectomes, including features that were not included in the optimization of the generative model itself. We use these models to investigate a lifespan dataset and show that, with age, the model parameters undergo progressive changes, suggesting a rebalancing of the generative factors underlying the connectome across the lifespan.",2015.0,NeuroImage,302,10.1016/j.neuroimage.2015.09.041,26427642.0,1506.06795,JournalArticle,2015-06-22,https://www.semanticscholar.org/paper/1fcdad6690b9cbfc3b131d108eed0d7746ed0bb1,Psychology;Computer Science;Medicine;Biology,Psychology|external;Computer Science|external;Medicine|external;Biology|external;Computer Science|s2-fos-model;Biology|s2-fos-model,Richard F. Betzel; Andrea Avena-Koenigsberger; J. Goñi; Ye He; M. A. Reus; A. Griffa; P. Vértes; B. Mišić; J. Thiran; P. Hagmann; M. P. Heuvel; X. Zuo; E. Bullmore; O. Sporns,net_09;sf_06,network_science;structure_function,1hop_citations;1hop_references;lexical,True,network_science_scope,connectom;wiring diagram,,wiring rule,,,,,,76,6,0.0058400409011505,0.9960180514998672,8,1,1.6494125866692149,0.8826652508627555,2,4.355012830722945,core_candidate,17.0,72.0,302.0,False,False,False,False,True,True,False,False,False,True,0,False,False,False,14,True,graph_supported_adjacent
a20cd217b0d23dca911945cbfca1a67d4c09ec66,A technicolour approach to the connectome,,2008.0,Nature Reviews Neuroscience,335,10.1038/nrn2391,18446160.0,,Review;JournalArticle,2008-04-30,https://www.semanticscholar.org/paper/a20cd217b0d23dca911945cbfca1a67d4c09ec66,Biology,Biology|s2-fos-model,J. Lichtman; J. Livet; J. Sanes,,,1hop_references,True,review_scope,connectom,,,,,,,,13,0,0.0020282369820446,0.9846031324661534,6,1,1.334536825769593,0.7199362888239978,0,2.848420493761614,supported,15.0,0.0,8.0,False,False,False,False,True,False,False,False,False,True,0,False,False,False,12,True,graph_supported_adjacent
7072ef929fa3d7c3177ca868309523c588a67bd1,The WU-Minn Human Connectome Project: An Overview,"The Human Connectome Project consortium led by Washington University, University of Minnesota, and Oxford University is undertaking a systematic effort to map macroscopic human brain circuits and their relationship to behavior in a large population of healthy adults. This overview article focuses on progress made during the first half of the 5-year project in refining the methods for data acquisition and analysis. Preliminary analyses based on a finalized set of acquisition and preprocessing protocols demonstrate the exceptionally high quality of the data from each modality. The first quarterly release of imaging and behavioral data via the ConnectomeDB database demonstrates the commitment to making HCP datasets freely accessible. Altogether, the progress to date provides grounds for optimism that the HCP datasets and associated methods and software will become increasingly valuable resources for characterizing human brain connectivity and function, their relationship to behavior, and their heritability and genetic underpinnings.",2013.0,NeuroImage,5950,10.1016/j.neuroimage.2013.05.041,23684880.0,,Review;JournalArticle,2013-05-16,https://www.semanticscholar.org/paper/7072ef929fa3d7c3177ca868309523c588a67bd1,Medicine,Medicine|s2-fos-model,D. C. Essen; Stephen M. Smith; D. Barch; Timothy Edward John Behrens; E. Yacoub; K. Uğurbil,,,1hop_references,True,review_scope,connectom,,,,database,human brain,,human connectome project,27,0,0.0053725445674397,0.9952216617998408,7,1,2.322851520924129,0.9880541544996018,0,2.9904433235996812,supported,27.0,0.0,16.0,False,True,True,False,True,False,False,False,False,True,0,False,False,False,10,True,graph_supported_adjacent
2865fc9ecc2781b09e630de3016836d059cc8412,From the Connectome to the Synaptome: An Epic Love Story,,2010.0,Science,171,10.1126/science.1193378,21109663.0,,Review;JournalArticle,2010-11-26,https://www.semanticscholar.org/paper/2865fc9ecc2781b09e630de3016836d059cc8412,Biology,Biology|s2-fos-model,J. DeFelipe,,,1hop_references,True,review_scope,connectom,,,,,,,,9,0,0.0004872103417198,0.9394743827979825,5,1,1.2484507903050226,0.6543668701884789,0,2.7817892221927263,supported,9.0,0.0,7.0,False,False,False,False,True,False,False,False,False,True,0,False,False,False,9,True,graph_supported_adjacent
b87947e34aa05f24714d7e4d3135d5a951e17917,Comparative Connectomics.,"We introduce comparative connectomics, the quantitative study of cross-species commonalities and variations in brain network topology that aims to discover general principles of network architecture of nervous systems and the identification of species-specific features of brain connectivity. By comparing connectomes derived from simple to more advanced species, we identify two conserved themes of wiring: the tendency to organize network topology into communities that serve specialized functionality and the general drive to enable high topological integration by means of investment of neural resources in short communication paths, hubs, and rich clubs. Within the space of wiring possibilities that conform to these common principles, we argue that differences in connectome organization between closely related species support adaptations in cognition and behavior.",2016.0,Trends in Cognitive Sciences,290,10.1016/j.tics.2016.03.001,27026480.0,,Review;JournalArticle;Study,,https://www.semanticscholar.org/paper/b87947e34aa05f24714d7e4d3135d5a951e17917,Biology,Biology|s2-fos-model,M. P. van den heuvel; E. Bullmore; O. Sporns,,network_science,1hop_references,True,network_science_scope;review_scope,connectom,,network topology;rich club,,,,,,13,0,0.0005834703254613,0.9482346694982744,7,1,1.7105713265091878,0.9033713830634456,1,3.2461950269887616,core_candidate,13.0,0.0,13.0,False,False,False,False,True,False,False,False,False,True,0,False,False,False,7,True,graph_supported_adjacent
ee94504092bc3cd8ab5134c39e42e2e298cb2e8a,The human connectome: a complex network,,2011.0,Annals of the New York Academy of Sciences,1410,10.1111/j.1749-6632.2010.05888.x,21251014.0,,Review;JournalArticle,2011-04-01,https://www.semanticscholar.org/paper/ee94504092bc3cd8ab5134c39e42e2e298cb2e8a,Biology,Biology|s2-fos-model,O. Sporns,,,1hop_references,True,review_scope,connectom,,,,,,,,11,0,0.0004316600989912,0.9309795593310326,5,1,1.8130134879632032,0.9277940005309264,0,2.9121316697637374,supported,11.0,0.0,8.0,False,False,False,False,True,False,False,False,False,True,0,False,False,False,7,True,graph_supported_adjacent
b86ce88e604ab5981371e61c215d8b438d32fbec,Bridging the Gap between Connectome and Transcriptome.,"The recent construction of brain-wide gene expression atlases, which measure the transcriptional activity of thousands of genes in multiple anatomical locations, has made it possible to connect spatial variations in gene expression to distributed properties of connectome structure and function. These analyses have revealed that spatial patterning of gene expression and neuronal connectivity are closely linked, following broad spatial gradients that track regional variations in microcircuitry, inter-regional connectivity, and functional specialisation. Superimposed on these gradients are more specific associations between gene expression and connectome topology that appear conserved across diverse species and different resolution scales. These findings demonstrate the utility of brain-wide gene expression atlases for bridging the gap between molecular function and large-scale connectome organisation in health and disease.",2019.0,Trends in Cognitive Sciences,369,10.1016/j.tics.2018.10.005,30455082.0,,Review;JournalArticle,2019-01-01,https://www.semanticscholar.org/paper/b86ce88e604ab5981371e61c215d8b438d32fbec,Biology,Biology|s2-fos-model,A. Fornito; A. Arnatkevic̆iūtė; Ben D. Fulcher,,health_translation,1hop_citations;1hop_references,True,review_scope,connectom,,,,distributed,disease,,,6,5,0.0002318382456152,0.8723121847624105,7,1,2.0907390379269253,0.9692062649323068,1,3.9721706043712945,core_candidate,11.0,5.0,3.0,False,False,True,False,True,False,False,False,False,True,1,False,False,False,6,True,graph_supported_adjacent
1abb5ec1131186ff6acf026535eca3ad6203ca42,A functionally ordered visual feature map in the Drosophila brain.,"Topographic maps, the systematic spatial ordering of neurons by response tuning, are common across species. In Drosophila, the lobula columnar (LC) neuron types project from the optic lobe to the central brain, where each forms a glomerulus in a distinct position. However, the advantages of this glomerular arrangement are unclear. Here, we examine the functional and spatial relationships of 10 glomeruli using single-neuron calcium imaging. We discover novel detectors for objects smaller than the lens resolution (LC18) and for complex line motion (LC25). We find that glomeruli are spatially clustered by selectivity for looming versus drifting object motion and ordered by size tuning to form a topographic visual feature map. Furthermore, connectome analysis shows that downstream neurons integrate from sparse subsets of possible glomeruli combinations, which are biased for glomeruli encoding similar features. LC neurons are thus an explicit example of distinct feature detectors topographically organized to facilitate downstream circuit integration.",2022.0,Neuron,81,10.1016/j.neuron.2022.02.013,35290791.0,,JournalArticle,2022-03-01,https://www.semanticscholar.org/paper/1abb5ec1131186ff6acf026535eca3ad6203ca42,Biology,Biology|s2-fos-model,Nathan C. Klapoetke; Aljoscha Nern; E. M. Rogers; G. Rubin; Michael B. Reiser; G. Card,,network_science,1hop_references,True,network_science_scope,connectom,,graph,,,,,,7,0,0.0002200099329255,0.8683302362622777,6,1,1.9707447589279148,0.957791345898593,1,3.2134766834793376,core_candidate,8.0,0.0,8.0,False,False,False,False,True,False,False,False,False,True,0,False,False,False,6,True,graph_supported_adjacent
b35bd808b885015154c5ef66c1c1e9230be308eb,Search for computational modules in the C. elegans brain,"BackgroundDoes the C. elegans nervous system contain multi-neuron computational modules that perform stereotypical functions? We attempt to answer this question by searching for recurring multi-neuron inter-connectivity patterns in the C. elegans nervous system's wiring diagram.ResultsOur statistical analysis reveals that some inter-connectivity patterns containing two, three and four (but not five) neurons are significantly over-represented relative to the expectations based on the statistics of smaller inter-connectivity patterns.ConclusionsOver-represented patterns (or motifs) are candidates for computational modules that may perform stereotypical functions in the C. elegans nervous system. These modules may appear in other species and need to be investigated further.",2004.0,BMC Biology,110,10.1186/1741-7007-2-25,15574204.0,,JournalArticle,2004-12-02,https://www.semanticscholar.org/paper/b35bd808b885015154c5ef66c1c1e9230be308eb,Biology;Computer Science,Biology|s2-fos-model;Computer Science|s2-fos-model,Markus Reigl; U. Alon; D. Chklovskii,,network_science,1hop_references,True,network_science_scope,wiring diagram,,motif,,,,,,7,0,0.0004560526901627,0.9346960445978232,6,1,0.9820049304107388,0.4624369524820812,1,3.0155738430227412,core_candidate,7.0,0.0,6.0,False,False,False,False,False,True,False,False,False,True,0,False,False,False,6,True,graph_supported_adjacent
aa455e65feadb03f6aeaf3daa579068c1d993532,Aggression across sexes from a contextual- and circuit-based perspective.,"Often referred to as a 'fight,' survival involves intense competition over resources. Threat displays and high-intensity attacks are just a few of the aggressive actions exhibited during these contests. Certain motor programs are species-specific, like the vibration of a rattlesnake tail. However, conserved behavioral features are found across species, which appear to be mirrored within the brain. Further parallels have been found across sexes between aggression-promoting contexts and the underlying neuronal circuits. Unraveling the complex web of conserved and variable circuit mechanisms has been considerably advanced by the generation of brain-wiring diagrams in adult female and male Drosophila melanogaster. Here, I will summarize current research, primarily in Drosophila, on how contexts, sensory cues, and internal states regulate aggression across sexes.",2025.0,Current Opinion in Neurobiology,4,10.1016/j.conb.2025.103071,40578170.0,,Review;JournalArticle,2025-06-26,https://www.semanticscholar.org/paper/aa455e65feadb03f6aeaf3daa579068c1d993532,Biology;Psychology,Biology|s2-fos-model;Psychology|s2-fos-model,Catherine E. Schretter,,,1hop_citations,True,review_scope,wiring diagram,,,,,,,,0,6,0.0001267828160974,0.450491106981683,6,1,1.1380444617808732,0.572869657552429,0,2.874303159012477,supported,6.0,6.0,0.0,False,False,False,False,False,False,False,False,False,False,6,False,False,False,6,True,graph_supported_adjacent
b27e252bd8e0ec4be41c1525bc79ccef5004a0c4,Methods to investigate the structure and connectivity of the nervous system,"ABSTRACT Understanding the computations that take place in neural circuits requires identifying how neurons in those circuits are connected to one another. In addition, recent research indicates that aberrant neuronal wiring may be the cause of several neurodevelopmental disorders, further emphasizing the importance of identifying the wiring diagrams of brain circuits. To address this issue, several new approaches have been recently developed. In this review, we describe several methods that are currently available to investigate the structure and connectivity of the brain, and discuss their strengths and limitations.",2017.0,Fly,13,10.1080/19336934.2017.1295189,28277925.0,,Review;JournalArticle,2017-02-16,https://www.semanticscholar.org/paper/b27e252bd8e0ec4be41c1525bc79ccef5004a0c4,Biology,Biology|s2-fos-model,Donghyung Lee; Ting-hao Huang; Aubrie L De La Cruz; Antuca Callejas; C. Lois,,,1hop_citations;1hop_references,True,review_scope,wiring diagram,,,,,disorder,,,1,5,0.0001896875524532,0.8505441996283515,6,1,0.8345432037345951,0.3793469604459782,0,2.8275816299442527,supported,6.0,5.0,1.0,False,False,True,False,False,False,False,False,False,False,5,False,False,False,6,True,graph_supported_adjacent
8d8aaae1d1b7cc1b50a1d5a83c188800796e169e,Scaling up X-ray holographic nanotomography for neuronal tissue imaging,"Neuronal circuit reconstruction from X-ray holographic nanotomography (XNH) images of neuronal tissue requires overcoming limits in acquisition speed, image quality, and sample size. To fully exploit the higher brilliance of the European Synchrotron’s upgraded source, advances in endstation instrumentation and adapted data collection strategies are necessary. A detector upgrade combined with continuous scanning for XNH of neural tissue samples at the ESRF’s ID16A beamline demonstrates preserved or improved quality of images of large samples whilst increasing data acquisition time by more than a factor of two. This is a critical step in enabling the scaling up of XNH for neuronal tissue imaging.",2025.0,Biomedical Optics Express,5,10.1364/boe.559263,41767922.0,,JournalArticle,2025-03-19,https://www.semanticscholar.org/paper/8d8aaae1d1b7cc1b50a1d5a83c188800796e169e,Engineering;Physics;Materials Science,Engineering|s2-fos-model;Physics|s2-fos-model;Materials Science|s2-fos-model,Jayde Livingstone; Carles Bosch; Aaron T. Kuan; Lucas Benoït; P. Busca; T. Martin; M. Mazri; Wangchu Xiang; Wei-Chung Allen Lee; Andreas T. Schaefer; P. Cloetens; A. Pacureanu,,network_science,1hop_citations;1hop_references,True,network_science_scope,neuronal circuit reconstruction,,graph,,,,,,1,4,0.0001402489279092,0.7334749137244492,5,1,1.2669652709463668,0.6668436421555615,1,3.7168613397044505,core_candidate,6.0,4.0,1.0,False,False,False,False,False,False,False,False,False,False,4,False,False,False,5,True,graph_supported_adjacent
41964bd24d9dd2423cdefcc6cfb17f1964a03a27,OpenWorm: overview and recent advances in integrative biological simulation of Caenorhabditis elegans,"The adoption of powerful software tools and computational methods from the software industry by the scientific research community has resulted in a renewed interest in integrative, large-scale biological simulations. These typically involve the development of computational platforms to combine diverse, process-specific models into a coherent whole. The OpenWorm Foundation is an independent research organization working towards an integrative simulation of the nematode Caenorhabditis elegans, with the aim of providing a powerful new tool to understand how the organism's behaviour arises from its fundamental biology. In this perspective, we give an overview of the history and philosophy of OpenWorm, descriptions of the constituent sub-projects and corresponding open-science management practices, and discuss current achievements of the project and future directions. This article is part of a discussion meeting issue ‘Connectome to behaviour: modelling C. elegans at cellular resolution’.",2018.0,Philosophical Transactions of the Royal Society of London. Biological Sciences,101,10.1098/rstb.2017.0382,30201845.0,,Review;JournalArticle,2018-09-10,https://www.semanticscholar.org/paper/41964bd24d9dd2423cdefcc6cfb17f1964a03a27,Biology;Computer Science,Biology|s2-fos-model;Computer Science|s2-fos-model,G. Sarma; Chee Wai Lee; Thomas E. Portegys; Vahid Ghayoomie; Travis W. Jacobs; Bradly Alicea; Matteo Cantarelli; M. Currie; R. C. Gerkin; Shane Gingell; P. Gleeson; R. Gordon; Ramin M. Hasani; Giovanni Idili; S. Khayrulin; David Lung; A. Palyanov; Mark Watts; S. Larson,,,1hop_citations;1hop_references,True,review_scope,connectom,,community,,,,,,6,3,0.0002394914976796,0.8839925670294664,7,1,1.5416576044280903,0.8412529864613751,0,3.5836209185027874,core_candidate,9.0,3.0,6.0,False,False,False,False,True,False,False,False,False,True,1,False,False,False,5,True,graph_supported_adjacent
3919ed02bf16acd07206c40fcbb2d85ce37e4639,The Human Connectome Project: A data acquisition perspective,"The Human Connectome Project (HCP) is an ambitious 5-year effort to characterize brain connectivity and function and their variability in healthy adults. This review summarizes the data acquisition plans being implemented by a consortium of HCP investigators who will study a population of 1200 subjects (twins and their non-twin siblings) using multiple imaging modalities along with extensive behavioral and genetic data. The imaging modalities will include diffusion imaging (dMRI), resting-state fMRI (R-fMRI), task-evoked fMRI (T-fMRI), T1- and T2-weighted MRI for structural and myelin mapping, plus combined magnetoencephalography and electroencephalography (MEG/EEG). Given the importance of obtaining the best possible data quality, we discuss the efforts underway during the first two years of the grant (Phase I) to refine and optimize many aspects of HCP data acquisition, including a new 7T scanner, a customized 3T scanner, and improved MR pulse sequences.",2012.0,NeuroImage,2688,10.1016/j.neuroimage.2012.02.018,22366334.0,,Review;JournalArticle,2012-02-17,https://www.semanticscholar.org/paper/3919ed02bf16acd07206c40fcbb2d85ce37e4639,Medicine,Medicine|s2-fos-model,D. C. Essen; K. Uğurbil; E. Auerbach; D. Barch; Timothy Edward John Behrens; R. Bucholz; A. Chang; Liyong Chen; M. Corbetta; Sandra W. Curtiss; S. D. Penna; D. Feinberg; M. Glasser; N. Harel; A. Heath; L. Larson-Prior; D. Marcus; G. Michalareas; S. Moeller; R. Oostenveld; S. Petersen; F. Prior; B. Schlaggar; Stephen M. Smith; A. Snyder; Junqian Xu; E. Yacoub,,network_science,1hop_references,True,network_science_scope;review_scope,connectom,,graph,,,,,dmri;human connectome project;resting-state,8,0,0.0010851170219688,0.9726572869657552,5,1,2.038977178665603,0.9638970002654632,1,3.2947747986903813,core_candidate,8.0,0.0,7.0,False,True,False,False,True,False,False,False,False,True,0,False,False,False,5,True,graph_supported_adjacent
50431900e1d8c81d4af3161eebca90ee10f57e88,The challenge of mapping the human connectome based on diffusion tractography,"Tractography based on non-invasive diffusion imaging is central to the study of human brain connectivity. To date, the approach has not been systematically validated in ground truth studies. Based on a simulated human brain data set with ground truth tracts, we organized an open international tractography challenge, which resulted in 96 distinct submissions from 20 research groups. Here, we report the encouraging finding that most state-of-the-art algorithms produce tractograms containing 90% of the ground truth bundles (to at least some extent). However, the same tractograms contain many more invalid than valid bundles, and half of these invalid bundles occur systematically across research groups. Taken together, our results demonstrate and confirm fundamental ambiguities inherent in tract reconstruction based on orientation information alone, which need to be considered when interpreting tractography and connectivity results. Our approach provides a novel framework for estimating reliability of tractography and encourages innovation to address its current limitations. Though tractography is widely used, it has not been systematically validated. Here, authors report results from 20 groups showing that many tractography algorithms produce both valid and invalid bundles.",2017.0,Nature Communications,1267,10.1038/s41467-017-01285-x,29116093.0,,JournalArticle,2017-11-07,https://www.semanticscholar.org/paper/50431900e1d8c81d4af3161eebca90ee10f57e88,Computer Science,Computer Science|s2-fos-model,Klaus Hermann Maier-Hein; P. Neher; Jean-Christophe Houde; Marc-Alexandre Côté; E. Garyfallidis; Jidan Zhong; M. Chamberland; F. Yeh; Ying-Chia Lin; Q. Ji; W. Reddick; J. Glass; D. Chen; Yuanjing Feng; Chengfeng Gao; Ye Wu; Jieyan Ma; H. Renjie; Qiang Li; C. Westin; Samuel Deslauriers-Gauthier; J. O. O. González; Michael Paquette; Samuel St-Jean; G. Girard; F. Rheault; Jasmeen Sidhu; C. Tax; F. Guo; H. Mesri; Szabolcs Dávid; M. Froeling; A. Heemskerk; A. Leemans; A. Boré; B. Pinsard; C. Bedetti; M. Desrosiers; S. Brambati; J. Doyon; Alessia Sarica; R. Vasta; A. Cerasa; A. Quattrone; J. Yeatman; Ali R. Khan; Wes Hodges; Simon Alexander; D. Romascano; M. Barakovic; A. Auría; O. Esteban; A. Lemkaddem; J. Thiran; H. Cetingul; B. Odry; B. Mailhé; M. Nadar; F. Pizzagalli; Gautam Prasad; Julio E. Villalón-Reina; Justin Galvis; P. Thompson; Francisco de Santiago Requejo; P. L. Laguna; L. Lacerda; Rachel L. C. Barrett; F. Dell’Acqua; M. Catani; L. Petit; E. Caruyer; Alessandro Daducci; T. Dyrby; T. Holland-Letz; C. Hilgetag; B. Stieltjes; M. Descoteaux,,network_science,1hop_references,True,network_science_scope,connectom,,graph,,,human brain,,,6,0,0.0002778184927874,0.8970002654632333,4,1,2.2595094115223,0.9851340589328378,1,3.248650561897177,core_candidate,6.0,0.0,4.0,False,False,True,False,True,False,False,False,False,True,0,False,False,False,5,True,graph_supported_adjacent
72134eb7f8d16a688e34fd2117e22ef783c94f55,Small-World Brain Networks Revisited,"It is nearly 20 years since the concept of a small-world network was first quantitatively defined, by a combination of high clustering and short path length; and about 10 years since this metric of complex network topology began to be widely applied to analysis of neuroimaging and other neuroscience data as part of the rapid growth of the new field of connectomics. Here, we review briefly the foundational concepts of graph theoretical estimation and generation of small-world networks. We take stock of some of the key developments in the field in the past decade and we consider in some detail the implications of recent studies using high-resolution tract-tracing methods to map the anatomical networks of the macaque and the mouse. In doing so, we draw attention to the important methodological distinction between topological analysis of binary or unweighted graphs, which have provided a popular but simple approach to brain network analysis in the past, and the topology of weighted graphs, which retain more biologically relevant information and are more appropriate to the increasingly sophisticated data on brain connectivity emerging from contemporary tract-tracing and other imaging studies. We conclude by highlighting some possible future trends in the further development of weighted small-worldness as part of a deeper and broader understanding of the topology and the functional value of the strong and weak links between areas of mammalian cortex.",2016.0,The Neuroscientist,807,10.1177/1073858416667720,27655008.0,1608.05665,Review;JournalArticle,2016-08-19,https://www.semanticscholar.org/paper/72134eb7f8d16a688e34fd2117e22ef783c94f55,Computer Science,Computer Science|s2-fos-model,D. Bassett; E. Bullmore,,network_science,1hop_citations;1hop_references,True,network_science_scope;review_scope,connectom,,graph;network analysis;network topology;small-world,,,,,,10,3,0.0004004721714608,0.9251393681975046,7,1,2.018486407623977,0.96230422086541,1,4.008339969914167,core_candidate,13.0,3.0,6.0,False,False,False,False,True,False,False,False,False,True,0,False,False,False,4,True,graph_supported_adjacent
f082793a615dc84c41502b933e62f9763966eeef,Learning function from structure in neuromorphic networks,"The connection patterns of neural circuits in the brain form a complex network. Collective signalling within the network manifests as patterned neural activity and is thought to support human cognition and adaptive behaviour. Recent technological advances permit macroscale reconstructions of biological brain networks. These maps, termed connectomes, display multiple non-random architectural features, including heavy-tailed degree distributions, segregated communities and a densely interconnected core. Yet, how computation and functional specialization emerge from network architecture remains unknown. Here we reconstruct human brain connectomes using in vivo diffusion-weighted imaging and use reservoir computing to implement connectomes as artificial neural networks. We then train these neuromorphic networks to learn a memory-encoding task. We show that biologically realistic neural architectures perform best when they display critical dynamics. We find that performance is driven by network topology and that the modular organization of intrinsic networks is computationally relevant. We observe a prominent interaction between network structure and dynamics throughout, such that the same underlying architecture can support a wide range of memory capacity values as well as different functions (encoding or decoding), depending on the dynamical regime the network is in. This work opens new opportunities to discover how the network organization of the brain optimizes cognitive capacity. The relationship between brain organization, connectivity and computation is not well understood. The authors construct neuromorphic artificial neural networks endowed with biological connection patterns derived from diffusion-weighted imaging. The neuromorphic networks are trained to perform a memory task, revealing an interaction between network structure and dynamics.",2020.0,Nature Machine Intelligence,127,10.1038/s42256-021-00376-1,,,JournalArticle,2020-11-11,https://www.semanticscholar.org/paper/f082793a615dc84c41502b933e62f9763966eeef,Computer Science,Computer Science|s2-fos-model,Laura E. Suárez; B. Richards; Guillaume Lajoie; B. Mišić,,network_science,1hop_citations;1hop_references,True,network_science_scope,connectom,,degree distribution;modular;network topology,,,human brain,,,4,3,0.0002188157817552,0.8677993097955933,5,1,1.8338950617271996,0.9346960445978232,1,3.951530837978939,core_candidate,7.0,3.0,4.0,False,False,True,False,True,False,False,False,False,True,1,False,False,False,4,True,graph_supported_adjacent
f504a5c2a9ae5d9912955852b9ceecaf42f45221,Geppetto: a reusable modular open platform for exploring neuroscience data and models,"Geppetto is an open-source platform that provides generic middleware infrastructure for building both online and desktop tools for visualizing neuroscience models and data and managing simulations. Geppetto underpins a number of neuroscience applications, including Open Source Brain (OSB), Virtual Fly Brain (VFB), NEURON-UI and NetPyNE-UI. OSB is used by researchers to create and visualize computational neuroscience models described in NeuroML and simulate them through the browser. VFB is the reference hub for Drosophila melanogaster neural anatomy and imaging data including neuropil, segmented neurons, microscopy stacks and gene expression pattern data. Geppetto is also being used to build a new user interface for NEURON, a widely used neuronal simulation environment, and for NetPyNE, a Python package for network modelling using NEURON. Geppetto defines domain agnostic abstractions used by all these applications to represent their models and data and offers a set of modules and components to integrate, visualize and control simulations in a highly accessible way. The platform comprises a backend which can connect to external data sources, model repositories and simulators together with a highly customizable frontend. This article is part of a discussion meeting issue ‘Connectome to behaviour: modelling C. elegans at cellular resolution’.",2018.0,Philosophical Transactions of the Royal Society B: Biological Sciences,30,10.1098/rstb.2017.0380,30201843.0,,JournalArticle,2018-09-10,https://www.semanticscholar.org/paper/f504a5c2a9ae5d9912955852b9ceecaf42f45221,Medicine;Computer Science;Biology,Medicine|external;Computer Science|external;Computer Science|s2-fos-model;Biology|s2-fos-model,Matteo Cantarelli; Bóris Marin; Bóris Marin; Adrian Quintana; M. Earnshaw; Robert Court; P. Gleeson; S. Dura-Bernal; R. Silver; Giovanni Idili,net_04,network_science,1hop_references;lexical,True,network_science_scope,connectom,,modular,,,,,,8,1,0.0004992393400174,0.94159808866472,5,1,1.1446624014950488,0.5771170692859039,1,3.828090434474825,core_candidate,3.0,49.0,30.0,False,False,False,False,True,False,False,False,False,True,0,False,False,False,4,True,graph_supported_adjacent
ee2cd3637990318db179b29a075eb8c342de6a31,Neuronal Tracing for Connectomic Studies,,2011.0,Neuroinformatics,53,10.1007/s12021-011-9101-6,21340747.0,,Review;JournalArticle,2011-02-22,https://www.semanticscholar.org/paper/ee2cd3637990318db179b29a075eb8c342de6a31,Computer Science;Medicine;Biology,Computer Science|external;Medicine|external;Biology|s2-fos-model;Computer Science|s2-fos-model,Ju Lu,core_04,direct_connectomics,1hop_citations;lexical,True,review_scope,connectom,,,,,,,,3,3,0.0004499694995795,0.9336341916644544,3,1,0.9972460116410686,0.4698699230156623,1,3.768493938589505,core_candidate,4.0,3.0,53.0,False,False,False,False,False,False,False,False,False,False,2,False,False,False,4,True,graph_supported_adjacent
306192361a68c176b381be414017230d662b66fa,Post mortem mapping of connectional anatomy for the validation of diffusion MRI,"Despite the impressive advances in diffusion MRI (dMRI) acquisition and analysis that have taken place during the Human Connectome era, dMRI tractography is still an imperfect source of information on the circuitry of the brain. In this review, we discuss methods for post mortem validation of dMRI tractography, fiber orientations, and other microstructural properties of axon bundles that are typically extracted from dMRI data. These methods include anatomic tracer studies, Klingler’s dissection, myelin stains, label-free optical imaging techniques, and others. We provide an overview of the basic principles of each technique, its limitations, and what it has taught us so far about the accuracy of different dMRI acquisition and analysis approaches.",2021.0,bioRxiv,105,10.1016/j.neuroimage.2022.119146,35346838.0,,JournalArticle;Review,2021-04-19,https://www.semanticscholar.org/paper/306192361a68c176b381be414017230d662b66fa,Medicine,Medicine|s2-fos-model,A. Yendiki; M. Aggarwal; M. Axer; Amy F. D. Howard; A. C. Walsum; S. Haber,,network_science,1hop_citations;1hop_references,True,network_science_scope;review_scope,connectom,,graph,,,,,diffusion mri;dmri,2,3,0.0002352839196074,0.8823997876294133,4,1,1.9038410378535977,0.94770374303159,1,3.718985045571188,core_candidate,5.0,3.0,2.0,False,True,False,False,True,False,False,False,False,True,2,False,False,False,4,True,graph_supported_adjacent
c85f82128591442d25be96fc371af993572e0cf8,Analyzing Self-Similar and Fractal Properties of the C. elegans Neural Network,"The brain is one of the most studied and highly complex systems in the biological world. While much research has concentrated on studying the brain directly, our focus is the structure of the brain itself: at its core an interconnected network of nodes (neurons). A better understanding of the structural connectivity of the brain should elucidate some of its functional properties. In this paper we analyze the connectome of the nematode Caenorhabditis elegans. Consisting of only 302 neurons, it is one of the better-understood neural networks. Using a Laplacian Matrix of the 279-neuron “giant component” of the network, we use an eigenvalue counting function to look for fractal-like self similarity. This matrix representation is also used to plot visualizations of the neural network in eigenfunction coordinates. Small-world properties of the system are examined, including average path length and clustering coefficient. We test for localization of eigenfunctions, using graph energy and spacial variance on these functions. To better understand results, all calculations are also performed on random networks, branching trees, and known fractals, as well as fractals which have been “rewired” to have small-world properties. We propose algorithms for generating Laplacian matrices of each of these graphs.",2012.0,PLoS ONE,22,10.1371/journal.pone.0040483,23071485.0,,JournalArticle,2012-10-05,https://www.semanticscholar.org/paper/c85f82128591442d25be96fc371af993572e0cf8,Medicine;Physics;Biology;Mathematics,Medicine|external;Physics|external;Biology|s2-fos-model;Mathematics|s2-fos-model,Tyler Reese; A. Brzoska; Dylan T. Yott; D. Kelleher,net_07,network_science,1hop_references;lexical,True,network_science_scope,connectom,,graph;small-world,,visualization,,,,4,1,0.0003412857970649,0.912662596230422,4,1,0.8095811253615519,0.3695248208123174,1,3.702592690912309,core_candidate,3.0,39.0,22.0,False,False,False,False,True,False,False,False,False,True,1,False,False,False,4,True,graph_supported_adjacent
6ac2f5f6ae1279792ee4238cc839d7752bac11f2,Weighted Stochastic Block Models of the Human Connectome across the Life Span,"The human brain can be described as a complex network of anatomical connections between distinct areas, referred to as the human connectome. Fundamental characteristics of connectome organization can be revealed using the tools of network science and graph theory. Of particular interest is the network’s community structure, commonly identified by modularity maximization, where communities are conceptualized as densely intra-connected and sparsely inter-connected. Here we adopt a generative modeling approach called weighted stochastic block models (WSBM) that can describe a wider range of community structure topologies by explicitly considering patterned interactions between communities. We apply this method to the study of changes in the human connectome that occur across the life span (between 6–85 years old). We find that WSBM communities exhibit greater hemispheric symmetry and are spatially less compact than those derived from modularity maximization. We identify several network blocks that exhibit significant linear and non-linear changes across age, with the most significant changes involving subregions of prefrontal cortex. Overall, we show that the WSBM generative modeling approach can be an effective tool for describing types of community structure in brain networks that go beyond modularity.",2018.0,Scientific Reports,99,10.1038/s41598-018-31202-1,30158553.0,,JournalArticle,2018-08-29,https://www.semanticscholar.org/paper/6ac2f5f6ae1279792ee4238cc839d7752bac11f2,Computer Science;Biology,Computer Science|s2-fos-model;Biology|s2-fos-model,Joshua Faskowitz; Xiaoran Yan; X. Zuo; O. Sporns,,network_science,1hop_citations;1hop_references,True,network_science_scope,connectom,,community;graph;modular,,,human brain,,,5,2,0.0004060006465109,0.9269976108309,5,1,1.5350567286626973,0.836740111494558,1,3.696951597203787,core_candidate,7.0,2.0,3.0,False,False,True,False,True,False,False,False,False,True,1,False,False,False,4,True,graph_supported_adjacent
e4ac8293d9ebb700c79691d73bca2edac3dac3f9,Whole-brain spatial organization of hippocampal single-neuron projectomes,"Mapping single-neuron projections is essential for understanding brain-wide connectivity and diverse functions of the hippocampus (HIP). Here, we reconstructed 10,100 single-neuron projectomes of mouse HIP and classified 43 projectome subtypes with distinct projection patterns. The number of projection targets and axon-tip distribution depended on the soma location along HIP longitudinal and transverse axes. Many projectome subtypes were enriched in specific HIP subdomains defined by spatial transcriptomic profiles. Furthermore, we delineated comprehensive wiring diagrams for HIP neurons projecting exclusively within the HIP formation (HPF) and for those projecting to both intra- and extra-HPF targets. Bihemispheric projecting neurons generally projected to one pair of homologous targets with ipsilateral preference. These organization principles of single-neuron projectomes provide a structural basis for understanding the function of HIP neurons. Editor’s summary Neuronal connectivity is an essential ingredient for understanding and interpreting neuronal operations. The hippocampus plays a major role in learning and memory and other crucial brain functions, so an understanding of intrahippocampal connectivity is of paramount importance. Qiu et al. reconstructed axonal arborization of 10,100 neurons in the mouse hippocampus. Spatial transcriptomic analysis of hippocampal sections was also performed to determine the correlations between soma location, transcriptome profile, and axonal projection. The results revealed some previously unknown organization principles of hippocampal axon projections. —Mattia Maroso Single-cell projectome analysis elucidates axonal arborization of more than 10,000 neurons in the mouse hippocampus. INTRODUCTION In the brain circuitry, a single neuron could broadcast output signals to other neurons located in nearby or distant areas. Therefore, understanding the spatial organization of axon projections at the single-cell level is crucial for elucidating the neural circuitry underlying various brain functions. As a brain structure essential for learning, memory, cognition, stress responses and emotional behaviors, it is known that the hippocampus (HIP) is widely connected with various brain areas, including the cortex, thalamus, hypothalamus, olfactory areas, and amygdala. However, it remains unclear how single HIP neurons project to brain-wide target areas and how a single-neuron projectome can be specified by the soma location within the HIP. RATIONALE To reconstruct single-neuron projectomes of the mouse HIP, we combined sparse-labeling methods with fluorescence micro-optical sectioning tomography and reconstructed the soma, axon arbors, and dendrites of individual neurons. We used a wide range of analytic tools for the projectome analysis and created a state-of-art web interface to visualize the projectome data. RESULTS We have created an open and comprehensive database with 10,100 single-neuron projectomes throughout the HIP, which allows interactive query, visualization, and analysis of reconstructed brain-wide projectomes. We classified HIP neurons into 341 projection patterns, and then 43 projectome subtypes, based on their axon morphology and brain-wide target areas. Our study revealed previously unknown axon projection patterns, target-dependent soma distribution within HIP subdomains, a general rule for bihemispheric projections, axon orientation rules for mossy fibers and Schaffer collaterals, and topographic correlation between axon arbors and soma location along HIP axes. CONCLUSION Single-neuron projectome analyses have provided unprecedented information on axon projection patterns at the single-cell resolution and elucidated the organizational principles of whole-brain connectivity of HIP neurons. Such knowledge could be further combined with gene expression data to define HIP neuron subtypes and serve as the structural basis for understanding their diverse and coordinated functions. Spatial organization principles of HIP single-neuron projectomes. A comprehensive database for single-neuron projectomes was created by a large-scale reconstruction of brain-wide axon projections from single neurons throughout the HIP. Single-neuron projectome analysis revealed spatial organization principles of brain-wide axon projections from HIP neurons.",2024.0,Science,101,10.1126/science.adj9198,38300992.0,,JournalArticle,2024-02-02,https://www.semanticscholar.org/paper/e4ac8293d9ebb700c79691d73bca2edac3dac3f9,Biology,Biology|s2-fos-model,Shou Qiu; Yachuang Hu; Yiming Huang; Taosha Gao; Xiaofei Wang; Dan Wang; Biyu Ren; Xiaoxue Shi; Yu Chen; Xinran Wang; Dan Wang; Luyao Han; Yikai Liang; Dechen Liu; Qingxu Liu; Li Deng; Zhaoqin Chen; Lijie Zhan; Tian-Lun Chen; Yuzhe Huang; Qing-Feng Wu; Taorong Xie; Liuqin Qian; Chenxi Jin; Jiawen Huang; Wei Deng; Tao Jiang; Xiangning Li; Xueyan Jia; Jing Yuan; Anan Li; Jun Yan; Ninglong Xu; Lin Xu; Qingming Luo; M. Poo; Yidi Sun; Chengyu T. Li; Haishan Yao; Hui Gong; Yangang Sun; Chun Xu,,network_science,1hop_references,True,network_science_scope,wiring diagram,,graph,,database;query;visualization,,,,4,0,0.0001613125745942,0.7979824794265994,4,1,2.6702292987443745,0.997079904433236,1,3.680360145119901,core_candidate,4.0,0.0,4.0,False,False,False,False,False,False,False,False,False,False,0,False,False,False,4,True,graph_supported_adjacent
5155e8de5c38375b4eefea72d8a09833dc3a03c0,A multi-modal parcellation of human cerebral cortex,"Understanding the amazingly complex human cerebral cortex requires a map (or parcellation) of its major subdivisions, known as cortical areas. Making an accurate areal map has been a century-old objective in neuroscience. Using multi-modal magnetic resonance images from the Human Connectome Project (HCP) and an objective semi-automated neuroanatomical approach, we delineated 180 areas per hemisphere bounded by sharp changes in cortical architecture, function, connectivity, and/or topography in a precisely aligned group average of 210 healthy young adults. We characterized 97 new areas and 83 areas previously reported using post-mortem microscopy or other specialized study-specific approaches. To enable automated delineation and identification of these areas in new HCP subjects and in future studies, we trained a machine-learning classifier to recognize the multi-modal ‘fingerprint’ of each cortical area. This classifier detected the presence of 96.6% of the cortical areas in new subjects, replicated the group parcellation, and could correctly locate areas in individuals with atypical parcellations. The freely available parcellation and classifier will enable substantially improved neuroanatomical precision for studies of the structural and functional organization of human cerebral cortex and its variation across individuals and in development, aging, and disease.",2016.0,Nature,4797,10.1038/nature18933,27437579.0,,JournalArticle,2016-07-20,https://www.semanticscholar.org/paper/5155e8de5c38375b4eefea72d8a09833dc3a03c0,Medicine;Biology,Medicine|s2-fos-model;Biology|s2-fos-model,M. Glasser; T. Coalson; E. Robinson; C. Hacker; J. Harwell; E. Yacoub; K. Uğurbil; J. Andersson; C. Beckmann; M. Jenkinson; Stephen M. Smith; D. C. Essen,,health_translation;network_science,1hop_references,True,network_science_scope,connectom,,graph,,,disease,,human connectome project,14,0,0.0006524525949644,0.9524820812317494,4,1,2.555596420809296,0.9954871250331828,2,3.62877179010707,core_candidate,14.0,0.0,4.0,False,True,True,False,True,False,False,False,False,True,0,False,False,False,4,True,graph_supported_adjacent
5d9e695fb29b5c554befef965f6e283180da5333,Towards a biologically annotated brain connectome,,2023.0,Nature Reviews Neuroscience,103,10.1038/s41583-023-00752-3,37848663.0,,Review;JournalArticle,2023-10-17,https://www.semanticscholar.org/paper/5d9e695fb29b5c554befef965f6e283180da5333,Biology;Computer Science,Biology|s2-fos-model;Computer Science|s2-fos-model,Vincent Bazinet; J. Hansen; B. Mišić,,,1hop_citations;1hop_references,True,review_scope,connectom,,,,,,,,4,5,0.00016880510406,0.8178922219272631,7,1,2.3221954495706862,0.9877886912662596,0,3.607313512078577,core_candidate,9.0,5.0,3.0,False,False,False,False,True,False,False,False,False,True,1,False,False,False,4,True,graph_supported_adjacent
b0f61475329f746db034aa476b46dc33d7de142f,The inferred functional connectome underlying circadian synchronization in the mouse suprachiasmatic nucleus,"Significance Linking cellular activity to network-level computation remains a major goal in neuroscience. We introduce a robust method to infer directed, functional cell–cell connectivity in large cell populations. Using information theory and live-cell imaging of circadian gene expression, we uncover how the suprachiasmatic nucleus network drives properties such as jetlag and daily dorsal–ventral activity waves. We find that specific, reliable, and sparse connectivity patterns, along with molecular identity, generate and coordinate ensemble behavior. These findings establish a general framework for decoding cell communication and show how network topology shapes computation in distributed cellular systems.",2025.0,Proceedings of the National Academy of Sciences of the United States of America,12,10.1073/pnas.2520674122,41380001.0,,JournalArticle,2025-12-11,https://www.semanticscholar.org/paper/b0f61475329f746db034aa476b46dc33d7de142f,Biology,Biology|s2-fos-model,K. Nikhil; Bharat Singhal; D. Granados-Fuentes; Jr-Shin Li; István Z. Kiss; Erik D. Herzog,,network_science,1hop_citations,True,network_science_scope,connectom,,network topology,,distributed,,,functional connectome,0,4,0.0001267828160974,0.4682771436156092,4,1,1.8136930840611305,0.928590390230953,1,3.3988363861605166,core_candidate,4.0,4.0,0.0,False,True,False,False,True,False,False,False,False,True,4,False,False,False,4,True,graph_supported_adjacent
614092867fac6212818f9feb2183eeab19b3522e,The connectomics of brain disorders,,2015.0,Nature Reviews Neuroscience,1632,10.1038/nrn3901,25697159.0,,Review;JournalArticle,2015-02-20,https://www.semanticscholar.org/paper/614092867fac6212818f9feb2183eeab19b3522e,Medicine;Biology,Medicine|s2-fos-model;Biology|s2-fos-model,A. Fornito; A. Zalesky; M. Breakspear,,,1hop_citations;1hop_references,True,review_scope,connectom,,,,,disorder,,,8,1,0.0004056418991675,0.9267321475975576,6,1,2.135668902044107,0.9755773825325192,0,3.182837801964428,core_candidate,9.0,1.0,7.0,False,False,True,False,True,False,False,False,False,True,0,False,False,False,4,True,graph_supported_adjacent
73a4c9a58f129c980953b6b71ac48c44bf1b4416,Gap junctions: historical discoveries and new findings in the Caenorhabditis elegans nervous system,"ABSTRACT Gap junctions are evolutionarily conserved structures at close membrane contacts between two cells. In the nervous system, they mediate rapid, often bi-directional, transmission of signals through channels called innexins in invertebrates and connexins in vertebrates. Connectomic studies from Caenorhabditis elegans have uncovered a vast number of gap junctions present in the nervous system and non-neuronal tissues. The genome also has 25 innexin genes that are expressed in spatial and temporal dynamic pattern. Recent findings have begun to reveal novel roles of innexins in the regulation of multiple processes during formation and function of neural circuits both in normal conditions and under stress. Here, we highlight the diverse roles of gap junctions and innexins in the C. elegans nervous system. These findings contribute to fundamental understanding of gap junctions in all animals. Summary: Studies from C. elegans have illustrated many roles of gap junctions in neural connectivity and circuit regulation, during normal conditions and under stress.",2020.0,Biology Open,20,10.1242/bio.053983,32883654.0,,Review;JournalArticle,2020-08-15,https://www.semanticscholar.org/paper/73a4c9a58f129c980953b6b71ac48c44bf1b4416,Biology,Biology|s2-fos-model,E. J. Jin; Seungmee Park; Xiaohui Lyu; Yishi Jin,,,1hop_citations;1hop_references,True,review_scope,connectom,,,,,,,,2,4,0.0001450034230804,0.754977435625166,5,1,1.1507213187389014,0.5810990177860367,0,3.1067825856118927,core_candidate,6.0,4.0,2.0,False,False,False,False,False,False,False,False,False,False,4,False,False,False,4,True,graph_supported_adjacent
df2241cadc6366dc2a417a6c4f8ea89b7705a484,Optimal photostimulation selection for iterative activity maps,"All-optical two-photon holographic optogenetics enables causal circuit mapping by stimulating defined neurons or ensembles while imaging population activity. Yet exhaustive connectivity mapping remains experimentally prohibitive because of combinatorial complexity, tissue heating, photodamage, and experimental time. We present OPhELIA (Optimal Photostimulation sElection for Iterative Activity maps), a Bayesian framework for selecting informative perturbations under limited trial budgets. OPhELIA combines Beta-Bernoulli connectivity inference with an ambiguity-based acquisition heuristic and learned priors derived from pre-stimulation neural activity, augmenting active learning and compressed sensing. In standalone simulations and in vivo larval zebrafish visuomotor experiments, OPhELIA with active learning improves trial-efficient approximation of exhaustive functional connectomes. In combinatorial in vivo experiments, OPhELIA with compressed sensing most closely recovers an exhaustive connectome using only 5% of trials. These results establish OPhELIA as a sample-efficient framework for causal connectomics.",2026.0,,0,,,2607.1293,,2026-07-14,https://www.semanticscholar.org/paper/df2241cadc6366dc2a417a6c4f8ea89b7705a484,Computer Science;Engineering,Computer Science|s2-fos-model;Engineering|s2-fos-model,Jacob J. Morra; Kaitlyn E. Fouke; Owen Traubert; Eva A. Naumann,,network_science,1hop_citations,True,network_science_scope,connectom,,graph,,,,,functional connectome,0,4,0.0001267828160974,0.5850809662861693,4,1,0.0,0.1306079108043536,1,3.0874480134501368,core_candidate,4.0,4.0,0.0,False,True,False,False,True,False,False,False,False,True,4,False,False,False,4,True,graph_supported_adjacent
c6b59f3eccc97a33b7ef7f7e24f35425c8034afe,The human connectome: Origins and challenges,,2013.0,NeuroImage,425,10.1016/j.neuroimage.2013.03.023,23528922.0,,Review;JournalArticle,2013-10-15,https://www.semanticscholar.org/paper/c6b59f3eccc97a33b7ef7f7e24f35425c8034afe,Biology,Biology|s2-fos-model,O. Sporns,,,1hop_citations;1hop_references,True,review_scope,connectom,,,,,,,,4,1,0.0002069798803285,0.8616936554287231,3,1,1.6181169787673988,0.8736395009291213,0,3.083089992036103,core_candidate,5.0,1.0,4.0,False,False,False,False,True,False,False,False,False,True,1,False,False,False,4,True,graph_supported_adjacent
70529e62cd5dc7fc904e50af0431044f30e2f464,Sensorimotor integration in Caenorhabditis elegans: a reappraisal towards dynamic and distributed computations,"The nematode Caenorhabditis elegans is a tractable model system to study locomotion, sensory navigation and decision-making. In its natural habitat, it is thought to navigate complex multisensory environments in order to find food and mating partners, while avoiding threats like predators or toxic environments. While research in past decades has shed much light on the functions and mechanisms of selected sensory neurons, we are just at the brink of understanding how sensory information is integrated by interneuron circuits for action selection in the worm. Recent technological advances have enabled whole-brain Ca2+ imaging and Ca2+ imaging of neuronal activity in freely moving worms. A common principle emerging across multiple studies is that most interneuron activities are tightly coupled to the worm's instantaneous behaviour; notably, these observations encompass neurons receiving direct sensory neuron inputs. The new findings suggest that in the C. elegans brain, sensory and motor representations are integrated already at the uppermost sensory processing layers. Moreover, these results challenge a perhaps more intuitive view of sequential feed-forward sensory pathways that converge onto premotor interneurons and motor neurons. We propose that sensorimotor integration occurs rather in a distributed dynamical fashion. In this perspective article, we will explore this view, discuss the challenges and implications of these discoveries on the interpretation and design of neural activity experiments, and discuss possible functions. Furthermore, we will discuss the broader context of similar findings in fruit flies and rodents, which suggest generalizable principles that can be learnt from this amenable nematode model organism. This article is part of a discussion meeting issue ‘Connectome to behaviour: modelling C. elegans at cellular resolution’.",2018.0,Philosophical Transactions of the Royal Society B: Biological Sciences,37,10.1098/rstb.2017.0371,30201836.0,,Review;JournalArticle,2018-09-10,https://www.semanticscholar.org/paper/70529e62cd5dc7fc904e50af0431044f30e2f464,Biology;Computer Science,Biology|s2-fos-model;Computer Science|s2-fos-model,H. S. Kaplan; Annika L. A. Nichols; Manuel Zimmer,,,1hop_citations;1hop_references,True,review_scope,connectom,,,,distributed,,,,5,1,0.0002065884559145,0.8611627289620387,6,1,1.2125287199087953,0.6286169365542872,0,2.960180514998673,supported,6.0,1.0,5.0,False,False,False,False,True,False,False,False,False,True,1,False,False,False,4,True,graph_supported_adjacent
56052b0740f2b6c39c16c22087d7397f1b31a281,Functional and Effective Connectivity: A Review,"Over the past 20 years, neuroimaging has become a predominant technique in systems neuroscience. One might envisage that over the next 20 years the neuroimaging of distributed processing and connectivity will play a major role in disclosing the brain's functional architecture and operational principles. The inception of this journal has been foreshadowed by an ever-increasing number of publications on functional connectivity, causal modeling, connectomics, and multivariate analyses of distributed patterns of brain responses. I accepted the invitation to write this review with great pleasure and hope to celebrate and critique the achievements to date, while addressing the challenges ahead.",2011.0,Brain Connectivity,3426,10.1089/brain.2011.0008,22432952.0,,Review;JournalArticle,2011-01-01,https://www.semanticscholar.org/paper/56052b0740f2b6c39c16c22087d7397f1b31a281,Medicine,Medicine|s2-fos-model,Karl J. Friston,,,1hop_references,True,review_scope,connectom,,,,distributed,,,,8,0,0.0004906424480199,0.9410671621980355,4,1,2.034860130468652,0.9633660737987788,0,2.937483408547916,supported,8.0,0.0,5.0,False,False,False,False,True,False,False,False,False,True,0,False,False,False,4,True,graph_supported_adjacent
00c00271b517d7c8c6b0c1f0d8fa52d65700978a,From Diffusion MRI to Brain Connectomics,,2013.0,,146,10.1007/978-3-642-31208-3_6,,,Review,,https://www.semanticscholar.org/paper/00c00271b517d7c8c6b0c1f0d8fa52d65700978a,Medicine,Medicine|s2-fos-model,A. Ghosh; R. Deriche,,,1hop_references,True,review_scope,connectom,,,,,,,diffusion mri,5,0,0.0003129300655854,0.906822405096894,3,1,1.3337492108227176,0.7194053623573136,0,2.7898194850013276,supported,5.0,0.0,3.0,False,True,False,False,True,False,False,False,False,True,0,False,False,False,4,True,graph_supported_adjacent
f69cc650a76841dc18cd472b1685935665dd4097,Gap junctions in C. elegans: Their roles in behavior and development,"The nematode Caenorhabditis elegans utilizes gap junctions in different fashions in virtually all of its cells. This model animal has a surprisingly large number of innexin genes within its genome, and many nematode cell types can express multiple innexins at once, leading to the formation of diverse junction types and enough redundancy to limit the effect of single gene knockdowns on animal development or behavioral phenotypes. Here, we review the general properties of these junctions, their expression patterns, and their known roles in tissue development and in the animal's connectome. © 2016 Wiley Periodicals, Inc. Develop Neurobiol 77: 587–596, 2017",2016.0,Developmental Neurobiology,41,10.1002/dneu.22408,27294317.0,,Review;JournalArticle,2016-06-22,https://www.semanticscholar.org/paper/f69cc650a76841dc18cd472b1685935665dd4097,Biology,Biology|s2-fos-model,D. Hall,,,1hop_references,True,review_scope,connectom,,,,,,,,7,0,0.0003340322585435,0.9116007432970532,6,1,1.126949792196075,0.5595964958853199,0,2.7134988054154503,supported,7.0,0.0,7.0,False,False,False,False,True,False,False,False,False,True,0,False,False,False,4,True,graph_supported_adjacent
19125ccb61e49df338b6910e91f65ebd1136570c,Forget About Electron Micrographs: A Novel Guide for Using for Quantitative Analysis of Dense Reconstructions,,2020.0,,4,10.1007/978-1-0716-0691-9_14,,,,,https://www.semanticscholar.org/paper/19125ccb61e49df338b6910e91f65ebd1136570c,Materials Science,Materials Science|s2-fos-model,Daniya Boges; Marco Agus; P. Magistretti; C. Calì,,network_science,1hop_citations,True,network_science_scope,dense reconstruction,,graph,,,,,,0,4,0.0001267828160974,0.0647730289354924,4,1,0.6083103524142255,0.2689142553756304,1,2.2663702327227675,supported,4.0,4.0,0.0,False,False,False,False,False,False,False,False,False,False,4,False,False,False,4,True,graph_supported_adjacent
ee41e42e6861ed932fbb1fb1d0c45c1ef2133790,A generative model of the connectome with dynamic axon growth,"Connectome generative models, otherwise known as generative network models, provide insight into the wiring principles underpinning brain network organization. While these models can approximate numerous statistical properties of empirical networks, they typically fail to explicitly characterize an important contributor to brain organization – axonal growth. Emulating the chemoaffinity guided axonal growth, we provide a novel generative model in which axons dynamically steer the direction of propagation based on distance-dependent chemoattractive forces acting on their growth cones. This simple dynamic growth mechanism, despite being solely geometry-dependent, is shown to generate axonal fiber bundles with brain-like geometry and features of complex network architecture consistent with the human brain, including lognormally distributed connectivity weights, scale-free nodal degrees, small-worldness, and modularity. We demonstrate that our model parameters can be fitted to individual connectomes, enabling connectome dimensionality reduction and comparison of parameters between groups. Our work offers an opportunity to bridge studies of axon guidance and connectome development, providing new avenues for understanding neural development from a computational perspective. Author Summary Generative models of the human connectome provide insight into principles driving brain network development. However, current models do not capture axonal outgrowth, which is crucial to the formation of neural circuits. We develop a novel generative connectome model featuring dynamic axonal outgrowth, revealing the contribution of microscopic axonal guidance to the network topology and axonal geometry of macroscopic connectomes. Simple axonal outgrowth rules representing continuous chemoaffinity gradients are shown to generate complex, brain-like topologies and realistic axonal fascicle architectures. Our model is sufficiently sensitive to capture subtle interindividual differences in axonal outgrowth between healthy adults. Our results are significant because they reveal core principles that may give rise to both complex brain networks and brain-like axonal bundles, unifying neurogenesis across scales.",2024.0,bioRxiv,7,10.1101/2024.02.23.581824,38464116.0,,,2024-02-28,https://www.semanticscholar.org/paper/ee41e42e6861ed932fbb1fb1d0c45c1ef2133790,Biology;Medicine;Computer Science,Biology|external;Medicine|external;Biology|s2-fos-model;Computer Science|s2-fos-model,Yuanzhe Liu; Caio Seguin; Richard F. Betzel; Danyal Akarca; M. D. Di Biase; Andrew Zalesky,net_09,network_science,1hop_citations;1hop_references;author_saturation;lexical,True,network_science_scope,connectom,,modular;network topology;small-world,,distributed,human brain,,,3,12,0.0001435455601155,0.7462171489248739,7,1,1.2005661338529436,0.6172020175205734,1,4.201597203787275,core_candidate,6.0,42.0,7.0,False,False,True,False,True,False,False,False,False,True,1,False,False,False,3,True,graph_supported_adjacent
0f38481a31af65a0d43daeebc8fafc0a8d7c3943,"Graph analysis of the human connectome: Promise, progress, and pitfalls",,2013.0,NeuroImage,752,10.1016/j.neuroimage.2013.04.087,23643999.0,,Review;JournalArticle,2013-10-15,https://www.semanticscholar.org/paper/0f38481a31af65a0d43daeebc8fafc0a8d7c3943,Mathematics;Computer Science;Biology,Mathematics|s2-fos-model;Computer Science|s2-fos-model;Biology|s2-fos-model,A. Fornito; A. Zalesky; M. Breakspear,,network_science,1hop_citations;1hop_references,True,network_science_scope;review_scope,connectom,,graph,,,,,,8,2,0.0005175897900148,0.9434563312981152,4,1,1.7703558992907058,0.9190337138306344,1,3.750442438722237,core_candidate,10.0,2.0,5.0,False,False,False,False,True,False,False,False,False,True,0,False,False,False,3,True,graph_supported_adjacent
6d05d214be3bf1613f4722125fa20532b512551a,Connectome of the fly visual circuitry.,,2015.0,Microscopy,18,10.1093/jmicro/dfu102,25525121.0,,Review;JournalArticle,2015-02-01,https://www.semanticscholar.org/paper/6d05d214be3bf1613f4722125fa20532b512551a,Biology;Medicine,Biology|external;Medicine|external;Biology|s2-fos-model,Shin-ya Takemura,bio_01;core_04,biological_application;direct_connectomics,1hop_citations;lexical,True,review_scope,connectom,,,,,,,,4,1,0.0004450007578189,0.932837801964428,3,1,0.8499863186170856,0.3857180780461906,2,3.559154057163082,core_candidate,3.0,1.0,18.0,False,False,False,False,True,False,False,False,False,True,1,False,False,False,3,True,graph_supported_adjacent
63d675b805526f01940941315fd234077e37566a,A Diffusion MRI Tractography Connectome of the Mouse Brain and Comparison with Neuronal Tracer Data,"Interest in structural brain connectivity has grown with the understanding that abnormal neural connections may play a role in neurologic and psychiatric diseases. Small animal connectivity mapping techniques are particularly important for identifying aberrant connectivity in disease models. Diffusion magnetic resonance imaging tractography can provide nondestructive, 3D, brain-wide connectivity maps, but has historically been limited by low spatial resolution, low signal-to-noise ratio, and the difficulty in estimating multiple fiber orientations within a single image voxel. Small animal diffusion tractography can be substantially improved through the combination of ex vivo MRI with exogenous contrast agents, advanced diffusion acquisition and reconstruction techniques, and probabilistic fiber tracking. Here, we present a comprehensive, probabilistic tractography connectome of the mouse brain at microscopic resolution, and a comparison of these data with a neuronal tracer-based connectivity data from the Allen Brain Atlas. This work serves as a reference database for future tractography studies in the mouse brain, and demonstrates the fundamental differences between tractography and neuronal tracer data.",2015.0,Cerebral Cortex,219,10.1093/cercor/bhv121,26048951.0,,JournalArticle,2015-06-05,https://www.semanticscholar.org/paper/63d675b805526f01940941315fd234077e37566a,Medicine;Biology,Medicine|s2-fos-model;Biology|s2-fos-model,E. Calabrese; Alexandra Badea; G. Cofer; Y. Qi; G. Johnson,,health_translation;network_science,1hop_citations;1hop_references,True,network_science_scope,connectom,,graph,,database,disease,,diffusion mri,4,1,0.0002575766852833,0.8900982213963367,3,1,1.5570061578975585,0.8489514202282984,2,3.508716042828068,core_candidate,5.0,1.0,2.0,False,True,True,False,True,False,False,False,False,True,0,False,False,False,3,True,graph_supported_adjacent
1740cb73b6e07465fc10b3170e840de1baa40acb,"Statistical Analysis of Tract-Tracing Experiments Demonstrates a Dense, Complex Cortical Network in the Mouse","Anatomical tract tracing methods are the gold standard for estimating the weight of axonal connectivity between a pair of pre-defined brain regions. Large studies, comprising hundreds of experiments, have become feasible by automated methods. However, this comes at the cost of positive-mean noise making it difficult to detect weak connections, which are of particular interest as recent high resolution tract-tracing studies of the macaque have identified many more weak connections, adding up to greater connection density of cortical networks, than previously recognized. We propose a statistical framework that estimates connectivity weights and credibility intervals from multiple tract-tracing experiments. We model the observed signal as a log-normal distribution generated by a combination of tracer fluorescence and positive-mean noise, also accounting for injections into multiple regions. Using anterograde viral tract-tracing data provided by the Allen Institute for Brain Sciences, we estimate the connection density of the mouse intra-hemispheric cortical network to be 73% (95% credibility interval (CI): 71%, 75%); higher than previous estimates (40%). Inter-hemispheric density was estimated to be 59% (95% CI: 54%, 62%). The weakest estimable connections (about 6 orders of magnitude weaker than the strongest connections) are likely to represent only one or a few axons. These extremely weak connections are topologically more random and longer distance than the strongest connections, which are topologically more clustered and shorter distance (spatially clustered). Weak links do not substantially contribute to the global topology of a weighted brain graph, but incrementally increased topological integration of a binary graph. The topology of weak anatomical connections in the mouse brain, rigorously estimable down to the biological limit of a single axon between cortical areas in these data, suggests that they might confer functional advantages for integrative information processing and/or they might represent a stochastic factor in the development of the mouse connectome.",2016.0,PLoS Comput. Biol.,31,10.1371/journal.pcbi.1005104,27617835.0,,JournalArticle,2016-09-01,https://www.semanticscholar.org/paper/1740cb73b6e07465fc10b3170e840de1baa40acb,Biology;Computer Science,Biology|s2-fos-model;Computer Science|s2-fos-model,R. Ypma; E. Bullmore,,network_science,1hop_citations;1hop_references,True,network_science_scope,connectom,,graph,,,,,,2,3,0.0002062567385591,0.8608972657286966,5,1,1.044958692004575,0.5009291213166976,1,3.479470843288204,core_candidate,5.0,3.0,2.0,False,False,False,False,True,False,False,False,False,True,1,False,False,False,3,True,graph_supported_adjacent
26a89eb81eaf863e606fde4773ce991fff5061f2,Dwelling quietly in the rich club: brain network determinants of slow cortical fluctuations,"For more than a century, cerebral cartography has been driven by investigations of structural and morphological properties of the brain across spatial scales and the temporal/functional phenomena that emerge from these underlying features. The next era of brain mapping will be driven by studies that consider both of these components of brain organization simultaneously—elucidating their interactions and dependencies. Using this guiding principle, we explored the origin of slowly fluctuating patterns of synchronization within the topological core of brain regions known as the rich club, implicated in the regulation of mood and introspection. We find that a constellation of densely interconnected regions that constitute the rich club (including the anterior insula, amygdala and precuneus) play a central role in promoting a stable, dynamical core of spontaneous activity in the primate cortex. The slow timescales are well matched to the regulation of internal visceral states, corresponding to the somatic correlates of mood and anxiety. In contrast, the topology of the surrounding ‘feeder’ cortical regions shows unstable, rapidly fluctuating dynamics likely to be crucial for fast perceptual processes. We discuss these findings in relation to psychiatric disorders and the future of connectomics.",2015.0,Philosophical Transactions of the Royal Society B: Biological Sciences,186,10.1098/rstb.2014.0165,25823864.0,1502.04455,JournalArticle,2015-02-16,https://www.semanticscholar.org/paper/26a89eb81eaf863e606fde4773ce991fff5061f2,Psychology;Biology,Psychology|s2-fos-model;Biology|s2-fos-model,Leonardo L. Gollo; A. Zalesky; R. Hutchison; Martijn P. van den Heuvel; M. Breakspear,,network_science,1hop_citations;1hop_references,True,network_science_scope,connectom,,graph;rich club,,,disorder,,,4,1,0.0003100567469725,0.9054950889301832,4,1,1.5100909840505834,0.8258561189275285,1,3.4253827094947344,core_candidate,5.0,1.0,3.0,False,False,True,False,True,False,False,False,False,True,1,False,False,False,3,True,graph_supported_adjacent
6b06fabb477f7afad9aee8451e9bacd944f0e824,How structure sculpts function: Unveiling the contribution of anatomical connectivity to the brain's spontaneous correlation structure.,"Intrinsic brain activity is characterized by highly organized co-activations between different regions, forming clustered spatial patterns referred to as resting-state networks. The observed co-activation patterns are sustained by the intricate fabric of millions of interconnected neurons constituting the brain's wiring diagram. However, as for other real networks, the relationship between the connectional structure and the emergent collective dynamics still evades complete understanding. Here, we show that it is possible to estimate the expected pair-wise correlations that a network tends to generate thanks to the underlying path structure. We start from the assumption that in order for two nodes to exhibit correlated activity, they must be exposed to similar input patterns from the entire network. We then acknowledge that information rarely spreads only along a unique route but rather travels along all possible paths. In real networks, the strength of local perturbations tends to decay as they propagate away from the sources, leading to a progressive attenuation of the original information content and, thus, of their influence. Accordingly, we define a novel graph measure, topological similarity, which quantifies the propensity of two nodes to dynamically correlate as a function of the resemblance of the overall influences they are expected to receive due to the underlying structure of the network. Applied to the human brain, we find that the similarity of whole-network inputs, estimated from the topology of the anatomical connectome, plays an important role in sculpting the backbone pattern of time-average correlations observed at rest.",2016.0,Chaos,66,10.1063/1.4980099,28456160.0,1612.02243,JournalArticle,2016-12-07,https://www.semanticscholar.org/paper/6b06fabb477f7afad9aee8451e9bacd944f0e824,Medicine;Biology;Mathematics;Physics,Medicine|external;Biology|external;Mathematics|external;Physics|s2-fos-model,Ruggero G. Bettinardi; Gustavo Deco; Vasilis M. Karlaftis; T. J. V. Hartevelt; H. Fernandes; Zoe Kourtzi; Morten L. Kringelbach; Gorka Zamora-López,net_03,network_science,1hop_references;lexical,True,network_science_scope,connectom;wiring diagram,,graph,,,human brain,,resting-state,13,4,0.000991099382554,0.9700026546323334,3,1,1.267762525208769,0.6700292009556676,1,3.395849924785417,core_candidate,1.0,90.0,66.0,False,True,True,False,True,True,False,False,False,True,0,False,False,False,3,True,graph_supported_adjacent
afb7a5c298cc9ecb3eefa8596a24d85dadf4ae9a,A Brief History of Simulation Neuroscience,"Our knowledge of the brain has evolved over millennia in philosophical, experimental and theoretical phases. We suggest that the next phase is simulation neuroscience. The main drivers of simulation neuroscience are big data generated at multiple levels of brain organization and the need to integrate these data to trace the causal chain of interactions within and across all these levels. Simulation neuroscience is currently the only methodology for systematically approaching the multiscale brain. In this review, we attempt to reconstruct the deep historical paths leading to simulation neuroscience, from the first observations of the nerve cell to modern efforts to digitally reconstruct and simulate the brain. Neuroscience began with the identification of the neuron as the fundamental unit of brain structure and function and has evolved towards understanding the role of each cell type in the brain, how brain cells are connected to each other, and how the seemingly infinite networks they form give rise to the vast diversity of brain functions. Neuronal mapping is evolving from subjective descriptions of cell types towards objective classes, subclasses and types. Connectivity mapping is evolving from loose topographic maps between brain regions towards dense anatomical and physiological maps of connections between individual genetically distinct neurons. Functional mapping is evolving from psychological and behavioral stereotypes towards a map of behaviors emerging from structural and functional connectomes. We show how industrialization of neuroscience and the resulting large disconnected datasets are generating demand for integrative neuroscience, how the scale of neuronal and connectivity maps is driving digital atlasing and digital reconstruction to piece together the multiple levels of brain organization, and how the complexity of the interactions between molecules, neurons, microcircuits and brain regions is driving brain simulation to understand the interactions in the multiscale brain.",2019.0,Front. Neuroinform.,74,10.3389/fninf.2019.00032,31133838.0,,Review;JournalArticle,2019-05-07,https://www.semanticscholar.org/paper/afb7a5c298cc9ecb3eefa8596a24d85dadf4ae9a,Computer Science;History,Computer Science|s2-fos-model;History|s2-fos-model,Xue Fan; H. Markram,,network_science,1hop_citations;1hop_references,True,network_science_scope;review_scope,connectom,,graph,,,,,functional connectome,1,6,0.000145917204433,0.7571011414919033,5,1,1.5264625613869196,0.8335545526944518,1,3.3179364657994865,core_candidate,8.0,6.0,1.0,False,True,False,False,True,False,False,False,False,True,2,False,False,False,3,True,graph_supported_adjacent
251a39598dd4797b142684998901c64a69baa550,Structure and function of complex brain networks,"An increasing number of theoretical and empirical studies approach the function of the human brain from a network perspective. The analysis of brain networks is made feasible by the development of new imaging acquisition methods as well as new tools from graph theory and dynamical systems. This review surveys some of these methodological advances and summarizes recent findings on the architecture of structural and functional brain networks. Studies of the structural connectome reveal several modules or network communities that are interlinked by hub regions mediating communication processes between modules. Recent network analyses have shown that network hubs form a densely linked collective called a “rich club,” centrally positioned for attracting and dispersing signal traffic. In parallel, recordings of resting and task-evoked neural activity have revealed distinct resting-state networks that contribute to functions in distinct cognitive domains. Network methods are increasingly applied in a clinical context, and their promise for elucidating neural substrates of brain and mental disorders is discussed.",2013.0,Dialogues in Clinical Neuroscience,890,10.31887/dcns.2013.15.3/osporns,24174898.0,,Review;JournalArticle,2013-09-01,https://www.semanticscholar.org/paper/251a39598dd4797b142684998901c64a69baa550,Biology,Biology|s2-fos-model,O. Sporns,,network_science,1hop_references,True,network_science_scope;review_scope,connectom,,graph;rich club,,,clinical;disorder;human brain,,resting-state,7,0,0.0003306975944497,0.9102734271303424,4,1,1.8153304071827836,0.9296522431643216,1,3.23086452526325,core_candidate,7.0,0.0,5.0,False,True,True,False,True,False,False,False,False,True,0,False,False,False,3,True,graph_supported_adjacent
c6b745c7ecc3fc89d0df71727e1a0f456be7187a,Brain graphs: graphical models of the human brain connectome.,,2011.0,Annual Review of Clinical Psychology,1168,10.1146/annurev-clinpsy-040510-143934,21128784.0,,Review;JournalArticle,2011-03-28,https://www.semanticscholar.org/paper/c6b745c7ecc3fc89d0df71727e1a0f456be7187a,Computer Science,Computer Science|s2-fos-model,E. Bullmore; D. Bassett,,network_science,1hop_references,True,network_science_scope;review_scope,connectom,,graph,,,clinical;human brain,,,6,0,0.0003117387798769,0.9065569418635518,4,1,1.765975990368017,0.918237324130608,1,3.222369701796301,core_candidate,6.0,0.0,4.0,False,False,True,False,True,False,False,False,False,True,0,False,False,False,3,True,graph_supported_adjacent
d4697ad12ea937b4306455eb053a0a0abd247b6d,Statistical Inference on Random Dot Product Graphs: a Survey,"The random dot product graph (RDPG) is an independent-edge random graph that is analytically tractable and, simultaneously, either encompasses or can successfully approximate a wide range of random graphs, from relatively simple stochastic block models to complex latent position graphs. In this survey paper, we describe a comprehensive paradigm for statistical inference on random dot product graphs, a paradigm centered on spectral embeddings of adjacency and Laplacian matrices. We examine the analogues, in graph inference, of several canonical tenets of classical Euclidean inference: in particular, we summarize a body of existing results on the consistency and asymptotic normality of the adjacency and Laplacian spectral embeddings, and the role these spectral embeddings can play in the construction of single- and multi-sample hypothesis tests for graph data. We investigate several real-world applications, including community detection and classification in large social networks and the determination of functional and biologically relevant network properties from an exploratory data analysis of the Drosophila connectome. We outline requisite background and current open problems in spectral graph inference.",2017.0,Journal of machine learning research,292,,,1709.05454,JournalArticle;Review,2017-09-01,https://www.semanticscholar.org/paper/d4697ad12ea937b4306455eb053a0a0abd247b6d,Mathematics;Computer Science,Mathematics|s2-fos-model;Computer Science|s2-fos-model,A. Athreya; D. E. Fishkind; M. Tang; C. Priebe; Youngser Park; J. Vogelstein; Keith D. Levin; V. Lyzinski; Yichen Qin; D. Sussman,,network_science,1hop_citations;1hop_references,True,network_science_scope;review_scope,connectom,,community;graph,,,,,,2,1,0.000194045127312,0.8524024422617468,3,1,1.796228294739501,0.9246084417308202,1,3.184939385895053,core_candidate,3.0,1.0,2.0,False,False,False,False,True,False,False,False,False,True,1,False,False,False,3,True,graph_supported_adjacent
8e6d15e763d6b172d3ce8e73f66140096d27e7f0,A Hub-and-Spoke Circuit Drives Pheromone Attraction and Social Behavior in C. elegans,"Innate social behaviours emerge from neuronal circuits that interpret sensory information on the basis of an individual’s own genotype, sex and experience. The regulated aggregation behaviour of the nematode Caenorhabditis elegans, a simple animal with only 302 neurons, is an attractive system to analyse these circuits. Wild social strains of C. elegans aggregate in the presence of specific sensory cues, but solitary strains do not. Here we identify the RMG inter/motor neuron as the hub of a regulated circuit that controls aggregation and related behaviours. RMG is the central site of action of the neuropeptide receptor gene npr-1, which distinguishes solitary strains (high npr-1 activity) from wild social strains (low npr-1 activity); high RMG activity is essential for all aspects of social behaviour. Anatomical gap junctions connect RMG to several classes of sensory neurons known to promote aggregation, and to ASK sensory neurons, which are implicated in male attraction to hermaphrodite pheromones. We find that ASK neurons respond directly to pheromones, and that high RMG activity enhances ASK responses in social strains, causing hermaphrodite attraction to pheromones at concentrations that repel solitary hermaphrodites. The coordination of social behaviours by RMG suggests an anatomical hub-and-spoke model for sensory integration in aggregation, and points to functions for related circuit motifs in the C. elegans wiring diagram.",2009.0,Nature,353,10.1038/nature07886,19349961.0,,JournalArticle,2009-04-06,https://www.semanticscholar.org/paper/8e6d15e763d6b172d3ce8e73f66140096d27e7f0,Biology,Biology|s2-fos-model,Evan Z. Macosko; N. Pokala; Evan H. Feinberg; Sreekanth H. Chalasani; R. Butcher; J. Clardy; Cori Bargmann,,network_science,1hop_references,True,network_science_scope,wiring diagram,,motif,,,,,,3,0,0.000465228666804,0.9368197504645608,3,1,1.3834065493580543,0.750730023891691,1,3.1613131581275993,core_candidate,3.0,0.0,3.0,False,False,False,False,False,True,False,False,False,True,0,False,False,False,3,True,graph_supported_adjacent
e2d8d31efa2f411c45e74b5e131d0edd20d3896f,Translating single-neuron axonal reconstructions into meso-scale connectivity statistics in the mouse somatosensory thalamus,"Characterizing the connectomic and morphological diversity of thalamic neurons is key for better understanding how the thalamus relays sensory inputs to the cortex. The recent public release of complete single-neuron morphological reconstructions enables the analysis of previously inaccessible connectivity patterns from individual neurons. Here we focus on the Ventral Posteromedial (VPM) nucleus and characterize the full diversity of 257 VPM neurons, obtained by combining data from the MouseLight and Braintell projects. Neurons were clustered according to their most dominantly targeted cortical area and further subdivided by their jointly targeted areas. We obtained a 2D embedding of morphological diversity using the dissimilarity between all pairs of axonal trees. The curved shape of the embedding allowed us to characterize neurons by a 1-dimensional coordinate. The coordinate values were aligned both with the progression of soma position along the dorsal-ventral and lateral-medial axes and with that of axonal terminals along the posterior-anterior and medial-lateral axes, as well as with an increase in the number of branching points, distance from soma and branching width. Taken together, we have developed a novel workflow for linking three challenging aspects of connectomics, namely the topography, higher order connectivity patterns and morphological diversity, with VPM as a test-case. The workflow is linked to a unified access portal that contains the morphologies and integrated with 2D cortical flatmap and subcortical visualization tools. The workflow and resulting processed data have been made available in Python, and can thus be used for modeling and experimentally validating new hypotheses on thalamocortical connectivity.",2023.0,Frontiers Neuroinformatics,5,10.3389/fninf.2023.1272243,38107469.0,,JournalArticle,2023-12-01,https://www.semanticscholar.org/paper/e2d8d31efa2f411c45e74b5e131d0edd20d3896f,Biology,Biology|s2-fos-model,Nestor Timonidis; Rembrandt Bakker; Mario Rubio-Teves; Carmen Alonso-Martínez; María García-Amado; F. Clascá; Paul H. Tiesinga,,network_science,1hop_citations;1hop_references,True,network_science_scope,connectom,,graph,,visualization,,,,3,1,0.0001496419443573,0.7735598619591186,4,1,0.8958797346140275,0.4045659676134855,1,3.1157862136094145,core_candidate,4.0,1.0,3.0,False,False,False,False,True,False,False,False,False,True,0,False,False,False,3,True,graph_supported_adjacent
2f341e8700b0b4d8724f6cb924e85fd805a44541,From functional architecture to functional connectomics,"Hubel and Wiesel‘s 1962 paper, “Receptive fields, binocular interaction and functional architecture in the cat“s visual cortex” reported several important discoveries: orientation columns, the distinct structures of simple and complex receptive fields, and binocular integration. But perhaps the paper‘s greatest influence came from the concept of functional architecture (the complex relationship between in vivo physiology and the spatial arrangement of neurons) and several models of functionally specific connectivity. They thus identified two distinct concepts, topographic specificity and functional specificity, which together with cell-type specificity constitute the major determinants of cortical connectivity. Orientation columns are iconic examples of topographic specificity, whereby axons within a column connect with cells of a single orientation preference. Hubel and Wiesel also saw the need for functional specificity at a finer scale, in their model of thalamic inputs to simple cells, verified in the 1990s. The difficult but potentially more important question of intracortical functional specificity is only now becoming tractable with new experimental techniques.",2012.0,Neuron,82,10.1016/j.neuron.2012.06.031,22841307.0,,Review;JournalArticle,2012-07-26,https://www.semanticscholar.org/paper/2f341e8700b0b4d8724f6cb924e85fd805a44541,Biology,Biology|s2-fos-model,R. Reid,,network_science,1hop_citations;1hop_references,True,network_science_scope;review_scope,connectom,,graph,,,,,,4,1,0.0009872507420947,0.9697371913989912,4,1,1.1409397389027522,0.5749933634191664,1,3.0981329085921594,core_candidate,5.0,1.0,2.0,False,False,False,False,True,False,False,False,False,True,0,False,False,False,3,True,graph_supported_adjacent
c3a229cf511657156fff2cf0a7dd96affd514979,Toward Whole-Body Connectomics,"Recent advances in neuro-technologies have revolutionized knowledge of brain structure and functions. Governments and private organizations worldwide have initiated several large-scale brain connectome projects, to further understand how the brain works at the systems levels. Most recent projects focus on only brain neurons, with the exception of an early effort to reconstruct the 302 neurons that comprise the whole body of the small worm, Caenorhabditis elegans. However, to fully elucidate the neural circuitry of complex behavior, it is crucial to understand brain interactions with the whole body, which can be achieved only by mapping the whole-body connectome. In this article, we discuss the current state of connectomics study, focusing on novel optical approaches and related imaging technologies. We also discuss the challenges encountered by scientists who endeavor to map these whole-body connectomes in large animals. This article is based on a Presidential Lecture presented at the 2016 Annual Meeting.",2016.0,Journal of Neuroscience,25,10.1523/jneurosci.2930-16.2016,27911739.0,,Review;JournalArticle,2016-11-09,https://www.semanticscholar.org/paper/c3a229cf511657156fff2cf0a7dd96affd514979,Biology;Medicine,Biology|s2-fos-model;Medicine|s2-fos-model,C. Lo; A. Chiang,,,1hop_citations;1hop_references,True,review_scope,connectom,,,,,,,,2,2,0.0001764923631563,0.8266525086275551,4,1,0.9823530679430138,0.4632333421821077,0,2.8516060525617197,supported,4.0,2.0,2.0,False,False,False,False,True,False,False,False,False,True,1,False,False,False,3,True,graph_supported_adjacent
7e051088ac53a095bbb964e8ec58ead19ef25033,Connectomes: from a sparsity of networks to large-scale databases,"The analysis of whole brain networks started in the 1980s when only a handful of connectomes were available. In these early days, information about the human connectome was absent and one could only dream about having information about connectivity in a single human subject. Thanks to non-invasive methods such as diffusion imaging, we now know about connectivity in many species and, for some species, in many individuals. To illustrate the rapid change in availability of connectome data, the UK Biobank is on track to record structural and functional connectivity in 100,000 human subjects. Moreover, connectome data from a range of species is now available: from Caenorhabditis elegans and the fruit fly to pigeons, rodents, cats, non-human primates, and humans. This review will give a brief overview of what structural connectivity data is now available, how connectomes are organized, and how their organization shows common features across species. Finally, I will outline some of the current challenges and potential future work in making use of connectome information.",2023.0,Frontiers in Neuroinformatics,7,10.3389/fninf.2023.1170337,37377946.0,,Review;JournalArticle,2023-06-12,https://www.semanticscholar.org/paper/7e051088ac53a095bbb964e8ec58ead19ef25033,Biology;Medicine;Computer Science,Biology|s2-fos-model;Medicine|s2-fos-model;Computer Science|s2-fos-model,Marcus Kaiser,,,1hop_citations;1hop_references,True,review_scope,connectom,,,,database,,,,3,1,0.0001562561576905,0.7905495088930183,4,1,1.039720770839918,0.497212636049907,0,2.8415184496947172,supported,4.0,1.0,3.0,False,False,False,False,True,False,False,False,False,True,0,False,False,False,3,True,graph_supported_adjacent
6234681393f402ef31b1ea166060ba13baae02d9,Connectome: How the Brain's Wiring Makes Us Who We Are,,2012.0,,93,10.5860/choice.50-1457,,,Review,,https://www.semanticscholar.org/paper/6234681393f402ef31b1ea166060ba13baae02d9,Biology,Biology|s2-fos-model,Sebastian Seung,,,1hop_references,True,review_scope,connectom,,,,,,,,4,0,0.0027463449300166,0.988319617732944,3,1,1.1730736685761851,0.5964958853198832,0,2.7894876559596495,supported,4.0,0.0,3.0,False,False,False,False,True,False,False,False,False,True,0,False,False,False,3,True,graph_supported_adjacent
dff36c09464efe41405e869a26c0c3b5d9aef6ec,The Human Connectome,,2009.0,,176,10.1016/b978-0-12-374709-9.00014-6,,,Review,,https://www.semanticscholar.org/paper/dff36c09464efe41405e869a26c0c3b5d9aef6ec,Biology,Biology|s2-fos-model,O. Sporns,,,1hop_references,True,review_scope,connectom,,,,,,,,5,0,0.0003115745579559,0.9062914786302098,4,1,1.2200301921132963,0.6331298115211044,0,2.74628351473321,supported,5.0,0.0,4.0,False,False,False,False,True,False,False,False,False,True,0,False,False,False,3,True,graph_supported_adjacent
545cb861f5edcbf6ba66da93347e9a57966bac2e,From cosmos to connectomes: the evolution of data-intensive science.,,2014.0,Neuron,21,10.1016/j.neuron.2014.08.045,25233306.0,,Review;JournalArticle,2014-09-17,https://www.semanticscholar.org/paper/545cb861f5edcbf6ba66da93347e9a57966bac2e,Computer Science;Physics,Computer Science|s2-fos-model;Physics|s2-fos-model,R. Burns; J. Vogelstein; A. Szalay,,,1hop_citations;1hop_references,True,review_scope,connectom,,,,,,,,2,1,0.0002125171905241,0.8638173612954606,3,1,0.8573009277091859,0.3875763206795858,0,2.5916511813113883,supported,3.0,1.0,2.0,False,False,False,False,True,False,False,False,False,True,1,False,False,False,3,True,graph_supported_adjacent
ac7bd13138f8e6fd7a732c624a0ae94937b30331,Neural Mechanisms of Motion Processing in the Mammalian Retina.,"Visual motion on the retina activates a cohort of retinal ganglion cells (RGCs). This population activity encodes multiple streams of information extracted by parallel retinal circuits. Motion processing in the retina is best studied in the direction-selective circuit. The main focus of this review is the neural basis of direction selectivity, which has been investigated in unprecedented detail using state-of-the-art functional, connectomic, and modeling methods. Mechanisms underlying the encoding of other motion features by broader RGC populations are also discussed. Recent discoveries at both single-cell and population levels highlight the dynamic and stimulus-dependent engagement of multiple mechanisms that collectively implement robust motion detection under diverse visual conditions.",2018.0,Annual Review of Vision Science,102,10.1146/annurev-vision-091517-034048,30095374.0,,Review;JournalArticle,2018-09-15,https://www.semanticscholar.org/paper/ac7bd13138f8e6fd7a732c624a0ae94937b30331,Biology,Biology|s2-fos-model,Wei Wei,,,1hop_references,True,review_scope,connectom,,,,,,,,3,0,0.000265190011832,0.8932837801964428,2,1,1.544909662743212,0.842580302628086,0,2.591252986461375,supported,3.0,0.0,2.0,False,False,False,False,False,False,False,False,False,False,0,False,False,False,3,True,graph_supported_adjacent
d0d3c4a7616132fd075364e4396fb32434ae7725,MR connectomics: Principles and challenges.,,2010.0,Journal of Neuroscience Methods,278,10.1016/j.jneumeth.2010.01.014,20096730.0,,Review;JournalArticle,2010-12-15,https://www.semanticscholar.org/paper/d0d3c4a7616132fd075364e4396fb32434ae7725,Medicine;Engineering;Computer Science,Medicine|s2-fos-model;Engineering|s2-fos-model;Computer Science|s2-fos-model,P. Hagmann; L. Cammoun; X. Gigandet; S. Gerhard; P. Grant; V. Wedeen; R. Meuli; J. Thiran; C. Honey; O. Sporns,,,1hop_references,True,review_scope,connectom,,,,,,,,3,0,0.0002651948895134,0.8935492434297849,2,1,1.3657694692160072,0.7385187151579506,0,2.539421290151314,supported,3.0,0.0,2.0,False,False,False,False,True,False,False,False,False,True,0,False,False,False,3,True,graph_supported_adjacent
e29c5a780db4315fcaadb8fdd55326d446458e03,Imaging human connectomes at the macroscale,"At macroscopic scales, the human connectome comprises anatomically distinct brain areas, the structural pathways connecting them and their functional interactions. Annotation of phenotypic associations with variation in the connectome and cataloging of neurophenotypes promise to transform our understanding of the human brain. In this Review, we provide a survey of magnetic resonance imaging–based measurements of functional and structural connectivity. We highlight emerging areas of development and inquiry and emphasize the importance of integrating structural and functional perspectives on brain architecture.",2013.0,Nature Methods,433,10.1038/nmeth.2482,23722212.0,,Review;JournalArticle,2013-05-30,https://www.semanticscholar.org/paper/e29c5a780db4315fcaadb8fdd55326d446458e03,Medicine;Biology,Medicine|s2-fos-model;Biology|s2-fos-model,R. Craddock; S. Jbabdi; Chaogan Yan; Joshua T. Vogelstein; F. X. Castellanos; Adriana Di Martino; C. Kelly; K. Heberlein; Stanley J. Colcombe; M. Milham,,,1hop_references,True,review_scope,connectom,,,annotation,annotation,human brain,,,4,0,0.0002732147791423,0.8956729492965224,3,1,1.623089424373135,0.8752322803291744,0,2.359370852136979,supported,4.0,0.0,1.0,False,False,True,False,True,False,False,False,False,True,0,False,False,False,3,True,graph_supported_adjacent
42e17f3540d8c89c5f94a2caab2bf7c4962df521,Coming up short: Generative network models fail to accurately capture long-range connectivity,"Generative network models (GNMs) have been proposed to identify the mechanisms/constraints that shape the organisation of the connectome. These models parameterise the formation of inter-regional connections using a trade-off between connection cost and topological complexity or biophysical similarity. Despite their simplicity, GNMs can generate synthetic networks that capture many topological properties of empirical brain networks. However, current models often fail to capture the topography (i.e., spatial embedding) of many such properties, such as the anatomical location of network hubs. In this study, we investigate a diverse array of generative network model formulations and find that none can accurately capture empirical patterns of long-range connectivity. We demonstrate that the spatial embedding of longer-range connections is critical in defining hub locations and that it is precisely these connections that are poorly captured by extant models. We further show how standard measures used for model optimisation and evaluation mask these and other differences between synthetic and empirical brain networks, highlighting the need for care when interpreting generative network models and metrics. Overall, our findings demonstrate common failure modes of GNMs, identify why these models do not fully capture brain network organisation, and suggest ways the field can move forward to address these challenges. Author summary Generative network models aim to explain the organisation of connectomes using simple wiring rules. While these models replicate topological features of brain networks, they do not capture key topographical properties, like the anatomical location of network hubs. We show that this failure occurs because the models are unable to accurately capture the spatial position of long-range inter-regional connections. Moreover, standard evaluation measures fail to accurately quantify the similarity between model and empirical networks. This study identifies how and why limitations of current generative models occur and suggests ways forward for improved practices.",2025.0,bioRxiv,5,10.1162/netn.a.35,41280233.0,,JournalArticle,2025-04-04,https://www.semanticscholar.org/paper/42e17f3540d8c89c5f94a2caab2bf7c4962df521,Medicine;Biology;Computer Science,Medicine|external;Biology|external;Computer Science|s2-fos-model,S. Oldham; A. Fornito; G. Ball,net_09,network_science,1hop_citations;lexical,True,network_science_scope,connectom,,graph;wiring rule,,,,,,3,22,0.0001815978124135,0.839660207061322,7,1,1.2669652709463668,0.6655163259888506,1,4.29583665162375,core_candidate,6.0,102.0,5.0,False,False,False,False,True,False,False,False,False,True,1,False,False,False,2,True,graph_supported_adjacent
63c851aa3d5f32663786d3f7d43ac2dd1bbc4b05,Compensatory functional connectome changes in a rat model of traumatic brain injury,"Penetrating cortical impact injuries alter neuronal communication beyond the injury epicenter, across regions involved in affective, sensorimotor, and cognitive processing. Understanding how traumatic brain injury (TBI) reorganizes local and brain wide nodal functional interactions may provide valuable quantitative parameters for monitoring pathological progression and functional recovery. To this end, we investigated spontaneous fluctuations in the functional magnetic resonance imaging (fMRI) signal obtained at 11.1 Tesla in rats sustaining controlled cortical impact (CCI) and imaged at 2- and 30-days post-injury. Graph theory-based calculations were applied to weighted undirected matrices constructed from 12,879 pairwise correlations between fMRI signals from 162 regions. Our data indicate that on days 2 and 30 post-CCI there is a significant increase in connectivity strength in nodes located in contralesional cortical, thalamic, and basal forebrain areas. Rats imaged on day 2 post-injury had significantly greater network modularity than controls, with influential nodes (with high eigenvector centrality) contained within the contralesional module and participating less in cross-modular interactions. By day 30, modularity and cross-modular interactions recover, although a cluster of nodes with low strength and low eigenvector centrality remain in the ipsilateral cortex. Our results suggest that changes in node strength, modularity, eigenvector centrality, and participation coefficient track early and late TBI effects on brain functional connectivity. We propose that the observed compensatory functional connectivity reorganization in response to CCI may be unfavorable to brain wide communication in the early post-injury period.",2021.0,bioRxiv,23,10.1093/braincomms/fcab244,34729482.0,,JournalArticle,2021-05-17,https://www.semanticscholar.org/paper/63c851aa3d5f32663786d3f7d43ac2dd1bbc4b05,Biology;Medicine,Biology|external;Medicine|external;Medicine|s2-fos-model,Zhihui Yang; T. Zhu; Marjory Pompilus; Yueqiang Fu; Jiepei Zhu; Kefren Arjona; Rawad Daniel Arja; Matteo M. Grudny; H. D. Plant; P. Bose; Kevin K. W. Wang; M. Febo,net_04;net_06,network_science,1hop_citations;1hop_references;lexical,True,network_science_scope,connectom,,centrality;graph;modular,,,patholog;traumatic brain injury,,functional connectome,4,6,0.0004140598680814,0.9288558534642952,3,1,1.2974350432416808,0.6949827448898328,1,3.877466595876471,core_candidate,3.0,80.0,23.0,False,True,True,False,True,False,False,False,False,True,2,False,False,False,2,True,graph_supported_adjacent
32061f1aa1afc163aa590c7d3f063fd7b65da39d,Neuproofreader: An Interactive Proofreading System with Suggestive Prompts for Connectomics,"Current neuron reconstruction pipelines from electron mi-croscopy images for connectomics usually consist of automatic segmentation (mostly over-segmented) followed by extensive human expert proofreading. To facilitate the proofreading process for large-scale neuron populations, we present N euProofreader, an interactive neuron proofreading system that integrates an intelligent connectivity prediction algorithm to generate tracing candidates. The algorithm first extracts potential neuron segment pairs and then predicts pairwise connectivity probabilities based on the morphology and EM image features. Utilizing the automatic predictions, our system provides 2D image and 3D mesh visualization views and interactive segment selection tools. Combining the power of deep-learning algorithms with meticulous manual inspection, our NeuProofreader system significantly accelerates the neuron reconstruction process and enhances reconstruction accuracy. Our code is available at https://github.com/liuyx599INeuProofreader.",2024.0,2024 IEEE International Conference on Multimedia and Expo Workshops (ICMEW),2,10.1109/icmew63481.2024.10645359,,,JournalArticle;Conference,2024-07-15,https://www.semanticscholar.org/paper/32061f1aa1afc163aa590c7d3f063fd7b65da39d,Computer Science;Biology,Computer Science|external;Computer Science|s2-fos-model;Biology|s2-fos-model,Yixiong Liu; Qihua Chen; Xuejin Chen,qc_01,proofreading_qc,1hop_citations;1hop_references;lexical,True,proofreading_qc_scope,connectom,,,proofread,visualization,,workshop,,2,1,0.0001514843251335,0.7754181045925139,3,1,0.6342841005975639,0.281391027342713,1,3.805592425449075,core_candidate,3.0,1.0,2.0,False,False,False,True,True,False,False,False,False,True,1,False,False,False,2,True,graph_supported_adjacent
1c536611a73a23cbe40b24ac45f8bf61ddebf238,Navigation of brain networks,"Significance We show that the combination of topology and geometry in mammalian cortical networks allows for near-optimal decentralized communication under navigation routing. Following a simple propagation rule based on local knowledge of the distance between cortical regions, we demonstrate that brain networks can be successfully navigated with efficiency that is comparable to shortest paths routing. This finding helps to conciliate the major progress achieved over more than a decade of connectomics research, under the assumption of communication via shortest paths, with recent questions raised by the biologically unrealistic requirements involved in the computation of optimal routes. Our results reiterate the importance of the brain’s spatial embedding, suggesting a three-way relationship between connectome geometry, topology, and communication. Understanding the mechanisms of neural communication in large-scale brain networks remains a major goal in neuroscience. We investigated whether navigation is a parsimonious routing model for connectomics. Navigating a network involves progressing to the next node that is closest in distance to a desired destination. We developed a measure to quantify navigation efficiency and found that connectomes in a range of mammalian species (human, mouse, and macaque) can be successfully navigated with near-optimal efficiency (>80% of optimal efficiency for typical connection densities). Rewiring network topology or repositioning network nodes resulted in 45–60% reductions in navigation performance. We found that the human connectome cannot be progressively randomized or clusterized to result in topologies with substantially improved navigation performance (>5%), suggesting a topological balance between regularity and randomness that is conducive to efficient navigation. Navigation was also found to (i) promote a resource-efficient distribution of the information traffic load, potentially relieving communication bottlenecks, and (ii) explain significant variation in functional connectivity. Unlike commonly studied communication strategies in connectomics, navigation does not mandate assumptions about global knowledge of network topology. We conclude that the topology and geometry of brain networks are conducive to efficient decentralized communication.",2018.0,Proceedings of the National Academy of Sciences of the United States of America,173,10.1073/pnas.1801351115,29848631.0,1801.07938,JournalArticle,2018-01-24,https://www.semanticscholar.org/paper/1c536611a73a23cbe40b24ac45f8bf61ddebf238,Biology;Computer Science,Biology|s2-fos-model;Computer Science|s2-fos-model,Caio Seguin; Martijn P. van den Heuvel; A. Zalesky,,network_science,1hop_citations;1hop_references,True,network_science_scope,connectom,,network topology,,,,,,4,3,0.0003050923570633,0.90390230953013,5,1,1.7196850997381763,0.9060260153968676,1,3.714273073179364,core_candidate,7.0,3.0,2.0,False,False,False,False,True,False,False,False,False,True,0,False,False,False,2,True,graph_supported_adjacent
2b8e345732401e1d2b4aee7bdaabe644e675ebc3,Spatiotemporal ontogeny of brain wiring,"Common principles and developmental mechanisms characterize the brain connectome of diverse species, from flies to humans. The wiring of vertebrate and invertebrate brains provides the anatomical skeleton for cognition and behavior. Connections among brain regions are characterized by heterogeneous strength that is parsimoniously described by the wiring cost and homophily principles. Moreover, brains exhibit a characteristic global network topology, including modules and hubs. However, the mechanisms resulting in the observed interregional wiring principles and network topology of brains are unknown. Here, with the aid of computational modeling, we demonstrate that a mechanism based on heterochronous and spatially ordered neurodevelopmental gradients, without the involvement of activity-dependent plasticity or axonal guidance cues, can reconstruct a large part of the wiring principles (on average, 83%) and global network topology (on average, 80%) of diverse adult brain connectomes, including fly and human connectomes. In sum, space and time are key components of a parsimonious, plausible neurodevelopmental mechanism of brain wiring with a potential universal scope, encompassing vertebrate and invertebrate brains.",2018.0,Science Advances,62,10.1126/sciadv.aav9694,31206020.0,,JournalArticle,2018-08-05,https://www.semanticscholar.org/paper/2b8e345732401e1d2b4aee7bdaabe644e675ebc3,Biology,Biology|s2-fos-model,A. Goulas; R. Betzel; Claus C. Hilgetag,,network_science,1hop_citations;1hop_references,True,network_science_scope,connectom,,network topology,,,,,,3,3,0.0001443308706227,0.7486063180249536,5,1,1.3810449087971777,0.7470135386249005,1,3.518294841164498,core_candidate,6.0,3.0,2.0,False,False,False,False,True,False,False,False,False,True,0,False,False,False,2,True,graph_supported_adjacent
e693d21cc744cae5741ab15599a0785028db14e2,Is the brain macroscopically linear? A system identification of resting state dynamics,"A central challenge in the computational modeling of neural dynamics is the trade-off between accuracy and simplicity. At the level of individual neurons, nonlinear dynamics are both experimentally established and essential for neuronal functioning. One may therefore expect the collective dynamics of massive networks of such neurons to exhibit an even larger repertoire of nonlinear behaviors. An implicit assumption has thus formed that an “accurate” computational model of whole-brain dynamics must inevitably be non-linear whereas linear models may provide a first-order approximation. To what extent this assumption holds, however, has remained an open question. Here, we provide new evidence that challenges this assumption at the level of whole-brain blood-oxygen-level-dependent (BOLD) and macroscopic field potential dynamics by leveraging the theory of system identification. Using functional magnetic resonance imaging (fMRI) and intracranial electroencephalography (iEEG), we model the spontaneous, resting state activity of 700 subjects in the Human Connectome Project (HCP) and 122 subjects from the Restoring Active Memory (RAM) project using state-of-the-art linear and nonlinear model families. We assess relative model fit using predictive power, computational complexity, and the extent of residual dynamics unexplained by the model. Contrary to our expectations, linear auto-regressive models achieve the best measures across all three metrics. To understand and explain this linearity, we highlight four properties of macroscopic neurodynamics which can counteract or mask microscopic nonlinear dynamics: averaging over space, averaging over time, observation noise, and limited data samples. Whereas the latter two are technological limitations and can improve in the future, the former two are inherent to aggregated macroscopic brain activity. Our results demonstrate the discounted potential of linear models in accurately capturing macroscopic brain dynamics. This, together with the unparalleled interpretability of linear models, can greatly facilitate our understanding of macroscopic neural dynamics, which in turn may facilitate the principled design of model-based interventions for the treatment of neuropsychiatric disorders.",2020.0,arXiv.org,70,10.1101/2020.12.21.423856,,2012.12351,JournalArticle,2020-12-22,https://www.semanticscholar.org/paper/e693d21cc744cae5741ab15599a0785028db14e2,Biology;Computer Science;Engineering;Mathematics,Biology|external;Computer Science|external;Engineering|external;Mathematics|external;Computer Science|s2-fos-model,Erfan Nozari; J. Stiso; Lorenzo Caciagli; Eli J. Cornblath; Xiaosong He; Maxwell A. Bertolero; A. Mahadevan; George Pappas; D. Bassett,net_06,network_science,1hop_references;lexical,True,network_science_scope,connectom,,graph,,,disorder,,human connectome project;resting state,6,3,0.0006474724728185,0.9519511547650652,2,1,1.6111415533329585,0.8707194053623574,1,3.4826564020883106,core_candidate,1.0,75.0,70.0,False,True,True,False,True,False,False,False,False,True,0,False,False,False,2,True,graph_supported_adjacent
c94261be77e3523ddb2806e13b386edc8bc1ecda,Linking Macroscale Graph Analytical Organization to Microscale Neuroarchitectonics in the Macaque Connectome,"Macroscale connectivity of the mammalian brain has been shown to display several characteristics of an efficient communication network architecture. In parallel, at the microscopic scale, histological studies have extensively revealed large interregional variation in cortical neural architectonics. However, how these two “scales” of cerebrum organization are linked remains an open question. Collating and combining data across multiple studies on the cortical cytoarchitecture of the macaque cortex with information on macroscale anatomical wiring derived from tract tracing studies, this study focuses on examining the interplay between macroscale organization of the macaque connectome and microscale cortical neuronal architecture. Our findings show that both macroscale degree as well as the topological role in the overall network are related to the level of neuronal complexity of cortical regions at the microscale, showing (among several effects) a positive overall association between macroscale degree and metrics of microscale pyramidal complexity. Macroscale hub regions, together forming a densely interconnected “rich club,” are noted to display a high level of neuronal complexity, findings supportive of a high level of integrative neuronal processes to occur in these regions. Together, we report on cross-scale observations that jointly suggest that a region's microscale neuronal architecture is tuned to its role in the global brain network.",2014.0,Journal of Neuroscience,149,10.1523/jneurosci.0752-14.2014,25186762.0,,JournalArticle,2014-09-03,https://www.semanticscholar.org/paper/c94261be77e3523ddb2806e13b386edc8bc1ecda,Biology,Biology|s2-fos-model,L. H. Scholtens; Ruben Schmidt; M. D. de Reus; M. P. van den heuvel,,network_science,1hop_citations;1hop_references,True,network_science_scope,connectom,,graph;rich club,,,,,,4,1,0.000916026382096,0.9673480222989116,5,1,1.389700190424126,0.7592248473586408,1,3.4384567737368372,core_candidate,5.0,1.0,4.0,False,False,False,False,True,False,False,False,False,True,1,False,False,False,2,True,graph_supported_adjacent
a5ab975ca850d9664753693939c2273480ec23b5,Annual Research Review: Growth connectomics – the organization and reorganization of brain networks during normal and abnormal development,"Background We first give a brief introduction to graph theoretical analysis and its application to the study of brain network topology or connectomics. Within this framework, we review the existing empirical data on developmental changes in brain network organization across a range of experimental modalities (including structural and functional MRI, diffusion tensor imaging, magnetoencephalography and electroencephalography in humans). Synthesis We discuss preliminary evidence and current hypotheses for how the emergence of network properties correlates with concomitant cognitive and behavioural changes associated with development. We highlight some of the technical and conceptual challenges to be addressed by future developments in this rapidly moving field. Given the parallels previously discovered between neural systems across species and over a range of spatial scales, we also review some recent advances in developmental network studies at the cellular scale. We highlight the opportunities presented by such studies and how they may complement neuroimaging in advancing our understanding of brain development. Finally, we note that many brain and mind disorders are thought to be neurodevelopmental in origin and that charting the trajectory of brain network changes associated with healthy development also sets the stage for understanding abnormal network development. Conclusions We therefore briefly review the clinical relevance of network metrics as potential diagnostic markers and some recent efforts in computational modelling of brain networks which might contribute to a more mechanistic understanding of neurodevelopmental disorders in future.",2014.0,Journal of Child Psychology and Psychiatry and Allied Disciplines,189,10.1111/jcpp.12365,25441756.0,,Review;JournalArticle,2014-12-01,https://www.semanticscholar.org/paper/a5ab975ca850d9664753693939c2273480ec23b5,Biology,Biology|s2-fos-model,P. Vértes; E. Bullmore,,network_science,1hop_citations;1hop_references,True,network_science_scope;review_scope,connectom,,graph;network topology,,,clinical;disorder,,,2,2,0.0004029045305727,0.9262012211308732,4,1,1.4552626412129612,0.7950623838598354,1,3.4255154411114055,core_candidate,4.0,2.0,2.0,False,False,True,False,True,False,False,False,False,True,1,False,False,False,2,True,graph_supported_adjacent
396af98a32b0f52af7af6d222a5fa3295286a505,Progress towards a cellularly resolved mouse mesoconnectome is empowered by data fusion and new neuroanatomy techniques.,"Over the past decade there has been a rapid improvement in techniques for obtaining large-scale cellular level data related to the mouse brain connectome. However, a detailed mapping of cell-type-specific projection patterns is lacking, which would, for instance, allow us to study the role of circuit motifs in cognitive processes. In this work, we review advanced neuroanatomical and data fusion techniques within the context of a proposed Multimodal Connectomic Integration Framework for augmenting the cellularly resolved mouse mesoconnectome. First, we emphasize the importance of registering data modalities to a common reference atlas. We then review a number of novel experimental techniques that can provide data for characterizing cell-types in the mouse brain. Furthermore, we examine a number of data integration strategies, which involve fine-grained cell-type classification, spatial inference of cell densities, latent variable models for the mesoconnectome and multi-modal factorisation. Finally, we discuss a number of use cases which depend on connectome augmentation techniques, such as model simulations of functional connectivity and generating mechanistic hypotheses for animal disease models.",2021.0,Neuroscience and Biobehavioral Reviews,2,10.1016/j.neubiorev.2021.06.016,34119523.0,,Review;JournalArticle,2021-06-10,https://www.semanticscholar.org/paper/396af98a32b0f52af7af6d222a5fa3295286a505,Computer Science;Biology,Computer Science|s2-fos-model;Biology|s2-fos-model,Nestor Timonidis; P. Tiesinga,,health_translation;network_science,1hop_citations;1hop_references,True,network_science_scope;review_scope,connectom,,motif,,,disease,,,1,4,0.0001434773141971,0.7459516856915317,5,1,0.4485065887313477,0.207061322006902,2,3.3296610919387666,core_candidate,5.0,4.0,1.0,False,False,True,False,True,False,False,False,False,True,1,False,False,False,2,True,graph_supported_adjacent
4f75fa941d1c755c782fd82556c761bee1cf86b3,Versatility of nodal affiliation to communities,"Graph theoretical analysis of the community structure of networks attempts to identify the communities (or modules) to which each node affiliates. However, this is in most cases an ill-posed problem, as the affiliation of a node to a single community is often ambiguous. Previous solutions have attempted to identify all of the communities to which each node affiliates. Instead of taking this approach, we introduce versatility, V, as a novel metric of nodal affiliation: V ≈ 0 means that a node is consistently assigned to a specific community; V >> 0 means it is inconsistently assigned to different communities. Versatility works in conjunction with existing community detection algorithms, and it satisfies many theoretically desirable properties in idealised networks designed to maximise ambiguity of modular decomposition. The local minima of global mean versatility identified the resolution parameters of a hierarchical community detection algorithm that least ambiguously decomposed the community structure of a social (karate club) network and the mouse brain connectome. Our results suggest that nodal versatility is useful in quantifying the inherent ambiguity of modular decomposition.",2017.0,Scientific Reports,28,10.1038/s41598-017-03394-5,28655911.0,1701.00568,JournalArticle,2017-01-03,https://www.semanticscholar.org/paper/4f75fa941d1c755c782fd82556c761bee1cf86b3,Computer Science;Mathematics,Computer Science|s2-fos-model;Mathematics|s2-fos-model,Maxwell Shinn; R. Romero-Garcia; J. Seidlitz; F. Vása; P. Vértes; E. Bullmore,,network_science,1hop_citations;1hop_references,True,network_science_scope,connectom,,community;graph;modular,,,,,,1,3,0.0001614913863192,0.7990443323599682,4,1,1.0648324378344367,0.5096894080169897,1,3.187461286611804,core_candidate,4.0,3.0,1.0,False,False,False,False,True,False,False,False,False,True,1,False,False,False,2,True,graph_supported_adjacent
6bea6d9c8690cda83d85af7e3993ba869955967f,Gene Gradients Reveal Directed Structural Connectivity Across Species,"Diffusion MRI (dMRI) tractography is widely used to estimate structural connectivity (SC) between brain regions in vivo, but it cannot determine the direction of white matter pathways. Here, we introduce a structure-function computational model that combines dMRI-derived SC, gene co-expression gradients, and functional activity data to infer structural directionality. Our model accurately predicts ground truth directionality in C. elegans (r = 0.70), mouse (r = 0.57), and macaque (r = 0.46). We then inferred directionality across 770 healthy young adults from the Human Connectome Project. Predicted directionality reproduced established asymmetries between the primary sensory areas and the thalamus and revealed distinct gene ontologies associated with network sources and sinks. Finally, we show how directed SC implies a model-based measure of directed functional connectivity, termed “angular flow” (AF). Regional AF net flow recapitulated the principal gradient of functional connectivity, suggesting that the canonical unimodal– multimodal hierarchy may arise from a source–sink organization of signal flow across the brain. This computational framework linking gene expression, structural directionality, and brain function enables future studies on gene-structure-function interactions in both health and disease.",2026.0,bioRxiv,0,10.64898/2026.05.05.723068,42146331.0,,JournalArticle,2026-05-08,https://www.semanticscholar.org/paper/6bea6d9c8690cda83d85af7e3993ba869955967f,Biology;Computer Science,Biology|s2-fos-model;Computer Science|s2-fos-model,Benjamin S. Sipes; Fahimeh Arab; S. Nagarajan; Ashish Raj,,health_translation;network_science,1hop_citations,True,network_science_scope,connectom,,graph,,,disease,,diffusion mri;dmri;human connectome project,0,4,0.0001267828160974,0.2909477037430316,4,1,0.0,0.0682240509689408,2,3.1689894699584107,core_candidate,5.0,5.0,0.0,False,True,True,False,True,False,False,False,False,True,2,False,False,False,2,True,graph_supported_adjacent
23ae8d8d75f4c2809a7ed266d9bd71a48222b0e8,Multi-scale community organization of the human structural connectome and its relationship with resting-state functional connectivity,"Abstract The human connectome has been widely studied over the past decade. A principal finding is that it can be decomposed into communities of densely interconnected brain regions. Past studies have often used single-scale modularity measures in order to infer the connectome's community structure, possibly overlooking interesting structure at other organizational scales. In this report, we used the partition stability framework, which defines communities in terms of a Markov process (random walk), to infer the connectome's multi-scale community structure. Comparing the community structure to observed resting-state functional connectivity revealed communities across a broad range of scales that were closely related to functional connectivity. This result suggests a mapping between communities in structural networks, models of influence-spreading and diffusion, and brain function. It further suggests that the spread of influence among brain regions may not be limited to a single characteristic scale.",2013.0,Network Science,113,10.1017/nws.2013.19,,1304.0485,JournalArticle,2013-04-01,https://www.semanticscholar.org/paper/23ae8d8d75f4c2809a7ed266d9bd71a48222b0e8,Biology;Computer Science,Biology|s2-fos-model;Computer Science|s2-fos-model,Richard F. Betzel; A. Griffa; Andrea Avena-Koenigsberger; J. Goñi,,network_science,1hop_references,True,network_science_scope,connectom,,community;modular,,,,,resting-state,5,0,0.0011118258843494,0.9742500663658084,4,1,1.2658022792616104,0.6639235465887975,1,3.1459826564020883,core_candidate,5.0,0.0,4.0,False,True,False,False,True,False,False,False,False,True,0,False,False,False,2,True,graph_supported_adjacent
d018be633032ae9f662d9a24d6ec4794383a524a,Cross-modal coherent registration of whole mouse brains,"Recent whole-brain mapping projects are collecting large-scale three-dimensional images using modalities such as serial two-photon tomography, fluorescence micro-optical sectioning tomography, light-sheet fluorescence microscopy, volumetric imaging with synchronous on-the-fly scan and readout or magnetic resonance imaging. Registration of these multi-dimensional whole-brain images onto a standard atlas is essential for characterizing neuron types and constructing brain wiring diagrams. However, cross-modal image registration is challenging due to intrinsic variations of brain anatomy and artifacts resulting from different sample preparation methods and imaging modalities. We introduce a cross-modal registration method, mBrainAligner, which uses coherent landmark mapping and deep neural networks to align whole mouse brain images to the standard Allen Common Coordinate Framework atlas. We build a brain atlas for the fluorescence micro-optical sectioning tomography modality to facilitate single-cell mapping, and used our method to generate a whole-brain map of three-dimensional single-neuron morphology and neuron cell types. mBrainAligner is a cross-modal registration platform for whole mouse brains imaged with different modalities. In addition, a fluorescence micro-optical sectioning tomography-based mouse brain atlas has been generated.",2021.0,Nature Methods,81,10.1038/s41592-021-01334-w,34887551.0,,JournalArticle,2021-12-09,https://www.semanticscholar.org/paper/d018be633032ae9f662d9a24d6ec4794383a524a,Engineering;Computer Science;Biology,Engineering|s2-fos-model;Computer Science|s2-fos-model;Biology|s2-fos-model,Hanchuan Peng; Lei Qu; Yuanyuan Li; Peng Xie; Lijuan Liu; Yimin Wang; Jun Wu; Yu Liu; Tao Wang; Longfei Li; Kaixuan Guo; Wan Wan; Lei OuYang; Feng Xiong; Yefeng Zheng; Fang-ming Xu; H. Gong; H. Dong; Qing Luo; Guofang Bi; M. Hawrylycz; Hongkui Zeng,,network_science,1hop_citations;1hop_references,True,network_science_scope,wiring diagram,,graph,,,,,,2,1,0.0001451532404201,0.7555083620918502,3,1,1.7990355992498328,0.9254048314308468,1,3.112667020617644,core_candidate,3.0,1.0,2.0,False,False,False,False,False,False,False,False,False,False,0,False,False,False,2,True,graph_supported_adjacent
8659f61295508f677a8750ef9378eec9364c7e63,Nervous system-wide single-cell morphology atlas of excitatory and inhibitory neurons in larval zebrafish,"Single-neuron morphology mapping is fundamental for deciphering brain architecture and function, yet in vertebrates it remains limited in spatial coverage and cell-type information. Here we present a nervous system-wide single-neuron morphology atlas of larval zebrafish with annotated excitatory/inhibitory identity and dendrite-axon polarity. The atlas comprises >20,000 reconstructed neurons from >13,400 animals, spanning the central and peripheral nervous system and representing ∼24.5% of the total excitatory and inhibitory neurons in the brain, all integrated into a common physical space with neuroanatomical parcellations. We define >500 excitatory and inhibitory neuronal morphotypes and construct putative inter-cell-type and interregional connectomes. Projection and morphotype analyses reveal distinct laterality and directionality biases and modular innervation patterns in excitatory and inhibitory neurons, while network analyses uncover fundamental connectivity motifs, hubs, and sensorimotor pathways. Accessible through custom-built interactive platform ZExplorer, this atlas provides a foundational resource for multimodal data integration, circuit analysis, computational modeling, and hypothesis-driven research.",2026.0,bioRxiv,5,10.1101/2025.06.06.658008,,,,2026-03-24,https://www.semanticscholar.org/paper/8659f61295508f677a8750ef9378eec9364c7e63,Biology,Biology|external;Biology|s2-fos-model,Xu-Fei Du; Zhi-Feng Yue; Ming-Quan Chen; Wan-Lan Li; Tian-Lun Chen; Han-Yang Hu; Hong Wan; Ting Zhao; Yong-Wei Zhong; Xin-Yu Ning; Xiu-Dan Zheng; H. Ren; Ruiqi Wang; R. Zhao; Xiao-Lan Peng; Zhi-Ming Jia; Li-jun Chen; Chen Jin; Jia-wen Huang; Wei Deng; Liu Qian; Li Wang; Meijun Zheng; Wei Zhang; Xiaowen Shen; Xiu-Lian Shen; Xiaoying Qiu; Qimeng Zhao; Dan-Yang Li; Si Wang; Yu-Chen Gong; Yan Li; Yu Mu; Peng Ji; Jie He; Yu-Fan Wang; Jiu-lin Du,net_04;net_06,network_science,1hop_references;lexical,True,network_science_scope,connectom,,modular;motif,,,,,,2,0,0.0001444378541149,0.7488717812582957,2,1,1.791759469228055,0.9230156623307672,1,3.1064950004424388,core_candidate,1.0,0.0,5.0,False,False,False,False,True,False,False,False,False,True,0,False,False,False,2,True,graph_supported_adjacent
b1ad344bcef9577ecf7d89eef3df4302afcb93ab,Robust estimation of cortical similarity networks from brain MRI,"Sebenius et al. present Morphometric INverse Divergence (MIND), a robust MRI-based metric of similarity between brain areas that reflects biological factors that define cortical network architecture, such as gene expression and axonal connectivity. Structural similarity is a growing focus for magnetic resonance imaging (MRI) of connectomes. Here we propose Morphometric INverse Divergence (MIND), a new method to estimate within-subject similarity between cortical areas based on the divergence between their multivariate distributions of multiple MRI features. Compared to the prior approach of morphometric similarity networks (MSNs) on n  > 11,000 scans spanning three human datasets and one macaque dataset, MIND networks were more reliable, more consistent with cortical cytoarchitectonics and symmetry and more correlated with tract-tracing measures of axonal connectivity. MIND networks derived from human T1-weighted MRI were more sensitive to age-related changes than MSNs or networks derived by tractography of diffusion-weighted MRI. Gene co-expression between cortical areas was more strongly coupled to MIND networks than to MSNs or tractography. MIND network phenotypes were also more heritable, especially edges between structurally differentiated areas. MIND network analysis provides a biologically validated lens for cortical connectomics using readily available MRI data.",2023.0,Nature Neuroscience,126,10.1038/s41593-023-01376-7,37460809.0,,JournalArticle,2023-07-17,https://www.semanticscholar.org/paper/b1ad344bcef9577ecf7d89eef3df4302afcb93ab,Computer Science,Computer Science|s2-fos-model,I. Sebenius; J. Seidlitz; V. Warrier; R. Bethlehem; A. Alexander-Bloch; T. Mallard; Rafael Romero Garcia; E. Bullmore; S. Morgan,,network_science,1hop_citations;1hop_references,True,network_science_scope,connectom,,graph;network analysis,,,,,,1,2,0.0001319127634543,0.6875497743562516,3,1,2.4220935432292956,0.991239713299708,1,3.0946155207503754,core_candidate,3.0,2.0,1.0,False,False,False,False,True,False,False,False,False,True,1,False,False,False,2,True,graph_supported_adjacent
aa9635e531de729d47c9f166c388cd5ff0feeaaf,BrainGNN: Interpretable Brain Graph Neural Network for fMRI Analysis,"Understanding how certain brain regions relate to a specific neurological disorder or cognitive stimuli has been an important area of neuroimaging research. We propose BrainGNN, a graph neural network (GNN) framework to analyze functional magnetic resonance images (fMRI) and discover neurological biomarkers. Considering the special property of brain graphs, we design novel ROI-aware graph convolutional (Ra-GConv) layers that leverage the topological and functional information of fMRI. Motivated by the need for transparency in medical image analysis, our BrainGNN contains ROI-selection pooling layers (R-pool) that highlight salient ROIs (nodes in the graph), so that we can infer which ROIs are important for prediction. Furthermore, we propose regularization terms - unit loss, topK pooling (TPK) loss and group-level consistency (GLC) loss - on pooling results to encourage reasonable ROI-selection and provide flexibility to preserve either individual- or group-level patterns. We apply the BrainGNN framework on two independent fMRI datasets: Autism Spectral Disorder (ASD) fMRI dataset and Human Connectome Project (HCP) 900 Subject Release. We investigate different choices of the hyperparameters and show that BrainGNN outperforms the alternative fMRI image analysis methods in terms of four different evaluation metrics. The obtained community clustering and salient ROI detection results show high correspondence with the previous neuroimaging-derived evidence of biomarkers for ASD and specific task states decoded for HCP.",2020.0,bioRxiv,828,10.1101/2020.05.16.100057,34655865.0,,JournalArticle,2020-05-17,https://www.semanticscholar.org/paper/aa9635e531de729d47c9f166c388cd5ff0feeaaf,Biology;Computer Science;Medicine,Biology|external;Computer Science|external;Medicine|external;Computer Science|s2-fos-model;Medicine|s2-fos-model,Xiaoxiao Li; Yuan Zhou; Siyuan Gao; N. Dvornek; Muhan Zhang; Juntang Zhuang; Shi Gu; D. Scheinost; L. Staib; Pamela Ventola; J. Duncan,net_05,network_science,lexical,True,network_science_scope,connectom,,community;graph,,,autism;disorder,,human connectome project,86,6,0.0092247171120171,0.9984072205999468,2,1,2.540004469441699,0.9952216617998408,1,3.079749579683214,core_candidate,0.0,79.0,828.0,False,True,True,False,True,False,False,False,False,True,0,False,False,False,2,True,graph_supported_adjacent
7d7299ee6cf7269421b72069de3c2c7ba586d4ab,Combining collation and annotation efforts toward completion of the rat and mouse connectomes in BAMS,"Many different independently published neuroanatomical parcellation schemes (brain maps, nomenclatures, or atlases) can exist for a particular species, although one scheme (a standard scheme) is typically chosen for mapping neuroanatomical data in a particular study. This is problematic for building connection matrices (connectomes) because the terms used to name structures in different parcellation schemes differ widely and interrelationships are seldom defined. Therefore, data sets cannot be compared across studies that have been mapped on different neuroanatomical atlases without a reliable translation method. Because resliceable 3D brain models for relating systematically and topographically different parcellation schemes are still in the first phases of development, it is necessary to rely on qualitative comparisons between regions and tracts that are either inserted directly by neuroanatomists or trained annotators, or are extracted or inferred by collators from the available literature. To address these challenges, we developed a publicly available neuroinformatics system, the Brain Architecture Knowledge Management System (BAMS; http://brancusi.usc.edu/bkms). The structure and functionality of BAMS is briefly reviewed here, as an exemplar for constructing interrelated connectomes at different levels of the mammalian central nervous system organization. Next, the latest version of BAMS rat macroconnectome is presented because it is significantly more populated with the number of inserted connectivity reports exceeding a benchmark value (50,000), and because it is based on a different classification scheme. Finally, we discuss a general methodology and strategy for producing global connection matrices, starting with rigorous mapping of data, then inserting and annotating it, and ending with online generation of large-scale connection matrices.",2012.0,Front. Neuroinform.,46,10.3389/fninf.2012.00002,22403539.0,,JournalArticle;Review,2012-02-28,https://www.semanticscholar.org/paper/7d7299ee6cf7269421b72069de3c2c7ba586d4ab,Biology;Computer Science,Biology|s2-fos-model;Computer Science|s2-fos-model,M. Bota; H. Dong; L. Swanson,,network_science,1hop_references,True,network_science_scope;review_scope,connectom,,graph,annotation,annotation;version,,,,4,0,0.0032673601507507,0.9904433235996816,4,1,0.994103836124232,0.4696044597823201,1,3.060968055924254,core_candidate,4.0,0.0,3.0,False,False,False,False,True,False,False,False,False,True,0,False,False,False,2,True,graph_supported_adjacent
5212cf81a7bb57a86508ca480244fa04a950447f,Brain Network Fingerprints of Alzheimer’s Disease Risk Factors in Mouse Models with Humanized APOE Alleles,"Alzheimer’s disease (AD) presents complex challenges due to its multifactorial nature, poorly understood etiology, and late detection. The mechanisms through which genetic and modifiable risk factors influence disease susceptibility are under intense investigation, with APOE being the major genetic risk factor for late onset AD. Yet the impact of unique risk factors on brain networks is difficult to disentangle, and their interactions remain unclear. To model multiple risk factors, including APOE genotype, age, sex, diet, and immunity we used a cross sectional design, leveraging mice expressing human APOE and NOS2 genes, conferring a reduced immune response compared to mouse Nos2. We used network topological and GraphClass analyses of brain connectomes derived from accelerated diffusion-weighted MRI to assess the global and local impact of risk factors, in the absence of AD pathology. Aging and a high-fat diet impacted extensive networks comprising AD-vulnerable regions, including the temporal association cortex, amygdala, and the periaqueductal gray, involved in stress responses. Sex impacted networks including sexually dimorphic regions (thalamus, insula, hypothalamus) and key memory-processing areas (fimbria, septum). APOE genotypes modulated connectivity in memory, sensory, and motor regions, while diet and immunity both impacted the insula and hypothalamus. Notably, these risk factors converged on a circuit comprising 63 of 54,946 total connections (0.11% of the connectome), highlighting shared vulnerability amongst multiple AD risk factors in regions essential for sensory integration, emotional regulation, decision making, motor coordination, memory, homeostasis, and interoception. APOE genotype specific immune signatures support the design of interventions tailored to risk profiles. Sparse Canonical Correlation Analysis (CCA) including spatial memory as a risk factor resulted in a network comprising 80 edges, showing significant overlap with risk-associated networks from GraphClass. The largest overlaps were observed with networks impacted by diet (47 edges), immunity (39 edges), APOE3 vs 4 (26 edges), sex (23 edges), and age (19 edges), the resulting networks supporting the use of sensory cues in spatial memory retrieval. These network-based biomarkers hold translational value for distinguishing high-risk versus low-risk participants at preclinical AD stages, suggest circuits as potential therapeutic targets, and advance our understanding of network fingerprints associated with AD risk.",2024.0,Magnetic Resonance Imaging,6,10.1016/j.mri.2024.110251,39362319.0,,JournalArticle,2024-10-01,https://www.semanticscholar.org/paper/5212cf81a7bb57a86508ca480244fa04a950447f,Medicine;Biology,Medicine|s2-fos-model;Biology|s2-fos-model,Steven Winter; A. Mahzarnia; Robert J Anderson; Z. Han; Jessica T. Tremblay; Jacques A Stout; H. Moon; Daniel Marcellino; David B. Dunson; Alexandra Badea,,health_translation;network_science,1hop_citations;1hop_references,True,network_science_scope,connectom,,graph,,,alzheimer;clinical;disease;patholog,,,2,1,0.0001662834107452,0.8144411998938147,2,1,1.12347174837591,0.5564109370852137,2,3.055703035129634,core_candidate,3.0,0.0,0.0,False,False,True,False,True,False,False,False,False,True,0,False,False,False,2,True,graph_supported_adjacent
8b7c645bd274848766862b17bc7532907495ebff,"Mapping Putative Hubs in Human, Chimpanzee (Pan troglodytes) and Rhesus Macaque (Macaca mulatta) Connectomes via Diffusion Tractography","Mapping anatomical brain networks with graph-theoretic analysis of diffusion tractography has recently gained popularity, because of its presumed value in understanding brain function. However, this approach has seldom been used to compare brain connectomes across species, which may provide insights into brain evolution. Here, we employed a data-driven approach to compare interregional brain connections across three primate species: 1) the intensively studied rhesus macaque, 2) our closest living primate relative, the chimpanzee, and 3) humans. Specifically, we first used random parcellations and surface-based probabilistic diffusion tractography to derive the brain networks of the three species under various network densities and resolutions. We then compared the characteristics of the networks using graph-theoretic measures. In rhesus macaques, our tractography-defined hubs showed reasonable overlap with hubs previously identified using anterograde and retrograde tracer data. Across all three species, hubs were largely symmetric in the two hemispheres and were consistently identified in medial parietal, insular, retrosplenial cingulate and ventrolateral prefrontal cortices, suggesting a conserved structural architecture within these regions. However, species differences were observed in the inferior parietal cortex, polar and medial prefrontal cortices. The potential significance of these interspecies differences is discussed.",2013.0,NeuroImage,102,10.1016/j.neuroimage.2013.04.024,23603286.0,,JournalArticle;Study,2013-04-17,https://www.semanticscholar.org/paper/8b7c645bd274848766862b17bc7532907495ebff,Biology,Biology|s2-fos-model,Longchuan Li; Xiaoping P. Hu; T. Preuss; M. Glasser; F. Damen; Yuxuan Qiu; J. Rilling,,network_science,1hop_references,True,network_science_scope,connectom,,graph,,,,,,4,0,0.0001992690839596,0.857180780461906,4,1,1.238683425321767,0.6410937085213698,1,3.046765772940448,core_candidate,4.0,0.0,4.0,False,False,False,False,True,False,False,False,False,True,0,False,False,False,2,True,graph_supported_adjacent
aaa6d52afb516f6ab89a109ad4bdb8bfe69101db,Mapping Structural Connectivity Using Diffusion MRI: Challenges and Opportunities,"Diffusion MRI‐based tractography is the most commonly‐used technique when inferring the structural brain connectome, i.e., the comprehensive map of the connections in the brain. The utility of graph theory—a powerful mathematical approach for modeling complex network systems—for analyzing tractography‐based connectomes brings important opportunities to interrogate connectome data, providing novel insights into the connectivity patterns and topological characteristics of brain structural networks. When applying this framework, however, there are challenges, particularly regarding methodological and biological plausibility. This article describes the challenges surrounding quantitative tractography and potential solutions. In addition, challenges related to the calculation of global network metrics based on graph theory are discussed.Evidence Level: 5Technical Efficacy: Stage 1",2020.0,Journal of Magnetic Resonance Imaging,186,10.1002/jmri.27188,32557893.0,,Review;JournalArticle,2020-06-17,https://www.semanticscholar.org/paper/aaa6d52afb516f6ab89a109ad4bdb8bfe69101db,Medicine,Medicine|s2-fos-model,Chun-Hung Yeh; Derek K. Jones; Xiaoyun Liang; M. Descoteaux; A. Connelly,,network_science,1hop_references,True,network_science_scope;review_scope,connectom,,graph,,,,,diffusion mri,4,0,0.0002382379705957,0.8834616405627821,3,1,1.9771732116234713,0.959384125298646,1,2.975621626404743,supported,4.0,0.0,2.0,False,True,False,False,True,False,False,False,False,True,0,False,False,False,2,True,graph_supported_adjacent
dba9b3e437792c297753d84a35092ea06ac599ea,Diffusion MRI fiber tractography of the brain,"The ability of fiber tractography to delineate non‐invasively the white matter fiber pathways of the brain raises possibilities for clinical applications and offers enormous potential for neuroscience. In the last decade, fiber tracking has become the method of choice to investigate quantitative MRI parameters in specific bundles of white matter. For neurosurgeons, it is quickly becoming an invaluable tool for the planning of surgery, allowing for visualization and localization of important white matter pathways before and even during surgery. Fiber tracking has also claimed a central role in the field of “connectomics,” a technique that builds and studies comprehensive maps of the complex network of connections within the brain, and to which significant resources have been allocated worldwide. Despite its unique abilities and exciting applications, fiber tracking is not without controversy, in particular when it comes to its interpretation. As neuroscientists are eager to study the brain's connectivity, the quantification of tractography‐derived “connection strengths” between distant brain regions is becoming increasingly popular. However, this practice is often frowned upon by fiber‐tracking experts. In light of this controversy, this paper provides an overview of the key concepts of tractography, the technical considerations at play, and the different types of tractography algorithm, as well as the common misconceptions and mistakes that surround them. We also highlight the ongoing challenges related to fiber tracking. While recent methodological developments have vastly increased the biological accuracy of fiber tractograms, one should be aware that, even with state‐of‐the‐art techniques, many issues that severely bias the resulting structural “connectomes” remain unresolved.",2019.0,NMR in Biomedicine,526,10.1002/nbm.3785,28945294.0,,JournalArticle;Review,2019-04-01,https://www.semanticscholar.org/paper/dba9b3e437792c297753d84a35092ea06ac599ea,Medicine;Engineering,Medicine|s2-fos-model;Engineering|s2-fos-model,B. Jeurissen; M. Descoteaux; S. Mori; A. Leemans,,network_science,1hop_references,True,network_science_scope;review_scope,connectom,,graph,,visualization,clinical,,diffusion mri,2,0,0.0001463615843737,0.7584284576586143,2,1,2.2157900034648237,0.9827448898327582,1,2.893527121493673,supported,2.0,0.0,2.0,False,True,True,False,True,False,False,False,False,True,0,False,False,False,2,True,graph_supported_adjacent
5942f6a5c0ba200fedc10876c91cf7cafeb487b1,"Wiring patterns in the mouse retina: collecting evidence across the connectome, physiology and light microscopy",,2014.0,Journal of Physiology,37,10.1113/jphysiol.2014.277228,25172948.0,,Review;JournalArticle,2014-11-15,https://www.semanticscholar.org/paper/5942f6a5c0ba200fedc10876c91cf7cafeb487b1,Biology;Chemistry;Medicine,Biology|external;Chemistry|external;Medicine|external;Biology|s2-fos-model,Felice A. Dunn; R. Wong,core_04,direct_connectomics,1hop_references;lexical,True,review_scope,connectom,,,,,,,,2,0,0.00013632368178,0.7140960976904699,2,1,1.0088848782932018,0.4762410406158747,1,2.857025926909123,supported,2.0,0.0,37.0,False,False,False,False,True,False,False,False,False,True,0,False,False,False,2,True,graph_supported_adjacent
3b68d8a9a5505506c7b1f7785eebd7f91dca2955,Brain Connectomes Come of Age,"Databases of consistent, directed- and weighted inter-areal connectivity for mouse, macaque and marmoset monkeys, have recently become available and begun to be used to build structural and dynamical models. A structural hierarchy can be defined based by laminar patterns of cortical connections. A large-scale dynamical model of the macaque cortex endowed with a laminar structure accounts for empirically observed frequency-modulated interplay between bottom-up and top-down processes. Signal propagation in the model with spiking neurons displays a threshold of stimulus amplitude for the activity to gain access to the prefrontal cortex, reminiscent of the ignition phenomenon associated with conscious perception. These two examples illustrate how connectomics informs structurally-based dynamic models of multi-regional brain systems. Theory raises novel questions for future anatomical and physiological empirical research, in a back-and-forth collaboration between experimentalists and theorists.",2020.0,Current Opinion in Neurobiology,18,10.1016/j.conb.2020.11.002,33276230.0,2008.03881,Review;JournalArticle,2020-08-10,https://www.semanticscholar.org/paper/3b68d8a9a5505506c7b1f7785eebd7f91dca2955,Biology,Biology|s2-fos-model,Xiao-Jing Wang; Ulises Pereira; M. Rosa; H. Kennedy,,,1hop_citations;1hop_references,True,review_scope,connectom,,,,database,,,,2,2,0.0001475562253385,0.7613485532253783,4,1,1.1128933270684704,0.5505707459516856,0,2.8462967878948766,supported,4.0,2.0,2.0,False,False,False,False,True,False,False,False,False,True,0,False,False,False,2,True,graph_supported_adjacent
f02ac8a623677e6a8bea0683829cb861fae4546f,Macroscopic Structural and Connectome Mapping of the Mouse Brain Using Diffusion Magnetic Resonance Imaging,"Translational work in rodents elucidates basic mechanisms that drive complex behaviors relevant to psychiatric and neurological conditions. Nonetheless, numerous promising studies in rodents later fail in clinical trials, highlighting the need for improving the translational utility of preclinical studies in rodents. Imaging of small rodents provides an important strategy to address this challenge, as it enables a whole-brain unbiased search for structural and dynamic changes that can be directly compared to human imaging. The functional significance of structural changes identified using imaging can then be further investigated using molecular and genetic tools available for the mouse. Here, we describe a pipeline for unbiased search and characterization of structural changes and network properties, based on diffusion MRI data covering the entire mouse brain at an isotropic resolution of 100 µm. We first used unbiased whole-brain voxel-based analyses to identify volumetric and microstructural alterations in the brain of adult mice exposed to unpredictable postnatal stress (UPS), which is a mouse model of complex early life stress (ELS). Brain regions showing structural abnormalities were used as nodes to generate a grid for assessing structural connectivity and network properties based on graph theory. The technique described here can be broadly applied to understand brain connectivity in other mouse models of human disorders, as well as in genetically modified mouse strains. Graphic abstract: Pipeline for characterizing structural connectome in the mouse brain using diffusion magnetic resonance imaging. Scale bar = 1 mm.",2021.0,Bio-protocol,15,10.21769/bioprotoc.4221,34909442.0,,JournalArticle,2021-11-20,https://www.semanticscholar.org/paper/f02ac8a623677e6a8bea0683829cb861fae4546f,Medicine,Medicine|s2-fos-model,Tanzil M. Arefin; C. Lee; J. D. White; Jiangyang Zhang; Arie Kaffman,,network_science,1hop_citations,True,network_science_scope,connectom,,graph,,,clinical;disorder,,diffusion mri,0,3,0.0001267828160974,0.635518980621184,3,1,1.1319046060137772,0.5630475179187683,1,2.8414963277586054,supported,3.0,3.0,0.0,False,True,True,False,True,False,False,False,False,True,2,False,False,False,2,True,graph_supported_adjacent
6cd6f324e29b9f8f94f00932262b8ddbec23233d,A Network Convergence Zone in the Hippocampus,"The hippocampal formation is a key structure for memory function in the brain. The functional anatomy of the brain suggests that the hippocampus may be a convergence zone, as it receives polysensory input from distributed association areas throughout the neocortex. However, recent quantitative graph-theoretic analyses of the static large-scale connectome have failed to demonstrate the centrality of the hippocampus; in the context of the whole brain, the hippocampus is not among the most connected or reachable nodes. Here we show that when communication dynamics are taken into account, the hippocampus is a key hub in the connectome. Using a novel computational model, we demonstrate that large-scale brain network topology is organized to funnel and concentrate information flow in the hippocampus, supporting the long-standing hypothesis that this region acts as a critical convergence zone. Our results indicate that the functional capacity of the hippocampus is shaped by its embedding in the large-scale connectome.",2014.0,PLoS Comput. Biol.,98,10.1371/journal.pcbi.1003982,25474350.0,,JournalArticle,2014-12-01,https://www.semanticscholar.org/paper/6cd6f324e29b9f8f94f00932262b8ddbec23233d,Biology;Computer Science,Biology|s2-fos-model;Computer Science|s2-fos-model,Bratislav Misic; J. Goñi; Richard F. Betzel; O. Sporns; A. Mcintosh,,network_science,1hop_references,True,network_science_scope,connectom,,centrality;graph;network topology,,distributed,,,,3,0,0.0002114706434156,0.863020971595434,3,1,1.2744569412740512,0.6758693920891956,1,2.8185337580745067,supported,3.0,0.0,2.0,False,False,False,False,True,False,False,False,False,True,0,False,False,False,2,True,graph_supported_adjacent
3a44a079e28880c58a3cc3f769fd84a0086f6ff2,The parcellation-based connectome: Limitations and extensions,,2013.0,NeuroImage,282,10.1016/j.neuroimage.2013.03.053,23558097.0,,Review;JournalArticle,2013-10-15,https://www.semanticscholar.org/paper/3a44a079e28880c58a3cc3f769fd84a0086f6ff2,Computer Science,Computer Science|s2-fos-model,M. A. Reus; M. P. Heuvel,,,1hop_citations;1hop_references,True,review_scope,connectom,,,,,,,,2,1,0.0001848184894398,0.8428457658614282,3,1,1.508809149014775,0.8255906556941863,0,2.794929652243164,supported,3.0,1.0,2.0,False,False,False,False,True,False,False,False,False,True,1,False,False,False,2,True,graph_supported_adjacent
52f31d00e526bb38a7455e24793c5c9915c81f57,"A cross-modal, cross-species comparison of connectivity measures in the primate brain","In systems neuroscience, the term ""connectivity"" has been defined in numerous ways, according to the particular empirical modality from which it is derived. Due to large differences in the phenomena measured by these modalities, the assumptions necessary to make inferences about axonal connections, and the limitations accompanying each, brain connectivity remains an elusive concept. Despite this, only a handful of studies have directly compared connectivity as inferred from multiple modalities, and there remains much ambiguity over what the term is actually referring to as a biological construct. Here, we perform a direct comparison based on the high-resolution and high-contrast Enhanced Nathan Klein Institute (NKI) Rockland Sample neuroimaging data set, and the CoCoMac database of tract tracing studies. We compare four types of commonly-used primate connectivity analyses: tract tracing experiments, compiled in CoCoMac; group-wise correlation of cortical thickness; tractographic networks computed from diffusion-weighted MRI (DWI); and correlational networks obtained from resting-state BOLD (fMRI). We find generally poor correspondence between all four modalities, in terms of correlated edge weights, binarized comparisons of thresholded networks, and clustering patterns. fMRI and DWI had the best agreement, followed by DWI and CoCoMac, while other comparisons showed striking divergence. Networks had the best correspondence for local ipsilateral and homotopic contralateral connections, and the worst correspondence for long-range and heterotopic contralateral connections. k-Means clustering highlighted the lowest cross-modal and cross-species consensus in lateral and medial temporal lobes, anterior cingulate, and the temporoparietal junction. Comparing the NKI results to those of the lower resolution/contrast International Consortium for Brain Imaging (ICBM) dataset, we find that the relative pattern of intermodal relationships is preserved, but the correspondence between human imaging connectomes is substantially better for NKI. These findings caution against using ""connectivity"" as an umbrella term for results derived from single empirical modalities, and suggest that any interpretation of these results should account for (and ideally help explain) the lack of multimodal correspondence.",2016.0,NeuroImage,68,10.1016/j.neuroimage.2015.10.057,26515902.0,,JournalArticle;Study,2016-01-15,https://www.semanticscholar.org/paper/52f31d00e526bb38a7455e24793c5c9915c81f57,Biology,Biology|s2-fos-model,Andrew T. Reid; J. Lewis; G. Bezgin; Budhachandra S. Khundrakpam; S. Eickhoff; A. Mcintosh; Lune P Bellec; Alan C. Evans,,network_science,1hop_citations;1hop_references,True,network_science_scope,connectom,,graph,,database,,,resting-state,1,1,0.0001614913863192,0.7993097955933103,2,1,1.2766311452865746,0.6769312450225644,1,2.7712813025395984,supported,2.0,1.0,1.0,False,True,False,False,True,False,False,False,False,True,1,False,False,False,2,True,graph_supported_adjacent
873af2ddbd126938bb3eb9b01e8d5a13e052c8ac,Network centrality in the human functional connectome.,,2012.0,Cerebral Cortex,1160,10.1093/cercor/bhr269,21968567.0,,JournalArticle,2012-08-01,https://www.semanticscholar.org/paper/873af2ddbd126938bb3eb9b01e8d5a13e052c8ac,Psychology,Psychology|s2-fos-model,X. Zuo; Xi-Nian Zuo; Ross C Ehmke; M. Mennes; Davide Imperati; F. X. Castellanos; F. X. Castellanos; O. Sporns; M. Milham,,network_science,1hop_references,True,network_science_scope,connectom,,centrality,,,,,functional connectome,5,0,0.0006556067831384,0.9527475444650916,3,1,1.8221191135790524,0.9312450225643748,1,2.763516502964339,supported,5.0,0.0,1.0,False,True,False,False,True,False,False,False,False,True,0,False,False,False,2,True,graph_supported_adjacent
3978b6586e801574d5878a5e68843ef8f105df74,Statistical Inference on Errorfully Observed Graphs,"Statistical inference on graphs is a burgeoning field in the applied and theoretical statistics communities, as well as throughout the wider world of science, engineering, business, etc. In many applications, we are faced with the reality of errorfully observed graphs. That is, the existence of an edge between two vertices is based on some imperfect assessment. In this article, we consider a graph G = (V, E). We wish to perform an inference task—the inference task considered here is “vertex classification,” that is, given a vertex v with unknown label Y(v), we want to infer the label for v based on the graph G and the given labels for some set of vertices in G not containing v. However, we do not observe G; rather, for each potential edge we observe an “edge feature” that we use to classify uv as edge/not-edge. Thus, we errorfully observe G when we observe the graph as the edges in arise from the classifications of the “edge features,” and are expected to be errorful. Moreover, we face a quantity/quality trade-off regarding the edge features we observe—more informative edge features are more expensive, and hence the number of potential edges that can be assessed decreases with the quality of the edge features. We studied this problem by formulating a quantity/quality trade-off for a simple class of random graphs model, namely, the stochastic blockmodel. We then consider a simple but optimal vertex classifier for classifying v and we derive the optimal quantity/quality operating point for subsequent graph inference in the face of this trade-off. The optimal operating points for the quantity/quality trade-off are surprising and illustrate the issue that methods for intermediate tasks should be chosen to maximize performance for the ultimate inference task. Finally, we investigate the quantity/quality tradeoff for errorful observations of the C. elegans connectome graph.",2012.0,,59,10.1080/10618600.2014.951049,,1211.3601,,2012-11-15,https://www.semanticscholar.org/paper/3978b6586e801574d5878a5e68843ef8f105df74,Computer Science;Mathematics,Computer Science|s2-fos-model;Mathematics|s2-fos-model,C. Priebe; D. Sussman; M. Tang; J. Vogelstein,,network_science,1hop_references,True,network_science_scope,connectom,,graph,,,,,,2,0,0.0002186531156306,0.8670029200955668,2,1,1.0571552202080727,0.50730023891691,1,2.737235642863463,supported,2.0,0.0,2.0,False,False,False,False,True,False,False,False,False,True,0,False,False,False,2,True,graph_supported_adjacent
3317bfc69d642c3ed93aa011c2dcd64fad6edbf0,Connectome of memristive nanowire networks through graph theory,"Hardware implementation of neural networks represents a milestone for exploiting the advantages of neuromorphic-type data processing and for making use of the inherent parallelism associated with such structures. In this context, memristive devices with their analogue functionalities are called to be promising building blocks for the hardware realization of artificial neural networks. As an alternative to conventional crossbar architectures where memristive devices are organized with a top-down approach in a grid-like fashion, neuromorphic-type data processing and computing capabilities have been explored in networks realized according to the principle of self-organization similarity found in biological neural networks. Here, we explore structural and functional connectivity of self-organized memristive nanowire (NW) networks within the theoretical framework of graph theory. While graph metrics reveal the link of the graph theoretical approach with geometrical considerations, results show that the interplay between network structure and its capacity to transmit information is related to a phase transition process consistent with percolation theory. Also the concept of memristive distance is introduced to investigate activation patterns and the dynamic evolution of the information flow across the network represented as a memristive graph. In agreement with experimental results, the emergent short-term dynamics reveals the formation of self-selected pathways with enhanced transport characteristics connecting stimulated areas and regulating the trafficking of the information flow. The network capability to process spatio-temporal input signals can be exploited for the implementation of unconventional computing paradigms in memristive graphs that take into advantage the inherent relationship between structure and functionality as in biological systems.",2022.0,Neural Networks,47,10.1016/j.neunet.2022.02.022,35313246.0,,JournalArticle,2022-03-01,https://www.semanticscholar.org/paper/3317bfc69d642c3ed93aa011c2dcd64fad6edbf0,Computer Science;Engineering;Physics,Computer Science|s2-fos-model;Engineering|s2-fos-model;Physics|s2-fos-model,G. Milano; E. Miranda; C. Ricciardi,,network_science,1hop_citations;1hop_references,True,network_science_scope,connectom,,graph,,,,,,1,1,0.0004207136954812,0.929917706397664,2,1,1.7312537229911895,0.9081497212636048,1,2.7348464737633837,supported,2.0,1.0,0.0,False,False,False,False,True,False,False,False,False,True,1,False,False,False,2,True,graph_supported_adjacent
06945c00c276bec5c34c7db605f570f3f6d6d284,Human Connectomics,"Recent advances in non-invasive neuroimaging have enabled the measurement of connections between distant regions in the living human brain, thus opening up a new field of research: Human connectomics. Different imaging modalities allow the mapping of structural connections (axonal fiber tracts) as well as functional connections (correlations in time series), and individual variations in these connections may be related to individual variations in behaviour and cognition. Connectivity analysis has already led to several important advances. Segregated brain regions may be identified by their unique patterns of connectivity, structural and functional connectivity may be compared to elucidate how dynamic interactions arise from the anatomical substrate, and the architecture of large-scale networks connecting sets of brain regions may be analyzed in detail. The combination of structural and functional connectivity has begun to reveal key patterns of human brain organization, such as the existence of distinct modules or sub-networks that become engaged in different cognitive tasks. Collectively, advances in human connectomics open up the possibility of studying how brain connections mediate regional brain function and thence behaviour.",2011.0,Current Opinion in Neurobiology,238,10.1016/j.conb.2011.08.005,21908183.0,,Review;JournalArticle,2011-09-09,https://www.semanticscholar.org/paper/06945c00c276bec5c34c7db605f570f3f6d6d284,Biology,Biology|s2-fos-model,T. Behrens; O. Sporns,,,1hop_references,True,review_scope,connectom,,,,,human brain,,,3,0,0.0001686354649284,0.8173612954605787,3,1,1.3691158879828778,0.7390496416246349,0,2.7325457924077514,supported,3.0,0.0,3.0,False,False,True,False,True,False,False,False,False,True,0,False,False,False,2,True,graph_supported_adjacent
c75deae4f847990a0ed92db113928545bfbc39c9,Functional connectivity hubs in the human brain,"Brain networks appear to have few and well localized regions with high functional connectivity density (hubs) for fast integration of neural processing, and their dysfunction could contribute to neuropsychiatric diseases. However the variability in the distribution of these brain hubs is unknown due in part to the overwhelming computational demands associated to their localization. Recently we developed a fast algorithm to map the local functional connectivity density (lFCD). Here we extend our method to map the global density (gFDC) taking advantage of parallel computing. We mapped the gFCD in the brain of 1031 subjects from the 1000 Functional Connectomes project and show that the strongest hubs are located in regions of the default mode network (DMN) and in sensory cortices, whereas subcortical regions exhibited the weakest hubs. The strongest hubs were consistently located in ventral precuneus/cingulate gyrus (previously identified by other analytical methods including lFCD) and in primary visual cortex (BA 17/18), which highlights their centrality to resting connectivity networks. In contrast and after rescaling, hubs in prefrontal regions had lower gFCD than lFCD, which suggests that their local functional connectivity (as opposed to long-range connectivity) prevails in the resting state. The power scaling of the probability distribution of gFCD hubs (as for lFCD) was consistent across research centers further corroborating the “scale-free” topology of brain networks. Within and between-subject variability for gFCD were twice than that for lFCD (20% vs. 12% and 84% vs. 34%, respectively) suggesting that gFCD is more sensitive to individual differences in functional connectivity.",2011.0,NeuroImage,361,10.1016/j.neuroimage.2011.05.024,21609769.0,,JournalArticle,2011-05-14,https://www.semanticscholar.org/paper/c75deae4f847990a0ed92db113928545bfbc39c9,Computer Science,Computer Science|s2-fos-model,D. Tomasi; N. Volkow,,health_translation;network_science,1hop_references,True,network_science_scope,connectom,,centrality,,,disease;human brain,,functional connectome;resting state,2,0,0.0001746438968555,0.8245288027608176,2,1,1.4729110529564426,0.8078046190602601,2,2.6889655782674096,supported,2.0,0.0,0.0,False,True,True,False,True,False,False,False,False,True,0,False,False,False,2,True,graph_supported_adjacent
0477cec42cba949525f5145a729ae2770903dfa4,Graffinity: Visualizing Connectivity in Large Graphs,"Multivariate graphs are prolific across many fields, including transportation and neuroscience. A key task in graph analysis is the exploration of connectivity, to, for example, analyze how signals flow through neurons, or to explore how well different cities are connected by flights. While standard node‐link diagrams are helpful in judging connectivity, they do not scale to large networks. Adjacency matrices also do not scale to large networks and are only suitable to judge connectivity of adjacent nodes. A key approach to realize scalable graph visualization are queries: instead of displaying the whole network, only a relevant subset is shown. Query‐based techniques for analyzing connectivity in graphs, however, can also easily suffer from cluttering if the query result is big enough. To remedy this, we introduce techniques that provide an overview of the connectivity and reveal details on demand. We have two main contributions: (1) two novel visualization techniques that work in concert for summarizing graph connectivity; and (2) Graffinity, an open‐source implementation of these visualizations supplemented by detail views to enable a complete analysis workflow. Graffinity was designed in a close collaboration with neuroscientists and is optimized for connectomics data analysis, yet the technique is applicable across domains. We validate the connectivity overview and our open‐source tool with illustrative examples using flight and connectomics data.",2017.0,Computer graphics forum (Print),32,10.1111/cgf.13184,29479126.0,1703.07729,JournalArticle;Review,2017-03-22,https://www.semanticscholar.org/paper/0477cec42cba949525f5145a729ae2770903dfa4,Computer Science;Mathematics,Computer Science|s2-fos-model;Mathematics|s2-fos-model,E. Kerzner; A. Lex; C. Sigulinsky; T. Urness; Bryan William Jones; R. Marc; Miriah D. Meyer,,network_science,1hop_citations;1hop_references,True,network_science_scope;review_scope,connectom,,graph,,query;visualization,,,,1,1,0.0001492472763033,0.7717016193257233,2,1,1.1056927750235266,0.5428723121847624,1,2.6835457039200072,supported,2.0,1.0,1.0,False,False,False,False,True,False,False,False,False,True,1,False,False,False,2,True,graph_supported_adjacent
ab876a9105c4f621fc38b44672ebdefc774f018c,Computing scalable multivariate glocal invariants of large (brain-) graphs,"Graphs are quickly emerging as a leading abstraction for the representation of data. One important application domain originates from an emerging discipline called “connectomics”. Connectomics studies the brain as a graph; vertices correspond to neurons (or collections thereof) and edges correspond to structural or functional connections between them. To explore the variability of connectomes-to address both basic science questions regarding the structure of the brain, and medical health questions about psychiatry and neurology-one can study the topological properties of these brain-graphs. We define multivariate glocal graph invariants: these are features of the graph that capture various local and global topological properties of the graphs. We show that the collection of features can collectively be computed via a combination of daisy-chaining, sparse matrix representation and computations, and efficient approximations. Our custom open-source Python package serves as a back-end to a Web-service that we have created to enable researchers to upload graphs, and download the corresponding invariants in a number of different formats. Moreover, we built this package to support distributed processing on multicore machines. This is therefore an enabling technology for network science, lowering the barrier of entry by providing tools to biologists and analysts who otherwise lack these capabilities. As a demonstration, we run our code on 120 brain-graphs, each with approximately 16M vertices and up to 90M edges.",2013.0,IEEE Global Conference on Signal and Information Processing,23,10.1109/globalsip.2013.6736874,,1312.4318,JournalArticle;Conference,2013-12-01,https://www.semanticscholar.org/paper/ab876a9105c4f621fc38b44672ebdefc774f018c,Computer Science,Computer Science|s2-fos-model,Disa Mhembere; William Gray Roncal; D. Sussman; Carey E. Priebe; R. Jung; S. Ryman; R. J. Vogelstein; J. Vogelstein; R. Burns,,network_science,1hop_references,True,network_science_scope,connectom,,graph,,distributed,,,,2,0,0.0002186531156306,0.867268383328909,2,1,0.8493706135633292,0.3854526148128484,1,2.676510928236439,supported,2.0,0.0,2.0,False,False,False,False,True,False,False,False,False,True,0,False,False,False,2,True,graph_supported_adjacent
05bfe10dacb7ea03d0ac471b564988b34ac49156,Discovering the Human Connectome,,2012.0,,143,10.7551/mitpress/9266.001.0001,,,Review,2012-08-31,https://www.semanticscholar.org/paper/05bfe10dacb7ea03d0ac471b564988b34ac49156,Psychology;Biology;Medicine,Psychology|external;Biology|s2-fos-model;Medicine|s2-fos-model,Olaf Sporns,core_04,direct_connectomics,1hop_references;lexical,True,review_scope,connectom,,,,,,,,19,0,0.0018022883638831,0.9830103530661004,4,1,1.2832002762011987,0.6840987523228033,1,2.66264047429431,supported,1.0,0.0,143.0,False,False,False,False,True,False,False,False,False,True,0,False,False,False,2,True,graph_supported_adjacent
6ee5d388fb3809b756b7f7ff143a6f6f468eaf8e,High-Resolution Fiber Tract Reconstruction in the Human Brain by Means of Three-Dimensional Polarized Light Imaging,"Functional interactions between different brain regions require connecting fiber tracts, the structural basis of the human connectome. To assemble a comprehensive structural understanding of neural network elements from the microscopic to the macroscopic dimensions, a multimodal and multiscale approach has to be envisaged. However, the integration of results from complementary neuroimaging techniques poses a particular challenge. In this paper, we describe a steadily evolving neuroimaging technique referred to as three-dimensional polarized light imaging (3D-PLI). It is based on the birefringence of the myelin sheaths surrounding axons, and enables the high-resolution analysis of myelinated axons constituting the fiber tracts. 3D-PLI provides the mapping of spatial fiber architecture in the postmortem human brain at a sub-millimeter resolution, i.e., at the mesoscale. The fundamental data structure gained by 3D-PLI is a comprehensive 3D vector field description of fibers and fiber tract orientations – the basis for subsequent tractography. To demonstrate how 3D-PLI can contribute to unravel and assemble the human connectome, a multiscale approach with the same technology was pursued. Two complementary state-of-the-art polarimeters providing different sampling grids (pixel sizes of 100 and 1.6 μm) were used. To exemplarily highlight the potential of this approach, fiber orientation maps and 3D fiber models were reconstructed in selected regions of the brain (e.g., Corpus callosum, Internal capsule, Pons). The results demonstrate that 3D-PLI is an ideal tool to serve as an interface between the microscopic and macroscopic levels of organization of the human connectome.",2011.0,Front. Neuroinform.,198,10.3389/fninf.2011.00034,22232597.0,,JournalArticle,2011-12-30,https://www.semanticscholar.org/paper/6ee5d388fb3809b756b7f7ff143a6f6f468eaf8e,Medicine,Medicine|s2-fos-model,M. Axer; D. Gräßel; M. Kleiner; J. Dammers; Timo Dickscheid; J. Reckfort; Tim Hütz; B. Eiben; U. Pietrzyk; K. Zilles; K. Amunts,,network_science,1hop_references,True,network_science_scope,connectom,,graph,,,human brain,,,2,0,0.0008477368103687,0.9633660737987788,2,1,1.323326206181123,0.7103796124236793,1,2.661047694894257,supported,2.0,0.0,1.0,False,False,True,False,True,False,False,False,False,True,0,False,False,False,2,True,graph_supported_adjacent
ac3beb8297e0e73430a03a3503cf11df8b6f2336,Beyond The Connectome: The Dynome,"The human connectome will provide a detailed mapping of the brain’s connectivity, with fundamental insights for health and disease. However, further understanding of brain function and dysfunction will require an integrated framework that links brain connectivity with brain dynamics, as well as the biological details that relates this connectivity more directly to function. In this Perspective, we describe such a framework for studying the brain’s “dynome” and its relationship to cognition.",2014.0,Neuron,39,10.1016/j.neuron.2014.08.016,25233314.0,,Review;JournalArticle,2014-09-17,https://www.semanticscholar.org/paper/ac3beb8297e0e73430a03a3503cf11df8b6f2336,Biology,Biology|s2-fos-model,N. Kopell; H. Gritton; Miles A. Whittington; M. Kramer,,health_translation,1hop_references,True,review_scope,connectom,,,,,disease,,,2,0,0.0001522188050752,0.7759490310591983,2,1,1.0231110785241082,0.4842049376161401,1,2.657397575435802,supported,2.0,0.0,2.0,False,False,True,False,True,False,False,False,False,True,0,False,False,False,2,True,graph_supported_adjacent
ca74e026cd6b830651dd47414ee6a4587195713f,neuroMAP — Interactive graph-visualization of the fruit fly's neural circuit,"Neuroscientists study the function of neural circuits in the brain of the common fruit fly Drosophila melanogaster to discover how complex behavior is generated. To establish models of neural information processing, knowledge about potential connections between individual neurons is required. Connections can occur when the arborizations of two neurons overlap. Judging connectivity by analyzing overlaps using traditional volumetric visualization is difficult since the examined objects occlude each other. A more abstract form of representation is therefore desirable. In collaboration with a group of neuroscientists, we designed and implemented neuroMap, an interactive two-dimensional graph that renders the brain and its interconnections in the form of a circuit-style wiring diagram. neuroMap provides a clearly structured overview of all possible connections between neurons and offers means for interactive exploration of the underlying neuronal database. In this paper, we discuss the design decisions that formed neuroMap and evaluate its application in discussions with the scientists.",2013.0,IEEE Symposium on Biological Data Visualization,35,10.1109/biovis.2013.6664349,,,JournalArticle;Review,2013-11-14,https://www.semanticscholar.org/paper/ca74e026cd6b830651dd47414ee6a4587195713f,Computer Science;Biology,Computer Science|s2-fos-model;Biology|s2-fos-model,J. Sorger; K. Bühler; F. Schulze; Tianxiao Liu; B. Dickson,,network_science,1hop_references,True,network_science_scope;review_scope,wiring diagram,,graph,,database;visualization,,,,2,0,0.0001538321603582,0.781258295726042,2,1,0.9577357219084728,0.4382797982479426,1,2.638416954251836,supported,2.0,0.0,2.0,False,False,False,False,False,True,False,False,False,True,0,False,False,False,2,True,graph_supported_adjacent
32abbcb3aa75ac34a92624dc779a9f7a82ee981c,A critique of pure learning and what artificial neural networks can learn from animal brains,"Artificial neural networks (ANNs) have undergone a revolution, catalyzed by better supervised learning algorithms. However, in stark contrast to young animals (including humans), training such networks requires enormous numbers of labeled examples, leading to the belief that animals must rely instead mainly on unsupervised learning. Here we argue that most animal behavior is not the result of clever learning algorithms—supervised or unsupervised—but is encoded in the genome. Specifically, animals are born with highly structured brain connectivity, which enables them to learn very rapidly. Because the wiring diagram is far too complex to be specified explicitly in the genome, it must be compressed through a “genomic bottleneck”. The genomic bottleneck suggests a path toward ANNs capable of rapid learning. Recent gains in artificial neural networks rely heavily on large amounts of training data. Here, the author suggests that for AI to learn from animal brains, it is important to consider that animal behaviour results from brain connectivity specified in the genome through evolution, and not due to unique learning algorithms.",2019.0,Nature Communications,554,10.1038/s41467-019-11786-6,31434893.0,,Review;JournalArticle,2019-08-21,https://www.semanticscholar.org/paper/32abbcb3aa75ac34a92624dc779a9f7a82ee981c,Biology;Philosophy;Computer Science,Biology|s2-fos-model;Philosophy|s2-fos-model;Computer Science|s2-fos-model,A. Zador,,,1hop_references,True,review_scope,wiring diagram,,,,,,training,,2,0,0.0002004604419026,0.8577117069285904,2,1,2.2340926016658353,0.9838067427661268,0,2.6351871515795064,supported,2.0,0.0,2.0,False,False,False,True,False,True,False,False,False,True,0,False,False,False,2,True,graph_supported_adjacent
3a9d5b26421c2f1d9a20d2c3a918fab609959313,Measuring macroscopic brain connections in vivo,"Decades of detailed anatomical tracer studies in non-human animals point to a rich and complex organization of long-range white matter connections in the brain. State-of-the art in vivo imaging techniques are striving to achieve a similar level of detail in humans, but multiple technical factors can limit their sensitivity and fidelity. In this review, we mostly focus on magnetic resonance imaging of the brain. We highlight some of the key challenges in analyzing and interpreting in vivo connectomics data, particularly in relation to what is known from classical neuroanatomy in laboratory animals. We further illustrate that, despite the challenges, in vivo imaging methods can be very powerful and provide information on connections that is not available by any other means.",2015.0,Nature Neuroscience,323,10.1038/nn.4134,26505566.0,,Review;JournalArticle,2015-10-27,https://www.semanticscholar.org/paper/3a9d5b26421c2f1d9a20d2c3a918fab609959313,Biology;Medicine,Biology|s2-fos-model;Medicine|s2-fos-model,S. Jbabdi; S. Sotiropoulos; S. Haber; D. C. Essen; T. Behrens,,,1hop_references,True,review_scope,connectom,,,,,,,,3,0,0.0003787229465938,0.9206264932306876,3,1,1.6687569124794426,0.8885054419962836,0,2.6347225909211573,supported,3.0,0.0,2.0,False,False,False,False,True,False,False,False,False,True,0,False,False,False,2,True,graph_supported_adjacent
26da2f0eaf6a66dab66d7b27d174cc0a2e3fd984,Visualization in Connectomics,"Connectomics is a branch of neuroscience that attempts to create a connectome, i.e., a complete map of the neuronal system and all connections between neuronal structures. This representation can be used to understand how functional brain states emerge from their underlying anatomical structures and how dysfunction and neuronal diseases arise. We review the current state-of-the-art of visualization and image processing techniques in the field of connectomics and describe a number of challenges. After a brief summary of the biological background and an overview of relevant imaging modalities, we review current techniques to extract connectivity information from image data at macro-, meso- and microscales. We also discuss data integration and neural network modeling, as well as the visualization, analysis and comparison of brain networks.",2012.0,Scientific Visualization,36,10.1007/978-1-4471-6497-5_21,,1206.1428,JournalArticle;Review,2012-06-07,https://www.semanticscholar.org/paper/26da2f0eaf6a66dab66d7b27d174cc0a2e3fd984,Computer Science;Biology,Computer Science|s2-fos-model;Biology|s2-fos-model,H. Pfister; V. Kaynig; C. Botha; S. Bruckner; V. J. Dercksen; H. Hege; J. Roerdink,,health_translation,1hop_citations;1hop_references,True,review_scope,connectom,,,,visualization,disease,,,1,1,0.0001469492221225,0.759490310591983,2,1,0.9323349960128752,0.4268648792142288,1,2.6163835058844347,supported,2.0,1.0,1.0,False,False,True,False,True,False,False,False,False,True,1,False,False,False,2,True,graph_supported_adjacent
6bb179760f742a8b724e425236988e8d165b3559,"An integrated anatomical, functional and evolutionary view of the Drosophila olfactory system","The Drosophila melanogaster olfactory system is one of the most intensively studied parts of the nervous system in any animal. Composed of ~50 independent olfactory neuron classes, with several associated hygrosensory and thermosensory pathways, it has been subject to diverse types of experimental analyses. However, synthesizing the available information is limited by the incomplete data and inconsistent nomenclature found in the literature. In this work, we first “complete” the peripheral sensory map through the identification of a previously uncharacterized antennal sensory neuron population expressing Or46aB, and the definition of an exceptional “hybrid” olfactory neuron class comprising functional Or and Ir receptors. Second, we survey developmental, anatomical, connectomic, functional, and evolutionary studies to generate an integrated dataset and associated visualizations of these sensory neuron pathways, creating an unprecedented resource. Third, we illustrate the utility of the dataset to reveal relationships between different organizational properties of this sensory system, and the new questions these stimulate. Such examples emphasize the power of this resource to promote further understanding of the construction, function, and evolution of these neural circuits. Identification of a new antennal Or and an unusual hybrid Or/Ir neuron “complete” the olfactory map in Drosophila melanogaster. Numerous features of this species’ olfactory system are synthesised and unified into an integrated data resource with associated practical visualisations. The odorant receptor Or46aB is identified as new (and possibly last missing) receptor in the Drosophila melanogaster antenna, whose neurons project to the sole remaining orphan glomerulus in the antennal lobe. One class of olfactory neurons is shown to express and require Or35a and Ir76a for odour responses, forming the first “hybrid” olfactory sensory neuron population, whose function depends upon members of both Or and Ir families. Updated developmental, anatomical, functional and evolutionary data are compiled into a unified and comprehensive resource for future studies of the Drosophila olfactory system. The odorant receptor Or46aB is identified as new (and possibly last missing) receptor in the Drosophila melanogaster antenna, whose neurons project to the sole remaining orphan glomerulus in the antennal lobe. One class of olfactory neurons is shown to express and require Or35a and Ir76a for odour responses, forming the first “hybrid” olfactory sensory neuron population, whose function depends upon members of both Or and Ir families. Updated developmental, anatomical, functional and evolutionary data are compiled into a unified and comprehensive resource for future studies of the Drosophila olfactory system. Identification of a new antennal Or and an unusual hybrid Or/Ir neuron “complete” the olfactory map in Drosophila melanogaster. Numerous features of this species’ olfactory system are synthesised and unified into an integrated data resource with associated practical visualisations.",2025.0,EMBO Reports,6,10.1038/s44319-025-00476-8,40389758.0,,JournalArticle;Review,2025-05-19,https://www.semanticscholar.org/paper/6bb179760f742a8b724e425236988e8d165b3559,Biology,Biology|s2-fos-model,Richard Benton; Jérôme Mermet; Andre Jang; Keita Endo; Steeve Cruchet; Karen Menuz,,,1hop_citations,True,review_scope,connectom,,,,visualisation;visualization,,,,0,2,0.0001267828160974,0.2904167772763472,2,1,1.3759662619767374,0.7456862224581895,0,2.590655694186355,supported,2.0,2.0,0.0,False,False,False,False,False,False,False,False,False,False,2,False,False,False,2,True,graph_supported_adjacent
01391cdf10296c6fb4545e0f6ed5443b3636cfe1,Using Pareto optimality to explore the topology and dynamics of the human connectome,"Graph theory has provided a key mathematical framework to analyse the architecture of human brain networks. This architecture embodies an inherently complex relationship between connection topology, the spatial arrangement of network elements, and the resulting network cost and functional performance. An exploration of these interacting factors and driving forces may reveal salient network features that are critically important for shaping and constraining the brain's topological organization and its evolvability. Several studies have pointed to an economic balance between network cost and network efficiency with networks organized in an ‘economical’ small-world favouring high communication efficiency at a low wiring cost. In this study, we define and explore a network morphospace in order to characterize different aspects of communication efficiency in human brain networks. Using a multi-objective evolutionary approach that approximates a Pareto-optimal set within the morphospace, we investigate the capacity of anatomical brain networks to evolve towards topologies that exhibit optimal information processing features while preserving network cost. This approach allows us to investigate network topologies that emerge under specific selection pressures, thus providing some insight into the selectional forces that may have shaped the network architecture of existing human brains.",2014.0,Philosophical Transactions of the Royal Society B: Biological Sciences,55,10.1098/rstb.2013.0530,25180308.0,,JournalArticle,2014-10-05,https://www.semanticscholar.org/paper/01391cdf10296c6fb4545e0f6ed5443b3636cfe1,Computer Science,Computer Science|s2-fos-model,Andrea Avena-Koenigsberger; J. Goñi; Richard F. Betzel; M. P. van den heuvel; A. Griffa; P. Hagmann; J. Thiran; O. Sporns,,network_science,1hop_references,True,network_science_scope,connectom,,graph;small-world,,,human brain,training,,3,0,0.0009857728124286,0.9694717281656492,3,1,1.1164316863631727,0.5529599150517653,1,2.586917086983453,supported,3.0,0.0,1.0,False,False,True,True,True,False,False,False,False,True,0,False,False,False,2,True,graph_supported_adjacent
667bcf1e51c9f3d8b435500502eae02b249926cf,Neuronal classification from network connectivity via adjacency spectral embedding,"This work presents a novel strategy for classifying neurons, represented by nodes of a directed graph, based on their circuitry (edge connectivity). We assume a stochastic block model (SBM) where neurons belong together if they connect to neurons of other groups according to the same probability distributions. Following adjacency spectral embedding (ASE) of the SBM graph, we derive the number of classes and assign each neuron to a class with a Gaussian mixture model-based expectation-maximization (EM) clustering algorithm. To improve accuracy, we introduce a simple variation using random hierarchical agglomerative clustering to initialize the EM algorithm and picking the best solution over multiple EM restarts. We test this procedure on a large (n ~ 212 − 215 neurons), sparse, biologically inspired connectome with eight neuron classes. The simulation results demonstrate that the proposed approach is broadly stable to the choice of dimensional embedding and scales extremely well as the number of neurons in the network increases. Clustering accuracy is robust to variations in model parameters and highly tolerant to simulated experimental noise, achieving perfect classifications with up to 40% of swapped edges. Thus, this approach may be useful to analyze and interpret large-scale brain connectomics data in terms of underlying cellular components.",2020.0,bioRxiv,7,10.1162/netn_a_00195,34746623.0,,JournalArticle,2020-06-20,https://www.semanticscholar.org/paper/667bcf1e51c9f3d8b435500502eae02b249926cf,Computer Science,Computer Science|s2-fos-model,Ketan Mehta; R. Goldin; D. Marchette; J. Vogelstein; C. Priebe; G. Ascoli,,network_science,1hop_citations;1hop_references,True,network_science_scope,connectom,,graph,,,,,,1,1,0.0001424541770022,0.7443589062914786,2,1,0.7859550264545141,0.3480222989116007,1,2.5656136625077424,supported,2.0,1.0,1.0,False,False,False,False,True,False,False,False,False,True,1,False,False,False,2,True,graph_supported_adjacent
a75c23304b486f5681626c323ba602545d619ad9,The Human Connectome Project,"(HCP) is a comprehensive effort to map brain connectivity and its variability in over a thousand healthy adult subjects, producing a large amount of currently missing, but absolutely vital, data about the human brain. The 5 year project will yield fundamental information about how individual brain circuitry is related to behavior, environmental and genetic factors. This information will pave the way for future studies that reveal how brain circuitry changes during development and aging and how it differs in neurological and psychiatric disorders. The HCP is pushing the limits of the current state of the art in neuroimaging to determine structural and functional whole brain connectivity. Project highlights include: Customized Skyra 3T and 7T MR scanners will provide rapid, high-resolution functional MRI (fMRI) and diffusion imaging 1200 healthy, adult subjects ages 22-35 will be scanned by multiple imaging modalities: Resting-state fMRI (R-fMRI) Task-evoked fMRI (T-fMRI) Diffusion MRI (dMRI) with tractography analysis Subjects include 300 twin pairs and their siblings, allowing robust analysis of the heritability of brain connectivity and associated behavior traits All 1200 subjects scanned on a single Skyra 3T scanner, beginning in Summer 2012 200 of these subjects will also have R-fMRI, T-fMRI and dMRI imaging on a single 7T scanner Collecting extensive demographic and behavioral data on each subject, as well as blood samples to be used for genotyping in Year 5 of the project T-fMRI protocols will maximize coverage of different areas of the brain Overlap of tasks with those in other large studies will facilitate cross-study comparison Standardized imaging protocols and processing pipelines for maximal comparability MEG/EEG imaging on a subset of 100 subjects, including both resting-state MEG/EEG and task-evoked MEG/EEG, using some of the same tasks and timing as will be used in T-fMRI All HCP-generated methods will made available as they are finalized HCP data will be freely available through quarterly releases of our ConnectomeDB database, beginning Fall 2012 Freely-available Connectome Workbench analysis and visualization platform. Connectome Workbench will provide a variety of unique features in a single software package. Notable features include: View and compare all imaging modalities as surfaces and volumes User-friendly interface (windows, tabs, etc.) Connectivity maps and fMRI time series animations Send your comments and suggestions on the project and its analysis tools to: feedback@humanconnectome.org Mapping structural and functional connections in the human brain",2011.0,,147,10.1167/11.15.8,,,,2011-12-02,https://www.semanticscholar.org/paper/a75c23304b486f5681626c323ba602545d619ad9,Medicine,Medicine|s2-fos-model,,,network_science,1hop_references,True,network_science_scope,connectom,,graph,,database;visualization,disorder;human brain,,diffusion mri;dmri;human connectome project;resting-state,2,0,0.000205805357684,0.86010087602867,1,1,1.249303068441029,0.6554287231218476,1,2.5561233519157596,supported,2.0,0.0,1.0,False,True,True,False,True,False,False,False,False,True,0,False,False,False,2,True,graph_supported_adjacent
ec599f6c2db749766ca8df06435993d451790d15,Optimizing Diffusion Imaging Protocols for Structural Connectomics in Mouse Models of Neurological Conditions,"Network approaches provide sensitive biomarkers for neurological conditions, such as Alzheimer's disease (AD). Mouse models can help advance our understanding of underlying pathologies, by dissecting vulnerable circuits. While the mouse brain contains less white matter compared to the human brain, axonal diameters compare relatively well (e.g., ~0.6 μm in the mouse and ~0.65–1.05 μm in the human corpus callosum). This makes the mouse an attractive test bed for novel diffusion models and imaging protocols. Remaining questions on the accuracy and uncertainty of connectomes have prompted us to evaluate diffusion imaging protocols with various spatial and angular resolutions. We have derived structural connectomes by extracting gradient subsets from a high-spatial, high-angular resolution diffusion acquisition (120 directions, 43-μm-size voxels). We have simulated protocols with 12, 15, 20, 30, 45, 60, 80, 100, and 120 angles and at 43, 86, or 172-μm voxel sizes. The rotational stability of these schemes increased with angular resolution. The minimum condition number was achieved for 120 directions, followed by 60 and 45 directions. The percentage of voxels containing one dyad was exceeded by those with two dyads after 45 directions, and for the highest spatial resolution protocols. For the 86- or 172-μm resolutions, these ratios converged toward 55% for one and 39% for two dyads, respectively, with <7% from voxels with three dyads. Tractography errors, estimated through dyad dispersion, decreased most with angular resolution. Spatial resolution effects became noticeable at 172 μm. Smaller tracts, e.g., the fornix, were affected more than larger ones, e.g., the fimbria. We observed an inflection point for 45 directions, and an asymptotic behavior after 60 directions, corresponding to similar projection density maps. Spatially downsampling to 86 μm, while maintaining the angular resolution, achieved a subgraph similarity of 96% relative to the reference. Using 60 directions with 86- or 172-μm voxels resulted in 94% similarity. Node similarity metrics indicated that major white matter tracts were more robust to downsampling relative to cortical regions. Our study provides guidelines for new protocols in mouse models of neurological conditions, so as to achieve similar connectomes, while increasing efficiency.",2020.0,Frontiers of Physics,18,10.3389/fphy.2020.00088,33928076.0,,JournalArticle,2020-04-01,https://www.semanticscholar.org/paper/ec599f6c2db749766ca8df06435993d451790d15,Medicine;Engineering,Medicine|s2-fos-model;Engineering|s2-fos-model,R. J. Anderson; Christopher Long; E. Calabrese; S. Robertson; G. Johnson; G. Cofer; Richard J. O’Brien; Alexandra Badea,,health_translation;network_science,1hop_references,True,network_science_scope,connectom,,graph,uncertainty,,alzheimer;disease;human brain;patholog,,,2,0,0.0001662834107452,0.8152375895938413,2,1,1.1128933270684704,0.5521635253517387,2,2.554176621537917,supported,2.0,0.0,0.0,False,False,True,False,True,False,False,False,False,True,0,False,False,False,2,True,graph_supported_adjacent
5518212174acd6fd197ec30d0ca2a3b59e87d8d3,Three-dimensional simulation of the Caenorhabditis elegans body and muscle cells in liquid and gel environments for behavioural analysis,"To better understand how a nervous system controls the movements of an organism, we have created a three-dimensional computational biomechanical model of the Caenorhabditis elegans body based on real anatomical structure. The body model is created with a particle system–based simulation engine known as Sibernetic, which implements the smoothed particle–hydrodynamics algorithm. The model includes an elastic body-wall cuticle subject to hydrostatic pressure. This cuticle is then driven by body-wall muscle cells that contract and relax, whose positions and shape are mapped from C. elegans anatomy, and determined from light microscopy and electron micrograph data. We show that by using different muscle activation patterns, this model is capable of producing C. elegans-like behaviours, including crawling and swimming locomotion in environments with different viscosities, while fitting multiple additional known biomechanical properties of the animal. This article is part of a discussion meeting issue ‘Connectome to behaviour: modelling C. elegans at cellular resolution’.",2018.0,Philosophical Transactions of the Royal Society B: Biological Sciences,23,10.1098/rstb.2017.0376,30201840.0,,JournalArticle,2018-09-10,https://www.semanticscholar.org/paper/5518212174acd6fd197ec30d0ca2a3b59e87d8d3,Biology;Computer Science,Biology|s2-fos-model;Computer Science|s2-fos-model,A. Palyanov; S. Khayrulin; S. Larson,,network_science,1hop_references,True,network_science_scope,connectom,,graph,,,,,,3,0,0.0007190241763914,0.9554021767985134,3,1,1.0593512767826485,0.5080966286169366,1,2.5539332802406864,supported,3.0,0.0,1.0,False,False,False,False,True,False,False,False,False,True,0,False,False,False,2,True,graph_supported_adjacent
93b06946ee7b7c77ecbdfbcc79a9b5ae06a5d928,Clues to basis of exploratory behaviour of the C. elegans snout from head somatotropy,"Wave propagation during locomotory movements of Caenorhabditis elegans is constrained to a single dorso/ventral plane. By contrast, the tip of the head (snout) can make rapid exploratory movements in all directions relative to the body axis. These extra degrees of freedom are probably important for animals to seek and identify desirable passages in the interstices of the three-dimensional matrix of soil particles, their usual habitat. The differences in degrees of freedom of movement between snout and body are reflected in the innervation of the musculature. Along the length of the body, the two quadrants of dorsal muscle receive common innervation as do the two quadrants of ventral muscle. By contrast, muscles in the snout have an octagonal arrangement of innervation. It is likely that the exploratory behaviour of the snout is mediated by octant-specific motor and sensory neurons, together with their associated interneurons. The well-defined anatomical structure and neural circuitry of the snout together with behavioural observations should facilitate the implementation of models of the neural basis of exploratory movements, which could lead to an understanding of the basis of this relatively complex behaviour, a behaviour that has similarities to foraging in some vertebrates. This article is part of a discussion meeting issue ‘Connectome to behaviour: modelling C. elegans at cellular resolution’.",2018.0,Philosophical Transactions of the Royal Society B: Biological Sciences,20,10.1098/rstb.2017.0367,30201833.0,,Review;JournalArticle,2018-09-10,https://www.semanticscholar.org/paper/93b06946ee7b7c77ecbdfbcc79a9b5ae06a5d928,Biology,Biology|s2-fos-model,J. White,,,1hop_citations;1hop_references,True,review_scope,connectom,,,,,,,,1,2,0.0001418147435928,0.7369259357578976,3,1,1.0148408125744743,0.4799575258826652,0,2.542673214759756,supported,3.0,2.0,1.0,False,False,False,False,True,False,False,False,False,True,1,False,False,False,2,True,graph_supported_adjacent
a7278aa8ab7d0d79bc1312981d48dd43ef3b7aac,Connectome Networks: From Cells to Systems,"Nervous systems are networks of neurons and brain regions that are structurally interconnected and dynamically linked in complex patterns. As mapping and recording techniques become increasingly capable of capturing neural structure and activity across widely distributed circuits and systems, there is a growing need for new analysis tools and modeling approaches to make sense of these rich “big data” sets. Modern network science offers a way forward. Both structural and functional brain data sets can be rendered in the form of complex networks and thus become amenable for network modeling and analysis, which can be carried out across scales, from the micro-scale of individual neurons to the macro-scale of whole-brain recordings. In this article, I sketch an overview of structural and functional brain network studies ranging from cells to systems. My emphasis will be on common themes in mapping network attributes across scales. In addition to highlighting important advances, I will outline some major challenges that need to be overcome to achieve a more complete understanding of connectome networks.",2016.0,,28,10.1007/978-3-319-27777-6_8,,,Review,,https://www.semanticscholar.org/paper/a7278aa8ab7d0d79bc1312981d48dd43ef3b7aac,Computer Science;Biology,Computer Science|s2-fos-model;Biology|s2-fos-model,O. Sporns,,,1hop_citations;1hop_references,True,review_scope,connectom,,,,distributed,,,,1,3,0.0001387526932634,0.727369259357579,4,1,1.0152778932903184,0.4812848420493761,0,2.5361693655428725,supported,4.0,3.0,0.0,False,False,False,False,True,False,False,False,False,True,1,False,False,False,2,True,graph_supported_adjacent
9517eeb2a69808ecd8022b1cf789335dad2d1f6f,Statistical Connectomics,"The data science of networks is a rapidly developing field with myriad applications. In neuroscience, the brain is commonly modeled as a connectome, a network of nodes connected by edges. While there have been thousands of papers on connectomics, the statistics of networks remains limited and poorly understood. Here, we provide an overview from the perspective of statistical network science of the kinds of models, assumptions, problems, and applications that are theoretically and empirically justified for analysis of connectome data. We hope this review spurs further development and application of statistically grounded methods in connectomics.",2020.0,Annual Review of Statistics and Its Application,41,10.1016/b978-0-12-407908-3.00011-x,,,Review,2020-08-12,https://www.semanticscholar.org/paper/9517eeb2a69808ecd8022b1cf789335dad2d1f6f,Computer Science;Biology;Mathematics,Computer Science|s2-fos-model;Biology|s2-fos-model;Mathematics|s2-fos-model,Jaewon Chung; Eric W. Bridgeford; Jesús Arroyo; B. Pedigo; Ali Saad-Eldin; Vivek Gopalakrishnan; Liang Xiang; Carey E. Priebe; J. Vogelstein,,,1hop_references,True,review_scope,connectom,,,,,,,,2,0,0.0001963630104878,0.8542606848951421,2,1,1.4127063275570728,0.7685160605256172,0,2.5249535439341653,supported,2.0,0.0,2.0,False,False,False,False,True,False,False,False,False,True,0,False,False,False,2,True,graph_supported_adjacent
ba07110da78750d7e39280d95f60253d96283aba,The Human Connectome Project: A Retrospective,"The Human Connectome Project (HCP) was launched in 2010 as an ambitious effort to accelerate advances in human neuroimaging, particularly for measures of brain connectivity; apply these advances to study a large number of healthy young adults; and freely share the data and tools with the scientific community. NIH awarded grants to two consortia; this retrospective focuses on the “WU-Minn-Ox” HCP consortium centered at Washington University, the University of Minnesota, and University of Oxford. In just over 6 years, the WU-Minn-Ox consortium succeeded in its core objectives by: 1) improving MR scanner hardware, pulse sequence design, and image reconstruction methods, 2) acquiring and analyzing multimodal MRI and MEG data of unprecedented quality together with behavioral measures from more than 1100 HCP participants, and 3) freely sharing the data (via the ConnectomeDB database) and associated analysis and visualization tools. To date, more than 27 Petabytes of data have been shared, and 1508 papers acknowledging HCP data use have been published. The “HCP-style” neuroimaging paradigm has emerged as a set of best-practice strategies for optimizing data acquisition and analysis. This article reviews the history of the HCP, including comments on key events and decisions associated with major project components. We discuss several scientific advances using HCP data, including improved cortical parcellations, analyses of connectivity based on functional and diffusion MRI, and analyses of brain-behavior relationships. We also touch upon our efforts to develop and share a variety of associated data processing and analysis tools along with detailed documentation, tutorials, and an educational course to train the next generation of neuroimagers. We conclude with a look forward at opportunities and challenges facing the human neuroimaging field from the perspective of the HCP consortium.",2021.0,NeuroImage,297,10.1016/j.neuroimage.2021.118543,34508893.0,,JournalArticle;Review,2021-09-08,https://www.semanticscholar.org/paper/ba07110da78750d7e39280d95f60253d96283aba,Medicine,Medicine|s2-fos-model,J. Elam; M. Glasser; M. P. Harms; S. Sotiropoulos; Jesper L. R. Andersson; G. C. Burgess; Sandra W. Curtiss; R. Oostenveld; L. Larson-Prior; J. Schoffelen; M. Hodge; Eileen Cler; Dan Marcus; D. Barch; E. Yacoub; Stephen M. Smith; K. Uğurbil; D. C. Essen,,,1hop_citations;1hop_references,True,review_scope,connectom,,community,,database;visualization,,course;education;educational,diffusion mri;human connectome project,1,1,0.0001340892244553,0.6994956198566499,2,1,2.3258286764786407,0.988319617732944,0,2.518781523758959,supported,2.0,1.0,1.0,False,True,False,True,True,False,False,False,False,True,1,False,False,False,2,True,graph_supported_adjacent
ecfc9b0a60343603736cabae2088a754fc221d9b,Beyond the wiring diagram: signalling through complex neuromodulator networks,,2010.0,Philosophical Transactions of the Royal Society B: Biological Sciences,120,10.1098/rstb.2010.0105,20603357.0,,Review;JournalArticle,2010-08-12,https://www.semanticscholar.org/paper/ecfc9b0a60343603736cabae2088a754fc221d9b,Biology,Biology|s2-fos-model,V. Brezina,,,1hop_references,True,review_scope,wiring diagram,,,,,,,,2,0,0.0004017837481125,0.9259357578975312,2,1,1.163150057519642,0.5935757897531192,0,2.491239713299708,supported,2.0,0.0,2.0,False,False,False,False,False,True,False,False,False,True,0,False,False,False,2,True,graph_supported_adjacent
c523aca3cba31771bebe6e5d84bd19c70c7dee4f,"Multivariate investigation of aging in mouse models expressing the Alzheimer’s protective APOE2 allele: integrating cognitive metrics, brain imaging, and blood transcriptomics","APOE allelic variation is critical in brain aging and Alzheimer’s disease (AD). The APOE2 allele associated with cognitive resilience and neuroprotection against AD remains understudied. We employed a multipronged approach to characterize the transition from middle to old age in mice with APOE2 allele, using behavioral assessments, image-derived morphometry and diffusion metrics, structural connectomics, and blood transcriptomics. We used sparse multiple canonical correlation analyses (SMCCA) for integrative modeling, and graph neural network predictions. Our results revealed brain sub-networks associated with biological traits, cognitive markers, and gene expression. The cingulate cortex emerged as a critical region, demonstrating age-associated atrophy and diffusion changes, with higher fractional anisotropy in males and middle-aged subjects. Somatosensory and olfactory regions were consistently highlighted, indicating age-related atrophy and sex differences. The hippocampus exhibited significant volumetric changes with age, with differences between males and females in CA3 and CA1 regions. SMCCA underscored changes in the cingulate cortex, somatosensory cortex, olfactory regions, and hippocampus in relation to cognition and blood-based gene expression. Our integrative modeling in aging APOE2 carriers revealed a central role for changes in gene pathways involved in localization and the negative regulation of cellular processes. Our results support an important role of the immune system and response to stress. This integrative approach offers novel insights into the complex interplay among brain connectivity, aging, and sex. Our study provides a foundation for understanding the impact of APOE2 allele on brain aging, the potential for detecting associated changes in blood markers, and revealing novel therapeutic intervention targets.",2023.0,Brain Structure and Function,5,10.1007/s00429-023-02731-x,38091051.0,,JournalArticle,2023-12-13,https://www.semanticscholar.org/paper/c523aca3cba31771bebe6e5d84bd19c70c7dee4f,Medicine;Biology,Medicine|s2-fos-model;Biology|s2-fos-model,Hae Sol Moon; A. Mahzarnia; Jacques A Stout; Robert J Anderson; Madison Strain; Jessica T. Tremblay; Zay Yar Han; Andrei Niculescu; Anna MacFarlane; Jasmine King; A. Ashley-Koch; Darin Clark; Michael W. Lutz; Alexandra Badea,,health_translation;network_science,1hop_citations;1hop_references,True,network_science_scope,connectom,,graph,,,alzheimer;disease,,,2,1,0.0001662834107452,0.8149721263604991,2,1,0.8958797346140275,0.4040350411468011,2,2.4799132820104415,supported,3.0,0.0,0.0,False,False,True,False,True,False,False,False,False,True,0,False,False,False,2,True,graph_supported_adjacent
3fe52aa24ee5d414564ef5d63531b07d796d040e,Mapping Connectomic Structure to Function(s) in Cerebellar-like Networks using Kernel Regression,"Cerebellar-like networks, in which input activity patterns are separated by projection to a much higher-dimensional space before classification, are a recurring neurobiological motif, present in the cerebellum, dentate gyrus, insect olfactory system, and electrosensory system of the electric fish. Their relatively well-understood design presents a promising test-case for probing principles of biological learning. The circuits'expansive projections have long been modelled as random, enabling effective general purpose pattern separation. However, electron-microscopy studies have discovered interesting hints of structure in both the fly mushroom body and mouse cerebellum. Recent numerical work suggested that this non-random connectivity enables the circuit to prioritise learning of some, presumably natural, tasks over others. Here, rather than numerical results, we present a robust mathematical link between the observed connectivity patterns and the cerebellar circuit's learning ability. In particular, we extend a simplified kernel regression model of the system and use recent machine learning theory results to relate connectivity to learning. We find that the reported structure in the projection weights shapes the network's inductive bias in intuitive ways: functions are easier to learn if they depend on inputs that are oversampled, or on collections of neurons that tend to connect to the same hidden layer neurons. Our approach is analytically tractable and pleasingly simple, and we hope it continues to serve as a model for understanding the functional implications of other processing motifs in cerebellar-like networks.",2026.0,,0,,,2601.0932,,2026-01-14,https://www.semanticscholar.org/paper/3fe52aa24ee5d414564ef5d63531b07d796d040e,Biology;Computer Science,Biology|s2-fos-model;Computer Science|s2-fos-model,William Dorrell; Peter E. Latham,,network_science,1hop_citations,True,network_science_scope,connectom,,motif,,,,,,0,2,0.0001267828160974,0.1706928590390231,2,1,0.0,0.0368993894345633,1,2.4798026723298823,supported,2.0,2.0,0.0,False,False,False,False,False,False,False,False,False,False,2,False,False,False,2,True,graph_supported_adjacent
2238bb9aa60d0834faaa86b7c661dcd6aa23cd6d,Further Insight into the Brain's Rich-Club Architecture,"The pioneering field of connectomics has the ambitious aim of mapping and understanding the connections of the brain. Brain connectivity can be analyzed at several spatial resolutions: macroscopic (whole-brain), mesoscopic (neuronal populations), and microscopic (single-neuron) scales ([Bullmore and",2016.0,Journal of Neuroscience,10,10.1523/jneurosci.0754-16.2016,27225757.0,,Review;JournalArticle,2016-05-25,https://www.semanticscholar.org/paper/2238bb9aa60d0834faaa86b7c661dcd6aa23cd6d,Biology,Biology|s2-fos-model,M. Pedersen; Amir H. Omidvarnia,,,1hop_citations;1hop_references,True,review_scope,connectom,,,,,,,,1,2,0.000142172658168,0.7387841783912928,3,1,0.7229926278581,0.319352269710645,0,2.4637642686487924,supported,3.0,2.0,1.0,False,False,False,False,True,False,False,False,False,True,1,False,False,False,2,True,graph_supported_adjacent
b5e49bc0dbec17640c23d4ff9b0b2d768fb204c2,Cellular and circuit mechanisms of olfactory associative learning in Drosophila,"Abstract Recent years have witnessed significant progress in understanding how memories are encoded, from the molecular to the cellular and the circuit/systems levels. With a good compromise between brain complexity and behavioral sophistication, the fruit fly Drosophila melanogaster is one of the preeminent animal models of learning and memory. Here we review how memories are encoded in Drosophila, with a focus on short-term memory and an eye toward future directions. Forward genetic screens have revealed a large number of genes and transcripts necessary for learning and memory, some acting cell-autonomously. Further, the relative numerical simplicity of the fly brain has enabled the reverse engineering of learning circuits with remarkable precision, in some cases ascribing behavioral phenotypes to single neurons. Functional imaging and physiological studies have localized and parsed the plasticity that occurs during learning at some of the major loci. Connectomics projects are significantly expanding anatomical knowledge of the nervous system, filling out the roadmap for ongoing functional/physiological and behavioral studies, which are being accelerated by simultaneous tool development. These developments have provided unprecedented insight into the fundamental neural principles of learning, and lay the groundwork for deep understanding in the near future.",2020.0,Journal of neurogenetics,43,10.1080/01677063.2020.1715971,32043414.0,,JournalArticle;Review,2020-01-02,https://www.semanticscholar.org/paper/b5e49bc0dbec17640c23d4ff9b0b2d768fb204c2,Biology,Biology|s2-fos-model,Tamara Boto; Aaron Stahl; Seth M. Tomchik,,,1hop_citations;1hop_references,True,review_scope,connectom,,,,,,,,1,1,0.0001387526932634,0.7279001858242633,2,1,1.430289240750896,0.7801964427926732,0,2.436023360764534,supported,2.0,1.0,1.0,False,False,False,False,True,False,False,False,False,True,1,False,False,False,2,True,graph_supported_adjacent
c8812e9136cba9ff05045d5d65844af68e7ceddb,Functional connectomics from resting-state fMRI,"Spontaneous fluctuations in activity in different parts of the brain can be used to study functional brain networks. We review the use of resting-state functional MRI for the purpose of mapping the macroscopic functional connectome. After describing MRI acquisition and image processing methods commonly used to generate data in a form amenable to connectomics network analysis, we discuss different approaches for estimating network structure from that data. Finally, we describe new possibilities resulting from the high-quality rfMRI data being generated by the Human Connectome Project, and highlight some upcoming challenges in functional connectomics.",2013.0,Trends in Cognitive Sciences,990,10.1016/j.tics.2013.09.016,24238796.0,,Review;JournalArticle,2013-11-12,https://www.semanticscholar.org/paper/c8812e9136cba9ff05045d5d65844af68e7ceddb,Medicine,Medicine|s2-fos-model,Stephen M. Smith; D. Vidaurre; C. Beckmann; M. Glasser; M. Jenkinson; K. Miller; Thomas E. Nichols; E. Robinson; G. Salimi-Khorshidi; M. Woolrich; D. Barch; K. Uğurbil; D. C. Essen,,,1hop_references,True,review_scope,connectom,,network analysis,,,,,functional connectome;human connectome project;resting-state,3,0,0.0005366283244758,0.9455800371648526,3,1,1.8437590140443252,0.9365542872312184,0,2.427462171489249,supported,3.0,0.0,1.0,False,True,False,False,True,False,False,False,False,True,0,False,False,False,2,True,graph_supported_adjacent
8f82a53ccc1dc5a8bdb6b88213039fc7da72ea7a,The Budapest Reference Connectome Server v2.0.,"The connectomes of different human brains are pairwise distinct: we cannot talk about an abstract ""graph of the brain"". Two typical connectomes, however, have quite a few common graph edges that may describe the same connections between the same cortical areas. The Budapest Reference Connectome Server v2.0 generates the common edges of the connectomes of 96 distinct cortexes, each with 1015 vertices, computed from 96 MRI data sets of the Human Connectome Project. The user may set numerous parameters for the identification and filtering of common edges, and the graphs are downloadable in both csv and GraphML formats; both formats carry the anatomical annotations of the vertices, generated by the FreeSurfer program. The resulting consensus graph is also automatically visualized in a 3D rotating brain model on the website. The consensus graphs, generated with various parameter settings, can be used as reference connectomes based on different, independent MRI images, therefore they may serve as reduced-error, low-noise, robust graph representations of the human brain. The webserver is available at http://connectome.pitgroup.org.",2014.0,Neuroscience Letters,47,10.1016/j.neulet.2015.03.071,25862487.0,1412.3151,JournalArticle,2014-12-09,https://www.semanticscholar.org/paper/8f82a53ccc1dc5a8bdb6b88213039fc7da72ea7a,Computer Science,Computer Science|s2-fos-model,B. Szalkai; Csaba Kerepesi; Bálint Varga; V. Grolmusz,,network_science,1hop_citations,True,network_science_scope,connectom,,graph,annotation,annotation,human brain,,human connectome project,0,2,0.0001267828160974,0.3865144677462171,2,1,1.0736779801889562,0.5176533050172551,1,2.3820458366516237,supported,2.0,2.0,0.0,False,True,True,False,True,False,False,False,False,True,2,False,False,False,2,True,graph_supported_adjacent
51edaf7de5ed65fe9b2df56ac0cb6916b0237464,The Retrosplenial Cortex: Intrinsic Connectivity and Connections with the (Para)Hippocampal Region in the Rat. An Interactive Connectome,"A connectome is an indispensable tool for brain researchers, since it quickly provides comprehensive knowledge of the brain's anatomical connections. Such knowledge lies at the basis of understanding network functions. Our first comprehensive and interactive account of brain connections comprised the rat hippocampal–parahippocampal network. We have now added all anatomical connections with the retrosplenial cortex (RSC) as well as the intrinsic connections of this region, because of the interesting functional overlap between these brain regions. The RSC is involved in a variety of cognitive tasks including memory, navigation, and prospective thinking, yet the exact role of the RSC and the functional differences between its subdivisions remain elusive. The connectome presented here may help to define this role by providing an unprecedented interactive and searchable overview of all connections within and between the rat RSC, parahippocampal region and hippocampal formation.",2011.0,Front. Neuroinform.,226,10.3389/fninf.2011.00007,21847380.0,,JournalArticle;Review,2011-05-02,https://www.semanticscholar.org/paper/51edaf7de5ed65fe9b2df56ac0cb6916b0237464,Biology,Biology|s2-fos-model,Jørgen Sugar; M. Witter; N. V. Strien; Natalie L. M. Cappaert,,,1hop_references,True,review_scope,connectom,,,,,,,,3,0,0.0009126715761271,0.9668170958322272,3,1,1.3562375043703507,0.7321475975577383,0,2.3411866206530396,supported,3.0,0.0,1.0,False,False,False,False,True,False,False,False,False,True,0,False,False,False,2,True,graph_supported_adjacent
10cd7525824b08d523ed2d81bd434b623473a748,Computational Methods and Challenges for Large-Scale Circuit Mapping,"Summary The connectivity architecture of neuronal circuits is essential to understand how brains work, yet our knowledge about the neuronal wiring diagrams remains limited and partial. Technical breakthroughs in labeling and imaging methods starting more than a century ago have advanced knowledge in the field. However, the volume of data associated with imaging a whole brain or a significant fraction thereof, with electron or light microscopy, has only recently become amenable to digital storage and analysis. A mouse brain imaged at light microscopic resolution is about a terabyte of data, and 1 mm3 of the brain at EM resolution is about half a petabyte. This has given rise to a new field of research, computational analysis of large scale neuroanatomical data sets, with goals that include reconstructions of the morphology of individual neurons as well as entire circuits. The problems encountered include large data management, segmentation and 3D reconstruction, computational geometry and workflow management allowing for hybrid approaches combining manual and algorithmic processing. Here we review this growing field of neuronal data analysis with emphasis on reconstructing neurons from EM data cubes.",2012.0,Current Opinion in Neurobiology,76,10.1016/j.conb.2011.11.010,22221862.0,,Review;JournalArticle,2012-01-03,https://www.semanticscholar.org/paper/10cd7525824b08d523ed2d81bd434b623473a748,Computer Science,Computer Science|s2-fos-model,M. Helmstaedter; P. Mitra,,,1hop_citations;1hop_references,True,review_scope,wiring diagram,,,,storage,,,,1,1,0.0001426360817733,0.744889832758163,2,1,1.12156573720032,0.5542872312184762,0,2.33581099017786,supported,2.0,1.0,1.0,False,False,False,False,False,False,False,False,False,False,1,False,False,False,2,True,graph_supported_adjacent
088d1b4ef2aad6496ef33aad185347dfe13ab497,The OpenWorm Project: currently available resources and future plans,"The nematode C. elegans is historically one of the most studied model organism in biology and the only one to have its full connectome mapped. OpenWorm [1] is a project dedicated to recreating the C. elegans nematode as a virtual organism in a computer. The project takes an Open Science approach to development, relying on volunteer contributions and making all code, data and documentation publicly available at the time of production. The OpenWorm project has two long term goals. The first is to functionally reproduce the behaviour of the wild-type C. elegans in a variety of environmental contexts, to the extent that the simulated behaviour is statistically indistinguishable from recordings of real worms under analogous environmental conditions. OpenWorm's second goal is for the simulation to be a faithful biological model for C. elegans. The achievement of these ambitious goals will hopefully make OpenWorm a valuable software tool in C. elegans labs worldwide. Scientists could make perturbations in-silico before beginning the expensive and time-consuming work of conducting in-vivo experiments. Conversely, having many scientist users will engender a feedback process that will make development more data-driven, helping to improve the biological realism of the OpenWorm model in the first place. 
 
The medium term aim of the project is to create infrastructure to enable these longer term goals and tackle smaller but significant challenges in whole organism modelling along the way. The first concrete milestone the project has set for itself is an accurate simulation of the mechanical activity of the worm including the motor system, with accurate electrophysiology of the C. elegans muscle cells [2] to reproduce the crawling gait. This model will be validated by comparing crawling behaviour from experimental data. We aim to make this model accessible through a web browser so that scientists and even interested members of the public can explore and experiment with the model in 3D. 
 
A number of activities are ongoing towards achieving this milestone: Sibernetic: a Smoothed Particle Hydrodynamics based simulation engine to simulate the environment and the body of the worm, with the ability to simulate fluids of variable viscosities and contractible elastic matter with impermeable membranes; Geppetto: a web based visualization and simulation engine being developed to bring the output of the OpenWorm project to the web for maximum accessibility, without the need for local installation of the software required to run simulations of the model; c302: a framework based on NeuroML for generating network models of C. elegans incorporating known anatomical data which can models for the neurons of varying levels of detail (point neurons to multicompartmental); PyOpenWorm, a Python based API for accessing the latest anatomical and physiological data on C. elegans, facilitating its use in computational models, with data provenance built in from the start; Movement Validation Framework: a suite of tools for analyzing worm behaviour allowing extraction from videos (or from simulated activity) of known motifs of worm movement. 
 
All of the above applications are open source and can be reused for modelling other species/brain regions. More details can be found on http://www.openworm.org and https://github.com/openworm.",2015.0,BMC Neuroscience,6,10.1186/1471-2202-16-s1-p141,,,,2015-12-18,https://www.semanticscholar.org/paper/088d1b4ef2aad6496ef33aad185347dfe13ab497,Biology;Computer Science,Biology|s2-fos-model;Computer Science|s2-fos-model,P. Gleeson; Matteo Cantarelli; M. Currie; J. Hokanson; Giovanni Idili; S. Khayrulin; A. Palyanov; B. Szigeti; S. Larson,,network_science,1hop_references,True,network_science_scope,connectom,,motif,,visualization,,,,2,0,0.000154142535334,0.7825856118927529,2,1,0.561735874187955,0.2553756304751792,1,2.2979603574904877,supported,2.0,0.0,1.0,False,False,False,False,True,False,False,False,False,True,0,False,False,False,2,True,graph_supported_adjacent
6edc8ad558a5a29f11b15a7bf19c1b2bb9324032,Mapping the structural connectivity between the periaqueductal gray and the cerebellum in humans,"The periaqueductal gray is a mesencephalic structure involved in modulation of responses to stressful stimuli. Structural connections between the periaqueductal gray and the cerebellum have been described in animals and in a few diffusion tensor imaging studies. Nevertheless, these periaqueductal gray–cerebellum connectivity patterns have yet to be fully investigated in humans. The objective of this study was to qualitatively and quantitatively characterize such pathways using high-resolution, multi-shell data of 100 healthy subjects from the open-access Human Connectome Project repository combined with constrained spherical deconvolution probabilistic tractography. Our analysis revealed robust connectivity density profiles between the periaqueductal gray and cerebellar nuclei, especially with the fastigial nucleus, followed by the interposed and dentate nuclei. High-connectivity densities have been observed between vermal (Vermis IX, Vermis VIIIa, Vermis VIIIb, Vermis VI, Vermis X) and hemispheric cerebellar regions (Lobule IX). Our in vivo study provides for the first time insights on the organization of periaqueductal gray–cerebellar pathways thus opening new perspectives on cognitive, visceral and motor responses to threatening stimuli in humans.",2019.0,Brain Structure and Function,34,10.1007/s00429-019-01893-x,31165919.0,,JournalArticle,2019-06-05,https://www.semanticscholar.org/paper/6edc8ad558a5a29f11b15a7bf19c1b2bb9324032,Biology,Biology|s2-fos-model,A. Cacciola; Salvatore Bertino; G. Basile; D. Di Mauro; A. Calamuneri; G. Chillemi; Antonio Duca; D. Bruschetta; P. Flace; A. Favaloro; R. Calabró; G. Anastasi; D. Milardi,,network_science,1hop_references,True,network_science_scope,connectom,,graph,,,,,human connectome project,2,0,0.0001662834107452,0.8147066631271569,2,1,1.2570053618788053,0.6578178922219272,1,2.2732722767896645,supported,2.0,0.0,0.0,False,True,False,False,True,False,False,False,False,True,0,False,False,False,2,True,graph_supported_adjacent
cd9e7e7e29e4c953d4ee363dd359096c17368292,"Schizophrenia, neuroimaging and connectomics",,2012.0,NeuroImage,720,10.1016/j.neuroimage.2011.12.090,22387165.0,,Review;JournalArticle,2012-10-01,https://www.semanticscholar.org/paper/cd9e7e7e29e4c953d4ee363dd359096c17368292,Medicine;Psychology,Medicine|s2-fos-model;Psychology|s2-fos-model,A. Fornito; A. Zalesky; C. Pantelis; E. Bullmore,,,1hop_references,True,review_scope,connectom,,,,,schizophren,,,4,0,0.0003412274747037,0.91239713299708,2,1,1.69911371907369,0.8980621183966021,0,2.133328908946111,supported,4.0,0.0,0.0,False,False,True,False,True,False,False,False,False,True,0,False,False,False,2,True,graph_supported_adjacent
b9b85cfb4d082cd551169e309309efd20df5e8a4,Connectomics: comprehensive approaches for whole-brain mapping.,,2015.0,Microscopy,26,10.1093/jmicro/dfu103,25527636.0,,Review;JournalArticle,2015-02-01,https://www.semanticscholar.org/paper/b9b85cfb4d082cd551169e309309efd20df5e8a4,Biology;Medicine,Biology|s2-fos-model;Medicine|s2-fos-model,S. Shibata; Yuji Komaki; Fumiko Seki; Michiko O Inouye; T. Nagai; H. Okano,,,1hop_references,True,review_scope,connectom,,,,,,,,2,0,0.0002187176021243,0.8675338465622511,2,1,0.951426150896346,0.4350942394478365,0,2.1181975046456065,supported,2.0,0.0,1.0,False,False,False,False,True,False,False,False,False,True,0,False,False,False,2,True,graph_supported_adjacent
55417ea586e3d1c2c27a1bc1c306cf8ede0ee75d,A Proposed Human Structural Brain Connectivity Matrix in the Center for Morphometric Analysis Harvard-Oxford Atlas Framework: A Historical Perspective and Future Direction for Enhancing the Precision of Human Structural Connectivity with a Novel Neuroanatomical Typology,"A complete structural definition of the human nervous system must include delineation of its wiring diagram (e.g., Swanson LW. Brain architecture: understanding the basic plan, 2012). The complete formulation of the human brain circuit diagram (BCD [Front Neuroanat. 2020;14:18]) has been hampered by an inability to determine connections in their entirety (i.e., not only pathway stems but also origins and terminations). From a structural point of view, a neuroanatomic formulation of the BCD should include the origins and terminations of each fiber tract as well as the topographic course of the fiber tract in three dimensions. Classic neuroanatomical studies have provided trajectory information for pathway stems and their speculative origins and terminations [Dejerine J and Dejerine-Klumpke A. Anatomie des Centres Nerveux, 1901; Dejerine J and Dejerine-Klumpke A. Anatomie des Centres Nerveux: Méthodes générales d’étude-embryologie-histogénèse et histologie. Anatomie du cerveau, 1895; Ludwig E and Klingler J. Atlas cerebri humani, 1956; Makris N. Delineation of human association fiber pathways using histologic and magnetic resonance methodologies; 1999; Neuroimage. 1999 Jan;9(1):18–45]. We have summarized these studies previously [Neuroimage. 1999 Jan;9(1):18–45] and present them here in a macroscale-level human cerebral structural connectivity matrix. A matrix in the present context is an organizational construct that embodies anatomical knowledge about cortical areas and their connections. This is represented in relation to parcellation units according to the Harvard-Oxford Atlas neuroanatomical framework established by the Center for Morphometric Analysis at Massachusetts General Hospital in the early 2000s, which is based on the MRI volumetrics paradigm of Dr. Verne Caviness and colleagues [Brain Dev. 1999 Jul;21(5):289–95]. This is a classic connectional matrix based mainly on data predating the advent of DTI tractography, which we refer to as the “pre-DTI era” human structural connectivity matrix. In addition, we present representative examples that incorporate validated structural connectivity information from nonhuman primates and more recent information on human structural connectivity emerging from DTI tractography studies. We refer to this as the “DTI era” human structural connectivity matrix. This newer matrix represents a work in progress and is necessarily incomplete due to the lack of validated human connectivity findings on origins and terminations as well as pathway stems. Importantly, we use a neuroanatomical typology to characterize different types of connections in the human brain, which is critical for organizing the matrices and the prospective database. Although substantial in detail, the present matrices may be assumed to be only partially complete because the sources of data relating to human fiber system organization are limited largely to inferences from gross dissections of anatomic specimens or extrapolations of pathway tracing information from nonhuman primate experiments [Front Neuroanat. 2020;14:18, Front Neuroanat. 2022;16:1035420, and Brain Imaging Behav. 2021;15(3):1589–1621]. These matrices, which embody a systematic description of cerebral connectivity, can be used in cognitive and clinical studies in neuroscience and, importantly, to guide research efforts for further elucidating, validating, and completing the human BCD [Front Neuroanat. 2020;14:18].",2023.0,Developmental Neuroscience,11,10.1159/000530358,36977393.0,,JournalArticle,2023-03-28,https://www.semanticscholar.org/paper/55417ea586e3d1c2c27a1bc1c306cf8ede0ee75d,Medicine,Medicine|s2-fos-model,N. Makris; R. Rushmore; J. Kaiser; Matthew D. Albaugh; M. Kubicki; Yogesh Rathi; Fan Zhang; L. O’Donnell; E. Yeterian; V. Caviness; D. Kennedy,,network_science,1hop_citations,True,network_science_scope,wiring diagram,,graph,,database,clinical;human brain,course,dti,0,2,0.0001267828160974,0.2306875497743562,2,1,1.2424533248940002,0.6450756570215025,1,2.0788868241748517,supported,2.0,1.0,0.0,False,True,True,True,False,True,False,False,False,True,2,False,False,False,2,True,graph_supported_adjacent
3691816c22cac2b0fd5ea69f6ac710c511dccccf,"Data Mining in Genomics, Metagenomics and Connectomics","We have developed AmphoraNet, an easy-to-use webserver that is capable of assigning a probability-weighted taxonomic group for each phylogenetic marker gene found in the input metagenomic sample; the webserver is based on the AMPHORA2 workﬂow. Then we have developed a visual analysis tool that is capable of demonstrating the quantitative relations gained from the 
output of the AMPHORA2 program or the AmphoraNet webserver and then we have evaluated three metagenomic analysis software for their capabilities of assigning quantitative phylogenetic information for the data. 
On the area of Giant Viruses we have developed a software, called “Giant Virus Finder” that is capable to discover the very likely presence of the genomes of giant viruses in metagenomic datasets. The software is applied to numerous hot and cold desert soil samples as well as some tundra- and forest soils and the soil samples of the Kutch desert. 
During investigating the genotype of deposited fully sequenced bacterial and archaeal genomes we have surprisingly found that a wide number of bacterial and archaeal species lack the dUTPase gene. 
We have developed the Budapest Reference Connectome Server which generates the common edges of the connectomes of distinct cortexes, each with 1015 vertices, computed from MRI data sets of the Human Connectome Project. After the server had been published, we recognized a surprising property of the server. Decreasing the minimum edge conﬁdence from the 
maximal value, more and more edges appear in the consensus graph. The observation is that the appearance of the new edges similar to a growing tree. We have also discovered the inter-individual variability of the graphs within diﬀerent brain regions and we have found that the edges in the temporal and occipital lobes are the most diverse.",2017.0,,0,10.15476/elte.2017.160,,,,,https://www.semanticscholar.org/paper/3691816c22cac2b0fd5ea69f6ac710c511dccccf,Computer Science;Biology;Environmental Science,Computer Science|s2-fos-model;Biology|s2-fos-model;Environmental Science|s2-fos-model,Csaba Kerepesi,,network_science,1hop_citations,True,network_science_scope,connectom,,graph,,,,,human connectome project,0,2,0.0001267828160974,0.1406955136713565,2,1,0.0,0.0299973453676665,1,1.953853641270684,supported,2.0,2.0,0.0,False,True,False,False,True,False,False,False,False,True,2,False,False,False,2,True,graph_supported_adjacent
