paper_id,title,abstract,year,venue,citation_count,doi,pmid,arxiv_id,publication_types,publication_date,url,fields_of_study,fields_of_study_provenance,authors,query_ids,query_axes,retrieval_channels,keep,scope_reasons,direct_scope_hits,resolution_hits,network_hits,qc_hits,infrastructure_hits,health_hits,people_development_hits,macroscale_hits,corpus_in_degree,corpus_out_degree,pagerank,pagerank_percentile,k_core,component,age_normalized_citation_signal,age_normalized_citation_percentile,lexical_axis_count,evidence_score,tier,direct_seed_links,bibliographic_coupling_support,cocitation_support,direct_nanoscale_view,macroscale_flag,health_flag,training_outreach_flag,provenance_term_connectome,provenance_term_wiring_diagram,provenance_term_synaptic_graph,provenance_term_connectome_constrained,provenance_term_graph_query,specific_connectome_analysis,direct_resolution_refs_cited,inherited_connectome_provenance,derived_nanoscale_core,high_priority_nanoscale_core,direct_core_graph_links,graph_supported_adjacent_view,cleanup_bucket
641ee65c532f9de8fc0ceb4796d9038abc4640d4,"Information flow, cell types and stereotypy in a full olfactory connectome","The hemibrain connectome provides large scale connectivity and morphology information for the majority of the central brain of Drosophila melanogaster. Using this data set, we provide a complete description of the Drosophila olfactory system, covering all first, second and lateral horn-associated third-order neurons. We develop a generally applicable strategy to extract information flow and layered organisation from connectome graphs, mapping olfactory input to descending interneurons. This identifies a range of motifs including highly lateralised circuits in the antennal lobe and patterns of convergence downstream of the mushroom body and lateral horn. Leveraging a second data set we provide a first quantitative assessment of inter – versus intra-individual stereotypy. Comparing neurons across two brains (three hemispheres) reveals striking similarity in neuronal morphology across brains. Connectivity correlates with morphology and neurons of the same morphological type show similar connection variability within the same brain as across two brains.",2020.0,bioRxiv,139,10.7554/elife.66018,34032214.0,,JournalArticle,2020-12-15,https://www.semanticscholar.org/paper/641ee65c532f9de8fc0ceb4796d9038abc4640d4,Medicine;Biology,Medicine|external;Biology|external;Biology|s2-fos-model,P. Schlegel; A. S. Bates; T. Stürner; Sridhar R. Jagannathan; N. Drummond; Joseph Hsu; L. Capdevila; A. Javier; E. Marin; A. Barth-Maron; Imaan F. M. Tamimi; Feng Li; G. Rubin; Stephen M. Plaza; Marta Costa; G. Jefferis,net_06,network_science,1hop_citations;1hop_references;lexical,True,network_science_scope,connectom,,graph;motif,,,,,,46,24,0.0014840288094642,0.979824794265994,11,1,1.8677652740615664,0.943190868064773,1,4.039797363065215,core_candidate,31.0,131.0,139.0,False,False,False,False,True,False,False,False,False,True,23,True,True,True,64,False,inherited_connectome_provenance
be7273c5de6b9d52babff6cbbbae15d20d06ba51,Comparative connectomics of the descending and ascending neurons of the Drosophila nervous system: stereotypy and sexual dimorphism,"In most complex nervous systems there is a clear anatomical separation between the nerve cord, which contains most of the final motor outputs necessary for behaviour, and the brain. In insects, the neck connective is both a physical and information bottleneck connecting the brain and the ventral nerve cord (VNC, spinal cord analogue) and comprises diverse populations of descending (DN), ascending (AN) and sensory ascending neurons, which are crucial for sensorimotor signalling and control. Integrating three separate EM datasets, we now provide a complete connectomic description of the ascending and descending neurons of the female nervous system of Drosophila and compare them with neurons of the male nerve cord. Proofread neuronal reconstructions have been matched across hemispheres, datasets and sexes. Crucially, we have also matched 51% of DN cell types to light level data defining specific driver lines as well as classifying all ascending populations. We use these results to reveal the general architecture, tracts, neuropil innervation and connectivity of neck connective neurons. We observe connected chains of descending and ascending neurons spanning the neck, which may subserve motor sequences. We provide a complete description of sexually dimorphic DN and AN populations, with detailed analysis of circuits implicated in sex-related behaviours, including female ovipositor extrusion (DNp13), male courtship (DNa12/aSP22) and song production (AN hemilineage 08B). Our work represents the first EM-level circuit analyses spanning the entire central nervous system of an adult animal.",2024.0,bioRxiv,17,10.1101/2024.06.04.596633,38895426.0,,JournalArticle,2024-06-06,https://www.semanticscholar.org/paper/be7273c5de6b9d52babff6cbbbae15d20d06ba51,Medicine;Biology,Medicine|external;Biology|external;Biology|s2-fos-model,T. Stürner; Paul Brooks; L. Capdevila; Billy J. Morris; A. Javier; Siqi Fang; Marina Gkantia; S. Cachero; Isabella R. Beckett; A. Champion; Ilina Moitra; Alana Richards; Finja Klemm; Leonie Kugel; S. Namiki; H. S. Cheong; Julie Kovalyak; Emily Tenshaw; Ruchi Parekh; P. Schlegel; Jasper S. Phelps; Brandon Mark; S. Dorkenwald; A. S. Bates; Arie Matsliah; Szi-chieh Yu; Claire E. McKellar; A. Sterling; Sebastian Seung; M. Murthy; John C. Tuthill; W. Lee; G. Card; Marta Costa; G. Jefferis; K. Eichler,qc_01,proofreading_qc,1hop_citations;1hop_references;lexical,True,proofreading_qc_scope,connectom,,,proofread,,,,,7,17,0.0002793899017206,0.8975311919299177,11,1,1.6687569124794426,0.88930183169631,1,4.951132643128926,core_candidate,10.0,69.0,17.0,False,False,False,False,True,False,False,False,False,True,15,True,True,True,20,False,inherited_connectome_provenance
6d67988ae8c7e1cde744ecc5923e17e7178c115f,Brain rewiring during development: A comparative analysis of larval and adult Drosophila melanogaster connectomes,"Abstract The brain’s ability to undergo complex rewiring during development is a fascinating aspect of neuroscience. This study conducts a detailed comparison of Drosophila melanogaster’s brain networks during larval and adult stages, revealing significant changes in neuronal wiring throughout development. The larval brain network exhibits a degree distribution that fits firmly to a Weibull model. In contrast, the sparser adult brain network follows a power-law distribution, with the out-degree exponent lying in the scale-free regime and the in-degree exponent close to it. This shift toward a scale-free pattern likely reflects an adaptation to enhance robustness against failures while minimizing costs associated with reduced density during development. We also observed alterations in the structural core in relation to cell composition and topological influence. The structural core of the larva comprises neurons in the mushroom body, while neurons in the antennal lobe form the core of the adult fly brain. Furthermore, the larval network solely shows a rich club organization of which the structural core is also a part. Analysis of connectivity, rich club, and network measures reveals that the shift in the core results from a reduction in the centrality of mushroom body neurons following metamorphosis. This work stands as a step forward in understanding the rewiring of brain networks across the life stages of D. melanogaster.",2025.0,Network Neuroscience,5,10.1162/netn.a.26,41280232.0,,JournalArticle,2025-07-15,https://www.semanticscholar.org/paper/6d67988ae8c7e1cde744ecc5923e17e7178c115f,Medicine;Biology,Medicine|external;Biology|s2-fos-model,P. Yadav; Pramod Shinde; Aradhana Singh,net_06,network_science,1hop_citations;lexical,True,network_science_scope,connectom,,centrality;degree distribution;rich club,,,,,,3,20,0.000253282654329,0.8887709052296257,11,1,1.2669652709463668,0.6665781789222193,1,4.333200601716662,core_candidate,8.0,71.0,5.0,False,False,False,False,True,False,False,False,False,True,14,True,True,True,16,False,inherited_connectome_provenance
fd6ec287a5c4439d7d170c042cd28315cae4cfce,C. elegans wired and wireless connectome: insights into principles of nervous system structure and function,,2025.0,Journal of Biosciences,5,10.1007/s12038-025-00513-7,40135746.0,,Review;JournalArticle,2025-03-01,https://www.semanticscholar.org/paper/fd6ec287a5c4439d7d170c042cd28315cae4cfce,Biology,Biology|s2-fos-model,K. Venkatesh; Lidia Ripoll-Sánchez; Isabel Beets; WR Schafer,,,1hop_citations,True,review_scope,connectom,,,,,,,,0,18,0.0001267828160974,0.6708255906556941,11,1,1.2669652709463668,0.6681709583222724,0,3.087204672152907,core_candidate,20.0,19.0,0.0,False,False,False,False,True,False,False,False,False,True,14,True,True,True,14,False,inherited_connectome_provenance
8951ffe3fc85b3b617da0ba5318da4bc854a011d,Signed motif analysis of the Caenorhabditis elegans neuronal network reveals positive feedforward and negative feedback loops,"Background Nervous systems are complex biological networks with largely unknown structural and functional characteristics. Motif analysis is a robust tool that can reveal the unique aspects of connectivity in a complex network. An ideal candidate for motif analysis is the connectome of the nematode Caenorhabditis elegans, which is the first fully reconstructed nervous system. Results We performed, for the first time, edge-polarity based signed motif analysis on the C. elegans connectome using recent data on the connection signs of this network and a novel structure-preserving randomization method. We identified 56 significantly over– and 1 underrepresented three-node signed motifs and revealed that certain motifs (e.g., positive feedforward, negative feedback, disinhibitory feedback, and incoherent feedforward loops) are overabundant in the C. elegans connectome. We further distinguished nodes by their corresponding neuron modalities (e.g., sensory vs. motor neurons), and found that each significant feedforward and feedback loop has a characteristic neuronal layout. Conclusions Our findings demonstrate the importance and potential of signed motif analysis in understanding biological networks. The motif enumeration tool and definition system we developed can be used to analyze signed motifs in other complex networks.",2026.0,bioRxiv,0,10.1186/s12915-026-02641-4,42169095.0,,JournalArticle,2026-05-18,https://www.semanticscholar.org/paper/8951ffe3fc85b3b617da0ba5318da4bc854a011d,Medicine;Biology;Computer Science,Medicine|external;Biology|external;Biology|s2-fos-model;Computer Science|s2-fos-model,Gábor Szilágyi; A. Gulyás; Zsolt Vassy; Peter Csermely; B. Fenyves,net_12,network_science,1hop_citations;lexical,True,network_science_scope,connectom,,motif,,,,,,0,21,0.0001267828160974,0.373241306079108,10,1,0.0,0.0886647199362888,1,2.9075966728608087,supported,11.0,71.0,0.0,False,False,False,False,True,False,False,False,False,True,14,True,True,True,14,False,inherited_connectome_provenance
2907385b3ae972be78f9b55e4fc8382b39814412,Global Neuron Shape Reasoning with Point Affinity Transformers,"Connectomics is a field of neuroscience that maps the brain’s intricate wiring diagram. Accurate neuron segmentation from microscopy volumes is essential for automating connectome reconstruction. However, state-of-the-art algorithms use image-based convolutional neural networks limited to local neuron shape context. Thus, we introduce a new framework that reasons over global neuron shape with a novel point affinity transformer. Our framework embeds a (multi-)neuron point cloud into a fixed-length feature set from which we can decode any point pair affinities, enabling clustering neuron point clouds for automatic proofreading. We also show that the learned feature set can easily be mapped to a contrastive embedding space that enables neuron type classification using a simple classifier. Our approach excels in two demanding connectomics tasks: correcting segmentation errors and classifying neuron types. Evaluated on three benchmark datasets derived from state-of-the-art connectomes, our method outperforms point transformers, graph neural networks, and unsupervised clustering baselines.",2024.0,bioRxiv,11,10.1101/2024.11.24.625067,39605569.0,,JournalArticle,2024-11-24,https://www.semanticscholar.org/paper/2907385b3ae972be78f9b55e4fc8382b39814412,Biology;Medicine;Computer Science,Biology|external;Medicine|external;Computer Science|s2-fos-model,J. Troidl; Johannes Knittel; Wanhua Li; Fangneng Zhan; Hanspeter Pfister; Srinivas C. Turaga,qc_01;qc_06;rec_03,proofreading_qc;reconstruction,1hop_citations;1hop_references;lexical,True,proofreading_qc_scope,connectom;wiring diagram,,graph,proofread;segmentation error,cloud,,,,8,16,0.0002117955854184,0.8635518980621184,11,1,1.4346615231661932,0.7831165383594372,2,5.2058888593929735,core_candidate,23.0,60.0,11.0,False,False,False,False,True,True,False,False,False,True,12,True,True,True,18,False,inherited_connectome_provenance
19ab37f70cb558cf8db4304ef82482939f0171ca,Building and Integrating Brain-Wide Maps of Nervous System Function in Invertebrates,"The selection and execution of context-appropriate behaviors is controlled by the integrated action of neural circuits throughout the brain. However, how activity is coordinated across brain regions, and how nervous system structure enables these functional interactions, remain open questions. Recent technical advances have made it feasible to build brain-wide maps of nervous system structure and function, such as brain activity maps, connectomes, and cell atlases. Here, we review recent progress in this area, focusing on C. elegans and D. melanogaster, as recent work has produced global maps of these nervous systems. We also describe neural circuit motifs elucidated in studies of specific networks, which highlight the complexities that must be captured to build accurate models of whole-brain function.",2024.0,Current Opinion in Neurobiology,10,10.1016/j.conb.2024.102868,38569231.0,,Review;JournalArticle,2024-04-02,https://www.semanticscholar.org/paper/19ab37f70cb558cf8db4304ef82482939f0171ca,Biology,Biology|s2-fos-model,Talya S. Kramer; S. Flavell,,network_science,1hop_citations;1hop_references,True,network_science_scope;review_scope,connectom,,motif,,,,,,1,12,0.0001357602239719,0.7098486859569949,11,1,1.3844254812386705,0.7512609503583754,1,3.741350322980267,core_candidate,15.0,14.0,1.0,False,False,False,False,True,False,False,False,False,True,11,True,True,True,11,False,inherited_connectome_provenance
9f1f192903b1d00483623600aa37fb514a9a6600,NEURD: automated proofreading and feature 1 extraction for connectomics 2,,2023.0,,5,,,,,,https://www.semanticscholar.org/paper/9f1f192903b1d00483623600aa37fb514a9a6600,Computer Science;Biology,Computer Science|s2-fos-model;Biology|s2-fos-model,Brendan Celii; S. Papadopoulos; Zhuokun Ding; Paul G. Fahey; Eric Y. Wang; Christos Papadopoulos; Alex Kunin; Saumil S. Patel; J. Bae; A. Bodor; D. Brittain; J. Buchanan; D. Bumbarger; M. Castro; Erick Cobos; S. Dorkenwald; L. Elabbady; A. Halageri; Z. Jia; C. Jordan; D. Kapner; N. Kemnitz; S. Kinn; Kisuk Lee; Kai Li; R. Lu; T. Macrina; G. Mahalingam; E. Mitchell; S. Mondal; S. Mu; Barak Nehoran; S. Popovych; C. Schneider-Mizell; W. Silversmith; Marc M. Takeno; R. Torres; N. Turner; W. Wong; Jingpeng Wu; Szi-chieh Yu; W. Yin; Daniel Xenes; Lindsey Kitchell; P. Rivlin; Victoria A. Rose; Caitlyn Bishop; Brock Andrew Wester; E. Froudarakis; Edgar Y. Walker; Fabian H Sinz; H. Seung; F. Collman; Nuno Maçarico da Costa; R. Reid; X. Pitkow; A. Tolias; J. Reimer,qc_01;qc_06,proofreading_qc,1hop_citations;1hop_references;lexical,True,proofreading_qc_scope,connectom,,,proofread,,,,,2,13,0.0001729937608261,0.8224050968940801,11,1,0.8958797346140275,0.4021767985134059,1,4.151225555260596,core_candidate,14.0,13.0,5.0,False,False,False,False,True,False,False,False,False,True,10,True,True,True,12,False,inherited_connectome_provenance
cc8cc449a51be0dfab7122b6d4e231dcd18949b7,Neural architectures in the light of comparative connectomics,"Since the Cambrian, animals diversified from a few body forms or bauplans, into many extinct and all extant species. A characteristic neural architecture serves each bauplan. How the connectome of each animal differs from that of closely related species or whether it converged into an optimal architecture shared with more distant ones is unknown. Recent technological innovations in molecular biology, microscopy, digital data storage and processing, and computational neuroscience have lowered the barriers for whole-brain connectomics. Comparative connectomics of suitable, relatively small, representative species across the phylogenetic tree can infer the archetypal neural architecture of each bauplan and identify any circuits that possibly converged onto a shared and potentially optimal, structure.",2021.0,Current Opinion in Neurobiology,22,10.1016/j.conb.2021.10.006,34837731.0,,Review;JournalArticle,2021-11-24,https://www.semanticscholar.org/paper/cc8cc449a51be0dfab7122b6d4e231dcd18949b7,Biology,Biology|s2-fos-model,E. Barsotti; A. Correia; Albert Cardona,,,1hop_citations;1hop_references,True,review_scope,connectom,,,,storage,,,,5,10,0.0002180730089042,0.8667374568622246,11,1,1.280060153412406,0.6801168038226706,0,3.4901114945580036,core_candidate,15.0,10.0,5.0,False,False,False,False,True,False,False,False,False,True,10,True,True,True,15,False,inherited_connectome_provenance
0010e084c682454aef23a37eb89228c310669aaa,Bisected graph matching improves automated pairing of bilaterally homologous neurons from connectomes,"Graph matching algorithms attempt to find the best correspondence between the nodes of two networks. These techniques have previously been used to match individual neurons in nanoscale connectomes – in particular, to find pairings of neurons across hemispheres. However, since graph matching techniques deal specifically with two isolated networks, they have only utilized the ipsilateral (same hemisphere) subgraphs when performing the matching. Here, we present a modification to a state-of-the-art graph matching algorithm which allows it to solve what we call the bisected graph matching problem. This modification allows us to also use connections between the brain hemispheres when predicting neuron pairs. Via simulations and real connectome datasets we show that when edge correlation is present between the contralateral (between hemisphere) subgraphs, this approach improves matching accuracy. We expect that our proposed method will improve future endeavors to accurately match neurons across hemispheres in connectomes, and be useful in other applications where the bisected graph matching problem arises.",2022.0,bioRxiv,0,10.1101/2022.05.19.492713,37409218.0,,JournalArticle,2022-05-24,https://www.semanticscholar.org/paper/0010e084c682454aef23a37eb89228c310669aaa,Computer Science,Computer Science|s2-fos-model,B. Pedigo; Michael Winding; C. Priebe; J. Vogelstein,,network_science,1hop_citations,True,network_science_scope,connectom,,graph,,,,,,0,11,0.0001267828160974,0.0002654632333421,9,1,0.0,0.0,1,2.0835324307583396,supported,11.0,11.0,0.0,False,False,False,False,True,False,False,False,False,True,10,True,True,True,10,False,inherited_connectome_provenance
a62c83e7fae165feaa2933e0a52589eba39bae31,Neuropeptide signaling network of Caenorhabditis elegans: from structure to behavior,"Abstract Neuropeptides are abundant signaling molecules that control neuronal activity and behavior in all animals. Owing in part to its well-defined and compact nervous system, Caenorhabditis elegans has been one of the primary model organisms used to investigate how neuropeptide signaling networks are organized and how these neurochemicals regulate behavior. We here review recent work that has expanded our understanding of the neuropeptidergic signaling network in C. elegans by mapping the evolutionary conservation, the molecular expression, the receptor–ligand interactions, and the system-wide organization of neuropeptide pathways in the C. elegans nervous system. We also describe general insights into neuropeptidergic circuit motifs and the spatiotemporal range of peptidergic transmission that have emerged from in vivo studies on neuropeptide signaling. With efforts ongoing to chart peptide signaling networks in other organisms, the C. elegans neuropeptidergic connectome can serve as a prototype to further understand the organization and the signaling dynamics of these networks at organismal level.",2024.0,Genetics,24,10.1093/genetics/iyae141,39344922.0,,JournalArticle;Review,2024-09-30,https://www.semanticscholar.org/paper/a62c83e7fae165feaa2933e0a52589eba39bae31,Biology,Biology|s2-fos-model,Jan Watteyne; A. Chudinova; Lidia Ripoll-Sánchez; William R. Schafer; Isabel Beets,,network_science,1hop_citations;1hop_references,True,network_science_scope;review_scope,connectom,,motif,,,,,,3,10,0.0001598557681026,0.7963897000265463,10,1,1.8584188239756343,0.9405362357313511,1,4.400893726218918,core_candidate,13.0,10.0,3.0,False,False,False,False,True,False,False,False,False,True,9,True,True,True,10,False,inherited_connectome_provenance
7d78806e5413a68bc6869a3eac9f94a01bb75282,"Hub connectivity, neuronal diversity, and gene expression in the Caenorhabditis elegans connectome","Studies of nervous system connectivity, in a wide variety of species and at different scales of resolution, have identified several highly conserved motifs of network organization. One such motif is a heterogeneous distribution of connectivity across neural elements, such that some elements act as highly connected and functionally important network hubs. These brain network hubs are also densely interconnected, forming a so-called rich club. Recent work in mouse has identified a distinctive transcriptional signature of neural hubs, characterized by tightly coupled expression of oxidative metabolism genes, with similar genes characterizing macroscale inter-modular hub regions of the human cortex. Here, we sought to determine whether hubs of the neuronal C. elegans connectome also show tightly coupled gene expression. Using open data on the chemical and electrical connectivity of 279 C. elegans neurons, and binary gene expression data for each neuron across 948 genes, we computed a correlated gene expression score for each pair of neurons, providing a measure of their gene expression similarity. We demonstrate that connections between hub neurons are the most similar in their gene expression while connections between nonhubs are the least similar. Genes with the greatest contribution to this effect are involved in glutamatergic and cholinergic signaling, and other communication processes. We further show that coupled expression between hub neurons cannot be explained by their neuronal subtype (i.e., sensory, motor, or interneuron), separation distance, chemically secreted neurotransmitter, birth time, pairwise lineage distance, or their topological module affiliation. Instead, this coupling is intrinsically linked to the identity of most hubs as command interneurons, a specific class of interneurons that regulates locomotion. Our results suggest that neural hubs may possess a distinctive transcriptional signature, preserved across scales and species, that is related to the involvement of hubs in regulating the higher-order behaviors of a given organism.",2018.0,PLoS Comput. Biol.,80,10.1371/journal.pcbi.1005989,29432412.0,,JournalArticle,2018-02-01,https://www.semanticscholar.org/paper/7d78806e5413a68bc6869a3eac9f94a01bb75282,Medicine;Computer Science;Biology,Medicine|external;Computer Science|external;Biology|external;Biology|s2-fos-model,A. Arnatkevic̆iūtė; Ben D. Fulcher; R. Pocock; A. Fornito,net_04,network_science,1hop_citations;1hop_references;lexical,True,network_science_scope,connectom,,modular;motif;rich club,,,human cortex,,,28,20,0.0011170316012015,0.9745155295991506,9,1,1.4648163848908131,0.798778869126626,1,3.963609415096009,core_candidate,16.0,133.0,80.0,False,False,True,False,True,False,False,False,False,True,9,True,True,True,18,False,inherited_connectome_provenance
a57d81889ad6bbb1a6ad70a3562a7110548cb6dd,Uncovering Sex Differences in the Drosophila Ventral Nerve Cord Through Connectome Alignment,"There are now multiple Drosophila connectomes available, comprising both its brain and ‘spinal’ cord - comparing these connectomes requires first classifying neurons into cell types. Existing approaches for cell typing typically require extensive manual curation. Here we present a new method that automatically aligns connectomes via network topology alone. Using two complete male ventral nerve cord (VNC) connectomes as references, we assign cell types to ∼13,000 neurons intrinsic to the female VNC, and automatically identify sex-specific and sexually dimorphic cell types. We not only provide a comprehensive census of cell types across male and female nerve cords, but we uncover connectivity differences that underlie differences in function. We focus on circuits underlying song production in males and oviposition behaviors in females, and investigate the counterparts of these circuits across sexes. Our automated methods and analyses provide insights into sex differences in circuits that connect the brain and body, and pave the way for comparative connectomics at scale.",2026.0,bioRxiv,2,10.64898/2026.06.14.732053,42367857.0,,JournalArticle,2026-06-17,https://www.semanticscholar.org/paper/a57d81889ad6bbb1a6ad70a3562a7110548cb6dd,Medicine;Biology,Medicine|external;Biology|external;Biology|s2-fos-model,Arie Matsliah; Christopher K. Salmon; A. S. Bates; H. Yang; Daniel D. Lee; Lawrence K. Saul; B. Silverman; Jay Gager; Szi-chieh Yu; K. Willie; Austin T Burke; Ryan Willie; Doug Bland; Marissa Sorek; Celia David; A. Sterling; The BANC-FlyWire; Wei-Chung Allen Consortium; Lee; Sebastian Seung; M. Murthy,net_03,network_science,1hop_citations;lexical,True,network_science_scope,connectom,,network topology,,,,,,0,12,0.0001267828160974,0.4374834085479161,8,1,1.0986122886681096,0.5325192460844174,1,3.6777055127864786,core_candidate,5.0,51.0,2.0,False,False,False,False,True,False,False,False,False,True,9,True,True,True,9,False,inherited_connectome_provenance
d4687658e3a91f3f8af340b782432e7bf420de21,"Modular integration of neural connectomics, dynamics and biomechanics for identification of behavioral sensorimotor pathways in Caenorhabditis elegans","Computational approaches which emulate in-vivo nervous system are needed to investigate mechanisms of the brain to orchestrate behavior. Such approaches must integrate a series of biophysical models encompassing the nervous system, muscles, biomechanics to allow observing the system in its entirety while supporting incorporations of different model variations. Here we develop modWorm: a modeling framework for the nematode Caenorhabditis elegans using modular integration approach. modWorm allows for construction of a model as an integrated series of configurable, exchangeable modules each describing specific biophysical processes across different modalities (e.g., nervous system, muscles, body). Utilizing modWorm, we propose a base neuro-mechanical model for C. elegans built upon the complete connectome. The model integrates a series of 7 modules: i) intra-cellular dynamics, ii) electrical and iii) chemical extra-cellular neural dynamics, iv) translation of neural activity to muscle calcium dynamics, v) muscle calcium dynamics to muscle forces, vi) muscle forces to body postures and vii) proprioceptive feedback. We validate the base model by in-silico injection of constant currents into sensory and inter-neurons known to be associated with locomotion behaviors and by applying external forces to the body. Applications of in-silico neural stimuli experimentally known to modulate locomotion show that the model can recapitulate natural behavioral responses such as forward and backward locomotion as well as mid-locomotion stimuli induced responses such as avoidance and turns. Furthermore, through in-silico ablation surveys, the model can infer novel neural circuits involved in sensorimotor behaviors. To further dissect mechanisms of locomotion, we utilize modWorm to introduce empirical based variations of intra and extra-cellular dynamics as well as model optimizations on associated parameters to elucidate their effects on simulated locomotion dynamics compared to experimental findings. Our results show that the proposed framework can be utilized to identify neural circuits which control, mediate and generate natural behavior.",2019.0,bioRxiv,5,10.1101/724328,40313659.0,2504.18073,JournalArticle;Review,2019-08-03,https://www.semanticscholar.org/paper/d4687658e3a91f3f8af340b782432e7bf420de21,Biology;Computer Science;Engineering,Biology|s2-fos-model;Computer Science|s2-fos-model;Engineering|s2-fos-model,Jimin Kim; Julia Santos; Mark J Alkema; Eli Shlizerman,,,1hop_citations;1hop_references,True,review_scope,connectom,,modular,,,,,,1,11,0.0001375557055468,0.7220599946907353,7,1,0.6334826354731834,0.2805946376426865,0,2.681842314839395,supported,14.0,12.0,1.0,False,False,False,False,True,False,False,False,False,True,9,True,True,True,10,False,inherited_connectome_provenance
9d047f3da478a0eadd9f1d2e07f74f20b28cb81f,Accelerating Neuron Reconstruction with PATHFINDER,"Comprehensive mapping of neural connections is essential for understanding brain function. Existing automated methods for connectome reconstruction from high-resolution images of brain tissue introduce errors that require extensive and time-consuming manual correction, a critical bottleneck in the field. To address this, we developed PATHFINDER, an AI system that segments volumetric image data, identifies potential ways to assemble neuron fragments, and evaluates the plausibility of resulting shapes to reconstruct complete neurons. Using a dataset of all axons in an IBEAM-mSEM volume of mouse cortex, we show that PATHFINDER reduces the error rate in axon reconstruction by an order of magnitude over previous state of the art, leading to an improvement in proofreading throughput of up to 84× relative to prior estimates in the context of a whole mouse brain. By drastically reducing the manual e”ort required for analysis, this advance unlocks the potential for both large-scale connectome mapping and routine investigation of smaller volumes.",2025.0,bioRxiv,8,10.1101/2025.05.16.654254,,,,2025-05-21,https://www.semanticscholar.org/paper/9d047f3da478a0eadd9f1d2e07f74f20b28cb81f,Computer Science,Computer Science|s2-fos-model,M. Januszewski; Thomas Templier; Kenneth Hayworth; David Peale; Harald Hess,,proofreading_qc,1hop_citations;1hop_references,True,proofreading_qc_scope,connectom,,,proofread,,,,,3,9,0.0001519864705028,0.7756835678258561,11,1,1.5536723984241865,0.8470931775949031,1,4.838642598000177,core_candidate,14.0,11.0,3.0,False,False,False,False,True,False,False,False,False,True,8,True,True,True,11,False,inherited_connectome_provenance
4afcc1474d4089a653cf8eb528e81a5a56030410,Of what use is connectomics? A personal perspective on the Drosophila connectome,,2018.0,Journal of Experimental Biology,49,10.1242/jeb.164954,29784759.0,,Review;JournalArticle,2018-05-15,https://www.semanticscholar.org/paper/4afcc1474d4089a653cf8eb528e81a5a56030410,Biology;Medicine;Computer Science,Biology|external;Medicine|external;Biology|s2-fos-model;Computer Science|s2-fos-model,I. Meinertzhagen,acq_04,acquisition_preparation,1hop_citations;1hop_references;lexical,True,review_scope,connectom,,,,,,,,22,13,0.0011026935732024,0.973719139899124,11,1,1.3040076684760489,0.6984337669232811,1,4.412839571719317,core_candidate,22.0,13.0,49.0,False,False,False,False,True,False,False,False,False,True,8,True,True,True,27,False,inherited_connectome_provenance
3ed21606032143f94f3a8da13d757a9288bc67ed,Biologically-Constrained Graphs for Global Connectomics Reconstruction,"Most current state-of-the-art connectome reconstruction pipelines have two major steps: initial pixel-based segmentation with affinity prediction and watershed transform, and refined segmentation by merging over-segmented regions. These methods rely only on local context and are typically agnostic to the underlying biology. Since a few merge errors can lead to several incorrectly merged neuronal processes, these algorithms are currently tuned towards over-segmentation producing an overburden of costly proofreading. We propose a third step for connectomics reconstruction pipelines to refine an over-segmentation using both local and global context with an emphasis on adhering to the underlying biology. We first extract a graph from an input segmentation where nodes correspond to segment labels and edges indicate potential split errors in the over-segmentation. In order to increase throughput and allow for large-scale reconstruction, we employ biologically inspired geometric constraints based on neuron morphology to reduce the number of nodes and edges. Next, two neural networks learn these neuronal shapes to further aid the graph construction process. Lastly, we reformulate the region merging problem as a graph partitioning one to leverage global context. We demonstrate the performance of our approach on four real-world connectomics datasets with an average variation of information improvement of 21.3%.",2019.0,Computer Vision and Pattern Recognition,37,10.1109/cvpr.2019.00219,,,JournalArticle;Conference,2019-06-01,https://www.semanticscholar.org/paper/3ed21606032143f94f3a8da13d757a9288bc67ed,Computer Science;Biology,Computer Science|external;Biology|s2-fos-model;Computer Science|s2-fos-model,Brian Matejek; Daniel Haehn; Haidong Zhu; D. Wei; T. Parag; H. Pfister,qc_01;qc_03;rec_03,proofreading_qc;reconstruction,1hop_citations;1hop_references;lexical,True,proofreading_qc_scope,connectom,,graph,merge error;proofread;split error,,,,,16,10,0.0003498125064874,0.9166445447305548,11,1,1.2860809203464294,0.6872843111229094,2,4.697792230776037,core_candidate,25.0,10.0,37.0,False,False,False,False,True,False,False,False,False,True,7,True,True,True,20,False,inherited_connectome_provenance
875ffac170c71fe69737e4dfdc6f96476301da28,Divergence in neuronal signaling pathways despite conserved neuronal identity among Caenorhabditis species,"Summary One avenue to better understand brain evolution is to map molecular patterns of evolutionary changes in neuronal cell types across entire nervous systems of distantly related species. Generating whole-animal single-cell transcriptomes of three nematode species from the Caenorhabditis genus, we observed a remarkable stability of neuronal-cell-type identities over more than 45 million years of evolution. Conserved patterns of combinatorial expression of homeodomain transcription factors are among the best classifiers of homologous neuron classes. Unexpectedly, we discover an extensive divergence in neuronal signaling pathways. Although identities of neurotransmitter-producing neurons (glutamate, acetylcholine, γ-aminobutyric acid [GABA], and several monoamines) remain stable, expression of ionotropic and metabotropic receptors for all these neurotransmitter systems shows substantial divergence, resulting in more than half of all neuron classes changing their capacity to be receptive to specific neurotransmitters. Neuropeptidergic signaling is also remarkably divergent, both at the level of neuropeptide expression and receptor expression, yet the overall dense network topology of the wireless neuropeptidergic connectome remains stable. Novel neuronal signaling pathways are suggested by our discovery of small secreted proteins that show no obvious hallmarks of conventional neuropeptides but show similar patterns of highly neuron-type-specific and highly evolvable expression profiles. In conclusion, by investigating the evolution of entire nervous systems at the resolution of single-neuron classes, we uncover patterns that may reflect basic principles governing evolutionary novelty in neuronal circuits.",2025.0,Current Biology,19,10.1016/j.cub.2025.05.036,40412379.0,,JournalArticle,2025-05-01,https://www.semanticscholar.org/paper/875ffac170c71fe69737e4dfdc6f96476301da28,Medicine;Biology,Medicine|external;Biology|s2-fos-model,I. A. Toker; Lidia Ripoll-Sánchez; Luke T. Geiger; Antoine Sussfeld; Karan S. Saini; Isabel Beets; P. Vértes; William R. Schafer; Eyal Ben-David; Oliver Hobert,net_03,network_science,1hop_citations;1hop_references;lexical,True,network_science_scope,connectom,,network topology,,,,,,2,8,0.000178695390575,0.8298380674276613,7,1,2.1183026052494203,0.9729227501990976,1,4.442173259003628,core_candidate,5.0,121.0,19.0,False,False,False,False,True,False,False,False,False,True,7,True,True,True,8,False,inherited_connectome_provenance
7148a6eeace1f5e68a7fd4af9fdb744c4b7e75ba,Multilayer network analysis of C. elegans: Looking into the locomotory circuitry,"We investigate how locomotory behavior is generated in the brain focusing on the paradigmatic connectome of nematode Caenorhabditis elegans (C. elegans) and on neuronal activity patterns that control forward locomotion. We map the neuronal network of the worm as a multilayer network that takes into account various neurotransmitters and neuropeptides. Using logistic regression analysis, we predict the neurons of the locomotory subnetwork. Combining Hindmarsh-Rose equations for neuronal activity with a leaky integrator model for muscular activity, we study the dynamics within this subnetwork and predict the forward locomotion of the worm using a harmonic wave model. The application of time-delayed feedback control reveals synchronization effects that contribute to a coordinated locomotion of C. elegans. Analyzing the synchronicity when the activity of certain neurons is silenced informs us about their significance for a coordinated locomotory behavior. Since the information processing is the same in humans and C. elegans, the study of the locomotory circuitry provides new insights for understanding how the brain generates motion behavior.",2020.0,Neurocomputing,23,10.1016/j.neucom.2020.11.015,,2006.08771,JournalArticle,2020-06-15,https://www.semanticscholar.org/paper/7148a6eeace1f5e68a7fd4af9fdb744c4b7e75ba,Computer Science;Biology;Physics,Computer Science|external;Biology|external;Physics|external;Biology|s2-fos-model;Computer Science|s2-fos-model,T. Maertens; E. Schöll; Jorge Ruiz; P. Hövel,net_12,network_science,1hop_citations;1hop_references;lexical,True,network_science_scope,connectom,,network analysis,,,,,,5,9,0.0002344105635681,0.8739049641624635,6,1,1.2011914411824174,0.6190602601539686,1,3.798292186532165,core_candidate,7.0,80.0,23.0,False,False,False,False,True,False,False,False,False,True,7,True,True,True,9,False,inherited_connectome_provenance
9d4c8cc330bf7e6bbc4a6adcfc8c90a59d004609,"The Drosophila adult brain: short overview of structure, function, and resources Graphical Review Paper","Highlights • The brain of the vinegar fly Drosophila melanogaster has become an essential model in neuroscience.• This mini review is targeted at researchers new to the Drosophila model, and provides:.• Overview of Drosophila brain organization, nomenclature, and main neurotransmitters.• Tables with resources for the researcher new to Drosophila.• Examples of behaviours and neural circuits.• Example of how to navigate the Flywire connectome to find specific neurons.",2025.0,Current Research in Insect Science,7,10.1016/j.cris.2025.100113,40510592.0,,Review;JournalArticle,2025-05-01,https://www.semanticscholar.org/paper/9d4c8cc330bf7e6bbc4a6adcfc8c90a59d004609,Biology,Biology|s2-fos-model,J. Robinson; Abigail T. Bechard; Ariel K. Frame; M. Evans; Angeline-Claudia Atheby; Shaunik Sharma; H. Lawal; A. Simon,,network_science,1hop_citations,True,network_science_scope;review_scope,connectom,,graph,,,,,,0,7,0.0001267828160974,0.4162463498805415,7,1,1.4703872152028206,0.8024953543934165,1,3.2967657729404474,core_candidate,8.0,8.0,0.0,False,False,False,False,True,False,False,False,False,True,7,True,True,True,7,False,inherited_connectome_provenance
e0daedfb9f720e14b4c08afccfdeedcd69749d5f,Symmetries and synchronization from whole-neural activity in C. elegans connectome: Integration of functional and structural networks,"Understanding the dynamical behavior of complex systems from their underlying network architectures is a long-standing question in complexity theory. Therefore, many metrics have been devised to extract network features like motifs, centrality, and modularity measures. It has previously been proposed that network symmetries are of particular importance since they are expected to underly the synchronization of a system’s units, which is ubiquitously observed in nervous system activity patterns. However, perfectly symmetrical structures are difficult to assess in noisy measurements of biological systems, like neuronal connectomes. Here, we devise a principled method to infer network symmetries from combined connectome and neuronal activity data. Using nervous system-wide population activity recordings of the C.elegans backward locomotor system, we infer structures in the connectome called fibration symmetries, which can explain which group of neurons synchronize their activity. Our analysis suggests functional building blocks in the animal’s motor periphery, providing new testable hypotheses on how descending interneuron circuits communicate with the motor periphery to control behavior. Our approach opens a new door to exploring the structure-function relations in other complex systems, like the nervous systems of larger animals.",2024.0,arXiv.org,0,,39279832.0,2409.02682,JournalArticle,2024-09-04,https://www.semanticscholar.org/paper/e0daedfb9f720e14b4c08afccfdeedcd69749d5f,Medicine;Biology;Physics;Computer Science,Medicine|external;Biology|external;Physics|external;Biology|s2-fos-model;Computer Science|s2-fos-model,Bryant Avila; P. Augusto; David Phillips; Tommaso Gili; Manuel Zimmer; Hernán A. Makse,net_04;net_06;net_12,network_science,1hop_citations;lexical,True,network_science_scope,connectom,,centrality;modular;motif,,,,,,0,10,0.0001267828160974,0.5909211574196974,7,1,0.0,0.1314043005043801,1,3.092226351650296,core_candidate,6.0,61.0,0.0,False,False,False,False,True,False,False,False,False,True,7,True,True,True,7,False,inherited_connectome_provenance
c74b3396e1427fe37317b07f92a9290794c3cdff,CeDNe: A multi-scale computational framework for modeling structure-function relationships in the C. elegans nervous system,"Understanding how neural circuits generate behavior requires integrating structural and functional data across scales. C. elegans with its complete connectome, genetically identifiable neurons, single-cell transcriptome, neuropeptide-receptor distribution, and an amenability to simultaneous measurement of brain-wide neural activity and behavior presents a unique opportunity for such a multiscale circuit analysis. However, the absence of a unifying framework to connect these diverse datasets limits our ability to connect network structure and attributes with function. Here we introduce CeDNe (C. elegans Dynamical Network), an open-source computational framework that integrates anatomical, molecular, and imaging datasets into a unified graph-based representation that enables multimodal data analysis by cross-referencing different omics layers in a single computational environment. Specifically, CeDNe provides modular tools for visualizing and analyzing network connectivity, motif distribution, and circuit paths. Further, it incorporates a computational framework that simulates neural dynamics and optimizes network models to bridge structural connectivity with neural activity. Thus, CeDNe establishes a scalable foundation for data-driven modeling of the nervous system. This open-source tool not only facilitates computational connectomics and multimodal analyses in C. elegans but also serves as a generalizable framework for investigating structure-function relationships in neural networks of other organisms.",2025.0,bioRxiv,0,10.1101/2025.11.03.683805,41279576.0,,JournalArticle,2025-11-04,https://www.semanticscholar.org/paper/c74b3396e1427fe37317b07f92a9290794c3cdff,Medicine;Biology;Computer Science,Medicine|external;Biology|external;Computer Science|s2-fos-model;Biology|s2-fos-model,Sahil Moza; Yun Zhang,net_12,network_science,1hop_citations;lexical,True,network_science_scope,connectom,,graph;modular;motif,,,,,,0,12,0.0001267828160974,0.5266790549508893,7,1,0.0,0.1194584550039819,1,3.038071852048491,core_candidate,4.0,40.0,0.0,False,False,False,False,True,False,False,False,False,True,7,True,True,True,7,False,inherited_connectome_provenance
419b5cfb9aefd9239eb90eaf93ba0b55e77dd112,Flexible circuits for visually guided flight control in Drosophila.,"Flight maneuvers in the fruit fly Drosophila have long served as a model for studying principles underlying visual information processing. Advances in genetic targeting of individual types of neurons for manipulation and recording, as well as the publication of the complete connectome, have greatly expanded our knowledge of how behavior is controlled by the fly's nervous system. In this review, I summarize recent findings on how visual information relevant to flight is transformed into a behavioral output, ranging from fast stabilizing reflex-like responses to longer-lasting goal-directed behaviors. I argue that flexibility in the processing of visual information and a hierarchical recruitment of different behavioral modules enable the control of this complex behavior with a comparatively small number of neurons.",2026.0,Trends in Neurosciences,2,10.1016/j.tins.2025.12.005,41644320.0,,Review;JournalArticle,2026-02-01,https://www.semanticscholar.org/paper/419b5cfb9aefd9239eb90eaf93ba0b55e77dd112,Biology,Biology|s2-fos-model,Bettina Schnell,,,1hop_citations,True,review_scope,connectom,,,,,,,,0,7,0.0001267828160974,0.1744093443058136,7,1,1.0986122886681096,0.5306610034510221,0,2.646137509954871,supported,7.0,7.0,0.0,False,False,False,False,True,False,False,False,False,True,7,True,True,True,7,False,inherited_connectome_provenance
02da3b45ad086e29c0c1bdeae2ff266acefa642c,Bilateral Neuron Pairs Share Redundant Network Roles Despite Incomplete Connection Symmetry in Caenorhabditis elegans,"Bilateral organization is a prominent feature of the C. elegans nervous system, yet bilateral neuron pairs differ substantially in their individual left–right connections. Whether, and how, such pairs nonetheless come to occupy similar roles in the network is not fully understood. Here we analyze the adult hermaphrodite and male C. elegans connectomes to examine bilateral redundancy using three complementary graph‐theoretic measures: connectivity similarity, which captures overlap in shared in‐ and out‐neighbours; motif‐fingerprint difference, which captures the difference in local motif participation (with lower differences indicating greater overlap); and path compensation, which quantifies the extent to which paired neurons make overlapping contributions to global communication. Across measures, bilateral pairs showed elevated redundancy relative to other neuron pairs. Null‐model comparisons further supported this finding, demonstrating that these patterns cannot arise from preserving symmetry alone: e.g., for connectivity similarity, randomizing the asymmetric edges while holding the symmetric ones reduced bilateral similarity, suggesting that bilateral asymmetry is itself what enables paired neurons to share neighbours and converge on similar network roles. Redundancy was not uniform across the nervous system: in the hermaphrodite it was more pronounced among interneurons than among sensory neurons across all three measures, while in the male this gradient was only significant for path compensation. Together, these results show that bilateral redundancy is a systematic multiscale principle of the C. elegans connectome, one that cannot be explained by bilateral symmetry alone.",2026.0,European Journal of Neuroscience,0,10.1111/ejn.70629,42477512.0,,JournalArticle,2026-07-01,https://www.semanticscholar.org/paper/02da3b45ad086e29c0c1bdeae2ff266acefa642c,Biology,Biology|s2-fos-model,P. Kim; Youngjo Song; Jerald D. Kralik; Jaeseung Jeong,,network_science,1hop_citations,True,network_science_scope,connectom,,graph;motif,,,,,,0,7,0.0001267828160974,0.0069020440668967,7,1,0.0,0.001592779400053,1,2.5893062560835323,supported,7.0,7.0,0.0,False,False,False,False,True,False,False,False,False,True,7,True,True,True,7,False,inherited_connectome_provenance
8245e990ff2a8794608fc6e8913d6e5fee9b7107,"Hub connectivity, neuronal diversity, and gene expression in the C. elegans connectome","Studies of nervous system connectivity, in a wide variety of species and at different scales of resolution, have identified several highly conserved motifs of network organization. One such motif is a heterogeneous distribution of connectivity across neural elements, such that some elements act as highly connected and functionally important network hubs. These brain network hubs are also densely interconnected, forming a so-called rich-club. Recent work in mouse has identified a distinctive transcriptional signature of neural hubs, characterized by tightly coupled expression of oxidative metabolism genes, with similar genes characterizing macroscale inter-modular hub regions of the human cortex. Here, we sought to determine whether hubs of the neuronal C. elegans connectome also show tightly coupled gene expression. Using open data on the chemical and electrical connectivity of 279 C. elegans neurons, and binary gene expression data for each neuron across 948 genes, we computed a correlated gene expression score for each pair of neurons, providing a measure of their gene expression similarity. We demonstrate that connections between hub neurons are the most similar in their gene expression while connections between nonhubs are the least similar. Genes with the greatest contribution to this effect are involved in glutamatergic and cholinergic signalling, and other communication processes. We further show that coupled expression between hub neurons cannot be explained by their neuronal subtype (i.e., sensory, motor, or interneuron), separation distance, chemically secreted neurotransmitter, birth time, pairwise lineage distance, or their topological module affiliation. Instead, this coupling is intrinsically linked to the identity of most hubs as command interneurons, a specific class of interneurons that regulates locomotion. Our results suggest that neural hubs may possess a distinctive transcriptional signature, preserved across scales and species, that is related to the involvement of hubs in regulating the higher-order behaviors of a given organism. Author summary Some elements of neural systems possess many more connections than others, marking them as network hubs. These hubs are often densely interconnected with each other, forming a so-called rich-club that is thought to support integrated function. Recent work in the mouse suggests that connected pairs of hubs show higher levels of transcriptional coupling than other pairs of brain regions. Here, we show that hub neurons of the nematode C. elegans also show tightly coupled gene expression and that this effect cannot be explained by the spatial proximity or anatomical location of hub neurons, their chemical composition, birth time, neuronal lineage or topological module affiliation. Instead, we find that elevated coexpression is driven by the identity of most hubs of the C. elegans connectome as command interneurons, a specific functional class of neurons that regulate locomotion. These findings suggest that coupled gene expression is a highly conserved genomic signature of neural hubs that may be related to the specific functional role that hubs play in broader network function.",2017.0,bioRxiv,0,10.1101/207134,,,,2017-10-21,https://www.semanticscholar.org/paper/8245e990ff2a8794608fc6e8913d6e5fee9b7107,Biology,Biology|external;Biology|s2-fos-model,A. Arnatkevic̆iūtė; Ben D. Fulcher; R. Pocock; A. Fornito,net_04,network_science,1hop_citations;lexical,True,network_science_scope,connectom,,modular;motif,,,human cortex,,,0,18,0.0001267828160974,0.3535970268117865,7,1,0.0,0.084682771436156,1,2.390872489160251,supported,8.0,118.0,0.0,False,False,True,False,True,False,False,False,False,True,7,True,True,True,7,False,inherited_connectome_provenance
566bb72c4fd6d47d32ac8736ad45412a0df52818,DVID: Distributed Versioned Image-Oriented Dataservice,"Open-source software development has skyrocketed in part due to community tools like github.com, which allows publication of code as well as the ability to create branches and push accepted modifications back to the original repository. As the number and size of EM-based datasets increases, the connectomics community faces similar issues when we publish snapshot data corresponding to a publication. Ideally, there would be a mechanism where remote collaborators could modify branches of the data and then flexibly reintegrate results via moderated acceptance of changes. The DVID system provides a web-based connectomics API and the first steps toward such a distributed versioning approach to EM-based connectomics datasets. Through its use as the central data resource for Janelia's FlyEM team, we have integrated the concepts of distributed versioning into reconstruction workflows, allowing support for proofreader training and segmentation experiments through branched, versioned data. DVID also supports persistence to a variety of storage systems from high-speed local SSDs to cloud-based object stores, which allows its deployment on laptops as well as large servers. The tailoring of the backend storage to each type of connectomics data leads to efficient storage and fast queries. DVID is freely available as open-source software with an increasing number of supported storage options.",2019.0,Front. Neural Circuits,34,10.3389/fncir.2019.00005,30804760.0,,JournalArticle,2019-02-05,https://www.semanticscholar.org/paper/566bb72c4fd6d47d32ac8736ad45412a0df52818,Computer Science;Medicine;Biology,Computer Science|external;Medicine|external;Computer Science|s2-fos-model;Biology|s2-fos-model,W. Katz; Stephen M. Plaza,qc_01;qc_05;train_07,people_development;proofreading_qc,1hop_citations;1hop_references;lexical,True,proofreading_qc_scope;people_development_scope,connectom,,community,proofread;versioning,cloud;distributed;storage;version,,training,,20,8,0.0008440251715126,0.9631006105654368,11,1,1.2570053618788053,0.6575524289885851,2,4.717768339085037,core_candidate,18.0,26.0,34.0,False,False,False,True,True,False,False,False,False,True,6,True,True,True,26,False,inherited_connectome_provenance
9fb48005612fb85d2c2555f92d20c9bf9f97b4d8,The growing topology of the C. elegans connectome,"Probing the developing neural circuitry in Caenorhabditis elegans has enhanced our understanding of nervous systems. The C. elegans connectome, like those of other species, is characterized by a rich club of densely connected neurons embedded within a small-world architecture. This organization of neuronal connections, captured by quantitative network statistics, provides insight into the system’s capacity to perform integrative computations. Yet these network measures are limited in their ability to detect weakly connected motifs, such as topological cavities, that may support the system’s capacity to perform segregated computations. We address this limitation by using persistent homology to track the evolution of topological cavities in the growing C. elegans connectome throughout neural development, and assess the degree to which the growing connec-tome’s topology is resistant to biological noise. We show that the developing connectome topology is both relatively robust to changes in neuron birth times and not captured by similar growth models. Additionally, we quantify the consequence of a neuron’s specific birth time and ask if this metric tracks other biological properties of neurons. Our results suggest that the connectome’s growing topology is a robust feature of the developing con-nectome that is distinct from other network properties, and that the growing topology is particularly sensitive to the exact birth times of a small set of predominantly motor neurons. By utilizing novel measurements that track biological features, we anticipate that our study will be helpful in the construction of more accurate models of neuronal development in C. elegans. Author Summary Network analyses have identified several local and global properties of the C. elegans connectome that are relevant to the organism’s function and its capacity for information processing. Recent work has extended those investigations by focusing on the connectome’s growth, in an effort to uncover potential drivers of connectome formation. Here we investigate connectome growth from the perspective of applied algebraic topology, by tracking both changing and persistent homology. In doing so, we are able to measure the resilience of the growth process to perturbations, and assess spatial variations in that resilience throughout the organism’s body. Our findings provide new insights regarding the development of this simple natural connectome, as we have determined the existence of a robust and topologically simple network feature that is unexplained by the presence of other notable features of the connectome.",2020.0,bioRxiv,10,10.1101/2020.12.31.424985,,2101.00065,,2020-12-31,https://www.semanticscholar.org/paper/9fb48005612fb85d2c2555f92d20c9bf9f97b4d8,Biology;Mathematics,Biology|external;Mathematics|external;Biology|s2-fos-model,Alexander Helm; A. Blevins; D. Bassett,net_03;net_07,network_science,1hop_citations;1hop_references;lexical,True,network_science_scope,connectom,,motif;rich club;small-world,,,,,,3,12,0.0001850742023657,0.8436421555614547,7,1,0.9063192231145532,0.4104061587470135,1,3.6712680293779303,core_candidate,5.0,84.0,10.0,False,False,False,False,True,False,False,False,False,True,6,True,True,True,6,False,inherited_connectome_provenance
72073747fb023e3ffc65bb204212e9322b801551,Circuit motifs and graph properties of connectome development in C. elegans,"Network science is a powerful tool that can be used to better explore the complex structure of brain networks. Leveraging graph and motif analysis tools, we interrogate C. elegans connectomes across multiple developmental time points and compare the resulting graph characteristics and substructures over time. We show the evolution of the networks and highlight stable invariants and patterns as well as those that grow or decay unexpectedly, providing a substrate for additional analysis.",2021.0,bioRxiv,6,10.1101/2021.07.11.451911,,,,2021-07-12,https://www.semanticscholar.org/paper/72073747fb023e3ffc65bb204212e9322b801551,Biology;Computer Science,Biology|external;Biology|s2-fos-model;Computer Science|s2-fos-model,Jordan K. Matelsky; Raphael Norman-Tenazas; Felicia Davenport; E. Reilly; William Gray-Roncal,net_12,network_science,1hop_citations;1hop_references;lexical,True,network_science_scope,connectom,,graph;motif,,,,,,4,8,0.0001822323324035,0.8399256702946641,9,1,0.7944144917481125,0.3514733209450491,1,3.6390142465268553,core_candidate,8.0,17.0,6.0,False,False,False,False,True,False,False,False,False,True,6,True,True,True,9,False,inherited_connectome_provenance
ef148b38ee53fdc2517826bef8302b512f570ef4,Micro-connectomics: probing the organization of neuronal networks at the cellular scale,,2017.0,Nature Reviews Neuroscience,117,10.1038/nrn.2016.182,28148956.0,,Review;JournalArticle,2017-02-02,https://www.semanticscholar.org/paper/ef148b38ee53fdc2517826bef8302b512f570ef4,Biology,Biology|s2-fos-model,Manuel S. Schröter; O. Paulsen; E. Bullmore,,,1hop_citations;1hop_references,True,review_scope,connectom,,,,,,,,9,10,0.0003880583327876,0.9232811255641094,11,1,1.5086229411656549,0.8253251924608441,0,3.605123440403504,core_candidate,19.0,10.0,9.0,False,False,False,False,True,False,False,False,False,True,6,True,True,True,12,False,inherited_connectome_provenance
4503c102147dabccb94de1e83034ee65c3c77a28,Fibration symmetries and cluster synchronization in the Caenorhabditis elegans connectome,Capturing how the Caenorhabditis elegans connectome structure gives rise to its neuron functionality remains unclear. It is through fiber symmetries found in its neuronal connectivity that synchronization of a group of neurons can be determined. To understand these we investigate graph symmetries and search for such in the symmetrized versions of the forward and backward locomotive sub-networks of the Caenorhabditi elegans worm neuron network. The use of ordinarily differential equations simulations admissible to these graphs are used to validate the predictions of these fiber symmetries and are compared to the more restrictive orbit symmetries. Additionally fibration symmetries are used to decompose these graphs into their fundamental building blocks which reveal units formed by nested loops or multilayered fibers. It is found that fiber symmetries of the connectome can accurately predict neuronal synchronization even under not idealized connectivity as long as the dynamics are within stable regimes of simulations.,2024.0,PLoS ONE,3,10.1371/journal.pone.0297669,38598455.0,,JournalArticle,2024-04-10,https://www.semanticscholar.org/paper/4503c102147dabccb94de1e83034ee65c3c77a28,Biology;Physics,Biology|s2-fos-model;Physics|s2-fos-model,Bryant Avila; Matteo Serafino; P. Augusto; Manuel Zimmer; H. Makse,,network_science,1hop_citations;1hop_references,True,network_science_scope,connectom,,graph,,version,,,,1,8,0.000142172658168,0.7393151048579771,6,1,0.8003774225686291,0.355720732678524,1,3.565680028316078,core_candidate,9.0,7.0,1.0,False,False,False,False,True,False,False,False,False,True,6,True,True,True,7,False,inherited_connectome_provenance
ea1afb61a6e5b139ef1da685b6ba9d8bee159346,Distinct circuit motifs evaluate opposing innate values of odors.,"Evaluating the innate value of objects is critical for expressing adaptive behaviors. However, where and how this computation takes place in the brain remain elusive. By recording from virtually every neuron in Drosophila higher olfactory areas, we show that the lateral horn is a site of innate odor value computation, where distinct neurons represent opposing innate values. A connectome-based spiking network model recapitulating the neural activity indicates that representations of aversive odors emerge through specific convergence of feedforward excitation, whereas those of attractive odors emerge through additional local inhibition. This inhibition is broad yet balanced with excitation and implements gain control and thresholding to shape attractive odor tuning. Manipulation of local inhibition biased neuronal and behavioral odor responses according to the prediction of the model. Thus, odors at the opposite ends of the hedonic spectrum are processed in sub-circuits that are not only segregated but also distinct in connectivity motifs.",2025.0,Cell,8,10.1016/j.cell.2025.08.032,40967216.0,,JournalArticle,2025-09-01,https://www.semanticscholar.org/paper/ea1afb61a6e5b139ef1da685b6ba9d8bee159346,Biology,Biology|s2-fos-model,Makoto Someya; Ka-Yuet Liu; Kazumi Ohta; H. Kazama,,network_science,1hop_citations,True,network_science_scope,connectom,,motif,,,,,,0,7,0.0001267828160974,0.6190602601539686,7,1,1.5536723984241865,0.8478895672949297,1,3.4715733120962744,core_candidate,7.0,7.0,0.0,False,False,False,False,True,False,False,False,False,True,6,True,True,True,6,False,inherited_connectome_provenance
c3731a37e3c745ef1b2ddd4010520755911adb3d,Lineages to circuits: the developmental and evolutionary architecture of information channels into the central complex,"The representation and integration of internal and external cues is crucial for any organism to execute appropriate behaviors. In insects, a highly conserved region of the brain, the central complex (CX), functions in the representation of spatial information and behavioral states, as well as the transformation of this information into desired navigational commands. How does this relatively invariant structure enable the incorporation of information from the diversity of anatomical, behavioral, and ecological niches occupied by insects? Here, we examine the input channels to the CX in the context of their development and evolution. Insect brains develop from ~ 100 neuroblasts per hemisphere that divide systematically to form “lineages” of sister neurons, that project to their target neuropils along anatomically characteristic tracts. Overlaying this developmental tract information onto the recently generated Drosophila “hemibrain” connectome and integrating this information with the anatomical and physiological recording of neurons in other species, we observe neuropil and lineage-specific innervation, connectivity, and activity profiles in CX input channels. We posit that the proliferative potential of neuroblasts and the lineage-based architecture of information channels enable the modification of neural networks across existing, novel, and deprecated modalities in a species-specific manner, thus forming the substrate for the evolution and diversification of insect navigational circuits.",2023.0,Journal of Comparative Physiology,26,10.1007/s00359-023-01616-y,36932234.0,,Review;JournalArticle,2023-03-17,https://www.semanticscholar.org/paper/c3731a37e3c745ef1b2ddd4010520755911adb3d,Biology,Biology|s2-fos-model,Pratyush Kandimalla; Jaison J. Omoto; Elizabeth J. Hong; V. Hartenstein,,,1hop_citations;1hop_references,True,review_scope,connectom,,,,,,,,2,6,0.0001759297033481,0.8261215821608707,7,1,1.6479184330021646,0.8823997876294133,0,3.3107910804353597,core_candidate,7.0,6.0,2.0,False,False,False,False,True,False,False,False,False,True,6,True,True,True,8,False,inherited_connectome_provenance
3bc4c59332ddc30f3a4021fd7b47c83e2f78776b,Centralized brain networks controlling antennal grooming coordination,"Animals must coordinate their body parts to perform essential behaviors like grooming and locomotion. Here, we investigate the neural basis of body part coordination during antennal grooming in the fly, Drosophila melanogaster. Unilateral and bilateral grooming, targeting one or both antennae, respectively, arise from synchronized movements of the head, antennae, and forelegs. Replay of these kinematics in a biomechanical model suggests that coordination allows for unobstructed, forceful collisions between the foreleg tibiae and antennae, potentially increasing grooming efficiency. Movements of one body part do not require proprioceptive sensory feedback from the others: neither amputation of the forelegs or antennae, nor immobilization of the head prevented movements of the other unperturbed body parts. An antennal grooming network from the brain connectome shows that centralized interneurons and shared premotor neurons interconnect and thus likely synchronize body part movements. A simulated activation screen of this network reveals that cell classes critical for coordination form coupled circuit motifs of recurrent excitation and broadcast inhibition, the latter of which we experimentally validate through manipulations of ‘asteroid’ broadcast inhibitory neurons during antennal grooming. Similarly centralized controllers may represent a general motif for the flexible co-recruitment of multiple body parts for a variety of behaviors. The neural basis of grooming behavior remains incompletely understood. Here, the authors combine behavior, biomechanical simulations, connectome analysis, and neural network modeling to uncover centralized circuits in the fly that orchestrate grooming behavior.",2026.0,Nature Communications,1,10.1038/s41467-026-72152-x,42026054.0,,JournalArticle,2026-04-23,https://www.semanticscholar.org/paper/3bc4c59332ddc30f3a4021fd7b47c83e2f78776b,Biology,Biology|s2-fos-model,P. G. Özdil; Jonathan Arreguit; Clara Scherrer; Femke Hurtak; A. Ijspeert; Pavan Ramdya,,network_science,1hop_citations,True,network_science_scope,connectom,,motif,,,,,,0,8,0.0001267828160974,0.160339792938678,7,1,0.6931471805599453,0.3013007698433766,1,2.85423856295903,supported,9.0,9.0,0.0,False,False,False,False,True,False,False,False,False,True,6,True,True,True,6,False,inherited_connectome_provenance
4457be04c1321e104735c9f08f875a2c1ed378aa,A weighted network analysis framework for the hourglass effect—And its application in the C. elegans connectome,"Understanding hierarchy and modularity in natural as well as technological networks is of utmost importance. A major aspect of such analysis involves identifying the nodes that are crucial to the overall processing structure of the network. More recently, the approach of hourglass analysis has been developed for the purpose of quantitatively analyzing whether only a few intermediate nodes mediate the information processing between a large number of inputs and outputs of a network. We develop a new framework for hourglass analysis that takes network weights into account while identifying the core nodes and the extent of hourglass effect in a given weighted network. We use this framework to study the structural connectome of the C. elegans and identify intermediate neurons that form the core of sensori-motor pathways in the organism. Our results show that the neurons forming the core of the connectome show significant differences across the male and hermaphrodite sexes, with most core nodes in the male concentrated in sex-organs while they are located in the head for the hermaphrodite. Our work demonstrates that taking weights into account for network analysis framework leads to emergence of different network patterns in terms of identification of core nodes and hourglass structure in the network, which otherwise would be missed by unweighted approaches.",2021.0,bioRxiv,2,10.1371/journal.pone.0249846,34705821.0,,JournalArticle,2021-03-20,https://www.semanticscholar.org/paper/4457be04c1321e104735c9f08f875a2c1ed378aa,Biology;Medicine;Computer Science,Biology|external;Medicine|external;Biology|s2-fos-model;Computer Science|s2-fos-model,Ishaan Batta; Qihang Yao; K. M. Sabrin; C. Dovrolis,net_12,network_science,1hop_citations;lexical,True,network_science_scope,connectom,,modular;network analysis,,,,,,0,8,0.0001267828160974,0.1823732413060791,6,1,0.4485065887313477,0.2078577117069286,1,2.824042120166357,supported,3.0,42.0,2.0,False,False,False,False,True,False,False,False,False,True,6,True,True,True,6,False,inherited_connectome_provenance
c4a28c16cfd5fa7e3f556ed0e8d756a1e80e519e,How neural feedback enables flexible visual processing in Drosophila.,"The visual system can function across variable scene statistics and behavioral contexts. This flexibility arises in part from neural feedback, which shapes visual processing to align with prevailing stimulus conditions and behavioral goals. In the fruit fly Drosophila melanogaster, extensive genetic and connectome resources allow feedback connections of identified cells to be linked to their functions in the visual system. Here, we review key mechanisms and functions of feedback in the Drosophila visual system, drawing parallels to vertebrate models, where feedback also plays an important role in visual processing. We conclude by arguing that connectomes are critical in this task and that cracking feedback circuits in flies can help guide our understanding of feedback in larger brains.",2025.0,Trends in Neurosciences,1,10.1016/j.tins.2025.10.012,41290440.0,,Review;JournalArticle,2025-11-01,https://www.semanticscholar.org/paper/c4a28c16cfd5fa7e3f556ed0e8d756a1e80e519e,Biology,Biology|s2-fos-model,Chloe A Mickels; Maxwell H. Turner,,,1hop_citations,True,review_scope,connectom,,,,,,,,0,6,0.0001267828160974,0.5205734005840191,6,1,0.4901290717342735,0.2306875497743562,0,2.7557738253251927,supported,6.0,6.0,0.0,False,False,False,False,True,False,False,False,False,True,6,True,True,True,6,False,inherited_connectome_provenance
c7445504ca487abcb07e215d33f08ea5f984f8f8,Formation of sensory maps: New tools reveal novel insights into neural development.,"The development of functional neural circuits depends on the navigation of neurites (axons and dendrites) through spatially complex and molecularly diverse environments to their appropriate targets. How these processes maneuver through dense surroundings to reach their targets is a long-standing question in neuroscience. Studies of sensory systems have been especially enlightening for identifying cues that underlie connectivity due to their organization as stereotyped neural maps. Recent advances in imaging, connectomics, and genomics have profoundly deepened our understanding of these processes and uncovered new mechanisms regulating circuit development. In this review, we discuss studies of Drosophila sensory systems that provide new insights into axon and dendritic targeting, partner identification and selection, and subcellular refinement. We highlight related or divergent findings in other systems and provide an outlook for future studies.",2025.0,Current Opinion in Neurobiology,0,10.1016/j.conb.2025.103112,40957250.0,,Review;JournalArticle,2025-09-15,https://www.semanticscholar.org/paper/c7445504ca487abcb07e215d33f08ea5f984f8f8,Biology,Biology|s2-fos-model,Nova Qi; Abby J Wood; Wesley B. Grueber,,,1hop_citations,True,review_scope,connectom,,,,,,,,0,6,0.0001267828160974,0.5261481284842049,6,1,0.0,0.1191929917706397,0,2.7042075922484736,supported,6.0,4.0,0.0,False,False,False,False,True,False,False,False,False,True,6,True,True,True,6,False,inherited_connectome_provenance
20781b99b45389300114c70ad9c422b13d44b1a0,Reconstructing the human brain’s wiring diagram from axons up,"The human brain’s long-range axonal connections are the scaffolding for communication across functionally distinct areas. Yet, knowledge of the human brain’s wiring diagram remains limited, largely due to longstanding technological challenges. Recent innovations in microscopy may now enable mapping human brain connectivity at the mesoscale (groups of neurons and their axons). Here, we describe the challenges of generating the wiring diagrams of the human brain, avenues forward, and reasons why such an effort is so important. We argue for building a human mesoscale connectome via a multi-modal, multi-species, axon-centric approach, focusing on where axons begin and end to reconstruct connectivity across spatial resolutions. Finally, we consider the utility of a potential exemplar connectome for both clinical applications and research.",2025.0,Trends in Neurosciences,2,10.1016/j.tins.2025.11.001,41330839.0,,Review;JournalArticle,2025-12-01,https://www.semanticscholar.org/paper/20781b99b45389300114c70ad9c422b13d44b1a0,Biology,Biology|s2-fos-model,Sarah R. Heilbronner; R. Reid; Tanya K. Casta; Franco Pestilli,,,1hop_citations,True,review_scope,connectom;wiring diagram,,,,,clinical;human brain,,,0,7,0.0001267828160974,0.0809662861693655,5,1,0.7768361992120931,0.3350146004778338,0,2.478232014865941,supported,7.0,6.0,0.0,False,False,True,False,True,True,False,False,False,True,6,True,True,True,6,False,inherited_connectome_provenance
dee1bed7095e71307f36947f31a27b429c2fc21d,Analysis Tools for Large Connectomes,"New reconstruction techniques are generating connectomes of unprecedented size. These must be analyzed to generate human comprehensible results. The analyses being used fall into three general categories. The first is interactive tools used during reconstruction, to help guide the effort, look for possible errors, identify potential cell classes, and answer other preliminary questions. The second type of analysis is support for formal documents such as papers and theses. Scientific norms here require that the data be archived and accessible, and the analysis reproducible. In contrast to some other “omic” fields such as genomics, where a few specific analyses dominate usage, connectomics is rapidly evolving and the analyses used are often specific to the connectome being analyzed. These analyses are typically performed in a variety of conventional programming language, such as Matlab, R, Python, or C++, and read the connectomic data either from a file or through database queries, neither of which are standardized. In the short term we see no alternative to the use of specific analyses, so the best that can be done is to publish the analysis code, and the interface by which it reads connectomic data. A similar situation exists for archiving connectome data. Each group independently makes their data available, but there is no standardized format and long-term accessibility is neither enforced nor funded. In the long term, as connectomics becomes more common, a natural evolution would be a central facility for storing and querying connectomic data, playing a role similar to the National Center for Biotechnology Information for genomes. The final form of analysis is the import of connectome data into downstream tools such as neural simulation or machine learning. In this process, there are two main problems that need to be addressed. First, the reconstructed circuits contain huge amounts of detail, which must be intelligently reduced to a form the downstream tools can use. Second, much of the data needed for these downstream operations must be obtained by other methods (such as genetic or optical) and must be merged with the extracted connectome.",2018.0,Front. Neural Circuits,3,10.3389/fncir.2018.00085,30374293.0,,Review;JournalArticle,2018-10-15,https://www.semanticscholar.org/paper/dee1bed7095e71307f36947f31a27b429c2fc21d,Computer Science;Biology,Computer Science|s2-fos-model;Biology|s2-fos-model,Louis K. Scheffer,,,1hop_citations,True,review_scope,connectom,,,,database;query,,,,0,6,0.0001267828160974,0.5845500398194851,5,1,0.4620981203732968,0.2113087337403769,0,2.2940668967348024,supported,6.0,6.0,0.0,False,False,False,False,True,False,False,False,False,True,6,True,True,True,6,False,inherited_connectome_provenance
cebe026377b10313bebedc2ee18f8fa045ceebf7,"NeuTu: Software for Collaborative, Large-Scale, Segmentation-Based Connectome Reconstruction","Reconstructing a connectome from an EM dataset often requires a large effort of proofreading automatically generated segmentations. While many tools exist to enable tracing or proofreading, recent advances in EM imaging and segmentation quality suggest new strategies and pose unique challenges for tool design to accelerate proofreading. Namely, we now have access to very large multi-TB EM datasets where (1) many segments are largely correct, (2) segments can be very large (several GigaVoxels), and where (3) several proofreaders and scientists are expected to collaborate simultaneously. In this paper, we introduce NeuTu as a solution to efficiently proofread large, high-quality segmentation in a collaborative setting. NeuTu is a client program of our high-performance, scalable image database called DVID so that it can easily be scaled up. Besides common features of typical proofreading software, NeuTu tames unprecedentedly large data with its distinguishing functions, including: (1) low-latency 3D visualization of large mutable segmentations; (2) interactive splitting of very large false merges with highly optimized semi-automatic segmentation; (3) intuitive user operations for investigating or marking interesting points in 3D visualization; (4) visualizing proofreading history of a segmentation; and (5) real-time collaborative proofreading with lock-based concurrency control. These unique features have allowed us to manage the workflow of proofreading a large dataset smoothly without dividing them into subsets as in other segmentation-based tools. Most importantly, NeuTu has enabled some of the largest connectome reconstructions as well as interesting discoveries in the fly brain.",2018.0,Front. Neural Circuits,45,10.3389/fncir.2018.00101,30483068.0,,JournalArticle,2018-11-13,https://www.semanticscholar.org/paper/cebe026377b10313bebedc2ee18f8fa045ceebf7,Computer Science;Medicine;Biology,Computer Science|external;Medicine|external;Computer Science|s2-fos-model;Biology|s2-fos-model,Ting Zhao; D. J. Olbris; Yang Yu; Stephen M. Plaza,rec_03,proofreading_qc;reconstruction,1hop_citations;1hop_references;lexical,True,proofreading_qc_scope,connectom,,,proofread,database;visualization,,,,18,7,0.0008725341145234,0.9657552428988584,11,1,1.2762137988296984,0.6766657817892222,2,4.729315989735421,core_candidate,27.0,7.0,20.0,False,False,False,False,True,False,False,False,False,True,5,True,True,True,22,False,inherited_connectome_provenance
a2479a1223fd44077e0685460b650c60086318cd,Morphological Error Detection in 3D Segmentations,"Deep learning algorithms for connectomics rely upon localized classification, rather than overall morphology. This leads to a high incidence of erroneously merged objects. Humans, by contrast, can easily detect such errors by acquiring intuition for the correct morphology of objects. Biological neurons have complicated and variable shapes, which are challenging to learn, and merge errors take a multitude of different forms. We present an algorithm, MergeNet, that shows 3D ConvNets can, in fact, detect merge errors from high-level neuronal morphology. MergeNet follows unsupervised training and operates across datasets. We demonstrate the performance of MergeNet both on a variety of connectomics data and on a dataset created from merged MNIST images.",2017.0,arXiv.org,29,,,1705.10882,JournalArticle,2017-05-30,https://www.semanticscholar.org/paper/a2479a1223fd44077e0685460b650c60086318cd,Biology;Computer Science,Biology|s2-fos-model;Computer Science|s2-fos-model,D. Rolnick; Y. Meirovitch; T. Parag; H. Pfister; Viren Jain; J. Lichtman; E. Boyden; N. Shavit,,proofreading_qc,1hop_citations;1hop_references,True,proofreading_qc_scope,connectom,,,merge error,,,training,,6,5,0.0005196025123846,0.9439872577647996,11,1,1.0755530497853418,0.5181842314839394,1,4.300415892398902,core_candidate,11.0,5.0,6.0,False,False,False,True,True,False,False,False,False,True,5,True,True,True,10,False,inherited_connectome_provenance
1c074e80f80a16bd6fddf0e299fac36404731efb,Guided Proofreading of Automatic Segmentations for Connectomics,"Automatic cell image segmentation methods in connectomics produce merge and split errors, which require correction through proofreading. Previous research has identified the visual search for these errors as the bottleneck in interactive proofreading. To aid error correction, we develop two classifiers that automatically recommend candidate merges and splits to the user. These classifiers use a convolutional neural network (CNN) that has been trained with errors in automatic segmentations against expert-labeled ground truth. Our classifiers detect potentially-erroneous regions by considering a large context region around a segmentation boundary. Corrections can then be performed by a user with yes/no decisions, which reduces variation of information 7.5Ã— faster than previous proofreading methods. We also present a fully-automatic mode that uses a probability threshold to make merge/split decisions. Extensive experiments using the automatic approach and comparing performance of novice and expert users demonstrate that our method performs favorably against state-of-the-art proofreading methods on different connectomics datasets.",2017.0,2018 IEEE/CVF Conference on Computer Vision and Pattern Recognition,31,10.1109/cvpr.2018.00971,,1704.00848,JournalArticle;Conference,2017-04-04,https://www.semanticscholar.org/paper/1c074e80f80a16bd6fddf0e299fac36404731efb,Computer Science;Biology,Computer Science|external;Biology|s2-fos-model;Computer Science|s2-fos-model,Daniel Haehn; V. Kaynig; James Tompkin; J. Lichtman; H. Pfister,qc_01;qc_04,proofreading_qc,1hop_citations;1hop_references;lexical,True,proofreading_qc_scope,connectom,,,error correction;proofread;split error,,,,,13,9,0.000321241475013,0.9089461109636316,11,1,1.0959619221467063,0.5280063711176002,1,4.279046102114856,core_candidate,17.0,32.0,31.0,False,False,False,False,True,False,False,False,False,True,5,True,True,True,14,False,inherited_connectome_provenance
e0e24641e7e385b667a5c4008f49e151273da7b7,ConnectomeBench: Can LLMs Proofread the Connectome?,"Connectomics - the mapping of neural connections in an organism's brain - currently requires extraordinary human effort to proofread the data collected from imaging and machine-learning assisted segmentation. With the growing excitement around using AI agents to automate important scientific tasks, we explore whether current AI systems can perform multiple tasks necessary for data proofreading. We introduce ConnectomeBench, a multimodal benchmark evaluating large language model (LLM) capabilities in three critical proofreading tasks: segment type identification, split error correction, and merge error detection. Using expert annotated data from two large open-source datasets - a cubic millimeter of mouse visual cortex and the complete Drosophila brain - we evaluate proprietary multimodal LLMs including Claude 3.7/4 Sonnet, o4-mini, GPT-4.1, GPT-4o, as well as open source models like InternVL-3 and NVLM. Our results demonstrate that current models achieve surprisingly high performance in segment identification (52-82% balanced accuracy vs. 20-25% chance) and binary/multiple choice split error correction (75-85% accuracy vs. 50% chance) while generally struggling on merge error identification tasks. Overall, while the best models still lag behind expert performance, they demonstrate promising capabilities that could eventually enable them to augment and potentially replace human proofreading in connectomics. Project page: https://github.com/jffbrwn2/ConnectomeBench and Dataset https://huggingface.co/datasets/jeffbbrown2/ConnectomeBench/tree/main",2025.0,Neural Information Processing Systems,2,10.48550/arxiv.2511.05542,,2511.05542,JournalArticle,2025-10-31,https://www.semanticscholar.org/paper/e0e24641e7e385b667a5c4008f49e151273da7b7,Computer Science;Biology,Computer Science|external;Biology|external;Computer Science|s2-fos-model,Jeff Brown; Andrew Kirjner; Annika Vivekananthan; Edward S. Boyden,qc_01;qc_04;qc_06,proofreading_qc,1hop_citations;1hop_references;lexical,True,proofreading_qc_scope,connectom,,,error correction;merge error;proofread;split error,,,,,1,7,0.0001314666810754,0.6838332890894611,8,1,0.7768361992120931,0.3421821077780727,1,4.267299354039466,core_candidate,11.0,13.0,2.0,False,False,False,False,True,False,False,False,False,True,5,True,True,True,6,False,inherited_connectome_provenance
4e3da389322dba80f0d78419246b891a2c9d1049,Learning and criticality in a self-organizing model of connectome growth,"The exploration of brain networks has reached an important milestone as relatively large and reliable information has been gathered for connectomes of different species1,2. Analyses of connectome data sets reveal that the structural length follows the exponential rule3, the distributions of in- and out-node strengths4,5 follow heavy-tailed lognormal statistics, while the functional network properties exhibit powerlaw tails6, suggesting that the brain operates close to a critical point where computational capabilities7 and sensitivity to stimulus is optimal8. Because these universal network features emerge from bottom-up (self-)organization, one can pose the question of whether they can be modeled via a common framework, particularly through the lens of criticality of statistical physical systems. Here, we simultaneously reproduce the powerlaw statistics of connectome edge weights and the lognormal distributions of node strengths from an avalanche-type model with learning that operates on baseline networks that mimic the neuronal circuitry. We observe that the avalanches created by a sandpile-like model9 on simulated neurons connected by a hierarchical modular network (HMN)10,11 produce robust powerlaw avalanche size distributions with critical exponents of 3/2 characteristic of neuronal systems12. Introducing Hebbian learning, wherein neurons that ‘fire together, wire together,’ recovers the powerlaw distribution of edge weights and the lognormal distributions of node degrees, comparable to those obtained from connectome data5. Our results strengthen the notion of a critical brain, one whose local interactions drive connectivity and learning without a need for external intervention and precise tuning13.",2025.0,Scientific Reports,5,10.1038/s41598-025-16377-8,40883404.0,2504.01565,JournalArticle,2025-04-02,https://www.semanticscholar.org/paper/4e3da389322dba80f0d78419246b891a2c9d1049,Medicine;Physics;Computer Science,Medicine|external;Physics|external;Computer Science|s2-fos-model,M. Cirunay; R. Batac; Géza Ódor,net_04,network_science,1hop_citations;1hop_references;lexical,True,network_science_scope,connectom,,modular,,,,,,2,7,0.0001477374908679,0.7618794796920626,5,1,1.2669652709463668,0.6657817892221928,1,4.237633837713476,core_candidate,4.0,65.0,5.0,False,False,False,False,True,False,False,False,False,True,5,True,True,True,7,False,inherited_connectome_provenance
5cc57c428611645d6d966aa64314d659d27882bb,Flow-Based Network Analysis of the Caenorhabditis elegans Connectome,"We exploit flow propagation on the directed neuronal network of the nematode C. elegans to reveal dynamically relevant features of its connectome. We find flow-based groupings of neurons at different levels of granularity, which we relate to functional and anatomical constituents of its nervous system. A systematic in silico evaluation of the full set of single and double neuron ablations is used to identify deletions that induce the most severe disruptions of the multi-resolution flow structure. Such ablations are linked to functionally relevant neurons, and suggest potential candidates for further in vivo investigation. In addition, we use the directional patterns of incoming and outgoing network flows at all scales to identify flow profiles for the neurons in the connectome, without pre-imposing a priori categories. The four flow roles identified are linked to signal propagation motivated by biological input-response scenarios.",2015.0,PLoS Comput. Biol.,67,10.1371/journal.pcbi.1005055,27494178.0,1511.00673,JournalArticle,2015-11-02,https://www.semanticscholar.org/paper/5cc57c428611645d6d966aa64314d659d27882bb,Medicine;Computer Science;Biology;Physics,Medicine|external;Computer Science|external;Biology|external;Physics|external;Biology|s2-fos-model;Computer Science|s2-fos-model,K. Bacik; Michael T. Schaub; M. Beguerisse-Díaz; Yazan N. Billeh; Mauricio Barahona,net_12,network_science,1hop_citations;1hop_references;lexical,True,network_science_scope,connectom,,network analysis,,,,,,6,6,0.0003615156549943,0.9179718608972656,5,1,1.2180669547155627,0.6323334218210778,1,3.837978939916821,core_candidate,5.0,99.0,67.0,False,False,False,False,True,False,False,False,False,True,5,True,True,True,7,False,inherited_connectome_provenance
44f90a79275a826a22d1e0ddf383f6f95c6eae75,Connectome studies on Drosophila: a short perspective on a tiny brain,,2016.0,Journal of neurogenetics,19,10.3109/01677063.2016.1166224,27328842.0,,Review;JournalArticle,2016-04-02,https://www.semanticscholar.org/paper/44f90a79275a826a22d1e0ddf383f6f95c6eae75,Biology;Medicine,Biology|external;Medicine|external;Biology|s2-fos-model,I. Meinertzhagen,core_04,direct_connectomics,1hop_citations;1hop_references;lexical,True,review_scope,connectom,,,,,,,,10,11,0.0009557713558259,0.9684098752322804,11,1,0.9032472657942646,0.4088133793469604,1,3.7640474294310233,core_candidate,16.0,11.0,19.0,False,False,False,False,True,False,False,False,False,True,5,True,True,True,12,False,inherited_connectome_provenance
766eebbbc0527ebc6255d521ae8d7c6c6a9873df,Recent advancement in the challenges to connectomics.,,2016.0,Microscopy,14,10.1093/jmicro/dfv371,26671942.0,,Review;JournalArticle,2016-04-01,https://www.semanticscholar.org/paper/766eebbbc0527ebc6255d521ae8d7c6c6a9873df,Computer Science;Medicine;Biology,Computer Science|external;Medicine|external;Biology|s2-fos-model;Medicine|s2-fos-model,N. Ohno; Mitsuhiko Katoh; Y. Saitoh; S. Saitoh,core_04,direct_connectomics,1hop_citations;lexical,True,review_scope,connectom,,,,,,,,1,7,0.0002345117105914,0.8792142288293071,5,1,0.8165078573184106,0.3729758428457658,1,3.679231926378197,core_candidate,7.0,7.0,14.0,False,False,False,False,True,False,False,False,False,True,5,True,True,True,5,False,inherited_connectome_provenance
6407ff23a8bcbda84b6a4965fd37571ca8a3c799,Dynamic Functional Connectivity in the Static Connectome of C. elegans,"A hallmark of adaptive behavior is the ability to flexibly respond to sensory cues, depending on context and experience. To understand how neural circuits implement this flexibility, it is critical to resolve how a static anatomical connectome can be modulated such that functional connectivity in the network can be dynamically regulated. Here, we review recent work in the roundworm Caenorhabditis elegans that is clarifying how a defined connectome can be modulated in such a manner. Recent EM studies have mapped the anatomical connectomes of many C. elegans animals, highlighting the level of stereotypy in the anatomical network. Brain-wide calcium imaging and focused studies of specified neural circuits in C. elegans have uncovered a high degree of flexibility in the functional coupling of neurons within circuits. The coupling between neurons is controlled in large part by neuromodulatory systems that act over long time scales. This then gives rise to persistent behavioral states that animals switch between, allowing them to generate adaptive behavioral responses across a range of environmental conditions. Thus, the dynamic coupling of neurons enables multiple behavioral states to be encoded in a physically stereotyped connectome.",2022.0,Current Opinion in Neurobiology,28,10.1016/j.conb.2021.12.002,35183877.0,,Review;JournalArticle,2022-02-17,https://www.semanticscholar.org/paper/6407ff23a8bcbda84b6a4965fd37571ca8a3c799,Biology,Biology|s2-fos-model,S. Flavell; A. Gordus,,,1hop_citations;1hop_references,True,review_scope,connectom,,,,,,,,1,5,0.0001357602239719,0.7106450756570215,6,1,1.505900475240266,0.8226705601274223,0,3.1943190868064772,core_candidate,7.0,5.0,2.0,False,False,False,False,True,False,False,False,False,True,5,True,True,True,6,False,inherited_connectome_provenance
c67082bbe83aa651b164b3cc61f7972839891215,Circuit analysis of the Drosophila brain using connectivity-based neuronal classification reveals organization of key communication pathways,"Abstract We present a functionally relevant, quantitative characterization of the neural circuitry of Drosophila melanogaster at the mesoscopic level of neuron types as classified exclusively based on potential network connectivity. Starting from a large neuron-to-neuron brain-wide connectome of the fruit fly, we use stochastic block modeling and spectral graph clustering to group neurons together into a common “cell class” if they connect to neurons of other classes according to the same probability distributions. We then characterize the connectivity-based cell classes with standard neuronal biomarkers, including neurotransmitters, developmental birthtimes, morphological features, spatial embedding, and functional anatomy. Mutual information indicates that connectivity-based classification reveals aspects of neurons that are not adequately captured by traditional classification schemes. Next, using graph theoretic and random walk analyses to identify neuron classes as hubs, sources, or destinations, we detect pathways and patterns of directional connectivity that potentially underpin specific functional interactions in the Drosophila brain. We uncover a core of highly interconnected dopaminergic cell classes functioning as the backbone communication pathway for multisensory integration. Additional predicted pathways pertain to the facilitation of circadian rhythmic activity, spatial orientation, fight-or-flight response, and olfactory learning. Our analysis provides experimentally testable hypotheses critically deconstructing complex brain function from organized connectomic architecture.",2022.0,Network Neuroscience,8,10.1162/netn_a_00283,37339321.0,,JournalArticle,2022-10-12,https://www.semanticscholar.org/paper/c67082bbe83aa651b164b3cc61f7972839891215,Biology,Biology|s2-fos-model,Ketan Mehta; R. Goldin; G. Ascoli,,network_science,1hop_citations;1hop_references,True,network_science_scope,connectom,,graph,,,,,,1,6,0.0001471449273612,0.7602867002920095,6,1,0.982628703351406,0.4664189009822139,1,3.136757809043447,core_candidate,7.0,5.0,1.0,False,False,False,False,True,False,False,False,False,True,5,True,True,True,6,False,inherited_connectome_provenance
3f2d07badd7850faf948302ad9461f277c373482,A Programmable Ontology Encompassing the Functional Logic of the Drosophila Brain,"The Drosophila brain has only a fraction of the number of neurons of higher organisms such as mice and humans. Yet the sheer complexity of its neural circuits recently revealed by large connectomics datasets suggests that computationally modeling the function of fruit fly brain circuits at this scale posits significant challenges. To address these challenges, we present here a programmable ontology that expands the scope of the current Drosophila brain anatomy ontologies to encompass the functional logic of the fly brain. The programmable ontology provides a language not only for modeling circuit motifs but also for programmatically exploring their functional logic. To achieve this goal, we tightly integrated the programmable ontology with the workflow of the interactive FlyBrainLab computing platform. As part of the programmable ontology, we developed NeuroNLP++, a web application that supports free-form English queries for constructing functional brain circuits fully anchored on the available connectome/synaptome datasets, and the published worldwide literature. In addition, we present a methodology for including a model of the space of odorants into the programmable ontology, and for modeling olfactory sensory circuits of the antenna of the fruit fly brain that detect odorant sources. Furthermore, we describe a methodology for modeling the functional logic of the antennal lobe circuit consisting of massive local feedback loops, a characteristic feature observed across Drosophila brain regions. Finally, using a circuit library, we demonstrate the power of our methodology for interactively exploring the functional logic of the massive number of feedback loops in the antennal lobe.",2021.0,bioRxiv,5,10.1101/2021.12.28.474399,35795870.0,,JournalArticle,2021-12-29,https://www.semanticscholar.org/paper/3f2d07badd7850faf948302ad9461f277c373482,Computer Science;Biology,Computer Science|s2-fos-model;Biology|s2-fos-model,A. Lazar; M. Turkcan; Yiyin Zhou,,network_science,1hop_citations;1hop_references,True,network_science_scope,connectom,,motif,,,,,,1,5,0.0001350696541354,0.7066631271568887,6,1,0.7314827402347921,0.3212105123440403,1,3.02393593487302,core_candidate,6.0,5.0,1.0,False,False,False,False,True,False,False,False,False,True,5,True,True,True,6,False,inherited_connectome_provenance
a93632a269aed95943941c595a27d4d3e7e9cec7,Inferring Active Neural Circuits Using Diffusion Scores,"In biological systems, neural circuits compute through directed, short-latency interactions whose effects unfold across multiple time scales and behavioral contexts. We address the problem of inferring these local, lag-specific interactions from sampled neural population activity under varying stimuli, without assuming a parametric form for the underlying dynamics. Our approach leverages denoising score models by estimating joint-window scores over consecutive activity snapshots (i.e., brain states) and converting these scores into calibrated, directed edge tests via cross-block score products. The key insight is that these products recover the Jacobian of the transition map between brain states under nonlinear dynamics. To cleanly separate lag-specific effects, we introduce minimal multi-block windows that condition on intermediate time points, avoiding the omitted-lag bias inherent in pairwise analyses. The resulting method, Score--Block Time Graphs (SBTG), identifies lag-specific directed interactions in sampled neuronal population data. We specifically apply SBTG to whole-brain C. elegans calcium imaging data to recover lag-specific circuit structure not resolved by current methods, including improved alignment with independent connectomes, cell-type-specific temporal organization, and neuromodulatory profiles consistent with known receptor kinetics. These findings highlight the potential for SBTG to serve as a practical ``AI for science''tool by turning high-dimensional neural population recordings into statistically testable circuit hypotheses.",2026.0,,0,,,2605.02852,,2026-05-04,https://www.semanticscholar.org/paper/a93632a269aed95943941c595a27d4d3e7e9cec7,Computer Science,Computer Science|s2-fos-model,Savik Kinger; Johannes Bertram; Luciano Dyballa; Ev Yemini; Steven W. Zucker,,network_science,1hop_citations,True,network_science_scope,connectom,,graph,,,,,,0,5,0.0001267828160974,0.4473055481815768,5,1,0.0,0.103530661003451,1,2.970577824971241,supported,6.0,6.0,0.0,False,False,False,False,True,False,False,False,False,True,5,True,True,True,5,False,inherited_connectome_provenance
f8706b42b53f85d19006863d2946cf1f49ac3bb3,In silico neuronal morphology classification: A systematic review.,"Advances in connectomics and the characterization of neuronal diversity have been fundamental to understanding how the brain works. Defining a taxonomy is still challenging and requires complex computational methods. In this paper, we present a systematic review of the state-of-the-art methods for neuronal morphology classification, shedding light on trends and future directions. We address three core research questions: (1) What computational methods are used to classify neuronal morphologies? (2) What kind of representation do the classification models work on? (3) How are the classification models evaluated? We applied a structured protocol including peer-reviewed studies published since 2018. We collected 840 papers from five databases, published between 2018 and 2024. We assessed risk of bias using predefined quality criteria on study design, methodology, and reporting; 35 studies met these standards and were included to extract information and consolidate the results. The results show that Artificial Neural Networks are currently the main method for classifying neurons based on morphometric features (21 papers). Representations based on microscopy images for extracting morphometric features (30) are commonly used. Accuracy (29) is the predominant evaluation measure. Our research findings contribute to the body of knowledge by providing an up-to-date perspective on neuronal classification, which can guide future research in neuroscience and related fields.",2026.0,Neuroscience,0,10.1016/j.neuroscience.2026.02.044,41771416.0,,Review;JournalArticle,2026-02-01,https://www.semanticscholar.org/paper/f8706b42b53f85d19006863d2946cf1f49ac3bb3,Computer Science;Biology,Computer Science|s2-fos-model;Biology|s2-fos-model,Fábio Lobato; J. Leite; Antonio Jacob; Roberto Santana,,,1hop_citations,True,review_scope,connectom,,,,database,,,,0,5,0.0001267828160974,0.6580833554552694,5,1,0.0,0.1460047783382001,0,2.8165649057605524,supported,5.0,5.0,0.0,False,False,False,False,True,False,False,False,False,True,5,True,True,True,5,False,inherited_connectome_provenance
495688bd078b2a9613465113f485631fc702fe52,Hidden symmetries in network connectivity support ring attractor dynamics in the fly’s neural compass,"Theoretical models can explain how network structure shapes neural computation, but they typically assume idealized connectivity that is inconsistent with the heterogeneous wiring of biological circuits. We address this issue in the Drosophila head-direction system, a recurrent network with ring-attractor dynamics that enable angular velocity integration. The network’s symmetric wiring motifs are reminiscent of classical models, but with additional heterogeneity that should, in principle, destabilize attractor dynamics. Inspired by novel architectures discovered through machine-learning-based optimization, we develop an algorithm that transforms attractor models with symmetric connectivity into functionally equivalent models with heterogeneous connectivity. By replacing each unit with multiple clones that preserve its output, the algorithm embeds hidden symmetries in heterogeneous connectivity, maintaining ring-attractor dynamics and accurate integration. Analysis of multiple fly connectomes provides evidence for duplicated units whose connectivity reflects hidden symmetries, consistent with our theory. Our framework helps reconcile idealized models of neural computation with heterogeneous biological circuits.",2026.0,bioRxiv,0,10.64898/2026.05.18.725766,,,,2026-05-20,https://www.semanticscholar.org/paper/495688bd078b2a9613465113f485631fc702fe52,Computer Science;Biology,Computer Science|s2-fos-model;Biology|s2-fos-model,B. Hulse; P.B. Aneesh; S. Romani; V. Jayaraman; Ann M. Hermundstad,,network_science,1hop_citations,True,network_science_scope,connectom,,motif,,,,,,0,5,0.0001267828160974,0.1959118662065304,5,1,0.0,0.0451287496681709,1,2.7528316078223165,supported,6.0,4.0,0.0,False,False,False,False,True,False,False,False,False,True,5,True,True,True,5,False,inherited_connectome_provenance
2bde63e0f8dec89e2d8a37733287fcfc6e4d63c6,Developmental patterns of the C. elegans neural circuits using community detection.,"C. elegans serves as a prime model for dissecting the developmental trajectories of nervous systems, yet, few studies have probed the functional development of its neural connectome. In this work, we utilized an enhanced version of BIGCLAM, a community detection algorithm tailored for weighted and directed networks that explicitly captures overlapping modules, to delineate neural circuits across C. elegans' developmental stages (from L1 larvae to adults) based on developmental neural connectome datasets. Our findings reveal that neural circuits are initially small and simple during early development, whereas they undergo marked expansion, increased structural complexity and functional diversification in later phases. Notably, neural circuits emerge progressively: neurons integrate sequentially into functional assemblies, enabling a transition from basic survival-centric behaviors to complex behavioral repertoires. In contrast to conventional experiment-based approaches, this topological analysis framework facilitates quasi-precise detection of neural circuits with minimal resource consumption.",2026.0,Neuroscience,0,10.1016/j.neuroscience.2026.06.007,42320724.0,,JournalArticle,2026-06-19,https://www.semanticscholar.org/paper/2bde63e0f8dec89e2d8a37733287fcfc6e4d63c6,Medicine;Biology;Computer Science,Medicine|external;Biology|s2-fos-model;Computer Science|s2-fos-model,Xuebin Wang; Ruixue Qin; Guiyuan Shi; Lirong Zheng; He Liu,net_05;net_12,network_science,1hop_citations;lexical,True,network_science_scope,connectom,,community,,version,,,,0,6,0.0001267828160974,0.1114945580037164,6,1,0.0,0.0222989116007432,1,2.678103707636492,supported,6.0,6.0,0.0,False,False,False,False,True,False,False,False,False,True,5,True,True,True,5,False,inherited_connectome_provenance
1cd5cfb995352c6cb71a6fbe3eb9c97ee6ce2d51,Semantic Representation of Neural Circuit Knowledge in Caenorhabditis elegans,"In modern biology, new knowledge is generated quickly, making it challenging for researchers to efficiently acquire and synthesise new information from the large volume of primary publications. To address this problem, computational approaches that generate machine-readable representations of scientific findings in the form of knowledge graphs have been developed. These representations can integrate different types of experimental data from multiple papers and biological knowledge bases in a unifying data model, providing a complementary method to manual review for interacting with published knowledge. The Gene Ontology Consortium (GOC) has created a semantic modelling framework that extends individual functional gene annotations to structured descriptions of causal networks representing biological processes (Gene Ontology Causal Activity Modelling, or GO-CAM). In this study, we explored whether the GO-CAM framework could represent knowledge of the causal relationships between environmental inputs, neural circuits and behavior in the model nematode C. elegans (C. elegans Neural Circuit Causal Activity Modelling (CeN- CAM)). We found that, given extensions to several relevant ontologies, a wide variety of author statements from the literature about the neural circuit basis of egg-laying and carbon dioxide (CO2) avoidance behaviors could be faithfully represented with CeN-CAM. Through this process, we were able to generate generic data models for several categories of experimental results. We also discuss how semantic modelling may be used to functionally annotate the C. elegans connectome. Thus, Gene Ontology-based semantic modelling has the potential to support various machine-readable representations of neurobiological knowledge. Graphical Abstract",2023.0,bioRxiv,1,10.1101/2023.04.28.538760,37162850.0,,Review,2023-04-30,https://www.semanticscholar.org/paper/1cd5cfb995352c6cb71a6fbe3eb9c97ee6ce2d51,Biology;Computer Science,Biology|s2-fos-model;Computer Science|s2-fos-model,Sharan J. Prakash; K. V. Van Auken; D. Hill; P. Sternberg,,network_science,1hop_citations,True,network_science_scope;review_scope,connectom,,graph,annotation,annotation,,,,0,5,0.0001267828160974,0.0716750730023891,5,1,0.3465735902799726,0.1823732413060791,1,2.2282762587381644,supported,5.0,5.0,0.0,False,False,False,False,True,False,False,False,False,True,5,True,True,True,5,False,inherited_connectome_provenance
39b3c5c844b885be38984f4542ee2349e34082ed,NeuroBlocks – Visual Tracking of Segmentation and Proofreading for Large Connectomics Projects,,2016.0,IEEE Transactions on Visualization and Computer Graphics,44,10.1109/tvcg.2015.2467441,26529725.0,,JournalArticle,2016-01-31,https://www.semanticscholar.org/paper/39b3c5c844b885be38984f4542ee2349e34082ed,Computer Science;Medicine;Biology,Computer Science|external;Medicine|external;Computer Science|s2-fos-model;Biology|s2-fos-model,Ali K. Al-Awami; Johanna Beyer; Daniel Haehn; N. Kasthuri; J. Lichtman; H. Pfister; Markus Hadwiger,core_06;inf_08;qc_01,direct_connectomics;infrastructure;proofreading_qc,1hop_citations;1hop_references;lexical,True,proofreading_qc_scope;infrastructure_scope,connectom,,graph,proofread,visualization,,,,9,5,0.0007710166230783,0.959118662065304,9,1,1.1477519256443864,0.5795062383859836,3,5.00909211574197,core_candidate,12.0,5.0,44.0,False,False,False,False,True,False,False,False,False,True,4,True,True,True,10,False,inherited_connectome_provenance
615cbf08f2afb696a8bd1f442e8121bc163b2d8f,An Error Detection and Correction Framework for Connectomics,"We define and study error detection and correction tasks that are useful for 3D reconstruction of neurons from electron microscopic imagery, and for image segmentation more generally. Both tasks take as input the raw image and a binary mask representing a candidate object. For the error detection task, the desired output is a map of split and merge errors in the object. For the error correction task, the desired output is the true object. We call this object mask pruning, because the candidate object mask is assumed to be a superset of the true object. We train multiscale 3D convolutional networks to perform both tasks. We find that the error-detecting net can achieve high accuracy. The accuracy of the error-correcting net is enhanced if its input object mask is ""advice"" (union of erroneous objects) from the error-detecting net.",2017.0,Neural Information Processing Systems,51,,,1708.02599,JournalArticle;Conference,2017-08-08,https://www.semanticscholar.org/paper/615cbf08f2afb696a8bd1f442e8121bc163b2d8f,Computer Science;Biology,Computer Science|external;Biology|s2-fos-model;Computer Science|s2-fos-model,J. Zung; Ignacio Tartavull; Kisuk Lee; H. Seung,qc_03;qc_04,proofreading_qc,1hop_citations;1hop_references;lexical,True,proofreading_qc_scope,connectom,,,error correction;merge error,,,,,23,5,0.0008309103511461,0.962038757632068,11,1,1.2494929741150682,0.6556941863551898,1,4.3827094947349785,core_candidate,24.0,41.0,51.0,False,False,False,False,True,False,False,False,False,True,4,True,True,True,22,False,inherited_connectome_provenance
8863fc0aa86d21bd2f54e22874ec00a2b261374c,Design and Evaluation of Interactive Proofreading Tools for Connectomics,,2014.0,IEEE Transactions on Visualization and Computer Graphics,60,10.1109/tvcg.2014.2346371,26356960.0,,JournalArticle,2014-12-01,https://www.semanticscholar.org/paper/8863fc0aa86d21bd2f54e22874ec00a2b261374c,Computer Science;Medicine;Biology,Computer Science|external;Medicine|external;Biology|s2-fos-model;Computer Science|s2-fos-model,Daniel Haehn; Seymour Knowles-Barley; Mike Roberts; Johanna Beyer; N. Kasthuri; J. Lichtman; H. Pfister,qc_01;qc_05,proofreading_qc,1hop_citations;1hop_references;lexical,True,proofreading_qc_scope,connectom,,graph,proofread,visualization,,,,17,4,0.001641092238967,0.9811521104327052,11,1,1.1401512695570508,0.5744624369524821,1,4.356428634634103,core_candidate,20.0,4.0,60.0,False,False,False,False,True,False,False,False,False,True,4,True,True,True,14,False,inherited_connectome_provenance
772cbacf29de03029590a117fd4b79824322d997,A cellular and regulatory map of the cholinergic nervous system of C. elegans,"Nervous system maps are of critical importance for understanding how nervous systems develop and function. We systematically map here all cholinergic neuron types in the male and hermaphrodite C. elegans nervous system. We find that acetylcholine (ACh) is the most broadly used neurotransmitter and we analyze its usage relative to other neurotransmitters within the context of the entire connectome and within specific network motifs embedded in the connectome. We reveal several dynamic aspects of cholinergic neurotransmitter identity, including a sexually dimorphic glutamatergic to cholinergic neurotransmitter switch in a sex-shared interneuron. An expression pattern analysis of ACh-gated anion channels furthermore suggests that ACh may also operate very broadly as an inhibitory neurotransmitter. As a first application of this comprehensive neurotransmitter map, we identify transcriptional regulatory mechanisms that control cholinergic neurotransmitter identity and cholinergic circuit assembly. DOI: http://dx.doi.org/10.7554/eLife.12432.001",2015.0,eLife,329,10.7554/elife.12432,26705699.0,,JournalArticle,2015-12-25,https://www.semanticscholar.org/paper/772cbacf29de03029590a117fd4b79824322d997,Medicine;Biology,Medicine|external;Biology|external;Biology|s2-fos-model,Laura Pereira; Paschalis Kratsios; Esther Serrano-Saiz; H. Sheftel; A. Mayo; D. Hall; J. White; Brigitte LeBoeuf; L. Garcia; U. Alon; O. Hobert,net_12,network_science,1hop_citations;1hop_references;lexical,True,network_science_scope,connectom,,motif,,,,,,41,6,0.0026418932773921,0.9875232280329176,11,1,1.674053852554183,0.8911600743297053,1,4.019555791522874,core_candidate,20.0,174.0,329.0,False,False,False,False,True,False,False,False,False,True,4,True,True,True,31,False,inherited_connectome_provenance
1323540cb1b6faaf8aa17022a55440b6414a6c6e,Neuronal cell types in the fly: single-cell anatomy meets single-cell genomics.,"At around 150 000 neurons, the adult Drosophila melanogaster central nervous system is one of the largest species, for which a complete cellular catalogue is imminent. While numerically much simpler than mammalian brains, its complexity is still difficult to parse without grouping neurons into consistent types, which can number 1-1000 cells per hemisphere. We review how neuroanatomical and gene expression data are being used to discover neuronal types at scale. The correlation among multiple co-varying neuronal properties, including lineage, gene expression, morphology, connectivity, response properties and shared behavioral significance is essential to the definition of neuronal cell type. Initial studies comparing morphological and transcriptomic definitions of neuronal type suggest that these are highly consistent, but there is much to do to match these approaches brain-wide. Matched single-cell transcriptomic and morphological data provide an effective reference point to integrate other data types, including connectomics data. This will significantly enhance our ability to make functional predictions from brain wiring diagrams as well facilitating molecular genetic manipulation of neuronal types.",2019.0,Current Opinion in Neurobiology,62,10.1016/j.conb.2018.12.012,30703584.0,,Review;JournalArticle,2019-06-01,https://www.semanticscholar.org/paper/1323540cb1b6faaf8aa17022a55440b6414a6c6e,Biology,Biology|s2-fos-model,A. S. Bates; Jasper Janssens; G. Jefferis; S. Aerts,,,1hop_citations;1hop_references,True,review_scope,connectom;wiring diagram,,,,,,,,7,4,0.0003560956110096,0.9177063976639236,9,1,1.4648193302004615,0.7990443323599682,0,3.587801964427927,core_candidate,12.0,4.0,8.0,False,False,False,False,True,False,False,False,False,True,4,True,True,True,9,False,inherited_connectome_provenance
e60e218b995517f7c8c673b409501f7e7f2a1706,From local motifs to global dynamical stability in the mouse brain connectome,"Brain connectomics provides insights into the architectural organization of neural circuits across the brain. But it remains unclear how neurons and their connections give rise to brain-wide activity. Here, using a sparse detailed mouse brain connection map called “bouton-net,” we studied how specific neuron patterns (motifs) and groups (modules) affect information processing. We discovered that complex, “two-way” connections are much more common than expected. These patterns appear across all brain regions, suggesting they are a universal rule for brain wiring. We also found that different brain modules do not communicate randomly; instead, they talk through a small group of highly connected neurons. By testing these organization patterns with computer models, we found that the brain may not be wired for the best memory capacity or nonlinear processing capability, but to ensure that capability remains stable. This structure provides the foundation for a reliable, “crash-proof” biological network.",2026.0,bioRxiv,1,10.64898/2026.02.27.708665,,,,2026-03-02,https://www.semanticscholar.org/paper/e60e218b995517f7c8c673b409501f7e7f2a1706,Biology,Biology|s2-fos-model,Yuze Liu; Yina Wei; Hanchuan Peng,,network_science,1hop_citations;1hop_references,True,network_science_scope,connectom,,motif,,,,,,1,4,0.0001424450065866,0.7438279798247943,5,1,0.6931471805599453,0.3108574462436952,1,3.5466330413237763,core_candidate,5.0,3.0,1.0,False,False,False,False,True,False,False,False,False,True,4,True,True,True,4,False,inherited_connectome_provenance
796a0cf9a8c44a8f947fa91f8ef91bd30648ab98,From Worms to Mice: Homeostasis Maybe All You Need,"In this brief and speculative commentary, we explore ideas inspired by neural networks in machine learning, proposing that a simple neural XOR motif, involving both excitatory and inhibitory connections, may provide the basis for a relevant mode of plasticity in neural circuits of living organisms, with homeostasis as the sole guiding principle. This XOR motif simply signals the discrepancy between incoming signals and reference signals, thereby providing a basis for a loss function in learning neural circuits, and at the same time regulating homeostasis by halting the propagation of these incoming signals. The core motif uses a 4:1 ratio of excitatory to inhibitory neurons, and supports broader neural patterns such as the well-known 'winner takes all' (WTA) mechanism. We examined the prevalence of the XOR motif in the published connectomes of various organisms with increasing complexity, and found that it ranges from tens (in C. elegans) to millions (in several Drosophila neuropils) and more than tens of millions (in mouse V1 visual cortex). If validated, our hypothesis identifies two of the three key components in analogy to machine learning models: the architecture and the loss function. And we propose that a relevant type of biological neural plasticity is simply driven by a basic control or regulatory system, which has persisted and adapted despite the increasing complexity of organisms throughout evolution.",2024.0,arXiv.org,2,10.48550/arxiv.2412.20090,,2412.2009,JournalArticle,2024-12-28,https://www.semanticscholar.org/paper/796a0cf9a8c44a8f947fa91f8ef91bd30648ab98,Biology,Biology|s2-fos-model,J. M. D. Lucas,,network_science,1hop_citations;1hop_references,True,network_science_scope,connectom,,motif,,,,,,1,4,0.0001447376318464,0.7523228032917441,4,1,0.6342841005975639,0.2827183435094239,1,3.5389346075568526,core_candidate,5.0,4.0,1.0,False,False,False,False,True,False,False,False,False,True,4,True,True,True,5,False,inherited_connectome_provenance
db1359fced1f201509a8515d68819606b89cca19,Refined parcellation of the nervous system by algorithmic detection of hidden features within communities.,"The nervous system can be represented as a multiscale network comprised by single cells or ensembles that are linked by physical or functional connections. Groups of morphologically and physiologically diverse neurons are wired as connectivity patterns with a certain degree of universality across species and individual variability. Thereby, community detection approaches are often used to characterize how neural units cluster into such densely interconnected groups. However, the communities may possess deeper structural features that remain undetected by current algorithms. We present a scheme for refined parcellation of neuronal networks, by identifying local integrator units (LU) that are contained in network communities. An LU is defined as a connected subnetwork in which all neuronal connections are constrained within this unit, and can be formed for instance by a set of interneurons. Our method uses the Louvain algorithm to detect communities and participation coefficients to discriminate local neurons from global hubs. The sensitivity of the algorithm for discovering LUs with respect to the choice of community detection algorithm and network parameters was tested by simulations of different synthetic networks. The appropriateness of the algorithm for real-world scenarios was demonstrated on weighted and binary Caenorhabditis elegans connectomes. The detected LUs are distinctly localized within the worm body and clearly define functional groups. This approach provides a robust, observer-independent parcellation strategy that is useful for functional structure confirmation and potentially contributes to the current efforts in quantitative whole-brain architectonics of different species as well as the analysis of functional connectivity networks.",2019.0,Physical Review E,3,10.1103/physreve.100.012301,31499866.0,,JournalArticle,2019-07-01,https://www.semanticscholar.org/paper/db1359fced1f201509a8515d68819606b89cca19,Medicine;Computer Science;Biology,Medicine|external;Computer Science|external;Computer Science|s2-fos-model;Biology|s2-fos-model,Dongmei Shi; A. Levina; H. Noori,net_05,network_science,1hop_citations;1hop_references;lexical,True,network_science_scope,connectom,,community,,,,,,1,10,0.0001319127634543,0.6886116272896204,6,1,0.4901290717342735,0.2328112556410937,1,3.4661976816210953,core_candidate,6.0,68.0,3.0,False,False,False,False,True,False,False,False,False,True,4,True,True,True,5,False,inherited_connectome_provenance
71c46e8786007c74a1d6909cdedde79d28ff310c,Descending control and regulation of spontaneous flight turns in Drosophila,"SUMMARY The clumped distribution of resources in the world has influenced the pattern of foraging behavior since the origins of locomotion, selecting for a common search motif in which straight movements through resource-poor regions alternate with zig-zag exploration in resource-rich domains. For example, during local search, flying flies spontaneously execute rapid flight turns called body saccades, but suppress these maneuvers during long-distance dispersal or when surging upstream towards an attractive odor. Here, we describe the key cellular components of a neural network in flies that generate spontaneous turns as well as a specialized pair of neurons that inhibits the network and suppresses turning. Using 2-photon imaging, optogenetic activation, and genetic ablation, we show that only four descending neurons appear sufficient to generate the descending commands to execute flight saccades. The network is organized into two functional units—one for right turns and one for left—with each unit consisting of an excitatory (DNae014) and inhibitory (DNb01) neuron that project to the flight motor neuropil within the ventral nerve cord. Using resources from recently published connectomes of the fly, we identified a pair of large, distinct interneurons (VES041) that forms inhibitory connections to all four saccade command neurons and created specific genetic driver lines for this cell. As predicted by its connectivity, activation of VES041 strongly suppresses saccades, suggesting it promotes straight flight to regulate the transition between local search and long-distance dispersal. These results thus identify the key elements of a network that may play a crucial role in foraging ecology.",2024.0,Current Biology,12,10.1016/j.cub.2023.12.047,38228148.0,,JournalArticle,2024-01-01,https://www.semanticscholar.org/paper/71c46e8786007c74a1d6909cdedde79d28ff310c,Biology,Biology|s2-fos-model,Ivo G. Ros; Jaison J. Omoto; Michael H. Dickinson,,network_science,1hop_citations,True,network_science_scope,connectom,,motif,,,,,,0,4,0.0001267828160974,0.3103265197770108,4,1,1.480874201988176,0.8123174940270772,1,3.2222369701796296,core_candidate,5.0,5.0,0.0,False,False,False,False,True,False,False,False,False,True,4,True,True,True,4,False,inherited_connectome_provenance
2f8848a35eb562034a4032b43caaa9b04c024510,Computing Temporal Sequences Associated With Dynamic Patterns on the C. elegans Connectome,"Understanding how the structural connectivity of a network constrains the dynamics it is able to support is a very active and open area of research. We simulated the plausible dynamics resulting from the known C. elegans connectome using a recent model and theoretical analysis that computes the dynamics of neurobiological networks by focusing on how local interactions among connected neurons give rise to the global dynamics in an emergent way, independent of the biophysical or molecular details of the cells themselves. We studied the dynamics which resulted from stimulating a chemosensory neuron (ASEL) in a known feeding circuit, both in isolation and embedded in the full connectome. We show that contralateral motor neuron activations in ventral (VB) and dorsal (DB) classes of motor neurons emerged from the simulations, which are qualitatively similar to rhythmic motor neuron firing pattern associated with locomotion of the worm. One interpretation of these results is that there is an inherent - and we propose - purposeful structural wiring to the C. elegans connectome that has evolved to serve specific behavioral functions. To study network signaling pathways responsible for the dynamics we developed an analytic framework that constructs Temporal Sequences (TSeq), time-ordered walks of signals on graphs. We found that only 5% of TSeq are preserved between the isolated feeding network relative to its embedded counterpart. The remaining 95% of signaling pathways computed in the isolated network are not present in the embedded network. This suggests a cautionary note for computational studies of isolated neurobiological circuits and networks.",2020.0,bioRxiv,4,10.3389/fnsys.2021.564124,33767613.0,,JournalArticle,2020-05-10,https://www.semanticscholar.org/paper/2f8848a35eb562034a4032b43caaa9b04c024510,Biology;Medicine;Computer Science,Biology|external;Medicine|external;Computer Science|external;Computer Science|s2-fos-model;Biology|s2-fos-model,V. George; F. Puppo; G. Silva,net_12,network_science,1hop_citations;lexical,True,network_science_scope,connectom,,graph,,,,,,0,14,0.0001267828160974,0.1199893814706663,7,1,0.6083103524142255,0.2694451818423148,1,3.05804796035749,core_candidate,3.0,92.0,4.0,False,False,False,False,True,False,False,False,False,True,4,True,True,True,4,False,inherited_connectome_provenance
1936edc9946baea97352de6b906d24b487e7c69f,Whole-Brain Connectomic Graph Model Enables Whole-Body Locomotion Control in Fruit Fly,"Animals perform coordinated whole-body movements under the control of neural systems shaped by brain-wide connectivity. The mapping of the whole-brain neural connections, or the connectomes, provides a natural graph for modeling sensorimotor information flow, yet its potential as a neural controller for embodied agents remains largely unexplored. Here, we introduce the Fly-connectomic Graph Model, which directly instantiates the whole-brain connectome of an adult Drosophila as a graph-structured neural controller for movements of a simulated biomechanical fruit fly via deep reinforcement learning. We achieve stable performance across diverse locomotion tasks, as well as better sample efficiency compared to both graph and non-graph baselines. Our results demonstrate a biologically informed way towards effective control policy design by translating whole-brain wiring principles into actionable architectural priors, while also improving the interpretability through dynamic information flow. This work also highlights the potential to bridge neuromechanics with embodied intelligence by providing a computational platform for investigating the sensorimotor transformation underlying animal behavior and a paradigm to advance the development of more nature-aligned intelligent systems.",2026.0,arXiv.org,3,10.48550/arxiv.2602.17997,,2602.17997,JournalArticle,2026-02-20,https://www.semanticscholar.org/paper/1936edc9946baea97352de6b906d24b487e7c69f,Biology;Computer Science;Engineering,Biology|s2-fos-model;Computer Science|s2-fos-model;Engineering|s2-fos-model,Zehao Jin; Y. Zhu; Chen Zhang; Yanan Sui,,network_science,1hop_citations,True,network_science_scope,connectom,,graph,,,,,,0,4,0.0001267828160974,0.0655694186355189,4,1,1.3862943611198906,0.7541810459251393,1,3.009600920272542,core_candidate,6.0,6.0,0.0,False,False,False,False,True,False,False,False,False,True,4,True,True,True,4,False,inherited_connectome_provenance
bd6321576f8efa8f91af60edb1638493a1d43d8d,Small brains for big science.,"As the study of the human brain is complicated by its sheer scale, complexity, and impracticality of invasive experiments, neuroscience research has long relied on model organisms. The brains of macaque, mouse, zebrafish, fruit fly, nematode, and others have yielded many secrets that advanced our understanding of the human brain. Here, we propose that adding miniature insects to this collection would reduce the costs and accelerate brain research. The smallest insects occupy a special place among miniature animals: despite their body sizes, comparable to unicellular organisms, they retain complex brains that include thousands of neurons. Their brains possess the advantages of those in insects, such as neuronal identifiability and the connectome stereotypy, yet are smaller and hence easier to map and understand. Finally, the brains of miniature insects offer insights into the evolution of brain design.",2021.0,Current Opinion in Neurobiology,23,10.1016/j.conb.2021.09.007,34656052.0,,Review;JournalArticle,2021-10-13,https://www.semanticscholar.org/paper/bd6321576f8efa8f91af60edb1638493a1d43d8d,Biology;Environmental Science,Biology|s2-fos-model;Environmental Science|s2-fos-model,A. Makarova; A. Polilov; D. Chklovskii,,,1hop_citations;1hop_references,True,review_scope,connectom,,,,,human brain,,,1,5,0.0001445239782018,0.7491372444916379,5,1,1.2974350432416808,0.6957791345898593,0,2.909742500663658,supported,6.0,4.0,1.0,False,False,True,False,True,False,False,False,False,True,4,True,True,True,5,False,inherited_connectome_provenance
f49a0760b78b2e64a618cee161cdb7e3bf07aba1,Where the genome meets the connectome: Understanding how genes shape human brain connectivity,"The integration of modern neuroimaging methods with genetically informative designs and data can shed light on the molecular mechanisms underlying the structural and functional organisation of the human connectome. Here, we review studies that have investigated the genetic basis of human brain network structure and function through three complementary frameworks: (1) the quantification of phenotypic heritability through classical twin designs; (2) the identification of specific DNA variants linked to phenotypic variation through association and related studies; and (3) the analysis of correlations between spatial variations in imaging phenotypes and gene expression profiles through the integration of neuroimaging and transcriptional atlas data. We consider the basic foundations, strengths, limitations, and discoveries associated with each approach. We present converging evidence to indicate that anatomical connectivity is under stronger genetic influence than functional connectivity and that genetic influences are not uniformly distributed throughout the brain, with phenotypic variation in certain regions and connections being under stronger genetic control than others. We also consider how the combination of imaging and genetics can be used to understand the ways in which genes may drive brain dysfunction in different clinical disorders.",2021.0,NeuroImage,55,10.31234/osf.io/hqgz7,34508898.0,,JournalArticle;Review,2021-04-19,https://www.semanticscholar.org/paper/f49a0760b78b2e64a618cee161cdb7e3bf07aba1,Biology;Medicine,Biology|s2-fos-model;Medicine|s2-fos-model,A. Arnatkevic̆iūtė; Ben D. Fulcher; M. Bellgrove; A. Fornito,,,1hop_citations;1hop_references,True,review_scope,connectom,,,,distributed,clinical;disorder;human brain,,,2,6,0.0001806472633444,0.8362091850278737,5,1,1.6433429462584457,0.8816033979293868,0,2.8179585877355984,supported,8.0,6.0,0.0,False,False,True,False,True,False,False,False,False,True,4,True,True,True,6,False,inherited_connectome_provenance
cfff3d4d8f5cd9202e9d8088c8476ba241512261,Neuronal cell types in the annelid Platynereis dumerilii.,"The marine annelid Platynereis dumerilii is an invertebrate laboratory model for developmental biology and neuroscience. Its larval stages are small and transparent, enabling whole-body analyses of cell-type diversity and neuronal circuits. Here, we review the diversity of neuronal cell types in Platynereis. A variety of approaches have been used to identify cell types in Platynereis including whole-body gene expression atlases, single-cell RNA-seq and whole-body connectomics through serial EM reconstruction. The function of several cell types and neuronal circuits has also been analysed with experimental approaches. Platynereis has aspects of biology and cell types that are absent from the major invertebrate model organisms (C. elegans and Drosophila) including ciliary locomotion, noradrenergic neurons and ciliary photoreceptor cells.",2019.0,Current Opinion in Neurobiology,15,10.1016/j.conb.2018.12.008,30685735.0,,Review;JournalArticle,2019-06-01,https://www.semanticscholar.org/paper/cfff3d4d8f5cd9202e9d8088c8476ba241512261,Biology,Biology|s2-fos-model,Elizabeth A. Williams; G. Jékely,,,1hop_citations;1hop_references,True,review_scope,connectom,,,,,,,,1,4,0.0001539079724185,0.7820546854260685,5,1,0.9802581434685472,0.4576586142819219,0,2.815370321210512,supported,5.0,4.0,1.0,False,False,False,False,True,False,False,False,False,True,4,True,True,True,5,False,inherited_connectome_provenance
49bafac835dbd0c1f39f747b36bc7bf73195dd6d,What do the mushroom bodies do for the insect brain? Twenty-five years of progress,"In 1998, a special edition of Learning & Memory was published with a discrete focus of synthesizing the state of the field to provide an overview of the function of the insect mushroom body. While molecular neuroscience and optical imaging of larger brain areas were advancing, understanding the basic functioning of neuronal circuits, particularly in the context of the mushroom body, was rudimentary. In the past 25 years, technological innovations have allowed researchers to map and understand the in vivo function of the neuronal circuits of the mushroom body system, making it an ideal model for investigating the circuit basis of sensory encoding, memory formation, and behavioral decisions. Collaborative efforts within the community have played a crucial role, leading to an interactive connectome of the mushroom body and accessible genetic tools for studying mushroom body circuit function. Looking ahead, continued technological innovation and collaborative efforts are likely to further advance our understanding of the mushroom body and its role in behavior and cognition, providing insights that generalize to other brain structures and species.",2024.0,"Learning & memory (Cold Spring Harbor, N.Y.)",7,10.1101/lm.053827.123,38862175.0,,Editorial;Review;JournalArticle,2024-05-01,https://www.semanticscholar.org/paper/49bafac835dbd0c1f39f747b36bc7bf73195dd6d,Biology,Biology|s2-fos-model,André Fiala; K. Kaun,,,1hop_citations,True,review_scope,connectom,,community,,,,,,0,4,0.0001267828160974,0.1967082559065569,4,1,1.2005661338529436,0.6158747013538625,0,2.705468542606849,supported,5.0,5.0,0.0,False,False,False,False,True,False,False,False,False,True,4,True,True,True,4,False,inherited_connectome_provenance
00c620defaa00a1d5fe41309ab4d4ceede769cfb,Critical Regions and Connections Form Pathways and Clusters in the Mouse Brain,"Connectome network analysis across multiple species should help identify principles of brain function. Here, we examined three fundamental properties—global efficiency, global betweenness centrality, and global clustering—in the mesoscale tract‐tracing data of the mouse connectome; and conducted vulnerability analysis to identify the critical regions and connections based on the loss in network function when each brain region (213) and connection (16,594) was removed. Robustness tests examining noise effects were also conducted. There were five key findings. First, we identified eight critical regions and 38 critical connections, with more central, limbic regions dominant; and with robustness analysis showing (a) the importance of connection strength; and (b) the findings being robust to noise. Second, although critical regions and connections were significantly based on their local network properties, global influences sometimes deviated from local ones (e.g., critical globally but with lower local scores), thereby revealing global‐level interactions. Third, the critical components organized into two main pathways (one from piriform cortex to globus pallidus; the other, entorhinal cortex to the amygdala), and two main clusters (centred on caudoputamen and entorhinal cortex). Fourth, for brain function, all main categories from perception to action were represented: e.g., olfaction (piriform cortex), learning and memory (entorhinal cortex), affect (amygdala and caudoputamen), and cognitive and motor processing (caudoputamen, globus pallidus). Finally, the claustrum was intriguingly identified as critical, perhaps for information integration and motor translation. Vulnerability analysis provides a unique approach to characterizing the fundamental structure of nervous systems.",2025.0,European Journal of Neuroscience,0,10.1111/ejn.16673,39996373.0,,JournalArticle,2025-02-01,https://www.semanticscholar.org/paper/00c620defaa00a1d5fe41309ab4d4ceede769cfb,Biology,Biology|s2-fos-model,Christianus F Hotama; Jerald D. Kralik; Jaeseung Jeong,,network_science,1hop_citations,True,network_science_scope,connectom,,centrality;network analysis,,,,,,0,8,0.0001267828160974,0.0018582426333952,6,1,0.0,0.0002654632333421,1,2.5848597469250505,supported,8.0,7.0,0.0,False,False,False,False,True,False,False,False,False,True,4,True,True,True,4,False,inherited_connectome_provenance
26fb487e0d72831889bf2671196419534c45cbe0,What would a synthetic connectome look like?,"A major challenge of contemporary neuroscience is to unravel the structure of the connectome, the ensemble of neural connections that link between different functional units of the brain, and to reveal how this structure relates to brain function. This thriving area of research largely follows the general tradition in biology of reverse-engineering, which consists of first observing and characterizing a biological system or process, and then deconstructing it into its fundamental building blocks in order to infer its modes of operation. However, a complementary form of biology has emerged, synthetic biology, which emphasizes construction-based forward-engineering. The synthetic biology approach comprises the assembly of new biological systems out of elementary biological parts. The rationale is that the act of building a system can be a powerful method for gaining deep understanding of how that system works. As the fields of connectomics and synthetic biology are independently growing, I propose to consider the benefits of combining the two, to create synthetic connectomics, a new form of neuroscience and a new form of synthetic biology. The goal of synthetic connectomics would be to artificially design and construct the connectomes of live behaving organisms. Synthetic connectomics could serve as a unifying platform for unraveling the complexities of brain operation and perhaps also for generating new forms of artificial life, and, in general, could provide a valuable opportunity for empirically exploring theoretical predictions about network function. What would a synthetic connectome look like? What purposes would it serve? How could it be constructed? This review delineates the novel notion of a synthetic connectome and aims to lay out the initial steps towards its implementation, contemplating its impact on science and society.",2020.0,Physics of Life Reviews,16,10.1016/j.plrev.2019.06.005,31296448.0,,Review;JournalArticle,2020-07-01,https://www.semanticscholar.org/paper/26fb487e0d72831889bf2671196419534c45cbe0,Biology,Biology|s2-fos-model,I. Rabinowitch,,,1hop_citations;1hop_references,True,review_scope,connectom,,,,,,,,1,9,0.0001402489279092,0.7318821343243961,8,1,1.070853988508918,0.5115476506503849,0,2.55468542606849,supported,10.0,8.0,0.0,False,False,False,False,True,False,False,False,False,True,4,True,True,True,4,False,inherited_connectome_provenance
ad9d8798a618966d4aaacd0d537b9ba087bbb9d2,SANTIAGO: Spine Association for Neuron Topology Improvement and Graph Optimization,"Developing automated and semi-automated solutions for reconstructing wiring diagrams of the brain from electron micrographs is important for advancing the field of connectomics. While the ultimate goal is to generate a graph of neuron connectivity, most prior automated methods have focused on volume segmentation rather than explicit graph estimation. In these approaches, one of the key, commonly occurring error modes is dendritic shaft-spine fragmentation. 
We posit that directly addressing this problem of connection identification may provide critical insight into estimating more accurate brain graphs. To this end, we develop a network-centric approach motivated by biological priors image grammars. We build a computer vision pipeline to reconnect fragmented spines to their parent dendrites using both fully-automated and semi-automated approaches. Our experiments show we can learn valid connections despite uncertain segmentation paths. We curate the first known reference dataset for analyzing the performance of various spine-shaft algorithms and demonstrate promising results that recover many previously lost connections. Our automated approach improves the local subgraph score by more than four times and the full graph score by 60 percent. These data, results, and evaluation tools are all available to the broader scientific community. This reframing of the connectomics problem illustrates a semantic, biologically inspired solution to remedy a major problem with neuron tracking.",2016.0,arXiv.org,1,,,1608.02307,JournalArticle,2016-08-08,https://www.semanticscholar.org/paper/ad9d8798a618966d4aaacd0d537b9ba087bbb9d2,Computer Science;Engineering,Computer Science|s2-fos-model;Engineering|s2-fos-model,William R. Gray Roncal; Colin S. Lea; Akira Baruah; Gregory Hager,,network_science,1hop_citations,True,network_science_scope,connectom;wiring diagram,,community;graph,,,,,,0,5,0.0001267828160974,0.4597823201486594,5,1,0.208991738400915,0.1568887709052296,1,2.5066144588974426,supported,5.0,5.0,0.0,False,False,False,False,True,False,False,False,False,True,4,True,True,True,4,False,inherited_connectome_provenance
bf500eb68078cb18789030ca0341d964bffd3dd9,RLCorrector: Reinforced Proofreading for Connectomics Image Segmentation,,2021.0,arXiv.org,3,,,,JournalArticle,,https://www.semanticscholar.org/paper/bf500eb68078cb18789030ca0341d964bffd3dd9,Computer Science;Biology;Materials Science,Computer Science|external;Computer Science|s2-fos-model;Biology|s2-fos-model;Materials Science|s2-fos-model,K. Nguyen; Ganghee Jang; Won-Ki Jeong,qc_01;rec_05,proofreading_qc;reconstruction,1hop_citations;1hop_references;lexical,True,proofreading_qc_scope,connectom,,,proofread,,,,,3,6,0.0001565334224029,0.7910804353597026,9,1,0.5659523030068886,0.2593575789753119,2,4.389655782674099,core_candidate,9.0,6.0,3.0,False,False,False,False,True,False,False,False,False,True,3,True,True,True,6,False,inherited_connectome_provenance
b2343f141454a926819a7a7e47aedab29331c1d2,Focused Proofreading to Reconstruct Neural Connectomes from EM Images at Scale,,2016.0,LABELS/DLMIA@MICCAI,23,10.1007/978-3-319-46976-8_26,,,JournalArticle,2016-10-21,https://www.semanticscholar.org/paper/b2343f141454a926819a7a7e47aedab29331c1d2,Biology;Computer Science,Biology|s2-fos-model;Computer Science|s2-fos-model,Stephen M. Plaza,,proofreading_qc,1hop_citations;1hop_references,True,proofreading_qc_scope,connectom,,,proofread,,,,,9,4,0.0009222709184946,0.9676134855322538,11,1,0.958219283528721,0.4393416511813114,1,4.278714273073179,core_candidate,13.0,4.0,9.0,False,False,False,False,True,False,False,False,False,True,3,True,True,True,11,False,inherited_connectome_provenance
3a6ada447c9ea16bfaa61ea41502a79b549c6abb,Bridging the Gap: Point Clouds for Merging Neurons in Connectomics,"In the field of Connectomics, a primary problem is that of 3D neuron segmentation. Although deep learning-based methods have achieved remarkable accuracy, errors still exist, especially in regions with image defects. One common type of defect is that of consecutive missing image sections. Here, data is lost along some axis, and the resulting neuron segmentations are split across the gap. To address this problem, we propose a novel method based on point cloud representations of neurons. We formulate the problem as a classification problem and train CurveNet, a state-of-the-art point cloud classification model, to identify which neurons should be merged. We show that our method not only performs strongly but also scales reasonably to gaps well beyond what other methods have attempted to address. Additionally, our point cloud representations are highly efficient in terms of data, maintaining high performance with an amount of data that would be unfeasible for other methods. We believe that this is an indicator of the viability of using point cloud representations for other proofreading tasks.",2021.0,International Conference on Medical Imaging with Deep Learning,6,,,2112.02039,JournalArticle,2021-12-03,https://www.semanticscholar.org/paper/3a6ada447c9ea16bfaa61ea41502a79b549c6abb,Computer Science;Biology,Computer Science|external;Computer Science|s2-fos-model;Biology|s2-fos-model,Jules Berman; D. Chklovskii; Jingpeng Wu,qc_01,proofreading_qc,1hop_citations;1hop_references;lexical,True,proofreading_qc_scope,connectom,,,proofread,cloud,,,,5,6,0.0001591724933462,0.7950623838598354,11,1,0.7944144917481125,0.3504114680116804,1,4.10483585523405,core_candidate,10.0,15.0,6.0,False,False,False,False,True,False,False,False,False,True,3,True,True,True,7,False,inherited_connectome_provenance
f24bb8d6bd868f210c63e443bc34921f3de19227,A multilayer circuit architecture for the generation of distinct locomotor behaviors in Drosophila,"Animals generate diverse motor behaviors, yet how the same motor neurons (MNs) generate two distinct or antagonistic behaviors remains an open question. Here, we characterize Drosophila larval muscle activity patterns and premotor/motor circuits to understand how they generate forward and backward locomotion. We show that all body wall MNs are activated during both behaviors, but a subset of MNs change recruitment timing for each behavior. We used TEM to reconstruct a full segment of all 60 MNs and 236 premotor neurons (PMNs), including differentially-recruited MNs. Analysis of this comprehensive connectome identified PMN-MN ‘labeled line’ connectivity; PMN-MN combinatorial connectivity; asymmetric neuronal morphology; and PMN-MN circuit motifs that could all contribute to generating distinct behaviors. We generated a recurrent network model that reproduced the observed behaviors, and used functional optogenetics to validate selected model predictions. This PMN-MN connectome will provide a foundation for analyzing the full suite of larval behaviors.",2019.0,eLife,93,10.7554/elife.51781,31868582.0,,JournalArticle,2019-12-23,https://www.semanticscholar.org/paper/f24bb8d6bd868f210c63e443bc34921f3de19227,Biology,Biology|s2-fos-model,A. Zarin; Brandon Mark; Albert Cardona; Ashok Litwin-Kumar; C. Doe,,network_science,1hop_citations;1hop_references,True,network_science_scope,connectom,,motif,,,,,,8,3,0.0003694452585788,0.9190337138306344,8,1,1.6062972747362891,0.8675338465622511,1,3.9563755419874345,core_candidate,11.0,3.0,7.0,False,False,False,False,True,False,False,False,False,True,3,True,True,True,10,False,inherited_connectome_provenance
3bb90694b376ee07407da746d04d77d8e1639b1f,Discovering motifs to fingerprint multi-layer networks: a case study on the connectome of C. Elegans,"Motif discovery is a powerful and insightful method to quantify network structures and explore their function. As a case study, we present a comprehensive analysis of regulatory motifs in the connectome of the model organism Caenorhabditis elegans (C. elegans). Leveraging the Efficient Subgraph Counting Algorithmic PackagE (ESCAPE) algorithm, we identify network motifs in the multi-layer nervous system of C. elegans and link them to functional circuits. We further investigate motif enrichment within signal pathways and benchmark our findings with random networks of similar size and link density. Our findings provide valuable insights into the organization of the nerve net of this well-documented organism and can be easily transferred to other species and disciplines alike.",2024.0,European Physical Journal B : Condensed Matter Physics,1,10.1140/epjb/s10051-024-00848-4,,2408.13263,JournalArticle,2024-08-09,https://www.semanticscholar.org/paper/3bb90694b376ee07407da746d04d77d8e1639b1f,Biology;Computer Science,Biology|external;Biology|s2-fos-model;Computer Science|s2-fos-model,D. Sharma; Matthias Renz; Philipp Hövel,net_12,network_science,1hop_citations;1hop_references;lexical,True,network_science_scope,connectom,,graph;motif,,,,,,1,5,0.0001319127634543,0.6862224581895408,6,1,0.4001887112843145,0.1961773294398725,1,3.4460888416954245,core_candidate,6.0,34.0,1.0,False,False,False,False,True,False,False,False,False,True,3,True,True,True,3,False,inherited_connectome_provenance
1f5f7130d2dd36b5f03831e11b6c69d8d9940e6d,A Drosophila larval premotor/motor neuron connectome generating two behaviors via distinct spatio-temporal muscle activity,"Animals generate diverse motor behaviors, yet how the same motor neurons generate distinct behaviors remains an open question. Drosophila larvae have multiple behaviors – e.g. forward crawling, backward crawling, self-righting and escape – and all of the body wall motor neurons (MNs) driving these behaviors have been identified. Despite impressive progress in mapping larval motor circuits, the role of most motor neurons in locomotion remains untested, the majority of premotor neurons (PMNs) remain to be identified, and a full understanding of proprioceptor-PMN-MN connectivity is missing. Here we report a comprehensive larval proprioceptor-PMN-MN connectome; describe individual muscle/MN phase activity during both forward and backward locomotor behaviors; identify PMN-MN connectivity motifs that could generate muscle activity phase relationships, plus selected experimental validation; identify proprioceptor-PMN connectivity that provides an anatomical explanation for the role of proprioception in promoting locomotor velocity; and identify a new candidate escape motor circuit. Finally, we generate a recurrent network model that produces the observed sequence of motor activity, showing that the identified pool of premotor neurons is sufficient to generate two distinct larval behaviors. We conclude that different locomotor behaviors can be generated by a specific group of premotor neurons generating behavior-specific motor rhythms.",2019.0,bioRxiv,14,10.1101/617977,,,,2019-04-24,https://www.semanticscholar.org/paper/1f5f7130d2dd36b5f03831e11b6c69d8d9940e6d,Biology,Biology|s2-fos-model,A. Zarin; Brandon Mark; Albert Cardona; Ashok Litwin-Kumar; C. Doe,,network_science,1hop_citations;1hop_references,True,network_science_scope,connectom,,motif,,,,,,2,3,0.0001786342839111,0.8295726041943191,5,1,0.9574403304964832,0.435890629147863,1,3.423458101053004,core_candidate,5.0,3.0,2.0,False,False,False,False,True,False,False,False,False,True,3,True,True,True,5,False,inherited_connectome_provenance
9252070dc1c8130eef94f92e8fc2d80b9d3b4829,Connecting Connectomes to Physiology,"With the advent of volumetric EM techniques, large connectomic datasets are being created, providing neuroscience researchers with knowledge about the full connectivity of neural circuits under study. This allows for numerical simulation of detailed, biophysical models of each neuron participating in the circuit. However, these models typically include a large number of parameters, and insight into which of these are essential for circuit function is not readily obtained. Here, we review two mathematical strategies for gaining insight into connectomics data: linear dynamical systems analysis and matrix reordering techniques. Such analytical treatment can allow us to make predictions about time constants of information processing and functional subunits in large networks. SIGNIFICANCE STATEMENT This viewpoint provides a concise overview on how to extract important insights from Connectomics data by mathematical methods. First, it explains how new dynamics and new time constants can evolve, simply through connectivity between neurons. These new time-constants can be far longer than the intrinsic membrane time-constants of the individual neurons. Second, it summarizes how structural motifs in the circuit can be discovered. Specifically, there are tools to decide whether or not a circuit is strictly feed-forward or whether feed-back connections exist. Only by reordering connectivity matrices can such motifs be made visible.",2023.0,Journal of Neuroscience,7,10.1523/jneurosci.2208-22.2023,37197984.0,,JournalArticle;Review,2023-05-17,https://www.semanticscholar.org/paper/9252070dc1c8130eef94f92e8fc2d80b9d3b4829,Biology;Computer Science,Biology|s2-fos-model;Computer Science|s2-fos-model,A. Borst; C. Leibold,,network_science,1hop_citations;1hop_references,True,network_science_scope;review_scope,connectom,,motif,,,,,,2,3,0.0001460201186856,0.7573666047252455,5,1,1.039720770839918,0.4977435625165914,1,3.4002300681355626,core_candidate,5.0,3.0,2.0,False,False,False,False,True,False,False,False,False,True,3,True,True,True,5,False,inherited_connectome_provenance
82d71ff7ab6c08f467c71ebd658831fcfa2de7c9,The Drosophila Larval Locomotor Circuit Provides a Model to Understand Neural Circuit Development and Function,"It is difficult to answer important questions in neuroscience, such as: “how do neural circuits generate behaviour?,” because research is limited by the complexity and inaccessibility of the mammalian nervous system. Invertebrate model organisms offer simpler networks that are easier to manipulate. As a result, much of what we know about the development of neural circuits is derived from work in crustaceans, nematode worms and arguably most of all, the fruit fly, Drosophila melanogaster. This review aims to demonstrate the utility of the Drosophila larval locomotor network as a model circuit, to those who do not usually use the fly in their work. This utility is explored first by discussion of the relatively complete connectome associated with one identified interneuron of the locomotor circuit, A27h, and relating it to similar circuits in mammals. Next, it is developed by examining its application to study two important areas of neuroscience research: critical periods of development and interindividual variability in neural circuits. In summary, this article highlights the potential to use the larval locomotor network as a “generic” model circuit, to provide insight into mammalian circuit development and function.",2021.0,Frontiers in Neural Circuits,24,10.3389/fncir.2021.684969,34276315.0,,Review;JournalArticle,2021-07-01,https://www.semanticscholar.org/paper/82d71ff7ab6c08f467c71ebd658831fcfa2de7c9,Biology;Medicine,Biology|external;Medicine|external;Biology|s2-fos-model,I. Hunter; Bramwell Coulson; A. Zarin; R. Baines,sf_05,structure_function,1hop_citations;lexical,True,review_scope,connectom,,,,,,,,2,4,0.0001869842571382,0.8470931775949031,4,1,1.3141005527179,0.7032121051234405,1,3.3202592690912307,core_candidate,1.0,124.0,24.0,False,False,False,False,True,False,False,False,False,True,3,True,True,True,5,False,inherited_connectome_provenance
59e7eb722c012c5585525bf2dc43bea7f0a11dae,Computational synthesis of cortical dendritic morphologies,"Neuronal morphologies provide the foundation for the electrical behavior of neurons, the connectomes they form, and the dynamical properties of the brain. Comprehensive neuron models are essential for defining cell types, discerning their functional roles and investigating structural alterations associated with diseased brain states. Recently, we introduced a topological descriptor that reliably categorizes dendritic morphologies. We apply this descriptor to digitally synthesize dendrites to address the challenge of insufficient biological reconstructions. The synthesized cortical dendrites are statistically indistinguishable from the corresponding reconstructed dendrites in terms of morpho-electrical properties and connectivity. This topology-guided synthesis enables the rapid digital reconstruction of entire brain regions from relatively few reference cells, thereby allowing the investigation of links between neuronal morphologies and brain function across different spatio-temporal scales. We synthesized cortical networks based on structural alterations of dendrites associated with medical conditions and revealed principles linking branching properties to the structure of large-scale networks. Graphical abstract A topological model of neuronal shapes is used to investigate the link between the branching patterns of dendritic morphologies and the connectivity of the neuronal networks they form. Starting from reconstructed cells (in black) of cortical dendrites, we extract the topological barcode that is used to create a statistically similar synthesized pyramidal cell (in red), and respectively a group of pyramidal cells of the same morphological type. From reconstructed cells examples of all layers and morphological types we generate synthesized dendrites and build a synthesized cortical column (colors corresponds to cortical layers). The synthesized dedrites are statistically similar to the reconstructed dendrites in terms of morpho-electrical properties and the connectome of the synthesized column (colored connectome) is almost indistinguishable from the connectome of the reconstructed column (greyscale).",2020.0,bioRxiv,35,10.1101/2020.04.15.040410,35385736.0,,JournalArticle,2020-04-17,https://www.semanticscholar.org/paper/59e7eb722c012c5585525bf2dc43bea7f0a11dae,Medicine;Computer Science;Biology;Chemistry,Medicine|external;Computer Science|external;Biology|external;Chemistry|external;Computer Science|s2-fos-model;Biology|s2-fos-model,Lida Kanari; Hugo Dictus; Athanassia Chalimourda; Werner Van Geit; Benoît Coste; J. Shillcock; K. Hess; H. Markram,net_03,network_science,1hop_references;lexical,True,network_science_scope,connectom,,graph,,,disease,,,1,4,0.0001626924475954,0.8040881337934696,2,1,1.3544428470921488,0.7316166710910539,1,3.302207769223962,core_candidate,1.0,91.0,35.0,False,False,True,False,True,False,False,False,False,True,3,True,True,True,4,False,inherited_connectome_provenance
9386a76d25c9b1d34028c8a478383e9f787ea237,Evolutionary Kuramoto dynamics unravels origins of chimera states in neural populations,"Neural synchronization is central to cognition. However, incomplete synchronization often produces chimera states, where coherent and incoherent dynamics coexist. Recent studies have suggested that these chimera states could be important in human cognitive organization. In particular, chimera states have been suggested as a regulator of cognitive integration and regulation with varying quality as humans age. While previous studies have explored such chimera states using networks of coupled oscillators, it remains unclear why neurons commit to communication or how chimera states persist. Here, we investigate the coevolution of neuronal phases and communication strategies on directed, weighted networks where interaction payoffs depend on phase alignment and may be asymmetric due to unilateral communication. The graph structure enables us to apply a game-theoretic model of Kuramoto-like oscillators to brain connectomes, and the asymmetry captures biochemical differences between communicative and non-communicative neurons. Combined, these two generalizations enable us to apply the computationally-tractable game-theoretic model of Kuramoto models to realistic brain networks and analyze the role of connectome structure on neuron communication. We find that both connection weights and directionality influence the stability of communicative strategies—and, consequently, full synchronization—as well as the strategic nature of neuronal interactions. Applying our framework to the C. elegans connectome, we show that emergent payoff structures, such as the staghunt game, control population dynamics. We demonstrate that weighted, directed connectivity in the Caenorhabditis elegans (C. elegans) connectome is sufficient to generate robust chimera states modulated by payoff asymmetries. Our computational results demonstrate a promising neurogame-theoretic perspective, leveraging evolutionary graph theory to shed light on mechanisms of neuronal coordination beyond classical synchronization models.",2025.0,PLoS Computational Biology,1,10.1371/journal.pcbi.1014214,42060713.0,2510.00423,JournalArticle,2025-10-01,https://www.semanticscholar.org/paper/9386a76d25c9b1d34028c8a478383e9f787ea237,Biology;Medicine;Physics,Biology|external;Medicine|external;Biology|s2-fos-model;Physics|s2-fos-model,Thomas Zdyrski; S. Pauls; Feng Fu,net_06,network_science,1hop_citations;lexical,True,network_science_scope,connectom,,graph,,,,,,0,5,0.0001267828160974,0.3952747544465091,3,1,0.4901290717342735,0.2259092115741969,1,3.2427440049553136,core_candidate,4.0,32.0,1.0,False,False,False,False,True,False,False,False,False,True,3,True,True,True,3,False,inherited_connectome_provenance
e35d4b00241d47a355612abc313be552b9297c66,Caenorhabditis elegans in neuroscience: from neural communication to neurodegenerative disease modeling,"Consistent with humans and other metazoans, the nematode Caenorhabditis elegans (C. elegans) undergoes progressive structural and functional decline during aging. Possessing highly conserved genetic pathways that share extensive homology with human genes, and characterized by a streamlined, fully mapped connectome, C. elegans has emerged as a robust model for dissecting the mechanisms underlying neuronal aging and degeneration. In this review, we summarize the intrinsic advantages of C. elegans as a model organism, highlighting its readily quantifiable behavioral phenotypes, short lifespan, and genetic tractability. We elaborate on its foundational neural communication architecture and its unique utility in constructing molecular models of neurodegenerative diseases. Additionally, we explore the integration of this model system with high-throughput pharmacological screening, environmental toxicology evaluations, and advanced genomic sequencing technologies. Ultimately, this synthesis aims to provide a comprehensive framework for investigating neurodegenerative mechanisms and facilitating clinical translation under specific stress conditions, particularly hypoxia.",2026.0,Frontiers in Aging Neuroscience,0,10.3389/fnagi.2026.1865186,42548797.0,,Review;JournalArticle,2026-07-20,https://www.semanticscholar.org/paper/e35d4b00241d47a355612abc313be552b9297c66,Biology;Medicine,Biology|s2-fos-model;Medicine|s2-fos-model,Ziheng Pan; Yunlong Shen; Dejian Peng; Li Tang; Tianlu Ran; Yaohui Liu; Xinyi Zeng; Hui Liu,,health_translation,1hop_citations,True,review_scope,connectom,,,,,clinical;disease;neurodegener,,,0,3,0.0001267828160974,0.5972922750199098,3,1,0.0,0.132731616671091,1,3.0976683479338107,core_candidate,3.0,3.0,0.0,False,False,True,False,True,False,False,False,False,True,3,True,True,True,3,False,inherited_connectome_provenance
8569be820b01fe8142ddc15216c761e0bc0295c0,Caenorhabditis elegans and the network control framework—FAQs,"Control is essential to the functioning of any neural system. Indeed, under healthy conditions the brain must be able to continuously maintain a tight functional control between the system's inputs and outputs. One may therefore hypothesize that the brain's wiring is predetermined by the need to maintain control across multiple scales, maintaining the stability of key internal variables, and producing behaviour in response to environmental cues. Recent advances in network control have offered a powerful mathematical framework to explore the structure–function relationship in complex biological, social and technological networks, and are beginning to yield important and precise insights on neuronal systems. The network control paradigm promises a predictive, quantitative framework to unite the distinct datasets necessary to fully describe a nervous system, and provide mechanistic explanations for the observed structure and function relationships. Here, we provide a thorough review of the network control framework as applied to Caenorhabditis elegans (Yan et al. 2017 Nature 550, 519–523. (doi:10.1038/nature24056)), in the style of Frequently Asked Questions. We present the theoretical, computational and experimental aspects of network control, and discuss its current capabilities and limitations, together with the next likely advances and improvements. We further present the Python code to enable exploration of control principles in a manner specific to this prototypical organism. This article is part of a discussion meeting issue ‘Connectome to behaviour: modelling C. elegans at cellular resolution’.",2018.0,Philosophical Transactions of the Royal Society B: Biological Sciences,37,10.1098/rstb.2017.0372,30201837.0,1805.11081,Review;JournalArticle,2018-05-28,https://www.semanticscholar.org/paper/8569be820b01fe8142ddc15216c761e0bc0295c0,Biology;Computer Science,Biology|s2-fos-model;Computer Science|s2-fos-model,Emma K. Towlson; P. Vértes; Gang Yan; Yee Lian Chew; Denise S Walker; W. Schafer; A. Barabási,,,1hop_citations;1hop_references,True,review_scope,connectom,,,,,,,,2,4,0.0003175235763646,0.9078842580302628,5,1,1.2125287199087953,0.6288823997876294,0,2.9953543934165117,supported,6.0,4.0,1.0,False,False,False,False,True,False,False,False,False,True,3,True,True,True,3,False,inherited_connectome_provenance
e0c9c197023dd5dea4d57e51b19e2e3472714ed4,MCMC sampling of directed flag complexes with fixed undirected graphs,"Constructing null models to test the significance of extracted information is a crucial step in data analysis. In this work, we provide a uniformly sampleable null model of directed graphs with the same (or similar) number of simplices in the flag complex, with the restriction of retaining the underlying undirected graph. We describe an MCMC-based algorithm to sample from this null model and statistically investigate the mixing behaviour. This is paired with a high-performance, Rust-based, publicly available implementation. The motivation comes from topological data analysis of connectomes in neuroscience. In particular, we answer the fundamental question: are the high Betti numbers observed in the investigated graphs evidence of an interesting topology, or are they merely a byproduct of the high numbers of simplices? Indeed, by applying our new tool on the connectome of C. elegans and parts of the statistical reconstructions of the Blue Brain Project, we find that the Betti numbers observed are considerable statistical outliers with respect to this new null model. We thus, for the first time, statistically confirm that topological data analysis in microscale connectome research is extracting statistically meaningful information.",2023.0,Journal of Applied and Computational Topology,10,10.1007/s41468-024-00178-5,,2309.02938,JournalArticle,2023-09-06,https://www.semanticscholar.org/paper/e0c9c197023dd5dea4d57e51b19e2e3472714ed4,Computer Science;Mathematics;Biology,Computer Science|s2-fos-model;Mathematics|s2-fos-model;Biology|s2-fos-model,Florian Unger; Jonathan Krebs,,network_science,1hop_citations,True,network_science_scope,connectom,,graph,,,,,,0,3,0.0001267828160974,0.590390230953013,3,1,1.1989476363991851,0.6145473851871516,1,2.833399699141669,supported,3.0,3.0,0.0,False,False,False,False,True,False,False,False,False,True,3,True,True,True,3,False,inherited_connectome_provenance
b1b767fe5ff5f3849b55099d996bbdcfb09307d7,HiPerMotif: Novel Parallel Subgraph Isomorphism in Large-Scale Property Graphs,"Subgraph isomorphism algorithms face significant scalability bottlenecks on large-scale property graphs due to inefficient vertex-by-vertex search that requires extensive exploration of early search tree levels where pruning is minimal. We present HiPerMotif, a hybrid parallel algorithm that overcomes these limitations through edge-centric initialization. HiPerMotif first reorders pattern graphs to prioritize high-connectivity vertices, then systematically identifies and validates all possible first-edge mappings before injecting these pre-validated partial states directly at search depth 2. This approach eliminates costly early exploration while enabling natural parallelization over independent edge candidates. Comprehensive evaluation against state-of-the-art baselines (VF2-PS, VF3P, Glasgow) demonstrates up to 66× speedup on real-world networks and successful processing of massive datasets like the 150M-edge H01 human connectome that cause existing methods to fail due to memory constraints. Implemented in the open-source Arkouda/Arachne framework, HiPerMotif enables previously intractable large-scale network analysis in computational neuroscience and related domains.",2025.0,IEEE Conference on High Performance Extreme Computing,1,10.1109/hpec67600.2025.11196090,,2507.0413,JournalArticle;Conference,2025-07-05,https://www.semanticscholar.org/paper/b1b767fe5ff5f3849b55099d996bbdcfb09307d7,Computer Science,Computer Science|s2-fos-model,Mohammad Dindoost; Oliver Alvarado Rodriguez; Bartosz Bryg; Ioannis Koutis; David A. Bader,,network_science,1hop_citations,True,network_science_scope,connectom,,graph;motif;network analysis,,,,,,0,3,0.0001267828160974,0.4706663127156889,3,1,0.4901290717342735,0.2277674542075922,1,2.8002167949738963,supported,3.0,2.0,0.0,False,False,False,False,True,False,False,False,True,True,3,True,True,True,3,False,inherited_connectome_provenance
5ebd33d685c506f571928df3a8f6c79135cc3b56,The evolution of Big Data in neuroscience and neurology,"Neurological diseases are on the rise worldwide, leading to increased healthcare costs and diminished quality of life in patients. In recent years, Big Data has started to transform the fields of Neuroscience and Neurology. Scientists and clinicians are collaborating in global alliances, combining diverse datasets on a massive scale, and solving complex computational problems that demand the utilization of increasingly powerful computational resources. This Big Data revolution is opening new avenues for developing innovative treatments for neurological diseases. Our paper surveys Big Data’s impact on neurological patient care, as exemplified through work done in a comprehensive selection of areas, including Connectomics, Alzheimer’s Disease, Stroke, Depression, Parkinson’s Disease, Pain, and Addiction (e.g., Opioid Use Disorder). We present an overview of research and the methodologies utilizing Big Data in each area, as well as their current limitations and technical challenges. Despite the potential benefits, the full potential of Big Data in these fields currently remains unrealized. We close with recommendations for future research aimed at optimizing the use of Big Data in Neuroscience and Neurology for improved patient outcomes.",2023.0,Journal of Big Data,30,10.1186/s40537-023-00751-2,37441339.0,,JournalArticle;Review,2023-07-10,https://www.semanticscholar.org/paper/5ebd33d685c506f571928df3a8f6c79135cc3b56,Medicine;Computer Science,Medicine|s2-fos-model;Computer Science|s2-fos-model,L. Dipietro; P. Gonzalez-Mego; C. Ramos-Estebanez; L. H. Zukowski; Rahul Mikkilineni; R. Rushmore; Timothy Wagner,,health_translation,1hop_citations,True,review_scope,connectom,,,,,alzheimer;disease;disorder;parkinson;patient,,,0,3,0.0001267828160974,0.2577647995752588,3,1,1.7169936022425731,0.905229625696841,1,2.7292717458631977,supported,3.0,3.0,0.0,False,False,True,False,True,False,False,False,False,True,3,True,True,True,3,False,inherited_connectome_provenance
e623c26f32faefceaf7dec0037dec54ab14ed5f8,Complex topological features of reservoirs shape learning performances in bio-inspired recurrent neural networks,"Recurrent networks are a special class of artiﬁcial neural systems that use their internal states to perform computing tasks for machine learning. One of its state-of-the-art developments, i.e. reservoir computing (RC), uses the internal structure – usually a static network with random structure – to map an input signal into a nonlinear dynamical system deﬁned in a higher dimensional space. Reservoirs are characterized by nonlinear interactions among their units and their ability to store information through recurrent loops, allowing to train artiﬁcial systems to learn task-speciﬁc dynamics. However, it is fundamentally unknown how the random topology of the reservoir aﬀects the learning performance. Here, we ﬁll this gap by considering a battery of synthetic networks – characterized by diﬀerent topological features – and 45 empirical connectomes – sampled from brain regions of organisms belonging to 8 diﬀerent species – to build the reservoir and testing the learning performance against a prediction task with a variety of complex input signals. We ﬁnd nontrivial correlations between RC performances and both the number of nodes and rank of the covariance matrix of activation states, with performance depending on the nature – stochastic or deterministic – of input signals. Remarkably, the modularity and the link density of the reservoir are found to aﬀect RC performances: these results cannot be predicted by models only accounting for simple topological features of the reservoir. Overall, our ﬁndings highlight that the complex topological features characterizing biophysical computing systems such as connectomes can be used to design eﬃcient bio-inspired artiﬁcial neural networks.",2022.0,,2,,,2211.00161,,2022-10-31,https://www.semanticscholar.org/paper/e623c26f32faefceaf7dec0037dec54ab14ed5f8,Computer Science;Biology,Computer Science|s2-fos-model;Biology|s2-fos-model,Valeria d'Andrea; M. Puppin; M. Kessler; 14 ViaSommarive; 38123 Povo; Italy; D. Galilei'; U. Padova; 8. viaMarzolo; 35131 Padova,,network_science,1hop_citations,True,network_science_scope,connectom,,modular,,,,,,0,3,0.0001267828160974,0.6055216352535174,3,1,0.491314351675703,0.2402442261746748,1,2.6575966728608087,supported,3.0,3.0,0.0,False,False,False,False,True,False,False,False,False,True,3,True,True,True,3,False,inherited_connectome_provenance
5560906df83e2ad077049f5db68887d87c808f9b,From small brains to smart machines: translating Caenorhabditis elegans neural circuits into artificial intelligence,"The hermaphroditic Caenorhabditis elegans, with its fully mapped connectome of 302 neurons, offers a paradigmatic example of how a minimal nervous system governs biotic, adaptive, and context-dependent behaviors. In contrast, modern artificial intelligence systems achieve intelligence through scale rather than efficiency, relying instead on massive datasets and artificially engineered architectures. This mini-review explores how Caenorhabditis elegans neural circuits can inform the development of more efficient and flexible artificial neural networks. We highlight recent studies that translate the principles inherent to Caenorhabditis elegans neural circuits into artificial neural network architectures, with applications in machine control and image classification, resulting in enhanced robustness and improved performance. By distilling neural principles from the simplest known nervous system, this mini-review outlines a pathway toward compact, adaptive, and biologically inspired artificial intelligence systems.",2026.0,Frontiers in Neural Circuits,1,10.3389/fncir.2026.1731513,41878287.0,,Review;JournalArticle,2026-03-09,https://www.semanticscholar.org/paper/5560906df83e2ad077049f5db68887d87c808f9b,Computer Science;Biology,Computer Science|s2-fos-model;Biology|s2-fos-model,He Liu; Panpan Zheng; Xuebin Wang,,,1hop_citations,True,review_scope,connectom,,,,,,,,0,3,0.0001267828160974,0.2312184762410406,3,1,0.6931471805599453,0.3028935492434297,0,2.5748606318024954,supported,3.0,3.0,0.0,False,False,False,False,True,False,False,False,False,True,3,True,True,True,3,False,inherited_connectome_provenance
e76669165fc3cd0af2e097f2b7aaa3d589f0e257,Dynamic Computational Model of the Human Spinal Cord Connectome,"Connectomes abound, but few for the human spinal cord. Using anatomical data in the literature, we constructed a draft connectivity map of the human spinal cord connectome, providing a template for the many calibrations of specialized behavior to be overlaid on it and the basis for an initial computational model. A thorough literature review gleaned cell types, connectivity, and connection strength indications. Where human data were not available, we selected species that have been studied. Cadaveric spinal cord measurements, cross-sectional histology images, and cytoarchitectural data regarding cell size and density served as the starting point for estimating numbers of neurons. Simulations were run using neural circuitry simulation software. The model contains the neural circuitry in all ten Rexed laminae with intralaminar, interlaminar, and intersegmental connections, as well as ascending and descending brain connections and estimated neuron counts for various cell types in every lamina of all 31 segments. We noted the presence of highly interconnected complex networks exhibiting several orders of recurrence. The model was used to perform a detailed study of spinal cord stimulation for analgesia. This model is a starting point for workers to develop and test hypotheses across an array of biomedical applications focused on the spinal cord. Each such model requires additional calibrations to constrain its output to verifiable predictions. Future work will include simulating additional segments and expanding the research uses of the model.",2019.0,Neural Computation,10,10.1162/neco_a_01159,30576619.0,,JournalArticle;Review,2019-01-18,https://www.semanticscholar.org/paper/e76669165fc3cd0af2e097f2b7aaa3d589f0e257,Computer Science;Biology,Computer Science|s2-fos-model;Biology|s2-fos-model,J. Arle; Nicolae Iftimia; J. Shils; L. Mei; Kristen W. Carlson,,,1hop_citations,True,review_scope,connectom,,,,,,,,0,4,0.0001267828160974,0.6102999734536767,4,1,0.8477840039854471,0.3825325192460844,0,2.3989912397133,supported,4.0,4.0,0.0,False,False,False,False,True,False,False,False,False,True,3,True,True,True,3,False,inherited_connectome_provenance
7db480988ed465df799a9bb25da4464eff6b6263,FlyBrainLab: Accelerating the Discovery of the Functional Logic of the Drosophila Brain in the Connectomic/Synaptomic Era,"In recent years, a wealth of Drosophila neuroscience data have become available. These include cell type, connectome and synaptome datasets for both the larva and adult fly. To facilitate integration across data modalities and to accelerate the understanding of the functional logic of the fly brain, we developed an interactive computing environment called FlyBrainLab. FlyBrainLab is uniquely positioned to accelerate the discovery of the functional logic of the Drosophila brain. Its interactive open source architecture seamlessly integrates and brings together computational models with neuroanatomical, neurogenetic and electrophysiological data, changing the organization of neuroscientific fly brain data from a group of seemingly disparate databases, arrays and tables, to a well structured data and executable circuit repository. The FlyBrainLab User Interface supports a highly intuitive and automated work-flow that streamlines the 3D exploration and visualization of fly brain circuits, and the interactive exploration of the functional logic of executable circuits created directly from the explored and visualized fly brain data. Furthermore, efficient comparisons of circuit models are supported, across models developed by different researchers, across different developmental stages of the fruit fly and across different datasets. The FlyBrainLab Utility Libraries help untangle the graph structure of neural circuits from raw connectome and synaptome data. The Circuit Libraries facilitate the exploration of neural circuits of the neuropils of the central complex and, the development and implementation of models of the adult and larva fruit fly early olfactory systems. Seeking to transcend the limitations of the connectome, FlyBrainLab provides additional libraries for molecular transduction arising in sensory coding in vision and olfaction. Together with sensory neuron activity data, these libraries serve as entry points for discovering circuit function in the sensory systems of the fruit fly brain. They also enable the biological validation of developed executable circuits within the same platform.",2020.0,bioRxiv,0,10.1101/2020.06.23.168161,,,,2020-06-24,https://www.semanticscholar.org/paper/7db480988ed465df799a9bb25da4464eff6b6263,Computer Science;Biology,Computer Science|s2-fos-model;Biology|s2-fos-model,A. Lazar; Tingkai Liu; M. Turkcan; Yiyin Zhou,,network_science,1hop_citations,True,network_science_scope,connectom,,graph,,database;visualization,,,,0,5,0.0001267828160974,0.3421821077780727,5,1,0.0,0.081762675869392,1,2.380851252101583,supported,5.0,5.0,0.0,False,False,False,False,True,False,False,False,False,True,3,True,True,True,3,False,inherited_connectome_provenance
e9b25bff351f4c6121ab74490204a2add4a99695,Converting Biological Neural Networks to DAGs: Evaluation of Customized Algorithms on C. Elegans,"With the increase of available data on biological connectomes, the ability to comprehend and utilize these networks becomes progressively important. In this paper, we customize depth-first search (DFS) and minimum feedback arc set (MFAS) algorithms to remove cycles within the C. elegans adult hermaphrodite connectome. Furthermore, we evaluate the performance of these algorithms using multiple metrics surrounding the architecture, including the edges, the sensory neuron to neuromuscular junction pathways, and other graphical properties of the connectome. The results indicate that the MFAS algorithm retains the structural authenticity of the original graph significantly better than the DFS algorithm.",2023.0,2023 IEEE MIT Undergraduate Research Technology Conference (URTC),0,10.1109/urtc60662.2023.10534957,,,Conference,2023-10-06,https://www.semanticscholar.org/paper/e9b25bff351f4c6121ab74490204a2add4a99695,Biology;Computer Science,Biology|s2-fos-model;Computer Science|s2-fos-model,Benjamin Li,,network_science,1hop_citations,True,network_science_scope,connectom,,graph,,,,undergraduate,,0,3,0.0001267828160974,0.6174674807539156,3,1,0.0,0.1372444916379081,1,2.365056189717724,supported,3.0,2.0,0.0,False,False,False,True,True,False,False,False,False,True,3,True,True,True,3,False,inherited_connectome_provenance
252073375b95a9c9c3ce16e2c2cdb3b1edb2da03,Insights into vision from interpretation of a neuronal wiring diagram,"What insects can see has been probed by over a century of behavioral experiments. Motion and color vision have also been studied through neurophysiology in insect brains. Here I study form vision by interpreting a neuronal wiring diagram of the Drosophila optic lobe. The Dm3 “line amacrine” cells are shown to divide into three cell types with oriented dendrites, and to be connected with three TmY cell types, also with oriented dendrites. All six cell types are predicted to respond selectively to oriented visual stimuli, with preferred orientation defined by dendrite orientation. Their receptive fields are predicted by mapping input from other cell types that chiefly convey information from single facets of the compound eye. Dm3 to Dm3 and TmY connectivity is approximated by cross-orientation inhibition and TmY to TmY connectivity by iso-orientation excitation. Both connectivity motifs were previously hypothesized for mammalian visual cortex. Two of the TmY types target a novel type of LC10 cell, which leads by multiple pathways to brain regions that support learning of visual form. Based on the spatial organization of TmY to TmY and LC10 connectivity, I conjecture that flies may see illusory contours and corners.",2023.0,bioRxiv,3,10.1101/2023.11.15.567126,,,,2023-11-16,https://www.semanticscholar.org/paper/252073375b95a9c9c3ce16e2c2cdb3b1edb2da03,Biology,Biology|s2-fos-model,H. S. Seung,,network_science,1hop_citations,True,network_science_scope,wiring diagram,,motif,,,,,,0,3,0.0001267828160974,0.0950358375365011,3,1,0.6931471805599453,0.2999734536766658,1,2.3045969383240417,supported,4.0,4.0,0.0,False,False,False,False,False,True,False,False,False,True,3,True,True,True,3,False,inherited_connectome_provenance
e6d5cfec34883b1a14962b3ca9b972754245d73b,ElegansNet: a brief scientific report and initial experiments,"This research report introduces ElegansNet, a neural network that mimics real-world neuronal network circuitry, with the goal of better understanding the interplay between connectome topology and deep learning systems. The proposed approach utilizes the powerful representational capabilities of living beings’ neuronal circuitry to design and generate improved deep learning systems with a topology similar to natural networks. The Caenorhabditis elegans connectome is used as a reference due to its completeness, reasonable size, and functional neuron classes annotations. It is demonstrated that the connectome of simple organisms exhibits specific functional relationships between neurons, and once transformed into learnable tensor networks and integrated into modern architectures, it offers bio-plausible structures that efficiently solve complex tasks. The performance of the models is demonstrated against randomly wired networks and compared to artificial networks ranked on global benchmarks. In the first case, ElegansNet outperforms randomly wired networks. Interestingly, ElegansNet models show slightly similar performance with only those based on the Watts-Strogatz small-world property. When compared to state-of-the-art artificial neural networks, such as transformers or attention-based autoencoders, ElegansNet outperforms well-known deep learning and traditional models in both supervised image classification tasks and unsupervised hand-written digits reconstruction, achieving top-1 accuracy of 99.99% on Cifar10 and 99.84% on MNIST Unsup on the validation sets.",2023.0,bioRxiv,2,10.1101/2023.04.23.537987,,2304.13538,JournalArticle,2023-04-06,https://www.semanticscholar.org/paper/e6d5cfec34883b1a14962b3ca9b972754245d73b,Computer Science;Biology,Computer Science|external;Biology|external;Computer Science|s2-fos-model;Biology|s2-fos-model,Francesco Bardozzo; Andrea Terlizzi; Pietro Lio’; R. Tagliaferri,net_03,network_science,lexical,True,network_science_scope,connectom,,small-world,annotation,annotation,,,,0,8,0.0001267828160974,0.607910804353597,5,1,0.5493061443340548,0.2540483143084683,1,2.1662905937527652,supported,0.0,109.0,2.0,False,False,False,False,True,False,False,False,False,True,3,True,True,True,3,False,inherited_connectome_provenance
7c52f4234977938462719622362c24aceeb223d4,Deciphering neural circuits for Caenorhabditis elegans behavior by computations and perturbations to genome and connectome,"{\it Caenorhabditis elegans} nematode worms are the only animals with the known detailed neural connectivity diagram, well characterized genomics, and relatively simple quantifiable behavioral output. With this in mind, many researchers view this animal as the best candidate for a systems biology approach, where one can integrate molecular and cellular knowledge to gain global understanding of worm's behavior. This work reviews some research in this direction, emphasizing computational perspective, and points out some successes and challenges to meet this lofty goal.",2019.0,Current Opinion in Systems Biology,5,10.1016/j.coisb.2018.09.008,,1910.07451,Review,2019-02-01,https://www.semanticscholar.org/paper/7c52f4234977938462719622362c24aceeb223d4,Biology;Computer Science,Biology|s2-fos-model;Computer Science|s2-fos-model,J. Karbowski,,,1hop_citations,True,review_scope,connectom,,,,,,,,0,4,0.0001267828160974,0.3395274754446509,4,1,0.6334826354731834,0.2803291744093443,0,2.1448101937881603,supported,4.0,4.0,0.0,False,False,False,False,True,False,False,False,False,True,3,True,True,True,3,False,inherited_connectome_provenance
0e27482b2c21e43070b5a7d3c79280a5ce8e916e,Self-Organized Criticality in C. Elegans Neural Network,"The self-organized criticality is a fundamental property for organisms to perform normal functional activities. Extensive large-scale biological neural network researches have found the existence of self-organized criticality through avalanche phenomenon, which is typical characteristic of self-organized criticality. However, such research method is not suitable for small-scale biological neural network, because number of neurons in small-scale biological neural network is not large enough to support the emergence of avalanche phenomenon. It has been demonstrated that branching parameter can also be used to describe the propagation of activity in the neural network. Here, in this paper, the C. elegans neural network composed of 302 neurons is selected to investigate the existence of self-organized criticality using branching parameter. Based on the obtained connectome of C. elegans, a directed graph model is constructed to simulate the gradient potential of neurons and the activity of C. elegans, then, the existence of self-organized criticality in the neural network of C. elegans is proved by using branching parameter method. Meanwhile, the result is further confirmed by analyzing the calcium activity data of C. elegans obtained from biological experiments.",2023.0,Cybersecurity and Cyberforensics Conference,0,10.23919/ccc58697.2023.10240396,,,Conference,2023-07-24,https://www.semanticscholar.org/paper/0e27482b2c21e43070b5a7d3c79280a5ce8e916e,Biology;Computer Science,Biology|s2-fos-model;Computer Science|s2-fos-model,Xiao-Jun Gu; Jian Liu; Ye Yuan; Peng Zhao; Kuankuan Xin; Tao Fang,,network_science,1hop_citations,True,network_science_scope,connectom,,graph,,,,,,0,3,0.0001267828160974,0.0432705070347756,3,1,0.0,0.0079638970002654,1,2.1197681621095477,supported,3.0,3.0,0.0,False,False,False,False,True,False,False,False,False,True,3,True,True,True,3,False,inherited_connectome_provenance
664a1a303154754cfbe95390771182ba17558344,"Work Flows for Cellular Epidemiology, From Conception to Translation","The authors have withdrawn their manuscript after issues with the cell viability validation (Fig. 8) were found. In the interest of furthering science and ensuring that clinical decisions are based on best practices and evidence, the issue is described in more detail in the peer-reviewed, published paper: https://www.frontiersin.org/articles/10.3389/fphys.2021.647603/full Knothe Tate ML, Srikantha A, Wojek C, Zeidler D (2021) Connectomics of Bone to Brain— Probing Physical Renderings of Cellular Experience, Frontiers in Physiology 12: 1018, doi: 10.3389/fphys.2021.647603 As noted in that published work: “Osteocyte coordinates can be extracted from the YOLO classified image set, enabling high throughput analyses of massive datasets, which in the future could include other cellular inhabitants of tissues including blood cells, immune cells, chondrocytes, etc. While the method shows great promise for automated detection of cells, the greatest limitation of the method is the definition of appropriate and unbiased classifiers. The definition of osteocytes as pyknotic and viable based on the number of cell processes was shown to be flawed in a parallel study testing the assumption using biochemical based viability measures (Anastopolous and Knothe Tate, 2021).” Therefore, the authors do not wish this work to be cited as reference for the project. If you have any questions, please contact the corresponding author.",2019.0,bioRxiv,0,10.1101/548412,,,Review,2019-02-13,https://www.semanticscholar.org/paper/664a1a303154754cfbe95390771182ba17558344,Medicine;Biology,Medicine|s2-fos-model;Biology|s2-fos-model,Anton D. Nathanson; Lucy Ngo; T. Garbowski; A. Srikantha; C. Wojek; D. Zeidler; M. K. Knothe Tate,,,1hop_citations,True,review_scope,connectom,,,,,clinical,,,0,4,0.0001267828160974,0.2752853729758428,3,1,0.0,0.0645075657021502,0,1.9887178125829572,supported,4.0,3.0,0.0,False,False,True,False,True,False,False,False,False,True,3,True,True,True,3,False,inherited_connectome_provenance
6b7939a04ccc02aa6f8d524007b3559a2ba133ea,Neuromorphic hierarchical modular reservoirs,"Modularity is a fundamental principle of brain organization, reflected in the presence of segregated sub-networks that enable specialized information processing. These small, densely connected modules are often nested within larger, higher-order modules, giving rise to a hierarchical modular architecture. This structure is posited to balance information segregation in specialized neuronal communities and global integration via intermodular communication. Yet, how hierarchical modularity shapes network function remains unclear. Here we introduce a simple blockmodeling framework for generating and comparing multi-level hierarchical modular networks and implement them as recurrent neural net-work reservoirs to evaluate their computational capacity. We show that hierarchical modular networks enhance memory capacity, support multitasking, and give rise to a broader range of temporal dynamics compared to strictly modular and random networks. These functional advantages can be traced to topological features enriched in hierarchical modular networks, which include reciprocal and cyclic network motifs. To test whether the computational advantages of hierarchical modularity subsist in empirical human brain structural connectivity patterns, we develop a novel hierarchical modularity-preserving network null model, allowing us to isolate the positive effect of empirical hierarchical modularity patterns on memory capacity. To evaluate the biomimetic validity of connectome-informed reservoir dynamics, we compare reservoir timescales to empirical brain timescales derived from MEG data and find that hierarchical modularity contributes to shaping brain-like neural timescales. Altogether, across multiple benchmarks, these results show that hierarchical modularity endows networks with computationally advantageous properties, providing insight into the relationship between neural network structure and function with potential applications for the design of neuromorphic computing architectures.",2025.0,bioRxiv,6,10.1038/s41467-026-74466-2,42350431.0,,JournalArticle,2025-06-21,https://www.semanticscholar.org/paper/6b7939a04ccc02aa6f8d524007b3559a2ba133ea,Medicine;Biology;Computer Science;Engineering,Medicine|external;Biology|external;Computer Science|s2-fos-model;Engineering|s2-fos-model,Filip Milisav; Andrea I. Luppi; Laura E. Suárez; Guillaume Lajoie; B. Mišić,net_04;sf_05,network_science;structure_function,1hop_citations;1hop_references;lexical,True,network_science_scope,connectom,,modular;motif,,,human brain,,,3,15,0.0002768337762855,0.8967348022298912,5,1,1.3759662619767374,0.7454207592248474,2,4.711928147951508,core_candidate,3.0,217.0,6.0,False,False,True,False,True,False,False,False,False,True,2,True,True,True,2,False,inherited_connectome_provenance
7bf6dbd0bbc3f1314d3bbfd463b024c120b4ac4a,Social state alters vision using three circuit mechanisms in Drosophila,"Animals are often bombarded with visual information and must prioritize specific visual features based on their current needs. The neuronal circuits that detect and relay visual features have been well studied1, 2, 3, 4, 5, 6, 7–8. Much less is known about how an animal adjusts its visual attention as its goals or environmental conditions change. During social behaviours, flies need to focus on nearby flies9, 10–11. Here we study how the flow of visual information is altered when female Drosophila enter an aggressive state. From the connectome, we identify three state-dependent circuit motifs poised to modify the response of an aggressive female to fly-sized visual objects: convergence of excitatory inputs from neurons conveying select visual features and internal state; dendritic disinhibition of select visual feature detectors; and a switch that toggles between two visual feature detectors. Using cell-type-specific genetic tools, together with behavioural and neurophysiological analyses, we show that each of these circuit motifs is used during female aggression. We reveal that features of this same switch operate in male Drosophila during courtship pursuit, suggesting that disparate social behaviours may share circuit mechanisms. Our study provides a compelling example of using the connectome to infer circuit mechanisms that underlie dynamic processing of sensory signals. A connectome analysis identifies, and experiments confirm, three state-dependent circuit motifs that modify the response of an aggressive female Drosophila or a courting male to fly-sized visual objects.",2024.0,Nature,22,10.1038/s41586-024-08255-6,39567699.0,,JournalArticle,2024-11-20,https://www.semanticscholar.org/paper/7bf6dbd0bbc3f1314d3bbfd463b024c120b4ac4a,Biology,Biology|s2-fos-model,Catherine E. Schretter; Tom Hindmarsh Sten; Nathan C Klapoetke; M. Shao; Aljoscha Nern; M. Dreher; Daniel Bushey; A. Robie; Adam L. Taylor; Kristin M. Branson; Adriane G. Otopalik; Vanessa Ruta; G. Rubin,,network_science,1hop_citations;1hop_references,True,network_science_scope,connectom,,motif,,,,,,4,3,0.0001785338572809,0.8293071409609769,6,1,1.8102784296092091,0.927263074064242,1,4.418945226086187,core_candidate,8.0,3.0,5.0,False,False,False,False,True,False,False,False,False,True,2,True,True,True,6,False,inherited_connectome_provenance
a51eaa478ce70caf9f440e985f5338c9434f7f0f,Toward large-scale connectome reconstructions.,,2014.0,Current Opinion in Neurobiology,88,10.1016/j.conb.2014.01.019,24598270.0,,Review;JournalArticle,2014-04-01,https://www.semanticscholar.org/paper/a51eaa478ce70caf9f440e985f5338c9434f7f0f,Medicine;Computer Science;Biology;Engineering,Medicine|external;Computer Science|external;Biology|s2-fos-model;Computer Science|s2-fos-model;Engineering|s2-fos-model,Stephen M. Plaza; Louis K. Scheffer; D. Chklovskii,rec_03,reconstruction,1hop_citations;1hop_references;lexical,True,review_scope,connectom,,,,,,,,30,4,0.0032135717883507,0.9896469338996547,11,1,1.244923737537059,0.650119458455004,1,4.400628262985576,core_candidate,17.0,4.0,88.0,False,False,False,False,True,False,False,False,False,True,2,True,True,True,22,False,inherited_connectome_provenance
aa0af55eb8dabf91ad8aafc77f5b5566cdef4ae0,A mesoscale connectome of the mouse brain,"Comprehensive knowledge of the brain’s wiring diagram is fundamental for understanding how the nervous system processes information at both local and global scales. However, with the singular exception of the C. elegans microscale connectome, there are no complete connectivity data sets in other species. Here we report a brain-wide, cellular-level, mesoscale connectome for the mouse. The Allen Mouse Brain Connectivity Atlas uses enhanced green fluorescent protein (EGFP)-expressing adeno-associated viral vectors to trace axonal projections from defined regions and cell types, and high-throughput serial two-photon tomography to image the EGFP-labelled axons throughout the brain. This systematic and standardized approach allows spatial registration of individual experiments into a common three dimensional (3D) reference space, resulting in a whole-brain connectivity matrix. A computational model yields insights into connectional strength distribution, symmetry and other network properties. Virtual tractography illustrates 3D topography among interconnected regions. Cortico-thalamic pathway analysis demonstrates segregation and integration of parallel pathways. The Allen Mouse Brain Connectivity Atlas is a freely available, foundational resource for structural and functional investigations into the neural circuits that support behavioural and cognitive processes in health and disease.",2014.0,Nature,2480,10.1038/nature13186,24695228.0,,JournalArticle,2014-04-01,https://www.semanticscholar.org/paper/aa0af55eb8dabf91ad8aafc77f5b5566cdef4ae0,Biology;Medicine,Biology|external;Medicine|external;Biology|s2-fos-model,S. W. Oh; Julie A. Harris; L. Ng; B. Winslow; Nicholas Cain; Stefan Mihalas; Quanxin Wang; C. Lau; L. Kuan; A. Henry; M. Mortrud; Benjamin Ouellette; T. Nguyen; S. Sorensen; C. Slaughterbeck; Wayne Wakeman; Yang Li; David Feng; Anh Ho; Eric Nicholas; Karla E. Hirokawa; Phillip Bohn; Kevin Joines; Hanchuan Peng; M. Hawrylycz; John W. Phillips; J. Hohmann; Paul E. Wohnoutka; C. Gerfen; C. Koch; Amy Bernard; Chinh Dang; Allan R. Jones; Hongkui Zeng,net_12,network_science,1hop_citations;1hop_references;lexical,True,network_science_scope,connectom;wiring diagram,,graph,,,disease,,,276,8,0.0224522769949288,0.9997345367666578,11,1,2.167884017316028,0.9790284045659676,1,4.07264843819131,core_candidate,48.0,133.0,2477.0,False,False,True,False,True,True,False,False,False,True,2,True,True,True,119,False,inherited_connectome_provenance
f56cec560a84d34dc9c6c8c3e8ca141554f521b4,Wiring cost and topological participation of the mouse brain connectome,"Significance We analyzed a large dataset of tract tracing experiments to investigate the topological and spatial properties of the mouse brain connectome. We found expensive, topologically integrative hub nodes, which could not be explained by global minimization of wiring cost alone. These “high-participation” hubs mediated communication between functionally specialized and anatomically localized network modules and were associated with high expression of genes involved in cognitive and behavioral processes. We propose that the mouse brain network is selected by simultaneous competitive pressures for wiring-cost minimization and hub-mediated information exchange between network modules. High-participation hubs are expensive but central to global integration of information and, thus, essential for adaptive “higher order” brain functions. Brain connectomes are topologically complex systems, anatomically embedded in 3D space. Anatomical conservation of “wiring cost” explains many but not all aspects of these networks. Here, we examined the relationship between topology and wiring cost in the mouse connectome by using data from 461 systematically acquired anterograde-tracer injections into the right cortical and subcortical regions of the mouse brain. We estimated brain-wide weights, distances, and wiring costs of axonal projections and performed a multiscale topological and spatial analysis of the resulting weighted and directed mouse brain connectome. Our analysis showed that the mouse connectome has small-world properties, a hierarchical modular structure, and greater-than-minimal wiring costs. High-participation hubs of this connectome mediated communication between functionally specialized and anatomically localized modules, had especially high wiring costs, and closely corresponded to regions of the default mode network. Analyses of independently acquired histological and gene-expression data showed that nodal participation colocalized with low neuronal density and high expression of genes enriched for cognition, learning and memory, and behavior. The mouse connectome contains high-participation hubs, which are not explained by wiring-cost minimization but instead reflect competitive selection pressures for integrated network topology as a basis for higher cognitive and behavioral functions.",2015.0,Proceedings of the National Academy of Sciences of the United States of America,215,10.1073/pnas.1420315112,26216962.0,,JournalArticle,2015-07-27,https://www.semanticscholar.org/paper/f56cec560a84d34dc9c6c8c3e8ca141554f521b4,Biology;Medicine,Biology|external;Medicine|external;Biology|s2-fos-model,M. Rubinov; R. Ypma; Charles Watson; E. Bullmore,net_04;net_06,network_science,1hop_citations;1hop_references;lexical,True,network_science_scope,connectom,,modular;network topology;small-world,,,,,,56,6,0.0049421641541768,0.994425272099814,8,1,1.551709217822818,0.8465622511282187,1,4.002433412972303,core_candidate,16.0,58.0,215.0,False,False,False,False,True,False,False,False,False,True,2,True,True,True,17,False,inherited_connectome_provenance
15fe5ef22f9264a29a6b22063b990435edc17b6a,From Cajal to Connectome and Beyond.,,2016.0,Annual Review of Neuroscience,157,10.1146/annurev-neuro-071714-033954,27442070.0,,Review;JournalArticle,2016-07-20,https://www.semanticscholar.org/paper/15fe5ef22f9264a29a6b22063b990435edc17b6a,Psychology;Medicine;Biology,Psychology|external;Medicine|external;Biology|s2-fos-model,L. Swanson; J. Lichtman,core_04,direct_connectomics,1hop_citations;1hop_references;lexical,True,review_scope,connectom,,,,,,,,35,4,0.0016577260820802,0.9814175736660472,11,1,1.5264298354606685,0.8332890894611097,1,3.986041058313423,core_candidate,18.0,4.0,157.0,False,False,False,False,True,False,False,False,False,True,2,True,True,True,29,False,inherited_connectome_provenance
42116f5234d24b9c687f654406b1a3495bfbbc82,A blueprint of mammalian cortical connectomes,"The cerebral cortex of mammals exhibits intricate interareal wiring. Moreover, mammalian cortices differ vastly in size, cytological composition, and phylogenetic distance. Given such complexity and pronounced species differences, it is a considerable challenge to decipher organizational principles of mammalian connectomes. Here, we demonstrate species-specific and species-general unifying principles linking the physical, cytological, and connectional dimensions of architecture in the mouse, cat, marmoset, and macaque monkey. The existence of connections is related to the cytology of cortical areas, in addition to the role of physical distance, but this relation is attenuated in mice and marmoset monkeys. The cytoarchitectonic cortical gradients, and not the rostrocaudal axis of the cortex, are closely linked to the laminar origin of connections, a principle that allows the extrapolation of this connectional feature to humans. Lastly, a network core, with a central role under different modes of network communication, characterizes all cortical connectomes. We observe a displacement of the network core in mammals, with a shift of the core of cats and macaque monkeys toward the less neuronally dense areas of the cerebral cortex. This displacement has functional ramifications but also entails a potential increased degree of vulnerability to pathology. In sum, our results sketch out a blueprint of mammalian connectomes consisting of species-specific and species-general links between the connectional, physical, and cytological dimensions of the cerebral cortex, possibly reflecting variations and persistence of evolutionarily conserved mechanisms and cellular phenomena. Our framework elucidates organizational principles that encompass but also extend beyond the wiring economy principle imposed by the physical embedding of the cerebral cortex.",2019.0,PLoS Biology,77,10.1371/journal.pbio.2005346,30901324.0,,JournalArticle,2019-03-01,https://www.semanticscholar.org/paper/42116f5234d24b9c687f654406b1a3495bfbbc82,Biology;Medicine,Biology|external;Medicine|external;Biology|s2-fos-model,A. Goulas; P. Majka; M. Rosa; C. Hilgetag,net_06,network_science,1hop_citations;1hop_references;lexical,True,network_science_scope,connectom,,k core,,,patholog,,,15,7,0.0011109755787184,0.9739846031324662,6,1,1.5403291775037486,0.8404565967613485,1,3.9840500840633566,core_candidate,6.0,103.0,77.0,False,False,True,False,True,False,False,False,False,True,2,True,True,True,4,False,inherited_connectome_provenance
30a830495d42fee939b0dd74234f4ed6996d188e,Topological organization of connectivity strength in the rat connectome,"The mammalian brain is a complex network of anatomically interconnected regions. Animal studies allow for an invasive measurement of the connections of these networks at the macroscale level by means of neuronal tracing of axonal projections, providing a unique opportunity for the formation of detailed ‘connectome maps’. Here we analyzed the macroscale connectome of the rat brain, including detailed information on the macroscale interregional pathways between 67 cortical and subcortical regions as provided by the high-quality, open-access BAMS-II database on rat brain anatomical projections, focusing in particular on the non-uniform distribution of projection strength across pathways. First, network analysis confirmed a small-world, modular and rich club organization of the rat connectome; findings in clear support of previous studies on connectome organization in other mammalian species. More importantly, analyzing network properties of different connection weight classes, we extend previous observations by showing that pathways with different topological roles have significantly different levels of connectivity strength. Among other findings, intramodular connections are shown to display a higher connectivity strength than intermodular connections and hub-to-hub rich club connections are shown to include significantly stronger pathways than connections spanning between peripheral nodes. Furthermore, we show evidence indicating that edges of different weight classes display different topological structures, potentially suggesting varying roles and origins of pathways in the mammalian brain network.",2015.0,Brain Structure and Function,55,10.1007/s00429-015-0999-6,25697666.0,,JournalArticle,2015-02-20,https://www.semanticscholar.org/paper/30a830495d42fee939b0dd74234f4ed6996d188e,Biology;Medicine,Biology|external;Medicine|external;Biology|s2-fos-model,M. P. van den heuvel; L. H. Scholtens; M. D. de Reus,net_04,network_science,1hop_citations;1hop_references;lexical,True,network_science_scope,connectom,,modular;network analysis;rich club;small-world,,database,,,,17,14,0.0006650157582794,0.953278470931776,6,1,1.162018941114427,0.593310326519777,1,3.8449473497920534,core_candidate,10.0,89.0,55.0,False,False,False,False,True,False,False,False,False,True,2,True,True,True,4,False,inherited_connectome_provenance
e18b7843cdcc144057cee9c8338fcf1ce22fb87c,A simulated annealing algorithm for randomizing weighted networks,"Scientific discovery in connectomics relies on the use of network null models. To systematically evaluate the prominence of brain network features, empirical measures are compared against null statistics computed in randomized networks. Modern imaging and tracing technologies provide an increasingly rich repertoire of biologically meaningful edge weights. Despite the prevalence of weighted graph analysis in connectomics, randomization models that only preserve binary node degree remain most widely used. Here, to adapt network null models to weighted network inference, we propose a simulated annealing procedure for generating strength sequence-preserving randomized networks. This model outperforms other commonly used rewiring algorithms in preserving weighted degree (strength). We show that these results generalize to directed networks as well as a wide range of real-world networks, making them generically applicable in neuroscience and in other scientific disciplines. Furthermore, we introduce morphospace representation as a tool for the assessment of null network ensemble variability and feature preservation. Finally, we show how the choice of a network null model can yield fundamentally different inferences about established organizational features of the brain such as the rich-club phenomenon and lay out best practices for the use of rewiring algorithms in brain network inference. Collectively, this work provides a simple but powerful inferential method to meet the challenges of analyzing richly detailed next-generation connectomics datasets.",2024.0,bioRxiv,19,10.1038/s43588-024-00735-z,39658626.0,,JournalArticle,2024-02-28,https://www.semanticscholar.org/paper/e18b7843cdcc144057cee9c8338fcf1ce22fb87c,Computer Science,Computer Science|s2-fos-model,Filip Milisav; Vincent Bazinet; Richard F. Betzel; B. Mišić,,network_science,1hop_citations;1hop_references,True,network_science_scope,connectom,,graph,,,,,,1,4,0.0001424450065866,0.7435625165914521,5,1,1.7295868345564462,0.9078842580302628,1,3.8449473497920534,core_candidate,5.0,3.0,1.0,False,False,False,False,True,False,False,False,False,True,2,True,True,True,2,False,inherited_connectome_provenance
d3bfe119831b5a39660ffe632fc27d2399b8d97b,Guided graph spectral embedding: Application to the C. elegans connectome,"Graph spectral analysis can yield meaningful embeddings of graphs by providing insight into distributed features not directly accessible in nodal domain. Recent efforts in graph signal processing have proposed new decompositions—for example, based on wavelets and Slepians—that can be applied to filter signals defined on the graph. In this work, we take inspiration from these constructions to define a new guided spectral embedding that combines maximizing energy concentration with minimizing modified embedded distance for a given importance weighting of the nodes. We show that these optimization goals are intrinsically opposite, leading to a well-defined and stable spectral decomposition. The importance weighting allows us to put the focus on particular nodes and tune the trade-off between global and local effects. Following the derivation of our new optimization criterion, we exemplify the methodology on the C. elegans structural connectome. The results of our analyses confirm known observations on the nematode’s neural network in terms of functionality and importance of cells. Compared with Laplacian embedding, the guided approach, focused on a certain class of cells (sensory neurons, interneurons, or motoneurons), provides more biological insights, such as the distinction between somatic positions of cells, and their involvement in low- or high-order processing functions.",2018.0,Network Neuroscience,17,10.1162/netn_a_00084,31410381.0,1812.03684,JournalArticle,2018-12-10,https://www.semanticscholar.org/paper/d3bfe119831b5a39660ffe632fc27d2399b8d97b,Computer Science;Biology;Mathematics;Medicine,Computer Science|external;Biology|external;Mathematics|external;Medicine|external;Computer Science|s2-fos-model;Biology|s2-fos-model,Miljan Petrović; T. Bolton; M. Preti; Raphaël Liégeois; D. Ville,net_12,network_science,1hop_citations;1hop_references;lexical,True,network_science_scope,connectom,,graph,,distributed,,,,6,4,0.0006178410223276,0.9508893018316964,4,1,0.9634572526320548,0.441730820281391,1,3.7673657198478008,core_candidate,3.0,88.0,17.0,False,False,False,False,True,False,False,False,False,True,2,True,True,True,4,False,inherited_connectome_provenance
4f86da8586050030fc4061f787129d1fd87caba4,Diverse Community Structures in the Neuronal-Level Connectome of the Drosophila Brain,,2019.0,Neuroinformatics,16,10.1007/s12021-019-09443-w,31797265.0,,JournalArticle,2019-12-03,https://www.semanticscholar.org/paper/4f86da8586050030fc4061f787129d1fd87caba4,Computer Science;Medicine;Biology,Computer Science|external;Medicine|external;Biology|external;Biology|s2-fos-model,C. Shih; Yen-Jen Lin; Cheng-Te Wang; Ting-Yuan Wang; Chih-Cheng Chen; Ta-Shun Su; Chung-Chuang Lo; A. Chiang,net_04;net_06,network_science,1hop_citations;1hop_references;lexical,True,network_science_scope,connectom,,community,,,,,,4,5,0.0002754957341024,0.896469338996549,6,1,1.001692184065183,0.4735864082824528,1,3.742478541721971,core_candidate,7.0,5.0,16.0,False,False,False,False,True,False,False,False,False,True,2,True,True,True,4,False,inherited_connectome_provenance
87f27c49a9f39d295cf1f692c2d8f54f7acd22e0,Mechanisms of Connectome Development.,"At the centenary of D'Arcy Thompson's seminal work 'On Growth and Form', pioneering the description of principles of morphological changes during development and evolution, recent experimental advances allow us to study change in anatomical brain networks. Here, we outline potential principles for connectome development. We will describe recent results on how spatial and temporal factors shape connectome development in health and disease. Understanding the developmental origins of brain diseases in individuals will be crucial for deciding on personalized treatment options. We argue that longitudinal studies, experimentally derived parameters for connection formation, and biologically realistic computational models are needed to better understand the link between brain network development, network structure, and network function.",2017.0,Trends in Cognitive Sciences,96,10.1016/j.tics.2017.05.010,28610804.0,,Review;JournalArticle,2017-09-01,https://www.semanticscholar.org/paper/87f27c49a9f39d295cf1f692c2d8f54f7acd22e0,Biology;Medicine,Biology|s2-fos-model;Medicine|s2-fos-model,Marcus Kaiser,,health_translation,1hop_citations;1hop_references,True,review_scope,connectom,,,,,disease,,,2,4,0.0001639857520478,0.8099283249269976,5,1,1.4466506329048274,0.7913458985930448,1,3.586452526325104,core_candidate,6.0,4.0,2.0,False,False,True,False,True,False,False,False,False,True,2,True,True,True,3,False,inherited_connectome_provenance
ac28805da20e06ffc51307683d2dc90841a206d8,Machines that learn to segment images: a crucial technology for connectomics.,,2010.0,Current Opinion in Neurobiology,170,10.1016/j.conb.2010.07.004,20801638.0,,Review;JournalArticle,2010-10-01,https://www.semanticscholar.org/paper/ac28805da20e06ffc51307683d2dc90841a206d8,Computer Science;Biology,Computer Science|s2-fos-model;Biology|s2-fos-model,Viren Jain; H. Seung; Srinivas C. Turaga,,,1hop_citations;1hop_references,True,review_scope,connectom,,,,,,,,10,3,0.0032396616003719,0.9901778603663391,9,1,1.2470365844029074,0.6541014069551367,0,3.569684098752323,core_candidate,13.0,3.0,7.0,False,False,False,False,True,False,False,False,False,True,2,True,True,True,12,False,inherited_connectome_provenance
e1b08e1a5ee1750ff3db1bff1d157a816e369593,Graph Properties of the Adult Drosophila Central Brain,"The recent Drosophila central brain connectome offers the possibility of analyzing the graph properties of the fly brain. Crucially, this connectome is dense, meaning all nodes and links are represented, within the limits of experimental error. We consider the connectome as a directed graph with weighted edges. This enables us to look at a number of graph properties, compare them to human designed logic systems, and speculate on how this may affect function. We look at input and output distributions, randomness of wiring, differences between compartments, path lengths, proximity of strong connections, known computational structures, electrical response as a function of compartment structure, and evidence for efficient packing.",2020.0,bioRxiv,18,10.1101/2020.05.18.102061,,,,2020-05-20,https://www.semanticscholar.org/paper/e1b08e1a5ee1750ff3db1bff1d157a816e369593,Biology;Computer Science,Biology|s2-fos-model;Computer Science|s2-fos-model,Louis K. Scheffer,,network_science,1hop_citations;1hop_references,True,network_science_scope,connectom,,graph,,,,,,7,2,0.0004611066535603,0.936023360764534,9,1,1.1128933270684704,0.5518980621183966,1,3.5612998849659316,core_candidate,9.0,2.0,7.0,False,False,False,False,True,False,False,False,False,True,2,True,True,True,8,False,inherited_connectome_provenance
faef41a491a846bce890448c4f86abfa3561f523,The emergence of multiscale connectomics-based approaches in stroke recovery.,"Stroke is a leading cause of adult disability. Understanding stroke damage and recovery requires deciphering changes in complex brain networks across different spatiotemporal scales. While recent developments in brain readout technologies and progress in complex network modeling have revolutionized current understanding of the effects of stroke on brain networks at a macroscale, reorganization of smaller scale brain networks remains incompletely understood. In this review, we use a conceptual framework of graph theory to define brain networks from nano- to macroscales. Highlighting stroke-related brain connectivity studies at multiple scales, we argue that multiscale connectomics-based approaches may provide new routes to better evaluate brain structural and functional remapping after stroke and during recovery.",2024.0,Trends in Neurosciences,20,10.1016/j.tins.2024.01.003,38402008.0,,Review;JournalArticle,2024-02-01,https://www.semanticscholar.org/paper/faef41a491a846bce890448c4f86abfa3561f523,Medicine;Engineering,Medicine|s2-fos-model;Engineering|s2-fos-model,S. Latifi; S. Carmichael,,network_science,1hop_citations,True,network_science_scope;review_scope,connectom,,graph,,,,,,0,5,0.0001267828160974,0.6628616936554287,4,1,1.757755848973474,0.9163790814972126,1,3.538669144323511,core_candidate,5.0,3.0,0.0,False,False,False,False,True,False,False,False,False,True,2,True,True,True,2,False,inherited_connectome_provenance
12bc9f173f17e9eb5bd31e9a1c3d24761eda2d09,From the connectome to brain function,,2013.0,Nature Methods,567,10.1038/nmeth.2451,23866325.0,,Review;JournalArticle,2013-05-30,https://www.semanticscholar.org/paper/12bc9f173f17e9eb5bd31e9a1c3d24761eda2d09,Biology,Biology|s2-fos-model,Cori Bargmann; E. Marder,,,1hop_citations;1hop_references,True,review_scope,connectom,,,,,,,,39,2,0.0039519255828829,0.992567029466419,11,1,1.695003246726802,0.8956729492965224,0,3.4422617467480756,core_candidate,42.0,2.0,37.0,False,False,False,False,True,False,False,False,False,True,2,True,True,True,38,False,inherited_connectome_provenance
0e85ed5edf7dfb7eff823b4ec5e848cef237ee3b,Network structure of the mouse brain connectome with voxel resolution,"Fine-grained descriptions of brain connectivity are fundamental for understanding how neural information is processed and relayed across spatial scales. Prior investigations of the mouse brain connectome have employed discrete anatomical parcellations, limiting spatial resolution and potentially concealing network attributes critical to the organization of the mammalian connectome. Here we provide a voxel-level description of the network and hierarchical structure of the directed mouse connectome, unconstrained by regional partitioning. We show that integrative hub regions can be directionally segregated into neural sinks and sources, defining a hierarchical axis. We describe a set of structural communities that spatially reconstitute previously described fMRI networks of the mouse brain, and document that neuromodulatory nuclei are strategically wired as critical orchestrators of inter-modular and network communicability. Notably, like in primates, the directed mouse connectome is organized along two superimposed cortical gradients reflecting unimodal-transmodal functional processing and a modality-specific sensorimotor axis. These structural features can be related to patterns of intralaminar connectivity and to the spatial topography of dynamic fMRI brain states, respectively. Together, our results reveal a high-resolution structural scaffold linking mesoscale connectome topography to its macroscale functional organization, and create opportunities for identifying targets of interventions to modulate brain function in a physiologically-accessible species.",2020.0,bioRxiv,121,10.1126/sciadv.abb7187,33355124.0,,JournalArticle,2020-03-08,https://www.semanticscholar.org/paper/0e85ed5edf7dfb7eff823b4ec5e848cef237ee3b,Biology;Computer Science,Biology|s2-fos-model;Computer Science|s2-fos-model,L. Coletta; M. Pagani; Jennifer D. Whitesell; Julie A. Harris; B. Bernhardt; A. Gozzi,,network_science,1hop_citations;1hop_references,True,network_science_scope,connectom,,graph;modular,,,,,,1,5,0.000138422170697,0.7233873108574462,6,1,1.8157492824978425,0.929917706397664,1,3.3408326696752493,core_candidate,6.0,5.0,1.0,False,False,False,False,True,False,False,False,False,True,2,True,True,True,3,False,inherited_connectome_provenance
bf99081b04b77e8bd5ea72ffb323544e14278fbd,A Physics-Inspired Neural Network Framework for Nanoscale Biological Slice Thickness Measurement,"Accurate measurement of biological slice thickness is essential for the precise reconstruction of neuronal connections in microscale connectomics. Conventional metrology often faces performance bottlenecks, struggling to balance measurement accuracy with system complexity and operational efficiency. This study proposes a novel, low-cost, and high-precision method for biological slice thickness measurement. The proposed data-driven approach eliminates the need for high-precision physical modeling and complex instrumentation. By utilizing a simple optical setup based on a standard RGB camera, the proposed method achieves a mean absolute error (MAE) of 0.77 nm over a wide measurement range of 30–1000 nm. To address the limited generalization capability of conventional deep learning (Conv. DL) methods under sparse training data conditions, a physics-inspired three-wavelength interferometric neural network (TWI-NN) framework is proposed. The architecture incorporates physics-based structural constraints, including task decoupling and input–output inversion, enabling the network to learn accurate mappings from limited data. Experimental results indicate that, under sparse training data conditions, the prediction accuracy of the TWI-NN is significantly better than that of Conv. DL models. Uncertainty analysis confirms that the total expanded uncertainty (k = 2) is less than 0.947 nm. Furthermore, compared with existing interferometric color measurement methods, the proposed method eliminates the need for repeated calibration and features a simpler implementation. Thickness distribution measurement at an effective resolution of $200\times 200$ pixels can be completed in 0.73 s. Overall, the proposed method provides a scalable, cost-effective, and high-precision solution, demonstrating strong potential for high-throughput thickness measurement.",2026.0,IEEE Transactions on Instrumentation and Measurement,0,10.1109/tim.2026.3693404,,,JournalArticle,,https://www.semanticscholar.org/paper/bf99081b04b77e8bd5ea72ffb323544e14278fbd,Physics;Biology;Engineering;Computer Science,Physics|s2-fos-model;Biology|s2-fos-model;Engineering|s2-fos-model;Computer Science|s2-fos-model,Zhuangzhuang Zhao; Hongtu Ma; Xiaohui Dong; Bohao Chen; MingGang Wang; Qiwei Xie; Xi Chen; Hua Han,qc_08,proofreading_qc,1hop_citations;lexical,True,proofreading_qc_scope,connectom,,,uncertainty,version,,training,,0,2,0.0001267828160974,0.5080966286169366,2,1,0.0,0.1154765065038492,1,3.27214405804796,core_candidate,2.0,2.0,0.0,False,False,False,True,True,False,False,False,False,True,2,True,True,True,2,False,inherited_connectome_provenance
0379da7ee390b4538c51a832017b6a9acbf72534,Neural evolution of complex motor behaviors: insights from Drosophila courtship song.,"The remarkable complexity and diversity of acoustic signals used in social interactions across animal species offers a unique window into the neural basis of behavioral evolution. Among these, the Drosophila courtship song serves as a powerful system for investigating how context-dependent complex motor patterns are encoded and evolve over time. With the aid of advanced tools-including cell-type-specific manipulation and connectomics-researchers are beginning to uncover the circuit architecture responsible for song production. Comparative analyses of homologous neurons across species are further revealing how specific components of the song circuit contribute to the diversification of acoustic signals. In this review, we synthesize recent comparative studies in Drosophila with current knowledge of the courtship song circuit to discuss where and how neural circuits may have evolved to generate species-specific motor patterns and to highlight circuit principles and features that may underlie or shape the evolution of complex motor behaviors.",2025.0,Current Opinion in Neurobiology,2,10.1016/j.conb.2025.103131,41172557.0,,Review;JournalArticle,2025-10-30,https://www.semanticscholar.org/paper/0379da7ee390b4538c51a832017b6a9acbf72534,Biology,Biology|s2-fos-model,Yun Ding; Joshua L. Lillvis,,,1hop_citations;1hop_references,True,review_scope,connectom,,,,,,,,1,3,0.0001357602239719,0.7093177594903106,4,1,0.7768361992120931,0.3336872843111229,0,3.198831961773294,core_candidate,5.0,4.0,1.0,False,False,False,False,True,False,False,False,False,True,2,True,True,True,2,False,inherited_connectome_provenance
48c50042efc5bb6e94e3b966787546be9a3ea430,Network topology of the marmoset connectome,"The brain is a complex network of interconnected and interacting neuronal populations. Global efforts to understand the emergence of behavior and the effect of perturbations depend on accurate reconstruction of white matter pathways, both in humans and in model organisms. An emerging animal model for next-generation applied neuroscience is the common marmoset (Callithrix jacchus). A recent open respository of retrograde and anterograde tract tracing presents an opportunity to systematically study the network architecture of the marmoset brain (Marmoset Brain Architecture Project; http://www.marmosetbrain.org). Here we comprehensively chart the topological organization of the mesoscale marmoset cortico-cortical connectome. The network possesses multiple nonrandom attributes that promote a balance between segregation and integration, including near-minimal path length, multiscale community structure, a connective core, a unique motif composition, and multiple cavities. Altogether, these structural attributes suggest a link between network architecture and function. Our findings are consistent with previous reports across a range of species, scales, and reconstruction technologies, suggesting a small set of organizational principles universal across phylogeny. Collectively, these results provide a foundation for future anatomical, functional, and behavioral studies in this model organism.",2020.0,Network Neuroscience,22,10.1162/netn_a_00159,33409435.0,,JournalArticle,2020-01-01,https://www.semanticscholar.org/paper/48c50042efc5bb6e94e3b966787546be9a3ea430,Biology,Biology|s2-fos-model,Zhen-Qi Liu; Ying-Qiu Zheng; B. Mišić,,network_science,1hop_citations;1hop_references,True,network_science_scope,connectom,,community;motif;network topology,,,,,,1,6,0.0001424450065866,0.7432970533581099,6,1,1.185105418947141,0.6060525617202017,1,3.1938324042120163,core_candidate,7.0,5.0,1.0,False,False,False,False,True,False,False,False,False,True,2,True,True,True,2,False,inherited_connectome_provenance
90e678d5177b8daa5e2c7ce152961b8a3857d947,Semiparametric spectral modeling of the Drosophila connectome,"We present semiparametric spectral modeling of the complete larval Drosophila mushroom body connectome. Motivated by a thorough exploratory data analysis of the network via Gaussian mixture modeling (GMM) in the adjacency spectral embedding (ASE) representation space, we introduce the latent structure model (LSM) for network modeling and inference. LSM is a generalization of the stochastic block model (SBM) and a special case of the random dot product graph (RDPG) latent position model, and is amenable to semiparametric GMM in the ASE representation space. The resulting connectome code derived via semiparametric GMM composed with ASE captures latent connectome structure and elucidates biologically relevant neuronal properties.",2017.0,,31,,,1705.03297,,2017-05-09,https://www.semanticscholar.org/paper/90e678d5177b8daa5e2c7ce152961b8a3857d947,Biology;Computer Science,Biology|s2-fos-model;Computer Science|s2-fos-model,C. Priebe; Youngser Park; M. Tang; A. Athreya; V. Lyzinski; J. Vogelstein; Yichen Qin; Benjamin T. Cocanougher; K. Eichler; Marta Zlatic; Albert Cardona,,network_science,1hop_citations;1hop_references,True,network_science_scope,connectom,,graph,,,,,,2,2,0.000157305418164,0.7929386779930979,4,1,1.0959619221467063,0.5288027608176268,1,3.19243872223697,core_candidate,4.0,2.0,2.0,False,False,False,False,True,False,False,False,False,True,2,True,True,True,3,False,inherited_connectome_provenance
132c1943ba6986cc7efd648851411f5a383357d9,Sequential addition of neuronal stem cell temporal cohorts generates a feed-forward circuit in the Drosophila larval nerve cord,"Understanding how circuits self-assemble starting from neuronal stem cells is a fundamental question in developmental biology. Here, we addressed how neurons from different lineages wire with each other to form a specific circuit motif. To do so, we combined developmental genetics—Twin spot MARCM, Multi-color Flip Out, permanent labeling—with circuit analysis—calcium imaging, connectomics, and network science analyses. We find many lineages are organized into temporal cohorts, which are sets of lineage-related neurons born within a tight time window, and that temporal cohort boundaries have sharp transitions in patterns of input connectivity. We identify a feed-forward circuit motif that encodes the onset of vibration stimuli. This feed-forward circuit motif is assembled by preferential connectivity between temporal cohorts from different neuronal stem cell lineages. Further, connectivity does not follow the often-cited early-to-early, late-to-late model. Instead, the feed-forward motif is formed by sequential addition of temporal cohorts, with circuit output neurons born before circuit input neurons. Further, we generate multiple new tools for the fly community. Ultimately, our data suggest that sequential addition of neurons (with outputs neurons being oldest and input neurons being youngest) could be a fundamental strategy for assembling feed-forward circuits.",2022.0,bioRxiv,6,10.1101/2022.04.05.487221,35723253.0,,JournalArticle,2022-04-06,https://www.semanticscholar.org/paper/132c1943ba6986cc7efd648851411f5a383357d9,Medicine;Biology,Medicine|external;Biology|external;Biology|s2-fos-model,Yi-wen Wang; C. Wreden; Maayan Levy; Zarion D. Marshall; J. MacLean; Ellie S. Heckscher,train_13,network_science;people_development,1hop_citations;1hop_references;lexical,True,network_science_scope,connectom,,community;motif,,,,,,1,2,0.0001406856362679,0.7353331563578445,3,1,0.8702374742788856,0.3899654897796655,2,3.163149278824883,core_candidate,3.0,2.0,1.0,False,False,False,False,True,False,False,False,False,True,2,True,True,True,3,False,inherited_connectome_provenance
bea9d7c80384f75090ab1c2eab0896f578814d5e,Community detection for directed networks revisited using bimodularity,"Significance The art of finding patterns or communities plays a central role in the analysis of structured data such as networks. Community detection in graphs has become a field on its own. Real-world networks, however, tend to describe asymmetric, directed relationships, and community detection methods have not yet reached consensus on how to define and retrieve communities in this setting. This work introduces a framework for the interpretation of directed graph partitions and communities, for which we define the bimodularity index and provide an optimization method to retrieve the embedding and detection of directed communities. The application of our approach to the worm neuronal wiring diagram highlights the importance of directed information that remains hidden from conventional community detection.",2025.0,Proceedings of the National Academy of Sciences of the United States of America,7,10.1073/pnas.2500571122,40854130.0,2502.04777,JournalArticle,2025-02-07,https://www.semanticscholar.org/paper/bea9d7c80384f75090ab1c2eab0896f578814d5e,Computer Science;Mathematics,Computer Science|s2-fos-model;Mathematics|s2-fos-model,Alexandre Cionca; Chun Hei Michael Chan; D. Ville,,network_science,1hop_citations,True,network_science_scope,wiring diagram,,community;graph;modular,,,,,,0,2,0.0001267828160974,0.5051765330501725,2,1,1.4703872152028206,0.8032917440934431,1,3.113861605167684,core_candidate,2.0,2.0,0.0,False,False,False,False,False,True,False,False,False,True,2,True,True,True,2,False,inherited_connectome_provenance
c52fd12c56a943ef7e282d2de1b02e529221429d,The brainstem connectome database,"Connectivity data of the nervous system and subdivisions, such as the brainstem, cerebral cortex and subcortical nuclei, are necessary to understand connectional structures, predict effects of connectional disorders and simulate network dynamics. For that purpose, a database was built and analyzed which comprises all known directed and weighted connections within the rat brainstem. A longterm metastudy of original research publications describing tract tracing results form the foundation of the brainstem connectome (BC) database which can be analyzed directly in the framework neuroVIISAS. The BC database can be accessed directly by connectivity tables, a web-based tool and the framework. Analysis of global and local network properties, a motif analysis, and a community analysis of the brainstem connectome provides insight into its network organization. For example, we found that BC is a scale-free network with a small-world connectivity. The Louvain modularity and weighted stochastic block matching resulted in partially matching of functions and connectivity. BC modeling was performed to demonstrate signal propagation through the somatosensory pathway which is affected in Multiple sclerosis. Measurement(s) brainstem Technology Type(s) tract tracing metastudy Factor Type(s) brain region Sample Characteristic - Organism Rattus rattus Sample Characteristic - Environment Experimental setup Sample Characteristic - Location Germany Measurement(s) brainstem Technology Type(s) tract tracing metastudy Factor Type(s) brain region Sample Characteristic - Organism Rattus rattus Sample Characteristic - Environment Experimental setup Sample Characteristic - Location Germany",2022.0,Scientific Data,4,10.1038/s41597-022-01219-3,35414055.0,,JournalArticle,2022-04-12,https://www.semanticscholar.org/paper/c52fd12c56a943ef7e282d2de1b02e529221429d,Computer Science;Biology,Computer Science|s2-fos-model;Biology|s2-fos-model,O. Schmitt; Peter Eipert; Frauke Ruß; Julia Beier; Kanar Kadir; A. Horn,,network_science,1hop_citations;1hop_references,True,network_science_scope,connectom,,community;modular;motif;small-world,,database,disorder;multiple sclerosis,,,1,4,0.0001319127634543,0.688080700822936,5,1,0.7197625155536004,0.3188213432439607,1,3.0088045305725157,core_candidate,5.0,4.0,1.0,False,False,True,False,True,False,False,False,False,True,2,True,True,True,3,False,inherited_connectome_provenance
bde526ad11a1e1daca0754cb984b3284c9a709ff,Connectome verification: inter-rater and connection reliability of tract-tracing-based intrinsic hypothalamic connectivity,"Motivation
Structural connectomics supports understanding aspects of neuronal dynamics and brain functions. Conducting metastudies of tract-tracing publications is one option to generate connectome databases by collating neuronal connectivity data. Meanwhile, it is a common practice that the neuronal connections and their attributes of such retrospective data collations are extracted from tract-tracing publications manually by experts. As the description of tract-tracing results is often not clear-cut and the documentation of interregional connections is not standardized, the extraction of connectivity data from tract-tracing publications could be complex. This might entail that different experts interpret such non-standardized descriptions of neuronal connections from the same publication in variable ways. Hitherto, no investigation is available that determines the variability of extracted connectivity information from original tract-tracing publications. A relatively large variability of connectivity information could produce significant misconstructions of adjacency matrices with faults in network and graph analyzes. The objective of this study is to investigate the inter-rater and inter-observation variability of tract-tracing-based documentations of neuronal connections. To demonstrate the variability of neuronal connections, data of 16 publications which describe neuronal connections of subregions of the hypothalamus have been assessed by way of example.


Results
A workflow is proposed that allows detecting variability of connectivity at different steps of data processing in connectome metastudies. Variability between three blinded experts was found by comparing the connection information in a sample of 16 publications that describe tract-tracing-based neuronal connections in the hypothalamus. Furthermore, observation scores, matrix visualizations of discrepant connections and weight variations in adjacency matrices are analyzed.


Availability
The resulting data and software are available at http://neuroviisas.med.uni-rostock.de/neuroviisas.shtml.",2019.0,Briefings Bioinform.,6,10.1093/bib/bby048,29897426.0,,JournalArticle,2019-09-27,https://www.semanticscholar.org/paper/bde526ad11a1e1daca0754cb984b3284c9a709ff,Biology;Medicine,Biology|s2-fos-model;Medicine|s2-fos-model,O. Schmitt; Peter Eipert; Sebastian Schwanke; Felix Lessmann; Jennifer Meinhardt; Julia Beier; Kanar Kadir; Adrian Karnitzki; Linda Sellner; Ann-Christin Klünker; Frauke Ruß; Jörg Jenssen,,network_science,1hop_citations;1hop_references,True,network_science_scope,connectom,,graph,,database;visualization,,,,1,4,0.0001319127634543,0.6878152375895938,4,1,0.6879831309883687,0.2962569684098752,1,2.9973232457304664,supported,5.0,3.0,1.0,False,False,False,False,True,False,False,False,False,True,2,True,True,True,3,False,inherited_connectome_provenance
0ca01e9a1670ec8571bbb367df253715093b201f,Optical Imaging in Brainsmatics,"When neuroscience’s focus moves from molecular and cellular level to systems level, information technology mixes in and cultivates a new branch neuroinformatics. Especially under the investments of brain initiatives all around the world, brain atlases and connectomics are identified as the substructure to understand the brain. We think it is time to call for a potential interdisciplinary subject, brainsmatics, referring to brain-wide spatial informatics science and emphasizing on precise positioning information affiliated to brain-wide connectome, genome, proteome, transcriptome, metabolome, etc. Brainsmatics methodology includes tracing, surveying, visualizing, and analyzing brain-wide spatial information. Among all imaging techniques, optical imaging is the most appropriate solution to achieve whole-brain connectome in consistent single-neuron resolution. This review aims to introduce contributions of optical imaging to brainsmatics studies, especially the major strategies applied in tracing and surveying processes. After discussions on the state-of-the-art technology, the development objectives of optical imaging in brainsmatics field are suggested. We call for a global contribution to the brainsmatics field from all related communities such as neuroscientists, biologists, engineers, programmers, chemists, mathematicians, physicists, clinicians, pharmacists, etc. As the leading approach, optical imaging will, in turn, benefit from the prosperous development of brainsmatics.",2019.0,Photonics,4,10.3390/photonics6030098,,,Review,2019-09-07,https://www.semanticscholar.org/paper/0ca01e9a1670ec8571bbb367df253715093b201f,Computer Science;Engineering,Computer Science|external;Computer Science|s2-fos-model;Engineering|s2-fos-model,Hua Shi; Yue Guan; Jianwei Chen; Qingming Luo,train_13,people_development,1hop_citations;lexical,True,review_scope,connectom,,,,,,,,0,4,0.0001267828160974,0.0390230953013007,4,1,0.5690222308904366,0.2628086010087603,1,2.994004955313689,supported,2.0,83.0,4.0,False,False,False,False,True,False,False,False,False,True,2,True,True,True,2,False,inherited_connectome_provenance
9c0451f983c9ff6febd73f2dfa76cd682ca393bc,The processing of proprioceptive signals in distributed networks: insights from insect motor control.,"The integration of sensory information is required to maintain body posture and to generate robust yet flexible locomotion through unpredictable environments. To anticipate required adaptations in limb posture and enable compensation of sudden perturbations, an animal's nervous system assembles external (exteroception) and internal (proprioception) cues. Coherent neuronal representations of the proprioceptive context of the body and the appendages arise from the concerted action of multiple sense organs monitoring body kinetics and kinematics. This multimodal proprioceptive information, together with exteroceptive signals and brain-derived descending motor commands, converges onto premotor networks - i.e. the local neuronal circuitry controlling motor output and movements - within the ventral nerve cord (VNC), the insect equivalent of the vertebrate spinal cord. This Review summarizes existing knowledge and recent advances in understanding how local premotor networks in the VNC use convergent information to generate contextually appropriate activity, focusing on the example of posture control. We compare the role and advantages of distributed sensory processing over dedicated neuronal pathways, and the challenges of multimodal integration in distributed networks. We discuss how the gain of distributed networks may be tuned to enable the behavioral repertoire of these systems, and argue that insect premotor networks might compensate for their limited neuronal population size by, in comparison to vertebrate networks, relying more heavily on the specificity of their connections. At a time in which connectomics and physiological recording techniques enable anatomical and functional circuit dissection at an unprecedented resolution, insect motor systems offer unique opportunities to identify the mechanisms underlying multimodal integration for flexible motor control.",2024.0,Journal of Experimental Biology,14,10.1242/jeb.246182,38180228.0,,JournalArticle;Review,2024-01-01,https://www.semanticscholar.org/paper/9c0451f983c9ff6febd73f2dfa76cd682ca393bc,Biology,Biology|s2-fos-model,Corinna Gebehart; A. Büschges,,,1hop_citations,True,review_scope,connectom,,,,distributed,,,,0,2,0.0001267828160974,0.4114680116803823,2,1,1.5634935125853813,0.8510751260950359,0,2.9841385718078044,supported,3.0,3.0,0.0,False,False,False,False,True,False,False,False,False,True,2,True,True,True,2,False,inherited_connectome_provenance
87a34d54d6987915358e684f9c3a0f95e772c568,From Photons to Behaviors: Neural Implementations of Visual Behaviors in Drosophila,"Neural implementations of visual behaviors in Drosophila have been dissected intensively in the past couple of decades. The availability of premiere genetic toolkits, behavioral assays in tethered or freely moving conditions, and advances in connectomics have permitted the understanding of the physiological and anatomical details of the nervous system underlying complex visual behaviors. In this review, we describe recent advances on how various features of a visual scene are detected by the Drosophila visual system and how the neural circuits process these signals and elicit an appropriate behavioral response. Special emphasis was laid on the neural circuits that detect visual features such as brightness, color, local motion, optic flow, and translating or approaching visual objects, which would be important for behaviors such as phototaxis, optomotor response, attraction (or aversion) to moving objects, navigation, and visual learning. This review offers an integrative framework for how the fly brain detects visual features and orchestrates an appropriate behavioral response.",2022.0,Frontiers in Neuroscience,21,10.3389/fnins.2022.883640,35600623.0,,Review;JournalArticle,2022-05-04,https://www.semanticscholar.org/paper/87a34d54d6987915358e684f9c3a0f95e772c568,Biology,Biology|s2-fos-model,Leesun Ryu; Sung Yong Kim; A. Kim,,,1hop_citations;1hop_references,True,review_scope,connectom,,,,version,,,,2,2,0.0001543135335792,0.7828510751260951,4,1,1.3823562094093835,0.7496681709583223,0,2.9619723918237324,supported,4.0,2.0,2.0,False,False,False,False,True,False,False,False,False,True,2,True,True,True,4,False,inherited_connectome_provenance
9fc333f214554596a38bbcb58e29e994a540d446,Directed Human Structural Connectome Reveals Hierarchical Organization and Shapes Large-Scale Brain Dynamics,"The human structural connectome, most commonly derived from diffusion-weighted imaging (DWI) and tractography, provides a macroscopic description of whole-brain wiring and serves as the structural foundation of network neuroscience, large-scale brain simulations, and personalized digital brain twins. However, tractography-derived connectomes are fundamentally limited by their inability to distinguish afferent from efferent connections, yielding networks that are undirected and therefore blind to the hierarchical organization imposed by the directionality of anatomical connections. In this study, we introduce a directed human structural connectome (DHSC) by transferring tracer-derived projection patterns from macaque to human using cross-species connectivity blueprints. Topological analysis of the DHSC manifests biological plausibility, a small-world network organization, and a directionality-based hierarchy, which offer the hierarchical organization of human brain networks. In the context of brain dynamics, the introduction of directionality reshapes the propagation and persistence of sensory inputs. DHSC also best captures the empirical spatiotemporal dynamics of stimulus-evoked brain activity. The findings demonstrate that anatomical directionality is a critical determinant of large-scale brain organization and dynamics. This provides evidence that directed connectome may offer potential advantages in large-scale simulations of the human brain. The resulting DHSC, along with all related analyses and data are openly available.",2026.0,bioRxiv,0,10.64898/2026.06.16.732559,,,,2026-06-17,https://www.semanticscholar.org/paper/9fc333f214554596a38bbcb58e29e994a540d446,Medicine;Computer Science,Medicine|s2-fos-model;Computer Science|s2-fos-model,Nan Huang; Huifang E. Wang; P. Triebkorn; Claudia Wheeler-Kingshott; Maciej Jedyank; Olivier David; A. Destexhe; E. D’Angelo; Nigel P. Pedersen; V. Jirsa,,network_science,1hop_citations,True,network_science_scope,connectom,,graph;small-world,,,human brain,,,0,3,0.0001267828160974,0.4247411733474914,3,1,0.0,0.0995487125033182,1,2.9516635695956106,supported,3.0,3.0,0.0,False,False,True,False,True,False,False,False,False,True,2,True,True,True,2,False,inherited_connectome_provenance
57da503b09af16d9f6c593b6f4c586f59fc2c6ff,A Computational Perspective on the No-Strong-Loops Principle in Brain Networks,"Cerebral cortical networks in the mammalian brain exhibit a non-random organization in which reciprocal projections, although widespread, are systematically asymmetric in strength: feedforward connections are consistently stronger than their feedback counterparts, particularly in sensory cortices. This “no-strong-loops” principle is thought to prevent runaway excitation and maintain stability, yet its actual computational impact remains unclear. Here, we use computational analysis and modeling to show that connectivity asymmetry supports high working-memory capacity, whereas increasing reciprocity reduces memory capacity and representational diversity in reservoir-computing models of recurrent neural networks. We systematically examine synthetic architectures inspired by mammalian cortical connectivity and find that sparse, modular, and hierarchical networks achieve superior performance, relative to random, small-world, or core-periphery graphs, but only when reciprocity is constrained. Validated on directed mammalian (macaque, marmoset, rat, and mouse) connectomes, these results indicate that restricting reciprocal motifs yields functional benefits in sparse networks, consistent with an evolutionary strategy for stable, efficient information processing in the brain. These findings suggest a biologically-inspired design principle for artificial neural systems.",2026.0,bioRxiv,1,10.1101/2025.09.24.678310,,,,2026-06-11,https://www.semanticscholar.org/paper/57da503b09af16d9f6c593b6f4c586f59fc2c6ff,Computer Science,Computer Science|s2-fos-model,Fatemeh Hadaeghi; Kayson Fakhar; Moein Khajehnejad; Claus C. Hilgetag,,network_science,1hop_citations,True,network_science_scope,connectom,,graph;modular;motif;small-world,,,,,,0,4,0.0001267828160974,0.2402442261746748,4,1,0.6931471805599453,0.3031590124767719,1,2.915096009202725,supported,4.0,4.0,0.0,False,False,False,False,True,False,False,False,False,True,2,True,True,True,2,False,inherited_connectome_provenance
6b75f2dabbf47ee6e91901c0f7644e5f7cb21959,A complex network-based approach to detect and investigate connectome motifs in the larval Drosophila,"Analyzing the connectome of an organism allows us to understand how different areas of its brain communicate with each other and how the structure of the brain is related to its function. Thanks to new technological advances, the connectome of increasingly complex organisms has been reconstructed in recent years. Drosophila melanogaster is currently the most complex organism whose complete connectome is known, both structurally and functionally. In this paper, we aim to contribute to the study of the Drosophila structural connectome by proposing an ad hoc approach for the discovery of network motifs that may be present in it. Unlike previous approaches, which focused on parts of the connectome of complex organisms or the entire connectome of very simple organisms, our approach operates at the whole-brain scale for the most complex organism whose complete connectome is currently known. Furthermore, while previous works have focused on extending existing motif extraction approaches to the connectome case, our approach proposes a motif concept specifically designed for the connectome of an organism. This allows us to find very complex motifs while abstracting them into a few simple types that take into account the brain regions to which the neurons involved belong.",2025.0,Comput. Biol. Medicine,1,10.1016/j.compbiomed.2025.110135,40286495.0,,JournalArticle,2025-04-25,https://www.semanticscholar.org/paper/6b75f2dabbf47ee6e91901c0f7644e5f7cb21959,Biology;Computer Science,Biology|s2-fos-model;Computer Science|s2-fos-model,Enrico Corradini; Federica Parlapiano; Arianna Ronci; Giorgio Terracina; Domenico Ursino,,network_science,1hop_citations,True,network_science_scope,connectom,,motif,,,,,,0,3,0.0001267828160974,0.2898858508096628,3,1,0.4901290717342735,0.2219272630740642,1,2.911711352977612,supported,3.0,3.0,0.0,False,False,False,False,True,False,False,False,False,True,2,True,True,True,2,False,inherited_connectome_provenance
a50f9a161623e7c79413be867f240cc48c0db554,"Taking flight, the use of Drosophila melanogaster for neuroscience research in Uruguay.","The Sociedad de Neurociencias del Uruguay is celebrating its 30th anniversary, sustained by more than a century of neuroscience research in the country. During this time, different approaches and experimental organisms have been incorporated to study diverse aspects of neurobiology. One of these experimental animals, successfully used in a variety of biological fields, is the fruit fly Drosophila melanogaster. Although Drosophila has been a model organism for neuroscience research worldwide for many decades, its use in Uruguay for that purpose is relatively new and just taking flight. In this special issue article, we will describe some of the research lines that are currently using Drosophila for neuroscience studies, questioning a wide range of issues including thermoreception, neurodegenerative diseases such as Parkinsońs, screening of bioactive compounds with a neuroprotective effect, and gene/protein function during development of the nervous system. The consolidation of these research lines has been achieved due to unique features of D. melanogaster as an experimental model. We will review the advantages of using Drosophila to study neurobiology and describe some of its useful genetic tools. Advantages such as having powerful genetics, highly conserved disease pathways, a complete connectome, very low comparative costs, easy maintenance, and the support of a collaborative community allowing access to a vast toolkit, all make D. melanogaster an ideal model organism for neuroscientists in countries with low levels of investment in research and development. This review focuses on the strengths and description of useful techniques to study neurobiology using Drosophila, from the perspective of a Latin-American experience.",2025.0,Neuroscience,3,10.1016/j.neuroscience.2025.03.006,40058485.0,,Review;JournalArticle,2025-03-01,https://www.semanticscholar.org/paper/a50f9a161623e7c79413be867f240cc48c0db554,Biology,Biology|s2-fos-model,Gonzalo Budelli; M. J. Ferreiro; Carmen Bolatto,,health_translation,1hop_citations,True,review_scope,connectom,,community,,,disease;neurodegener,,,0,2,0.0001267828160974,0.4369524820812318,2,1,0.9802581434685472,0.4565967613485532,1,2.889346075568534,supported,2.0,2.0,0.0,False,False,True,False,True,False,False,False,False,True,2,True,True,True,2,False,inherited_connectome_provenance
30765e266aa70c2bc3b7fd5e1e0e41d9bf8d5538,VFB-MCP: Natural-Language Access to Drosophila Neuroscience Grounded by an Expert-Curated Ontology-Led Knowledgebase,"Biological databases store curated knowledge that researchers traditionally access through web interfaces or APIs. To move beyond casual browsing requires domain-specific knowledge and expertise to frame the queries necessary to explore this data. This generates barriers to both experienced users trying to integrate wide-ranging sources of information and for new users entering scientific fields undergoing paradigm shifts such as connectomics. A potentially powerful method to lower these barriers is to facilitate natural-language access to these databases by exposing them to large language models (LLMs) via the Model Context Protocol (MCP). Here we implement this for Virtual Fly Brain (VFB), an expert-curated and ontology-backed knowledgebase of Drosophila neuroscience, providing the precision needed to make recently integrated connectome and molecular data accessible. Benchmarked on 30 neuroscience tasks against a bare LLM and a web-search-assisted LLM, the VFB-MCP-equipped LLM produces precise, verifiable and appropriately quantified answers on 25/30 tasks vs 14/30 for web and 2/30 for bare. The MCP advantage is largest for tasks where data quantification is required (89% vs 11% web). This work establishes MCP layered over ontology-backed knowledge graphs as an effective method to improve LLM response quality for neuroscience and connectomics data, promoting accessibility and accelerating the reliable analysis of complex integrated datasets.",2026.0,bioRxiv,1,10.64898/2026.06.16.732577,,,,2026-07-14,https://www.semanticscholar.org/paper/30765e266aa70c2bc3b7fd5e1e0e41d9bf8d5538,Computer Science;Biology,Computer Science|s2-fos-model;Biology|s2-fos-model,A. McLachlan; Robert Court; Clare Pilgrim; Kit D Longden; N. Brown; David Osumi-Sutherland; Gregory S X E Jefferis; J. D. Armstrong,,network_science,1hop_citations,True,network_science_scope,connectom,,graph,,database,,,,0,2,0.0001267828160974,0.1231749402707725,2,1,0.6931471805599453,0.3007698433766923,1,2.826099460224759,supported,3.0,3.0,0.0,False,False,False,False,True,False,False,False,False,True,2,True,True,True,2,False,inherited_connectome_provenance
0e75c13dbb5f0f94775f44d8f4983b0a7a5d6b0c,Spectral peculiarity and criticality of a human connectome.,"We have performed the comparative spectral analysis of structural connectomes for various organisms using open-access data. Our results indicate new peculiar features of connectomes of higher organisms. We found that the spectral density of adjacency matrices of human connectome has maximal deviation from the one of randomized network, compared to other organisms. Considering the network evolution induced by the preference of 3-cycles formation, we discovered that for macaque and human connectomes the evolution with the conservation of local clusterization is crucial, while for primitive organisms the conservation of averaged clusterization is sufficient. Investigating for the first time the level spacing distribution of the spectrum of human connectome Laplacian matrix, we explicitly demonstrate that the spectral statistics corresponds to the critical regime, which is hybrid of Wigner-Dyson and Poisson distributions. This observation provides strong support for debated statement of the brain criticality.",2019.0,Physics of Life Reviews,12,10.1016/j.plrev.2019.07.003,31353222.0,,Review;JournalArticle,2019-07-16,https://www.semanticscholar.org/paper/0e75c13dbb5f0f94775f44d8f4983b0a7a5d6b0c,Biology;Computer Science,Biology|s2-fos-model;Computer Science|s2-fos-model,N. Pospelov; S. Nechaev; S. Nechaev; K. Anokhin; K. Anokhin; O. Valba; O. Valba; V. Avetisov; A. Gorsky,,,1hop_citations;1hop_references,True,review_scope,connectom,,,,,,,,1,4,0.0001556441666424,0.7876294133262544,4,1,0.9068465420305653,0.4112025484470401,0,2.7963233342182106,supported,5.0,4.0,1.0,False,False,False,False,True,False,False,False,False,True,2,True,True,True,3,False,inherited_connectome_provenance
8496da0cbae97986c65704c5626e3d1a00414d60,Future avenues in Drosophila mushroom body research,"How does the brain translate sensory information into complex behaviors? With relatively small neuronal numbers, readable behavioral outputs, and an unparalleled genetic toolkit, the Drosophila mushroom body (MB) offers an excellent model to address this question in the context of associative learning and memory. Recent technological breakthroughs, such as the freshly completed full-brain connectome, multiomics approaches, CRISPR-mediated gene editing, and machine learning techniques, led to major advancements in our understanding of the MB circuit at the molecular, structural, physiological, and functional levels. Despite significant progress in individual MB areas, the field still faces the fundamental challenge of resolving how these different levels combine and interact to ultimately control the behavior of an individual fly. In this review, we discuss various aspects of MB research, with a focus on the current knowledge gaps, and an outlook on the future methodological developments required to reach an overall view of the neurobiological basis of learning and memory.",2024.0,"Learning & memory (Cold Spring Harbor, N.Y.)",5,10.1101/lm.053863.123,38862172.0,,Review;JournalArticle,2024-05-01,https://www.semanticscholar.org/paper/8496da0cbae97986c65704c5626e3d1a00414d60,Biology,Biology|s2-fos-model,Ivy Chi Wai Chan; Nannan Chen; John S Hernandez; Hagar Meltzer; Annie Park; Aaron Stahl,,,1hop_citations,True,review_scope,connectom,,,,,,,,0,2,0.0001267828160974,0.3581099017786037,2,1,1.034472811881879,0.4921688346164056,0,2.764666843642156,supported,4.0,4.0,0.0,False,False,False,False,True,False,False,False,False,True,2,True,True,True,2,False,inherited_connectome_provenance
e0bf29ef6ada0e3fd453702101e80f83aa00a4e4,Symmetry-driven network reconstruction through pseudobalanced coloring optimization,"Symmetries found through automorphisms or graph fibrations provide important insights in network analysis. Symmetries identify clusters of robust synchronization in the network which improves the understanding of the functionality of complex biological systems. Network symmetries can be determined by finding a balanced coloring of the graph, which is a node partition in which each cluster of nodes receives the same information (color) from the rest of the graph. In recent work we saw that biological networks such as gene regulatory networks, metabolic networks and neural networks in organisms ranging from bacteria to yeast and humans are rich in fibration symmetries related to the graph balanced coloring. Networks based on real systems, however, are built on experimental data which are inherently incomplete, due to missing links, collection errors, and natural variations within specimens of the same biological species. Therefore, it is fair to assume that some of the existing symmetries were not detected in our analysis. For that reason, a method to find pseudosymmetries and repair networks based on those symmetries is important when analyzing real world networks. In this paper we introduce the pseudobalanced coloring (PBCIP) problem, and provide an integer programming formulation which (a) calculates a PBCIP of the graph taking into account the missing data, and (b) optimally repairs the graph with the minimal number of added/removed edges to maximize the symmetry of the graph. We apply our formulation to the C. elegans connectome to find pseudocoloring and the optimal graph repair. Our solution compares well with a manually curated ground-truth C. elegans graph as well as solutions generated by other methods of missing link prediction. Furthermore, we provide an extension of the algorithm using Bender’s decomposition that allows our formulation to be applied to larger networks.",2021.0,Journal of Statistical Mechanics: Theory and Experiment,7,10.1088/1742-5468/ac7a26,,2111.07821,,2021-11-15,https://www.semanticscholar.org/paper/e0bf29ef6ada0e3fd453702101e80f83aa00a4e4,Biology;Mathematics;Physics;Computer Science,Biology|external;Mathematics|external;Physics|external;Computer Science|s2-fos-model;Mathematics|s2-fos-model,Ian Leifer; David Phillips; F. Sorrentino; H. Makse,net_12,network_science,lexical,True,network_science_scope,connectom,,graph;network analysis,,,,,,2,3,0.0003286974236073,0.909742500663658,3,1,0.8489284545103327,0.3851871515795062,1,2.70823378462083,supported,0.0,61.0,7.0,False,False,False,False,True,False,False,False,False,True,2,True,True,True,2,False,inherited_connectome_provenance
eabed93a0b469c24103c395525dbe58ec47a3bdb,A Transcriptome Community-and-Module Approach of the Human Mesoconnectome,"Graph analysis allows exploring transcriptome compartments such as communities and modules for brain mesostructures. In this work, we proposed a bottom-up model of a gene regulatory network to brain-wise connectome workflow. We estimated the gene communities across all brain regions from the Allen Brain Atlas transcriptome database. We selected the communities method to yield the highest number of functional mesostructures in the network hierarchy organization, which allowed us to identify specific brain cell functions (e.g., neuroplasticity, axonogenesis and dendritogenesis communities). With these communities, we built brain-wise region modules that represent the connectome. Our findings match with previously described anatomical and functional brain circuits, such the default mode network and the default visual network, supporting the notion that the brain dynamics that carry out low- and higher-order functions originate from the modular composition of a GRN complex network",2021.0,Entropy,3,10.3390/e23081031,34441171.0,,JournalArticle,2021-08-01,https://www.semanticscholar.org/paper/eabed93a0b469c24103c395525dbe58ec47a3bdb,Computer Science;Biology,Computer Science|s2-fos-model;Biology|s2-fos-model,O. Paredes; Jhonatan B. López; C. Covantes-Osuna; Vladimir Ocegueda-Hernández; R. Romo-Vázquez; J. A. Morales,,network_science,1hop_citations,True,network_science_scope,connectom,,community;graph;modular,,database,,,,0,3,0.0001267828160974,0.6214494292540483,3,1,0.5659523030068886,0.260950358375365,1,2.6798955844615517,supported,3.0,3.0,0.0,False,False,False,False,True,False,False,False,False,True,2,True,True,True,2,False,inherited_connectome_provenance
febca1018adf46dbdd082b61cf84fad38ad366c7,Communicability systematically explains transmission speed in a cortical macro-connectome,"Global dynamics in the brain can be captured using fMRI, MEG, or electrocorticography (ECoG), but models are often restricted by anatomical constraints. Complementary single-/multi-unit recordings have described local fast temporal dynamics. However, because of anatomical constraints, global fast temporal dynamics remain incompletely understood. Therefore, we compared temporal aspects of cross-area propagations of single-unit recordings and ECoG, and investigated their anatomical bases. First, we demonstrated how both evoked and spontaneous ECoGs can accurately predict latencies of single-unit recordings. Next, we estimated the propagation velocity (1.0–1.5 m/s) from brain-wide data and found that it was fairly stable among different conscious levels. We also found that the anatomical topology strongly predicted the latencies. Finally, Communicability, a novel graph-theoretic measure, could systematically capture the balance between shorter or longer pathways. These results demonstrate that macro-connectomic perspective is essential for evaluating detailed temporal dynamics in the brain. Author Summary This study produced four main findings: First, we demonstrated that ECoG signals could predict the timing of evoked electrical spikes of neurons elicited by visual stimuli. Second, we showed that spontaneous ECoG recorded under a blindfold condition (without any stimuli) could also predict the timing of visually evoked neuronal spikes. We also clarified that performance predictions from blindfold data are essentially supported by the constraints of structural paths. Third, we quantified the propagation velocity (conductance velocity) as 1.0–1.5 m/s, and found that the velocity was stable among different conscious levels. Fourth, Communicability successfully characterized the relative contributions of shorter and longer paths. This study represents an important contribution to the theoretical understanding of the brain in terms of connectomics, dynamical propagations, and multi-scale architectures.",2017.0,bioRxiv,0,10.1101/117713,,,,2017-03-17,https://www.semanticscholar.org/paper/febca1018adf46dbdd082b61cf84fad38ad366c7,Biology,Biology|s2-fos-model,M. Shimono; N. Hatano,,network_science,1hop_citations,True,network_science_scope,connectom,,graph,,,,,,0,3,0.0001267828160974,0.6753384656225113,3,1,0.0,0.1499867268383329,1,2.664830545969383,supported,3.0,3.0,0.0,False,False,False,False,True,False,False,False,False,True,2,True,True,True,2,False,inherited_connectome_provenance
fc05870e5b94a6d8a8f080fd877bd7e4cce1f043,A hierarchy index for networks in the brain reveals a complex entangled organizational structure,"Significance Nervous systems are often schematically represented in terms of hierarchically arranged layers with stimuli in the “input” layer sequentially transformed through successive layers, eventually giving rise to response in the “output” layer. Empirical investigations of hierarchy in specific brain regions, e.g., the visual cortex, typically employ detailed anatomical information. However, a general method for identifying the underlying hierarchy from the connectome alone has so far been elusive. By proposing an optimized index that quantifies the hierarchy extant in a network, we reveal an architectural motif underlying the mesoscopic organization of nervous systems across different species. It involves both modular partitioning and hierarchical layered arrangement, suggesting that brains employ an optimal mix of parallel (modular) and sequential (hierarchic) information processing.",2023.0,Proceedings of the National Academy of Sciences of the United States of America,8,10.1073/pnas.2314291121,38923990.0,2308.08898,JournalArticle,2023-08-17,https://www.semanticscholar.org/paper/fc05870e5b94a6d8a8f080fd877bd7e4cce1f043,Computer Science,Computer Science|s2-fos-model,Anand Pathak; Shakti N. Menon; S. Sinha,,network_science,1hop_citations,True,network_science_scope,connectom,,modular;motif,,,,,,0,2,0.0001267828160974,0.6665781789222193,2,1,1.0986122886681098,0.5396867533846562,1,2.6031103442173262,supported,2.0,2.0,0.0,False,False,False,False,True,False,False,False,False,True,2,True,True,True,2,False,inherited_connectome_provenance
cdf593cecca0db6dab12efb09b0b67cff9d02b95,Activity regulates brain development in the fly.,"It has long been appreciated that activity sculpts the formation of neuronal circuits in the mammalian brain. By contrast, in Drosophila it was generally thought that genetically hardwired mechanisms of development, mediated by cell recognition molecules, are sufficient to specify the connectome-the complex and stereotyped pattern of connections between neurons. Here, we consider recent findings that activity during development also contributes to circuit assembly in the fly. These observations suggest that activity is a fundamental aspect of brain development in general. They also highlight the opportunities to learn about the role of this phenomenon through the extensive Drosophila toolkit for examining circuit development, structure, and function.",2020.0,Current Opinion in Genetics and Development,22,10.1016/j.gde.2020.04.005,32593792.0,,Review;JournalArticle,2020-06-25,https://www.semanticscholar.org/paper/cdf593cecca0db6dab12efb09b0b67cff9d02b95,Biology,Biology|s2-fos-model,Orkun Akin; S. Zipursky,,,1hop_citations;1hop_references,True,review_scope,connectom,,,,,,,,1,2,0.0001387302164358,0.7255110167241837,3,1,1.185105418947141,0.6073798778869126,0,2.597823201486594,supported,3.0,2.0,1.0,False,False,False,False,True,False,False,False,False,True,2,True,True,True,3,False,inherited_connectome_provenance
dab892509762a51f35bd6d2794eee1dcd96d84fd,Frozen algorithms: how the brain's wiring facilitates learning,Highlights • Theory tells us why learning is hard to implement in the brain using local plasticity mechanisms.• These difficulties can be overcome by feedback pathways and redundant connectivity.• Connectomics reveals such connectivity motifs in learning centers across species.,2021.0,Current Opinion in Neurobiology,11,10.1016/j.conb.2020.12.017,33508698.0,,Review;JournalArticle,2021-01-25,https://www.semanticscholar.org/paper/dab892509762a51f35bd6d2794eee1dcd96d84fd,Biology,Biology|s2-fos-model,D. Raman; Timothy O’Leary,,network_science,1hop_citations,True,network_science_scope;review_scope,connectom,,motif,,,,,,0,2,0.0001267828160974,0.5739315104857977,2,1,1.0144588917382364,0.4786302097159543,1,2.503097071055659,supported,2.0,2.0,0.0,False,False,False,False,True,False,False,False,False,True,2,True,True,True,2,False,inherited_connectome_provenance
f3aeba232b479c1c756665d9e6bb469117c12f69,Simplex Closing Probabilities in Directed Graphs,"Recent work in mathematical neuroscience has calculated the directed graph homology of the directed simplicial complex given by the brain’s sparse adjacency graph, the so called connectome. These biological connectomes show an abundance of both high-dimensional directed simplices and Betti-numbers in all viable dimensions – in contrast to Erdős–Rényi-graphs of comparable size and density. An analysis of synthetically trained connectomes reveals similar findings, raising questions about the graphs comparability and the nature of origin of the simplices. We present a new method capable of delivering insight into the emergence of simplices and thus simplicial abundance. Our approach allows to easily distinguish simplex-rich connectomes of different origin. The method relies on the novel concept of an almost-d-simplex, that is, a simplex missing exactly one edge, and consequently the almost-d-simplex closing probability by dimension. We also describe a fast algorithm to identify almost-d-simplices in a given graph. Applying this method to biological and artificial data allows us to identify a mechanism responsible for simplex emergence, and suggests this mechanism is responsible for the simplex signature of the excitatory subnetwork of a statistical reconstruction of the mouse primary visual cortex. Our highly optimised code for this new method is publicly available.",2022.0,Computational geometry,3,10.1016/j.comgeo.2022.101941,,2205.0652,JournalArticle,2022-05-13,https://www.semanticscholar.org/paper/f3aeba232b479c1c756665d9e6bb469117c12f69,Mathematics,Mathematics|s2-fos-model,F. Unger; Jonathan Krebs; Michael G. Müller,,network_science,1hop_citations,True,network_science_scope,connectom,,graph,,,,,,0,2,0.0001267828160974,0.6445447305548182,2,1,0.6199696856577434,0.2774090788425803,1,2.455446420670737,supported,2.0,2.0,0.0,False,False,False,False,True,False,False,False,False,True,2,True,True,True,2,False,inherited_connectome_provenance
559c884248c734336e182c5710c90de5bd0874bd,"Efficient communication dynamics on macro-connectome, and the propagation speed","Global communication dynamics in the brain can be captured using fMRI, MEG, or electrocorticography (ECoG), and the global slow dynamics often represent anatomical constraints. Complementary single-/multi-unit recordings have described local fast temporal dynamics. However, global fast temporal dynamics remain incompletely understood with considering of anatomical constraints. Therefore, we compared temporal aspects of cross-area propagations of single-unit recordings and ECoG, and investigated their anatomical bases. First, we demonstrated how both evoked and spontaneous ECoGs can accurately predict latencies of single-unit recordings. Next, we estimated the propagation velocity (1.0–1.5 m/s) from brain-wide data and found that it was fairly stable among different conscious levels. We also found that the shortest paths in anatomical topology strongly predicted the latencies. Finally, we demonstrated that Communicability, a novel graph-theoretic measure, is able to quantify that more than 90% of paths should use shortest paths and the remaining are non-shortest walks. These results revealed that macro-connectome is efficiently wired for detailed communication dynamics in the brain.",2018.0,Scientific Reports,8,10.1038/s41598-018-20591-y,29410439.0,,JournalArticle,2018-02-06,https://www.semanticscholar.org/paper/559c884248c734336e182c5710c90de5bd0874bd,Medicine,Medicine|s2-fos-model,M. Shimono; N. Hatano,,network_science,1hop_citations,True,network_science_scope,connectom,,graph,,,,,,0,3,0.0001267828160974,0.2325457924077515,3,1,0.7324081924454066,0.3238651446774622,1,2.4196752499778778,supported,3.0,3.0,0.0,False,False,False,False,True,False,False,False,False,True,2,True,True,True,2,False,inherited_connectome_provenance
4c0041c17baecc14381ca022c1b13bf006b7f340,Spectral peculiarity and criticality of the human connectome.,"We have performed the comparative spectral analysis of structural connectomes for various organisms using open-access data. Our analysis indicates several new peculiar features of the human connectome. We found that the spectral density of human connectome has the maximal deviation from the spectral density of the randomized network compared to all other organisms. For many animals except human structural peculiarities of connectomes are well reproduced in the network evolution induced by the preference of 3-cycles formation. To get the reliable fit , we discovered the crucial role of the conservation of local clusterization in human connectome evolution. We investigated for the first time the level spacing distribution in the spectrum of human connectome graph Laplacian. It turns out that the spectral statistics of human connectome corresponds exactly to the critical regime familiar in the condensed matter physics which is hybrid of Wigner-Dyson and Poisson distributions. This observation provides the strong support for the much debated statement of the brain criticality.",2018.0,,3,,,1812.06317,,2018-12-15,https://www.semanticscholar.org/paper/4c0041c17baecc14381ca022c1b13bf006b7f340,Biology;Computer Science,Biology|s2-fos-model;Computer Science|s2-fos-model,K. Anokhin; V. Avetisov; A. Gorsky; S. Nechaev; N. Pospelov; O. Valba,,network_science,1hop_citations,True,network_science_scope,connectom,,graph,,,,,,0,3,0.0001267828160974,0.2030793735067693,3,1,0.4620981203732968,0.2105123440403504,1,2.3408990354835852,supported,3.0,3.0,0.0,False,False,False,False,True,False,False,False,False,True,2,True,True,True,2,False,inherited_connectome_provenance
7a6dd9cc2c275d5e61644e336b261bf496a687a1,Fly connectome over the wire,,2024.0,Nature Reviews Neuroscience,0,10.1038/s41583-024-00879-x,39468373.0,,JournalArticle;Review,2024-10-28,https://www.semanticscholar.org/paper/7a6dd9cc2c275d5e61644e336b261bf496a687a1,Biology,Biology|s2-fos-model,J. Rogers,,,1hop_citations,True,review_scope,connectom,,,,,,,,0,2,0.0001267828160974,0.3350146004778338,2,1,0.0,0.0796389700026546,0,2.291080435359703,supported,2.0,2.0,0.0,False,False,False,False,True,False,False,False,False,True,2,True,True,True,2,False,inherited_connectome_provenance
c9ac00e60c49e275da8de38e9584066529fdd7d3,Sleep benefits different stages of memory in Drosophila,"Understanding the physiological mechanisms that modulate memory acquisition and consolidation remains among the most ambitious questions in neuroscience. Massive efforts have been dedicated to deciphering how experience affects behavior, and how different physiological and sensory phenomena modulate memory. Our ability to encode, consolidate and retrieve memories depends on internal drives, and sleep stands out among the physiological processes that affect memory: one of the most relatable benefits of sleep is the aiding of memory that occurs in order to both prepare the brain to learn new information, and after a learning task, to consolidate those new memories. Drosophila lends itself to the study of the interactions between memory and sleep. The fruit fly provides incomparable genetic resources, a mapped connectome, and an existing framework of knowledge on the molecular, cellular, and circuit mechanisms of memory and sleep, making the fruit fly a remarkable model to decipher the sophisticated regulation of learning and memory by the quantity and quality of sleep. Research in Drosophila has stablished not only that sleep facilitates learning in wild-type and memory-impaired animals, but that sleep deprivation interferes with the acquisition of new memories. In addition, it is well-accepted that sleep is paramount in memory consolidation processes. Finally, studies in Drosophila have shown that that learning itself can promote sleep drive. Nevertheless, the molecular and network mechanisms underlying this intertwined relationship are still evasive. Recent remarkable work has shed light on the neural substrates that mediate sleep-dependent memory consolidation. In a similar way, the mechanistic insights of the neural switch control between sleep-dependent and sleep-independent consolidation strategies were recently described. This review will discuss the regulation of memory by sleep in Drosophila, focusing on the most recent advances in the field and pointing out questions awaiting to be investigated.",2023.0,Frontiers in Physiology,8,10.3389/fphys.2023.1087025,36744027.0,,Review;JournalArticle,2023-01-19,https://www.semanticscholar.org/paper/c9ac00e60c49e275da8de38e9584066529fdd7d3,Biology,Biology|s2-fos-model,Katherine Marquand; Camilla Roselli; Isaac Cervantes-Sandoval; Tamara Boto,,,1hop_citations,True,review_scope,connectom,,,,,,,,0,2,0.0001267828160974,0.5306610034510221,2,1,1.0986122886681098,0.5383594372179453,0,2.1671754711972393,supported,2.0,2.0,0.0,False,False,False,False,True,False,False,False,False,True,2,True,True,True,2,False,inherited_connectome_provenance
59a9e26247e36ac18ee06461380322eb0f94e9e4,A Brief History of Wires in the Brain,"Metaphors have formed a significant part of the development of neuroscience, often linked with technology. A metaphor that has been widely used for the past two centuries is that of the nervous system being like wires, either as a telegraph system or telephone exchange, or, more recently, in the more abstract metaphor of a wiring diagram. The entry of these terms into scientific writing is traced, together with the insights provided by these metaphors, in particular in relation to recent developments in the study of connectomes. Finally, the place of the wiring diagram as a modern version of Leibniz’s “mill” argument is described, as a way of exploring the limits of what insight the metaphor can provide",2021.0,Frontiers in Ecology and Evolution,4,10.3389/fevo.2021.760269,,,,2021-12-16,https://www.semanticscholar.org/paper/59a9e26247e36ac18ee06461380322eb0f94e9e4,History,History|s2-fos-model,M. Cobb,,network_science,1hop_citations,True,network_science_scope,connectom;wiring diagram,,graph,,version,,,,0,2,0.0001267828160974,0.245022564374834,2,1,0.65705027635895,0.2904167772763472,1,2.162308645252632,supported,2.0,2.0,0.0,False,False,False,False,True,True,False,False,False,True,2,True,True,True,2,False,inherited_connectome_provenance
bfa1a39fc8df08fb0e6117524a8e502c67626c60,Linking neural circuits to the mechanics of animal behavior in Drosophila larval locomotion,"The motions that make up animal behavior arise from the interplay between neural circuits and the mechanical parts of the body. Therefore, in order to comprehend the operational mechanisms governing behavior, it is essential to examine not only the underlying neural network but also the mechanical characteristics of the animal’s body. The locomotor system of fly larvae serves as an ideal model for pursuing this integrative approach. By virtue of diverse investigation methods encompassing connectomics analysis and quantification of locomotion kinematics, research on larval locomotion has shed light on the underlying mechanisms of animal behavior. These studies have elucidated the roles of interneurons in coordinating muscle activities within and between segments, as well as the neural circuits responsible for exploration. This review aims to provide an overview of recent research on the neuromechanics of animal locomotion in fly larvae. We also briefly review interspecific diversity in fly larval locomotion and explore the latest advancements in soft robots inspired by larval locomotion. The integrative analysis of animal behavior using fly larvae could establish a practical framework for scrutinizing the behavior of other animal species.",2023.0,Frontiers in Neural Circuits,8,10.3389/fncir.2023.1175899,37711343.0,,Review;JournalArticle,2023-08-17,https://www.semanticscholar.org/paper/bfa1a39fc8df08fb0e6117524a8e502c67626c60,Biology,Biology|s2-fos-model,H. Kohsaka,,,1hop_citations,True,review_scope,connectom,,,,,,,,0,2,0.0001267828160974,0.5086275550836209,2,1,1.0986122886681098,0.5378285107512609,0,2.150384921688346,supported,2.0,2.0,0.0,False,False,False,False,True,False,False,False,False,True,2,True,True,True,2,False,inherited_connectome_provenance
438c2751b43984d8a718d34faaa617ea16a7e5f9,Diffusion profile embedding as a basis for graph vertex similarity,"Abstract We describe here a notion of diffusion similarity, a method for defining similarity between vertices in a given graph using the properties of random walks on the graph to model the relationships between vertices. Using the approach of graph vertex embedding, we characterize a vertex vi by considering two types of diffusion patterns: the ways in which random walks emanate from the vertex vi to the remaining graph and how they converge to the vertex vi from the graph. We define the similarity of two vertices vi and vj as the average of the cosine similarity of the vectors characterizing vi and vj. We obtain these vectors by modifying the solution to a differential equation describing a type of continuous time random walk. This method can be applied to any dataset that can be assigned a graph structure that is weighted or unweighted, directed or undirected. It can be used to represent similarity of vertices within community structures of a network while at the same time representing similarity of vertices within layered substructures (e.g., bipartite subgraphs) of the network. To validate the performance of our method, we apply it to synthetic data as well as the neural connectome of the C. elegans worm and a connectome of neurons in the mouse retina. A tool developed to characterize the accuracy of the similarity values in detecting community structures, the uncertainty index, is introduced in this paper as a measure of the quality of similarity methods.",2021.0,Network Science,5,10.1017/nws.2021.11,,,JournalArticle,2021-09-01,https://www.semanticscholar.org/paper/438c2751b43984d8a718d34faaa617ea16a7e5f9,Computer Science;Mathematics,Computer Science|s2-fos-model;Mathematics|s2-fos-model,Scott Payne; Edgar Fuller; G. Spirou; Cun-Quan Zhang,,network_science,1hop_citations,True,network_science_scope,connectom,,community;graph,uncertainty,,,,,0,2,0.0001267828160974,0.180780461906026,2,1,0.7314827402347921,0.3214759755773825,1,2.129656667551544,supported,2.0,2.0,0.0,False,False,False,False,True,False,False,False,False,True,2,True,True,True,2,False,inherited_connectome_provenance
3bb2b3069df631d7843a3196f465c840296bff4f,Goodness of fit for log-linear ERGMs,"Many popular models from the networks literature can be viewed through a common lens of contingency tables on network dyads, resulting in \emph{log-linear ERGMs}: exponential family models for random graphs whose sufficient statistics are linear on the dyads. We propose a new model in this family, the \emph{$p_1$-SBM}, which combines node and group effects common in network formation mechanisms. In particular, it is a generalization of several well-known ERGMs including the stochastic blockmodel for undirected graphs with known block assignment, the degree-corrected version of it, and the directed $p_1$ model without group structure. We frame the problem of testing model fit for the log-linear ERGM class through an exact conditional test whose $p$-value can be approximated efficiently in networks of both small and moderately large sizes. The sampling methods we build rely on a dynamic adaptation of Markov bases. We use quick estimation algorithms adapted from the contingency table literature and effective sampling methods rooted in graph theory and algebraic statistics. The performance and scalability of the method is demonstrated on two data sets from biology: the connectome of \emph{C. elegans} and the interactome of \emph{Arabidopsis thaliana}. These two networks -- a network and a protein-protein interaction network -- have been popular examples in the network science literature. Our work provides a model-based approach to studying them.",2021.0,,3,,,2104.03167,,2021-04-07,https://www.semanticscholar.org/paper/3bb2b3069df631d7843a3196f465c840296bff4f,Computer Science;Mathematics,Computer Science|s2-fos-model;Mathematics|s2-fos-model,Elizabeth Gross; Sonja Petrovi'c; Despina Stasi,,network_science,1hop_citations,True,network_science_scope,connectom,,graph,,version,,,,0,2,0.0001267828160974,0.1600743297053358,2,1,0.5659523030068886,0.2569684098752323,1,2.081873285549951,supported,2.0,2.0,0.0,False,False,False,False,True,False,False,False,False,True,2,True,True,True,2,False,inherited_connectome_provenance
51bc7082d315f70ca1b425e764c385311a66470d,Strong connectivity and its applications,Directed graphs are widely used in modelling of nonsymmetric relations in various sciences and engineering disciplines. We discuss invariants of strongly connected directed graphs - minimal number of vertices or edges necessary to remove to make remaining graphs not strongly connected. By analogy with undirected graphs these invariants are called strong vertex/edge connectivities. We review some properties of these invariants. Computational results for some publicly available connectome graphs used in neuroscience are described.,2016.0,arXiv.org,1,,,1609.07355,JournalArticle;Review,2016-09-08,https://www.semanticscholar.org/paper/51bc7082d315f70ca1b425e764c385311a66470d,Mathematics;Computer Science,Mathematics|s2-fos-model;Computer Science|s2-fos-model,P. Daugulis,,network_science,1hop_citations,True,network_science_scope;review_scope,connectom,,graph,,,,,,0,2,0.0001267828160974,0.221661799840722,2,1,0.208991738400915,0.1566233076718874,1,2.0778913370498184,supported,2.0,2.0,0.0,False,False,False,False,True,False,False,False,False,True,2,True,True,True,2,False,inherited_connectome_provenance
63a075f3b84b2214b70252ddd8710dbd0e2bb0b3,Special Issue: The Connectome - Feature Review,,2013.0,,0,,,,Review,,https://www.semanticscholar.org/paper/63a075f3b84b2214b70252ddd8710dbd0e2bb0b3,Biology;Medicine,Biology|s2-fos-model;Medicine|s2-fos-model,M. P. Heuvel; O. Sporns,,,1hop_citations,True,review_scope,connectom,,,,,,,,0,4,0.0001267828160974,0.2681178656756039,4,1,0.0,0.0618529333687284,0,1.9820148659410672,supported,4.0,4.0,0.0,False,False,False,False,True,False,False,False,False,True,2,True,True,True,2,False,inherited_connectome_provenance
ac7aee30210372229cadd971b66309a93e5ed98c,Modulation of aversive value coding in the vertebrate and invertebrate brain.,"Avoiding potentially dangerous situations is key for the survival of any organism. Throughout life, animals learn to avoid environments, stimuli or actions that can lead to bodily harm. While the neural bases for appetitive learning, evaluation and value-based decision-making have received much attention, recent studies have revealed more complex computations for aversive signals during learning and decision-making than previously thought. Furthermore, previous experience, internal state and systems level appetitive-aversive interactions seem crucial for learning specific aversive value signals and making appropriate choices. The emergence of novel methodologies (computation analysis coupled with large-scale neuronal recordings, neuronal manipulations at unprecedented resolution offered by genetics, viral strategies and connectomics) has helped to provide novel circuit-based models for aversive (and appetitive) valuation. In this review, we focus on recent vertebrate and invertebrate studies yielding strong evidence that aversive value information can be computed by a multitude of interacting brain regions, and that past experience can modulate future aversive learning and therefore influence value-based decisions.",2023.0,Current Opinion in Neurobiology,11,10.1016/j.conb.2023.102696,36871400.0,,Review;JournalArticle,2023-03-03,https://www.semanticscholar.org/paper/ac7aee30210372229cadd971b66309a93e5ed98c,Biology,Biology|s2-fos-model,E. Perisse; M. Miranda; S. Trouche,,,1hop_citations,True,review_scope,connectom,,,,,,,,0,2,0.0001267828160974,0.4579240775152641,2,1,1.2424533248940002,0.6466684364215556,0,1.9167772763472255,supported,2.0,1.0,0.0,False,False,False,False,True,False,False,False,False,True,2,True,True,True,2,False,inherited_connectome_provenance
6ddd9f230997873d6f3d41a82431c9bd62a0382f,The Big Data Problem: Turning Maps into Knowledge,"In this NeuroView, Engert discusses the challenges for the connectomics field in making insights about brain function from big data.",2014.0,Neuron,19,10.1016/j.neuron.2014.09.008,25233305.0,,Review;JournalArticle,2014-09-17,https://www.semanticscholar.org/paper/6ddd9f230997873d6f3d41a82431c9bd62a0382f,Biology;Computer Science,Biology|s2-fos-model;Computer Science|s2-fos-model,F. Engert,,,1hop_citations,True,review_scope,connectom,,,,,,,,0,2,0.0001267828160974,0.2951951154765065,2,1,0.8308666399893253,0.377488717812583,0,1.9101406955136713,supported,2.0,2.0,0.0,False,False,False,False,True,False,False,False,False,True,2,True,True,True,2,False,inherited_connectome_provenance
