work_id,title,doi,year,matched_title,matched_doi,title_similarity,match_method,search_api,pdf_url,pdf_status,local_path,landing_url
work_001454df91336514,Role of neural activity during synaptogenesis in Drosophila,10.1523/jneurosci.15-12-08177.1995,1995.0,Role of neural activity during synaptogenesis in Drosophila,10.1523/jneurosci.15-12-08177.1995,1.0,doi,crossref,https://europepmc.org/articles/PMC6577928?pdf=render,downloaded,/Users/wgray13/projects/connectomics-survey/postanalysis/pdfs/files/doi_10.1523_jneurosci.15-12-08177.1995.pdf,https://doi.org/10.1523/jneurosci.15-12-08177.1995
work_00d72fd3c4223cd5,Distributed control circuits across a brain-and-cord connectome.,10.1038/s41586-026-10735-w,2026.0,Distributed control circuits across a brain-and-cord connectome,10.1038/s41586-026-10735-w,1.0,doi,crossref,https://www.nature.com/articles/s41586-026-10735-w.pdf,downloaded,/Users/wgray13/projects/connectomics-survey/postanalysis/pdfs/files/doi_10.1038_s41586-026-10735-w.pdf,https://doi.org/10.1038/s41586-026-10735-w
work_01a371d322fa7848,Optical Imaging in Brainsmatics,10.3390/photonics6030098,2019.0,Optical Imaging in Brainsmatics,10.3390/photonics6030098,,doi,crossref,https://pub.mdpi-res.com/photonics/photonics-06-00098/article_deploy/photonics-06-00098.pdf,downloaded,/Users/wgray13/projects/connectomics-survey/postanalysis/pdfs/files/doi_10.3390_photonics6030098.pdf,https://doi.org/10.3390/photonics6030098
work_01ba46e87d766569,Odor Discrimination as a Marker of Early Alzheimer’s Disease,10.3233/jad-230077,2023.0,Odor Discrimination as a Marker of Early Alzheimer’s Disease,10.3233/jad-230077,1.0,doi,crossref,https://europepmc.org/articles/PMC10473073?pdf=render,downloaded,/Users/wgray13/projects/connectomics-survey/postanalysis/pdfs/files/doi_10.3233_jad-230077.pdf,https://doi.org/10.3233/jad-230077
work_022f4537397531be,"MagC, magnetic collection of ultrathin sections for volumetric correlative light and electron microscopy",10.7554/elife.45696,2019.0,"MagC, magnetic collection of ultrathin sections for volumetric correlative light and electron microscopy",10.7554/elife.45696,1.0,doi,crossref,https://cdn.elifesciences.org/articles/45696/elife-45696-v3.pdf,downloaded,/Users/wgray13/projects/connectomics-survey/postanalysis/pdfs/files/doi_10.7554_elife.45696.pdf,https://doi.org/10.7554/elife.45696
work_02c7b46148a6c4a5,Three-Dimensional Structure and Composition of CA3→CA1 Axons in Rat Hippocampal Slices: Implications for Presynaptic Connectivity and Compartmentalization,10.1523/jneurosci.18-20-08300.1998,1998.0,Three-Dimensional Structure and Composition of CA3→CA1 Axons in Rat Hippocampal Slices: Implications for Presynaptic Connectivity and Compartmentalization,10.1523/jneurosci.18-20-08300.1998,1.0,doi,crossref,https://europepmc.org/articles/PMC6792846?pdf=render,downloaded,/Users/wgray13/projects/connectomics-survey/postanalysis/pdfs/files/doi_10.1523_jneurosci.18-20-08300.1998.pdf,https://doi.org/10.1523/jneurosci.18-20-08300.1998
work_0331df396f545e68,Improving the Neural Segmentation of Blurry Serial SEM Images by Blind Deblurring,10.1155/2023/8936903,2023.0,Improving the Neural Segmentation of Blurry Serial SEM Images by Blind Deblurring,10.1155/2023/8936903,1.0,doi,crossref,https://europepmc.org/articles/PMC9879678?pdf=render,downloaded,/Users/wgray13/projects/connectomics-survey/postanalysis/pdfs/files/doi_10.1155_2023_8936903.pdf,https://doi.org/10.1155/2023/8936903
work_03c23d6e53a2fa11,All-optical visualization of specific molecules in the ultrastructural context of brain tissue,10.1038/s41587-025-02905-4,2022.0,All-optical visualization of specific molecules in the ultrastructural context of brain tissue,10.1038/s41587-025-02905-4,1.0,doi,crossref,https://www.nature.com/articles/s41587-025-02905-4.pdf,downloaded,/Users/wgray13/projects/connectomics-survey/postanalysis/pdfs/files/doi_10.1038_s41587-025-02905-4.pdf,https://doi.org/10.1038/s41587-025-02905-4
work_068ce671d4050e17,EM-net: Deep learning for electron microscopy image segmentation,10.1109/icpr48806.2021.9413098,2020.0,EM-net: Deep learning for electron microscopy image segmentation,10.1109/icpr48806.2021.9413098,1.0,doi,crossref,https://www.biorxiv.org/content/biorxiv/early/2020/02/04/2020.02.03.933127.full.pdf,downloaded,/Users/wgray13/projects/connectomics-survey/postanalysis/pdfs/files/doi_10.1109_icpr48806.2021.9413098.pdf,https://doi.org/10.1109/icpr48806.2021.9413098
work_07aa86ea8851c550,Improved synapse detection for mGRASP-assisted brain connectivity mapping,10.1093/bioinformatics/bts221,2012.0,Improved synapse detection for mGRASP-assisted brain connectivity mapping,10.1093/bioinformatics/bts221,1.0,doi,crossref,https://europepmc.org/articles/PMC3371853?pdf=render,downloaded,/Users/wgray13/projects/connectomics-survey/postanalysis/pdfs/files/doi_10.1093_bioinformatics_bts221.pdf,https://doi.org/10.1093/bioinformatics/bts221
work_07c7b0397ccdb7f6,Heterocellular Coupling Between Amacrine Cells and Ganglion Cells,10.3389/fncir.2018.00090,2018.0,Heterocellular Coupling Between Amacrine Cells and Ganglion Cells,10.3389/fncir.2018.00090,1.0,doi,crossref,https://europepmc.org/articles/PMC6247779?pdf=render,downloaded,/Users/wgray13/projects/connectomics-survey/postanalysis/pdfs/files/doi_10.3389_fncir.2018.00090.pdf,https://doi.org/10.3389/fncir.2018.00090
work_0895071c07a2d46b,Toward Morphologic Atlasing of the Human Whole Brain at the Nanoscale,10.3390/bdcc7040179,2023.0,Toward Morphologic Atlasing of the Human Whole Brain at the Nanoscale,10.3390/bdcc7040179,,doi,crossref,https://pub.mdpi-res.com/BDCC/BDCC-07-00179/article_deploy/BDCC-07-00179.pdf,downloaded,/Users/wgray13/projects/connectomics-survey/postanalysis/pdfs/files/doi_10.3390_bdcc7040179.pdf,https://doi.org/10.3390/bdcc7040179
work_09c0fa76b2cfac78,A Unified Framework for Neuroscience Morphological Data Visualization,10.3390/app11104652,2021.0,A Unified Framework for Neuroscience Morphological Data Visualization,10.3390/app11104652,,doi,crossref,https://pub.mdpi-res.com/applsci/applsci-11-04652/article_deploy/applsci-11-04652.pdf,downloaded,/Users/wgray13/projects/connectomics-survey/postanalysis/pdfs/files/doi_10.3390_app11104652.pdf,https://doi.org/10.3390/app11104652
work_0a1427cd13f43c85,Multiscale ATUM-FIB Microscopy Enables Targeted Ultrastructural Analysis at Isotropic Resolution,10.1016/j.isci.2020.101290,2020.0,Multiscale ATUM-FIB Microscopy Enables Targeted Ultrastructural Analysis at Isotropic Resolution,10.1016/j.isci.2020.101290,1.0,doi,crossref,https://europepmc.org/articles/PMC7334410?pdf=render,downloaded,/Users/wgray13/projects/connectomics-survey/postanalysis/pdfs/files/doi_10.1016_j.isci.2020.101290.pdf,https://doi.org/10.1016/j.isci.2020.101290
work_0b3368a59ac0d45c,Application of the radial distribution functions for quantitative analysis of neuropil microstructure in stratum radiatum of CA1 region in hippocampus,10.18103/mra.v4i4.604,2016.0,Application of the radial distribution functions for quantitative analysis of neuropil microstructure in stratum radiatum of CA1 region in hippocampus,10.18103/mra.v4i4.604,1.0,doi,crossref,http://journals.ke-i.org/index.php/mra/article/viewFile/604/360,downloaded,/Users/wgray13/projects/connectomics-survey/postanalysis/pdfs/files/doi_10.18103_mra.v4i4.604.pdf,https://doi.org/10.18103/mra.v4i4.604
work_0dbd0aa2e5e7f828,Taste quality and hunger interactions in a feeding sensorimotor circuit,10.7554/elife.79887,2022.0,Taste quality and hunger interactions in a feeding sensorimotor circuit,10.7554/elife.79887,1.0,doi,crossref,https://cdn.elifesciences.org/articles/79887/elife-79887-v3.pdf,downloaded,/Users/wgray13/projects/connectomics-survey/postanalysis/pdfs/files/doi_10.7554_elife.79887.pdf,https://doi.org/10.7554/elife.79887
work_0f667472c3c0d4cd,Bridging Histology and Tractography: First In Vivo Visualization of Short‐Range Prefrontal Connections Informed by Primate Tract‐Tracing,10.1002/hbm.70520,2026.0,Bridging Histology and Tractography: First In Vivo Visualization of Short‐Range Prefrontal Connections Informed by Primate Tract‐Tracing,10.1002/hbm.70520,1.0,doi,crossref,https://europepmc.org/articles/PMC13058440?pdf=render,downloaded,/Users/wgray13/projects/connectomics-survey/postanalysis/pdfs/files/doi_10.1002_hbm.70520.pdf,https://doi.org/10.1002/hbm.70520
work_11b6d0203fd3730b,MoMo - Combining Neuron Morphology and Connectivity for Interactive Motif Analysis in Connectomes,10.1101/2025.07.02.662847,2025.0,MoMo - Combining Neuron Morphology and Connectivity for Interactive Motif Analysis in Connectomes,10.1101/2025.07.02.662847,1.0,doi,crossref,https://www.biorxiv.org/content/biorxiv/early/2025/07/03/2025.07.02.662847.full.pdf,downloaded,/Users/wgray13/projects/connectomics-survey/postanalysis/pdfs/files/doi_10.1101_2025.07.02.662847.pdf,https://doi.org/10.1101/2025.07.02.662847
work_1270a34816664cc4,"IMPACT OF ALZHEIMER’S DISEASE ON SUPRACHIASMATIC NUCLEUS CONNECTIVITY, SLEEP REGULATION, AND CIRCADIAN RHYTHM",10.1093/geroni/igae098.2306,2024.0,"IMPACT OF ALZHEIMER’S DISEASE ON SUPRACHIASMATIC NUCLEUS CONNECTIVITY, SLEEP REGULATION, AND CIRCADIAN RHYTHM",10.1093/geroni/igae098.2306,1.0,doi,crossref,https://europepmc.org/articles/PMC11690660?pdf=render,downloaded,/Users/wgray13/projects/connectomics-survey/postanalysis/pdfs/files/doi_10.1093_geroni_igae098.2306.pdf,https://doi.org/10.1093/geroni/igae098.2306
work_14854a717397137b,Strategies for assembling columns and layers in the Drosophila visual system,10.1186/s13064-018-0106-9,2018.0,Strategies for assembling columns and layers in the Drosophila visual system,10.1186/s13064-018-0106-9,1.0,doi,crossref,https://link.springer.com/content/pdf/10.1186/s13064-018-0106-9.pdf,downloaded,/Users/wgray13/projects/connectomics-survey/postanalysis/pdfs/files/doi_10.1186_s13064-018-0106-9.pdf,https://doi.org/10.1186/s13064-018-0106-9
work_14b6d5aa74ac49e7,Connectome of a human foveal retina,10.1101/2025.04.05.647403,2025.0,Connectome of a human foveal retina,10.1101/2025.04.05.647403,1.0,doi,crossref,https://www.biorxiv.org/content/biorxiv/early/2025/04/08/2025.04.05.647403.full.pdf,downloaded,/Users/wgray13/projects/connectomics-survey/postanalysis/pdfs/files/doi_10.1101_2025.04.05.647403.pdf,https://doi.org/10.1101/2025.04.05.647403
work_18a630f143863a39,A specialized spinal circuit for command amplification and directionality during escape behavior,10.1073/pnas.2106785118,2021.0,A specialized spinal circuit for command amplification and directionality during escape behavior,10.1073/pnas.2106785118,1.0,doi,crossref,https://europepmc.org/articles/PMC8545473?pdf=render,downloaded,/Users/wgray13/projects/connectomics-survey/postanalysis/pdfs/files/doi_10.1073_pnas.2106785118.pdf,https://doi.org/10.1073/pnas.2106785118
work_1b446a5a091f94da,Alzheimer’s disease rewires gene coexpression networks coupling different brain regions,10.1038/s41540-024-00376-y,2022.0,Alzheimer’s disease rewires gene coexpression networks coupling different brain regions,10.1038/s41540-024-00376-y,1.0,doi,crossref,https://www.nature.com/articles/s41540-024-00376-y.pdf,downloaded,/Users/wgray13/projects/connectomics-survey/postanalysis/pdfs/files/doi_10.1038_s41540-024-00376-y.pdf,https://doi.org/10.1038/s41540-024-00376-y
work_1bbb53ecdb123215,Aberrant information transfer interferes with functional axon regeneration,10.7554/elife.38829,2018.0,Aberrant information transfer interferes with functional axon regeneration,10.7554/elife.38829,1.0,doi,crossref,https://cdn.elifesciences.org/articles/38829/elife-38829-v2.pdf,downloaded,/Users/wgray13/projects/connectomics-survey/postanalysis/pdfs/files/doi_10.7554_elife.38829.pdf,https://doi.org/10.7554/elife.38829
work_1be607ebbabecd91,A serial multiplex immunogold labeling method for identifying peptidergic neurons in connectomes,10.7554/elife.11147,2015.0,A serial multiplex immunogold labeling method for identifying peptidergic neurons in connectomes,10.7554/elife.11147,1.0,doi,crossref,https://cdn.elifesciences.org/articles/11147/elife-11147-v2.pdf,downloaded,/Users/wgray13/projects/connectomics-survey/postanalysis/pdfs/files/doi_10.7554_elife.11147.pdf,https://doi.org/10.7554/elife.11147
work_1bfad71fdf4de90f,Olfactory Evaluation in Alzheimer’s Disease Model Mice,10.3390/brainsci12050607,2022.0,Olfactory Evaluation in Alzheimer’s Disease Model Mice,10.3390/brainsci12050607,1.0,doi,crossref,https://europepmc.org/articles/PMC9139301?pdf=render,downloaded,/Users/wgray13/projects/connectomics-survey/postanalysis/pdfs/files/doi_10.3390_brainsci12050607.pdf,https://doi.org/10.3390/brainsci12050607
work_1c4e68a0ac51bff8,Serotonergic modulation of swallowing in a complete fly vagus nerve connectome,10.1016/j.cub.2024.08.025,2024.0,Serotonergic modulation of swallowing in a complete fly vagus nerve connectome,10.1016/j.cub.2024.08.025,1.0,doi,crossref,https://europepmc.org/articles/PMC7616834?pdf=render,downloaded,/Users/wgray13/projects/connectomics-survey/postanalysis/pdfs/files/doi_10.1016_j.cub.2024.08.025.pdf,https://doi.org/10.1016/j.cub.2024.08.025
work_1d4b6e5375da0fe3,Synaptic wiring motifs in posterior parietal cortex support decision-making,10.1038/s41586-024-07088-7,2022.0,Synaptic wiring motifs in posterior parietal cortex support decision-making,10.1038/s41586-024-07088-7,1.0,doi,crossref,https://europepmc.org/articles/PMC11162200?pdf=render,downloaded,/Users/wgray13/projects/connectomics-survey/postanalysis/pdfs/files/doi_10.1038_s41586-024-07088-7.pdf,https://doi.org/10.1038/s41586-024-07088-7
work_1d55827a54abb8bd,Schaffer Collateral Inputs to CA1 Excitatory and Inhibitory Neurons Follow Different Connectivity Rules,10.1523/jneurosci.0155-18.2018,2018.0,Schaffer Collateral Inputs to CA1 Excitatory and Inhibitory Neurons Follow Different Connectivity Rules,10.1523/jneurosci.0155-18.2018,1.0,doi,crossref,https://europepmc.org/articles/PMC6705948?pdf=render,downloaded,/Users/wgray13/projects/connectomics-survey/postanalysis/pdfs/files/doi_10.1523_jneurosci.0155-18.2018.pdf,https://doi.org/10.1523/jneurosci.0155-18.2018
work_1dff25f1fbe84889,Assembly of the outer retina in the absence of GABA synthesis in horizontal cells,10.1186/1749-8104-5-15,2010.0,Assembly of the outer retina in the absence of GABA synthesis in horizontal cells,10.1186/1749-8104-5-15,1.0,doi,crossref,https://link.springer.com/content/pdf/10.1186/1749-8104-5-15.pdf,downloaded,/Users/wgray13/projects/connectomics-survey/postanalysis/pdfs/files/doi_10.1186_1749-8104-5-15.pdf,https://doi.org/10.1186/1749-8104-5-15
work_1e6634edd433800d,Olfactory dysfunction in Alzheimer’s disease,10.2147/ndt.s104886,2016.0,Olfactory dysfunction in Alzheimer&amp;rsquo;s disease,10.2147/ndt.s104886,0.8776,doi,crossref,https://europepmc.org/articles/PMC4841431?pdf=render,downloaded,/Users/wgray13/projects/connectomics-survey/postanalysis/pdfs/files/doi_10.2147_ndt.s104886.pdf,https://doi.org/10.2147/ndt.s104886
work_1e6c336c97062212,One-step approach producing barcoded rabies virus with optimized diversity,10.1016/j.crmeth.2025.101245,2025.0,One-step approach producing barcoded rabies virus with optimized diversity,10.1016/j.crmeth.2025.101245,1.0,doi,crossref,https://europepmc.org/articles/PMC12859496?pdf=render,downloaded,/Users/wgray13/projects/connectomics-survey/postanalysis/pdfs/files/doi_10.1016_j.crmeth.2025.101245.pdf,https://doi.org/10.1016/j.crmeth.2025.101245
work_1e988d999cd5be4e,Neural Circuits of Sexual Behavior in Caenorhabditis elegans.,10.1146/annurev-neuro-070815-014056,2018.0,Neural Circuits of Sexual Behavior in <i>Caenorhabditis elegans</i>,10.1146/annurev-neuro-070815-014056,0.9449,doi,crossref,https://www.annualreviews.org/doi/pdf/10.1146/annurev-neuro-070815-014056,downloaded,/Users/wgray13/projects/connectomics-survey/postanalysis/pdfs/files/doi_10.1146_annurev-neuro-070815-014056.pdf,https://doi.org/10.1146/annurev-neuro-070815-014056
work_1f4e6682ef491cf4,A simulated annealing algorithm for randomizing weighted networks,10.1038/s43588-024-00735-z,2024.0,A simulated annealing algorithm for randomizing weighted networks,10.1038/s43588-024-00735-z,1.0,doi,crossref,https://www.nature.com/articles/s43588-024-00735-z.pdf,downloaded,/Users/wgray13/projects/connectomics-survey/postanalysis/pdfs/files/doi_10.1038_s43588-024-00735-z.pdf,https://doi.org/10.1038/s43588-024-00735-z
work_213bd181973034b5,Creative destruction: Sparse activity emerges on the mammal connectome under a simulated communication strategy with collisions and redundancy,10.1162/netn_a_00165,2020.0,Creative destruction: Sparse activity emerges on the mammal                     connectome under a simulated communication strategy with collisions and                     redundancy,10.1162/netn_a_00165,1.0,doi,crossref,https://www.mitpressjournals.org/doi/pdf/10.1162/netn_a_00165,downloaded,/Users/wgray13/projects/connectomics-survey/postanalysis/pdfs/files/doi_10.1162_netn_a_00165.pdf,https://doi.org/10.1162/netn_a_00165
work_21f9f7a18c9fab22,Dendritic domain-specific sampling of long-range axons shapes feedforward and feedback connectivity of L5 neurons,10.1523/jneurosci.1620-21.2022,2021.0,Dendritic Domain-Specific Sampling of Long-Range Axons Shapes Feedforward and Feedback Connectivity of L5 Neurons,10.1523/jneurosci.1620-21.2022,1.0,doi,crossref,https://europepmc.org/articles/PMC9034780?pdf=render,downloaded,/Users/wgray13/projects/connectomics-survey/postanalysis/pdfs/files/doi_10.1523_jneurosci.1620-21.2022.pdf,https://doi.org/10.1523/jneurosci.1620-21.2022
work_233d52315fe236ff,The Rich Club of the C. elegans Neuronal Connectome,10.1523/jneurosci.3784-12.2013,2013.0,The Rich Club of the<i>C. elegans</i>Neuronal Connectome,10.1523/jneurosci.3784-12.2013,0.9159,doi,crossref,https://europepmc.org/articles/PMC4104292?pdf=render,downloaded,/Users/wgray13/projects/connectomics-survey/postanalysis/pdfs/files/doi_10.1523_jneurosci.3784-12.2013.pdf,https://doi.org/10.1523/jneurosci.3784-12.2013
work_234f011d0b64af9d,Scalable volumetric imaging for ultrahigh-speed brain mapping at synaptic resolution,10.1093/nsr/nwz053,2017.0,Scalable volumetric imaging for ultrahigh-speed brain mapping at synaptic resolution,10.1093/nsr/nwz053,1.0,doi,crossref,https://europepmc.org/articles/PMC8291554?pdf=render,downloaded,/Users/wgray13/projects/connectomics-survey/postanalysis/pdfs/files/doi_10.1093_nsr_nwz053.pdf,https://doi.org/10.1093/nsr/nwz053
work_2528fed4e090c0a8,"Brain-wide mapping of oligodendrocyte organization, oligodendrogenesis, and myelin injury",10.1016/j.cell.2026.01.025,2026.0,"Brain-wide mapping of oligodendrocyte organization, oligodendrogenesis, and myelin injury",10.1016/j.cell.2026.01.025,1.0,doi,crossref,https://europepmc.org/articles/PMC12927616?pdf=render,downloaded,/Users/wgray13/projects/connectomics-survey/postanalysis/pdfs/files/doi_10.1016_j.cell.2026.01.025.pdf,https://doi.org/10.1016/j.cell.2026.01.025
work_2566caf4396eb201,Toward Whole-Body Connectomics,10.1523/jneurosci.2930-16.2016,2016.0,Toward Whole-Body Connectomics,10.1523/jneurosci.2930-16.2016,1.0,doi,crossref,https://europepmc.org/articles/PMC6601714?pdf=render,downloaded,/Users/wgray13/projects/connectomics-survey/postanalysis/pdfs/files/doi_10.1523_jneurosci.2930-16.2016.pdf,https://doi.org/10.1523/jneurosci.2930-16.2016
work_2713518d047c5d83,DP2: Distributed 3D image segmentation using micro-labor workforce,10.1093/bioinformatics/btt154,2013.0,DP2: Distributed 3D image segmentation using micro-labor workforce,10.1093/bioinformatics/btt154,1.0,doi,crossref,https://europepmc.org/articles/PMC3654713?pdf=render,downloaded,/Users/wgray13/projects/connectomics-survey/postanalysis/pdfs/files/doi_10.1093_bioinformatics_btt154.pdf,https://doi.org/10.1093/bioinformatics/btt154
work_2732032b9e6241eb,Cross-modal cell nucleus point clouds non-rigid registration for multiscale brain structure analysis,10.1093/bib/bbaf631.029,2025.0,Cross-modal cell nucleus point clouds non-rigid registration for multiscale brain structure analysis,10.1093/bib/bbaf631.029,1.0,doi,crossref,https://europepmc.org/articles/PMC12699734?pdf=render,downloaded,/Users/wgray13/projects/connectomics-survey/postanalysis/pdfs/files/doi_10.1093_bib_bbaf631.029.pdf,https://doi.org/10.1093/bib/bbaf631.029
work_27fb2a0d9d1c342f,CATMAID: collaborative annotation toolkit for massive amounts of image data,10.1093/bioinformatics/btp266,2009.0,CATMAID: collaborative annotation toolkit for massive amounts of image data,10.1093/bioinformatics/btp266,1.0,doi,crossref,https://europepmc.org/articles/PMC2712332?pdf=render,downloaded,/Users/wgray13/projects/connectomics-survey/postanalysis/pdfs/files/doi_10.1093_bioinformatics_btp266.pdf,https://doi.org/10.1093/bioinformatics/btp266
work_28f6b028bce5063b,Synaptic architecture of leg and wing premotor control networks in Drosophila,10.1038/s41586-024-07600-z,2024.0,Synaptic architecture of leg and wing premotor control networks in Drosophila,10.1038/s41586-024-07600-z,1.0,doi,crossref,https://europepmc.org/articles/PMC11356479?pdf=render,downloaded,/Users/wgray13/projects/connectomics-survey/postanalysis/pdfs/files/doi_10.1038_s41586-024-07600-z.pdf,https://doi.org/10.1038/s41586-024-07600-z
work_2aa86c956dc4b3e6,A comprehensive mechanosensory connectome reveals a somatotopically organized neural circuit architecture controlling stimulus-aimed grooming of the Drosophila head,10.7554/elife.108044,2026.0,A comprehensive mechanosensory connectome reveals a somatotopically organized neural circuit architecture controlling stimulus-aimed grooming of the Drosophila head,10.7554/elife.108044,1.0,doi,crossref,https://cdn.elifesciences.org/articles/108044/elife-108044-v1.pdf,downloaded,/Users/wgray13/projects/connectomics-survey/postanalysis/pdfs/files/doi_10.7554_elife.108044.pdf,https://doi.org/10.7554/elife.108044
work_2b4f63e6ecb953d1,The neural circuit for touch sensitivity in Caenorhabditis elegans,10.1523/jneurosci.05-04-00956.1985,1985.0,The neural circuit for touch sensitivity in Caenorhabditis elegans,10.1523/jneurosci.05-04-00956.1985,1.0,doi,crossref,https://europepmc.org/articles/PMC6565008?pdf=render,downloaded,/Users/wgray13/projects/connectomics-survey/postanalysis/pdfs/files/doi_10.1523_jneurosci.05-04-00956.1985.pdf,https://doi.org/10.1523/jneurosci.05-04-00956.1985
work_2e89582f1e165cd3,Convergence of monosynaptic and polysynaptic sensory paths onto common motor outputs in a Drosophila feeding connectome,10.7554/elife.40247,2018.0,Convergence of monosynaptic and polysynaptic sensory paths onto common motor outputs in a Drosophila feeding connectome,10.7554/elife.40247,1.0,doi,crossref,https://cdn.elifesciences.org/articles/40247/elife-40247-v2.pdf,downloaded,/Users/wgray13/projects/connectomics-survey/postanalysis/pdfs/files/doi_10.7554_elife.40247.pdf,https://doi.org/10.7554/elife.40247
work_2f968b5df6b0dd3d,The connectome of an insect brain,10.1126/science.add9330,2022.0,The connectome of an insect brain,10.1126/science.add9330,1.0,doi,crossref,https://europepmc.org/articles/PMC7614541?pdf=render,downloaded,/Users/wgray13/projects/connectomics-survey/postanalysis/pdfs/files/doi_10.1126_science.add9330.pdf,https://doi.org/10.1126/science.add9330
work_2fe794228645ab5f,Emergence of clustered synapses during the development of a nervous system,10.1186/s12915-026-02539-1,2025.0,Emergence of clustered synapses during the development of a nervous system,10.1186/s12915-026-02539-1,1.0,doi,crossref,https://link.springer.com/content/pdf/10.1186/s12915-026-02539-1.pdf,downloaded,/Users/wgray13/projects/connectomics-survey/postanalysis/pdfs/files/doi_10.1186_s12915-026-02539-1.pdf,https://doi.org/10.1186/s12915-026-02539-1
work_30981973267aabd1,A circuit motif for color in the human foveal retina,10.1073/pnas.2405138121,2024.0,A circuit motif for color in the human foveal retina,10.1073/pnas.2405138121,1.0,doi,crossref,https://europepmc.org/articles/PMC11388358?pdf=render,downloaded,/Users/wgray13/projects/connectomics-survey/postanalysis/pdfs/files/doi_10.1073_pnas.2405138121.pdf,https://doi.org/10.1073/pnas.2405138121
work_3124a20f92cb886a,Cell type-specific connectome predicts distributed working memory activity in the mouse brain,10.7554/elife.85442,2024.0,Cell type-specific connectome predicts distributed working memory activity in the mouse brain,10.7554/elife.85442,1.0,doi,crossref,https://cdn.elifesciences.org/articles/85442/elife-85442-v2.pdf,downloaded,/Users/wgray13/projects/connectomics-survey/postanalysis/pdfs/files/doi_10.7554_elife.85442.pdf,https://doi.org/10.7554/elife.85442
work_31486f2a35f6fd01,Connectome-based prediction of functional impairment in experimental stroke models,10.1371/journal.pone.0310743,2024.0,Connectome-based prediction of functional impairment in experimental stroke models,10.1371/journal.pone.0310743,1.0,doi,crossref,https://europepmc.org/articles/PMC11658581?pdf=render,downloaded,/Users/wgray13/projects/connectomics-survey/postanalysis/pdfs/files/doi_10.1371_journal.pone.0310743.pdf,https://doi.org/10.1371/journal.pone.0310743
work_318843cf74d33350,New Challenges for Anatomists in the Era of Omics,10.3390/diagnostics13182963,2023.0,New Challenges for Anatomists in the Era of Omics,10.3390/diagnostics13182963,1.0,doi,crossref,https://europepmc.org/articles/PMC10529314?pdf=render,downloaded,/Users/wgray13/projects/connectomics-survey/postanalysis/pdfs/files/doi_10.3390_diagnostics13182963.pdf,https://doi.org/10.3390/diagnostics13182963
work_33349c24be53087b,Optimized genetic tracers for viral mediated neuronal projection mapping,10.1186/s11658-026-00894-z,2026.0,Optimized genetic tracers for viral mediated neuronal projection mapping,10.1186/s11658-026-00894-z,1.0,doi,crossref,https://link.springer.com/content/pdf/10.1186/s11658-026-00894-z.pdf,downloaded,/Users/wgray13/projects/connectomics-survey/postanalysis/pdfs/files/doi_10.1186_s11658-026-00894-z.pdf,https://doi.org/10.1186/s11658-026-00894-z
work_333df38005e93b84,A distribution-aware semi-supervised pipeline for cost-effective neuron segmentation,10.1016/j.isci.2025.114507,2025.0,A distribution-aware semi-supervised pipeline for cost-effective neuron segmentation,10.1016/j.isci.2025.114507,1.0,doi,crossref,https://europepmc.org/articles/PMC12805337?pdf=render,downloaded,/Users/wgray13/projects/connectomics-survey/postanalysis/pdfs/files/doi_10.1016_j.isci.2025.114507.pdf,https://doi.org/10.1016/j.isci.2025.114507
work_34a1d7dbc52da5e7,Identifying vulnerable brain networks associated with Alzheimer's disease risk.,10.1093/cercor/bhac419,2022.0,Identifying vulnerable brain networks associated with Alzheimer’s disease risk,10.1093/cercor/bhac419,1.0,doi,crossref,https://europepmc.org/articles/PMC10399292?pdf=render,downloaded,/Users/wgray13/projects/connectomics-survey/postanalysis/pdfs/files/doi_10.1093_cercor_bhac419.pdf,https://doi.org/10.1093/cercor/bhac419
work_3a65e3433ca551c8,Unusual Mathematical Approaches Untangle Nervous Dynamics,10.3390/biomedicines10102581,2022.0,Unusual Mathematical Approaches Untangle Nervous Dynamics,10.3390/biomedicines10102581,1.0,doi,crossref,https://europepmc.org/articles/PMC9599563?pdf=render,downloaded,/Users/wgray13/projects/connectomics-survey/postanalysis/pdfs/files/doi_10.3390_biomedicines10102581.pdf,https://doi.org/10.3390/biomedicines10102581
work_3a8e55c0032e0c3d,Connectomic Identification and Three-Dimensional Color Tuning of S-OFF Midget Ganglion Cells in the Primate Retina,10.1523/jneurosci.0778-19.2019,2018.0,Connectomic Identification and Three-Dimensional Color Tuning of S-OFF Midget Ganglion Cells in the Primate Retina,10.1523/jneurosci.0778-19.2019,1.0,doi,crossref,https://europepmc.org/articles/PMC6774400?pdf=render,downloaded,/Users/wgray13/projects/connectomics-survey/postanalysis/pdfs/files/doi_10.1523_jneurosci.0778-19.2019.pdf,https://doi.org/10.1523/jneurosci.0778-19.2019
work_3e58e01b1b6afbaf,Brain Network Fingerprints of Alzheimer’s Disease Risk Factors in Mouse Models with Humanized APOE Alleles,10.1016/j.mri.2024.110251,2024.0,Brain network fingerprints of Alzheimer's disease risk factors in mouse models with humanized APOE alleles,10.1016/j.mri.2024.110251,1.0,doi,crossref,https://europepmc.org/articles/PMC11514054?pdf=render,downloaded,/Users/wgray13/projects/connectomics-survey/postanalysis/pdfs/files/doi_10.1016_j.mri.2024.110251.pdf,https://doi.org/10.1016/j.mri.2024.110251
work_3f148a970f4d8675,Proprioceptive limit detectors contribute to sensorimotor control of the Drosophila leg,10.1038/s41467-026-69333-z,2026.0,Proprioceptive limit detectors contribute to sensorimotor control of the Drosophila leg,10.1038/s41467-026-69333-z,1.0,doi,crossref,https://www.nature.com/articles/s41467-026-69333-z.pdf,downloaded,/Users/wgray13/projects/connectomics-survey/postanalysis/pdfs/files/doi_10.1038_s41467-026-69333-z.pdf,https://doi.org/10.1038/s41467-026-69333-z
work_3f85fd1498cd4c6b,Re-formation of synaptic connectivity in dissociated human stem cell-derived retinal organoid cultures,10.1073/pnas.2213418120,2023.0,Re-formation of synaptic connectivity in dissociated human stem cell-derived retinal organoid cultures,10.1073/pnas.2213418120,1.0,doi,crossref,https://europepmc.org/articles/PMC9926218?pdf=render,downloaded,/Users/wgray13/projects/connectomics-survey/postanalysis/pdfs/files/doi_10.1073_pnas.2213418120.pdf,https://doi.org/10.1073/pnas.2213418120
work_45c2bb988725056f,Three-dimensional simulation of the Caenorhabditis elegans body and muscle cells in liquid and gel environments for behavioural analysis,10.1098/rstb.2017.0376,2018.0,"Three-dimensional simulation of the
                    <i>Caenorhabditis elegans</i>
                    body and muscle cells in liquid and gel environments for behavioural analysis",10.1098/rstb.2017.0376,0.9749,doi,crossref,https://europepmc.org/articles/PMC6158221?pdf=render,downloaded,/Users/wgray13/projects/connectomics-survey/postanalysis/pdfs/files/doi_10.1098_rstb.2017.0376.pdf,https://doi.org/10.1098/rstb.2017.0376
work_45cef90e755de84c,Functional allocation of synaptic contacts in microcircuits from rods via rod bipolar to AII amacrine cells in the mouse retina,10.1002/cne.23370,2013.0,Functional allocation of synaptic contacts in microcircuits from rods via rod bipolar to AII amacrine cells in the mouse retina,10.1002/cne.23370,1.0,doi,crossref,https://europepmc.org/articles/PMC4265793?pdf=render,downloaded,/Users/wgray13/projects/connectomics-survey/postanalysis/pdfs/files/doi_10.1002_cne.23370.pdf,https://doi.org/10.1002/cne.23370
work_463ae7b1129e918a,"CEM500K, a large-scale heterogeneous unlabeled cellular electron microscopy image dataset for deep learning",10.7554/elife.65894,2020.0,"CEM500K, a large-scale heterogeneous unlabeled cellular electron microscopy image dataset for deep learning",10.7554/elife.65894,1.0,doi,crossref,https://cdn.elifesciences.org/articles/65894/elife-65894-v1.pdf,downloaded,/Users/wgray13/projects/connectomics-survey/postanalysis/pdfs/files/doi_10.7554_elife.65894.pdf,https://doi.org/10.7554/elife.65894
work_47806917552684d8,The retinal hypercircuit: a repeating synaptic interactive motif underlying visual function,10.1113/jphysiol.2011.210617,2011.0,The retinal hypercircuit: a repeating synaptic interactive motif underlying visual function,10.1113/jphysiol.2011.210617,1.0,doi,crossref,https://europepmc.org/articles/PMC3171878?pdf=render,downloaded,/Users/wgray13/projects/connectomics-survey/postanalysis/pdfs/files/doi_10.1113_jphysiol.2011.210617.pdf,https://doi.org/10.1113/jphysiol.2011.210617
work_4785092574ee1f39,As-rigid-as-possible mosaicking and serial section registration of large ssTEM datasets,10.1093/bioinformatics/btq219,2010.0,As-rigid-as-possible mosaicking and serial section registration of large ssTEM datasets,10.1093/bioinformatics/btq219,1.0,doi,crossref,https://europepmc.org/articles/PMC2881403?pdf=render,downloaded,/Users/wgray13/projects/connectomics-survey/postanalysis/pdfs/files/doi_10.1093_bioinformatics_btq219.pdf,https://doi.org/10.1093/bioinformatics/btq219
work_4880cacffadd6077,Drosophila gustatory projections are segregated by taste modality and connectivity,10.7554/elife.78110,2021.0,Drosophila gustatory projections are segregated by taste modality and connectivity,10.7554/elife.78110,1.0,doi,crossref,https://cdn.elifesciences.org/articles/78110/elife-78110-v2.pdf,downloaded,/Users/wgray13/projects/connectomics-survey/postanalysis/pdfs/files/doi_10.7554_elife.78110.pdf,https://doi.org/10.7554/elife.78110
work_4b37a6f905cdcd31,Novel Technological Advances in Functional Connectomics in C. elegans,10.3390/jdb7020008,2019.0,Novel Technological Advances in Functional Connectomics in C. elegans,10.3390/jdb7020008,1.0,doi,crossref,https://europepmc.org/articles/PMC6630759?pdf=render,downloaded,/Users/wgray13/projects/connectomics-survey/postanalysis/pdfs/files/doi_10.3390_jdb7020008.pdf,https://doi.org/10.3390/jdb7020008
work_4d0bb2dac32d5f80,Clinical parameters affect the structure and function of superficial pyramidal neurons in the adult human neocortex,10.1093/braincomms/fcae351,2024.0,Clinical parameters affect the structure and function of superficial pyramidal neurons in the adult human neocortex,10.1093/braincomms/fcae351,1.0,doi,crossref,https://europepmc.org/articles/PMC11518857?pdf=render,downloaded,/Users/wgray13/projects/connectomics-survey/postanalysis/pdfs/files/doi_10.1093_braincomms_fcae351.pdf,https://doi.org/10.1093/braincomms/fcae351
work_4e3b5ec4297fcae3,A lightweight data-driven spiking neuronal network model of Drosophila olfactory nervous system with dedicated hardware support,10.3389/fnins.2024.1384336,2024.0,A lightweight data-driven spiking neuronal network model of Drosophila olfactory nervous system with dedicated hardware support,10.3389/fnins.2024.1384336,1.0,doi,crossref,https://www.frontiersin.org/journals/neuroscience/articles/10.3389/fnins.2024.1384336/pdf,downloaded,/Users/wgray13/projects/connectomics-survey/postanalysis/pdfs/files/doi_10.3389_fnins.2024.1384336.pdf,https://doi.org/10.3389/fnins.2024.1384336
work_505838ecf6e68bb5,Neural-circuit basis of song preference learning in fruit flies,10.1016/j.isci.2024.110266,2023.0,Neural-circuit basis of song preference learning in fruit flies,10.1016/j.isci.2024.110266,1.0,doi,crossref,https://europepmc.org/articles/PMC11260866?pdf=render,downloaded,/Users/wgray13/projects/connectomics-survey/postanalysis/pdfs/files/doi_10.1016_j.isci.2024.110266.pdf,https://doi.org/10.1016/j.isci.2024.110266
work_50997c68f9311844,Hippocampal CA3 connectomics reveals a gradient of mossy fiber inputs and selective feedforward inhibition onto pyramidal cells.,10.1038/s41593-026-02388-9,2026.0,Hippocampal CA3 connectomics reveals a gradient of mossy fiber inputs and selective feedforward inhibition onto pyramidal cells,10.1038/s41593-026-02388-9,1.0,doi,crossref,https://www.nature.com/articles/s41593-026-02388-9.pdf,downloaded,/Users/wgray13/projects/connectomics-survey/postanalysis/pdfs/files/doi_10.1038_s41593-026-02388-9.pdf,https://doi.org/10.1038/s41593-026-02388-9
work_50d091001b66a2d0,Scaling up X-ray holographic nanotomography for neuronal tissue imaging,10.1364/boe.559263,2025.0,Scaling up X-ray holographic nanotomography for neuronal tissue imaging,10.1364/boe.559263,1.0,doi,crossref,https://europepmc.org/articles/PMC12945482?pdf=render,downloaded,/Users/wgray13/projects/connectomics-survey/postanalysis/pdfs/files/doi_10.1364_boe.559263.pdf,https://doi.org/10.1364/boe.559263
work_529425ff530a893f,Structured Connectivity in Cerebellar Inhibitory Networks,10.1016/j.neuron.2013.12.029,2014.0,Structured Connectivity in Cerebellar Inhibitory Networks,10.1016/j.neuron.2013.12.029,1.0,doi,crossref,https://europepmc.org/articles/PMC3988957?pdf=render,downloaded,/Users/wgray13/projects/connectomics-survey/postanalysis/pdfs/files/doi_10.1016_j.neuron.2013.12.029.pdf,https://doi.org/10.1016/j.neuron.2013.12.029
work_5347d2a55426a9b6,Ciliary and rhabdomeric photoreceptor-cell circuits form a spectral depth gauge in marine zooplankton,10.7554/elife.36440,2018.0,Ciliary and rhabdomeric photoreceptor-cell circuits form a spectral depth gauge in marine zooplankton,10.7554/elife.36440,1.0,doi,crossref,https://cdn.elifesciences.org/articles/36440/elife-36440-v2.pdf,downloaded,/Users/wgray13/projects/connectomics-survey/postanalysis/pdfs/files/doi_10.7554_elife.36440.pdf,https://doi.org/10.7554/elife.36440
work_5424739399820eb4,Peripheral anatomy and central connectivity of proprioceptive sensory neurons in the Drosophila wing,10.7554/elife.107867,2026.0,Peripheral anatomy and central connectivity of proprioceptive sensory neurons in the Drosophila wing,10.7554/elife.107867,1.0,doi,crossref,https://cdn.elifesciences.org/articles/107867/elife-107867-v1.pdf,downloaded,/Users/wgray13/projects/connectomics-survey/postanalysis/pdfs/files/doi_10.7554_elife.107867.pdf,https://doi.org/10.7554/elife.107867
work_55710d158a1a37b5,Compensatory enhancement of input maintains aversive dopaminergic reinforcement in hungry Drosophila,10.1016/j.neuron.2024.04.035,2024.0,Compensatory enhancement of input maintains aversive dopaminergic reinforcement in hungry Drosophila,10.1016/j.neuron.2024.04.035,1.0,doi,crossref,https://europepmc.org/articles/PMC7618526?pdf=render,downloaded,/Users/wgray13/projects/connectomics-survey/postanalysis/pdfs/files/doi_10.1016_j.neuron.2024.04.035.pdf,https://doi.org/10.1016/j.neuron.2024.04.035
work_55a637a99f2abc58,vEMstitch: an algorithm for fully automatic image stitching of volume electron microscopy,10.1093/gigascience/giae076,2024.0,vEMstitch: an algorithm for fully automatic image stitching of volume electron microscopy,10.1093/gigascience/giae076,1.0,doi,crossref,https://europepmc.org/articles/PMC11512480?pdf=render,downloaded,/Users/wgray13/projects/connectomics-survey/postanalysis/pdfs/files/doi_10.1093_gigascience_giae076.pdf,https://doi.org/10.1093/gigascience/giae076
work_57773d09a9c531fa,Connecting Connectomes to Physiology,10.1523/jneurosci.2208-22.2023,2023.0,Connecting Connectomes to Physiology,10.1523/jneurosci.2208-22.2023,1.0,doi,crossref,https://europepmc.org/articles/PMC10198452?pdf=render,downloaded,/Users/wgray13/projects/connectomics-survey/postanalysis/pdfs/files/doi_10.1523_jneurosci.2208-22.2023.pdf,https://doi.org/10.1523/jneurosci.2208-22.2023
work_59e0aae4c48bf275,Overcoming Perfusion Impairment in the Ischemic Brain: A Review,10.3390/neurosci7040089,2026.0,Overcoming Perfusion Impairment in the Ischemic Brain: A Review,10.3390/neurosci7040089,,doi,crossref,https://pub.mdpi-res.com/neurosci/neurosci-07-00089/article_deploy/neurosci-07-00089.pdf,downloaded,/Users/wgray13/projects/connectomics-survey/postanalysis/pdfs/files/doi_10.3390_neurosci7040089.pdf,https://doi.org/10.3390/neurosci7040089
work_5a150d031329b4d0,Nanoconnectomic upper bound on the variability of synaptic plasticity,10.7554/elife.10778,2015.0,Nanoconnectomic upper bound on the variability of synaptic plasticity,10.7554/elife.10778,1.0,doi,crossref,https://cdn.elifesciences.org/articles/10778/elife-10778-v2.pdf,downloaded,/Users/wgray13/projects/connectomics-survey/postanalysis/pdfs/files/doi_10.7554_elife.10778.pdf,https://doi.org/10.7554/elife.10778
work_5bc304fcee3828a1,Detection of Neuron Membranes in Electron Microscopy Images using Multi-scale Context and Radon-like Features,10.1007/978-3-642-23623-5_84,2011.0,Detection of Neuron Membranes in Electron Microscopy Images Using Multi-scale Context and Radon-Like Features,10.1007/978-3-642-23623-5_84,1.0,doi,crossref,http://link.springer.com/content/pdf/10.1007/978-3-642-23623-5_84,downloaded,/Users/wgray13/projects/connectomics-survey/postanalysis/pdfs/files/doi_10.1007_978-3-642-23623-5_84.pdf,https://doi.org/10.1007/978-3-642-23623-5_84
work_5cafb08614aad0c5,Spatial profile of excitatory and inhibitory synaptic connectivity in mouse primary auditory cortex,10.1523/jneurosci.5158-11.2012,2012.0,Spatial Profile of Excitatory and Inhibitory Synaptic Connectivity in Mouse Primary Auditory Cortex,10.1523/jneurosci.5158-11.2012,1.0,doi,crossref,https://europepmc.org/articles/PMC3359703?pdf=render,downloaded,/Users/wgray13/projects/connectomics-survey/postanalysis/pdfs/files/doi_10.1523_jneurosci.5158-11.2012.pdf,https://doi.org/10.1523/jneurosci.5158-11.2012
work_5d14dfa16e4b8cf3,Prediction of neural activity in connectome-constrained recurrent networks,10.1038/s41593-025-02080-4,2024.0,Prediction of neural activity in connectome-constrained recurrent networks,10.1038/s41593-025-02080-4,1.0,doi,crossref,https://europepmc.org/articles/PMC12648571?pdf=render,downloaded,/Users/wgray13/projects/connectomics-survey/postanalysis/pdfs/files/doi_10.1038_s41593-025-02080-4.pdf,https://doi.org/10.1038/s41593-025-02080-4
work_5e64c286909b658b,Evolution of neuronal anatomy and circuitry in two highly divergent nematode species,10.7554/elife.47155,2019.0,Evolution of neuronal anatomy and circuitry in two highly divergent nematode species,10.7554/elife.47155,1.0,doi,crossref,https://cdn.elifesciences.org/articles/47155/elife-47155-v1.pdf,downloaded,/Users/wgray13/projects/connectomics-survey/postanalysis/pdfs/files/doi_10.7554_elife.47155.pdf,https://doi.org/10.7554/elife.47155
work_600f533bc97ab74c,Convergence-divergence circuits for multimodal integration of innate and learned opponent valences,10.3389/fnsys.2026.1822122,2026.0,Convergence-divergence circuits for multimodal integration of innate and learned opponent valences,10.3389/fnsys.2026.1822122,1.0,doi,crossref,https://europepmc.org/articles/PMC13190573?pdf=render,downloaded,/Users/wgray13/projects/connectomics-survey/postanalysis/pdfs/files/doi_10.3389_fnsys.2026.1822122.pdf,https://doi.org/10.3389/fnsys.2026.1822122
work_601a56be8326088e,Long-range axon branching: contributions to brain network plasticity and repair,10.1038/s41583-025-01008-y,2026.0,Long-range axon branching: contributions to brain network plasticity and repair,10.1038/s41583-025-01008-y,1.0,doi,crossref,https://europepmc.org/articles/PMC12904670?pdf=render,downloaded,/Users/wgray13/projects/connectomics-survey/postanalysis/pdfs/files/doi_10.1038_s41583-025-01008-y.pdf,https://doi.org/10.1038/s41583-025-01008-y
work_67d70830cad7154c,Graphical-model framework for automated annotation of cell identities in dense cellular images,10.7554/elife.60321,2020.0,Graphical-model framework for automated annotation of cell identities in dense cellular images,10.7554/elife.60321,1.0,doi,crossref,https://cdn.elifesciences.org/articles/60321/elife-60321-v2.pdf,downloaded,/Users/wgray13/projects/connectomics-survey/postanalysis/pdfs/files/doi_10.7554_elife.60321.pdf,https://doi.org/10.7554/elife.60321
work_688b4a2626c16814,On human nanoscale synaptome: Morphology modeling and storage estimation,10.1371/journal.pone.0310156,2024.0,On human nanoscale synaptome: Morphology modeling and storage estimation,10.1371/journal.pone.0310156,1.0,doi,crossref,https://europepmc.org/articles/PMC11423976?pdf=render,downloaded,/Users/wgray13/projects/connectomics-survey/postanalysis/pdfs/files/doi_10.1371_journal.pone.0310156.pdf,https://doi.org/10.1371/journal.pone.0310156
work_6a0535f78a5e6555,"The meso-connectomes of mouse, marmoset, and macaque: network organization and the emergence of higher cognition",10.1093/cercor/bhae174,2024.0,"The meso-connectomes of mouse, marmoset, and macaque: network organization and the emergence of higher cognition",10.1093/cercor/bhae174,1.0,doi,crossref,https://europepmc.org/articles/PMC11107384?pdf=render,downloaded,/Users/wgray13/projects/connectomics-survey/postanalysis/pdfs/files/doi_10.1093_cercor_bhae174.pdf,https://doi.org/10.1093/cercor/bhae174
work_6a7a572d2c3c7c09,Rewiring the connectome: Evidence and effects,10.1016/j.neubiorev.2018.03.001,2018.0,Rewiring the connectome: Evidence and effects,10.1016/j.neubiorev.2018.03.001,1.0,doi,crossref,https://kclpure.kcl.ac.uk/ws/files/88436242/Rewiring_the_connectome_evidence_BENNETT_Firstonline11March2018_GREEN_AAM_CC_BY_NC_ND_.pdf,downloaded,/Users/wgray13/projects/connectomics-survey/postanalysis/pdfs/files/doi_10.1016_j.neubiorev.2018.03.001.pdf,https://doi.org/10.1016/j.neubiorev.2018.03.001
work_6c53d7ba6dfeda13,Network topology of the marmoset connectome,10.1162/netn_a_00159,2020.0,Network topology of the marmoset connectome,10.1162/netn_a_00159,1.0,doi,crossref,https://www.mitpressjournals.org/doi/pdf/10.1162/netn_a_00159,downloaded,/Users/wgray13/projects/connectomics-survey/postanalysis/pdfs/files/doi_10.1162_netn_a_00159.pdf,https://doi.org/10.1162/netn_a_00159
work_6d7152bc3042d92f,Correlative three-dimensional super-resolution and block face electron microscopy of whole vitreously frozen cells,10.1126/science.aaz5357,2019.0,Correlative three-dimensional super-resolution and block-face electron microscopy of whole vitreously frozen cells,10.1126/science.aaz5357,0.9912,doi,crossref,https://www.biorxiv.org/content/biorxiv/early/2019/09/18/773986.full.pdf,downloaded,/Users/wgray13/projects/connectomics-survey/postanalysis/pdfs/files/doi_10.1126_science.aaz5357.pdf,https://doi.org/10.1126/science.aaz5357
work_6e526e10c76c2156,Deconstructing Complexity: Serial Block-Face Electron Microscopic Analysis of the Hippocampal Mossy Fiber Synapse,10.1523/jneurosci.1600-12.2013,2013.0,Deconstructing Complexity: Serial Block-Face Electron Microscopic Analysis of the Hippocampal Mossy Fiber Synapse,10.1523/jneurosci.1600-12.2013,1.0,doi,crossref,https://europepmc.org/articles/PMC3756657?pdf=render,downloaded,/Users/wgray13/projects/connectomics-survey/postanalysis/pdfs/files/doi_10.1523_jneurosci.1600-12.2013.pdf,https://doi.org/10.1523/jneurosci.1600-12.2013
work_6e58cd7663b2ca89,3D Domain Adaptive Instance Segmentation via Cyclic Segmentation GANs,10.1109/jbhi.2023.3281332,2023.0,3D Domain Adaptive Instance Segmentation via Cyclic Segmentation GANs,10.1109/jbhi.2023.3281332,1.0,doi,crossref,http://xplorestaging.ieee.org/ielx7/6221020/10210140/10138543.pdf?arnumber=10138543,downloaded,/Users/wgray13/projects/connectomics-survey/postanalysis/pdfs/files/doi_10.1109_jbhi.2023.3281332.pdf,https://doi.org/10.1109/jbhi.2023.3281332
work_6f9a7974a1b12683,The Drosophila connectome reveals axo-axonic synapses on descending neurons,10.1016/j.isci.2026.115624,2026.0,The Drosophila connectome reveals axo-axonic synapses on descending neurons,10.1016/j.isci.2026.115624,1.0,doi,crossref,https://europepmc.org/articles/PMC13126034?pdf=render,downloaded,/Users/wgray13/projects/connectomics-survey/postanalysis/pdfs/files/doi_10.1016_j.isci.2026.115624.pdf,https://doi.org/10.1016/j.isci.2026.115624
work_705030ef2bfb656f,WASPSYN: A Challenge for Domain Adaptive Synapse Detection in Microwasp Brain Connectomes,10.1109/tmi.2024.3400276,2024.0,WASPSYN: A Challenge for Domain Adaptive Synapse Detection in Microwasp Brain Connectomes,10.1109/tmi.2024.3400276,1.0,doi,crossref,https://europepmc.org/articles/PMC11585350?pdf=render,downloaded,/Users/wgray13/projects/connectomics-survey/postanalysis/pdfs/files/doi_10.1109_tmi.2024.3400276.pdf,https://doi.org/10.1109/tmi.2024.3400276
work_70cc9d94126a37c3,Brain atrophy progression in Parkinson’s disease is shaped by connectivity and local vulnerability,10.1093/braincomms/fcab269,2021.0,Brain atrophy progression in Parkinson’s disease is shaped by connectivity and local vulnerability,10.1093/braincomms/fcab269,1.0,doi,crossref,https://europepmc.org/articles/PMC8633425?pdf=render,downloaded,/Users/wgray13/projects/connectomics-survey/postanalysis/pdfs/files/doi_10.1093_braincomms_fcab269.pdf,https://doi.org/10.1093/braincomms/fcab269
work_71a75ab0de08abf0,A genetically specified connectomics approach applied to long-range feeding regulatory circuits,10.1038/nn.3854,2014.0,A genetically specified connectomics approach applied to long-range feeding regulatory circuits,10.1038/nn.3854,1.0,doi,crossref,https://europepmc.org/articles/PMC4292906?pdf=render,downloaded,/Users/wgray13/projects/connectomics-survey/postanalysis/pdfs/files/doi_10.1038_nn.3854.pdf,https://doi.org/10.1038/nn.3854
work_726e4e2ab35a1839,Dense Circuit Reconstruction to Understand Neuronal Computation: Focus on Zebrafish.,10.1146/annurev-neuro-110220-013050,2021.0,Dense Circuit Reconstruction to Understand Neuronal Computation: Focus on Zebrafish,10.1146/annurev-neuro-110220-013050,1.0,doi,crossref,https://www.annualreviews.org/doi/pdf/10.1146/annurev-neuro-110220-013050,downloaded,/Users/wgray13/projects/connectomics-survey/postanalysis/pdfs/files/doi_10.1146_annurev-neuro-110220-013050.pdf,https://doi.org/10.1146/annurev-neuro-110220-013050
work_7355482a2bfdf04b,Normative and mechanistic model of an adaptive circuit for efficient encoding and feature extraction,10.1073/pnas.2117484120,2021.0,Normative and mechanistic model of an adaptive circuit for efficient encoding and feature extraction,10.1073/pnas.2117484120,1.0,doi,crossref,https://europepmc.org/articles/PMC10629579?pdf=render,downloaded,/Users/wgray13/projects/connectomics-survey/postanalysis/pdfs/files/doi_10.1073_pnas.2117484120.pdf,https://doi.org/10.1073/pnas.2117484120
work_74206fd085d4b317,Multisensory Integration in Caenorhabditis elegans in Comparison to Mammals,10.3390/brainsci12101368,2022.0,Multisensory Integration in Caenorhabditis elegans in Comparison to Mammals,10.3390/brainsci12101368,1.0,doi,crossref,https://europepmc.org/articles/PMC9599712?pdf=render,downloaded,/Users/wgray13/projects/connectomics-survey/postanalysis/pdfs/files/doi_10.3390_brainsci12101368.pdf,https://doi.org/10.3390/brainsci12101368
work_743eabd3892ae7b4,FIB-SEM as a Volume Electron Microscopy Approach to Study Cellular Architectures in SARS-CoV-2 and Other Viral Infections: A Practical Primer for a Virologist,10.3390/v13040611,2021.0,FIB-SEM as a Volume Electron Microscopy Approach to Study Cellular Architectures in SARS-CoV-2 and Other Viral Infections: A Practical Primer for a Virologist,10.3390/v13040611,1.0,doi,crossref,https://europepmc.org/articles/PMC8066521?pdf=render,downloaded,/Users/wgray13/projects/connectomics-survey/postanalysis/pdfs/files/doi_10.3390_v13040611.pdf,https://doi.org/10.3390/v13040611
work_75f60831e1632c27,Feedforward Thalamocortical Connectivity Preserves Stimulus Timing Information in Sensory Pathways,10.1523/jneurosci.3165-17.2019,2019.0,Feedforward Thalamocortical Connectivity Preserves Stimulus Timing Information in Sensory Pathways,10.1523/jneurosci.3165-17.2019,1.0,doi,crossref,https://europepmc.org/articles/PMC6764195?pdf=render,downloaded,/Users/wgray13/projects/connectomics-survey/postanalysis/pdfs/files/doi_10.1523_jneurosci.3165-17.2019.pdf,https://doi.org/10.1523/jneurosci.3165-17.2019
work_77303c6ebe2e7573,"Development and circuitry of the tunicate larval Motor Ganglion, a putative hindbrain/spinal cord homolog",10.1002/jez.b.23221,2023.0,"Development and circuitry of the tunicate larval Motor Ganglion, a putative hindbrain/spinal cord homolog",10.1002/jez.b.23221,1.0,doi,crossref,https://europepmc.org/articles/PMC10918034?pdf=render,downloaded,/Users/wgray13/projects/connectomics-survey/postanalysis/pdfs/files/doi_10.1002_jez.b.23221.pdf,https://doi.org/10.1002/jez.b.23221
work_77733aed5786f1e1,Isotropic Reconstruction of Anisotropic vEM Volumes with ViT-Guided Diffusion,10.3390/electronics15061181,2026.0,Isotropic Reconstruction of Anisotropic vEM Volumes with ViT-Guided Diffusion,10.3390/electronics15061181,,doi,crossref,https://pub.mdpi-res.com/electronics/electronics-15-01181/article_deploy/electronics-15-01181.pdf,downloaded,/Users/wgray13/projects/connectomics-survey/postanalysis/pdfs/files/doi_10.3390_electronics15061181.pdf,https://doi.org/10.3390/electronics15061181
work_7773a3cd24b3497d,A connectome and analysis of the adult Drosophila central brain,10.7554/elife.57443,2020.0,A connectome and analysis of the adult Drosophila central brain,10.7554/elife.57443,1.0,doi,crossref,https://cdn.elifesciences.org/articles/57443/elife-57443-v4.pdf,downloaded,/Users/wgray13/projects/connectomics-survey/postanalysis/pdfs/files/doi_10.7554_elife.57443.pdf,https://doi.org/10.7554/elife.57443
work_78258f2526b35036,RETINA: Reconstruction-based pre-trained enhanced TransUNet for electron microscopy segmentation on the CEM500K dataset,10.1371/journal.pcbi.1013115,2025.0,RETINA: Reconstruction-based pre-trained enhanced TransUNet for electron microscopy segmentation on the CEM500K dataset,10.1371/journal.pcbi.1013115,1.0,doi,crossref,https://europepmc.org/articles/PMC12143494?pdf=render,downloaded,/Users/wgray13/projects/connectomics-survey/postanalysis/pdfs/files/doi_10.1371_journal.pcbi.1013115.pdf,https://doi.org/10.1371/journal.pcbi.1013115
work_7946dbb6802bb908,Complexity and Vulnerability Analysis of the C. Elegans Gap Junction Connectome,10.3390/e19030104,2017.0,Complexity and Vulnerability Analysis of the C. Elegans Gap Junction Connectome,10.3390/e19030104,,doi,crossref,https://pub.mdpi-res.com/entropy/entropy-19-00104/article_deploy/entropy-19-00104.pdf,downloaded,/Users/wgray13/projects/connectomics-survey/postanalysis/pdfs/files/doi_10.3390_e19030104.pdf,https://doi.org/10.3390/e19030104
work_7eaece935269f9eb,Fibration symmetries and cluster synchronization in the Caenorhabditis elegans connectome,10.1371/journal.pone.0297669,2024.0,Fibration symmetries and cluster synchronization in the Caenorhabditis elegans connectome,10.1371/journal.pone.0297669,1.0,doi,crossref,https://europepmc.org/articles/PMC11006206?pdf=render,downloaded,/Users/wgray13/projects/connectomics-survey/postanalysis/pdfs/files/doi_10.1371_journal.pone.0297669.pdf,https://doi.org/10.1371/journal.pone.0297669
work_7fce0617a583457f,Robust Associative Learning Is Sufficient to Explain the Structural and Dynamical Properties of Local Cortical Circuits,10.1523/jneurosci.3218-18.2019,2018.0,Robust Associative Learning Is Sufficient to Explain the Structural and Dynamical Properties of Local Cortical Circuits,10.1523/jneurosci.3218-18.2019,1.0,doi,crossref,https://europepmc.org/articles/PMC6733561?pdf=render,downloaded,/Users/wgray13/projects/connectomics-survey/postanalysis/pdfs/files/doi_10.1523_jneurosci.3218-18.2019.pdf,https://doi.org/10.1523/jneurosci.3218-18.2019
work_7fd39b6d64027898,SmartEM: machine-learning guided electron microscopy,10.1038/s41592-025-02929-3,2025.0,SmartEM: machine learning-guided electron microscopy,10.1038/s41592-025-02929-3,0.9608,doi,crossref,https://europepmc.org/articles/PMC13016033?pdf=render,downloaded,/Users/wgray13/projects/connectomics-survey/postanalysis/pdfs/files/doi_10.1038_s41592-025-02929-3.pdf,https://doi.org/10.1038/s41592-025-02929-3
work_7fe8ac21d730c5c5,Inter-individual stereotypy of the Platynereis larval visual connectome,10.7554/elife.08069,2015.0,Inter-individual stereotypy of the Platynereis larval visual connectome,10.7554/elife.08069,1.0,doi,crossref,https://cdn.elifesciences.org/articles/08069/elife-08069-v2.pdf,downloaded,/Users/wgray13/projects/connectomics-survey/postanalysis/pdfs/files/doi_10.7554_elife.08069.pdf,https://doi.org/10.7554/elife.08069
work_81b57bb8bd076686,Architecture of the Mouse Brain Synaptome,10.1016/j.neuron.2018.07.007,2018.0,Architecture of the Mouse Brain Synaptome,10.1016/j.neuron.2018.07.007,1.0,doi,crossref,https://europepmc.org/articles/PMC6117470?pdf=render,downloaded,/Users/wgray13/projects/connectomics-survey/postanalysis/pdfs/files/doi_10.1016_j.neuron.2018.07.007.pdf,https://doi.org/10.1016/j.neuron.2018.07.007
work_821224fc69c175d5,Geppetto: a reusable modular open platform for exploring neuroscience data and models,10.1098/rstb.2017.0380,2018.0,Geppetto: a reusable modular open platform for exploring neuroscience data and models,10.1098/rstb.2017.0380,1.0,doi,crossref,https://europepmc.org/articles/PMC6158222?pdf=render,downloaded,/Users/wgray13/projects/connectomics-survey/postanalysis/pdfs/files/doi_10.1098_rstb.2017.0380.pdf,https://doi.org/10.1098/rstb.2017.0380
work_827a33de3049b04b,Postsynaptic cell type and synaptic distance do not determine efficiency of monosynaptic rabies virus spread measured at synaptic resolution,10.7554/elife.89297,2023.0,Postsynaptic cell type and synaptic distance do not determine efficiency of monosynaptic rabies virus spread measured at synaptic resolution,10.7554/elife.89297,1.0,doi,crossref,https://cdn.elifesciences.org/articles/89297/elife-89297-v2.pdf,downloaded,/Users/wgray13/projects/connectomics-survey/postanalysis/pdfs/files/doi_10.7554_elife.89297.pdf,https://doi.org/10.7554/elife.89297
work_8470676def87adc9,POINTseq: cell-type-specific barcoding reveals single-cell projection architecture of the mouse dopaminergic system,10.1016/j.neuron.2026.05.005,2026.0,POINTseq: Cell-type-specific barcoding reveals single-cell projection architecture of the mouse dopaminergic system,10.1016/j.neuron.2026.05.005,1.0,doi,crossref,https://europepmc.org/articles/PMC13245377?pdf=render,downloaded,/Users/wgray13/projects/connectomics-survey/postanalysis/pdfs/files/doi_10.1016_j.neuron.2026.05.005.pdf,https://doi.org/10.1016/j.neuron.2026.05.005
work_86327903c00368f6,Reconstruction of the neuromuscular junction connectome,10.1093/bioinformatics/btq179,2010.0,Reconstruction of the neuromuscular junction connectome,10.1093/bioinformatics/btq179,1.0,doi,crossref,https://europepmc.org/articles/PMC2881364?pdf=render,downloaded,/Users/wgray13/projects/connectomics-survey/postanalysis/pdfs/files/doi_10.1093_bioinformatics_btq179.pdf,https://doi.org/10.1093/bioinformatics/btq179
work_86e1de14f17fce4c,Organization of circuits linking descending input to motor output in the Drosophila Male Adult Nerve Cord connectome,10.7554/elife.96084,2026.0,Organization of circuits linking descending input to motor output in the Drosophila Male Adult Nerve Cord connectome,10.7554/elife.96084,1.0,doi,crossref,https://cdn.elifesciences.org/articles/96084/elife-96084-v1.pdf,downloaded,/Users/wgray13/projects/connectomics-survey/postanalysis/pdfs/files/doi_10.7554_elife.96084.pdf,https://doi.org/10.7554/elife.96084
work_8836d9b46d1f1126,Synaptic connectome of the Drosophila circadian clock,10.1038/s41467-024-54694-0,2024.0,Synaptic connectome of the Drosophila circadian clock,10.1038/s41467-024-54694-0,1.0,doi,crossref,https://www.nature.com/articles/s41467-024-54694-0.pdf,downloaded,/Users/wgray13/projects/connectomics-survey/postanalysis/pdfs/files/doi_10.1038_s41467-024-54694-0.pdf,https://doi.org/10.1038/s41467-024-54694-0
work_8c996063abb76253,"FluoEM, virtual labeling of axons in three-dimensional electron microscopy data for long-range connectomics",10.7554/elife.38976,2018.0,"FluoEM, virtual labeling of axons in three-dimensional electron microscopy data for long-range connectomics",10.7554/elife.38976,1.0,doi,crossref,https://cdn.elifesciences.org/articles/38976/elife-38976-v2.pdf,downloaded,/Users/wgray13/projects/connectomics-survey/postanalysis/pdfs/files/doi_10.7554_elife.38976.pdf,https://doi.org/10.7554/elife.38976
work_8cba212f6e7b83ad,A Complete Electron Microscopy Volume of the Brain of Adult Drosophila melanogaster,10.1016/j.cell.2018.06.019,2017.0,A Complete Electron Microscopy Volume of the Brain of Adult Drosophila melanogaster,10.1016/j.cell.2018.06.019,1.0,doi,crossref,https://europepmc.org/articles/PMC6063995?pdf=render,downloaded,/Users/wgray13/projects/connectomics-survey/postanalysis/pdfs/files/doi_10.1016_j.cell.2018.06.019.pdf,https://doi.org/10.1016/j.cell.2018.06.019
work_8d360f62130e5f09,Barcoded Rabies In Situ Connectomics for high-throughput reconstruction of neural circuits,10.1101/2025.07.16.665048,2025.0,Barcoded Rabies In Situ Connectomics for high-throughput reconstruction of neural circuits,10.1101/2025.07.16.665048,1.0,doi,crossref,https://www.biorxiv.org/content/biorxiv/early/2025/07/20/2025.07.16.665048.full.pdf,downloaded,/Users/wgray13/projects/connectomics-survey/postanalysis/pdfs/files/doi_10.1101_2025.07.16.665048.pdf,https://doi.org/10.1101/2025.07.16.665048
work_8f57fcadbe445368,Scalable automated segmentation quantifies mitochondrial proteins and morphology at the nanoscale,10.1101/2025.07.28.667278,2025.0,Scalable automated segmentation quantifies mitochondrial proteins and morphology at the nanoscale,10.1101/2025.07.28.667278,1.0,doi,crossref,https://www.biorxiv.org/content/biorxiv/early/2025/07/30/2025.07.28.667278.full.pdf,downloaded,/Users/wgray13/projects/connectomics-survey/postanalysis/pdfs/files/doi_10.1101_2025.07.28.667278.pdf,https://doi.org/10.1101/2025.07.28.667278
work_92f0ed50dd791967,Generating brain-wide connectome using synthetic axonal morphologies,10.1038/s41467-025-62030-3,2024.0,Generating brain-wide connectome using synthetic axonal morphologies,10.1038/s41467-025-62030-3,1.0,doi,crossref,https://www.nature.com/articles/s41467-025-62030-3.pdf,downloaded,/Users/wgray13/projects/connectomics-survey/postanalysis/pdfs/files/doi_10.1038_s41467-025-62030-3.pdf,https://doi.org/10.1038/s41467-025-62030-3
work_958be63650186414,"PyReconstruct: A fully open-source, collaborative successor to Reconstruct",10.1073/pnas.2505822122,2025.0,"PyReconstruct: A fully open-source, collaborative successor to Reconstruct",10.1073/pnas.2505822122,1.0,doi,crossref,https://europepmc.org/articles/PMC12337286?pdf=render,downloaded,/Users/wgray13/projects/connectomics-survey/postanalysis/pdfs/files/doi_10.1073_pnas.2505822122.pdf,https://doi.org/10.1073/pnas.2505822122
work_97db5339b48de23b,What do the mushroom bodies do for the insect brain? Twenty-five years of progress,10.1101/lm.053827.123,2024.0,What do the mushroom bodies do for the insect brain? Twenty-five years of progress,10.1101/lm.053827.123,1.0,doi,crossref,https://europepmc.org/articles/PMC11199942?pdf=render,downloaded,/Users/wgray13/projects/connectomics-survey/postanalysis/pdfs/files/doi_10.1101_lm.053827.123.pdf,https://doi.org/10.1101/lm.053827.123
work_9b32917a4d853259,2015 Brainhack Proceedings,10.1186/s13742-016-0147-0,2016.0,Introduction to the 2015 Brainhack Proceedings,10.1186/s13742-016-0147-0,0.7222,doi,crossref,http://link.springer.com/content/pdf/10.1186/s13742-016-0147-0.pdf,downloaded,/Users/wgray13/projects/connectomics-survey/postanalysis/pdfs/files/doi_10.1186_s13742-016-0147-0.pdf,https://doi.org/10.1186/s13742-016-0147-0
work_9c0fed59f7a0812e,Regional variation in the organization and connectivity of the first synapse in the primate night vision pathway,10.1016/j.isci.2023.108113,2023.0,Regional variation in the organization and connectivity of the first synapse in the primate night vision pathway,10.1016/j.isci.2023.108113,1.0,doi,crossref,https://europepmc.org/articles/PMC10616377?pdf=render,downloaded,/Users/wgray13/projects/connectomics-survey/postanalysis/pdfs/files/doi_10.1016_j.isci.2023.108113.pdf,https://doi.org/10.1016/j.isci.2023.108113
work_a22edcbd132ca34a,Comparison of diffusion tractography and tract‐tracing measures of connectivity strength in rhesus macaque connectome,10.1002/hbm.22828,2015.0,Comparison of diffusion tractography and tract-tracing measures of connectivity strength in rhesus macaque connectome,10.1002/hbm.22828,0.9915,doi,crossref,https://europepmc.org/articles/PMC6869766?pdf=render,downloaded,/Users/wgray13/projects/connectomics-survey/postanalysis/pdfs/files/doi_10.1002_hbm.22828.pdf,https://doi.org/10.1002/hbm.22828
work_a29df339a1fb0da5,NeuroVerse: Immersive exploration of 3D ultrastructural brain reconstructions for education and collaborative analysis,10.1145/3665318.3677154,2024.0,NeuroVerse: Immersive exploration of 3D ultrastructural brain reconstructions for education and collaborative analysis,10.1145/3665318.3677154,,doi,crossref,https://dl.acm.org/doi/pdf/10.1145/3665318.3677154?download=true,downloaded,/Users/wgray13/projects/connectomics-survey/postanalysis/pdfs/files/doi_10.1145_3665318.3677154.pdf,https://doi.org/10.1145/3665318.3677154
work_a77b316df3ecbc0e,DRIFT-EM enables direct wafer retrieval of ultrathin serial sections for large-volume electron microscopy,10.1016/j.crmeth.2026.101429,2026.0,DRIFT-EM enables direct wafer retrieval of ultrathin serial sections for large-volume electron microscopy,10.1016/j.crmeth.2026.101429,1.0,doi,crossref,https://europepmc.org/articles/PMC13282653?pdf=render,downloaded,/Users/wgray13/projects/connectomics-survey/postanalysis/pdfs/files/doi_10.1016_j.crmeth.2026.101429.pdf,https://doi.org/10.1016/j.crmeth.2026.101429
work_acbd113b39b3e9ee,Synaptic counts approximate synaptic contact area in Drosophila,10.1371/journal.pone.0266064,2020.0,Synaptic counts approximate synaptic contact area in Drosophila,10.1371/journal.pone.0266064,1.0,doi,crossref,https://europepmc.org/articles/PMC8979427?pdf=render,downloaded,/Users/wgray13/projects/connectomics-survey/postanalysis/pdfs/files/doi_10.1371_journal.pone.0266064.pdf,https://doi.org/10.1371/journal.pone.0266064
work_ad4b69a298ffc313,Engrailed Alters the Specificity of Synaptic Connections of Drosophila Auditory Neurons with the Giant Fiber,10.1523/jneurosci.1939-14.2014,2014.0,Engrailed Alters the Specificity of Synaptic Connections of<i>Drosophila</i>Auditory Neurons with the Giant Fiber,10.1523/jneurosci.1939-14.2014,0.9593,doi,crossref,https://europepmc.org/articles/PMC4145173?pdf=render,downloaded,/Users/wgray13/projects/connectomics-survey/postanalysis/pdfs/files/doi_10.1523_jneurosci.1939-14.2014.pdf,https://doi.org/10.1523/jneurosci.1939-14.2014
work_ad7b99d70c070146,Exploring the retinal connectome,,2011.0,Exploring the retinal connectome.,10.3390/molecules17010355,1.0,title,europepmc,https://europepmc.org/articles/PMC3036568?pdf=render,downloaded,/Users/wgray13/projects/connectomics-survey/postanalysis/pdfs/files/pmid_21311605.pdf,https://pubmed.ncbi.nlm.nih.gov/21311605/
work_ae71590815fb9a2b,A Review of Intrinsic Optical Imaging Serial Blockface Histology (ICI-SBH) for Whole Rodent Brain Imaging,10.3390/photonics6020066,2019.0,A Review of Intrinsic Optical Imaging Serial Blockface Histology (ICI-SBH) for Whole Rodent Brain Imaging,10.3390/photonics6020066,,mdpi_article,crossref,https://pub.mdpi-res.com/photonics/photonics-06-00066/article_deploy/photonics-06-00066.pdf,downloaded,/Users/wgray13/projects/connectomics-survey/postanalysis/pdfs/files/doi_10.3390_photonics6020066.pdf,https://doi.org/10.3390/photonics6020066
work_ae9a3ca349c79d5b,Scalable Interactive Visualization for Connectomics,10.3390/informatics4030029,2017.0,Scalable Interactive Visualization for Connectomics,10.3390/informatics4030029,,doi,crossref,https://pub.mdpi-res.com/informatics/informatics-04-00029/article_deploy/informatics-04-00029.pdf,downloaded,/Users/wgray13/projects/connectomics-survey/postanalysis/pdfs/files/doi_10.3390_informatics4030029.pdf,https://doi.org/10.3390/informatics4030029
work_aea20c42d6eebc8d,Studying zebrafish nervous system structure and function in health and disease with electron microscopy,10.1111/dgd.12890,2023.0,Studying zebrafish nervous system structure and function in health and disease with electron microscopy,10.1111/dgd.12890,1.0,doi,crossref,https://europepmc.org/articles/PMC11520969?pdf=render,downloaded,/Users/wgray13/projects/connectomics-survey/postanalysis/pdfs/files/doi_10.1111_dgd.12890.pdf,https://doi.org/10.1111/dgd.12890
work_af073d72321fd44f,AD Pathology Spreading Detection Using Directional Motifs in Brain Connectomes,10.1002/alz.088834,2024.0,AD Pathology Spreading Detection Using Directional Motifs in Brain Connectomes,10.1002/alz.088834,1.0,doi,crossref,https://europepmc.org/articles/PMC11710655?pdf=render,downloaded,/Users/wgray13/projects/connectomics-survey/postanalysis/pdfs/files/doi_10.1002_alz.088834.pdf,https://doi.org/10.1002/alz.088834
work_b0b913e89cd26d7c,Directed stepwise tracing of polysynaptic neuronal circuits with replication-deficient pseudorabies virus,10.1016/j.crmeth.2023.100506,2023.0,Directed stepwise tracing of polysynaptic neuronal circuits with replication-deficient pseudorabies virus,10.1016/j.crmeth.2023.100506,1.0,doi,crossref,https://europepmc.org/articles/PMC10326449?pdf=render,downloaded,/Users/wgray13/projects/connectomics-survey/postanalysis/pdfs/files/doi_10.1016_j.crmeth.2023.100506.pdf,https://doi.org/10.1016/j.crmeth.2023.100506
work_b0ddf4ae8c7faf63,Neurotransmitter classification from electron microscopy images at synaptic sites in Drosophila melanogaster,10.1016/j.cell.2024.03.016,2020.0,Neurotransmitter classification from electron microscopy images at synaptic sites in Drosophila melanogaster,10.1016/j.cell.2024.03.016,1.0,doi,crossref,https://europepmc.org/articles/PMC11106717?pdf=render,downloaded,/Users/wgray13/projects/connectomics-survey/postanalysis/pdfs/files/doi_10.1016_j.cell.2024.03.016.pdf,https://doi.org/10.1016/j.cell.2024.03.016
work_b19047241efae5aa,Gap junctions in C. elegans: Their roles in behavior and development,10.1002/dneu.22408,2016.0,Gap junctions in <i>C. elegans</i>: Their roles in behavior and development,10.1002/dneu.22408,0.9504,doi,crossref,https://europepmc.org/articles/PMC5412865?pdf=render,downloaded,/Users/wgray13/projects/connectomics-survey/postanalysis/pdfs/files/doi_10.1002_dneu.22408.pdf,https://doi.org/10.1002/dneu.22408
work_b40a22a2240776e3,Enhancing Student Research Experiences with Open Data from the Allen Brain Map.,10.59390/nwxo4043,2022.0,Enhancing Student Research Experiences with Open Data from the Allen Brain Map,10.59390/nwxo4043,1.0,doi,crossref,https://europepmc.org/articles/PMC10653242?pdf=render,downloaded,/Users/wgray13/projects/connectomics-survey/postanalysis/pdfs/files/doi_10.59390_nwxo4043.pdf,https://doi.org/10.59390/nwxo4043
work_b4239a9a0f8af545,Neural mechanisms of dopamine function in learning and memory in Caenorhabditis elegans,10.1042/ns20230057,2023.0,Neural mechanisms of dopamine function in learning and memory in <i>Caenorhabditis elegans</i>,10.1042/ns20230057,0.9613,doi,crossref,https://europepmc.org/articles/PMC10987485?pdf=render,downloaded,/Users/wgray13/projects/connectomics-survey/postanalysis/pdfs/files/doi_10.1042_ns20230057.pdf,https://doi.org/10.1042/ns20230057
work_b5084356dd64493c,Unveiling the sensory and interneuronal pathways of the neuroendocrine connectome in Drosophila,10.7554/elife.65745,2021.0,Unveiling the sensory and interneuronal pathways of the neuroendocrine connectome in Drosophila,10.7554/elife.65745,1.0,doi,crossref,https://cdn.elifesciences.org/articles/65745/elife-65745-v1.pdf,downloaded,/Users/wgray13/projects/connectomics-survey/postanalysis/pdfs/files/doi_10.7554_elife.65745.pdf,https://doi.org/10.7554/elife.65745
work_b60404473cbd854e,The Stimulus Selectivity and Connectivity of Layer Six Principal Cells Reveals Cortical Microcircuits Underlying Visual Processing,10.1016/j.neuron.2014.08.001,2014.0,The Stimulus Selectivity and Connectivity of Layer Six Principal Cells Reveals Cortical Microcircuits Underlying Visual Processing,10.1016/j.neuron.2014.08.001,1.0,doi,crossref,https://europepmc.org/articles/PMC4175007?pdf=render,downloaded,/Users/wgray13/projects/connectomics-survey/postanalysis/pdfs/files/doi_10.1016_j.neuron.2014.08.001.pdf,https://doi.org/10.1016/j.neuron.2014.08.001
work_b8f2f5617e12eb28,Quantitative neuroanatomy for connectomics in Drosophila,10.7554/elife.12059,2015.0,Quantitative neuroanatomy for connectomics in Drosophila,10.7554/elife.12059,1.0,doi,crossref,https://cdn.elifesciences.org/articles/12059/elife-12059-v3.pdf,downloaded,/Users/wgray13/projects/connectomics-survey/postanalysis/pdfs/files/doi_10.7554_elife.12059.pdf,https://doi.org/10.7554/elife.12059
work_b93454c723b2401e,Translating single-neuron axonal reconstructions into meso-scale connectivity statistics in the mouse somatosensory thalamus,10.3389/fninf.2023.1272243,2023.0,Translating single-neuron axonal reconstructions into meso-scale connectivity statistics in the mouse somatosensory thalamus,10.3389/fninf.2023.1272243,1.0,doi,crossref,https://europepmc.org/articles/PMC10722239?pdf=render,downloaded,/Users/wgray13/projects/connectomics-survey/postanalysis/pdfs/files/doi_10.3389_fninf.2023.1272243.pdf,https://doi.org/10.3389/fninf.2023.1272243
work_bb38c758171f3527,NeuroMorphoVis: a collaborative framework for analysis and visualization of neuronal morphology skeletons reconstructed from microscopy stacks,10.1093/bioinformatics/bty231,2018.0,NeuroMorphoVis: a collaborative framework for analysis and visualization of neuronal morphology skeletons reconstructed from microscopy stacks,10.1093/bioinformatics/bty231,1.0,doi,crossref,https://europepmc.org/articles/PMC6022592?pdf=render,downloaded,/Users/wgray13/projects/connectomics-survey/postanalysis/pdfs/files/doi_10.1093_bioinformatics_bty231.pdf,https://doi.org/10.1093/bioinformatics/bty231
work_bbfd25e70010781f,Specific inhibition and disinhibition in the higher-order structure of a cortical connectome,10.1093/cercor/bhae433,2024.0,Specific inhibition and disinhibition in the higher-order structure of a cortical connectome,10.1093/cercor/bhae433,1.0,doi,crossref,https://europepmc.org/articles/PMC11551764?pdf=render,downloaded,/Users/wgray13/projects/connectomics-survey/postanalysis/pdfs/files/doi_10.1093_cercor_bhae433.pdf,https://doi.org/10.1093/cercor/bhae433
work_bd659575fd047af2,Conditional Ablation of Neuroprogenitor Cells in Adult Mice Impedes Recovery of Poststroke Cognitive Function and Reduces Synaptic Connectivity in the Perforant Pathway,10.1523/jneurosci.2129-13.2013,2013.0,Conditional Ablation of Neuroprogenitor Cells in Adult Mice Impedes Recovery of Poststroke Cognitive Function and Reduces Synaptic Connectivity in the Perforant Pathway,10.1523/jneurosci.2129-13.2013,1.0,doi,crossref,https://europepmc.org/articles/PMC3812503?pdf=render,downloaded,/Users/wgray13/projects/connectomics-survey/postanalysis/pdfs/files/doi_10.1523_jneurosci.2129-13.2013.pdf,https://doi.org/10.1523/jneurosci.2129-13.2013
work_bdba9e4ffa08287b,Building and Integrating Brain-Wide Maps of Nervous System Function in Invertebrates,10.1016/j.conb.2024.102868,2024.0,Building and integrating brain-wide maps of nervous system function in invertebrates,10.1016/j.conb.2024.102868,1.0,doi,crossref,https://europepmc.org/articles/PMC11594635?pdf=render,downloaded,/Users/wgray13/projects/connectomics-survey/postanalysis/pdfs/files/doi_10.1016_j.conb.2024.102868.pdf,https://doi.org/10.1016/j.conb.2024.102868
work_be15f7c0b74bcf9f,Functional Connectome Analysis of Dopamine Neuron Glutamatergic Connections in Forebrain Regions,10.1523/jneurosci.1674-15.2015,2015.0,Functional Connectome Analysis of Dopamine Neuron Glutamatergic Connections in Forebrain Regions,10.1523/jneurosci.1674-15.2015,1.0,doi,crossref,https://europepmc.org/articles/PMC4682788?pdf=render,downloaded,/Users/wgray13/projects/connectomics-survey/postanalysis/pdfs/files/doi_10.1523_jneurosci.1674-15.2015.pdf,https://doi.org/10.1523/jneurosci.1674-15.2015
work_beb149e7e1eaddc1,Neurons Underlying Aggression-Like Actions That Are Shared by Both Males and Females in Drosophila,10.1523/jneurosci.0142-24.2024,2024.0,"Neurons Underlying Aggression-Like Actions That Are Shared by Both Males and Females in
                    <i>Drosophila</i>",10.1523/jneurosci.0142-24.2024,0.9655,doi,crossref,https://europepmc.org/articles/PMC11529818?pdf=render,downloaded,/Users/wgray13/projects/connectomics-survey/postanalysis/pdfs/files/doi_10.1523_jneurosci.0142-24.2024.pdf,https://doi.org/10.1523/jneurosci.0142-24.2024
work_bfa5881831a8dcff,Morphology and Physiology of Excitatory Neurons in Layer 6b of the Somatosensory Rat Barrel Cortex,10.1093/cercor/bhs254,2012.0,Morphology and Physiology of Excitatory Neurons in Layer 6b of the Somatosensory Rat Barrel Cortex,10.1093/cercor/bhs254,1.0,doi,crossref,https://europepmc.org/articles/PMC3827708?pdf=render,downloaded,/Users/wgray13/projects/connectomics-survey/postanalysis/pdfs/files/doi_10.1093_cercor_bhs254.pdf,https://doi.org/10.1093/cercor/bhs254
work_bfb1ab1a97c0b3f6,Organization of the Drosophila larval visual circuit,10.7554/elife.28387,2017.0,Organization of the Drosophila larval visual circuit,10.7554/elife.28387,1.0,doi,crossref,https://cdn.elifesciences.org/articles/28387/elife-28387-v2.pdf,downloaded,/Users/wgray13/projects/connectomics-survey/postanalysis/pdfs/files/doi_10.7554_elife.28387.pdf,https://doi.org/10.7554/elife.28387
work_bff85c7a83fb9eac,Nonsynaptic Transmission Mediates Light Context-Dependent Odor Responses in Drosophila melanogaster,10.1523/jneurosci.1106-22.2022,2022.0,Nonsynaptic Transmission Mediates Light Context-Dependent Odor Responses in<i>Drosophila melanogaster</i>,10.1523/jneurosci.1106-22.2022,0.9608,doi,crossref,https://europepmc.org/articles/PMC9671575?pdf=render,downloaded,/Users/wgray13/projects/connectomics-survey/postanalysis/pdfs/files/doi_10.1523_jneurosci.1106-22.2022.pdf,https://doi.org/10.1523/jneurosci.1106-22.2022
work_c0291cd6d5d32157,BRAIN Initiative: Cutting-Edge Tools and Resources for the Community,10.1523/jneurosci.1169-19.2019,2019.0,BRAIN Initiative: Cutting-Edge Tools and Resources for the Community,10.1523/jneurosci.1169-19.2019,1.0,doi,crossref,https://europepmc.org/articles/PMC6794930?pdf=render,downloaded,/Users/wgray13/projects/connectomics-survey/postanalysis/pdfs/files/doi_10.1523_jneurosci.1169-19.2019.pdf,https://doi.org/10.1523/jneurosci.1169-19.2019
work_c0c6e627665cfab2,Rod-Cone Crossover Connectome of Mammalian Bipolar Cells,10.1002/cne.24084,2016.0,Rod‐cone crossover connectome of mammalian bipolar cells,10.1002/cne.24084,0.9821,doi,crossref,https://europepmc.org/articles/PMC5823792?pdf=render,downloaded,/Users/wgray13/projects/connectomics-survey/postanalysis/pdfs/files/doi_10.1002_cne.24084.pdf,https://doi.org/10.1002/cne.24084
work_c25a5e51b5abfb6d,Filling the gap: adding super-resolution to array tomography for correlated ultrastructural and molecular identification of electrical synapses at the C. elegans connectome,10.1117/1.nph.3.4.041802,2016.0,Filling the gap: adding super-resolution to array tomography for correlated ultrastructural and molecular identification of electrical synapses at the<i>C. elegans</i>connectome,10.1117/1.nph.3.4.041802,0.9741,doi,crossref,https://europepmc.org/articles/PMC4855082?pdf=render,downloaded,/Users/wgray13/projects/connectomics-survey/postanalysis/pdfs/files/doi_10.1117_1.nph.3.4.041802.pdf,https://doi.org/10.1117/1.nph.3.4.041802
work_c5aa0e100cacef51,Visual physiology of the layer 4 cortical circuit in silico,10.1371/journal.pcbi.1006535,2018.0,Visual physiology of the layer 4 cortical circuit in silico,10.1371/journal.pcbi.1006535,1.0,doi,crossref,https://europepmc.org/articles/PMC6258373?pdf=render,downloaded,/Users/wgray13/projects/connectomics-survey/postanalysis/pdfs/files/doi_10.1371_journal.pcbi.1006535.pdf,https://doi.org/10.1371/journal.pcbi.1006535
work_c651e11769e268da,An Adversarial and Densely Dilated Network for Connectomes Segmentation,10.3390/sym10100467,2018.0,An Adversarial and Densely Dilated Network for Connectomes Segmentation,10.3390/sym10100467,,doi,crossref,https://pub.mdpi-res.com/symmetry/symmetry-10-00467/article_deploy/symmetry-10-00467.pdf,downloaded,/Users/wgray13/projects/connectomics-survey/postanalysis/pdfs/files/doi_10.3390_sym10100467.pdf,https://doi.org/10.3390/sym10100467
work_c7afd5ff001a1245,Perineuronal Net Microscopy: From Brain Pathology to Artificial Intelligence,10.3390/ijms25084227,2024.0,Perineuronal Net Microscopy: From Brain Pathology to Artificial Intelligence,10.3390/ijms25084227,1.0,doi,crossref,https://europepmc.org/articles/PMC11049984?pdf=render,downloaded,/Users/wgray13/projects/connectomics-survey/postanalysis/pdfs/files/doi_10.3390_ijms25084227.pdf,https://doi.org/10.3390/ijms25084227
work_c824929fe19c5390,P11.62.A The link between gliomas infiltrationandwhite matter architecture investigated with electron microscopy and diffusion tensor imaging,10.1093/neuonc/noac174.251,2022.0,P11.62.A The link between gliomas infiltrationandwhite matter architecture investigated with electron microscopy and diffusion tensor imaging,10.1093/neuonc/noac174.251,1.0,doi,crossref,https://europepmc.org/articles/PMC9443349?pdf=render,downloaded,/Users/wgray13/projects/connectomics-survey/postanalysis/pdfs/files/doi_10.1093_neuonc_noac174.251.pdf,https://doi.org/10.1093/neuonc/noac174.251
work_caba1149824d992a,Comparative connectomics of two distantly related nematode species reveals patterns of nervous system evolution,10.1126/science.adx2143,2025.0,Comparative connectomics of two distantly related nematode species reveals patterns of nervous system evolution,10.1126/science.adx2143,1.0,doi,crossref,https://europepmc.org/articles/PMC12330220?pdf=render,downloaded,/Users/wgray13/projects/connectomics-survey/postanalysis/pdfs/files/doi_10.1126_science.adx2143.pdf,https://doi.org/10.1126/science.adx2143
work_cc93f37d9cda41ed,Neuronal classification from network connectivity via adjacency spectral embedding,10.1162/netn_a_00195,2020.0,Neuronal classification from network connectivity via adjacency spectral embedding,10.1162/netn_a_00195,1.0,doi,crossref,https://europepmc.org/articles/PMC8567830?pdf=render,downloaded,/Users/wgray13/projects/connectomics-survey/postanalysis/pdfs/files/doi_10.1162_netn_a_00195.pdf,https://doi.org/10.1162/netn_a_00195
work_cccecad214653fb7,Sensorimotor integration in Caenorhabditis elegans: a reappraisal towards dynamic and distributed computations,10.1098/rstb.2017.0371,2018.0,"Sensorimotor integration in
                    <i>Caenorhabditis elegans</i>
                    : a reappraisal towards dynamic and distributed computations",10.1098/rstb.2017.0371,0.9689,doi,crossref,https://europepmc.org/articles/PMC6158224?pdf=render,downloaded,/Users/wgray13/projects/connectomics-survey/postanalysis/pdfs/files/doi_10.1098_rstb.2017.0371.pdf,https://doi.org/10.1098/rstb.2017.0371
work_d0cb089a1b552d5f,A Transcriptome Community-and-Module Approach of the Human Mesoconnectome,10.3390/e23081031,2021.0,A Transcriptome Community-and-Module Approach of the Human Mesoconnectome,10.3390/e23081031,1.0,doi,crossref,https://europepmc.org/articles/PMC8393183?pdf=render,downloaded,/Users/wgray13/projects/connectomics-survey/postanalysis/pdfs/files/doi_10.3390_e23081031.pdf,https://doi.org/10.3390/e23081031
work_d1dfe00be00c93cb,Connectomics of the zebrafish's lateral-line neuromast reveals wiring and miswiring in a simple microcircuit,10.7554/elife.33988,2018.0,Connectomics of the zebrafish's lateral-line neuromast reveals wiring and miswiring in a simple microcircuit,10.7554/elife.33988,1.0,doi,crossref,https://cdn.elifesciences.org/articles/33988/elife-33988-v1.pdf,downloaded,/Users/wgray13/projects/connectomics-survey/postanalysis/pdfs/files/doi_10.7554_elife.33988.pdf,https://doi.org/10.7554/elife.33988
work_d21c268780bf38d6,"Information flow, cell types and stereotypy in a full olfactory connectome",10.7554/elife.66018,2020.0,"Information flow, cell types and stereotypy in a full olfactory connectome",10.7554/elife.66018,1.0,doi,crossref,https://cdn.elifesciences.org/articles/66018/elife-66018-v2.pdf,downloaded,/Users/wgray13/projects/connectomics-survey/postanalysis/pdfs/files/doi_10.7554_elife.66018.pdf,https://doi.org/10.7554/elife.66018
work_d2df514fdb3df8f0,Volume electron microscopy for neuronal circuit reconstruction.,10.1016/j.conb.2011.10.022,2012.0,Volume electron microscopy for neuronal circuit reconstruction,10.1016/j.conb.2011.10.022,1.0,doi,crossref,https://zenodo.org/record/1258851/files/article.pdf,downloaded,/Users/wgray13/projects/connectomics-survey/postanalysis/pdfs/files/doi_10.1016_j.conb.2011.10.022.pdf,https://doi.org/10.1016/j.conb.2011.10.022
work_d3a28ecbfb6e7ac0,Methods to investigate the structure and connectivity of the nervous system,10.1080/19336934.2017.1295189,2017.0,Methods to investigate the structure and connectivity of the nervous system,10.1080/19336934.2017.1295189,1.0,doi,crossref,https://europepmc.org/articles/PMC5552278?pdf=render,downloaded,/Users/wgray13/projects/connectomics-survey/postanalysis/pdfs/files/doi_10.1080_19336934.2017.1295189.pdf,https://doi.org/10.1080/19336934.2017.1295189
work_d5c8af4726aacdfa,The Concept of «Peritumoral Zone» in Diffuse Low-Grade Gliomas: Oncological and Functional Implications for a Connectome-Guided Therapeutic Attitude,10.3390/brainsci12040504,2022.0,The Concept of «Peritumoral Zone» in Diffuse Low-Grade Gliomas: Oncological and Functional Implications for a Connectome-Guided Therapeutic Attitude,10.3390/brainsci12040504,1.0,doi,crossref,https://europepmc.org/articles/PMC9032126?pdf=render,downloaded,/Users/wgray13/projects/connectomics-survey/postanalysis/pdfs/files/doi_10.3390_brainsci12040504.pdf,https://doi.org/10.3390/brainsci12040504
work_d63621d00ed628b6,Cell Type–Specific Three-Dimensional Structure of Thalamocortical Circuits in a Column of Rat Vibrissal Cortex,10.1093/cercor/bhr317,2011.0,Cell Type–Specific Three-Dimensional Structure of Thalamocortical Circuits in a Column of Rat Vibrissal Cortex,10.1093/cercor/bhr317,1.0,doi,crossref,https://europepmc.org/articles/PMC3432239?pdf=render,downloaded,/Users/wgray13/projects/connectomics-survey/postanalysis/pdfs/files/doi_10.1093_cercor_bhr317.pdf,https://doi.org/10.1093/cercor/bhr317
work_d650e408871e043e,Long-range circuit of the mouse spinal trigeminal nucleus caudalis,10.1186/s10194-026-02380-5,2026.0,Long-range circuit of the mouse spinal trigeminal nucleus caudalis,10.1186/s10194-026-02380-5,1.0,doi,crossref,https://link.springer.com/content/pdf/10.1186/s10194-026-02380-5.pdf,downloaded,/Users/wgray13/projects/connectomics-survey/postanalysis/pdfs/files/doi_10.1186_s10194-026-02380-5.pdf,https://doi.org/10.1186/s10194-026-02380-5
work_dbbbdb49a3ef71f8,Sexual dimorphism in the nervous system: Three principles from the nematode C. elegans,10.1016/j.conb.2026.103175,2026.0,Sexual dimorphism in the nervous system: Three principles from the nematode C. elegans,10.1016/j.conb.2026.103175,1.0,doi,crossref,https://europepmc.org/articles/PMC13170803?pdf=render,downloaded,/Users/wgray13/projects/connectomics-survey/postanalysis/pdfs/files/doi_10.1016_j.conb.2026.103175.pdf,https://doi.org/10.1016/j.conb.2026.103175
work_dd660fdf69e31563,Computational Inference of Synaptic Polarities in Neuronal Networks,10.1002/advs.202104906,2022.0,Computational Inference of Synaptic Polarities in Neuronal Networks,10.1002/advs.202104906,1.0,doi,crossref,https://europepmc.org/articles/PMC9165506?pdf=render,downloaded,/Users/wgray13/projects/connectomics-survey/postanalysis/pdfs/files/doi_10.1002_advs.202104906.pdf,https://doi.org/10.1002/advs.202104906
work_df04a73501872e4e,The cellular architecture of memory modules in Drosophila supports stochastic input integration,10.7554/elife.77578,2023.0,The cellular architecture of memory modules in Drosophila supports stochastic input integration,10.7554/elife.77578,1.0,doi,crossref,https://cdn.elifesciences.org/articles/77578/elife-77578-v4.pdf,downloaded,/Users/wgray13/projects/connectomics-survey/postanalysis/pdfs/files/doi_10.7554_elife.77578.pdf,https://doi.org/10.7554/elife.77578
work_df48e1069956b586,Mapping of Multiple Neurotransmitter Receptor Subtypes and Distinct Protein Complexes to the Connectome,10.1016/j.neuron.2023.12.014,2024.0,Mapping of multiple neurotransmitter receptor subtypes and distinct protein complexes to the connectome,10.1016/j.neuron.2023.12.014,1.0,doi,crossref,https://europepmc.org/articles/PMC10957333?pdf=render,downloaded,/Users/wgray13/projects/connectomics-survey/postanalysis/pdfs/files/doi_10.1016_j.neuron.2023.12.014.pdf,https://doi.org/10.1016/j.neuron.2023.12.014
work_dfec357d43d6ed5e,Massive Data Management and Sharing Module for Connectome Reconstruction,10.3390/brainsci10050314,2020.0,Massive Data Management and Sharing Module for Connectome Reconstruction,10.3390/brainsci10050314,1.0,doi,crossref,https://europepmc.org/articles/PMC7288162?pdf=render,downloaded,/Users/wgray13/projects/connectomics-survey/postanalysis/pdfs/files/doi_10.3390_brainsci10050314.pdf,https://doi.org/10.3390/brainsci10050314
work_e2c6961ec9c7fead,NPY-mediated synaptic plasticity in the extended amygdala prioritizes feeding during starvation,10.1038/s41467-024-49766-0,2024.0,NPY-mediated synaptic plasticity in the extended amygdala prioritizes feeding during starvation,10.1038/s41467-024-49766-0,1.0,doi,crossref,https://www.nature.com/articles/s41467-024-49766-0.pdf,downloaded,/Users/wgray13/projects/connectomics-survey/postanalysis/pdfs/files/doi_10.1038_s41467-024-49766-0.pdf,https://doi.org/10.1038/s41467-024-49766-0
work_e2cb4f4ec9b85555,V3D enables real-time 3D visualization and quantitative analysis of large-scale biological image data sets,10.1038/nbt.1612,2010.0,V3D enables real-time 3D visualization and quantitative analysis of large-scale biological image data sets,10.1038/nbt.1612,1.0,doi,crossref,https://europepmc.org/articles/pmc2857929?pdf=render,downloaded,/Users/wgray13/projects/connectomics-survey/postanalysis/pdfs/files/doi_10.1038_nbt.1612.pdf,https://doi.org/10.1038/nbt.1612
work_e3277619bfed476c,Mapping brain asymmetry in health and disease through the ENIGMA consortium,10.1002/hbm.25033,2019.0,Mapping brain asymmetry in health and disease through the <scp>ENIGMA</scp> consortium,10.1002/hbm.25033,0.9317,doi,crossref,https://europepmc.org/articles/PMC8675409?pdf=render,downloaded,/Users/wgray13/projects/connectomics-survey/postanalysis/pdfs/files/doi_10.1002_hbm.25033.pdf,https://doi.org/10.1002/hbm.25033
work_e4ddb9363ec5d96d,A quick and versatile protocol for the 3D visualization of transgene expression across the whole body of larval Drosophila,10.1080/01677063.2021.1892096,2021.0,"A quick and versatile protocol for the 3D visualization of transgene expression across the whole body of larval
                    <i>Drosophila</i>",10.1080/01677063.2021.1892096,0.9721,doi,crossref,https://www.tandfonline.com/doi/pdf/10.1080/01677063.2021.1892096,downloaded,/Users/wgray13/projects/connectomics-survey/postanalysis/pdfs/files/doi_10.1080_01677063.2021.1892096.pdf,https://doi.org/10.1080/01677063.2021.1892096
work_e68322887b81111b,Sparse imaging and reconstruction tomography for high-speed high-resolution whole-brain imaging,10.1016/j.crmeth.2021.100089,2021.0,Sparse imaging and reconstruction tomography for high-speed high-resolution whole-brain imaging,10.1016/j.crmeth.2021.100089,1.0,doi,crossref,https://europepmc.org/articles/PMC9017159?pdf=render,downloaded,/Users/wgray13/projects/connectomics-survey/postanalysis/pdfs/files/doi_10.1016_j.crmeth.2021.100089.pdf,https://doi.org/10.1016/j.crmeth.2021.100089
work_e9d8ca26efe55228,A recurrent neural circuit in Drosophila temporally sharpens visual inputs,10.1016/j.cub.2024.11.064,2024.0,A recurrent neural circuit in Drosophila temporally sharpens visual inputs,10.1016/j.cub.2024.11.064,1.0,doi,crossref,https://europepmc.org/articles/PMC11769683?pdf=render,downloaded,/Users/wgray13/projects/connectomics-survey/postanalysis/pdfs/files/doi_10.1016_j.cub.2024.11.064.pdf,https://doi.org/10.1016/j.cub.2024.11.064
work_ea0df73c9f835456,Courtship behavior in Drosophila melanogaster: towards a ‘courtship connectome’,10.1016/j.conb.2012.09.002,2013.0,Courtship behavior in Drosophila melanogaster: towards a ‘courtship connectome’,10.1016/j.conb.2012.09.002,1.0,doi,crossref,https://europepmc.org/articles/PMC3563961?pdf=render,downloaded,/Users/wgray13/projects/connectomics-survey/postanalysis/pdfs/files/doi_10.1016_j.conb.2012.09.002.pdf,https://doi.org/10.1016/j.conb.2012.09.002
work_ed1105fea494cf4f,Where Top-Down Meets Bottom-Up: Cell-Type Specific Connectivity Map of the Whisker System,10.1007/s12021-024-09658-6,2024.0,Where Top-Down Meets Bottom-Up: Cell-Type Specific Connectivity Map of the Whisker System,10.1007/s12021-024-09658-6,1.0,doi,crossref,https://link.springer.com/content/pdf/10.1007/s12021-024-09658-6.pdf,downloaded,/Users/wgray13/projects/connectomics-survey/postanalysis/pdfs/files/doi_10.1007_s12021-024-09658-6.pdf,https://doi.org/10.1007/s12021-024-09658-6
work_ee5b7f908c56d881,Functional connectomics spanning multiple areas of mouse visual cortex,10.1038/s41586-025-08790-w,2021.0,Functional connectomics spanning multiple areas of mouse visual cortex,10.1038/s41586-025-08790-w,1.0,doi,crossref,https://www.nature.com/articles/s41586-025-08790-w.pdf,downloaded,/Users/wgray13/projects/connectomics-survey/postanalysis/pdfs/files/doi_10.1038_s41586-025-08790-w.pdf,https://doi.org/10.1038/s41586-025-08790-w
work_efc0158084170b5d,Digging Deep into Alzheimer Disease: How Electron Microscopy Helps Elucidating Its Pathogenesis,10.1007/s10571-026-01676-z,2026.0,Digging Deep into Alzheimer Disease: How Electron Microscopy Helps Elucidating Its Pathogenesis,10.1007/s10571-026-01676-z,1.0,doi,crossref,https://link.springer.com/content/pdf/10.1007/s10571-026-01676-z.pdf,downloaded,/Users/wgray13/projects/connectomics-survey/postanalysis/pdfs/files/doi_10.1007_s10571-026-01676-z.pdf,https://doi.org/10.1007/s10571-026-01676-z
work_f042760cc79f80e4,How innovations in methodology offer new prospects for volume electron microscopy,10.1111/jmi.13134,2022.0,How innovations in methodology offer new prospects for volume electron microscopy,10.1111/jmi.13134,1.0,doi,crossref,https://europepmc.org/articles/PMC9546337?pdf=render,downloaded,/Users/wgray13/projects/connectomics-survey/postanalysis/pdfs/files/doi_10.1111_jmi.13134.pdf,https://doi.org/10.1111/jmi.13134
work_f0439b44f01e4c2f,"Using BossDB Tools to Access, Visualize, and Share Volumetric Neuroscience Data",10.1002/cpz1.70247,2025.0,"Using BossDB Tools to Access, Visualize, and Share Volumetric Neuroscience Data",10.1002/cpz1.70247,1.0,doi,crossref,https://europepmc.org/articles/PMC12560848?pdf=render,downloaded,/Users/wgray13/projects/connectomics-survey/postanalysis/pdfs/files/doi_10.1002_cpz1.70247.pdf,https://doi.org/10.1002/cpz1.70247
work_f071283c3295aa52,Permeabilization-free en bloc immunohistochemistry for correlative microscopy,10.7554/elife.63392,2020.0,Permeabilization-free en bloc immunohistochemistry for correlative microscopy,10.7554/elife.63392,1.0,doi,crossref,https://cdn.elifesciences.org/articles/63392/elife-63392-v2.pdf,downloaded,/Users/wgray13/projects/connectomics-survey/postanalysis/pdfs/files/doi_10.7554_elife.63392.pdf,https://doi.org/10.7554/elife.63392
work_f0afa8050fa1b3ad,Analysis of Synaptic Microcircuits in the Mushroom Bodies of the Honeybee,10.3390/insects11010043,2020.0,Analysis of Synaptic Microcircuits in the Mushroom Bodies of the Honeybee,10.3390/insects11010043,1.0,doi,crossref,https://europepmc.org/articles/PMC7023465?pdf=render,downloaded,/Users/wgray13/projects/connectomics-survey/postanalysis/pdfs/files/doi_10.3390_insects11010043.pdf,https://doi.org/10.3390/insects11010043
work_f104e8c98ee2c0bf,Connectomics of the Octopus vulgaris vertical lobe provides insight into conserved and novel principles of a memory acquisition network,10.7554/elife.84257,2022.0,Connectomics of the Octopus vulgaris vertical lobe provides insight into conserved and novel principles of a memory acquisition network,10.7554/elife.84257,1.0,doi,crossref,https://cdn.elifesciences.org/articles/84257/elife-84257-v1.pdf,downloaded,/Users/wgray13/projects/connectomics-survey/postanalysis/pdfs/files/doi_10.7554_elife.84257.pdf,https://doi.org/10.7554/elife.84257
work_f19f3a96e8b3ed79,Imprecision in Vision: Lessons From Neural Circuits in the Fly,10.1002/bies.70122,2026.0,Imprecision in Vision: Lessons From Neural Circuits in the Fly,10.1002/bies.70122,1.0,doi,crossref,https://europepmc.org/articles/PMC12957902?pdf=render,downloaded,/Users/wgray13/projects/connectomics-survey/postanalysis/pdfs/files/doi_10.1002_bies.70122.pdf,https://doi.org/10.1002/bies.70122
work_f1b0eaa20441d8c2,Learning and memory using Drosophila melanogaster: a focus on advances made in the fifth decade of research,10.1093/genetics/iyad085,2023.0,"Learning and memory using
                    <i>Drosophila melanogaster</i>
                    : a focus on advances made in the fifth decade of research",10.1093/genetics/iyad085,0.968,doi,crossref,https://europepmc.org/articles/PMC10411608?pdf=render,downloaded,/Users/wgray13/projects/connectomics-survey/postanalysis/pdfs/files/doi_10.1093_genetics_iyad085.pdf,https://doi.org/10.1093/genetics/iyad085
work_f309e0f9912def93,The mysterious middlemen making your vision pop: understanding the function of amacrine cells,10.1113/jp287958,2025.0,The mysterious middlemen making your vision pop: understanding the function of amacrine cells,10.1113/jp287958,1.0,doi,crossref,https://europepmc.org/articles/PMC12576312?pdf=render,downloaded,/Users/wgray13/projects/connectomics-survey/postanalysis/pdfs/files/doi_10.1113_jp287958.pdf,https://doi.org/10.1113/jp287958
work_f408a5a1c2e5bc4d,"Network inference from short, noisy, low time-resolution, partial measurements: Application to C. elegans neuronal calcium dynamics",10.1073/pnas.2216030120,2023.0,"Network inference from short, noisy, low time-resolution, partial measurements: Application to
                    <i>C. elegans</i>
                    neuronal calcium dynamics",10.1073/pnas.2216030120,0.9732,doi,crossref,https://europepmc.org/articles/PMC10041139?pdf=render,downloaded,/Users/wgray13/projects/connectomics-survey/postanalysis/pdfs/files/doi_10.1073_pnas.2216030120.pdf,https://doi.org/10.1073/pnas.2216030120
work_f4edb80932b50e64,Using high-throughput barcode sequencing to efficiently map connectomes,10.1093/nar/gkx292,2017.0,Using high-throughput barcode sequencing to efficiently map connectomes,10.1093/nar/gkx292,1.0,doi,crossref,https://europepmc.org/articles/PMC5499584?pdf=render,downloaded,/Users/wgray13/projects/connectomics-survey/postanalysis/pdfs/files/doi_10.1093_nar_gkx292.pdf,https://doi.org/10.1093/nar/gkx292
work_f568e1792e2e09e3,Regulation of Synaptic Connectivity: Levels of Fasciclin II Influence Synaptic Growth in the Drosophila CNS,10.1523/jneurosci.22-15-06587.2002,2002.0,Regulation of Synaptic Connectivity: Levels of Fasciclin II Influence Synaptic Growth in the<i>Drosophila</i>CNS,10.1523/jneurosci.22-15-06587.2002,0.9585,doi,crossref,https://europepmc.org/articles/PMC6758157?pdf=render,downloaded,/Users/wgray13/projects/connectomics-survey/postanalysis/pdfs/files/doi_10.1523_jneurosci.22-15-06587.2002.pdf,https://doi.org/10.1523/jneurosci.22-15-06587.2002
work_f61a827d3dfb1b1f,Transgenic targeting of recombinant rabies virus reveals monosynaptic connectivity of specific neurons,10.1523/jneurosci.2442-10.2010,2010.0,Transgenic Targeting of Recombinant Rabies Virus Reveals Monosynaptic Connectivity of Specific Neurons,10.1523/jneurosci.2442-10.2010,1.0,doi,crossref,https://europepmc.org/articles/PMC3313909?pdf=render,downloaded,/Users/wgray13/projects/connectomics-survey/postanalysis/pdfs/files/doi_10.1523_jneurosci.2442-10.2010.pdf,https://doi.org/10.1523/jneurosci.2442-10.2010
work_f6a724d5a8e21371,Do Perineuronal Nets Stabilize the Engram of a Synaptic Circuit?,10.3390/cells13191627,2024.0,Do Perineuronal Nets Stabilize the Engram of a Synaptic Circuit?,10.3390/cells13191627,1.0,doi,crossref,https://europepmc.org/articles/PMC11476018?pdf=render,downloaded,/Users/wgray13/projects/connectomics-survey/postanalysis/pdfs/files/doi_10.3390_cells13191627.pdf,https://doi.org/10.3390/cells13191627
work_f6d37f1af73ffaef,Clues to basis of exploratory behaviour of the C. elegans snout from head somatotropy,10.1098/rstb.2017.0367,2018.0,"Clues to basis of exploratory behaviour of the
                    <i>C. elegans</i>
                    snout from head somatotropy",10.1098/rstb.2017.0367,0.9605,doi,crossref,https://europepmc.org/articles/PMC6158226?pdf=render,downloaded,/Users/wgray13/projects/connectomics-survey/postanalysis/pdfs/files/doi_10.1098_rstb.2017.0367.pdf,https://doi.org/10.1098/rstb.2017.0367
work_f89235b38a4cc138,"Volume Electron Microscopy: Imaging Principles, Computational Advances and Applications in Multi-Scale Biological System",10.3390/cryst16010014,2025.0,"Volume Electron Microscopy: Imaging Principles, Computational Advances and Applications in Multi-Scale Biological System",10.3390/cryst16010014,,doi,crossref,https://pub.mdpi-res.com/crystals/crystals-16-00014/article_deploy/crystals-16-00014.pdf,downloaded,/Users/wgray13/projects/connectomics-survey/postanalysis/pdfs/files/doi_10.3390_cryst16010014.pdf,https://doi.org/10.3390/cryst16010014
work_f92a699ce1155d96,The Cerebellar Connectome,10.1007/s12311-026-02042-x,2026.0,The Cerebellar Connectome,10.1007/s12311-026-02042-x,1.0,doi,crossref,https://link.springer.com/content/pdf/10.1007/s12311-026-02042-x.pdf,downloaded,/Users/wgray13/projects/connectomics-survey/postanalysis/pdfs/files/doi_10.1007_s12311-026-02042-x.pdf,https://doi.org/10.1007/s12311-026-02042-x
work_f9b44f50d727179b,Comparative connectomics reveals noncanonical wiring for color vision in human foveal retina,10.1073/pnas.2300545120,2023.0,Comparative connectomics reveals noncanonical wiring for color vision in human foveal retina,10.1073/pnas.2300545120,1.0,doi,crossref,https://europepmc.org/articles/PMC10160961?pdf=render,downloaded,/Users/wgray13/projects/connectomics-survey/postanalysis/pdfs/files/doi_10.1073_pnas.2300545120.pdf,https://doi.org/10.1073/pnas.2300545120
work_fac9c19041b2d700,A Personalized Longitudinal Strategy in Low-Grade Glioma Patients: Predicting Oncological and Neural Interindividual Variability and Its Changes over Years to Think One Step Ahead,10.3390/jpm12101621,2022.0,A Personalized Longitudinal Strategy in Low-Grade Glioma Patients: Predicting Oncological and Neural Interindividual Variability and Its Changes over Years to Think One Step Ahead,10.3390/jpm12101621,1.0,doi,crossref,https://europepmc.org/articles/PMC9604939?pdf=render,downloaded,/Users/wgray13/projects/connectomics-survey/postanalysis/pdfs/files/doi_10.3390_jpm12101621.pdf,https://doi.org/10.3390/jpm12101621
work_fad6bcb8cc06156d,Signaling Connectomics: A Brain-wide Framework for Intercellular Communication,10.5607/en26005,2026.0,Signaling Connectomics: A Brain-wide Framework for Intercellular Communication,10.5607/en26005,1.0,doi,crossref,https://pdf.medrang.co.kr/EN/2026/035/en-35-3-125.pdf,downloaded,/Users/wgray13/projects/connectomics-survey/postanalysis/pdfs/files/doi_10.5607_en26005.pdf,https://doi.org/10.5607/en26005
work_fbbefa269e5d69ec,EM connectomics reveals axonal target variation in a sequence-generating network,10.7554/elife.24364,2017.0,EM connectomics reveals axonal target variation in a sequence-generating network,10.7554/elife.24364,1.0,doi,crossref,https://cdn.elifesciences.org/articles/24364/elife-24364-v2.pdf,downloaded,/Users/wgray13/projects/connectomics-survey/postanalysis/pdfs/files/doi_10.7554_elife.24364.pdf,https://doi.org/10.7554/elife.24364
work_fe49e59ae535ce32,Developmental control of lateralized neuron size in the nematode Caenorhabditis elegans,10.1186/1749-8104-5-33,2010.0,Developmental control of lateralized neuron size in the nematode Caenorhabditis elegans,10.1186/1749-8104-5-33,1.0,doi,crossref,https://link.springer.com/content/pdf/10.1186/1749-8104-5-33.pdf,downloaded,/Users/wgray13/projects/connectomics-survey/postanalysis/pdfs/files/doi_10.1186_1749-8104-5-33.pdf,https://doi.org/10.1186/1749-8104-5-33
work_75371f7313f33c66,Synaptic-resolution connectomics: towards large brains and connectomic screening,10.1038/s41583-025-00998-z,2025.0,Synaptic-resolution connectomics: towards large brains and connectomic screening,10.1038/s41583-025-00998-z,1.0,doi,crossref,https://media.springernature.com/original/springer-static/esm/art%3A10.1038%2Fs41583-025-00998-z/MediaObjects/41583_2025_998_MOESM1_ESM.pdf,downloaded,/Users/wgray13/projects/connectomics-survey/postanalysis/pdfs/files/doi_10.1038_s41583-025-00998-z.pdf,https://doi.org/10.1038/s41583-025-00998-z
work_e8008cd9a116e028,A set of hub neurons and non-local connectivity features support global brain dynamics in C. elegans.,10.1016/j.cub.2022.06.039,2022.0,A set of hub neurons and non-local connectivity features support global brain dynamics in C. elegans,10.1016/j.cub.2022.06.039,1.0,doi,crossref,,mismatch_unresolved,,https://doi.org/10.1016/j.cub.2022.06.039
work_f4089e71d372f0e5,Connectomic comparison of mouse and human cortex,10.1126/science.abo0924,2022.0,Connectomic comparison of mouse and human cortex,10.1126/science.abo0924,1.0,doi,crossref,,mismatch_unresolved,,https://doi.org/10.1126/science.abo0924
work_aa4ac55bf3d997c2,The Mind of a Mouse.,10.1016/j.cell.2020.08.010,2020.0,The Mind of a Mouse,10.1016/j.cell.2020.08.010,1.0,doi,crossref,,mismatch_unresolved,,https://doi.org/10.1016/j.cell.2020.08.010
work_20e028bfe929110a,"Big data in nanoscale connectomics, and the greed for training labels.",10.1016/j.conb.2019.03.012,2019.0,"Big data in nanoscale connectomics, and the greed for training labels",10.1016/j.conb.2019.03.012,1.0,doi,crossref,,mismatch_unresolved,,https://doi.org/10.1016/j.conb.2019.03.012
work_4888d0293b40ce35,Constraining computational models using electron microscopy wiring diagrams.,10.1016/j.conb.2019.07.007,2019.0,Constraining computational models using electron microscopy wiring diagrams,10.1016/j.conb.2019.07.007,1.0,doi,crossref,,mismatch_unresolved,,https://doi.org/10.1016/j.conb.2019.07.007
work_8eb544cf75eb1e58,Of what use is connectomics? A personal perspective on the Drosophila connectome,10.1242/jeb.164954,2018.0,Of what use is connectomics? A personal perspective on the<i>Drosophila</i>connectome,10.1242/jeb.164954,0.9455,doi,crossref,,mismatch_unresolved,,https://doi.org/10.1242/jeb.164954
work_6c16ccac03d903e6,Automated synaptic connectivity inference for volume electron microscopy,10.1038/nmeth.4206,2017.0,Automated synaptic connectivity inference for volume electron microscopy,10.1038/nmeth.4206,1.0,doi,crossref,,mismatch_unresolved,,https://doi.org/10.1038/nmeth.4206
work_9bbd63f1aa177d2c,Learning from connectomics on the fly.,10.1016/j.cois.2017.09.011,2017.0,Learning from connectomics on the fly,10.1016/j.cois.2017.09.011,1.0,doi,crossref,,mismatch_unresolved,,https://doi.org/10.1016/j.cois.2017.09.011
work_7c9431dcfcc3ff31,webKnossos: efficient online 3D data annotation for connectomics,10.1038/nmeth.4331,2017.0,webKnossos: efficient online 3D data annotation for connectomics,10.1038/nmeth.4331,1.0,doi,crossref,,mismatch_unresolved,,https://doi.org/10.1038/nmeth.4331
work_2c6fe44c1be1c300,Cellular-resolution connectomics: challenges of dense neural circuit reconstruction,10.1038/nmeth.2476,2013.0,Cellular-resolution connectomics: challenges of dense neural circuit reconstruction,10.1038/nmeth.2476,1.0,doi,crossref,,mismatch_unresolved,,https://doi.org/10.1038/nmeth.2476
work_1afd0f5b17737035,From the connectome to brain function,10.1038/nmeth.2451,2013.0,From the connectome to brain function,10.1038/nmeth.2451,1.0,doi,crossref,,mismatch_unresolved,,https://doi.org/10.1038/nmeth.2451
work_82f50d96861b845b,A complete reconstruction of the early visual system of an adult insect.,10.1016/j.cub.2023.09.021,2023.0,A complete reconstruction of the early visual system of an adult insect,10.1016/j.cub.2023.09.021,1.0,doi,crossref,,mismatch_unresolved,,https://doi.org/10.1016/j.cub.2023.09.021
work_f144bf9a5935462c,Micro-connectomics: probing the organization of neuronal networks at the cellular scale,10.1038/nrn.2016.182,2017.0,Micro-connectomics: probing the organization of neuronal networks at the cellular scale,10.1038/nrn.2016.182,1.0,doi,crossref,,mismatch_unresolved,,https://doi.org/10.1038/nrn.2016.182
work_77f7a01eb5b8c41e,Connectome studies on Drosophila: a short perspective on a tiny brain,10.3109/01677063.2016.1166224,2016.0,Connectome studies on<i>Drosophila</i>: a short perspective on a tiny brain,10.3109/01677063.2016.1166224,0.9437,doi,crossref,,mismatch_unresolved,,https://doi.org/10.3109/01677063.2016.1166224
work_2dd964b0e399a1fe,From Cajal to Connectome and Beyond.,10.1146/annurev-neuro-071714-033954,2016.0,From Cajal to Connectome and Beyond,10.1146/annurev-neuro-071714-033954,1.0,doi,crossref,,mismatch_unresolved,,https://doi.org/10.1146/annurev-neuro-071714-033954
work_b5ff748c577ee45c,Design and Evaluation of Interactive Proofreading Tools for Connectomics,10.1109/tvcg.2014.2346371,2014.0,Design and Evaluation of Interactive Proofreading Tools for Connectomics,10.1109/tvcg.2014.2346371,1.0,doi,crossref,,mismatch_unresolved,,https://doi.org/10.1109/tvcg.2014.2346371
work_354bd14e8f435b6f,Toward large-scale connectome reconstructions.,10.1016/j.conb.2014.01.019,2014.0,Toward large-scale connectome reconstructions,10.1016/j.conb.2014.01.019,1.0,doi,crossref,,mismatch_unresolved,,https://doi.org/10.1016/j.conb.2014.01.019
work_4bc689f7d81f71a8,Brain wiring determinants uncovered by integrating connectomes and transcriptomes.,10.1016/j.cub.2023.08.020,2023.0,Brain wiring determinants uncovered by integrating connectomes and transcriptomes,10.1016/j.cub.2023.08.020,1.0,doi,crossref,,mismatch_unresolved,,https://doi.org/10.1016/j.cub.2023.08.020
work_70f9a69534438a69,A connectome is not enough - what is still needed to understand the brain of Drosophila?,10.1242/jeb.242740,2021.0,A connectome is not enough – what is still needed to understand the brain of<i>Drosophila</i>?,10.1242/jeb.242740,0.956,doi,crossref,,mismatch_unresolved,,https://doi.org/10.1242/jeb.242740
work_27e18aa6bae94e96,Postnatal connectomic development of inhibition in mouse barrel cortex,10.1126/science.abb4534,2020.0,Postnatal connectomic development of inhibition in mouse barrel cortex,10.1126/science.abb4534,1.0,doi,crossref,,mismatch_unresolved,,https://doi.org/10.1126/science.abb4534
work_da9bb861ea28c94b,Neuronal cell types in the fly: single-cell anatomy meets single-cell genomics.,10.1016/j.conb.2018.12.012,2019.0,Neuronal cell types in the fly: single-cell anatomy meets single-cell genomics,10.1016/j.conb.2018.12.012,1.0,doi,crossref,,mismatch_unresolved,,https://doi.org/10.1016/j.conb.2018.12.012
work_cda2a76c443e1ca4,NeuroBlocks – Visual Tracking of Segmentation and Proofreading for Large Connectomics Projects,10.1109/tvcg.2015.2467441,2016.0,NeuroBlocks – Visual Tracking of Segmentation and Proofreading for Large Connectomics Projects,10.1109/tvcg.2015.2467441,1.0,doi,crossref,,mismatch_unresolved,,https://doi.org/10.1109/tvcg.2015.2467441
work_96a09e61135848a7,What would a synthetic connectome look like?,10.1016/j.plrev.2019.06.005,2020.0,What would a synthetic connectome look like?,10.1016/j.plrev.2019.06.005,1.0,doi,crossref,,mismatch_unresolved,,https://doi.org/10.1016/j.plrev.2019.06.005
work_b4a11e45d1e24136,Reprogramming the topology of the nociceptive circuit in C. elegans reshapes sexual behavior,10.2139/ssrn.4030988,2022.0,"Reprogramming the Topology of the Nociceptive Circuit in 
&lt;i&gt;C. Elegans&lt;/i&gt; Reshapes Sexual Behavior",10.2139/ssrn.4030988,0.901,doi,crossref,,mismatch_unresolved,,https://doi.org/10.2139/ssrn.4030988
work_1358cc4e6d15d0c8,Refined parcellation of the nervous system by algorithmic detection of hidden features within communities.,10.1103/physreve.100.012301,2019.0,Refined parcellation of the nervous system by algorithmic detection of hidden features within communities,10.1103/physreve.100.012301,1.0,doi,crossref,,mismatch_unresolved,,https://doi.org/10.1103/physreve.100.012301
work_5fce6ceceeaa09c7,Comparative Connectomics.,10.1016/j.tics.2016.03.001,2016.0,Comparative Connectomics,10.1016/j.tics.2016.03.001,1.0,doi,crossref,,mismatch_unresolved,,https://doi.org/10.1016/j.tics.2016.03.001
work_13df857c596640ee,A functionally ordered visual feature map in the Drosophila brain.,10.1016/j.neuron.2022.02.013,2022.0,A functionally ordered visual feature map in the Drosophila brain,10.1016/j.neuron.2022.02.013,1.0,doi,crossref,,mismatch_unresolved,,https://doi.org/10.1016/j.neuron.2022.02.013
work_b0142f28782e124e,Fear memory-associated synaptic and mitochondrial changes revealed by deep learning-based processing of electron microscopy data.,10.1016/j.celrep.2022.111151,2022.0,Fear memory-associated synaptic and mitochondrial changes revealed by deep learning-based processing of electron microscopy data,10.1016/j.celrep.2022.111151,1.0,doi,crossref,,mismatch_unresolved,,https://doi.org/10.1016/j.celrep.2022.111151
work_ffcaf70a49cba62b,Connectomics and function of a memory network: the mushroom body of larval Drosophila.,10.1016/j.conb.2018.10.007,2019.0,Connectomics and function of a memory network: the mushroom body of larval Drosophila,10.1016/j.conb.2018.10.007,1.0,doi,crossref,,mismatch_unresolved,,https://doi.org/10.1016/j.conb.2018.10.007
work_de69d8974ed67b3a,Serial block face scanning electron microscopy in cell biology: Applications and technology.,10.1016/j.tice.2018.08.011,2019.0,Serial block face scanning electron microscopy in cell biology: Applications and technology,10.1016/j.tice.2018.08.011,1.0,doi,crossref,,mismatch_unresolved,,https://doi.org/10.1016/j.tice.2018.08.011
work_d2abedfe2fe8e9a8,The connectomics of brain disorders,10.1038/nrn3901,2015.0,The connectomics of brain disorders,10.1038/nrn3901,1.0,doi,crossref,,mismatch_unresolved,,https://doi.org/10.1038/nrn3901
work_28c6a067561d25a1,Towards neural circuit reconstruction with volume electron microscopy techniques.,10.1016/j.conb.2006.08.010,2006.0,Towards neural circuit reconstruction with volume electron microscopy techniques,10.1016/j.conb.2006.08.010,1.0,doi,crossref,,mismatch_unresolved,,https://doi.org/10.1016/j.conb.2006.08.010
work_b889b7bbc3c4d76b,Small brains for big science.,10.1016/j.conb.2021.09.007,2021.0,Small brains for big science,10.1016/j.conb.2021.09.007,1.0,doi,crossref,,mismatch_unresolved,,https://doi.org/10.1016/j.conb.2021.09.007
work_3356ffe4646dbcae,"The conserved core of the nereid brain: Circular CNS, apical nervous system and lhx6-arx-dlx neurons.",10.1016/j.conb.2021.11.008,2021.0,"The conserved core of the nereid brain: Circular CNS, apical nervous system and lhx6-arx-dlx neurons",10.1016/j.conb.2021.11.008,1.0,doi,crossref,,mismatch_unresolved,,https://doi.org/10.1016/j.conb.2021.11.008
work_853fa92c78e2f996,Where the genome meets the connectome: Understanding how genes shape human brain connectivity,10.31234/osf.io/hqgz7,2021.0,Where the genome meets the connectome: understanding how genes shape human brain connectivity,10.31234/osf.io/hqgz7,1.0,doi,crossref,,mismatch_unresolved,,https://doi.org/10.31234/osf.io/hqgz7
work_2cd8a8967328e13a,A perspective on C. elegans neurodevelopment: from early visionaries to a booming neuroscience research,10.1080/01677063.2020.1837799,2020.0,A perspective on <i>C. elegans</i> neurodevelopment: from early visionaries to a booming neuroscience research,10.1080/01677063.2020.1837799,0.9668,doi,crossref,,mismatch_unresolved,,https://doi.org/10.1080/01677063.2020.1837799
work_9b23efa50c50392e,Diverse Community Structures in the Neuronal-Level Connectome of the Drosophila Brain,10.1007/s12021-019-09443-w,2019.0,Diverse Community Structures in the Neuronal-Level Connectome of the Drosophila Brain,10.1007/s12021-019-09443-w,1.0,doi,crossref,https://media.springernature.com/original/springer-static/esm/art%3A10.1007%2Fs12021-019-09443-w/MediaObjects/12021_2019_9443_MOESM1_ESM.pdf,downloaded,/Users/wgray13/projects/connectomics-survey/postanalysis/pdfs/files/doi_10.1007_s12021-019-09443-w.pdf,https://doi.org/10.1007/s12021-019-09443-w
work_e5e95009073d075b,Neuronal cell types in the annelid Platynereis dumerilii.,10.1016/j.conb.2018.12.008,2019.0,Neuronal cell types in the annelid Platynereis dumerilii,10.1016/j.conb.2018.12.008,1.0,doi,crossref,,mismatch_unresolved,,https://doi.org/10.1016/j.conb.2018.12.008
work_bc5e6ceb3ec3c528,Recent advancement in the challenges to connectomics.,10.1093/jmicro/dfv371,2016.0,Recent advancement in the challenges to connectomics,10.1093/jmicro/dfv371,1.0,doi,crossref,,mismatch_unresolved,,https://doi.org/10.1093/jmicro/dfv371
work_38b49edc6e3d2483,Exploring the third dimension: volume electron microscopy comes of age.,10.1016/j.micron.2014.01.009,2014.0,Exploring the third dimension: Volume electron microscopy comes of age,10.1016/j.micron.2014.01.009,1.0,doi,crossref,,mismatch_unresolved,,https://doi.org/10.1016/j.micron.2014.01.009
work_3cce75d511ef6842,Structured synaptic connectivity between hippocampal regions.,10.1016/j.neuron.2013.11.026,2014.0,Structured Synaptic Connectivity between Hippocampal Regions,10.1016/j.neuron.2013.11.026,1.0,doi,crossref,,mismatch_unresolved,,https://doi.org/10.1016/j.neuron.2013.11.026
work_ef2fffba97b01cff,Neurogeometry and potential synaptic connectivity.,10.1016/j.tins.2005.05.006,2005.0,Neurogeometry and potential synaptic connectivity,10.1016/j.tins.2005.05.006,1.0,doi,crossref,,mismatch_unresolved,,https://doi.org/10.1016/j.tins.2005.05.006
work_7dd7962792f95bf5,Volume Electron Microscopy for Genetically and Molecularly Defined Neural Circuits.,10.1016/j.neures.2024.06.002,2024.0,Volume electron microscopy for genetically and molecularly defined neural circuits,10.1016/j.neures.2024.06.002,1.0,doi,crossref,,mismatch_unresolved,,https://doi.org/10.1016/j.neures.2024.06.002
work_6d00499bc1daf535,Connectomics: Relating synaptic connectivity to physiology.,10.1016/j.cub.2021.12.037,2022.0,Connectomics: Relating synaptic connectivity to physiology,10.1016/j.cub.2021.12.037,1.0,doi,crossref,,mismatch_unresolved,,https://doi.org/10.1016/j.cub.2021.12.037
work_c1b2632765333e01,Scale matters: The nested human connectome,10.1126/science.abq2599,2022.0,Scale matters: The nested human connectome,10.1126/science.abq2599,1.0,doi,crossref,,mismatch_unresolved,,https://doi.org/10.1126/science.abq2599
work_3fc32d8b6b292ea4,The connectome,10.1093/med/9780198713005.003.0013,2020.0,The connectome,10.1093/med/9780198713005.003.0013,1.0,doi,crossref,,mismatch_unresolved,,https://doi.org/10.1093/med/9780198713005.003.0013
work_9cfe282e43639758,Towards a functional connectome in Drosophila,10.1080/01677063.2020.1712598,2020.0,Towards a functional connectome in <i>Drosophila</i>,10.1080/01677063.2020.1712598,0.9278,doi,crossref,,mismatch_unresolved,,https://doi.org/10.1080/01677063.2020.1712598
work_a0074df622a55228,Connectome verification: inter-rater and connection reliability of tract-tracing-based intrinsic hypothalamic connectivity,10.1093/bib/bby048,2019.0,Connectome verification: inter-rater and connection reliability of tract-tracing-based intrinsic hypothalamic connectivity,10.1093/bib/bby048,1.0,doi,crossref,,mismatch_unresolved,,https://doi.org/10.1093/bib/bby048
work_256bc6e4bfbd9156,Dynamic Computational Model of the Human Spinal Cord Connectome,10.1162/neco_a_01159,2019.0,Dynamic Computational Model of the Human Spinal Cord Connectome,10.1162/neco_a_01159,1.0,doi,crossref,,mismatch_unresolved,,https://doi.org/10.1162/neco_a_01159
work_82d6e0fcb7d01d1c,Volume EM Reconstruction of Spinal Cord Reveals Wiring Specificity in Speed-Related Motor Circuits.,10.1016/j.celrep.2018.05.023,2018.0,Volume EM Reconstruction of Spinal Cord Reveals Wiring Specificity in Speed-Related Motor Circuits,10.1016/j.celrep.2018.05.023,1.0,doi,crossref,,mismatch_unresolved,,https://doi.org/10.1016/j.celrep.2018.05.023
work_6d75c7ef9c4a7b7e,Interactive Volume Exploration of Petascale Microscopy Data Streams Using a Visualization-Driven Virtual Memory Approach,10.1109/tvcg.2012.240,2012.0,Interactive Volume Exploration of Petascale Microscopy Data Streams Using a Visualization-Driven Virtual Memory Approach,10.1109/tvcg.2012.240,1.0,doi,crossref,,mismatch_unresolved,,https://doi.org/10.1109/tvcg.2012.240
work_2e135d4ee49a93d1,From the Connectome to the Synaptome: An Epic Love Story,10.1126/science.1193378,2010.0,From the Connectome to the Synaptome: An Epic Love Story,10.1126/science.1193378,1.0,doi,crossref,,mismatch_unresolved,,https://doi.org/10.1126/science.1193378
work_db01207f4943cee6,The organization of the zebrafish pallium from a hodological perspective,10.1002/cne.25268,2021.0,The organization of the zebrafish pallium from a hodological perspective,10.1002/cne.25268,1.0,doi,crossref,,mismatch_unresolved,,https://doi.org/10.1002/cne.25268
work_7bbb57ed1549b5bc,Methods for analysis of brain connectivity: An IFCN-sponsored review.,10.1016/j.clinph.2019.06.006,2019.0,Methods for analysis of brain connectivity: An IFCN-sponsored review,10.1016/j.clinph.2019.06.006,1.0,doi,crossref,,mismatch_unresolved,,https://doi.org/10.1016/j.clinph.2019.06.006
work_606f12169fdb3452,Aldehyde-stabilized cryopreservation.,10.1016/j.cryobiol.2015.09.003,2015.0,Aldehyde-stabilized cryopreservation,10.1016/j.cryobiol.2015.09.003,1.0,doi,crossref,,mismatch_unresolved,,https://doi.org/10.1016/j.cryobiol.2015.09.003
work_4d5f8126d96042c6,Resting-state functional connectivity in major depressive disorder: A review.,10.1016/j.neubiorev.2015.07.014,2015.0,Resting-state functional connectivity in major depressive disorder: A review,10.1016/j.neubiorev.2015.07.014,1.0,doi,crossref,,mismatch_unresolved,,https://doi.org/10.1016/j.neubiorev.2015.07.014
work_c285a4f34f98067b,The huge plastic potential of adult brain and the role of connectomics: new insights provided by serial mappings in glioma surgery.,10.1016/j.cortex.2013.08.005,2014.0,The huge plastic potential of adult brain and the role of connectomics: New insights provided by serial mappings in glioma surgery,10.1016/j.cortex.2013.08.005,1.0,doi,crossref,,mismatch_unresolved,,https://doi.org/10.1016/j.cortex.2013.08.005
work_8126c1ea07c45313,From simple graphs to the connectome: Networks in neuroimaging,10.1016/j.neuroimage.2011.08.085,2012.0,From simple graphs to the connectome: Networks in neuroimaging,10.1016/j.neuroimage.2011.08.085,1.0,doi,crossref,,mismatch_unresolved,,https://doi.org/10.1016/j.neuroimage.2011.08.085
work_7b69c0d654c6eb2e,Geometry and structural plasticity of synaptic connectivity.,10.1016/s0896-6273(02)00652-9,2002.0,Geometry and Structural Plasticity of Synaptic Connectivity,10.1016/s0896-6273(02)00652-9,1.0,doi,crossref,,mismatch_unresolved,,https://doi.org/10.1016/s0896-6273(02)00652-9
work_c1722fdc8b5a9189,Efferents of anterior cingulate areas 24a and 24b and midcingulate areas 24aʹ and 24bʹ in the mouse,10.1007/s00429-017-1585-x,2017.0,Efferents of anterior cingulate areas 24a and 24b and midcingulate areas 24aʹ and 24bʹ in the mouse,10.1007/s00429-017-1585-x,1.0,doi,crossref,,mismatch_unresolved,,https://doi.org/10.1007/s00429-017-1585-x
work_4b3bfeede41c04c0,Super-Resolution Mapping of Neuronal Circuitry With an Index-Optimized Clearing Agent.,10.1016/j.celrep.2016.02.057,2016.0,Super-Resolution Mapping of Neuronal Circuitry With an Index-Optimized Clearing Agent,10.1016/j.celrep.2016.02.057,1.0,doi,crossref,,mismatch_unresolved,,https://doi.org/10.1016/j.celrep.2016.02.057
work_d17b4ee773b57bde,Connectomics and graph theory analyses: Novel insights into network abnormalities in epilepsy,10.1111/epi.13133,2015.0,Connectomics and graph theory analyses: Novel insights into network abnormalities in epilepsy,10.1111/epi.13133,1.0,doi,crossref,,mismatch_unresolved,,https://doi.org/10.1111/epi.13133
work_c33ff1707c3c1df6,The Secreted Protein C1QL1 and Its Receptor BAI3 Control the Synaptic Connectivity of Excitatory Inputs Converging on Cerebellar Purkinje Cells.,10.1016/j.celrep.2015.01.034,2015.0,The Secreted Protein C1QL1 and Its Receptor BAI3 Control the Synaptic Connectivity of Excitatory Inputs Converging on Cerebellar Purkinje Cells,10.1016/j.celrep.2015.01.034,1.0,doi,crossref,,mismatch_unresolved,,https://doi.org/10.1016/j.celrep.2015.01.034
work_0c53b6e2719558ce,Visualizing the human connectome,10.1016/j.neuroimage.2013.04.111,2013.0,Visualizing the human connectome,10.1016/j.neuroimage.2013.04.111,1.0,doi,crossref,,mismatch_unresolved,,https://doi.org/10.1016/j.neuroimage.2013.04.111
work_24db0b13f227c74f,The emergence of multiscale connectomics-based approaches in stroke recovery.,10.1016/j.tins.2024.01.003,2024.0,The emergence of multiscale connectomics-based approaches in stroke recovery,10.1016/j.tins.2024.01.003,1.0,doi,crossref,,mismatch_unresolved,,https://doi.org/10.1016/j.tins.2024.01.003
work_cdc13855d8ed503c,Whole-brain spatial organization of hippocampal single-neuron projectomes,10.1126/science.adj9198,2024.0,Whole-brain spatial organization of hippocampal single-neuron projectomes,10.1126/science.adj9198,1.0,doi,crossref,,mismatch_unresolved,,https://doi.org/10.1126/science.adj9198
work_87579702ea1165f6,Connectome of the lamina reveals the circuit for early color processing in the visual pathway of a butterfly.,10.1016/j.cub.2022.03.066,2022.0,Connectome of the lamina reveals the circuit for early color processing in the visual pathway of a butterfly,10.1016/j.cub.2022.03.066,1.0,doi,crossref,,mismatch_unresolved,,https://doi.org/10.1016/j.cub.2022.03.066
work_79a23415110e1412,Systems neuroscience: Auditory processing at synaptic resolution.,10.1016/j.cub.2022.07.001,2022.0,Systems neuroscience: Auditory processing at synaptic resolution,10.1016/j.cub.2022.07.001,1.0,doi,crossref,,mismatch_unresolved,,https://doi.org/10.1016/j.cub.2022.07.001
work_d60ca2d1beaf845b,Characterization and synaptic connectivity of melanopsin‐containing ganglion cells in the primate retina,10.1111/j.1460-9568.2007.05924.x,2007.0,Characterization and synaptic connectivity of melanopsin‐containing ganglion cells in the primate retina,10.1111/j.1460-9568.2007.05924.x,1.0,doi,crossref,,mismatch_unresolved,,https://doi.org/10.1111/j.1460-9568.2007.05924.x
work_3ac7168aedad246c,Neuroimaging and thalamic connectomics in epilepsy neuromodulation.,10.1016/j.eplepsyres.2022.106916,2022.0,Neuroimaging and thalamic connectomics in epilepsy neuromodulation,10.1016/j.eplepsyres.2022.106916,1.0,doi,crossref,,mismatch_unresolved,,https://doi.org/10.1016/j.eplepsyres.2022.106916
work_aebd692d3a9ff7ca,Connectomic Deep Brain Stimulation for Obsessive-Compulsive Disorder.,10.1016/j.biopsych.2021.07.010,2021.0,Connectomic Deep Brain Stimulation for Obsessive-Compulsive Disorder,10.1016/j.biopsych.2021.07.010,1.0,doi,crossref,,mismatch_unresolved,,https://doi.org/10.1016/j.biopsych.2021.07.010
work_14777efdec1861e5,Quantitative skills in undergraduate neuroscience education in the age of big data.,10.1016/j.neulet.2021.136074,2021.0,Quantitative skills in undergraduate neuroscience education in the age of big data,10.1016/j.neulet.2021.136074,1.0,doi,crossref,,mismatch_unresolved,,https://doi.org/10.1016/j.neulet.2021.136074
work_ce404f1256e58715,The hippocampus of birds in a view of evolutionary connectomics.,10.1016/j.cortex.2018.09.025,2019.0,The hippocampus of birds in a view of evolutionary connectomics,10.1016/j.cortex.2018.09.025,1.0,doi,crossref,,mismatch_unresolved,,https://doi.org/10.1016/j.cortex.2018.09.025
work_7c0dbfe2630320dd,Comparative Primate Connectomics,10.1159/000488886,2018.0,Comparative Primate Connectomics,10.1159/000488886,1.0,doi,crossref,,mismatch_unresolved,,https://doi.org/10.1159/000488886
work_59c99b603e8a4641,Connectome of the fly visual circuitry.,10.1093/jmicro/dfu102,2015.0,Connectome of the fly visual circuitry,10.1093/jmicro/dfu102,1.0,doi,crossref,,mismatch_unresolved,,https://doi.org/10.1093/jmicro/dfu102
work_38787b35074da840,Three-dimensional volume imaging with electron microscopy toward connectome.,10.1093/jmicro/dfu112,2015.0,Three-dimensional volume imaging with electron microscopy toward connectome,10.1093/jmicro/dfu112,1.0,doi,crossref,,mismatch_unresolved,,https://doi.org/10.1093/jmicro/dfu112
work_e72522d83aedc294,From cosmos to connectomes: the evolution of data-intensive science.,10.1016/j.neuron.2014.08.045,2014.0,From Cosmos to Connectomes: The Evolution of Data-Intensive Science,10.1016/j.neuron.2014.08.045,1.0,doi,crossref,,mismatch_unresolved,,https://doi.org/10.1016/j.neuron.2014.08.045
work_0a6f89f17fb7c4a5,"Graph analysis of the human connectome: Promise, progress, and pitfalls",10.1016/j.neuroimage.2013.04.087,2013.0,"Graph analysis of the human connectome: Promise, progress, and pitfalls",10.1016/j.neuroimage.2013.04.087,1.0,doi,crossref,,mismatch_unresolved,,https://doi.org/10.1016/j.neuroimage.2013.04.087
work_092ab2e11895f53a,Neuronal Tracing for Connectomic Studies,10.1007/s12021-011-9101-6,2011.0,Neuronal Tracing for Connectomic Studies,10.1007/s12021-011-9101-6,1.0,doi,crossref,,mismatch_unresolved,,https://doi.org/10.1007/s12021-011-9101-6
work_3ac30b4e3160787e,Reconstruction of complete connectivity matrix for connectomics by sampling neural connectivity with fluorescent synaptic markers.,10.1016/j.jneumeth.2011.01.021,2011.0,Reconstruction of complete connectivity matrix for connectomics by sampling neural connectivity with fluorescent synaptic markers,10.1016/j.jneumeth.2011.01.021,1.0,doi,crossref,,mismatch_unresolved,,https://doi.org/10.1016/j.jneumeth.2011.01.021
work_7b173df5e3f0b797,Computational inference of the molecular logic for synaptic connectivity in C. elegans,10.1093/bioinformatics/btl224,2006.0,Computational inference of the molecular logic for synaptic connectivity in <i>C. elegans</i>,10.1093/bioinformatics/btl224,0.9609,doi,crossref,,mismatch_unresolved,,https://doi.org/10.1093/bioinformatics/btl224
work_dd4a631420d19510,Synaptic connectivity in the midget‐parvocellular pathway of primate central retina,10.1002/cne.20804,2006.0,Synaptic connectivity in the midget‐parvocellular pathway of primate central retina,10.1002/cne.20804,1.0,doi,crossref,,mismatch_unresolved,,https://doi.org/10.1002/cne.20804
work_eb8b627996721a7c,Neuroinformatics of the Allen Mouse Brain Connectivity Atlas.,10.1016/j.ymeth.2014.12.013,2015.0,Neuroinformatics of the Allen Mouse Brain Connectivity Atlas,10.1016/j.ymeth.2014.12.013,1.0,doi,crossref,,mismatch_unresolved,,https://doi.org/10.1016/j.ymeth.2014.12.013
work_6ab1a546945ea8a5,Connectomic approaches before the connectome,10.1016/j.neuroimage.2013.05.109,2013.0,Connectomic approaches before the connectome,10.1016/j.neuroimage.2013.05.109,1.0,doi,crossref,,mismatch_unresolved,,https://doi.org/10.1016/j.neuroimage.2013.05.109
work_7a4e052848e9ed49,Directed and acyclic synaptic connectivity in the human layer 2-3 cortical microcircuit,10.1126/science.adg8828,2024.0,Directed and acyclic synaptic connectivity in the human layer 2-3 cortical microcircuit,10.1126/science.adg8828,1.0,doi,crossref,,mismatch_unresolved,,https://doi.org/10.1126/science.adg8828
work_13fda9927df18461,Neural Control of Naturalistic Behavior Choices.,10.1146/annurev-neuro-111020-094019,2024.0,Neural Control of Naturalistic Behavior Choices,10.1146/annurev-neuro-111020-094019,1.0,doi,crossref,,mismatch_unresolved,,https://doi.org/10.1146/annurev-neuro-111020-094019
work_bebd197ae07871b0,Geometric Scaling Law in Real Neuronal Networks.,10.1103/physrevlett.133.138401,2024.0,Geometric Scaling Law in Real Neuronal Networks,10.1103/physrevlett.133.138401,1.0,doi,crossref,,mismatch_unresolved,,https://doi.org/10.1103/physrevlett.133.138401
work_a5aafa50c460274e,"Modular segmentation, spatial analysis and visualization of volume electron microscopy datasets",10.1038/s41596-024-00957-5,2024.0,"Modular segmentation, spatial analysis and visualization of volume electron microscopy datasets",10.1038/s41596-024-00957-5,1.0,doi,crossref,https://media.springernature.com/original/springer-static/esm/art%3A10.1038%2Fs41596-024-00957-5/MediaObjects/41596_2024_957_MOESM1_ESM.pdf,downloaded,/Users/wgray13/projects/connectomics-survey/postanalysis/pdfs/files/doi_10.1038_s41596-024-00957-5.pdf,https://doi.org/10.1038/s41596-024-00957-5
work_b866698ca919a87c,"Structure, biophysics, and circuit function of a “giant” cortical presynaptic terminal",10.1126/science.adg6757,2024.0,"Structure, biophysics, and circuit function of a “giant” cortical presynaptic terminal",10.1126/science.adg6757,1.0,doi,crossref,,mismatch_unresolved,,https://doi.org/10.1126/science.adg6757
work_6cd7e5cb19e5195e,Brain research challenges supercomputing,10.1126/science.abl8519,2021.0,Brain research challenges supercomputing,10.1126/science.abl8519,1.0,doi,crossref,,mismatch_unresolved,,https://doi.org/10.1126/science.abl8519
work_d8903c75ab0f5c33,Sequential Semi-supervised Segmentation for Serial Electron Microscopy Image with Small Number of Labels.,10.1016/j.jneumeth.2021.109066,2021.0,Sequential semi-supervised segmentation for serial electron microscopy image with small number of labels,10.1016/j.jneumeth.2021.109066,1.0,doi,crossref,,mismatch_unresolved,,https://doi.org/10.1016/j.jneumeth.2021.109066
work_2e8cffa3e3b6ba52,Activity regulates brain development in the fly.,10.1016/j.gde.2020.04.005,2020.0,Activity regulates brain development in the fly,10.1016/j.gde.2020.04.005,1.0,doi,crossref,,mismatch_unresolved,,https://doi.org/10.1016/j.gde.2020.04.005
work_06e3942d0f902996,An ultrastructural connectomic analysis of a higher‐order thalamocortical circuit in the mouse,10.1111/ejn.15092,2020.0,An ultrastructural connectomic analysis of a higher‐order thalamocortical circuit in the mouse,10.1111/ejn.15092,1.0,doi,crossref,,mismatch_unresolved,,https://doi.org/10.1111/ejn.15092
work_58b0ab7aaaf040d3,Neuronal circuits in barrel cortex for whisker sensory perception.,10.1152/physrev.00019.2019,2020.0,Neuronal Circuits in Barrel Cortex for Whisker Sensory Perception,10.1152/physrev.00019.2019,1.0,doi,crossref,,mismatch_unresolved,,https://doi.org/10.1152/physrev.00019.2019
work_e7676ec5b393ef86,Sparse Scanning Electron Microscopy Data Acquisition and Deep Neural Networks for Automated Segmentation in Connectomics,10.1017/s1431927620001361,2020.0,Sparse Scanning Electron Microscopy Data Acquisition and Deep Neural Networks for Automated Segmentation in Connectomics,10.1017/s1431927620001361,1.0,doi,crossref,,mismatch_unresolved,,https://doi.org/10.1017/s1431927620001361
work_eb960daf190dabc6,Inhibiting mGluR5 activity by AFQ056/Mavoglurant rescues circuit‐specific functional connectivity in Fmr1 knockout mice,10.1016/j.neuroimage.2019.02.051,2019.0,Inhibiting mGluR5 activity by AFQ056/Mavoglurant rescues circuit-specific functional connectivity in Fmr1 knockout mice,10.1016/j.neuroimage.2019.02.051,0.9916,doi,crossref,,mismatch_unresolved,,https://doi.org/10.1016/j.neuroimage.2019.02.051
work_7a7ede8e181b212c,Segregated Subnetworks of Intracortical Projection Neurons in Primary Visual Cortex.,10.1016/j.neuron.2018.10.023,2018.0,Segregated Subnetworks of Intracortical Projection Neurons in Primary Visual Cortex,10.1016/j.neuron.2018.10.023,1.0,doi,crossref,,mismatch_unresolved,,https://doi.org/10.1016/j.neuron.2018.10.023
