author_norm,person_id,display_name,works_in_corpus,weighted_degree,betweenness,community_id
person:j lichtman,person:j lichtman,J. Lichtman,76,803.0,0.000688,1
person:hanspeter pfister,person:hanspeter pfister,Hanspeter Pfister,55,634.0,0.004097,1
person:h sebastian seung,person:h sebastian seung,H. Sebastian Seung,44,1412.0,0.003495,3
person:g jefferis,person:g jefferis,G. Jefferis,43,1467.0,0.000474,3
person:kea joo lee,person:kea joo lee,Kea-Joo Lee,42,1459.0,0.00641,3
person:albert cardona,person:albert cardona,Albert Cardona,39,348.0,8.2e-05,2
person:sven dorkenwald,person:sven dorkenwald,Sven Dorkenwald,38,1510.0,0.000937,3
person:philipp schlegel,person:philipp schlegel,Philipp Schlegel,34,1283.0,1.4e-05,3
person:szi chieh yu,person:szi chieh yu,Szi-chieh Yu,33,1943.0,2.7e-05,3
person:jingpeng wu,person:jingpeng wu,Jingpeng Wu,31,1142.0,0.00524,3
person:stephen plaza,person:stephen plaza,Stephen M. Plaza,31,679.0,5.3e-05,1
person:rongwen lu,person:rongwen lu,Rongwen Lu,30,1289.0,0.001865,3
person:marta costa,person:marta costa,Marta Costa,30,1094.0,0.002247,3
person:shin ya takemura,person:shin ya takemura,Shin-ya Takemura,29,1317.0,0.000128,1
person:chuanyun xu,person:chuanyun xu,Chuanyun Xu,29,848.0,0.00967,1
person:donglai wei,person:donglai wei,Donglai Wei,29,426.0,0.000279,1
person:xiao jing wang,person:xiao jing wang,Xiao-jing Wang,29,326.0,0.000124,1
person:xiaoyin chen,person:xiaoyin chen,Xiaoyin Chen,29,280.0,0.0,0
person:f collman,person:f collman,F. Collman,28,1274.0,0.004435,3
person:louis scheffer,person:louis scheffer,Louis K. Scheffer,28,683.0,1.1e-05,1
person:viren jain,person:viren jain,Viren Jain,28,674.0,0.000898,1
person:r schalek,person:r schalek,R. Schalek,28,469.0,0.000269,1
person:yonggang wang,person:yonggang wang,Yonggang Wang,28,427.0,4.3e-05,0
person:cm schneider mizell,person:cm schneider mizell,CM Schneider-Mizell,27,1151.0,0.001919,3
person:r clay reid,person:r clay reid,R. Clay Reid,27,744.0,0.000432,3
person:y meirovitch,person:y meirovitch,Y. Meirovitch,27,297.0,0.0,1
person:j vogelstein,person:j vogelstein,J. Vogelstein,27,184.0,0.0,2
person:a bates,person:a bates,A. S. Bates,26,1333.0,0.000351,3
person:k eichler,person:k eichler,K. Eichler,26,1045.0,0.003954,3
person:micha januszewski,person:micha januszewski,Michał Januszewski,26,762.0,0.00017,1
person:yunming wu,person:yunming wu,Yunming Wu,26,404.0,0.000166,1
person:n kemnitz,person:n kemnitz,N. Kemnitz,25,1263.0,0.000656,3
person:t macrina,person:t macrina,T. Macrina,25,1234.0,0.000663,3
person:g rubin,person:g rubin,G. Rubin,24,816.0,0.000236,1
person:aljoscha nern,person:aljoscha nern,Aljoscha Nern,24,494.0,0.001178,1
person:yuanyuan li,person:yuanyuan li,Yuanyuan Li,24,417.0,0.001665,0
person:narayan kasthuri,person:narayan kasthuri,Narayan Kasthuri,24,228.0,0.0,1
person:mark ellisman,person:mark ellisman,Mark Ellisman,24,211.0,0.0,0
person:j bae,person:j bae,J. Bae,23,1062.0,0.00215,3
person:c jordan,person:c jordan,C. Jordan,22,1134.0,0.000529,3
person:jan funke,person:jan funke,Jan Funke,22,878.0,0.003663,3
person:harald hess,person:harald hess,Harald F. Hess,22,646.0,0.00027,1
person:s saalfeld,person:s saalfeld,S. Saalfeld,22,639.0,0.001325,1
person:junkyung kim,person:junkyung kim,Junkyung Kim,22,406.0,0.000513,3
person:brock andrew wester,person:brock andrew wester,Brock Andrew Wester,22,255.0,0.0,2
person:m helmstaedter,person:m helmstaedter,M. Helmstaedter,22,127.0,0.0,6
person:yi shiuan liu,person:yi shiuan liu,Yi-Shiuan Liu,21,282.0,0.0,0
person:jordan matelsky,person:jordan matelsky,Jordan K. Matelsky,21,196.0,0.0,2
person:william gray roncal,person:william gray roncal,William R. Gray-Roncal,21,193.0,0.0,2
person:oliver hobert,person:oliver hobert,Oliver Hobert,21,167.0,0.0,4
person:hongqing han,person:hongqing han,Hongqing Han,21,145.0,0.0,0
person:c priebe,person:c priebe,C. Priebe,21,122.0,0.0,2
person:akhilesh halageri,person:akhilesh halageri,Akhilesh Halageri,20,1162.0,0.000284,3
person:d brittain,person:d brittain,D. Brittain,20,1096.0,0.000537,3
person:w silversmith,person:w silversmith,W. Silversmith,20,1042.0,0.000538,3
person:fu ning li,person:fu ning li,Fu-Ning Li,20,948.0,0.000815,3
person:a sterling,person:a sterling,A. Sterling,20,870.0,0.006391,3
person:zhiyuan lu,person:zhiyuan lu,Zhiyuan Lu,20,748.0,0.000438,1
person:w lee,person:w lee,W. Lee,20,646.0,0.007164,3
person:james anderson,person:james anderson,James R. Anderson,20,181.0,0.0,8
person:yu xian zhang,person:yu xian zhang,Yu-Xian Zhang,20,179.0,0.0,0
person:bryan william jones,person:bryan william jones,Bryan William Jones,20,159.0,0.0,8
person:s popovych,person:s popovych,S. Popovych,19,1113.0,0.000786,3
person:m castro,person:m castro,M. C. Castro,19,1040.0,0.000563,3
person:i meinertzhagen,person:i meinertzhagen,I. Meinertzhagen,19,445.0,0.0,1
person:zhi hang lin,person:zhi hang lin,Zhi-Hang Lin,19,346.0,0.000229,1
person:d chklovskii,person:d chklovskii,D. Chklovskii,19,103.0,0.0,1
person:m murthy,person:m murthy,M. Murthy,18,768.0,0.000499,3
person:arie matsliah,person:arie matsliah,Arie Matsliah,18,746.0,0.000517,3
person:d bumbarger,person:d bumbarger,D. Bumbarger,18,655.0,8.9e-05,3
person:d bock,person:d bock,D. Bock,18,568.0,0.002561,3
person:tengda zhao,person:tengda zhao,Tengda Zhao,18,526.0,0.000598,1
person:marta zlatic,person:marta zlatic,Marta Zlatic,18,272.0,0.0,2
person:r fetter,person:r fetter,R. D. Fetter,18,227.0,0.0,2
person:yuh tarng chen,person:yuh tarng chen,Yuh-tarng Chen,18,189.0,0.0,0
person:s berg,person:s berg,S. Berg,17,675.0,0.000212,1
person:n turner,person:n turner,N. Turner,17,636.0,5.9e-05,3
person:n da costa,person:n da costa,N. D. da Costa,17,599.0,0.000302,3
person:n shavit,person:n shavit,N. Shavit,17,136.0,0.0,1
person:shang mu,person:shang mu,Shang Mu,16,981.0,0.00389,3
person:zhi ming jia,person:zhi ming jia,Zhi-Ming Jia,16,975.0,0.001631,3
person:r torres,person:r torres,R. Torres,16,640.0,8.5e-05,3
person:wenjie yin,person:wenjie yin,Wenjie Yin,16,640.0,0.000434,3
person:j buchanan,person:j buchanan,J. Buchanan,16,620.0,8.5e-05,3
person:marc takeno,person:marc takeno,Marc M. Takeno,16,575.0,1.9e-05,3
person:p rivlin,person:p rivlin,P. Rivlin,16,527.0,0.000137,1
person:hongkui zeng,person:hongkui zeng,Hongkui Zeng,16,356.0,0.0,0
person:john tuthill,person:john tuthill,John C. Tuthill,16,344.0,0.000405,3
person:ashok litwin kumar,person:ashok litwin kumar,Ashok Litwin-Kumar,16,135.0,0.0,2
person:jiazheng liu,person:jiazheng liu,Jiazheng Liu,16,127.0,0.0,0
person:eric mitchell,person:eric mitchell,Eric Mitchell,15,939.0,0.000595,3
person:barak nehoran,person:barak nehoran,Barak Nehoran,15,939.0,0.000595,3
person:l elabbady,person:l elabbady,L. Elabbady,15,645.0,1.6e-05,3
person:a bodor,person:a bodor,A. Bodor,15,608.0,0.000225,3
person:xiao ming li,person:xiao ming li,Xiao-Ming Li,15,300.0,0.0,1
person:d berger,person:d berger,D. Berger,15,202.0,0.0,1
person:r marc,person:r marc,R. E. Marc,15,125.0,0.0,8
person:gaspar jekely,person:gaspar jekely,Gáspár Jékely,15,99.0,0.0,2
person:olaf sporns,person:olaf sporns,Olaf Sporns,15,46.0,0.0,5
person:dodam ih,person:dodam ih,Dodam Ih,14,712.0,0.003942,3
person:claire mckellar,person:claire mckellar,Claire E. McKellar,14,704.0,0.004585,3
person:g mahalingam,person:g mahalingam,G. Mahalingam,14,611.0,8.5e-05,3
person:kai li,person:kai li,Kai Li,14,563.0,4.8e-05,3
person:g card,person:g card,G. Card,14,470.0,0.002068,3
person:jingjing zhang,person:jingjing zhang,Jingjing Zhang,14,234.0,0.0,0
person:aravinthan samuel,person:aravinthan samuel,Aravinthan D. T. Samuel,14,155.0,0.0,1
person:steven cook,person:steven cook,Steven J. Cook,14,129.0,0.0,4
person:johanna beyer,person:johanna beyer,Johanna Beyer,14,101.0,0.0,1
person:d kapner,person:d kapner,D. Kapner,13,580.0,5.6e-05,3
person:gary huang,person:gary huang,Gary B. Huang,13,553.0,1.7e-05,1
person:kenneth hayworth,person:kenneth hayworth,Kenneth Hayworth,13,525.0,1.7e-05,1
person:peter li,person:peter li,Peter H. Li,13,400.0,0.000231,1
person:hanchuan peng,person:hanchuan peng,Hanchuan Peng,13,133.0,0.0,0
person:t tasdizen,person:t tasdizen,T. Tasdizen,13,112.0,0.0,8
person:km harris,person:km harris,KM Harris,13,103.0,0.0,2
person:wr schafer,person:wr schafer,WR Schafer,13,60.0,0.0,4
person:scott emmons,person:scott emmons,Scott W. Emmons,13,40.0,0.0,4
person:a champion,person:a champion,A. Champion,12,677.0,0.006642,3
person:w wong,person:w wong,W. Wong,12,579.0,4.1e-05,3
person:j bogovic,person:j bogovic,J. Bogovic,12,577.0,6e-05,1
person:s kinn,person:s kinn,S. Kinn,12,561.0,5.3e-05,3
person:w katz,person:w katz,W. M. Katz,12,557.0,1.7e-05,1
person:mean hwan kim,person:mean hwan kim,Mean-Hwan Kim,12,528.0,5.3e-05,3
person:a tolias,person:a tolias,A. S. Tolias,12,432.0,2.4e-05,3
person:e marin,person:e marin,E. Marin,12,383.0,0.00225,3
person:yoshinori aso,person:yoshinori aso,Yoshinori Aso,12,239.0,0.0,1
person:jim truman,person:jim truman,Jim Truman,12,215.0,0.0,2
person:hsi ping wang,person:hsi ping wang,Hsi-Ping Wang,12,191.0,0.0,0
person:c sigulinsky,person:c sigulinsky,C. Sigulinsky,12,98.0,0.0,8
person:youngser park,person:youngser park,Youngser Park,12,97.0,0.0,2
person:henry markram,person:henry markram,Henry Markram,12,96.0,0.0,7
person:javier defelipe,person:javier defelipe,Javier DeFelipe,12,74.0,0.0,7
person:markus hadwiger,person:markus hadwiger,Markus Hadwiger,12,72.0,0.0,1
person:tomke sturner,person:tomke sturner,Tomke Stürner,11,1034.0,0.000195,3
person:jay gager,person:jay gager,Jay Gager,11,712.0,0.00596,3
person:aiqun li,person:aiqun li,Aiqun Li,11,631.0,0.00185,0
person:s mondal,person:s mondal,S. Mondal,11,540.0,1.7e-05,3
person:d olbris,person:d olbris,D. J. Olbris,11,501.0,0.000159,1
person:v hartenstein,person:v hartenstein,V. Hartenstein,11,428.0,0.001345,3
person:jinseop kim,person:jinseop kim,Jinseop S. Kim,11,413.0,0.000113,3
person:kazunori shinomiya,person:kazunori shinomiya,Kazunori Shinomiya,11,386.0,0.000133,1
person:hui gong,person:hui gong,Hui Gong,11,339.0,1.2e-05,0
person:qingyang wang,person:qingyang wang,Qingyang Wang,11,313.0,5e-05,0
person:daniel berger,person:daniel berger,Daniel R. Berger,11,251.0,0.0,1
person:aaron kuan,person:aaron kuan,Aaron T. Kuan,11,123.0,0.0,9
person:ed boyden,person:ed boyden,Ed Boyden,11,122.0,0.0,1
person:jia hui yang,person:jia hui yang,Jia-Hui Yang,11,115.0,0.0,8
person:michael reimann,person:michael reimann,Michael W. Reimann,11,102.0,0.0,7
person:zengmao wang,person:zengmao wang,Zengmao Wang,11,93.0,0.0,0
person:isabel beets,person:isabel beets,Isabel Beets,11,83.0,0.0,4
person:d hall,person:d hall,D. Hall,11,76.0,0.0,4
person:ann shyn chiang,person:ann shyn chiang,Ann-Shyn Chiang,11,67.0,0.0,8
person:r friedrich,person:r friedrich,R. Friedrich,11,30.0,0.0,6
person:marina gkantia,person:marina gkantia,Marina Gkantia,10,648.0,0.006334,3
person:l umayam,person:l umayam,L. Umayam,10,546.0,1.7e-05,1
person:jody clements,person:jody clements,Jody Clements,10,531.0,2.1e-05,1
person:m dreher,person:m dreher,M. Dreher,10,490.0,0.000111,1
person:kaiyu wang,person:kaiyu wang,Kaiyu Wang,10,485.0,0.00637,3
person:n eckstein,person:n eckstein,N. Eckstein,10,483.0,0.004253,3
person:stephan gerhard,person:stephan gerhard,Stephan Gerhard,10,482.0,0.000439,3
person:qingming luo,person:qingming luo,Qingming Luo,10,311.0,0.0,0
person:shuohong wang,person:shuohong wang,Shuohong Wang,10,259.0,0.0,1
person:andrew cook,person:andrew cook,Andrew P. Cook,10,216.0,0.0,3
person:changjoon park,person:changjoon park,Changjoon Park,10,144.0,0.0,0
person:junyang wang,person:junyang wang,Junyang Wang,10,137.0,0.0,0
person:eric bushong,person:eric bushong,Eric Bushong,10,112.0,0.0,0
person:zhenghua li,person:zhenghua li,Zhenghua Li,10,110.0,0.0,0
person:t parag,person:t parag,T. Parag,10,109.0,0.0,1
person:erik johnson,person:erik johnson,Erik C. Johnson,10,98.0,0.0,2
person:zhiwei xiong,person:zhiwei xiong,Zhiwei Xiong,10,95.0,0.0,0
person:haoran chen,person:haoran chen,Haoran Chen,10,86.0,0.0,0
person:b misic,person:b misic,B. Mišić,10,85.0,0.0,5
person:tingshan liu,person:tingshan liu,Tingshan Liu,10,81.0,0.0,0
person:yuan yao lin,person:yuan yao lin,Yuan-Yao Lin,10,80.0,0.0,8
person:srinivas turaga,person:srinivas turaga,Srinivas C. Turaga,10,73.0,0.0,1
person:hesheng liu,person:hesheng liu,Hesheng Liu,10,71.0,0.0,0
person:v lyzinski,person:v lyzinski,V. Lyzinski,10,56.0,0.0,2
person:k briggman,person:k briggman,K. Briggman,10,50.0,0.0,6
person:g ascoli,person:g ascoli,G. Ascoli,10,36.0,0.0,0
person:a wanner,person:a wanner,A. Wanner,10,32.0,0.0,6
person:eli shlizerman,person:eli shlizerman,Eli Shlizerman,10,16.0,0.0,0
person:tansy yang,person:tansy yang,Tansy Yang,9,840.0,0.000137,1
person:christopher ordish,person:christopher ordish,Christopher Ordish,9,615.0,0.000241,1
person:b silverman,person:b silverman,B. Silverman,9,600.0,0.006593,3
person:eric perlman,person:eric perlman,Eric Perlman,9,565.0,0.003823,3
person:yijie yin,person:yijie yin,Yijie Yin,9,556.0,0.012834,3
person:michael reiser,person:michael reiser,Michael B. Reiser,9,524.0,0.008342,3
person:j reimer,person:j reimer,J. Reimer,9,410.0,2.4e-05,3
person:ruchi parekh,person:ruchi parekh,Ruchi Parekh,9,379.0,1.5e-05,3
person:cun quan zhang,person:cun quan zhang,Cun-Quan Zhang,9,343.0,0.002512,3
person:hong wei dong,person:hong wei dong,Hong-Wei Dong,9,248.0,0.0,0
person:stefan mihalas,person:stefan mihalas,Stefan Mihalas,9,215.0,0.0,0
person:yangang sun,person:yangang sun,Yangang Sun,9,199.0,0.0,0
person:j troidl,person:j troidl,J. Troidl,9,191.0,0.0,1
person:lingzi zhang,person:lingzi zhang,Lingzi Zhang,9,191.0,0.0,0
person:chih cheng chen,person:chih cheng chen,Chih-Cheng Chen,9,182.0,0.0,0
person:daniel xenes,person:daniel xenes,Daniel Xenes,9,177.0,0.0,3
person:kechen zhang,person:kechen zhang,Kechen Zhang,9,159.0,0.0,0
person:wenchang li,person:wenchang li,Wenchang Li,9,115.0,0.0,0
person:xiaotang lu,person:xiaotang lu,Xiaotang Lu,9,110.0,0.0,1
person:keun young kim,person:keun young kim,Keun-Young Kim,9,97.0,0.0,0
person:s zipursky,person:s zipursky,S. Zipursky,9,90.0,0.0,4
person:song pang,person:song pang,Song Pang,9,82.0,0.0,1
person:rebecca pfeiffer,person:rebecca pfeiffer,Rebecca L. Pfeiffer,9,82.0,0.0,8
person:xiao yong zhang,person:xiao yong zhang,Xiao-Yong Zhang,9,76.0,0.0,0
person:winfried denk,person:winfried denk,Winfried Denk,9,74.0,0.0,6
person:elizabeth williams,person:elizabeth williams,Elizabeth A. Williams,9,71.0,0.0,2
person:r shahidi,person:r shahidi,R. Shahidi,9,65.0,0.0,2
person:c veraszto,person:c veraszto,C. Verasztó,9,65.0,0.0,2
person:joergen kornfeld,person:joergen kornfeld,Joergen Kornfeld,9,54.0,0.0,6
person:a lazar,person:a lazar,A. Lazar,9,33.0,0.0,0
person:k broadie,person:k broadie,K. Broadie,9,14.0,0.0,57
person:m pleijzier,person:m pleijzier,M. W. Pleijzier,8,816.0,0.000892,3
person:m arcia dos santos,person:m arcia dos santos,M'arcia dos Santos,8,785.0,0.002042,3
person:julie kovalyak,person:julie kovalyak,Julie Kovalyak,8,621.0,0.000265,3
person:griffin badalamente,person:griffin badalamente,Griffin Badalamente,8,573.0,0.006414,3
person:michael cook,person:michael cook,Michael Cook,8,559.0,0.000241,1
person:marissa sorek,person:marissa sorek,Marissa Sorek,8,546.0,0.000466,3
person:ruoxuan yang,person:ruoxuan yang,Ruoxuan Yang,8,484.0,0.007727,3
person:gabriella sterne,person:gabriella sterne,Gabriella R. Sterne,8,475.0,0.005967,3
person:b dickson,person:b dickson,B. Dickson,8,453.0,0.004981,3
person:jongmin lee,person:jongmin lee,Jongmin Lee,8,353.0,0.000213,3
person:h otsuna,person:h otsuna,H. Otsuna,8,352.0,6.4e-05,1
person:fabian sinz,person:fabian sinz,Fabian H. Sinz,8,341.0,3e-06,3
person:alexander borst,person:alexander borst,Alexander Borst,8,314.0,0.00022,3
person:h cheong,person:h cheong,H. S. Cheong,8,300.0,0.0,3
person:s seshamani,person:s seshamani,S. Seshamani,8,297.0,0.0,3
person:jasper phelps,person:jasper phelps,Jasper S. Phelps,8,291.0,0.0,3
person:anthony azevedo,person:anthony azevedo,Anthony W. Azevedo,8,242.0,0.0,3
person:brandon mark,person:brandon mark,Brandon Mark,8,187.0,0.0,3
person:fang ming xu,person:fang ming xu,Fang-ming Xu,8,175.0,0.0,0
person:fangfang wang,person:fangfang wang,Fangfang Wang,8,148.0,0.0,3
person:hong sheng li,person:hong sheng li,Hong-Sheng Li,8,134.0,0.0,1
person:a pacureanu,person:a pacureanu,A. Pacureanu,8,133.0,0.0,3
person:wei chung allen lee,person:wei chung allen lee,Wei-Chung Allen Lee,8,133.0,0.0,3
person:tri nguyen,person:tri nguyen,Tri M. Nguyen,8,126.0,0.0,0
person:l abbott,person:l abbott,L. F. Abbott,8,123.0,0.0,2
person:patricia rivlin,person:patricia rivlin,Patricia K. Rivlin,8,119.0,0.0,2
person:longfei li,person:longfei li,Longfei Li,8,111.0,0.0,0
person:ignacio arganda carreras,person:ignacio arganda carreras,Ignacio Arganda-Carreras,8,110.0,0.0,1
person:nadine randel,person:nadine randel,Nadine Randel,8,97.0,0.0,2
person:b gerber,person:b gerber,B. Gerber,8,95.0,0.0,2
person:fuming yang,person:fuming yang,Fuming Yang,8,92.0,0.0,1
person:mei zhen,person:mei zhen,Mei Zhen,8,82.0,0.0,1
person:r vogelstein,person:r vogelstein,R. J. Vogelstein,8,78.0,0.0,2
person:shengjin xu,person:shengjin xu,Shengjin Xu,8,75.0,0.0,0
person:yongchuan zhu,person:yongchuan zhu,Yongchuan Zhu,8,72.0,0.0,0
person:seung hee lee,person:seung hee lee,Seung-Hee Lee,8,70.0,0.0,5
person:d dacey,person:d dacey,D. Dacey,8,70.0,0.0,8
person:r burns,person:r burns,R. Burns,8,68.0,0.0,2
person:gregg wildenberg,person:gregg wildenberg,Gregg A. Wildenberg,8,60.0,0.0,13
person:ruobing zhang,person:ruobing zhang,Ruobing Zhang,8,59.0,0.0,1
person:p vertes,person:p vertes,P. Vértes,8,54.0,0.0,4
person:qiwei xie,person:qiwei xie,Qiwei Xie,8,51.0,0.0,0
person:k boergens,person:k boergens,K. Boergens,8,50.0,0.0,6
person:linqing feng,person:linqing feng,Linqing Feng,8,42.0,0.0,0
person:minh tang,person:minh tang,Minh Tang,8,41.0,0.0,2
person:won ki jeong,person:won ki jeong,Won-Ki Jeong,8,37.0,0.0,1
person:yishi jin,person:yishi jin,Yishi Jin,8,28.0,0.0,0
person:e bullmore,person:e bullmore,E. Bullmore,8,27.0,0.0,4
person:manuel zimmer,person:manuel zimmer,Manuel Zimmer,8,27.0,0.0,25
person:paul brooks,person:paul brooks,Paul Brooks,7,698.0,0.004878,3
person:ryan willie,person:ryan willie,Ryan Willie,7,574.0,0.006699,3
person:shirley lauchie,person:shirley lauchie,Shirley A Lauchie,7,529.0,1.7e-05,1
person:a javier,person:a javier,A. Javier,7,521.0,0.015549,3
person:tyler paterson,person:tyler paterson,Tyler Paterson,7,511.0,0.000741,1
person:philip hubbard,person:philip hubbard,Philip M. Hubbard,7,497.0,1.7e-05,1
person:s waddell,person:s waddell,S. Waddell,7,483.0,0.011574,3
person:wyatt korff,person:wyatt korff,Wyatt L. Korff,7,457.0,0.002951,1
person:omotara ogundeyi,person:omotara ogundeyi,Omotara Ogundeyi,7,454.0,0.000179,1
person:eric trautman,person:eric trautman,Eric T. Trautman,7,432.0,0.002589,1
person:minggang wang,person:minggang wang,MingGang Wang,7,358.0,0.001001,3
person:erika neace,person:erika neace,Erika Neace,7,355.0,0.000355,1
person:v jayaraman,person:v jayaraman,V. Jayaraman,7,354.0,0.000336,1
person:paul fahey,person:paul fahey,Paul G. Fahey,7,334.0,3e-06,3
person:saumil patel,person:saumil patel,Saumil S. Patel,7,330.0,3e-06,3
person:x pitkow,person:x pitkow,X. Pitkow,7,327.0,3e-06,3
person:jeremy maitin shepard,person:jeremy maitin shepard,Jeremy B. Maitin-Shepard,7,300.0,0.0,1
person:ruairi roberts,person:ruairi roberts,Ruairí J. V. Roberts,7,287.0,0.0,3
person:s sorensen,person:s sorensen,S. Sorensen,7,271.0,0.0,3
person:e froudarakis,person:e froudarakis,E. Froudarakis,7,254.0,0.0,3
person:arthur zhao,person:arthur zhao,Arthur Zhao,7,221.0,0.0,1
person:s namiki,person:s namiki,S. Namiki,7,218.0,0.0,3
person:s agrawal,person:s agrawal,S. Agrawal,7,217.0,0.0,3
person:a peleg,person:a peleg,A. Peleg,7,184.0,0.0,1
person:xiaoming yang,person:xiaoming yang,Xiaoming Yang,7,176.0,0.0,0
person:huei fang yang,person:huei fang yang,Huei-Fang Yang,7,165.0,0.0,3
person:anne sustar,person:anne sustar,Anne Sustar,7,127.0,0.0,3
person:chris dallmann,person:chris dallmann,Chris J. Dallmann,7,126.0,0.0,3
person:hongyang wu,person:hongyang wu,Hongyang Wu,7,96.0,0.0,1
person:claire eschbach,person:claire eschbach,Claire Eschbach,7,93.0,0.0,2
person:tj sejnowski,person:tj sejnowski,TJ Sejnowski,7,91.0,0.0,2
person:ming quan chen,person:ming quan chen,Ming-Quan Chen,7,90.0,0.0,0
person:michael winding,person:michael winding,Michael Winding,7,89.0,0.0,2
person:stephen smith,person:stephen smith,Stephen M. Smith,7,88.0,0.0,2
person:d kleissas,person:d kleissas,D. Kleissas,7,86.0,0.0,2
person:xiaojing ding,person:xiaojing ding,Xiaojing Ding,7,85.0,0.0,0
person:wenjing wang,person:wenjing wang,Wenjing Wang,7,84.0,0.0,0
person:parmis mirshahidi,person:parmis mirshahidi,Parmis S. Mirshahidi,7,81.0,0.0,4
person:j lauritzen,person:j lauritzen,J. S. Lauritzen,7,73.0,0.0,8
person:philipp berens,person:philipp berens,Philipp Berens,7,70.0,0.0,6
person:l bezares calderon,person:l bezares calderon,L. A. Bezares-Calderón,7,69.0,0.0,2
person:c watt,person:c watt,C. Watt,7,66.0,0.0,8
person:li ping liu,person:li ping liu,Li-Ping Liu,7,66.0,0.0,0
person:lijun shen,person:lijun shen,Lijun Shen,7,64.0,0.0,0
person:tianrui zhang,person:tianrui zhang,Tianrui Zhang,7,63.0,0.0,0
person:chung chuang lo,person:chung chuang lo,Chung-Chuang Lo,7,60.0,0.0,0
person:t schubert,person:t schubert,T. Schubert,7,59.0,0.0,6
person:daniel haehn,person:daniel haehn,Daniel Haehn,7,58.0,0.0,1
person:eviatar yemini,person:eviatar yemini,Eviatar Yemini,7,57.0,0.0,4
person:hyeyoung lee,person:hyeyoung lee,Hyeyoung Lee,7,49.0,0.0,6
person:s jasek,person:s jasek,S. Jasek,7,46.0,0.0,2
person:jianwei lu,person:jianwei lu,Jianwei Lu,7,45.0,0.0,1
person:alexei verkhratsky,person:alexei verkhratsky,Alexei Verkhratsky,7,45.0,0.0,21
person:g knott,person:g knott,G. Knott,7,44.0,0.0,7
person:elad schneidman,person:elad schneidman,Elad Schneidman,7,42.0,0.0,4
person:wenjing huang,person:wenjing huang,Wenjing Huang,7,41.0,0.0,0
person:caio seguin,person:caio seguin,Caio Seguin,7,32.0,0.0,5
person:d bassett,person:d bassett,D. Bassett,7,31.0,0.0,2
person:albert laszlo barabasi,person:albert laszlo barabasi,Albert-László Barabási,7,28.0,0.0,4
person:rembrandt bakker,person:rembrandt bakker,Rembrandt Bakker,7,24.0,0.0,6
person:m van den heuvel,person:m van den heuvel,M. P. van den heuvel,7,11.0,0.0,5
person:h duffau,person:h duffau,H. Duffau,7,5.0,0.0,98
person:christopher dunne,person:christopher dunne,Christopher R. Dunne,6,852.0,0.000195,3
person:c ribeiro,person:c ribeiro,C. Ribeiro,6,724.0,0.000341,3
person:audrey francis,person:audrey francis,Audrey Francis,6,651.0,0.000792,3
person:r george,person:r george,R. George,6,563.0,5e-05,1
person:christopher knecht,person:christopher knecht,Christopher Knecht,6,550.0,0.000241,1
person:alanna lohff,person:alanna lohff,Alanna Lohff,6,550.0,0.000241,1
person:ashley scott,person:ashley scott,Ashley L. Scott,6,550.0,0.000241,1
person:james hebditch,person:james hebditch,James Hebditch,6,547.0,0.006695,3
person:k willie,person:k willie,K. Willie,6,547.0,0.007155,3
person:keinosuke ito,person:keinosuke ito,Keinosuke Ito,6,530.0,3e-06,1
person:siqi fang,person:siqi fang,Siqi Fang,6,510.0,0.016322,3
person:doug bland,person:doug bland,Doug Bland,6,509.0,0.000108,3
person:zepeng yao,person:zepeng yao,Zepeng Yao,6,503.0,0.00016,3
person:imaan tamimi,person:imaan tamimi,Imaan F. M. Tamimi,6,471.0,0.015681,3
person:a seeds,person:a seeds,A. Seeds,6,466.0,0.000133,3
person:stefanie hampel,person:stefanie hampel,Stefanie Hampel,6,466.0,0.000133,3
person:sandeep kumar,person:sandeep kumar,Sandeep Kumar,6,461.0,0.000129,3
person:tom kazimiers,person:tom kazimiers,Tom Kazimiers,6,384.0,0.000798,3
person:kristin scott,person:kristin scott,Kristin Scott,6,366.0,0.00012,3
person:tim blakely,person:tim blakely,Tim Blakely,6,365.0,5.2e-05,1
person:zhiqiao liu,person:zhiqiao liu,Zhiqiao Liu,6,349.0,0.004834,3
person:hyoungkyu kim,person:hyoungkyu kim,Hyoungkyu Kim,6,331.0,0.000738,3
person:s papadopoulos,person:s papadopoulos,S. Papadopoulos,6,323.0,3e-06,3
person:billy morris,person:billy morris,Billy J. Morris,6,295.0,0.0,3
person:seong kyun kim,person:seong kyun kim,Seong-Kyun Kim,6,226.0,0.0,1
person:s cachero,person:s cachero,S. Cachero,6,211.0,0.0,3
person:l capdevila,person:l capdevila,L. Capdevila,6,205.0,0.0,3
person:lydia ng,person:lydia ng,Lydia Ng,6,191.0,0.0,0
person:hua tai xu,person:hua tai xu,Hua-tai Xu,6,183.0,0.0,0
person:shenqin yao,person:shenqin yao,Shenqin Yao,6,179.0,0.0,0
person:zhaoxiang zhang,person:zhaoxiang zhang,Zhaoxiang Zhang,6,164.0,0.0,3
person:jung seok choi,person:jung seok choi,Jung-Seok Choi,6,159.0,0.0,1
person:tingting jiang,person:tingting jiang,Tingting Jiang,6,153.0,0.0,0
person:yongxin zhao,person:yongxin zhao,Yongxin Zhao,6,139.0,0.0,3
person:yu chi huang,person:yu chi huang,Yu-Chi Huang,6,135.0,0.0,0
person:caitlyn bishop,person:caitlyn bishop,Caitlyn Bishop,6,123.0,0.0,2
person:florian engert,person:florian engert,Florian Engert,6,122.0,0.0,1
person:zhenqing chen,person:zhenqing chen,Zhenqing Chen,6,115.0,0.0,0
person:j tapia,person:j tapia,J. C. Tapia,6,111.0,0.0,1
person:c gerfen,person:c gerfen,C. Gerfen,6,103.0,0.0,0
person:luxuan wang,person:luxuan wang,Luxuan Wang,6,92.0,0.0,0
person:yingjie yang,person:yingjie yang,Yingjie Yang,6,82.0,0.0,0
person:javier valdes aleman,person:javier valdes aleman,Javier Valdes-Aleman,6,80.0,0.0,2
person:christoph sommer,person:christoph sommer,Christoph Sommer,6,76.0,0.0,7
person:tao fang,person:tao fang,Tao Fang,6,75.0,0.0,1
person:andreas thum,person:andreas thum,Andreas S. Thum,6,70.0,0.0,2
person:eilif muller,person:eilif muller,Eilif B. Muller,6,69.0,0.0,7
person:brian matejek,person:brian matejek,Brian Matejek,6,67.0,0.0,1
person:a zlateski,person:a zlateski,A. Zlateski,6,61.0,0.0,3
person:orin packer,person:orin packer,Orin Packer,6,60.0,0.0,8
person:constantin pape,person:constantin pape,Constantin Pape,6,58.0,0.0,0
person:thomas euler,person:thomas euler,Thomas Euler,6,56.0,0.0,6
person:y kurmangaliyev,person:y kurmangaliyev,Y. Kurmangaliyev,6,56.0,0.0,4
person:l luo,person:l luo,L. Luo,6,55.0,0.0,2
person:v kaynig,person:v kaynig,V. Kaynig,6,54.0,0.0,1
person:meital oren suissa,person:meital oren suissa,Meital Oren-Suissa,6,50.0,0.0,4
person:u grunert,person:u grunert,U. Grünert,6,48.0,0.0,8
person:sara patterson,person:sara patterson,Sara S. Patterson,6,47.0,0.0,8
person:a polilov,person:a polilov,A. Polilov,6,46.0,0.0,1
person:david grant colburn hildebrand,person:david grant colburn hildebrand,David Grant Colburn Hildebrand,6,45.0,0.0,9
person:ali al awami,person:ali al awami,Ali K. Al-Awami,6,45.0,0.0,1
person:arlo sheridan,person:arlo sheridan,Arlo Sheridan,6,41.0,0.0,1
person:yunfeng hua,person:yunfeng hua,Yunfeng Hua,6,41.0,0.0,0
person:fabian svara,person:fabian svara,Fabian Svara,6,40.0,0.0,6
person:a dacks,person:a dacks,A. Dacks,6,40.0,0.0,9
person:grant chou,person:grant chou,Grant M. Chou,6,39.0,0.0,3
person:lidia ripoll sanchez,person:lidia ripoll sanchez,Lidia Ripoll-Sánchez,6,39.0,0.0,4
person:a merchan perez,person:a merchan perez,Á. Merchán-Pérez,6,34.0,0.0,7
person:oliver schmitt,person:oliver schmitt,Oliver Schmitt,6,32.0,0.0,20
person:peter eipert,person:peter eipert,Peter Eipert,6,32.0,0.0,20
person:yee lian chew,person:yee lian chew,Yee Lian Chew,6,31.0,0.0,4
person:c doe,person:c doe,C. Doe,6,29.0,0.0,2
person:qihua chen,person:qihua chen,Qihua Chen,6,29.0,0.0,0
person:d sussman,person:d sussman,D. Sussman,6,28.0,0.0,2
person:yu ying zhou,person:yu ying zhou,Yu-ying Zhou,6,26.0,0.0,0
person:gergely odor,person:gergely odor,Gergely Ódor,6,26.0,0.0,1
person:a fornito,person:a fornito,A. Fornito,6,24.0,0.0,5
person:nestor timonidis,person:nestor timonidis,Nestor Timonidis,6,19.0,0.0,6
person:jaeseung jeong,person:jaeseung jeong,Jaeseung Jeong,6,17.0,0.0,4
person:a stepanyants,person:a stepanyants,A. Stepanyants,6,10.0,0.0,0
person:marcus kaiser,person:marcus kaiser,Marcus Kaiser,6,2.0,0.0,271
person:e munnelly,person:e munnelly,E. Munnelly,5,847.0,0.001512,3
person:brandon canino,person:brandon canino,Brandon S Canino,5,481.0,1.7e-05,1
person:charli maldonado,person:charli maldonado,Charli A Maldonado,5,481.0,1.7e-05,1
person:caroline mooney,person:caroline mooney,Caroline Mooney,5,481.0,1.7e-05,1
person:nneoma okeoma,person:nneoma okeoma,Nneoma Okeoma,5,481.0,1.7e-05,1
person:e phillips,person:e phillips,E. M. Phillips,5,481.0,1.7e-05,1
person:georgia dempsey,person:georgia dempsey,Georgia Dempsey,5,464.0,0.011838,3
person:austin burke,person:austin burke,Austin T Burke,5,454.0,0.000131,3
person:meet zandawala,person:meet zandawala,Meet Zandawala,5,434.0,0.00016,3
person:farzaan salman,person:farzaan salman,Farzaan Salman,5,433.0,0.000333,3
person:claire smith,person:claire smith,Claire Smith,5,432.0,5.5e-05,1
person:masayoshi ito,person:masayoshi ito,Masayoshi Ito,5,423.0,3e-06,1
person:jens goldammer,person:jens goldammer,Jens Goldammer,5,419.0,3e-06,1
person:rob svirskas,person:rob svirskas,Rob Svirskas,5,417.0,0.00034,1
person:david deutsch,person:david deutsch,David S. Deutsch,5,412.0,3.6e-05,3
person:iris talebi,person:iris talebi,Iris Talebi,5,392.0,0.000151,1
person:celia david,person:celia david,Celia David,5,391.0,0.000125,3
person:albert lin,person:albert lin,Albert Lin,5,375.0,4.8e-05,3
person:zhihao zheng,person:zhihao zheng,Zhihao Zheng,5,365.0,0.001343,3
person:sridhar jagannathan,person:sridhar jagannathan,Sridhar R. Jagannathan,5,362.0,0.001068,3
person:samantha finley may,person:samantha finley may,Samantha Finley-May,5,354.0,0.002998,1
person:lucia kmecova,person:lucia kmecova,Lucia Kmecova,5,351.0,0.001458,3
person:a shinomiya,person:a shinomiya,A. Shinomiya,5,349.0,0.000131,1
person:mathias wernet,person:mathias wernet,Mathias F. Wernet,5,330.0,0.000578,3
person:tanya wolff,person:tanya wolff,Tanya Wolff,5,322.0,0.000138,1
person:emily tenshaw,person:emily tenshaw,Emily Tenshaw,5,305.0,8e-06,3
person:stephan preibisch,person:stephan preibisch,Stephan Preibisch,5,279.0,0.0,1
person:erick cobos,person:erick cobos,Erick Cobos,5,277.0,0.0,3
person:david ackerman,person:david ackerman,David Ackerman,5,268.0,0.0,1
person:k khairy,person:k khairy,K. Khairy,5,263.0,0.0,1
person:j horne,person:j horne,J. Horne,5,261.0,0.0,1
person:takashi kawase,person:takashi kawase,Takashi Kawase,5,260.0,0.0,1
person:m mallory,person:m mallory,M. Mallory,5,209.0,0.0,3
person:su yee lee,person:su yee lee,Su-Yee J. Lee,5,203.0,0.0,3
person:ellen lesser,person:ellen lesser,Ellen Lesser,5,201.0,0.0,3
person:claire walsh,person:claire walsh,Claire Walsh,5,197.0,0.0,1
person:edward rogers,person:edward rogers,Edward M Rogers,5,194.0,0.0,1
person:brian zingg,person:brian zingg,Brian Zingg,5,194.0,0.0,0
person:s romani,person:s romani,S. Romani,5,192.0,0.0,1
person:p nicovich,person:p nicovich,P. Nicovich,5,173.0,0.0,3
person:longmi gao,person:longmi gao,Longmi Gao,5,170.0,0.0,0
person:konrad rokicki,person:konrad rokicki,Konrad Rokicki,5,153.0,0.0,1
person:yisheng he,person:yisheng he,Yisheng He,5,147.0,0.0,0
person:elisa pavarino,person:elisa pavarino,Elisa C. Pavarino,5,125.0,0.0,1
person:n karlupia,person:n karlupia,N. Karlupia,5,117.0,0.0,1
person:catherine schretter,person:catherine schretter,Catherine E. Schretter,5,115.0,0.0,1
person:anthony moussa,person:anthony moussa,Anthony J. Moussa,5,112.0,0.0,3
person:chun xiao huang,person:chun xiao huang,Chun-Xiao Huang,5,104.0,0.0,1
person:sebastian seung,person:sebastian seung,Sebastian Seung,5,101.0,0.0,3
person:christof koch,person:christof koch,Christof Koch,5,94.0,0.0,0
person:ignacio tartavull,person:ignacio tartavull,Ignacio Tartavull,5,92.0,0.0,3
person:m hawrylycz,person:m hawrylycz,M. Hawrylycz,5,91.0,0.0,0
person:dazheng feng,person:dazheng feng,Dazheng Feng,5,85.0,0.0,0
person:d essen,person:d essen,D. C. Essen,5,80.0,0.0,2
person:qiantao lv,person:qiantao lv,Qiantao Lv,5,75.0,0.0,0
person:li jun chen,person:li jun chen,Li-jun Chen,5,74.0,0.0,0
person:yumei guo,person:yumei guo,Yumei Guo,5,71.0,0.0,0
person:alban cenameri,person:alban cenameri,Alban Cenameri,5,70.0,0.0,7
person:gaia novarino,person:gaia novarino,Gaia Novarino,5,70.0,0.0,7
person:yunlong shen,person:yunlong shen,Yunlong Shen,5,68.0,0.0,0
person:peng zhao,person:peng zhao,Peng Zhao,5,68.0,0.0,0
person:chao tsung yang,person:chao tsung yang,chao-tsung Yang,5,66.0,0.0,0
person:qiongling li,person:qiongling li,Qiongling Li,5,64.0,0.0,0
person:hui hong zhang,person:hui hong zhang,Hui-hong Zhang,5,63.0,0.0,0
person:raphael norman tenazas,person:raphael norman tenazas,Raphael Norman-Tenazas,5,62.0,0.0,2
person:casey schneider mizell,person:casey schneider mizell,Casey M. Schneider-Mizell,5,61.0,0.0,2
person:david miller,person:david miller,David M. Miller,5,61.0,0.0,4
person:marc hammarlund,person:marc hammarlund,Marc Hammarlund,5,61.0,0.0,4
person:t jones,person:t jones,T. Jones,5,61.0,0.0,1
person:ning wang,person:ning wang,Ning Wang,5,59.0,0.0,0
person:satchidananda panda,person:satchidananda panda,Satchidananda Panda,5,59.0,0.0,0
person:konrad paul kording,person:konrad paul kording,Konrad Paul Kording,5,58.0,0.0,2
person:robert smith,person:robert smith,Robert G. Smith,5,58.0,0.0,8
person:s phan,person:s phan,S. Phan,5,58.0,0.0,0
person:hannah martinez,person:hannah martinez,Hannah Martinez,5,57.0,0.0,2
person:steven calle schuler,person:steven calle schuler,Steven A. Calle-Schuler,5,57.0,0.0,1
person:ben mulcahy,person:ben mulcahy,Ben Mulcahy,5,57.0,0.0,1
person:mingyang li,person:mingyang li,Mingyang Li,5,56.0,0.0,0
person:xiaohong xu,person:xiaohong xu,Xiaohong Xu,5,55.0,0.0,0
person:feng wu,person:feng wu,Feng Wu,5,55.0,0.0,0
person:songting li,person:songting li,Songting Li,5,53.0,0.0,0
person:daniel emrich,person:daniel emrich,Daniel P. Emrich,5,53.0,0.0,8
person:carey priebe,person:carey priebe,Carey E. Priebe,5,53.0,0.0,2
person:sang kyu bahn,person:sang kyu bahn,Sang-kyu Bahn,5,52.0,0.0,5
person:lu mi,person:lu mi,Lu Mi,5,52.0,0.0,1
person:daniel witvliet,person:daniel witvliet,Daniel K. Witvliet,5,51.0,0.0,1
person:ashwin vishwanathan,person:ashwin vishwanathan,Ashwin Vishwanathan,5,51.0,0.0,3
person:e reilly,person:e reilly,E. Reilly,5,50.0,0.0,2
person:shujing zhang,person:shujing zhang,Shujing Zhang,5,50.0,0.0,0
person:b pedigo,person:b pedigo,B. Pedigo,5,49.0,0.0,2
person:j mendenhall,person:j mendenhall,J. Mendenhall,5,48.0,0.0,2
person:j neitz,person:j neitz,J. Neitz,5,47.0,0.0,8
person:r whitaker,person:r whitaker,R. Whitaker,5,47.0,0.0,8
person:michael robinette,person:michael robinette,Michael S. Robinette,5,46.0,0.0,2
person:andreas schoofs,person:andreas schoofs,Andreas Schoofs,5,46.0,0.0,2
person:anton miroschnikow,person:anton miroschnikow,Anton Miroschnikow,5,46.0,0.0,2
person:m landgraf,person:m landgraf,M. Landgraf,5,46.0,0.0,2
person:kristen harris,person:kristen harris,Kristen M. Harris,5,45.0,0.0,2
person:shashata sawmya,person:shashata sawmya,Shashata Sawmya,5,44.0,0.0,1
person:kevin boergens,person:kevin boergens,Kevin M. Boergens,5,44.0,0.0,13
person:yeon jin kim,person:yeon jin kim,Yeon Jin Kim,5,43.0,0.0,8
person:jinyue guo,person:jinyue guo,Jinyue Guo,5,43.0,0.0,0
person:andrew mckenzie,person:andrew mckenzie,Andrew T. McKenzie,5,42.0,0.0,11
person:tongchao li,person:tongchao li,Tongchao Li,5,42.0,0.0,0
person:herwig baier,person:herwig baier,Herwig Baier,5,41.0,0.0,6
person:a wilson,person:a wilson,A. Wilson,5,40.0,0.0,1
person:ashish raj,person:ashish raj,Ashish Raj,5,39.0,0.0,0
person:mojtaba seyedhosseini,person:mojtaba seyedhosseini,Mojtaba Seyedhosseini,5,38.0,0.0,8
person:zhuangzhuang zhao,person:zhuangzhuang zhao,Zhuangzhuang Zhao,5,35.0,0.0,0
person:s froudist walsh,person:s froudist walsh,S. Froudist-Walsh,5,33.0,0.0,5
person:xiangdong liu,person:xiangdong liu,Xiangdong Liu,5,32.0,0.0,0
person:shiuan tze wu,person:shiuan tze wu,Shiuan-Tze Wu,5,32.0,0.0,8
person:markus conzelmann,person:markus conzelmann,Markus Conzelmann,5,31.0,0.0,2
person:h kennedy,person:h kennedy,H. Kennedy,5,31.0,0.0,2
person:chenxuan wang,person:chenxuan wang,Chenxuan Wang,5,31.0,0.0,0
person:r baines,person:r baines,R. Baines,5,30.0,0.0,2
person:emily bayer,person:emily bayer,Emily A. Bayer,5,28.0,0.0,4
person:gyu hyun kim,person:gyu hyun kim,Gyu Hyun Kim,5,27.0,0.0,5
person:alessandro motta,person:alessandro motta,Alessandro Motta,5,27.0,0.0,6
person:a kreshuk,person:a kreshuk,A. Kreshuk,5,27.0,0.0,7
person:m turegano lopez,person:m turegano lopez,M. Turégano-Lopez,5,26.0,0.0,7
person:a athreya,person:a athreya,A. Athreya,5,26.0,0.0,2
person:a zarin,person:a zarin,A. Zarin,5,25.0,0.0,2
person:minghui liao,person:minghui liao,Minghui Liao,5,25.0,0.0,0
person:m puxeddu,person:m puxeddu,M. G. Puxeddu,5,24.0,0.0,5
person:bohao chen,person:bohao chen,Bohao Chen,5,23.0,0.0,0
person:p fua,person:p fua,P. Fua,5,23.0,0.0,7
person:r betzel,person:r betzel,R. Betzel,5,21.0,0.0,5
person:shaul druckmann,person:shaul druckmann,Shaul Druckmann,5,20.0,0.0,0
person:aindrila saha,person:aindrila saha,Aindrila Saha,5,20.0,0.0,42
person:marco agus,person:marco agus,Marco Agus,5,18.0,0.0,1
person:m diesmann,person:m diesmann,M. Diesmann,5,17.0,0.0,6
person:richard betzel,person:richard betzel,Richard F. Betzel,5,16.0,0.0,5
person:n chuhma,person:n chuhma,N. Chuhma,5,16.0,0.0,53
person:p tiesinga,person:p tiesinga,P. Tiesinga,5,12.0,0.0,6
person:rahul biswas,person:rahul biswas,Rahul Biswas,5,10.0,0.0,0
person:i rabinowitch,person:i rabinowitch,I. Rabinowitch,5,7.0,0.0,4
person:miriam flynn,person:miriam flynn,Miriam A. Flynn,4,552.0,0.008932,3
person:oluwaseun ogedengbe,person:oluwaseun ogedengbe,Oluwaseun Ogedengbe,4,461.0,0.007993,3
person:selden koolman,person:selden koolman,Selden Koolman,4,443.0,0.008771,3
person:serene dhawan,person:serene dhawan,Serene Dhawan,4,432.0,0.003307,3
person:dustin garner,person:dustin garner,Dustin Garner,4,420.0,0.000441,3
person:diego pacheco,person:diego pacheco,Diego A. Pacheco,4,417.0,0.000159,3
person:joseph hsu,person:joseph hsu,Joseph Hsu,4,415.0,0.018687,3
person:hyungjun choi,person:hyungjun choi,Hyungjun Choi,4,395.0,0.001854,3
person:r turnbull,person:r turnbull,R. Turnbull,4,355.0,0.000376,3
person:n drummond,person:n drummond,N. Drummond,4,337.0,0.0006,3
person:nils reinhard,person:nils reinhard,Nils Reinhard,4,332.0,0.000217,3
person:charlotte helfrich forster,person:charlotte helfrich forster,Charlotte Helfrich-Förster,4,332.0,0.000217,3
person:emil kind,person:emil kind,Emil Kind,4,329.0,0.00058,3
person:gizem sancer,person:gizem sancer,Gizem Sancer,4,329.0,0.00058,3
person:young joon kim,person:young joon kim,Young-Joon Kim,4,327.0,0.000217,3
person:elliott phillips,person:elliott phillips,Elliott Phillips,4,318.0,0.000132,1
person:natalie smith,person:natalie smith,Natalie Smith,4,318.0,0.000132,1
person:laramie leavitt,person:laramie leavitt,Laramie Leavitt,4,276.0,0.0,1
person:megan sammons,person:megan sammons,Megan Sammons,4,236.0,0.0,1
person:tom dolafi,person:tom dolafi,Tom Dolafi,4,230.0,0.0,1
person:nicole neubarth,person:nicole neubarth,Nicole N. Neubarth,4,230.0,0.0,1
person:g williams,person:g williams,G. Williams,4,218.0,0.0,3
person:c gamlin,person:c gamlin,C. Gamlin,4,213.0,0.0,3
person:kit longden,person:kit longden,Kit D Longden,4,204.0,0.0,1
person:s suckow,person:s suckow,S. Suckow,4,199.0,0.0,3
person:isabella beckett,person:isabella beckett,Isabella R. Beckett,4,191.0,0.0,3
person:judith hoeller,person:judith hoeller,Judith Hoeller,4,190.0,0.0,1
person:muye zhu,person:muye zhu,Muye Zhu,4,185.0,0.0,0
person:william zhang,person:william zhang,William Zhang,4,180.0,0.0,3
person:luis garcia,person:luis garcia,Luis Garcia,4,178.0,0.0,0
person:lin gou,person:lin gou,Lin Gou,4,177.0,0.0,0
person:seita yamashita,person:seita yamashita,Seita Yamashita,4,177.0,0.0,0
person:houri hintiryan,person:houri hintiryan,Houri Hintiryan,4,177.0,0.0,0
person:zhangcan ding,person:zhangcan ding,Zhangcan Ding,4,175.0,0.0,3
person:bao lei zhang,person:bao lei zhang,Bao-Lei Zhang,4,159.0,0.0,0
person:daoyang wang,person:daoyang wang,Daoyang Wang,4,131.0,0.0,0
person:hyun seung mun,person:hyun seung mun,Hyun-Seung Mun,4,125.0,0.0,0
person:cristian goina,person:cristian goina,Cristian Goina,4,124.0,0.0,1
person:ming chin wu,person:ming chin wu,Ming-Chin Wu,4,121.0,0.0,0
person:l venkatasubramanian,person:l venkatasubramanian,L. Venkatasubramanian,4,119.0,0.0,2
person:yichen luo,person:yichen luo,Yichen Luo,4,116.0,0.0,3
person:kaifeng chen,person:kaifeng chen,Kaifeng Chen,4,109.0,0.0,0
person:b pratt,person:b pratt,B. Pratt,4,108.0,0.0,3
person:wen jie xu,person:wen jie xu,Wen-Jie Xu,4,107.0,0.0,0
person:xiu lian shen,person:xiu lian shen,Xiu-Lian Shen,4,106.0,0.0,0
person:natalie chen,person:natalie chen,Natalie Chen,4,103.0,0.0,0
person:sarah walling bell,person:sarah walling bell,Sarah Walling-Bell,4,103.0,0.0,0
person:nathan klapoetke,person:nathan klapoetke,Nathan C. Klapoetke,4,99.0,0.0,1
person:zhuhao wu,person:zhuhao wu,Zhuhao Wu,4,97.0,0.0,0
person:m milham,person:m milham,M. Milham,4,96.0,0.0,5
person:tian min chen,person:tian min chen,Tian-min Chen,4,94.0,0.0,0
person:qiuying zhao,person:qiuying zhao,Qiuying Zhao,4,91.0,0.0,0
person:victoria rose,person:victoria rose,Victoria A. Rose,4,89.0,0.0,2
person:ian wickersham,person:ian wickersham,Ian R. Wickersham,4,89.0,0.0,0
person:m ahrens,person:m ahrens,M. Ahrens,4,88.0,0.0,1
person:bosiljka tasic,person:bosiljka tasic,Bosiljka Tasic,4,85.0,0.0,0
person:j zung,person:j zung,J. Zung,4,85.0,0.0,3
person:alexander shapson coe,person:alexander shapson coe,Alexander Shapson-Coe,4,85.0,0.0,1
person:lijie zhan,person:lijie zhan,Lijie Zhan,4,78.0,0.0,0
person:qingxu liu,person:qingxu liu,Qingxu Liu,4,78.0,0.0,0
person:d milkie,person:d milkie,D. Milkie,4,78.0,0.0,1
person:ben fulcher,person:ben fulcher,Ben D. Fulcher,4,78.0,0.0,5
person:michael dickinson,person:michael dickinson,Michael H. Dickinson,4,77.0,0.0,3
person:avinash khandelwal,person:avinash khandelwal,Avinash Khandelwal,4,75.0,0.0,2
person:courtney lau,person:courtney lau,Courtney Lau,4,72.0,0.0,0
person:donghyung lee,person:donghyung lee,Donghyung Lee,4,71.0,0.0,1
person:longzhou xu,person:longzhou xu,Longzhou Xu,4,67.0,0.0,0
person:daniela egas santander,person:daniela egas santander,Daniela Egas Santander,4,67.0,0.0,7
person:yachuang hu,person:yachuang hu,Yachuang Hu,4,67.0,0.0,0
person:r franconville,person:r franconville,R. Franconville,4,66.0,0.0,3
person:bokyoung lee,person:bokyoung lee,Bokyoung Lee,4,66.0,0.0,3
person:pei tseng lee,person:pei tseng lee,Pei-Tseng Lee,4,66.0,0.0,4
person:akira fushiki,person:akira fushiki,Akira Fushiki,4,65.0,0.0,2
person:k svoboda,person:k svoboda,K. Svoboda,4,65.0,0.0,8
person:guoqiang bi,person:guoqiang bi,Guoqiang Bi,4,62.0,0.0,0
person:n dhanyasi,person:n dhanyasi,N. Dhanyasi,4,62.0,0.0,1
person:ingrid andrade,person:ingrid andrade,Ingrid V. Andrade,4,58.0,0.0,2
person:nathan drenkow,person:nathan drenkow,Nathan Drenkow,4,58.0,0.0,2
person:m shao,person:m shao,M. Shao,4,54.0,0.0,2
person:zhen qiu,person:zhen qiu,Zhen Qiu,4,52.0,0.0,0
person:julia lyudchik,person:julia lyudchik,Julia Lyudchik,4,52.0,0.0,7
person:e lein,person:e lein,E. Lein,4,52.0,0.0,0
person:s akbarian,person:s akbarian,S. Akbarian,4,51.0,0.0,14
person:k rapp,person:k rapp,K. Rapp,4,51.0,0.0,8
person:emre aksay,person:emre aksay,Emre R. F. Aksay,4,51.0,0.0,3
person:wan qing yu,person:wan qing yu,Wan-Qing Yu,4,49.0,0.0,0
person:t deerinck,person:t deerinck,T. Deerinck,4,49.0,0.0,0
person:katrin franke,person:katrin franke,Katrin Franke,4,48.0,0.0,6
person:i siwanowicz,person:i siwanowicz,I. Siwanowicz,4,48.0,0.0,3
person:priya manavalan,person:priya manavalan,Priya Manavalan,4,47.0,0.0,2
person:peter jonas,person:peter jonas,Peter Jonas,4,47.0,0.0,7
person:t bartol,person:t bartol,T. Bartol,4,47.0,0.0,2
person:brett graham,person:brett graham,Brett J. Graham,4,46.0,0.0,9
person:j singer,person:j singer,J. Singer,4,46.0,0.0,6
person:mark dombrovski,person:mark dombrovski,Mark Dombrovski,4,46.0,0.0,4
person:m montero crespo,person:m montero crespo,M. Montero-Crespo,4,45.0,0.0,1
person:benjamin li,person:benjamin li,Benjamin Li,4,45.0,0.0,0
person:jessica garcia,person:jessica garcia,Jessica C. Garcia,4,45.0,0.0,8
person:justin joyce,person:justin joyce,Justin Joyce,4,45.0,0.0,2
person:nicola palomero gallagher,person:nicola palomero gallagher,Nicola Palomero-Gallagher,4,44.0,0.0,5
person:j schindelin,person:j schindelin,J. Schindelin,4,43.0,0.0,2
person:jinfang li,person:jinfang li,Jinfang Li,4,43.0,0.0,0
person:b sabatini,person:b sabatini,B. Sabatini,4,43.0,0.0,9
person:haosheng sun,person:haosheng sun,Haosheng Sun,4,43.0,0.0,4
person:k nguyen,person:k nguyen,K. Nguyen,4,43.0,0.0,4
person:s grant,person:s grant,S. Grant,4,42.0,0.0,7
person:andreas schaefer,person:andreas schaefer,Andreas T. Schaefer,4,42.0,0.0,9
person:phinikoula katsamba,person:phinikoula katsamba,Phinikoula S. Katsamba,4,41.0,0.0,4
person:l shapiro,person:l shapiro,L. Shapiro,4,41.0,0.0,4
person:daniel colon ramos,person:daniel colon ramos,Daniel A. Colón-Ramos,4,40.0,0.0,2
person:thomas athey,person:thomas athey,Thomas Athey,4,40.0,0.0,1
person:p potocek,person:p potocek,P. Potocek,4,40.0,0.0,1
person:i chandok,person:i chandok,I. Chandok,4,40.0,0.0,1
person:maurice peemen,person:maurice peemen,Maurice Peemen,4,40.0,0.0,1
person:xudong zhao,person:xudong zhao,Xudong Zhao,4,40.0,0.0,0
person:m pankratz,person:m pankratz,M. Pankratz,4,40.0,0.0,2
person:m kuwajima,person:m kuwajima,M. Kuwajima,4,39.0,0.0,2
person:jean livet,person:jean livet,Jean Livet,4,39.0,0.0,1
person:robert anderson,person:robert anderson,Robert J Anderson,4,38.0,0.0,5
person:yangning lu,person:yangning lu,Yangning Lu,4,38.0,0.0,0
person:a robie,person:a robie,A. Robie,4,37.0,0.0,1
person:kai kang,person:kai kang,Kai Kang,4,36.0,0.0,1
person:e ozkan,person:e ozkan,E. Özkan,4,36.0,0.0,4
person:m oberlaender,person:m oberlaender,M. Oberlaender,4,36.0,0.0,6
person:michael chirillo,person:michael chirillo,Michael A. Chirillo,4,36.0,0.0,2
person:e jurrus,person:e jurrus,E. Jurrus,4,36.0,0.0,8
person:david peale,person:david peale,David Peale,4,35.0,0.0,1
person:manuel berning,person:manuel berning,Manuel Berning,4,35.0,0.0,6
person:joris de wit,person:joris de wit,Joris de Wit,4,34.0,0.0,4
person:gianluca lazzi,person:gianluca lazzi,Gianluca Lazzi,4,33.0,0.0,8
person:seymour knowles barley,person:seymour knowles barley,Seymour Knowles-Barley,4,33.0,0.0,1
person:masato koike,person:masato koike,Masato Koike,4,33.0,0.0,19
person:robert carrillo,person:robert carrillo,Robert A. Carrillo,4,32.0,0.0,4
person:jawon gim,person:jawon gim,Jawon Gim,4,31.0,0.0,5
person:haoshen zhai,person:haoshen zhai,Haoshen Zhai,4,31.0,0.0,0
person:i fiete,person:i fiete,I. Fiete,4,30.0,0.0,2
person:t uram,person:t uram,T. Uram,4,30.0,0.0,1
person:philipp schubert,person:philipp schubert,Philipp J Schubert,4,30.0,0.0,6
person:m longair,person:m longair,M. Longair,4,30.0,0.0,2
person:p hof,person:p hof,P. Hof,4,30.0,0.0,0
person:a matveev,person:a matveev,A. Matveev,4,30.0,0.0,1
person:hayk saribekyan,person:hayk saribekyan,Hayk Saribekyan,4,30.0,0.0,1
person:gregory hager,person:gregory hager,Gregory Hager,4,30.0,0.0,2
person:fabian tschopp,person:fabian tschopp,Fabian Tschopp,4,30.0,0.0,1
person:bei hong,person:bei hong,Bei Hong,4,30.0,0.0,0
person:wei wei,person:wei wei,Wei Wei,4,29.0,0.0,0
person:ting hao huang,person:ting hao huang,Ting-hao Huang,4,29.0,0.0,0
person:william smith,person:william smith,William V. Smith,4,29.0,0.0,22
person:s jbabdi,person:s jbabdi,S. Jbabdi,4,29.0,0.0,5
person:y tsukamoto,person:y tsukamoto,Y. Tsukamoto,4,28.0,0.0,6
person:k knoblauch,person:k knoblauch,K. Knoblauch,4,28.0,0.0,2
person:juyoun yoo,person:juyoun yoo,Juyoun Yoo,4,28.0,0.0,4
person:richard axel,person:richard axel,Richard Axel,4,27.0,0.0,2
person:douglas portman,person:douglas portman,Douglas S. Portman,4,27.0,0.0,4
person:katrin amunts,person:katrin amunts,Katrin Amunts,4,27.0,0.0,5
person:hideyuki okano,person:hideyuki okano,Hideyuki Okano,4,27.0,0.0,18
person:j sanes,person:j sanes,J. Sanes,4,26.0,0.0,6
person:yichun shuai,person:yichun shuai,Yichun Shuai,4,25.0,0.0,1
person:r wong,person:r wong,R. Wong,4,25.0,0.0,6
person:s chu,person:s chu,S. Chu,4,25.0,0.0,8
person:c brittin,person:c brittin,C. Brittin,4,25.0,0.0,4
person:b staffler,person:b staffler,B. Staffler,4,24.0,0.0,6
person:emma towlson,person:emma towlson,Emma K. Towlson,4,24.0,0.0,4
person:f drawitsch,person:f drawitsch,F. Drawitsch,4,24.0,0.0,6
person:franck polleux,person:franck polleux,Franck Polleux,4,24.0,0.0,4
person:jose rodrigo rodriguez,person:jose rodrigo rodriguez,José-Rodrigo Rodríguez,4,23.0,0.0,7
person:david bader,person:david bader,David A. Bader,4,23.0,0.0,33
person:yuchao jiang,person:yuchao jiang,Yuchao Jiang,4,23.0,0.0,0
person:erik bloss,person:erik bloss,Erik B. Bloss,4,23.0,0.0,0
person:yongguo yu,person:yongguo yu,Yongguo Yu,4,22.0,0.0,0
person:p tomancak,person:p tomancak,P. Tomančák,4,22.0,0.0,2
person:bingzhang wang,person:bingzhang wang,Bingzhang Wang,4,22.0,0.0,4
person:s locascio,person:s locascio,S. LoCascio,4,22.0,0.0,4
person:akinao nose,person:akinao nose,Akinao Nose,4,22.0,0.0,2
person:c cali,person:c cali,C. Calì,4,21.0,0.0,7
person:amelio vazquez reina,person:amelio vazquez reina,Amelio Vázquez Reina,4,20.0,0.0,1
person:h kohsaka,person:h kohsaka,H. Kohsaka,4,20.0,0.0,2
person:t margrie,person:t margrie,T. Margrie,4,19.0,0.0,9
person:bradly alicea,person:bradly alicea,Bradly Alicea,4,19.0,0.0,10
person:kerrianne ryan,person:kerrianne ryan,Kerrianne Ryan,4,19.0,0.0,22
person:t mrsic flogel,person:t mrsic flogel,T. Mrsic-Flogel,4,19.0,0.0,9
person:huanxiang lu,person:huanxiang lu,Huanxiang Lu,4,17.0,0.0,7
person:a arnatkeviciute,person:a arnatkeviciute,A. Arnatkevic̆iūtė,4,17.0,0.0,5
person:josh morgan,person:josh morgan,Josh L. Morgan,4,16.0,0.0,9
person:t clandinin,person:t clandinin,T. R. Clandinin,4,16.0,0.0,15
person:chunxiuzi liu,person:chunxiuzi liu,Chunxiuzi Liu,4,16.0,0.0,0
person:guojia wan,person:guojia wan,Guojia Wan,4,16.0,0.0,0
person:bo du,person:bo du,Bo Du,4,16.0,0.0,0
person:s rayport,person:s rayport,S. Rayport,4,16.0,0.0,53
person:r romero garcia,person:r romero garcia,R. Romero‐Garcia,4,15.0,0.0,4
person:christel genoud,person:christel genoud,Christel Genoud,4,15.0,0.0,6
person:jerald kralik,person:jerald kralik,Jerald D. Kralik,4,11.0,0.0,4
person:g deco,person:g deco,G. Deco,4,10.0,0.0,2
person:james fitzgerald,person:james fitzgerald,James E. Fitzgerald,4,10.0,0.0,6
person:l scholtens,person:l scholtens,L. H. Scholtens,4,7.0,0.0,5
person:b scholl,person:b scholl,B. Scholl,4,7.0,0.0,84
person:y mishchenko,person:y mishchenko,Y. Mishchenko,4,5.0,0.0,2
person:varun sane,person:varun sane,Varun A. Sane,3,638.0,0.0,3
person:a fragniere,person:a fragniere,A. M. Fragniere,3,483.0,0.002406,3
person:alex thomson,person:alex thomson,Alex G. Thomson,3,483.0,0.002406,3
person:laia serratosa capdevila,person:laia serratosa capdevila,Laia Serratosa Capdevila,3,449.0,0.015617,3
person:krzysztof kruk,person:krzysztof kruk,Krzysztof Kruk,3,447.0,0.000111,3
person:nikitas serafetinidis,person:nikitas serafetinidis,Nikitas Serafetinidis,3,428.0,0.00016,3
person:i tastekin,person:i tastekin,I. Tastekin,3,423.0,0.013593,3
person:kai kuehner,person:kai kuehner,Kai Kuehner,3,422.0,0.008484,3
person:merlin moore,person:merlin moore,Merlin Moore,3,416.0,0.009888,3
person:michael pankratz,person:michael pankratz,Michael J. Pankratz,3,408.0,0.001057,3
person:rachel wilson,person:rachel wilson,Rachel I. Wilson,3,402.0,0.00016,3
person:sarah morejohn,person:sarah morejohn,Sarah Morejohn,3,369.0,0.000553,3
person:christopher baker,person:christopher baker,Christopher A. Baker,3,358.0,0.001472,3
person:andrea sandoval,person:andrea sandoval,Andrea Sandoval,3,355.0,0.000125,3
person:salil bidaye,person:salil bidaye,Salil S. Bidaye,3,355.0,0.000125,3
person:amalia braun,person:amalia braun,Amalia Braun,3,350.0,0.000175,3
person:nino mancini,person:nino mancini,Nino Mancini,3,328.0,0.000208,3
person:guanhao wu,person:guanhao wu,Guanhao Wu,3,327.0,0.00022,3
person:daniel choe,person:daniel choe,Daniel T. Choe,3,325.0,0.000213,3
person:hyun tek yim,person:hyun tek yim,Hyun-Tek Yim,3,325.0,0.000213,3
person:mark larson,person:mark larson,Mark Larson,3,324.0,0.001318,3
person:lucy houghton,person:lucy houghton,Lucy Houghton,3,321.0,0.00058,3
person:sung soo kim,person:sung soo kim,Sung Soo Kim,3,321.0,0.00058,3
person:taehoon kim,person:taehoon kim,Taehoon Kim,3,319.0,0.000221,3
person:rudy behnia,person:rudy behnia,Rudy Behnia,3,315.0,0.000451,3
person:alexis santana cruz,person:alexis santana cruz,Alexis Santana-Cruz,3,315.0,0.000204,3
person:marion silies,person:marion silies,Marion Silies,3,314.0,0.000219,3
person:dagmar kainmueller,person:dagmar kainmueller,Dagmar Kainmueller,3,301.0,0.000115,1
person:dennis bailey,person:dennis bailey,Dennis Bailey,3,301.0,0.000115,1
person:o duclos,person:o duclos,O. Duclos,3,301.0,0.000115,1
person:k fairbanks,person:k fairbanks,K. Fairbanks,3,301.0,0.000115,1
person:g hopkins,person:g hopkins,G. Hopkins,3,301.0,0.000115,1
person:emily manley,person:emily manley,Emily A Manley,3,301.0,0.0,1
person:j rymer,person:j rymer,J. Rymer,3,301.0,0.0,1
person:s ryan,person:s ryan,S. Ryan,3,301.0,0.0,1
person:a scott,person:a scott,A. K. Scott,3,301.0,0.0,1
person:a suleiman,person:a suleiman,A. Suleiman,3,301.0,0.0,1
person:j walsh,person:j walsh,J. Walsh,3,301.0,0.0,1
person:g meissner,person:g meissner,G. Meissner,3,261.0,0.0,1
person:gary patrick hopkins,person:gary patrick hopkins,Gary Patrick Hopkins,3,249.0,0.0,1
person:meghan leonard,person:meghan leonard,Meghan Leonard,3,249.0,0.0,1
person:john walsh,person:john walsh,John J Walsh,3,249.0,0.0,1
person:natasha cheatham,person:natasha cheatham,Natasha Cheatham,3,239.0,0.0,1
person:sari mclin,person:sari mclin,Sari McLin,3,229.0,0.0,1
person:j borycz,person:j borycz,J. Borycz,3,228.0,0.0,1
person:dorota tarnogorska,person:dorota tarnogorska,Dorota Tarnogorska,3,228.0,0.0,1
person:larry lindsey,person:larry lindsey,Larry F. Lindsey,3,222.0,0.0,1
person:emily yakal,person:emily yakal,Emily A Yakal,3,197.0,0.0,1
person:brendan celii,person:brendan celii,Brendan Celii,3,186.0,0.0,3
person:christos papadopoulos,person:christos papadopoulos,Christos Papadopoulos,3,186.0,0.0,3
person:edgar walker,person:edgar walker,Edgar Y. Walker,3,186.0,0.0,3
person:ilina moitra,person:ilina moitra,Ilina Moitra,3,181.0,0.0,3
person:alana richards,person:alana richards,Alana Richards,3,181.0,0.0,3
person:n iyer,person:n iyer,N. Iyer,3,172.0,0.0,1
person:finja klemm,person:finja klemm,Finja Klemm,3,170.0,0.0,3
person:nicholas foster,person:nicholas foster,Nicholas N. Foster,3,168.0,0.0,0
person:darrick lo,person:darrick lo,Darrick Lo,3,168.0,0.0,0
person:ian bowman,person:ian bowman,Ian Bowman,3,168.0,0.0,0
person:chunru cao,person:chunru cao,Chunru Cao,3,168.0,0.0,0
person:t boesen,person:t boesen,T. Boesen,3,168.0,0.0,0
person:wei deng,person:wei deng,Wei Deng,3,146.0,0.0,0
person:r dalley,person:r dalley,R. Dalley,3,144.0,0.0,3
person:sung soo moon,person:sung soo moon,Sung Soo Moon,3,135.0,0.0,1
person:n gouwens,person:n gouwens,N. Gouwens,3,128.0,0.0,3
person:j berg,person:j berg,J. Berg,3,128.0,0.0,3
person:t jarsky,person:t jarsky,T. Jarsky,3,128.0,0.0,3
person:j zhuang,person:j zhuang,J. Zhuang,3,128.0,0.0,0
person:j wagner carena,person:j wagner carena,J. Wagner-Carena,3,127.0,0.0,1
person:david aley,person:david aley,David Aley,3,127.0,0.0,1
person:theresa mckim,person:theresa mckim,Theresa H. McKim,3,121.0,0.0,3
person:matthew nichols,person:matthew nichols,Matthew Nichols,3,119.0,0.0,1
person:ziwei huang,person:ziwei huang,Ziwei Huang,3,115.0,0.0,0
person:michael john dolan,person:michael john dolan,Michael-John Dolan,3,111.0,0.0,1
person:hsien chi kuo,person:hsien chi kuo,Hsien-Chi Kuo,3,110.0,0.0,0
person:xiuli kuang,person:xiuli kuang,Xiuli Kuang,3,110.0,0.0,0
person:phil lesnar,person:phil lesnar,Phil Lesnar,3,110.0,0.0,0
person:laila el hifnawi,person:laila el hifnawi,Laila El-Hifnawi,3,110.0,0.0,0
person:wei xiong,person:wei xiong,Wei Xiong,3,110.0,0.0,0
person:l ahmadinia,person:l ahmadinia,L. Ahmadinia,3,110.0,0.0,0
person:j boulanger weill,person:j boulanger weill,J. Boulanger-Weill,3,109.0,0.0,1
person:yoav ben simon,person:yoav ben simon,Yoav Ben-Simon,3,107.0,0.0,0
person:mariela petkova,person:mariela petkova,Mariela D. Petkova,3,106.0,0.0,1
person:benjamin jourdan,person:benjamin jourdan,Benjamin Jourdan,3,105.0,0.0,3
person:gregory schwartzman,person:gregory schwartzman,Gregory Schwartzman,3,105.0,0.0,3
person:karla hirokawa,person:karla hirokawa,Karla E. Hirokawa,3,104.0,0.0,0
person:benjamin ouellette,person:benjamin ouellette,Benjamin Ouellette,3,104.0,0.0,0
person:julie harris,person:julie harris,Julie A. Harris,3,104.0,0.0,0
person:ting yuan wang,person:ting yuan wang,Ting-Yuan Wang,3,102.0,0.0,3
person:karen hibbard,person:karen hibbard,Karen L. Hibbard,3,100.0,0.0,1
person:sumiya kuroda,person:sumiya kuroda,Sumiya Kuroda,3,100.0,0.0,3
person:k skutt kakaria,person:k skutt kakaria,K. Skutt-Kakaria,3,100.0,0.0,3
person:m tammam,person:m tammam,M. Tammam,3,100.0,0.0,3
person:o gliko,person:o gliko,O. Gliko,3,99.0,0.0,0
person:g schuhknecht,person:g schuhknecht,G. Schuhknecht,3,99.0,0.0,1
person:s sunkin,person:s sunkin,S. Sunkin,3,98.0,0.0,0
person:p thompson,person:p thompson,P. Thompson,3,95.0,0.0,5
person:chenxi jin,person:chenxi jin,Chenxi Jin,3,93.0,0.0,0
person:l kuan,person:l kuan,L. Kuan,3,92.0,0.0,0
person:eyal gruntman,person:eyal gruntman,Eyal Gruntman,3,88.0,0.0,1
person:lindsey kitchell,person:lindsey kitchell,Lindsey M. Kitchell,3,88.0,0.0,2
person:jia wen huang,person:jia wen huang,Jia-wen Huang,3,87.0,0.0,0
person:brian lee,person:brian lee,Brian R. Lee,3,86.0,0.0,3
person:jun yan,person:jun yan,Jun Yan,3,80.0,0.0,0
person:danqian liu,person:danqian liu,Danqian Liu,3,79.0,0.0,0
person:art pope,person:art pope,Art Pope,3,79.0,0.0,1
person:lei ann chang,person:lei ann chang,Lei-Ann Chang,3,77.0,0.0,1
person:m taormina,person:m taormina,M. Taormina,3,74.0,0.0,0
person:jiang ning zhou,person:jiang ning zhou,Jiang-Ning Zhou,3,73.0,0.0,3
person:angela wong,person:angela wong,Angela Wong,3,73.0,0.0,1
person:s brown,person:s brown,S. P. Brown,3,71.0,0.0,1
person:nicholas cain,person:nicholas cain,Nicholas Cain,3,67.0,0.0,0
person:chengyu li,person:chengyu li,Chengyu T. Li,3,67.0,0.0,0
person:benjamin field,person:benjamin field,Benjamin Field,3,63.0,0.0,1
person:g chindemi,person:g chindemi,G. Chindemi,3,62.0,0.0,7
person:sang hoon kim,person:sang hoon kim,Sang Hoon Kim,3,62.0,0.0,0
person:valentin gillet,person:valentin gillet,Valentin Gillet,3,60.0,0.0,3
person:pramod kumbhar,person:pramod kumbhar,Pramod S. Kumbhar,3,59.0,0.0,7
person:james isbister,person:james isbister,James B. Isbister,3,58.0,0.0,7
person:xiaomeng han,person:xiaomeng han,Xiaomeng Han,3,58.0,0.0,1
person:u sumbul,person:u sumbul,U. Sümbül,3,58.0,0.0,0
person:feng zhang,person:feng zhang,Feng Zhang,3,58.0,0.0,0
person:j king,person:j king,J. King,3,57.0,0.0,7
person:julie tran,person:julie tran,Julie Tran,3,57.0,0.0,1
person:andras ecker,person:andras ecker,András Ecker,3,56.0,0.0,7
person:erhan bas,person:erhan bas,Erhan Bas,3,56.0,0.0,8
person:lori glenwinkel,person:lori glenwinkel,Lori Glenwinkel,3,56.0,0.0,4
person:cyril cros,person:cyril cros,Cyril C Cros,3,56.0,0.0,4
person:peng xie,person:peng xie,Peng Xie,3,55.0,0.0,0
person:f schurmann,person:f schurmann,F. Schürmann,3,53.0,0.0,7
person:brian hu,person:brian hu,Brian Hu,3,53.0,0.0,3
person:michael gevaert,person:michael gevaert,Michael Gevaert,3,52.0,0.0,7
person:m glasser,person:m glasser,M. Glasser,3,52.0,0.0,2
person:lufeng ding,person:lufeng ding,Lufeng Ding,3,52.0,0.0,0
person:christoph pokorny,person:christoph pokorny,Christoph Pokorny,3,51.0,0.0,7
person:n otto,person:n otto,N. Otto,3,51.0,0.0,1
person:m kazhdan,person:m kazhdan,M. Kazhdan,3,51.0,0.0,2
person:ming yan,person:ming yan,Ming Yan,3,51.0,0.0,0
person:seth taylor,person:seth taylor,Seth R. Taylor,3,51.0,0.0,4
person:alexis weinreb,person:alexis weinreb,Alexis Weinreb,3,51.0,0.0,4
person:won dong jang,person:won dong jang,Won-Dong Jang,3,51.0,0.0,1
person:jingbin yuan,person:jingbin yuan,Jingbin Yuan,3,51.0,0.0,0
person:yuanjing feng,person:yuanjing feng,Yuanjing Feng,3,50.0,0.0,0
person:srikanth ramaswamy,person:srikanth ramaswamy,Srikanth Ramaswamy,3,49.0,0.0,7
person:l kamentsky,person:l kamentsky,L. Kamentsky,3,48.0,0.0,1
person:jason adhinarta,person:jason adhinarta,Jason K. Adhinarta,3,48.0,0.0,1
person:gavin yang,person:gavin yang,Gavin Yang,3,48.0,0.0,0
person:arya shahbazi,person:arya shahbazi,Arya Shahbazi,3,47.0,0.0,0
person:piero sanfilippo,person:piero sanfilippo,Piero Sanfilippo,3,47.0,0.0,4
person:p velicky,person:p velicky,P. Velicky,3,46.0,0.0,7
person:julia michalska,person:julia michalska,Julia M. Michalska,3,46.0,0.0,7
person:j watson,person:j watson,J. Watson,3,46.0,0.0,7
person:j danzl,person:j danzl,J. Danzl,3,46.0,0.0,7
person:martin jones,person:martin jones,Martin L. Jones,3,45.0,0.0,0
person:m sumathipala,person:m sumathipala,M. Sumathipala,3,45.0,0.0,4
person:e varol,person:e varol,E. Varol,3,44.0,0.0,4
person:g shafiei,person:g shafiei,G. Shafiei,3,44.0,0.0,5
person:a dagher,person:a dagher,A. Dagher,3,44.0,0.0,5
person:a marblestone,person:a marblestone,A. Marblestone,3,43.0,0.0,0
person:eva dyer,person:eva dyer,Eva L. Dyer,3,43.0,0.0,2
person:ruixuan gao,person:ruixuan gao,Ruixuan Gao,3,43.0,0.0,1
person:jinglin zhao,person:jinglin zhao,Jinglin Zhao,3,42.0,0.0,1
person:a pollreisz,person:a pollreisz,A. Pollreisz,3,41.0,0.0,8
person:paul martin,person:paul martin,Paul R. Martin,3,41.0,0.0,8
person:jianren song,person:jianren song,Jianren Song,3,41.0,0.0,2
person:g henry,person:g henry,G. L. Henry,3,41.0,0.0,0
person:lei chu,person:lei chu,Lei Chu,3,41.0,0.0,0
person:glenn turner,person:glenn turner,Glenn C. Turner,3,40.0,0.0,1
person:d ferkey,person:d ferkey,D. M. Ferkey,3,40.0,0.0,4
person:joshua lillvis,person:joshua lillvis,Joshua L. Lillvis,3,40.0,0.0,1
person:miller wilt,person:miller wilt,Miller Wilt,3,39.0,0.0,2
person:joseph downs,person:joseph downs,Joseph Downs,3,39.0,0.0,2
person:yuan ming zheng,person:yuan ming zheng,Yuan-Ming Zheng,3,39.0,0.0,0
person:v lev ram,person:v lev ram,V. Lev-Ram,3,39.0,0.0,0
person:k deisseroth,person:k deisseroth,K. Deisseroth,3,39.0,0.0,2
person:m economo,person:m economo,M. Economo,3,39.0,0.0,8
person:j chandrashekar,person:j chandrashekar,J. Chandrashekar,3,39.0,0.0,8
person:toshihide hige,person:toshihide hige,Toshihide Hige,3,39.0,0.0,1
person:clay reid,person:clay reid,Clay Reid,3,39.0,0.0,3
person:vincent bazinet,person:vincent bazinet,Vincent Bazinet,3,38.0,0.0,5
person:andrea bordt,person:andrea bordt,Andrea S Bordt,3,38.0,0.0,8
person:diego perez,person:diego perez,Diego Perez,3,38.0,0.0,8
person:luke tseng,person:luke tseng,Luke Tseng,3,38.0,0.0,8
person:d marshak,person:d marshak,D. Marshak,3,38.0,0.0,8
person:s frechter,person:s frechter,S. Frechter,3,38.0,0.0,4
person:kunal lillaney,person:kunal lillaney,Kunal Lillaney,3,38.0,0.0,2
person:carles bosch,person:carles bosch,Carles Bosch,3,37.0,0.0,9
person:james mitchell,person:james mitchell,James K. Mitchell,3,37.0,0.0,1
person:d holmyard,person:d holmyard,D. Holmyard,3,37.0,0.0,1
person:e callaway,person:e callaway,E. Callaway,3,37.0,0.0,2
person:yazan billeh,person:yazan billeh,Yazan N. Billeh,3,37.0,0.0,0
person:hongtu ma,person:hongtu ma,Hongtu Ma,3,36.0,0.0,0
person:ryan conrad,person:ryan conrad,Ryan Conrad,3,36.0,0.0,0
person:gal goldman,person:gal goldman,Gal Goldman,3,36.0,0.0,4
person:yehuda salzberg,person:yehuda salzberg,Yehuda Salzberg,3,36.0,0.0,4
person:jing peng,person:jing peng,Jing Peng,3,36.0,0.0,0
person:daniel franco barranco,person:daniel franco barranco,Daniel Franco-Barranco,3,36.0,0.0,0
person:h le,person:h le,H. Le,3,35.0,0.0,0
person:matteo cantarelli,person:matteo cantarelli,Matteo Cantarelli,3,35.0,0.0,10
person:p gleeson,person:p gleeson,P. Gleeson,3,35.0,0.0,10
person:giovanni idili,person:giovanni idili,Giovanni Idili,3,35.0,0.0,10
person:hannah hochgerner,person:hannah hochgerner,Hannah Hochgerner,3,35.0,0.0,7
person:amit zeisel,person:amit zeisel,Amit Zeisel,3,35.0,0.0,7
person:pat gunn,person:pat gunn,Pat Gunn,3,35.0,0.0,1
person:h meyer,person:h meyer,H. S. Meyer,3,35.0,0.0,6
person:j kuchenbecker,person:j kuchenbecker,J. Kuchenbecker,3,34.0,0.0,8
person:jeebika dahal,person:jeebika dahal,Jeebika Dahal,3,34.0,0.0,8
person:seokjun hong,person:seokjun hong,Seokjun Hong,3,34.0,0.0,5
person:d arendt,person:d arendt,D. Arendt,3,34.0,0.0,2
person:ruiyu li,person:ruiyu li,Ruiyu Li,3,34.0,0.0,13
person:sarah king,person:sarah king,Sarah B. King,3,34.0,0.0,13
person:justin torok,person:justin torok,Justin Torok,3,34.0,0.0,0
person:chaitali anand,person:chaitali anand,Chaitali Anand,3,34.0,0.0,0
person:pavel koshevoy,person:pavel koshevoy,Pavel A. Koshevoy,3,34.0,0.0,8
person:k zinn,person:k zinn,K. Zinn,3,34.0,0.0,4
person:jyun yi lin,person:jyun yi lin,Jyun-Yi Lin,3,33.0,0.0,0
person:hae mook kang,person:hae mook kang,Hae-Mook Kang,3,33.0,0.0,4
person:d tank,person:d tank,D. Tank,3,33.0,0.0,2
person:g johnson,person:g johnson,G. Johnson,3,32.0,0.0,2
person:zhaoxuan ruan,person:zhaoxuan ruan,Zhaoxuan Ruan,3,32.0,0.0,0
person:g ahlsen,person:g ahlsen,G. Ahlsen,3,32.0,0.0,4
person:megumu takahashi,person:megumu takahashi,Megumu Takahashi,3,32.0,0.0,19
person:s kakuta,person:s kakuta,S. Kakuta,3,32.0,0.0,19
person:binbin lu,person:binbin lu,Binbin Lu,3,32.0,0.0,0
person:jakob straehle,person:jakob straehle,Jakob Straehle,3,32.0,0.0,6
person:m bruchez,person:m bruchez,M. Bruchez,3,32.0,0.0,2
person:alison barth,person:alison barth,Alison L. Barth,3,32.0,0.0,2
person:h bellen,person:h bellen,H. Bellen,3,32.0,0.0,4
person:marisel villafane delgado,person:marisel villafane delgado,Marisel Villafañe-Delgado,3,32.0,0.0,2
person:s mannepalli,person:s mannepalli,S. Mannepalli,3,32.0,0.0,4
person:b honig,person:b honig,B. Honig,3,32.0,0.0,4
person:g ocker,person:g ocker,G. Ocker,3,32.0,0.0,0
person:daniel bushey,person:daniel bushey,Daniel Bushey,3,31.0,0.0,1
person:a zador,person:a zador,A. Zador,3,31.0,0.0,0
person:max aragon,person:max aragon,Max J Aragon,3,31.0,0.0,3
person:r schoenmakers,person:r schoenmakers,R. Schoenmakers,3,31.0,0.0,1
person:y qi,person:y qi,Y. Qi,3,30.0,0.0,0
person:alexandra badea,person:alexandra badea,Alexandra Badea,3,30.0,0.0,5
person:pierre magistretti,person:pierre magistretti,Pierre J. Magistretti,3,30.0,0.0,6
person:t baden,person:t baden,T. Baden,3,30.0,0.0,6
person:robert court,person:robert court,Robert Court,3,30.0,0.0,10
person:nuno apostolo,person:nuno apostolo,Nuno Apóstolo,3,30.0,0.0,4
person:giulia manoli,person:giulia manoli,Giulia Manoli,3,29.0,0.0,16
person:s ahnert,person:s ahnert,S. Ahnert,3,29.0,0.0,4
person:e kerzner,person:e kerzner,E. Kerzner,3,29.0,0.0,8
person:yuqi tian,person:yuqi tian,Yuqi Tian,3,29.0,0.0,0
person:t biederer,person:t biederer,T. Biederer,3,28.0,0.0,5
person:c cadwell,person:c cadwell,C. Cadwell,3,28.0,0.0,6
person:e iseri,person:e iseri,E. Iseri,3,28.0,0.0,8
person:nicole guittari,person:nicole guittari,Nicole K. Guittari,3,28.0,0.0,2
person:s khayrulin,person:s khayrulin,S. Khayrulin,3,28.0,0.0,10
person:a palyanov,person:a palyanov,A. Palyanov,3,28.0,0.0,10
person:s larson,person:s larson,S. Larson,3,28.0,0.0,10
person:c barnes,person:c barnes,C. L. Barnes,3,28.0,0.0,2
person:ana correia,person:ana correia,Ana Correia,3,28.0,0.0,2
person:n omi,person:n omi,N. Omi,3,28.0,0.0,6
person:d mastronarde,person:d mastronarde,D. Mastronarde,3,28.0,0.0,8
person:shouqiang cheng,person:shouqiang cheng,Shouqiang Cheng,3,27.0,0.0,0
person:jin yong park,person:jin yong park,Jin-Yong Park,3,27.0,0.0,4
person:martin guhmann,person:martin guhmann,Martin Gühmann,3,27.0,0.0,2
person:thomas misgeld,person:thomas misgeld,Thomas Misgeld,3,26.0,0.0,12
person:martina schifferer,person:martina schifferer,Martina Schifferer,3,26.0,0.0,12
person:angela zhang,person:angela zhang,Angela Zhang,3,26.0,0.0,22
person:logan thomas,person:logan thomas,Logan A. Thomas,3,26.0,0.0,9
person:shih huan huang,person:shih huan huang,Shih-Huan Huang,3,26.0,0.0,1
person:catherine lee,person:catherine lee,Catherine Lee,3,26.0,0.0,4
person:myung kyu choi,person:myung kyu choi,Myung-Kyu Choi,3,26.0,0.0,4
person:philipp hanslovsky,person:philipp hanslovsky,Philipp Hanslovsky,3,26.0,0.0,1
person:martin kerschensteiner,person:martin kerschensteiner,Martin Kerschensteiner,3,25.0,0.0,12
person:john crary,person:john crary,John F. Crary,3,25.0,0.0,11
person:hugo calligaro,person:hugo calligaro,Hugo Calligaro,3,25.0,0.0,0
person:brian khov,person:brian khov,Brian Khov,3,25.0,0.0,0
person:matthew pecot,person:matthew pecot,Matthew Y. Pecot,3,25.0,0.0,4
person:feng xiong,person:feng xiong,Feng Xiong,3,25.0,0.0,0
person:wei cheng chang,person:wei cheng chang,Wei-Cheng Chang,3,25.0,0.0,8
person:f castellanos,person:f castellanos,F. X. Castellanos,3,25.0,0.0,5
person:k rockland,person:k rockland,K. Rockland,3,25.0,0.0,6
person:s loomba,person:s loomba,S. Loomba,3,25.0,0.0,6
person:l blazquez llorca,person:l blazquez llorca,L. Blázquez-Llorca,3,24.0,0.0,7
person:ye yuan,person:ye yuan,Ye Yuan,3,24.0,0.0,0
person:xiao jun gu,person:xiao jun gu,Xiao-Jun Gu,3,24.0,0.0,0
person:d budden,person:d budden,D. Budden,3,24.0,0.0,1
person:scotte liu,person:scotte liu,Scotte Liu,3,24.0,0.0,8
person:xintian hu,person:xintian hu,Xintian Hu,3,24.0,0.0,0
person:masako terada,person:masako terada,Masako Terada,3,23.0,0.0,0
person:tonghui xu,person:tonghui xu,Tonghui Xu,3,23.0,0.0,0
person:yingying tang,person:yingying tang,Yingying Tang,3,23.0,0.0,0
person:po jui chen,person:po jui chen,Po-Jui Chen,3,23.0,0.0,8
person:d rolnick,person:d rolnick,D. Rolnick,3,23.0,0.0,1
person:sarah strauss,person:sarah strauss,Sarah Strauss,3,22.0,0.0,6
person:eva laurell,person:eva laurell,Eva Laurell,3,22.0,0.0,6
person:cezar borba,person:cezar borba,Cezar Borba,3,22.0,0.0,22
person:lida kanari,person:lida kanari,Lida Kanari,3,22.0,0.0,7
person:yunming gao,person:yunming gao,Yunming Gao,3,22.0,0.0,0
person:cristine kalinski,person:cristine kalinski,Cristine Kalinski,3,22.0,0.0,4
person:daniel bliss,person:daniel bliss,Daniel P. Bliss,3,22.0,0.0,5
person:stanley heinze,person:stanley heinze,Stanley Heinze,3,21.0,0.0,31
person:s schreiber,person:s schreiber,S. Schreiber,3,21.0,0.0,2
person:martin weigert,person:martin weigert,Martin Weigert,3,21.0,0.0,12
person:james ashley,person:james ashley,James Ashley,3,21.0,0.0,4
person:zhefeng gong,person:zhefeng gong,Zhefeng Gong,3,21.0,0.0,0
person:leander lauenburg,person:leander lauenburg,Leander Lauenburg,3,21.0,0.0,1
person:william schafer,person:william schafer,William R. Schafer,3,21.0,0.0,4
person:b park,person:b park,B. Park,3,21.0,0.0,5
person:julia buhmann,person:julia buhmann,Julia M. Buhmann,3,20.0,0.0,9
person:lucy collinson,person:lucy collinson,Lucy Collinson,3,20.0,0.0,0
person:jongpil shin,person:jongpil shin,Jongpil Shin,3,20.0,0.0,5
person:po yuan wang,person:po yuan wang,Po-Yuan Wang,3,20.0,0.0,0
person:meng xu,person:meng xu,Meng Xu,3,20.0,0.0,4
person:nathaly dongo mendoza,person:nathaly dongo mendoza,Nathaly Dongo Mendoza,3,20.0,0.0,1
person:chiara zurzolo,person:chiara zurzolo,Chiara Zurzolo,3,20.0,0.0,1
person:bramwell coulson,person:bramwell coulson,Bramwell Coulson,3,20.0,0.0,2
person:i hunter,person:i hunter,I. Hunter,3,20.0,0.0,2
person:i segev,person:i segev,I. Segev,3,19.0,0.0,7
person:zhanwei du,person:zhanwei du,Zhanwei Du,3,19.0,0.0,0
person:nenggan zheng,person:nenggan zheng,Nenggan Zheng,3,19.0,0.0,0
person:sheng le,person:sheng le,Sheng Le,3,19.0,0.0,6
person:bowen dempsey,person:bowen dempsey,Bowen Dempsey,3,19.0,0.0,6
person:a goodchild,person:a goodchild,A. Goodchild,3,19.0,0.0,6
person:s mcmullan,person:s mcmullan,S. McMullan,3,19.0,0.0,6
person:jan watteyne,person:jan watteyne,Jan Watteyne,3,19.0,0.0,4
person:g barnea,person:g barnea,G. Barnea,3,19.0,0.0,2
person:andrea santuy,person:andrea santuy,Andrea Santuy,3,18.0,0.0,7
person:maryam majeed,person:maryam majeed,Maryam Majeed,3,18.0,0.0,4
person:yongbin wei,person:yongbin wei,Yongbin Wei,3,18.0,0.0,0
person:albina asadulina,person:albina asadulina,Albina Asadulina,3,18.0,0.0,2
person:siqi yang,person:siqi yang,Siqi Yang,3,18.0,0.0,0
person:chung heng yeh,person:chung heng yeh,Chung-Heng Yeh,3,18.0,0.0,0
person:m fee,person:m fee,M. Fee,3,18.0,0.0,6
person:bruno pichler,person:bruno pichler,Bruno Pichler,3,18.0,0.0,9
person:yonggang shi,person:yonggang shi,Yonggang Shi,3,18.0,0.0,7
person:hermann schmidt,person:hermann schmidt,Hermann Schmidt,3,18.0,0.0,7
person:andrew leifer,person:andrew leifer,Andrew M Leifer,3,18.0,0.0,5
person:damon clark,person:damon clark,Damon A. Clark,3,17.0,0.0,2
person:tingting su,person:tingting su,Tingting Su,3,17.0,0.0,0
person:v dercksen,person:v dercksen,V. J. Dercksen,3,17.0,0.0,6
person:oliver alvarado rodriguez,person:oliver alvarado rodriguez,Oliver Alvarado Rodriguez,3,17.0,0.0,33
person:mohammad dindoost,person:mohammad dindoost,Mohammad Dindoost,3,17.0,0.0,33
person:osung kwon,person:osung kwon,Osung Kwon,3,17.0,0.0,0
person:d fishkind,person:d fishkind,D. E. Fishkind,3,17.0,0.0,2
person:sophie dvali,person:sophie dvali,Sophie Dvali,3,17.0,0.0,5
person:f clasca,person:f clasca,F. Clascá,3,17.0,0.0,6
person:chi xiao,person:chi xiao,Chi Xiao,3,16.0,0.0,0
person:i hardege,person:i hardege,I. Hardege,3,16.0,0.0,4
person:molly strom,person:molly strom,Molly Strom,3,15.0,0.0,9
person:h sompolinsky,person:h sompolinsky,H. Sompolinsky,3,15.0,0.0,2
person:j white,person:j white,J. White,3,15.0,0.0,4
person:s hofer,person:s hofer,S. Hofer,3,15.0,0.0,9
person:nicolo ceffa,person:nicolo ceffa,Nicolò Ceffa,3,15.0,0.0,2
person:alon kaufman,person:alon kaufman,Alon Kaufman,3,15.0,0.0,1
person:bryant avila,person:bryant avila,Bryant Avila,3,15.0,0.0,25
person:p augusto,person:p augusto,P. Augusto,3,15.0,0.0,25
person:j simpson,person:j simpson,J. Simpson,3,15.0,0.0,0
person:p ozdil,person:p ozdil,P. G. Özdil,3,15.0,0.0,34
person:r silver,person:r silver,R. Silver,3,15.0,0.0,10
person:g spirou,person:g spirou,G. Spirou,3,15.0,0.0,8
person:a brown,person:a brown,A. P. Brown,3,14.0,0.0,9
person:e rancz,person:e rancz,E. Rancz,3,14.0,0.0,9
person:philip laserstein,person:philip laserstein,Philip Laserstein,3,14.0,0.0,6
person:hernan makse,person:hernan makse,Hernán A. Makse,3,14.0,0.0,25
person:j spacek,person:j spacek,J. Špaček,3,14.0,0.0,2
person:f hamprecht,person:f hamprecht,F. Hamprecht,3,14.0,0.0,7
person:david phillips,person:david phillips,David Phillips,3,14.0,0.0,25
person:s haber,person:s haber,S. Haber,3,14.0,0.0,4
person:s mingote,person:s mingote,S. Mingote,3,14.0,0.0,53
person:emily heckman,person:emily heckman,Emily L. Heckman,3,13.0,0.0,2
person:m martone,person:m martone,M. Martone,3,13.0,0.0,0
person:m he,person:m he,M. Heß,3,13.0,0.0,0
person:yan hao,person:yan hao,Yan Hao,3,13.0,0.0,15
person:christopher lynn,person:christopher lynn,Christopher W. Lynn,3,13.0,0.0,5
person:bingqing zhao,person:bingqing zhao,Bingqing Zhao,3,13.0,0.0,4
person:justus kebschull,person:justus kebschull,Justus M. Kebschull,3,13.0,0.0,0
person:m schwarz,person:m schwarz,M. Schwarz,3,13.0,0.0,9
person:jeff brown,person:jeff brown,Jeff B. Brown,3,12.0,0.0,2
person:hang zhou,person:hang zhou,Hang Zhou,3,12.0,0.0,0
person:n cohen,person:n cohen,N. Cohen,3,12.0,0.0,4
person:tim kaler,person:tim kaler,Tim Kaler,3,12.0,0.0,1
person:ben piazza,person:ben piazza,Ben Piazza,3,12.0,0.0,4
person:pavan ramdya,person:pavan ramdya,Pavan Ramdya,3,12.0,0.0,34
person:diego cordero cervantes,person:diego cordero cervantes,Diégo Cordero Cervantes,3,12.0,0.0,1
person:m axer,person:m axer,M. Axer,3,12.0,0.0,5
person:rafael yuste,person:rafael yuste,Rafael Yuste,3,12.0,0.0,1
person:maria paz fernandez,person:maria paz fernandez,María Paz Fernández,3,12.0,0.0,27
person:a makarova,person:a makarova,A. Makarova,3,11.0,0.0,1
person:chen chieh liao,person:chen chieh liao,Chen-Chieh Liao,3,11.0,0.0,4
person:d zeidler,person:d zeidler,D. Zeidler,3,11.0,0.0,75
person:joshua morgan,person:joshua morgan,Joshua Morgan,3,11.0,0.0,1
person:dongming cai,person:dongming cai,Dongming Cai,3,11.0,0.0,56
person:kota mizumoto,person:kota mizumoto,Kota Mizumoto,3,11.0,0.0,0
person:ali karimi,person:ali karimi,Ali Karimi,3,11.0,0.0,6
person:k shen,person:k shen,K. Shen,3,11.0,0.0,35
person:j kutz,person:j kutz,J. Kutz,3,10.0,0.0,0
person:aradhana singh,person:aradhana singh,Aradhana Singh,3,10.0,0.0,4
person:kedar narayan,person:kedar narayan,Kedar Narayan,3,10.0,0.0,0
person:philipp hovel,person:philipp hovel,Philipp Hövel,3,10.0,0.0,36
person:m hart,person:m hart,M. Hart,3,10.0,0.0,4
person:j suckling,person:j suckling,J. Suckling,3,10.0,0.0,4
person:jie zhi cheng,person:jie zhi cheng,Jie-Zhi Cheng,3,10.0,0.0,0
person:abrar rahman abir,person:abrar rahman abir,Abrar Rahman Abir,3,10.0,0.0,42
person:md shamsuzzoha bayzid,person:md shamsuzzoha bayzid,Md. Shamsuzzoha Bayzid,3,10.0,0.0,42
person:c jones,person:c jones,C. Jones,3,10.0,0.0,8
person:sammy lee,person:sammy lee,Sammy C. S. Lee,3,10.0,0.0,8
person:ketan mehta,person:ketan mehta,Ketan Mehta,3,9.0,0.0,0
person:r goldin,person:r goldin,R. Goldin,3,9.0,0.0,0
person:nobuhiko ohno,person:nobuhiko ohno,Nobuhiko Ohno,3,9.0,0.0,77
person:c clopath,person:c clopath,C. Clopath,3,9.0,0.0,10
person:j rah,person:j rah,J. Rah,3,9.0,0.0,5
person:chris mezias,person:chris mezias,Chris Mezias,3,9.0,0.0,0
person:jan pielage,person:jan pielage,Jan Pielage,3,9.0,0.0,80
person:andrew zalesky,person:andrew zalesky,Andrew Zalesky,3,9.0,0.0,5
person:petr znamenskiy,person:petr znamenskiy,Petr Znamenskiy,3,9.0,0.0,9
person:c eroglu,person:c eroglu,C. Eroglu,3,9.0,0.0,129
person:jingdao chen,person:jingdao chen,Jingdao Chen,3,8.0,0.0,0
person:tirthabir biswas,person:tirthabir biswas,Tirthabir Biswas,3,8.0,0.0,6
person:m iacaruso,person:m iacaruso,M. Iacaruso,3,8.0,0.0,9
person:claus hilgetag,person:claus hilgetag,Claus C. Hilgetag,3,7.0,0.0,5
person:t wachtler,person:t wachtler,T. Wachtler,3,7.0,0.0,6
person:daniel barabasi,person:daniel barabasi,Dániel L. Barabási,3,7.0,0.0,4
person:p jusuf,person:p jusuf,P. Jusuf,3,7.0,0.0,8
person:thomas templier,person:thomas templier,Thomas Templier,3,6.0,0.0,1
person:j de lucas,person:j de lucas,J. M. de Lucas,3,5.0,0.0,27
person:v miller,person:v miller,V. Miller,3,5.0,0.0,57
person:jacob morra,person:jacob morra,Jacob J. Morra,3,5.0,0.0,125
person:lev givon,person:lev givon,Lev E. Givon,3,4.0,0.0,0
person:g shepherd,person:g shepherd,G. Shepherd,3,2.0,0.0,2
person:e marder,person:e marder,E. Marder,3,2.0,0.0,27
person:ladann kiassat,person:ladann kiassat,Ladann Kiassat,2,413.0,0.013985,3
person:matt collie,person:matt collie,Matt Collie,2,402.0,0.00016,3
person:benjamin gorko,person:benjamin gorko,Benjamin Gorko,2,402.0,0.00016,3
person:damian demarest,person:damian demarest,Damian D Demarest,2,402.0,0.00016,3
person:anne kristiansen,person:anne kristiansen,Anne Kristiansen,2,402.0,0.00016,3
person:jaime skelton,person:jaime skelton,Jaime Skelton,2,402.0,0.00016,3
person:thomas stocks,person:thomas stocks,Thomas Stocks,2,402.0,0.00016,3
person:a hernandez,person:a hernandez,A. Hernandez,2,402.0,0.00016,3
person:tatsuo okubo,person:tatsuo okubo,Tatsuo S. Okubo,2,402.0,0.00016,3
person:sanna koskela,person:sanna koskela,Sanna Koskela,2,373.0,0.015404,3
person:r morey,person:r morey,R. Morey,2,348.0,5e-05,3
person:lucas encarnacion rivera,person:lucas encarnacion rivera,Lucas Encarnacion-Rivera,2,342.0,0.000101,3
person:daniel han,person:daniel han,Daniel S Han,2,335.0,0.000112,3
person:irene salgarella,person:irene salgarella,Irene Salgarella,2,335.0,0.000112,3
person:devon jones,person:devon jones,Devon Jones,2,330.0,0.000736,3
person:p shiu,person:p shiu,P. Shiu,2,329.0,0.000125,3
person:chan hyuk kang,person:chan hyuk kang,Chan Hyuk Kang,2,329.0,0.000125,3
person:su ji cho,person:su ji cho,Su-Ji Cho,2,324.0,0.001702,3
person:mert erginkaya,person:mert erginkaya,Mert Erginkaya,2,317.0,0.000444,3
person:l prieto godino,person:l prieto godino,L. Prieto-Godino,2,316.0,0.004616,3
person:lei guo,person:lei guo,Lei Guo,2,313.0,0.000519,3
person:sebastian molina obando,person:sebastian molina obando,Sebastian Molina-Obando,2,313.0,0.00022,3
person:burak gur,person:burak gur,Burak Gür,2,313.0,0.00022,3
person:annika bast,person:annika bast,Annika Bast,2,313.0,0.00022,3
person:jonas chojetzki,person:jonas chojetzki,Jonas Chojetzki,2,313.0,0.00022,3
person:lena lorsch,person:lena lorsch,Lena Lörsch,2,313.0,0.00022,3
person:maria ioannidou,person:maria ioannidou,Maria Ioannidou,2,313.0,0.00022,3
person:brian reicher,person:brian reicher,Brian Reicher,2,313.0,0.000206,3
person:michael lin,person:michael lin,Michael Lin,2,313.0,0.000699,3
person:istvan taisz,person:istvan taisz,István Taisz,2,313.0,0.000202,3
person:connor laughland,person:connor laughland,Connor W. Laughland,2,313.0,0.001057,3
person:a diez,person:a diez,Á. S. Díez,2,311.0,0.000451,3
person:atsuko adachi,person:atsuko adachi,Atsuko Adachi,2,311.0,0.000451,3
person:d anderson,person:d anderson,D. J. Anderson,2,311.0,0.000221,3
person:monika patel,person:monika patel,Monika Patel,2,310.0,0.003556,3
person:richard mann,person:richard mann,Richard S. Mann,2,309.0,0.000221,3
person:anthony moreno sanchez,person:anthony moreno sanchez,Anthony Moreno-Sanchez,2,308.0,0.000221,3
person:amanda gonzalez segarra,person:amanda gonzalez segarra,Amanda J. González-Segarra,2,307.0,0.000219,3
person:alexander del toro,person:alexander del toro,Alexander del Toro,2,307.0,0.000219,3
person:julie simpson,person:julie simpson,Julie H. Simpson,2,307.0,0.000221,3
person:xinyue cui,person:xinyue cui,Xinyue Cui,2,306.0,0.000221,3
person:nilay yapici,person:nilay yapici,Nilay Yapici,2,306.0,0.000221,3
person:eleni samara,person:eleni samara,Eleni Samara,2,304.0,0.000221,3
person:chelsea alvarado,person:chelsea alvarado,Chelsea X. Alvarado,2,218.0,0.0,1
person:samantha ballinger,person:samantha ballinger,Samantha Ballinger,2,218.0,0.0,1
person:bryon eubanks,person:bryon eubanks,Bryon Eubanks,2,218.0,0.0,1
person:samantha finley,person:samantha finley,Samantha Finley,2,218.0,0.0,1
person:n forknall,person:n forknall,N. Forknall,2,218.0,0.0,1
person:emily joyce,person:emily joyce,Emily M Joyce,2,218.0,0.0,1
person:nicole kirk,person:nicole kirk,Nicole A Kirk,2,218.0,0.0,1
person:miatta ndama,person:miatta ndama,Miatta Ndama,2,218.0,0.0,1
person:nicholas padilla,person:nicholas padilla,Nicholas Padilla,2,218.0,0.0,1
person:christopher patrick,person:christopher patrick,Christopher Patrick,2,218.0,0.0,1
person:neha rampally,person:neha rampally,Neha Rampally,2,218.0,0.0,1
person:madelaine robertson,person:madelaine robertson,Madelaine K Robertson,2,218.0,0.0,1
person:kelsey smith,person:kelsey smith,Kelsey Smith,2,218.0,0.0,1
person:margaret sobeski,person:margaret sobeski,Margaret A. Sobeski,2,218.0,0.0,1
person:jackie swift,person:jackie swift,Jackie Swift,2,218.0,0.0,1
person:temour tokhi,person:temour tokhi,Temour Tokhi,2,218.0,0.0,1
person:diane adjavon,person:diane adjavon,Diane Adjavon,2,209.0,0.0,3
person:stephen huston,person:stephen huston,Stephen J Huston,2,181.0,0.0,3
person:frank loesche,person:frank loesche,Frank Loesche,2,180.0,0.0,1
person:laura burnett,person:laura burnett,Laura E Burnett,2,180.0,0.0,1
person:wei qiu,person:wei qiu,Wei Qiu,2,180.0,0.0,1
person:pavithraa seenivasan,person:pavithraa seenivasan,Pavithraa Seenivasan,2,180.0,0.0,1
person:i hameed,person:i hameed,I. Hameed,2,180.0,0.0,1
person:t pietzsch,person:t pietzsch,T. Pietzsch,2,180.0,0.0,1
person:louis scuderi,person:louis scuderi,Louis A Scuderi,2,180.0,0.0,1
person:daniel clark,person:daniel clark,Daniel Clark,2,138.0,0.0,5
person:florian kampf,person:florian kampf,Florian Kämpf,2,136.0,0.0,1
person:kaelan cotter,person:kaelan cotter,Kaelan Cotter,2,130.0,0.0,0
person:amanda tugangui,person:amanda tugangui,Amanda Tugangui,2,130.0,0.0,0
person:samara miller,person:samara miller,Samara Miller,2,120.0,0.0,0
person:i de haan vicente,person:i de haan vicente,I. de Haan Vicente,2,120.0,0.0,1
person:emmanouil froudakis,person:emmanouil froudakis,Emmanouil Froudakis,2,120.0,0.0,3
person:christopher salmon,person:christopher salmon,Christopher K. Salmon,2,119.0,0.0,3
person:nina griggs,person:nina griggs,Nina Griggs,2,112.0,0.0,3
person:eric wang,person:eric wang,Eric Y. Wang,2,112.0,0.0,3
person:e dona,person:e dona,E. Donà,2,111.0,0.0,1
person:xueyan jia,person:xueyan jia,Xueyan Jia,2,106.0,0.0,0
person:jessica jones,person:jessica jones,Jessica M Jones,2,105.0,0.0,3
person:justin ellis joyce,person:justin ellis joyce,Justin Ellis-Joyce,2,105.0,0.0,3
person:j price,person:j price,J. Price,2,104.0,0.0,1
person:d krzeminski,person:d krzeminski,D. Krzemiński,2,104.0,0.0,1
person:d shepherd,person:d shepherd,D. Shepherd,2,104.0,0.0,1
person:dimitrios giakoumas,person:dimitrios giakoumas,Dimitrios S. Giakoumas,2,102.0,0.0,3
person:benjamin de bivort,person:benjamin de bivort,Benjamin L. de Bivort,2,101.0,0.0,3
person:s williams,person:s williams,S. Williams,2,101.0,0.0,3
person:a mukora,person:a mukora,A. Mukora,2,99.0,0.0,3
person:a petruncio,person:a petruncio,A. Petruncio,2,96.0,0.0,1
person:robert tiller,person:robert tiller,Robert Tiller,2,95.0,0.0,1
person:k herrera,person:k herrera,K. Herrera,2,95.0,0.0,1
person:moritz stingl,person:moritz stingl,Moritz Stingl,2,95.0,0.0,1
person:alina hebling,person:alina hebling,Alina Hebling,2,95.0,0.0,1
person:dana hockling,person:dana hockling,Dana Hockling,2,95.0,0.0,1
person:zixuan deng,person:zixuan deng,Zixuan Deng,2,95.0,0.0,1
person:ruohong wang,person:ruohong wang,Ruohong C. Wang,2,95.0,0.0,1
person:lauren zhang,person:lauren zhang,Lauren L. Zhang,2,95.0,0.0,1
person:a bahl,person:a bahl,A. Bahl,2,95.0,0.0,1
person:tim fliss,person:tim fliss,Tim Fliss,2,95.0,0.0,3
person:zhao feng,person:zhao feng,Zhao Feng,2,90.0,0.0,0
person:gudrun ihrke,person:gudrun ihrke,Gudrun Ihrke,2,90.0,0.0,1
person:kuan lin feng,person:kuan lin feng,Kuan-Lin Feng,2,90.0,0.0,1
person:n jahanshad,person:n jahanshad,N. Jahanshad,2,90.0,0.0,5
person:song lin ding,person:song lin ding,Song-Lin Ding,2,89.0,0.0,0
person:t karlsson,person:t karlsson,T. Karlsson,2,89.0,0.0,0
person:zhi feng yu,person:zhi feng yu,Zhi-Feng Yu,2,89.0,0.0,0
person:julia andrade,person:julia andrade,Julia Andrade,2,89.0,0.0,0
person:c farrel,person:c farrel,C. Farrel,2,89.0,0.0,0
person:ben sutton,person:ben sutton,Ben Sutton,2,89.0,0.0,0
person:kelly jin,person:kelly jin,Kelly Jin,2,89.0,0.0,0
person:luke esposito,person:luke esposito,Luke Esposito,2,89.0,0.0,0
person:lauren kruse,person:lauren kruse,Lauren Kruse,2,89.0,0.0,0
person:jia qu,person:jia qu,Jia Qu,2,89.0,0.0,0
person:zixiao tan,person:zixiao tan,Zixiao Tan,2,89.0,0.0,3
person:m mortrud,person:m mortrud,M. Mortrud,2,83.0,0.0,0
person:wayne wakeman,person:wayne wakeman,Wayne Wakeman,2,83.0,0.0,0
person:e garyfallidis,person:e garyfallidis,E. Garyfallidis,2,80.0,0.0,5
person:david kennedy,person:david kennedy,David Kennedy,2,79.0,0.0,5
person:r craddock,person:r craddock,R. Craddock,2,78.0,0.0,5
person:dimitri yatsenko,person:dimitri yatsenko,Dimitri Yatsenko,2,78.0,0.0,3
person:liuqin qian,person:liuqin qian,Liuqin Qian,2,77.0,0.0,0
person:e earl,person:e earl,E. R. Earl,2,75.0,0.0,5
person:monica song,person:monica song,Monica Y. Song,2,74.0,0.0,0
person:selimzhan chalyshkan,person:selimzhan chalyshkan,Selimzhan Chalyshkan,2,73.0,0.0,1
person:m naeemi,person:m naeemi,M. Naeemi,2,71.0,0.0,0
person:ali cetin,person:ali cetin,Ali H. Cetin,2,71.0,0.0,0
person:leonie kugel,person:leonie kugel,Leonie Kugel,2,71.0,0.0,3
person:nuno macarico da costa,person:nuno macarico da costa,Nuno Maçarico da Costa,2,67.0,0.0,3
person:li deng,person:li deng,Li Deng,2,66.0,0.0,0
person:m gorham,person:m gorham,M. Gorham,2,66.0,0.0,0
person:d geschwind,person:d geschwind,D. Geschwind,2,65.0,0.0,0
person:qian ru yang,person:qian ru yang,Qian-Ru Yang,2,63.0,0.0,0
person:alexander kunin,person:alexander kunin,Alexander B. Kunin,2,60.0,0.0,3
person:kyla mace,person:kyla mace,Kyla Mace,2,59.0,0.0,0
person:alex kunin,person:alex kunin,Alex Kunin,2,59.0,0.0,3
person:adam bleckert,person:adam bleckert,Adam A. Bleckert,2,58.0,0.0,3
person:evelina sjostedt,person:evelina sjostedt,Evelina Sjostedt,2,58.0,0.0,1
person:luke bailey,person:luke bailey,Luke Bailey,2,58.0,0.0,1
person:a fitzmaurice,person:a fitzmaurice,A. Fitzmaurice,2,58.0,0.0,1
person:rohin kar,person:rohin kar,Rohin Kar,2,58.0,0.0,1
person:j lau,person:j lau,J. Lau,2,58.0,0.0,1
person:keivan moradi,person:keivan moradi,Keivan Moradi,2,55.0,0.0,0
person:s nanda,person:s nanda,S. Nanda,2,55.0,0.0,0
person:adriana gutierrez,person:adriana gutierrez,Adriana E. Gutierrez,2,55.0,0.0,0
person:mitchell rudd,person:mitchell rudd,Mitchell Rudd,2,55.0,0.0,0
person:jiangfei wei,person:jiangfei wei,Jiangfei Wei,2,54.0,0.0,0
person:sirio bolanos puchet,person:sirio bolanos puchet,Sirio Bolaños-Puchet,2,53.0,0.0,7
person:jorge blanco alonso,person:jorge blanco alonso,Jorge Blanco Alonso,2,53.0,0.0,7
person:elizabeth li,person:elizabeth li,Elizabeth Li,2,53.0,0.0,0
person:natali barros zulaica,person:natali barros zulaica,Natalí Barros-Zulaica,2,52.0,0.0,7
person:yong wei zhong,person:yong wei zhong,Yong-Wei Zhong,2,52.0,0.0,0
person:xiu dan zheng,person:xiu dan zheng,Xiu-Dan Zheng,2,52.0,0.0,0
person:jiu lin du,person:jiu lin du,Jiu-lin Du,2,52.0,0.0,0
person:xu fei du,person:xu fei du,Xu-Fei Du,2,52.0,0.0,0
person:n spiller,person:n spiller,N. Spiller,2,52.0,0.0,3
person:neha simha,person:neha simha,Neha Simha,2,52.0,0.0,3
person:ian maze,person:ian maze,Ian Maze,2,52.0,0.0,14
person:christopher sigmund,person:christopher sigmund,Christopher Sigmund,2,50.0,0.0,1
person:werner van geit,person:werner van geit,Werner Van Geit,2,48.0,0.0,7
person:roxanne aniceto,person:roxanne aniceto,Roxanne Aniceto,2,48.0,0.0,1
person:samuel lapere,person:samuel lapere,Samuel Lapere,2,47.0,0.0,7
person:jack lindsey,person:jack lindsey,Jack W Lindsey,2,47.0,0.0,1
person:ildiko stark,person:ildiko stark,Ildiko Stark,2,47.0,0.0,1
person:qing feng wu,person:qing feng wu,Qing-Feng Wu,2,47.0,0.0,0
person:yikai liang,person:yikai liang,Yikai Liang,2,47.0,0.0,0
person:omar awile,person:omar awile,Omar Awile,2,46.0,0.0,7
person:m wolf,person:m wolf,M. Wolf,2,46.0,0.0,7
person:biyu ren,person:biyu ren,Biyu Ren,2,45.0,0.0,0
person:xiaoxue shi,person:xiaoxue shi,Xiaoxue Shi,2,45.0,0.0,0
person:han yang hu,person:han yang hu,Han-Yang Hu,2,44.0,0.0,0
person:h isaac chen,person:h isaac chen,H. Isaac Chen,2,44.0,0.0,0
person:c anastassiou,person:c anastassiou,C. Anastassiou,2,43.0,0.0,3
person:m hodge,person:m hodge,M. Hodge,2,42.0,0.0,2
person:william horton,person:william horton,William Horton,2,42.0,0.0,2
person:timothy brown,person:timothy brown,Timothy Brown,2,42.0,0.0,2
person:rick herrick,person:rick herrick,Rick Herrick,2,42.0,0.0,2
person:timothy olsen,person:timothy olsen,Timothy R. Olsen,2,42.0,0.0,2
person:michael hileman,person:michael hileman,Michael Hileman,2,42.0,0.0,2
person:michael mckay,person:michael mckay,Michael McKay,2,42.0,0.0,2
person:k archie,person:k archie,K. A. Archie,2,42.0,0.0,2
person:m harms,person:m harms,M. P. Harms,2,42.0,0.0,2
person:g burgess,person:g burgess,G. C. Burgess,2,42.0,0.0,2
person:j elam,person:j elam,J. S. Elam,2,42.0,0.0,2
person:sandra curtiss,person:sandra curtiss,Sandra W. Curtiss,2,42.0,0.0,2
person:d barch,person:d barch,D. Barch,2,42.0,0.0,2
person:ruiyu wang,person:ruiyu wang,Ruiyu Wang,2,42.0,0.0,0
person:amy bernard,person:amy bernard,Amy Bernard,2,42.0,0.0,0
person:chinh dang,person:chinh dang,Chinh Dang,2,42.0,0.0,0
person:mark goldman,person:mark goldman,Mark S. Goldman,2,42.0,0.0,3
person:a bharioke,person:a bharioke,A. Bharioke,2,41.0,0.0,1
person:mingmin zhang,person:mingmin zhang,Mingmin Zhang,2,41.0,0.0,0
person:eric wanjau,person:eric wanjau,Eric Wanjau,2,41.0,0.0,4
person:matthieu chourrout,person:matthieu chourrout,Matthieu Chourrout,2,41.0,0.0,4
person:chiara maffei,person:chiara maffei,Chiara Maffei,2,41.0,0.0,4
person:yael balbastre,person:yael balbastre,Yaël Balbastre,2,41.0,0.0,4
person:a keenlyside,person:a keenlyside,A. Keenlyside,2,41.0,0.0,4
person:j brunet,person:j brunet,J. Brunet,2,41.0,0.0,4
person:paul tafforeau,person:paul tafforeau,Paul Tafforeau,2,41.0,0.0,4
person:b fischl,person:b fischl,B. Fischl,2,41.0,0.0,4
person:a yendiki,person:a yendiki,A. Yendiki,2,41.0,0.0,4
person:rui xu,person:rui xu,Rui Xu,2,40.0,0.0,0
person:r desimone,person:r desimone,R. Desimone,2,40.0,0.0,0
person:g santpere,person:g santpere,G. Santpere,2,40.0,0.0,4
person:molly reilly,person:molly reilly,Molly B. Reilly,2,40.0,0.0,4
person:abigail poff,person:abigail poff,Abigail J. Poff,2,40.0,0.0,4
person:rebecca mcwhirter,person:rebecca mcwhirter,Rebecca D. McWhirter,2,40.0,0.0,4
person:manasa basavaraju,person:manasa basavaraju,Manasa Basavaraju,2,40.0,0.0,4
person:alec barrett,person:alec barrett,Alec Barrett,2,40.0,0.0,4
person:alexander abrams,person:alexander abrams,Alexander Abrams,2,40.0,0.0,4
person:berta vidal,person:berta vidal,Berta Vidal,2,40.0,0.0,4
person:ibnul rafi,person:ibnul rafi,Ibnul Rafi,2,40.0,0.0,4
person:n sestan,person:n sestan,N. Šestan,2,40.0,0.0,4
person:qingyuan zhu,person:qingyuan zhu,Qingyuan Zhu,2,39.0,0.0,0
person:peng su,person:peng su,Peng Su,2,39.0,0.0,0
person:pak ming lau,person:pak ming lau,Pak-Ming Lau,2,39.0,0.0,0
person:james carson,person:james carson,James P. Carson,2,39.0,0.0,2
person:runkai zhao,person:runkai zhao,Runkai Zhao,2,39.0,0.0,0
person:gerald rubin,person:gerald rubin,Gerald M. Rubin,2,38.0,0.0,1
person:elif sevde meral,person:elif sevde meral,Elif Sevde Meral,2,38.0,0.0,1
person:shadnan asraf,person:shadnan asraf,Shadnan Asraf,2,38.0,0.0,1
person:h ploegh,person:h ploegh,H. Ploegh,2,38.0,0.0,1
person:luke nightingale,person:luke nightingale,Luke Nightingale,2,37.0,0.0,0
person:j de folter,person:j de folter,J. de Folter,2,37.0,0.0,0
person:anton arkhipov,person:anton arkhipov,Anton Arkhipov,2,37.0,0.0,0
person:s sternson,person:s sternson,S. Sternson,2,37.0,0.0,8
person:m haberl,person:m haberl,M. Haberl,2,37.0,0.0,0
person:christine curcio,person:christine curcio,Christine A. Curcio,2,36.0,0.0,8
person:joe strout,person:joe strout,Joe Strout,2,36.0,0.0,8
person:corey fisher,person:corey fisher,Corey B. Fisher,2,36.0,0.0,1
person:iqbal ali,person:iqbal ali,Iqbal J. Ali,2,36.0,0.0,1
person:nadiya sharifi,person:nadiya sharifi,Nadiya Sharifi,2,36.0,0.0,1
person:lee,person:lee,Lee,2,36.0,0.0,1
person:yutian fan,person:yutian fan,Yutian Fan,2,36.0,0.0,0
person:gilberto soler llavina,person:gilberto soler llavina,Gilberto J. Soler-Llavina,2,36.0,0.0,0
person:patrick breads,person:patrick breads,Patrick Breads,2,36.0,0.0,4
person:mingming hu,person:mingming hu,Mingming Hu,2,36.0,0.0,0
person:j lippincott schwartz,person:j lippincott schwartz,J. Lippincott-Schwartz,2,35.0,0.0,1
person:i pisarev,person:i pisarev,I. Pisarev,2,35.0,0.0,1
person:jennifer colonell,person:jennifer colonell,Jennifer Colonell,2,35.0,0.0,1
person:amy hu,person:amy hu,Amy Hu,2,35.0,0.0,1
person:linus meienberg,person:linus meienberg,Linus Meienberg,2,35.0,0.0,1
person:p tillberg,person:p tillberg,P. Tillberg,2,35.0,0.0,1
person:yu xiao,person:yu xiao,Yu Xiao,2,35.0,0.0,5
person:nicola spotorno,person:nicola spotorno,Nicola Spotorno,2,35.0,0.0,5
person:lijun an,person:lijun an,Lijun An,2,35.0,0.0,5
person:j hansen,person:j hansen,J. Hansen,2,35.0,0.0,5
person:o strandberg,person:o strandberg,O. Strandberg,2,35.0,0.0,5
person:harry behjat,person:harry behjat,Harry H. Behjat,2,35.0,0.0,5
person:e stomrud,person:e stomrud,E. Stomrud,2,35.0,0.0,5
person:ruben smith,person:ruben smith,Ruben Smith,2,35.0,0.0,5
person:s palmqvist,person:s palmqvist,S. Palmqvist,2,35.0,0.0,5
person:r ossenkoppele,person:r ossenkoppele,R. Ossenkoppele,2,35.0,0.0,5
person:n mattsson carlgren,person:n mattsson carlgren,N. Mattsson‐Carlgren,2,35.0,0.0,5
person:oskar hansson,person:oskar hansson,Oskar Hansson,2,35.0,0.0,5
person:jacob vogel,person:jacob vogel,Jacob W. Vogel,2,35.0,0.0,5
person:f polli,person:f polli,F. Polli,2,35.0,0.0,0
person:anton maximov,person:anton maximov,Anton Maximov,2,35.0,0.0,0
person:t saumweber,person:t saumweber,T. Saumweber,2,34.0,0.0,2
person:j trimmer,person:j trimmer,J. Trimmer,2,34.0,0.0,1
person:tingting bo,person:tingting bo,Tingting Bo,2,34.0,0.0,0
person:yafeng zhan,person:yafeng zhan,Yafeng Zhan,2,34.0,0.0,0
person:shengyao yan,person:shengyao yan,Shengyao Yan,2,34.0,0.0,0
person:baofeng yang,person:baofeng yang,Baofeng Yang,2,34.0,0.0,0
person:andrea vaccari,person:andrea vaccari,Andrea Vaccari,2,34.0,0.0,4
person:aadil rehan,person:aadil rehan,Aadil Rehan,2,34.0,0.0,4
person:kristin tessmar raible,person:kristin tessmar raible,Kristin Tessmar‐Raible,2,34.0,0.0,2
person:r ilmoniemi,person:r ilmoniemi,R. Ilmoniemi,2,34.0,0.0,23
person:reza abbasi asl,person:reza abbasi asl,Reza Abbasi-Asl,2,34.0,0.0,0
person:a ramirez,person:a ramirez,A. Ramírez,2,34.0,0.0,3
person:johan winnubst,person:johan winnubst,Johan Winnubst,2,33.0,0.0,8
person:tiago ferreira,person:tiago ferreira,Tiago A. Ferreira,2,33.0,0.0,8
person:t coalson,person:t coalson,T. Coalson,2,33.0,0.0,2
person:steffen schneider,person:steffen schneider,Steffen Schneider,2,33.0,0.0,2
person:yajun xie,person:yajun xie,Yajun Xie,2,33.0,0.0,9
person:zachary herbert,person:zachary herbert,Zachary T. Herbert,2,33.0,0.0,9
person:olivia mosto,person:olivia mosto,Olivia Mosto,2,33.0,0.0,9
person:olubusola olukoya,person:olubusola olukoya,Olubusola Olukoya,2,33.0,0.0,9
person:manal adam,person:manal adam,Manal A. Adam,2,33.0,0.0,9
person:steve vu,person:steve vu,Steve Vu,2,33.0,0.0,9
person:nicolas gomez,person:nicolas gomez,Nicolás Gómez,2,33.0,0.0,9
person:d tran,person:d tran,D. Tran,2,33.0,0.0,9
person:claire charpentier,person:claire charpentier,Claire Charpentier,2,33.0,0.0,9
person:i sorour,person:i sorour,I. Sorour,2,33.0,0.0,9
person:m tolstorukov,person:m tolstorukov,M. Tolstorukov,2,33.0,0.0,9
person:corey harwell,person:corey harwell,Corey C. Harwell,2,33.0,0.0,9
person:jia hong gao,person:jia hong gao,Jia-Hong Gao,2,33.0,0.0,0
person:ming du,person:ming du,Ming Du,2,33.0,0.0,3
person:m schleyer,person:m schleyer,M. Schleyer,2,33.0,0.0,2
person:fangming xie,person:fangming xie,Fangming Xie,2,32.0,0.0,4
person:abigail bush,person:abigail bush,Abigail Bush,2,32.0,0.0,0
person:luis rodriguez,person:luis rodriguez,Luis M. Rodriguez,2,32.0,0.0,2
person:corban rivera,person:corban rivera,Corban Rivera,2,32.0,0.0,2
person:theodore lagrow,person:theodore lagrow,Theodore J. LaGrow,2,32.0,0.0,2
person:hannah cowley,person:hannah cowley,Hannah P. Cowley,2,32.0,0.0,2
person:marisa hughes,person:marisa hughes,Marisa J. Hughes,2,32.0,0.0,2
person:rong ma,person:rong ma,Rong Ma,2,32.0,0.0,1
person:a wetzel,person:a wetzel,A. Wetzel,2,32.0,0.0,2
person:sergey gratiy,person:sergey gratiy,Sergey L. Gratiy,2,32.0,0.0,0
person:miao ren,person:miao ren,Miao Ren,2,31.0,0.0,0
person:tuyen pham,person:tuyen pham,Tuyen Pham,2,31.0,0.0,8
person:xiaoping yin,person:xiaoping yin,Xiaoping Yin,2,31.0,0.0,0
person:rebecca girresch,person:rebecca girresch,Rebecca J Girresch,2,31.0,0.0,8
person:j ogilvie,person:j ogilvie,J. Ogilvie,2,31.0,0.0,8
person:xiaohui dong,person:xiaohui dong,Xiaohui Dong,2,31.0,0.0,0
person:alex perez,person:alex perez,Alex J. Perez,2,31.0,0.0,0
person:e nestler,person:e nestler,E. Nestler,2,31.0,0.0,14
person:n spruston,person:n spruston,N. Spruston,2,31.0,0.0,8
person:zhiying pan,person:zhiying pan,Zhiying Pan,2,31.0,0.0,0
person:changming sun,person:changming sun,Changming Sun,2,30.0,0.0,4
person:philip shiu,person:philip shiu,Philip K. Shiu,2,30.0,0.0,3
person:rebecca arruda,person:rebecca arruda,Rebecca Arruda,2,30.0,0.0,2
person:tomoko ohyama,person:tomoko ohyama,Tomoko Ohyama,2,30.0,0.0,2
person:jessica ding,person:jessica ding,Jessica Ding,2,30.0,0.0,0
person:shruti kulkarni,person:shruti kulkarni,Shruti Kulkarni,2,30.0,0.0,0
person:michael cheng,person:michael cheng,Michael Cheng,2,30.0,0.0,0
person:chao peng,person:chao peng,Chao Peng,2,30.0,0.0,0
person:wan xian koh,person:wan xian koh,Wan Xian Koh,2,30.0,0.0,1
person:rajeev parvathala,person:rajeev parvathala,Rajeev Parvathala,2,30.0,0.0,1
person:t kirchhausen,person:t kirchhausen,T. Kirchhausen,2,30.0,0.0,1
person:hannah joo,person:hannah joo,Hannah R. Joo,2,30.0,0.0,8
person:m buice,person:m buice,M. Buice,2,30.0,0.0,0
person:shaozheng qin,person:shaozheng qin,Shaozheng Qin,2,30.0,0.0,0
person:c puller,person:c puller,C. Puller,2,29.0,0.0,8
person:david berson,person:david berson,David Berson,2,29.0,0.0,6
person:w liao,person:w liao,W. Liao,2,29.0,0.0,0
person:jayde livingstone,person:jayde livingstone,Jayde Livingstone,2,29.0,0.0,9
person:p cloetens,person:p cloetens,P. Cloetens,2,29.0,0.0,9
person:n skene,person:n skene,N. Skene,2,29.0,0.0,7
person:t oram,person:t oram,T. Oram,2,29.0,0.0,3
person:kristel vennekens,person:kristel vennekens,Kristel M. Vennekens,2,29.0,0.0,4
person:r draft,person:r draft,R. W. Draft,2,29.0,0.0,1
person:maria fernanda henao echeverri,person:maria fernanda henao echeverri,Maria Fernanda Henao Echeverri,2,29.0,0.0,1
person:stephen turney,person:stephen turney,Stephen G. Turney,2,29.0,0.0,1
person:m saunders,person:m saunders,M. Saunders,2,28.0,0.0,1
person:bruno afonso,person:bruno afonso,Bruno Afonso,2,28.0,0.0,2
person:joshua vogelstein,person:joshua vogelstein,Joshua T. Vogelstein,2,28.0,0.0,2
person:alessandro venturino,person:alessandro venturino,Alessandro Venturino,2,28.0,0.0,7
person:k roessler,person:k roessler,K. Roessler,2,28.0,0.0,7
person:t czech,person:t czech,T. Czech,2,28.0,0.0,7
person:s siegert,person:s siegert,S. Siegert,2,28.0,0.0,7
person:bryan hooks,person:bryan hooks,Bryan M. Hooks,2,28.0,0.0,0
person:jorg geiger,person:jorg geiger,Jörg R. P. Geiger,2,28.0,0.0,17
person:anubhav sinha,person:anubhav sinha,Anubhav Sinha,2,27.0,0.0,2
person:louise atkinson,person:louise atkinson,Louise E. Atkinson,2,27.0,0.0,0
person:f mckay,person:f mckay,F. McKay,2,27.0,0.0,0
person:elke vandewyer,person:elke vandewyer,Elke Vandewyer,2,27.0,0.0,0
person:charles viau,person:charles viau,Charles Viau,2,27.0,0.0,0
person:a irvine,person:a irvine,A. Irvine,2,27.0,0.0,0
person:b rosa,person:b rosa,B. Rosa,2,27.0,0.0,0
person:n marks,person:n marks,N. Marks,2,27.0,0.0,0
person:a maule,person:a maule,A. Maule,2,27.0,0.0,0
person:m mitreva,person:m mitreva,M. Mitreva,2,27.0,0.0,0
person:a mousley,person:a mousley,A. Mousley,2,27.0,0.0,0
person:guangwei si,person:guangwei si,Guangwei Si,2,27.0,0.0,2
person:flavie bidel,person:flavie bidel,Flavie Bidel,2,27.0,0.0,1
person:b hochner,person:b hochner,B. Hochner,2,27.0,0.0,1
person:xuhong liao,person:xuhong liao,Xuhong Liao,2,27.0,0.0,0
person:jeffrey savas,person:jeffrey savas,Jeffrey N. Savas,2,27.0,0.0,0
person:joerg bewersdorf,person:joerg bewersdorf,Joerg Bewersdorf,2,26.0,0.0,5
person:gukhan kim,person:gukhan kim,Gukhan Kim,2,26.0,0.0,5
person:m currie,person:m currie,M. Currie,2,26.0,0.0,10
person:xianghui xiao,person:xianghui xiao,Xianghui Xiao,2,26.0,0.0,0
person:benjamin cocanougher,person:benjamin cocanougher,Benjamin T. Cocanougher,2,26.0,0.0,2
person:isaac western,person:isaac western,Isaac Western,2,26.0,0.0,2
person:brian robinson,person:brian robinson,Brian S. Robinson,2,26.0,0.0,2
person:eric hammerschmith,person:eric hammerschmith,Eric W. Hammerschmith,2,26.0,0.0,3
person:david tank,person:david tank,David W. Tank,2,26.0,0.0,3
person:v thiyagarajan,person:v thiyagarajan,V. Thiyagarajan,2,26.0,0.0,2
person:m shaw,person:m shaw,M. V. Shaw,2,26.0,0.0,8
person:peibo xu,person:peibo xu,Peibo Xu,2,26.0,0.0,0
person:tingli yuan,person:tingli yuan,Tingli Yuan,2,26.0,0.0,0
person:hui he,person:hui he,Hui He,2,26.0,0.0,0
person:zhen ge luo,person:zhen ge luo,Zhen-Ge Luo,2,26.0,0.0,0
person:emmanouil karagiannis,person:emmanouil karagiannis,Emmanouil D. Karagiannis,2,26.0,0.0,0
person:jeong seuk kang,person:jeong seuk kang,Jeong Seuk Kang,2,26.0,0.0,0
person:t shin,person:t shin,T. Shin,2,26.0,0.0,0
person:amauche emenari,person:amauche emenari,Amauche Emenari,2,26.0,0.0,0
person:shoh asano,person:shoh asano,Shoh M. Asano,2,26.0,0.0,0
person:leanne lin,person:leanne lin,Leanne Lin,2,26.0,0.0,0
person:emma costa,person:emma costa,Emma K. Costa,2,26.0,0.0,0
person:x zhuang,person:x zhuang,X. Zhuang,2,26.0,0.0,0
person:matthieu louis,person:matthieu louis,Matthieu Louis,2,26.0,0.0,2
person:michael ewers,person:michael ewers,Michael Ewers,2,25.0,0.0,0
person:n franzmeier,person:n franzmeier,N. Franzmeier,2,25.0,0.0,0
person:yoonseok im,person:yoonseok im,Yoonseok Im,2,25.0,0.0,5
person:wenqi zhu,person:wenqi zhu,Wenqi Zhu,2,25.0,0.0,0
person:h vergara,person:h vergara,H. Vergara,2,25.0,0.0,2
person:lola lambert,person:lola lambert,Lola Lambert,2,25.0,0.0,13
person:amin moradi,person:amin moradi,Amin Moradi,2,25.0,0.0,13
person:r tromp,person:r tromp,R. Tromp,2,25.0,0.0,13
person:s van der molen,person:s van der molen,S. J. van der Molen,2,25.0,0.0,13
person:janek rieger,person:janek rieger,Janek Rieger,2,25.0,0.0,13
person:morgan sanchez,person:morgan sanchez,Morgan Sanchez,2,25.0,0.0,1
person:sonal nagarkar jaiswal,person:sonal nagarkar jaiswal,Sonal Nagarkar-Jaiswal,2,25.0,0.0,4
person:b sakmann,person:b sakmann,B. Sakmann,2,25.0,0.0,6
person:edanur sen,person:edanur sen,Edanur Sen,2,25.0,0.0,2
person:juliane thoener,person:juliane thoener,Juliane Thoener,2,25.0,0.0,2
person:fabiana bahna,person:fabiana bahna,Fabiana A. Bahna,2,25.0,0.0,4
person:sarah emerson,person:sarah emerson,Sarah E. Emerson,2,24.0,0.0,2
person:dhananjay bhaskar,person:dhananjay bhaskar,Dhananjay Bhaskar,2,24.0,0.0,2
person:tom hindmarsh sten,person:tom hindmarsh sten,Tom Hindmarsh Sten,2,24.0,0.0,1
person:adam taylor,person:adam taylor,Adam L. Taylor,2,24.0,0.0,1
person:kristin branson,person:kristin branson,Kristin M. Branson,2,24.0,0.0,1
person:adriane otopalik,person:adriane otopalik,Adriane G. Otopalik,2,24.0,0.0,1
person:vanessa ruta,person:vanessa ruta,Vanessa Ruta,2,24.0,0.0,1
person:mojtaba tavakoli,person:mojtaba tavakoli,Mojtaba R. Tavakoli,2,24.0,0.0,7
person:vitali vistunou,person:vitali vistunou,Vitali Vistunou,2,24.0,0.0,7
person:jakob vorlaufer,person:jakob vorlaufer,Jakob Vorlaufer,2,24.0,0.0,7
person:caroline kreuzinger,person:caroline kreuzinger,Caroline Kreuzinger,2,24.0,0.0,7
person:barbara oliveira,person:barbara oliveira,Bárbara Oliveira,2,24.0,0.0,7
person:johann danzl,person:johann danzl,Johann G. Danzl,2,24.0,0.0,7
person:laurence cathala,person:laurence cathala,Laurence Cathala,2,24.0,0.0,5
person:dean pospisil,person:dean pospisil,Dean A. Pospisil,2,24.0,0.0,3
person:jonathan pillow,person:jonathan pillow,Jonathan W. Pillow,2,24.0,0.0,3
person:xiaosong he,person:xiaosong he,Xiaosong He,2,24.0,0.0,0
person:xiaochong fan,person:xiaochong fan,Xiaochong Fan,2,24.0,0.0,0
person:t furuta,person:t furuta,T. Furuta,2,24.0,0.0,19
person:kenta yamauchi,person:kenta yamauchi,Kenta Yamauchi,2,24.0,0.0,19
person:shinichiro okamoto,person:shinichiro okamoto,Shinichiro Okamoto,2,24.0,0.0,19
person:yoko ishida,person:yoko ishida,Yoko Ishida,2,24.0,0.0,19
person:aya takenaka,person:aya takenaka,Aya Takenaka,2,24.0,0.0,19
person:atsushi yoshida,person:atsushi yoshida,Atsushi Yoshida,2,24.0,0.0,19
person:y uchiyama,person:y uchiyama,Y. Uchiyama,2,24.0,0.0,19
person:kaoru isa,person:kaoru isa,Kaoru Isa,2,24.0,0.0,19
person:tadashi isa,person:tadashi isa,Tadashi Isa,2,24.0,0.0,19
person:h hioki,person:h hioki,H. Hioki,2,24.0,0.0,19
person:m macdonald,person:m macdonald,M. Macdonald,2,24.0,0.0,0
person:vladyslava pechuk,person:vladyslava pechuk,Vladyslava Pechuk,2,24.0,0.0,4
person:aditi chaubey,person:aditi chaubey,Aditi H. Chaubey,2,24.0,0.0,4
person:r bola,person:r bola,R. A. Bola,2,24.0,0.0,4
person:jonathon hoffman,person:jonathon hoffman,Jonathon Hoffman,2,24.0,0.0,4
person:renee miller,person:renee miller,Renee M. Miller,2,24.0,0.0,4
person:noah reger,person:noah reger,Noah Reger,2,24.0,0.0,4
person:ayana hellevik,person:ayana hellevik,Ayana M. Hellevik,2,24.0,0.0,0
person:liming tan,person:liming tan,Liming Tan,2,24.0,0.0,4
person:wenjing ye,person:wenjing ye,Wenjing Ye,2,24.0,0.0,0
person:felix gonda,person:felix gonda,Felix Gonda,2,23.0,0.0,1
person:daniel lee,person:daniel lee,Daniel D. Lee,2,23.0,0.0,3
person:shengli zhao,person:shengli zhao,Shengli Zhao,2,23.0,0.0,0
person:hyojong jang,person:hyojong jang,Hyojong Jang,2,23.0,0.0,4
person:b hina,person:b hina,B. Hina,2,23.0,0.0,4
person:catherine von reyn,person:catherine von reyn,Catherine R. von Reyn,2,23.0,0.0,4
person:christopher rapp,person:christopher rapp,Christopher N. Rapp,2,23.0,0.0,8
person:noah nelson,person:noah nelson,Noah T. Nelson,2,23.0,0.0,8
person:m meyer,person:m meyer,M. Meyer,2,23.0,0.0,8
person:nishika gupta,person:nishika gupta,Nishika Gupta,2,23.0,0.0,1
person:nicholas weiler,person:nicholas weiler,Nicholas C Weiler,2,23.0,0.0,2
person:nan ji,person:nan ji,Nan Ji,2,23.0,0.0,0
person:matthew berck,person:matthew berck,Matthew E. Berck,2,23.0,0.0,2
person:o kobler,person:o kobler,O. Kobler,2,23.0,0.0,2
person:alice weiglein,person:alice weiglein,Aliće Weiglein,2,23.0,0.0,2
person:r tsien,person:r tsien,R. Tsien,2,22.0,0.0,0
person:jayati gera,person:jayati gera,Jayati Gera,2,22.0,0.0,16
person:m lenz,person:m lenz,M. Lenz,2,22.0,0.0,6
person:jurgen beck,person:jurgen beck,Jürgen Beck,2,22.0,0.0,6
person:andreas vlachos,person:andreas vlachos,Andreas Vlachos,2,22.0,0.0,6
person:a chisholm,person:a chisholm,A. Chisholm,2,22.0,0.0,1
person:jacob ralston,person:jacob ralston,Jacob D. Ralston,2,22.0,0.0,9
person:mili jeon,person:mili jeon,Mili Jeon,2,22.0,0.0,4
person:b grimm,person:b grimm,B. Grimm,2,22.0,0.0,8
person:heiko wissler,person:heiko wissler,Heiko Wissler,2,22.0,0.0,6
person:james tompkin,person:james tompkin,James Tompkin,2,22.0,0.0,1
person:sebastian huckesfeld,person:sebastian huckesfeld,Sebastian Hückesfeld,2,22.0,0.0,2
person:kwanghun chung,person:kwanghun chung,Kwanghun Chung,2,22.0,0.0,2
person:soungyub ahn,person:soungyub ahn,Soungyub Ahn,2,22.0,0.0,4
person:k merfeld,person:k merfeld,K. Merfeld,2,21.0,0.0,2
person:cara cavanaugh,person:cara cavanaugh,Cara J. Cavanaugh,2,21.0,0.0,2
person:cody smith,person:cody smith,Cody J. Smith,2,21.0,0.0,2
person:e barsotti,person:e barsotti,E. Barsotti,2,21.0,0.0,2
person:mason mackey,person:mason mackey,Mason R. Mackey,2,21.0,0.0,0
person:d dunson,person:d dunson,D. Dunson,2,21.0,0.0,5
person:ruth benavides piccione,person:ruth benavides piccione,Ruth Benavides-Piccione,2,21.0,0.0,7
person:giulia mizzon,person:giulia mizzon,Giulia Mizzon,2,21.0,0.0,7
person:metta riebesell,person:metta riebesell,Metta Riebesell,2,21.0,0.0,4
person:jinjian yu,person:jinjian yu,Jinjian Yu,2,21.0,0.0,0
person:norman rzepka,person:norman rzepka,Norman Rzepka,2,21.0,0.0,6
person:zhengyun zhou,person:zhengyun zhou,Zhengyun Zhou,2,21.0,0.0,0
person:mukul narwani,person:mukul narwani,Mukul Narwani,2,21.0,0.0,9
person:shuhan xie,person:shuhan xie,Shuhan Xie,2,21.0,0.0,9
person:a mclachlan,person:a mclachlan,A. McLachlan,2,21.0,0.0,10
person:clare pilgrim,person:clare pilgrim,Clare Pilgrim,2,21.0,0.0,10
person:n brown,person:n brown,N. Brown,2,21.0,0.0,10
person:david osumi sutherland,person:david osumi sutherland,David Osumi-Sutherland,2,21.0,0.0,10
person:j armstrong,person:j armstrong,J. D. Armstrong,2,21.0,0.0,10
person:alex szalay,person:alex szalay,Alex Szalay,2,21.0,0.0,2
person:g condomitti,person:g condomitti,G. Condomitti,2,21.0,0.0,4
person:a sauerbeck,person:a sauerbeck,A. Sauerbeck,2,20.0,0.0,12
person:mihika gangolli,person:mihika gangolli,Mihika Gangolli,2,20.0,0.0,12
person:sydney reitz,person:sydney reitz,Sydney J. Reitz,2,20.0,0.0,12
person:maverick salyards,person:maverick salyards,Maverick H. Salyards,2,20.0,0.0,12
person:christopher hemingway,person:christopher hemingway,Christopher Hemingway,2,20.0,0.0,12
person:tejaswi makkapati,person:tejaswi makkapati,Tejaswi Makkapati,2,20.0,0.0,12
person:d brody,person:d brody,D. L. Brody,2,20.0,0.0,12
person:terrance kummer,person:terrance kummer,Terrance T. Kummer,2,20.0,0.0,12
person:r perin,person:r perin,R. Perin,2,20.0,0.0,7
person:jean marie bouteiller,person:jean marie bouteiller,Jean-Marie C. Bouteiller,2,20.0,0.0,8
person:miguel wimbish,person:miguel wimbish,Miguel E. Wimbish,2,20.0,0.0,2
person:mark hinton,person:mark hinton,Mark A. Hinton,2,20.0,0.0,2
person:jorge rivera,person:jorge rivera,Jorge L. Rivera,2,20.0,0.0,2
person:nicole stock,person:nicole stock,Nicole Stock,2,20.0,0.0,2
person:h haberkern,person:h haberkern,H. Haberkern,2,20.0,0.0,1
person:c kane,person:c kane,C. O’Kane,2,20.0,0.0,10
person:a strange,person:a strange,A. Strange,2,20.0,0.0,2
person:pedro machado,person:pedro machado,Pedro Machado,2,20.0,0.0,7
person:li ye,person:li ye,Li Ye,2,20.0,0.0,2
person:w scheirer,person:w scheirer,W. Scheirer,2,20.0,0.0,6
person:d turner evans,person:d turner evans,D. Turner-Evans,2,20.0,0.0,1
person:zengru di,person:zengru di,Zengru Di,2,20.0,0.0,0
person:mark frye,person:mark frye,Mark A. Frye,2,20.0,0.0,4
person:mukesh bangalore renuka,person:mukesh bangalore renuka,Mukesh Bangalore Renuka,2,20.0,0.0,1
person:d heiland,person:d heiland,D. Heiland,2,20.0,0.0,6
person:susie huang,person:susie huang,Susie Y. Huang,2,20.0,0.0,4
person:fred rieke,person:fred rieke,Fred Rieke,2,20.0,0.0,6
person:franco pestilli,person:franco pestilli,Franco Pestilli,2,20.0,0.0,23
person:weiwei yang,person:weiwei yang,Weiwei Yang,2,20.0,0.0,2
person:keyu wu,person:keyu wu,Keyu Wu,2,20.0,0.0,0
person:g fabig,person:g fabig,G. Fabig,2,19.0,0.0,12
person:claire managan,person:claire managan,Claire Managan,2,19.0,0.0,1
person:helen spiers,person:helen spiers,Helen Spiers,2,19.0,0.0,0
person:yuda zou,person:yuda zou,Yuda Zou,2,19.0,0.0,0
person:h huo,person:h huo,H. Huo,2,19.0,0.0,0
person:p kosta,person:p kosta,P. Kosta,2,19.0,0.0,8
person:a mahzarnia,person:a mahzarnia,A. Mahzarnia,2,19.0,0.0,5
person:jacques stout,person:jacques stout,Jacques A Stout,2,19.0,0.0,5
person:m mazri,person:m mazri,M. F. Mazri,2,19.0,0.0,9
person:m sayre,person:m sayre,M. E. Sayre,2,19.0,0.0,31
person:xiaochen tang,person:xiaochen tang,Xiaochen Tang,2,19.0,0.0,0
person:emily berghoff,person:emily berghoff,Emily G. Berghoff,2,19.0,0.0,4
person:a bhattacharya,person:a bhattacharya,A. Bhattacharya,2,19.0,0.0,4
person:g cofer,person:g cofer,G. Cofer,2,19.0,0.0,0
person:j gee,person:j gee,J. Gee,2,19.0,0.0,0
person:l white,person:l white,L. White,2,19.0,0.0,0
person:shin ishii,person:shin ishii,Shin Ishii,2,19.0,0.0,18
person:meiqi niu,person:meiqi niu,Meiqi Niu,2,19.0,0.0,5
person:lingsheng kong,person:lingsheng kong,Lingsheng Kong,2,19.0,0.0,0
person:fei zhu,person:fei zhu,Fei Zhu,2,18.0,0.0,7
person:xiaolong jiang,person:xiaolong jiang,Xiaolong Jiang,2,18.0,0.0,6
person:j troy,person:j troy,J. Troy,2,18.0,0.0,8
person:manabu sekiguchi,person:manabu sekiguchi,Manabu Sekiguchi,2,18.0,0.0,16
person:taishi yoshii,person:taishi yoshii,Taishi Yoshii,2,18.0,0.0,16
person:dirk rieger,person:dirk rieger,Dirk Rieger,2,18.0,0.0,16
person:azarin shoghi,person:azarin shoghi,Azarin Shoghi,2,18.0,0.0,0
person:benjamin finander,person:benjamin finander,Benjamin Finander,2,18.0,0.0,0
person:kazunari miyamichi,person:kazunari miyamichi,Kazunari Miyamichi,2,18.0,0.0,2
person:sebastian hueckesfeld,person:sebastian hueckesfeld,Sebastian Hueckesfeld,2,18.0,0.0,2
person:kuankuan xin,person:kuankuan xin,Kuankuan Xin,2,18.0,0.0,0
person:christiaan de kock,person:christiaan de kock,Christiaan P. J. de Kock,2,18.0,0.0,7
person:rafael vescovi,person:rafael vescovi,Rafael Vescovi,2,18.0,0.0,1
person:jeffery kinnison,person:jeffery kinnison,Jeffery Kinnison,2,18.0,0.0,1
person:laura blackie,person:laura blackie,Laura Blackie,2,18.0,0.0,4
person:amy mccarthy,person:amy mccarthy,Amy M. McCarthy,2,18.0,0.0,4
person:ben sutcliffe,person:ben sutcliffe,Ben Sutcliffe,2,18.0,0.0,4
person:alessio strano,person:alessio strano,Alessio Strano,2,18.0,0.0,4
person:patrick parker,person:patrick parker,Patrick H. Parker,2,18.0,0.0,2
person:b bernhardt,person:b bernhardt,B. Bernhardt,2,18.0,0.0,5
person:t moser,person:t moser,T. Moser,2,18.0,0.0,0
person:l tang,person:l tang,L. T. Tang,2,18.0,0.0,4
person:h bulow,person:h bulow,H. Bülow,2,18.0,0.0,4
person:carlo giachello,person:carlo giachello,Carlo N. G. Giachello,2,18.0,0.0,2
person:yuen ngan fan,person:yuen ngan fan,Yuen Ngan Fan,2,18.0,0.0,2
person:alexander woodward,person:alexander woodward,Alexander Woodward,2,18.0,0.0,18
person:junichi hata,person:junichi hata,Junichi Hata,2,18.0,0.0,18
person:boris marin,person:boris marin,Bóris Marin,2,18.0,0.0,10
person:kevin takasaki,person:kevin takasaki,Kevin Takasaki,2,18.0,0.0,0
person:emily turschak,person:emily turschak,Emily Turschak,2,18.0,0.0,0
person:pooja balaram,person:pooja balaram,Pooja Balaram,2,18.0,0.0,0
person:michael devine,person:michael devine,Michael J. Devine,2,18.0,0.0,1
person:travis jarrell,person:travis jarrell,Travis A. Jarrell,2,18.0,0.0,4
person:mark chevillet,person:mark chevillet,Mark A. Chevillet,2,18.0,0.0,2
person:larissa heinrich,person:larissa heinrich,Larissa Heinrich,2,18.0,0.0,1
person:antonio paiva,person:antonio paiva,António R. C. Paiva,2,18.0,0.0,8
person:m abdellah,person:m abdellah,M. Abdellah,2,18.0,0.0,7
person:janne lappalainen,person:janne lappalainen,Janne K. Lappalainen,2,18.0,0.0,1
person:sridhama prakhya,person:sridhama prakhya,Sridhama Prakhya,2,18.0,0.0,1
person:mason mcgill,person:mason mcgill,Mason McGill,2,18.0,0.0,1
person:j macke,person:j macke,J. Macke,2,18.0,0.0,1
person:b maco,person:b maco,B. Maco,2,18.0,0.0,7
person:feng chen,person:feng chen,Feng Chen,2,18.0,0.0,15
person:yue guan,person:yue guan,Yue Guan,2,17.0,0.0,0
person:tetsuo yamamori,person:tetsuo yamamori,Tetsuo Yamamori,2,17.0,0.0,18
person:a watakabe,person:a watakabe,A. Watakabe,2,17.0,0.0,18
person:henrik skibbe,person:henrik skibbe,Henrik Skibbe,2,17.0,0.0,18
person:katherine watters,person:katherine watters,Katherine E Watters,2,17.0,0.0,5
person:macy garrood,person:macy garrood,Macy Garrood,2,17.0,0.0,11
person:allison sowa,person:allison sowa,Allison Sowa,2,17.0,0.0,11
person:william janssen,person:william janssen,William Janssen,2,17.0,0.0,11
person:e thorn,person:e thorn,E. Thorn,2,17.0,0.0,11
person:claudia de sanctis,person:claudia de sanctis,Claudia De Sanctis,2,17.0,0.0,11
person:kurt farrell,person:kurt farrell,Kurt Farrell,2,17.0,0.0,11
person:jaewon chung,person:jaewon chung,Jaewon Chung,2,17.0,0.0,2
person:sarah pugliese,person:sarah pugliese,Sarah M. Pugliese,2,17.0,0.0,4
person:a de wolf,person:a de wolf,A. de Wolf,2,17.0,0.0,11
person:emil kendziorra,person:emil kendziorra,Emil F Kendziorra,2,17.0,0.0,11
person:alexander german,person:alexander german,Alexander German,2,17.0,0.0,11
person:cailey bromer,person:cailey bromer,Cailey Bromer,2,17.0,0.0,2
person:sangeetha ramachandran,person:sangeetha ramachandran,Sangeetha Ramachandran,2,17.0,0.0,6
person:heike blockus,person:heike blockus,Heike Blockus,2,17.0,0.0,4
person:i toker,person:i toker,I. A. Toker,2,17.0,0.0,4
person:luke geiger,person:luke geiger,Luke T. Geiger,2,17.0,0.0,4
person:karan saini,person:karan saini,Karan S. Saini,2,17.0,0.0,4
person:eyal ben david,person:eyal ben david,Eyal Ben-David,2,17.0,0.0,4
person:d van essen,person:d van essen,D. V. Van Essen,2,17.0,0.0,18
person:xiao yao,person:xiao yao,Xiao Yao,2,17.0,0.0,0
person:yan huo,person:yan huo,Yan Huo,2,17.0,0.0,0
person:runan ji,person:runan ji,Runan Ji,2,17.0,0.0,0
person:zengcai guo,person:zengcai guo,Zengcai V. Guo,2,17.0,0.0,0
person:dahee kang,person:dahee kang,Dahee Kang,2,16.0,0.0,4
person:yoonmyung lee,person:yoonmyung lee,Yoonmyung Lee,2,16.0,0.0,4
person:l alonso nanclares,person:l alonso nanclares,L. Alonso-Nanclares,2,16.0,0.0,7
person:k hess,person:k hess,K. Hess,2,16.0,0.0,7
person:garrett sager,person:garrett sager,Garrett Sager,2,16.0,0.0,2
person:fabian pallasdies,person:fabian pallasdies,Fabian Pallasdies,2,16.0,0.0,2
person:robert gowers,person:robert gowers,Robert Gowers,2,16.0,0.0,2
person:snusha ravikumar,person:snusha ravikumar,Snusha Ravikumar,2,16.0,0.0,2
person:elizabeth wu,person:elizabeth wu,Elizabeth Wu,2,16.0,0.0,2
person:rebecca fox,person:rebecca fox,Rebecca M. Fox,2,16.0,0.0,4
person:kellen olszewski,person:kellen olszewski,Kellen L. Olszewski,2,16.0,0.0,4
person:georg kislinger,person:georg kislinger,Georg Kislinger,2,16.0,0.0,12
person:r rushmore,person:r rushmore,R. Rushmore,2,16.0,0.0,5
person:m berlanga,person:m berlanga,M. Berlanga,2,16.0,0.0,0
person:samuel asinof,person:samuel asinof,Samuel K Asinof,2,16.0,0.0,3
person:i zinke,person:i zinke,I. Zinke,2,16.0,0.0,2
person:t mcginnity,person:t mcginnity,T. McGinnity,2,16.0,0.0,7
person:nikul ukani,person:nikul ukani,Nikul H. Ukani,2,16.0,0.0,0
person:natalie heike,person:natalie heike,Natalie Heike,2,16.0,0.0,6
person:s nechaev,person:s nechaev,S. Nechaev,2,16.0,0.0,90
person:k anokhin,person:k anokhin,K. Anokhin,2,16.0,0.0,90
person:o valba,person:o valba,O. Valba,2,16.0,0.0,90
person:s shailja,person:s shailja,S. Shailja,2,16.0,0.0,22
person:yishen miao,person:yishen miao,Yishen Miao,2,16.0,0.0,22
person:michael goebel,person:michael goebel,Michael Goebel,2,16.0,0.0,22
person:raphael ruschel,person:raphael ruschel,Raphael Ruschel,2,16.0,0.0,22
person:b manjunath,person:b manjunath,B. Manjunath,2,16.0,0.0,22
person:r douglas,person:r douglas,R. Douglas,2,16.0,0.0,2
person:osnat ophir,person:osnat ophir,Osnat Ophir,2,16.0,0.0,7
person:t trimbuch,person:t trimbuch,T. Trimbuch,2,16.0,0.0,7
person:muhammad tibi,person:muhammad tibi,Muhammad Tibi,2,16.0,0.0,7
person:christian rosenmund,person:christian rosenmund,Christian Rosenmund,2,16.0,0.0,7
person:aurelia song,person:aurelia song,Aurelia Song,2,16.0,0.0,11
person:b hulse,person:b hulse,B. Hulse,2,16.0,0.0,1
person:core francisco park,person:core francisco park,Core Francisco Park,2,16.0,0.0,1
person:alex baden,person:alex baden,Alex Baden,2,16.0,0.0,2
person:maria korympidou,person:maria korympidou,Maria M. Korympidou,2,16.0,0.0,6
person:yanli ran,person:yanli ran,Yanli Ran,2,16.0,0.0,6
person:anna vlasits,person:anna vlasits,Anna L. Vlasits,2,16.0,0.0,6
person:dika kuljis,person:dika kuljis,Dika A. Kuljis,2,16.0,0.0,2
person:eunsol park,person:eunsol park,Eunsol Park,2,16.0,0.0,2
person:c telmer,person:c telmer,C. Telmer,2,16.0,0.0,2
person:daniel ackerman,person:daniel ackerman,Daniel S Ackerman,2,16.0,0.0,2
person:luis hernandez nunez,person:luis hernandez nunez,Luis Hernandez-Nunez,2,16.0,0.0,2
person:shu kondo,person:shu kondo,Shu Kondo,2,16.0,0.0,16
person:v calhoun,person:v calhoun,V. Calhoun,2,16.0,0.0,4
person:julia beier,person:julia beier,Julia Beier,2,16.0,0.0,20
person:kanar kadir,person:kanar kadir,Kanar Kadir,2,16.0,0.0,20
person:frauke ru,person:frauke ru,Frauke Ruß,2,16.0,0.0,20
person:alina sergeeva,person:alina sergeeva,Alina P. Sergeeva,2,16.0,0.0,4
person:nao rho,person:nao rho,Nao Rho,2,16.0,0.0,6
person:s sotiropoulos,person:s sotiropoulos,S. Sotiropoulos,2,16.0,0.0,5
person:lieven huang,person:lieven huang,Lieven Huang,2,16.0,0.0,7
person:m cantoni,person:m cantoni,M. Cantoni,2,16.0,0.0,7
person:xi nian zuo,person:xi nian zuo,Xi-Nian Zuo,2,16.0,0.0,5
person:l pastor,person:l pastor,L. Pastor,2,15.0,0.0,32
person:s galindo,person:s galindo,S. Galindo,2,15.0,0.0,32
person:o robles,person:o robles,O. D. Robles,2,15.0,0.0,32
person:pablo toharia,person:pablo toharia,Pablo Toharia,2,15.0,0.0,32
person:eric bridgeford,person:eric bridgeford,Eric W. Bridgeford,2,15.0,0.0,2
person:a simon,person:a simon,A. Simon,2,15.0,0.0,28
person:anita turner,person:anita turner,Anita J. Turner,2,15.0,0.0,6
person:andrew allen,person:andrew allen,Andrew Allen,2,15.0,0.0,6
person:borys wrobel,person:borys wrobel,Borys Wróbel,2,15.0,0.0,11
person:ricardo raudales,person:ricardo raudales,Ricardo Raudales,2,15.0,0.0,0
person:anirban paul,person:anirban paul,Anirban Paul,2,15.0,0.0,0
person:haoze jia,person:haoze jia,Haoze Jia,2,15.0,0.0,2
person:vivek venkatachalam,person:vivek venkatachalam,Vivek Venkatachalam,2,15.0,0.0,4
person:k daly,person:k daly,K. Daly,2,15.0,0.0,9
person:jing huo,person:jing huo,Jing Huo,2,15.0,0.0,0
person:matthew brown,person:matthew brown,Matthew T. C. Brown,2,15.0,0.0,2
person:aikta sharma,person:aikta sharma,Aikta Sharma,2,15.0,0.0,4
person:greg hood,person:greg hood,Greg Hood,2,15.0,0.0,9
person:danqing huang,person:danqing huang,Danqing Huang,2,15.0,0.0,8
person:hong mi park,person:hong mi park,Hong-Mi Park,2,15.0,0.0,0
person:k zilles,person:k zilles,K. Zilles,2,15.0,0.0,5
person:a jorstad,person:a jorstad,A. Jorstad,2,15.0,0.0,7
person:b nigro,person:b nigro,B. Nigro,2,15.0,0.0,7
person:m wawrzyniak,person:m wawrzyniak,M. Wawrzyniak,2,15.0,0.0,7
person:adam gohain,person:adam gohain,Adam Gohain,2,15.0,0.0,1
person:kaylynn coates,person:kaylynn coates,Kaylynn E. Coates,2,15.0,0.0,9
person:christopher white,person:christopher white,Christopher M. White,2,15.0,0.0,2
person:dongseok park,person:dongseok park,Dongseok Park,2,14.0,0.0,5
person:r levi,person:r levi,R. Levi,2,14.0,0.0,7
person:m dal maschio,person:m dal maschio,M. dal Maschio,2,14.0,0.0,6
person:jaeyeong han,person:jaeyeong han,Jaeyeong Han,2,14.0,0.0,9
person:akira mamiya,person:akira mamiya,Akira Mamiya,2,14.0,0.0,3
person:na young seo,person:na young seo,Na-Young Seo,2,14.0,0.0,5
person:shubham jain,person:shubham jain,Shubham Jain,2,14.0,0.0,4
person:c stigloher,person:c stigloher,C. Stigloher,2,14.0,0.0,1
person:fumi kubo,person:fumi kubo,Fumi Kubo,2,14.0,0.0,6
person:alice geminiani,person:alice geminiani,Alice Geminiani,2,14.0,0.0,30
person:a antonietti,person:a antonietti,A. Antonietti,2,14.0,0.0,30
person:alexander kim,person:alexander kim,Alexander J. Kim,2,14.0,0.0,4
person:m van oostrum,person:m van oostrum,M. van Oostrum,2,14.0,0.0,48
person:benjamin campbell,person:benjamin campbell,Benjamin F. N. Campbell,2,14.0,0.0,48
person:maik muller,person:maik muller,Maik Müller,2,14.0,0.0,48
person:patrick pedrioli,person:patrick pedrioli,Patrick G. A. Pedrioli,2,14.0,0.0,48
person:shiva tyagarajan,person:shiva tyagarajan,Shiva K. Tyagarajan,2,14.0,0.0,48
person:b wollscheid,person:b wollscheid,B. Wollscheid,2,14.0,0.0,48
person:shoeb mohammed,person:shoeb mohammed,Shoeb Mohammed,2,14.0,0.0,8
person:michael clayton,person:michael clayton,Michael Clayton,2,14.0,0.0,2
person:hassana oyibo,person:hassana oyibo,Hassana K. Oyibo,2,14.0,0.0,0
person:c becker,person:c becker,C. Becker,2,14.0,0.0,7
person:mike roberts,person:mike roberts,Mike Roberts,2,14.0,0.0,1
person:liuyun jiang,person:liuyun jiang,Liuyun Jiang,2,14.0,0.0,0
person:bw brunton,person:bw brunton,BW Brunton,2,14.0,0.0,3
person:carlos lois,person:carlos lois,Carlos Lois,2,14.0,0.0,0
person:d boassa,person:d boassa,D. Boassa,2,14.0,0.0,0
person:seulki yoo,person:seulki yoo,Seulki Yoo,2,14.0,0.0,5
person:j wegiel,person:j wegiel,J. Wegiel,2,14.0,0.0,85
person:jesus arroyo,person:jesus arroyo,Jesús Arroyo,2,13.0,0.0,2
person:meike lobb rabe,person:meike lobb rabe,Meike Lobb-Rabe,2,13.0,0.0,4
person:yuqing yan,person:yuqing yan,Yuqing Yan,2,13.0,0.0,0
person:h ko,person:h ko,H. Ko,2,13.0,0.0,9
person:f richter,person:f richter,F. Richter,2,13.0,0.0,11
person:kyle loizos,person:kyle loizos,Kyle Loizos,2,13.0,0.0,8
person:j roels,person:j roels,J. Roels,2,13.0,0.0,7
person:julian hennies,person:julian hennies,Julian Hennies,2,13.0,0.0,7
person:y saeys,person:y saeys,Y. Saeys,2,13.0,0.0,7
person:w philips,person:w philips,W. Philips,2,13.0,0.0,7
person:r neve,person:r neve,R. Neve,2,13.0,0.0,6
person:matthew gadenne,person:matthew gadenne,Matthew J Gadenne,2,13.0,0.0,4
person:djordji suleski,person:djordji suleski,Djordji Suleski,2,13.0,0.0,4
person:paris jaggers,person:paris jaggers,Paris Jaggers,2,13.0,0.0,4
person:j kinney,person:j kinney,J. Kinney,2,13.0,0.0,2
person:qian quan sun,person:qian quan sun,Qian-Quan Sun,2,13.0,0.0,0
person:renmin han,person:renmin han,Renmin Han,2,13.0,0.0,0
person:z huang,person:z huang,Z. J. Huang,2,13.0,0.0,0
person:rodney murphey,person:rodney murphey,Rodney Murphey,2,13.0,0.0,0
person:philipp bauknecht,person:philipp bauknecht,Philipp Bauknecht,2,13.0,0.0,2
person:ronald xie,person:ronald xie,Ronald Xie,2,13.0,0.0,4
person:gary bader,person:gary bader,Gary D. Bader,2,13.0,0.0,4
person:e miller,person:e miller,E. Miller,2,13.0,0.0,1
person:paul sternberg,person:paul sternberg,Paul W. Sternberg,2,13.0,0.0,0
person:chuan shi,person:chuan shi,Chuan Shi,2,13.0,0.0,0
person:esther serrano saiz,person:esther serrano saiz,Esther Serrano-Saiz,2,13.0,0.0,4
person:meike sievers,person:meike sievers,Meike Sievers,2,13.0,0.0,6
person:sofia grade,person:sofia grade,Sofia Grade,2,13.0,0.0,62
person:judith thomas,person:judith thomas,Judith Thomas,2,13.0,0.0,62
person:yvette zarb,person:yvette zarb,Yvette Zarb,2,13.0,0.0,62
person:m thorwirth,person:m thorwirth,M. Thorwirth,2,13.0,0.0,62
person:k conzelmann,person:k conzelmann,K. Conzelmann,2,13.0,0.0,62
person:s hauck,person:s hauck,S. Hauck,2,13.0,0.0,62
person:s lauritzen,person:s lauritzen,S. Lauritzen,2,13.0,0.0,8
person:leili tang,person:leili tang,Leili Tang,2,13.0,0.0,0
person:hayden helm,person:hayden helm,Hayden S. Helm,2,13.0,0.0,2
person:mateo velez fort,person:mateo velez fort,Mateo Vélez‐Fort,2,12.0,0.0,9
person:e myers,person:e myers,E. Myers,2,12.0,0.0,8
person:j magee,person:j magee,J. Magee,2,12.0,0.0,0
person:max nolte,person:max nolte,Max Nolte,2,12.0,0.0,7
person:a muller,person:a muller,A. Müller,2,12.0,0.0,12
person:deborah schmidt,person:deborah schmidt,Deborah Schmidt,2,12.0,0.0,12
person:lucas rieckert,person:lucas rieckert,Lucas Rieckert,2,12.0,0.0,12
person:m solimena,person:m solimena,M. Solimena,2,12.0,0.0,12
person:hongtao su,person:hongtao su,Hongtao Su,2,12.0,0.0,0
person:c peddie,person:c peddie,C. Peddie,2,12.0,0.0,0
person:michael kunst,person:michael kunst,Michael Kunst,2,12.0,0.0,6
person:nouwar mokayes,person:nouwar mokayes,Nouwar Mokayes,2,12.0,0.0,6
person:n ferrier,person:n ferrier,N. Ferrier,2,12.0,0.0,1
person:dongyoung kim,person:dongyoung kim,Dongyoung Kim,2,12.0,0.0,5
person:yoonsuck choe,person:yoonsuck choe,Yoonsuck Choe,2,12.0,0.0,6
person:anna kim,person:anna kim,Anna Kim,2,12.0,0.0,0
person:james manton,person:james manton,James D. Manton,2,12.0,0.0,3
person:t rohlfing,person:t rohlfing,T. Rohlfing,2,12.0,0.0,3
person:daichi yamada,person:daichi yamada,Daichi Yamada,2,12.0,0.0,1
person:pratyush kandimalla,person:pratyush kandimalla,Pratyush Kandimalla,2,12.0,0.0,37
person:s boorboor,person:s boorboor,S. Boorboor,2,12.0,0.0,1
person:d english,person:d english,D. English,2,12.0,0.0,2
person:h khare,person:h khare,H. Khare,2,12.0,0.0,1
person:orfane coulon mahdi,person:orfane coulon mahdi,Orfane Coulon--Mahdi,2,12.0,0.0,1
person:william grisaitis,person:william grisaitis,William Grisaitis,2,12.0,0.0,1
person:chandan singh,person:chandan singh,Chandan Singh,2,12.0,0.0,1
person:valentina baena,person:valentina baena,Valentina Baena,2,12.0,0.0,0
person:olusola ajilore,person:olusola ajilore,Olusola Ajilore,2,12.0,0.0,0
person:a leow,person:a leow,A. Leow,2,12.0,0.0,0
person:e newman smith,person:e newman smith,E. Newman-Smith,2,12.0,0.0,22
person:katrin vogt,person:katrin vogt,Katrin Vogt,2,12.0,0.0,2
person:mario rubio teves,person:mario rubio teves,Mario Rubio-Teves,2,12.0,0.0,6
person:carmen alonso martinez,person:carmen alonso martinez,Carmen Alonso-Martínez,2,12.0,0.0,6
person:maria garcia amado,person:maria garcia amado,María García-Amado,2,12.0,0.0,6
person:paul tiesinga,person:paul tiesinga,Paul H. Tiesinga,2,12.0,0.0,6
person:y kubota,person:y kubota,Y. Kubota,2,12.0,0.0,3
person:u alon,person:u alon,U. Alon,2,12.0,0.0,4
person:yunzhi pan,person:yunzhi pan,Yunzhi Pan,2,12.0,0.0,8
person:k siju,person:k siju,K. Siju,2,11.0,0.0,40
person:ilona grunwald kadow,person:ilona grunwald kadow,Ilona C. Grunwald Kadow,2,11.0,0.0,40
person:eugenio piasini,person:eugenio piasini,Eugenio Piasini,2,11.0,0.0,10
person:h nishioka,person:h nishioka,H. Nishioka,2,11.0,0.0,26
person:anjali gour,person:anjali gour,Anjali Gour,2,11.0,0.0,6
person:r egger,person:r egger,R. Egger,2,11.0,0.0,6
person:s sherman,person:s sherman,S. Sherman,2,11.0,0.0,6
person:n wymbs,person:n wymbs,N. Wymbs,2,11.0,0.0,2
person:scott grafton,person:scott grafton,Scott T. Grafton,2,11.0,0.0,2
person:xiaolin huang,person:xiaolin huang,Xiaolin Huang,2,11.0,0.0,0
person:karl friedrichsen,person:karl friedrichsen,Karl Friedrichsen,2,11.0,0.0,9
person:jen chun hsiang,person:jen chun hsiang,Jen-Chun Hsiang,2,11.0,0.0,9
person:ching po lin,person:ching po lin,Ching-Po Lin,2,11.0,0.0,9
person:katia valkova,person:katia valkova,Katia Valkova,2,11.0,0.0,9
person:d kerschensteiner,person:d kerschensteiner,D. Kerschensteiner,2,11.0,0.0,9
person:j blagburn,person:j blagburn,J. Blagburn,2,11.0,0.0,3
person:tommaso gili,person:tommaso gili,Tommaso Gili,2,11.0,0.0,25
person:mustafa talay,person:mustafa talay,Mustafa Talay,2,11.0,0.0,2
person:f kao,person:f kao,F. Kao,2,11.0,0.0,8
person:haoxing zhu,person:haoxing zhu,Haoxing Zhu,2,11.0,0.0,0
person:j bessereau,person:j bessereau,J. Bessereau,2,11.0,0.0,1
person:a alyakin,person:a alyakin,A. Alyakin,2,10.0,0.0,2
person:joshua agterberg,person:joshua agterberg,Joshua Agterberg,2,10.0,0.0,2
person:h hege,person:h hege,H. Hege,2,10.0,0.0,6
person:guozhang chen,person:guozhang chen,Guozhang Chen,2,10.0,0.0,0
person:lucy ngo,person:lucy ngo,Lucy Ngo,2,10.0,0.0,75
person:anton nathanson,person:anton nathanson,Anton D. Nathanson,2,10.0,0.0,75
person:t garbowski,person:t garbowski,T. Garbowski,2,10.0,0.0,75
person:u knothe,person:u knothe,U. Knothe,2,10.0,0.0,75
person:m knothe tate,person:m knothe tate,M. K. Knothe Tate,2,10.0,0.0,75
person:a roth,person:a roth,A. Roth,2,10.0,0.0,28
person:m hausser,person:m hausser,M. Häusser,2,10.0,0.0,28
person:sveva dallere,person:sveva dallere,Sveva Dallere,2,10.0,0.0,7
person:a vercelli,person:a vercelli,A. Vercelli,2,10.0,0.0,7
person:bradley theilman,person:bradley theilman,Bradley H. Theilman,2,10.0,0.0,112
person:fred rothganger,person:fred rothganger,Fred Rothganger,2,10.0,0.0,112
person:william severa,person:william severa,William M. Severa,2,10.0,0.0,112
person:craig vineyard,person:craig vineyard,Craig Vineyard,2,10.0,0.0,112
person:james aimone,person:james aimone,James Aimone,2,10.0,0.0,112
person:xiaobo zhou,person:xiaobo zhou,Xiaobo Zhou,2,10.0,0.0,1
person:stephen wong,person:stephen wong,Stephen T. C. Wong,2,10.0,0.0,1
person:chen ding,person:chen ding,Chen Ding,2,10.0,0.0,4
person:todd huffman,person:todd huffman,Todd Huffman,2,10.0,0.0,6
person:quan wen,person:quan wen,Quan Wen,2,10.0,0.0,0
person:cai yun deng,person:cai yun deng,Cai-yun Deng,2,10.0,0.0,0
person:liu fan,person:liu fan,Liu Fan,2,10.0,0.0,0
person:l bonilha,person:l bonilha,L. Bonilha,2,10.0,0.0,5
person:erik jorgensen,person:erik jorgensen,Erik M. Jorgensen,2,10.0,0.0,0
person:raunak sinha,person:raunak sinha,Raunak Sinha,2,10.0,0.0,42
person:m hoon,person:m hoon,M. Hoon,2,10.0,0.0,42
person:soo jung oh,person:soo jung oh,Soo Jung Oh,2,10.0,0.0,0
person:samia mohinta,person:samia mohinta,Samia Mohinta,2,10.0,0.0,2
person:shi yan lee,person:shi yan lee,Shi Yan Lee,2,10.0,0.0,2
person:mark alkema,person:mark alkema,Mark J Alkema,2,10.0,0.0,6
person:t sizemore,person:t sizemore,T. Sizemore,2,10.0,0.0,9
person:julius jonaitis,person:julius jonaitis,Julius Jonaitis,2,10.0,0.0,9
person:u kothe,person:u kothe,U. Köthe,2,10.0,0.0,7
person:s shi,person:s shi,S. Shi,2,10.0,0.0,0
person:laurence lindsey,person:laurence lindsey,Laurence Lindsey,2,10.0,0.0,2
person:e dow,person:e dow,E. Dow,2,10.0,0.0,137
person:denis turcu,person:denis turcu,Denis Turcu,2,9.0,0.0,4
person:eric shea brown,person:eric shea brown,Eric Shea-Brown,2,9.0,0.0,0
person:m rubinov,person:m rubinov,M. Rubinov,2,9.0,0.0,4
person:c shih,person:c shih,C. Shih,2,9.0,0.0,0
person:p sjostrom,person:p sjostrom,P. J. Sjöström,2,9.0,0.0,9
person:l parajuli,person:l parajuli,L. Parajuli,2,9.0,0.0,19
person:s bookheimer,person:s bookheimer,S. Bookheimer,2,9.0,0.0,45
person:n kouvaris,person:n kouvaris,N. Kouvaris,2,9.0,0.0,36
person:j hizanidis,person:j hizanidis,J. Hizanidis,2,9.0,0.0,36
person:mizuki kurashina,person:mizuki kurashina,Mizuki Kurashina,2,9.0,0.0,0
person:arpun johal,person:arpun johal,Arpun Johal,2,9.0,0.0,0
person:ruixue qin,person:ruixue qin,Ruixue Qin,2,9.0,0.0,0
person:anirvan ghosh,person:anirvan ghosh,Anirvan Ghosh,2,9.0,0.0,0
person:m ercsey ravasz,person:m ercsey ravasz,M. Ercsey-Ravasz,2,9.0,0.0,2
person:z toroczkai,person:z toroczkai,Z. Toroczkai,2,9.0,0.0,2
person:j diamond,person:j diamond,J. Diamond,2,9.0,0.0,6
person:manuel schroter,person:manuel schroter,Manuel S. Schröter,2,9.0,0.0,4
person:jonathan arreguit,person:jonathan arreguit,Jonathan Arreguit,2,9.0,0.0,34
person:clara scherrer,person:clara scherrer,Clara Scherrer,2,9.0,0.0,34
person:a ijspeert,person:a ijspeert,A. Ijspeert,2,9.0,0.0,34
person:xin yuan,person:xin yuan,Xin Yuan,2,9.0,0.0,0
person:fang guo,person:fang guo,Fang Guo,2,9.0,0.0,0
person:t tuan,person:t tuan,T. Tuan,2,9.0,0.0,9
person:yuji komaki,person:yuji komaki,Yuji Komaki,2,9.0,0.0,18
person:annekathrin widmann,person:annekathrin widmann,Annekathrin Widmann,2,9.0,0.0,2
person:alexandra rother,person:alexandra rother,Alexandra Rother,2,9.0,0.0,6
person:gang yan,person:gang yan,Gang Yan,2,9.0,0.0,4
person:f pasqualetti,person:f pasqualetti,F. Pasqualetti,2,9.0,0.0,2
person:dandan zhu,person:dandan zhu,Dandan Zhu,2,9.0,0.0,0
person:s markert,person:s markert,S. Markert,2,9.0,0.0,1
person:enrico lanza,person:enrico lanza,Enrico Lanza,2,9.0,0.0,68
person:g ruocco,person:g ruocco,G. Ruocco,2,9.0,0.0,68
person:v folli,person:v folli,V. Folli,2,9.0,0.0,68
person:danping chen,person:danping chen,Danping Chen,2,9.0,0.0,0
person:hang deng,person:hang deng,Hang Deng,2,8.0,0.0,0
person:s suweis,person:s suweis,S. Suweis,2,8.0,0.0,6
person:g wanner,person:g wanner,G. Wanner,2,8.0,0.0,0
person:kazumi ohta,person:kazumi ohta,Kazumi Ohta,2,8.0,0.0,26
person:r giuly,person:r giuly,R. Giuly,2,8.0,0.0,8
person:jorge jaramillo,person:jorge jaramillo,Jorge Jaramillo,2,8.0,0.0,5
person:junjie jiang,person:junjie jiang,Junjie Jiang,2,8.0,0.0,5
person:tobias potjans,person:tobias potjans,Tobias C. Potjans,2,8.0,0.0,6
person:c yook,person:c yook,C. Yook,2,8.0,0.0,0
person:jorge ruiz,person:jorge ruiz,Jorge Ruiz,2,8.0,0.0,36
person:jan odenthal,person:jan odenthal,Jan Odenthal,2,8.0,0.0,6
person:ritwik kumar,person:ritwik kumar,Ritwik K. Kumar,2,8.0,0.0,8
person:gabor szilagyi,person:gabor szilagyi,Gábor S. Szilágyi,2,8.0,0.0,93
person:zsolt vassy,person:zsolt vassy,Zsolt Vassy,2,8.0,0.0,93
person:peter csermely,person:peter csermely,Peter Csermely,2,8.0,0.0,93
person:b fenyves,person:b fenyves,B. Fenyves,2,8.0,0.0,93
person:makoto someya,person:makoto someya,Makoto Someya,2,8.0,0.0,26
person:h kazama,person:h kazama,H. Kazama,2,8.0,0.0,26
person:d fair,person:d fair,D. Fair,2,8.0,0.0,35
person:s goodman,person:s goodman,S. L. Goodman,2,8.0,0.0,64
person:jeffrey percival,person:jeffrey percival,Jeffrey W Percival,2,8.0,0.0,64
person:beiya xu,person:beiya xu,Beiya Xu,2,8.0,0.0,2
person:d holschneider,person:d holschneider,D. Holschneider,2,8.0,0.0,0
person:a wree,person:a wree,A. Wree,2,8.0,0.0,20
person:omar hafez,person:omar hafez,Omar A. Hafez,2,8.0,0.0,80
person:benjamin escribano,person:benjamin escribano,Benjamin Escribano,2,8.0,0.0,80
person:e niebur,person:e niebur,E. Niebur,2,8.0,0.0,80
person:feici diao,person:feici diao,Feici Diao,2,8.0,0.0,157
person:j seidlitz,person:j seidlitz,J. Seidlitz,2,8.0,0.0,4
person:sichao he,person:sichao he,Sichao He,2,8.0,0.0,0
person:xiangyi meng,person:xiangyi meng,Xiangyi Meng,2,8.0,0.0,4
person:csaba both,person:csaba both,Csaba Both,2,8.0,0.0,4
person:b barzel,person:b barzel,B. Barzel,2,8.0,0.0,4
person:tran minh quan,person:tran minh quan,Tran Minh Quan,2,8.0,0.0,9
person:l varshney,person:l varshney,L. Varshney,2,8.0,0.0,9
person:g einevoll,person:g einevoll,G. Einevoll,2,8.0,0.0,0
person:k kaun,person:k kaun,K. Kaun,2,8.0,0.0,2
person:cencheng shen,person:cencheng shen,Cencheng Shen,2,8.0,0.0,2
person:c treiber,person:c treiber,C. Treiber,2,8.0,0.0,71
person:michael schaub,person:michael schaub,Michael T. Schaub,2,8.0,0.0,0
person:mauricio barahona,person:mauricio barahona,Mauricio Barahona,2,8.0,0.0,0
person:juan nunez iglesias,person:juan nunez iglesias,Juan Nunez-Iglesias,2,8.0,0.0,1
person:g gutierrez,person:g gutierrez,G. Gutierrez,2,8.0,0.0,27
person:alexey semyanov,person:alexey semyanov,Alexey Semyanov,2,8.0,0.0,21
person:a lex,person:a lex,A. Lex,2,8.0,0.0,8
person:yaroslav molkov,person:yaroslav molkov,Yaroslav I. Molkov,2,7.0,0.0,109
person:h koizumi,person:h koizumi,H. Koizumi,2,7.0,0.0,109
person:jeffrey smith,person:jeffrey smith,Jeffrey C. Smith,2,7.0,0.0,109
person:anirban chakraborty,person:anirban chakraborty,Anirban Chakraborty,2,7.0,0.0,1
person:l cossell,person:l cossell,L. Cossell,2,7.0,0.0,9
person:s engert,person:s engert,S. Engert,2,7.0,0.0,3
person:cori bargmann,person:cori bargmann,Cori Bargmann,2,7.0,0.0,27
person:filip milisav,person:filip milisav,Filip Milisav,2,7.0,0.0,5
person:yanan lv,person:yanan lv,Yanan Lv,2,7.0,0.0,0
person:logan walker,person:logan walker,Logan A. Walker,2,7.0,0.0,56
person:alexandra kerbl,person:alexandra kerbl,Alexandra Kerbl,2,7.0,0.0,2
person:m porter,person:m porter,M. Porter,2,7.0,0.0,2
person:mitsuhiko katoh,person:mitsuhiko katoh,Mitsuhiko Katoh,2,7.0,0.0,77
person:y saitoh,person:y saitoh,Y. Saitoh,2,7.0,0.0,77
person:s saitoh,person:s saitoh,S. Saitoh,2,7.0,0.0,77
person:d guidolin,person:d guidolin,D. Guidolin,2,7.0,0.0,119
person:m marcoli,person:m marcoli,M. Marcoli,2,7.0,0.0,119
person:g maura,person:g maura,G. Maura,2,7.0,0.0,119
person:l agnati,person:l agnati,L. Agnati,2,7.0,0.0,119
person:cody baker,person:cody baker,Cody Baker,2,7.0,0.0,150
person:r rosenbaum,person:r rosenbaum,R. Rosenbaum,2,7.0,0.0,150
person:a morrison,person:a morrison,A. Morrison,2,7.0,0.0,6
person:xiaojuan qi,person:xiaojuan qi,Xiaojuan Qi,2,7.0,0.0,0
person:p heng,person:p heng,P. Heng,2,7.0,0.0,0
person:b mathur,person:b mathur,B. Mathur,2,7.0,0.0,0
person:tao hu,person:tao hu,Tao Hu,2,7.0,0.0,2
person:o gunturkun,person:o gunturkun,O. Güntürkün,2,7.0,0.0,66
person:aaron stahl,person:aaron stahl,Aaron Stahl,2,7.0,0.0,46
person:enrico corradini,person:enrico corradini,Enrico Corradini,2,7.0,0.0,127
person:federica parlapiano,person:federica parlapiano,Federica Parlapiano,2,7.0,0.0,127
person:giorgio terracina,person:giorgio terracina,Giorgio Terracina,2,7.0,0.0,127
person:domenico ursino,person:domenico ursino,Domenico Ursino,2,7.0,0.0,127
person:h makse,person:h makse,H. Makse,2,7.0,0.0,25
person:danke zhang,person:danke zhang,Danke Zhang,2,7.0,0.0,0
person:soma mukherjee,person:soma mukherjee,Soma Mukherjee,2,7.0,0.0,0
person:won chan oh,person:won chan oh,Won Chan Oh,2,7.0,0.0,0
person:m salzmann,person:m salzmann,M. Salzmann,2,7.0,0.0,7
person:c wreden,person:c wreden,C. Wreden,2,7.0,0.0,0
person:ellie heckscher,person:ellie heckscher,Ellie S. Heckscher,2,7.0,0.0,0
person:d wheeler,person:d wheeler,D. Wheeler,2,7.0,0.0,0
person:h takemura,person:h takemura,H. Takemura,2,7.0,0.0,5
person:r gamanut,person:r gamanut,R. Gămănuţ,2,7.0,0.0,2
person:r borisyuk,person:r borisyuk,R. Borisyuk,2,7.0,0.0,100
person:d conte,person:d conte,D. Conte,2,7.0,0.0,100
person:a roberts,person:a roberts,A. Roberts,2,7.0,0.0,100
person:barry bentley,person:barry bentley,Barry L. Bentley,2,7.0,0.0,4
person:xiaoyan sun,person:xiaoyan sun,Xiaoyan Sun,2,7.0,0.0,0
person:jieji ren,person:jieji ren,Jieji Ren,2,6.0,0.0,2
person:v sampathkumar,person:v sampathkumar,V. Sampathkumar,2,6.0,0.0,1
person:andrew miller hansen,person:andrew miller hansen,Andrew J. Miller-Hansen,2,6.0,0.0,1
person:maximilian schmidt,person:maximilian schmidt,Maximilian Schmidt,2,6.0,0.0,6
person:z kisvarday,person:z kisvarday,Z. Kisvárday,2,6.0,0.0,6
person:edward boyden,person:edward boyden,Edward S. Boyden,2,6.0,0.0,2
person:chunhui li,person:chunhui li,Chunhui Li,2,6.0,0.0,0
person:eichi takaya,person:eichi takaya,Eichi Takaya,2,6.0,0.0,149
person:yusuke takeichi,person:yusuke takeichi,Yusuke Takeichi,2,6.0,0.0,149
person:m ozaki,person:m ozaki,M. Ozaki,2,6.0,0.0,149
person:satoshi kurihara,person:satoshi kurihara,Satoshi Kurihara,2,6.0,0.0,149
person:francesco sorrentino,person:francesco sorrentino,Francesco Sorrentino,2,6.0,0.0,25
person:elizabeth diloreto,person:elizabeth diloreto,Elizabeth M. DiLoreto,2,6.0,0.0,151
person:christopher chute,person:christopher chute,Christopher Chute,2,6.0,0.0,151
person:samantha bryce,person:samantha bryce,Samantha Bryce,2,6.0,0.0,151
person:jagan srinivasan,person:jagan srinivasan,Jagan Srinivasan,2,6.0,0.0,151
person:ayan mandal,person:ayan mandal,Ayan S. Mandal,2,6.0,0.0,4
person:azusa kamikouchi,person:azusa kamikouchi,Azusa Kamikouchi,2,6.0,0.0,1
person:k sabrin,person:k sabrin,K. M. Sabrin,2,6.0,0.0,5
person:c dovrolis,person:c dovrolis,C. Dovrolis,2,6.0,0.0,5
person:lukas anneser,person:lukas anneser,Lukas Anneser,2,6.0,0.0,6
person:chie satou,person:chie satou,Chie Satou,2,6.0,0.0,6
person:h hotz,person:h hotz,H. Hotz,2,6.0,0.0,6
person:jianqin niu,person:jianqin niu,Jianqin Niu,2,6.0,0.0,21
person:a butt,person:a butt,A. Butt,2,6.0,0.0,21
person:chenju yi,person:chenju yi,Chenju Yi,2,6.0,0.0,21
person:s mikula,person:s mikula,S. Mikula,2,6.0,0.0,6
person:sen song,person:sen song,Sen Song,2,6.0,0.0,0
person:jason pipkin,person:jason pipkin,Jason Pipkin,2,6.0,0.0,0
person:william kristan jr,person:william kristan jr,William B. Kristan Jr.,2,6.0,0.0,0
person:r pocock,person:r pocock,R. Pocock,2,6.0,0.0,5
person:d ville,person:d ville,D. Ville,2,6.0,0.0,79
person:lesly palacios castillo,person:lesly palacios castillo,Lesly M. Palacios Castillo,2,6.0,0.0,4
person:m rosa,person:m rosa,M. Rosa,2,6.0,0.0,2
person:liangyu tao,person:liangyu tao,Liangyu Tao,2,6.0,0.0,0
person:p kim,person:p kim,P. Kim,2,6.0,0.0,4
person:youngjo song,person:youngjo song,Youngjo Song,2,6.0,0.0,4
person:paul watkins,person:paul watkins,Paul V. Watkins,2,6.0,0.0,6
person:david garcia soriano,person:david garcia soriano,David García-Soriano,2,6.0,0.0,3
person:markus reigl,person:markus reigl,Markus Reigl,2,6.0,0.0,9
person:sarthak chandra,person:sarthak chandra,Sarthak Chandra,2,5.0,0.0,2
person:ishani ganguly,person:ishani ganguly,Ishani Ganguly,2,5.0,0.0,2
person:n brunel,person:n brunel,N. Brunel,2,5.0,0.0,86
person:m turkcan,person:m turkcan,M. Turkcan,2,5.0,0.0,0
person:nimish kumar,person:nimish kumar,Nimish Kumar,2,5.0,0.0,92
person:gwyneth liu,person:gwyneth liu,Gwyneth Liu,2,5.0,0.0,1
person:orkun akin,person:orkun akin,Orkun Akin,2,5.0,0.0,4
person:k kording,person:k kording,K. Kording,2,5.0,0.0,2
person:alon zaslaver,person:alon zaslaver,Alon Zaslaver,2,5.0,0.0,4
person:fatemeh hadaeghi,person:fatemeh hadaeghi,Fatemeh Hadaeghi,2,5.0,0.0,5
person:kayson fakhar,person:kayson fakhar,Kayson Fakhar,2,5.0,0.0,5
person:c hilgetag,person:c hilgetag,C. Hilgetag,2,5.0,0.0,2
person:tamara boto,person:tamara boto,Tamara Boto,2,5.0,0.0,46
person:alessio franci,person:alessio franci,Alessio Franci,2,5.0,0.0,142
person:g drion,person:g drion,G. Drion,2,5.0,0.0,142
person:a goulas,person:a goulas,A. Goulas,2,5.0,0.0,2
person:m heuvel,person:m heuvel,M. P. Heuvel,2,5.0,0.0,5
person:nichalas nelson,person:nichalas nelson,Nichalas Nelson,2,5.0,0.0,57
person:nicholas baumann,person:nicholas baumann,Nicholas S Baumann,2,5.0,0.0,57
person:arshad khan,person:arshad khan,Arshad M. Khan,2,5.0,0.0,161
person:christina arcy,person:christina arcy,Christina E. D’Arcy,2,5.0,0.0,161
person:jeffrey olimpo,person:jeffrey olimpo,Jeffrey T. Olimpo,2,5.0,0.0,161
person:t boccato,person:t boccato,T. Boccato,2,5.0,0.0,164
person:matteo ferrante,person:matteo ferrante,Matteo Ferrante,2,5.0,0.0,164
person:n toschi,person:n toschi,N. Toschi,2,5.0,0.0,164
person:c zucker,person:c zucker,C. Zucker,2,5.0,0.0,1
person:j dowling,person:j dowling,J. Dowling,2,5.0,0.0,1
person:s lockery,person:s lockery,S. Lockery,2,5.0,0.0,4
person:lara lloret iglesias,person:lara lloret iglesias,Lara Lloret Iglesias,2,5.0,0.0,27
person:jaison omoto,person:jaison omoto,Jaison J. Omoto,2,5.0,0.0,37
person:p basser,person:p basser,P. Basser,2,5.0,0.0,0
person:r ypma,person:r ypma,R. Ypma,2,4.0,0.0,4
person:anand pathak,person:anand pathak,Anand Pathak,2,4.0,0.0,187
person:shakti menon,person:shakti menon,Shakti N. Menon,2,4.0,0.0,187
person:s sinha,person:s sinha,S. Sinha,2,4.0,0.0,187
person:adam haber,person:adam haber,Adam Haber,2,4.0,0.0,6
person:m cirunay,person:m cirunay,M. Cirunay,2,4.0,0.0,1
person:istv an papp,person:istv an papp,Istv'an Papp,2,4.0,0.0,1
person:istvan kovacs,person:istvan kovacs,István A. Kovács,2,4.0,0.0,4
person:brian wheatman,person:brian wheatman,Brian Wheatman,2,4.0,0.0,1
person:sarah wooders,person:sarah wooders,Sarah Wooders,2,4.0,0.0,1
person:bowen shi,person:bowen shi,Bowen Shi,2,4.0,0.0,0
person:kristyn lizbinski,person:kristyn lizbinski,Kristyn M. Lizbinski,2,4.0,0.0,158
person:james jeanne,person:james jeanne,James M. Jeanne,2,4.0,0.0,158
person:xianxiang tong,person:xianxiang tong,Xianxiang Tong,2,4.0,0.0,0
person:dirk jan ardesch,person:dirk jan ardesch,Dirk Jan Ardesch,2,4.0,0.0,5
person:dominic vita,person:dominic vita,Dominic J. Vita,2,4.0,0.0,57
person:julia santos,person:julia santos,Julia Santos,2,4.0,0.0,0
person:p majka,person:p majka,P. Majka,2,4.0,0.0,2
person:c antonopoulos,person:c antonopoulos,C. Antonopoulos,2,4.0,0.0,36
person:r fields,person:r fields,R. Fields,2,3.0,0.0,0
person:l swanson,person:l swanson,L. Swanson,2,3.0,0.0,0
person:maxwell turner,person:maxwell turner,Maxwell H. Turner,2,3.0,0.0,15
person:caleb doll,person:caleb doll,Caleb A. Doll,2,3.0,0.0,57
person:tae song chung,person:tae song chung,Tae-Song Chung,2,3.0,0.0,1
person:habib benali,person:habib benali,Habib Benali,2,3.0,0.0,190
person:el kaioum moutuou,person:el kaioum moutuou,El-kaioum M. Moutuou,2,3.0,0.0,190
person:ian stewart,person:ian stewart,Ian Stewart,2,3.0,0.0,25
person:sung yong kim,person:sung yong kim,Sung Yong Kim,2,3.0,0.0,0
person:g mongillo,person:g mongillo,G. Mongillo,2,3.0,0.0,153
person:m piochowiak,person:m piochowiak,M. Piochowiak,2,3.0,0.0,194
person:carsten dachsbacher,person:carsten dachsbacher,Carsten Dachsbacher,2,3.0,0.0,194
person:p yadav,person:p yadav,P. Yadav,2,3.0,0.0,4
person:florian unger,person:florian unger,Florian Unger,2,3.0,0.0,206
person:jonathan krebs,person:jonathan krebs,Jonathan Krebs,2,3.0,0.0,206
person:oren richter,person:oren richter,Oren Richter,2,2.0,0.0,4
person:varun sanjay birari,person:varun sanjay birari,Varun Sanjay Birari,2,2.0,0.0,4
person:jacob yates,person:jacob yates,Jacob L. Yates,2,2.0,0.0,84
person:s flavell,person:s flavell,S. Flavell,2,2.0,0.0,213
person:frank werblin,person:frank werblin,Frank Werblin,2,2.0,0.0,193
person:l collins,person:l collins,L. Collins,2,2.0,0.0,6
person:fernando vonhoff,person:fernando vonhoff,Fernando J Vonhoff,2,2.0,0.0,211
person:megan morrison,person:megan morrison,Megan Morrison,2,2.0,0.0,264
person:lai sang young,person:lai sang young,Lai-Sang Young,2,2.0,0.0,264
person:m daley,person:m daley,M. Daley,2,2.0,0.0,125
person:daniel graham,person:daniel graham,Daniel J. Graham,2,1.0,0.0,15
person:nalin dhiman,person:nalin dhiman,Nalin Dhiman,2,1.0,0.0,244
person:j karbowski,person:j karbowski,J. Karbowski,2,1.0,0.0,262
person:w nowinski,person:w nowinski,W. Nowinski,2,0.0,0.0,288
person:zairene lenizo,person:zairene lenizo,Zairene Lenizo,1,303.0,0.000221,3
person:nashra hadjerol,person:nashra hadjerol,Nashra Hadjerol,1,303.0,0.000221,3
person:john anthony ocho,person:john anthony ocho,John Anthony Ocho,1,303.0,0.000221,3
person:joshua banez,person:joshua banez,Joshua Bañez,1,303.0,0.000221,3
person:rey adrian candilada,person:rey adrian candilada,Rey Adrian Candilada,1,303.0,0.000221,3
person:nelsie panes,person:nelsie panes,Nelsie Panes,1,303.0,0.000221,3
person:arti yadav,person:arti yadav,Arti Yadav,1,303.0,0.000221,3
person:remer tancontian,person:remer tancontian,Remer Tancontian,1,303.0,0.000221,3
person:shirleyjoy serona,person:shirleyjoy serona,Shirleyjoy Serona,1,303.0,0.000221,3
person:jet ivan dolorosa,person:jet ivan dolorosa,Jet Ivan Dolorosa,1,303.0,0.000221,3
person:kendrick joules vinson,person:kendrick joules vinson,Kendrick Joules Vinson,1,303.0,0.000221,3
person:r salem,person:r salem,R. Salem,1,303.0,0.000221,3
person:ariel dagohoy,person:ariel dagohoy,Ariel Dagohoy,1,303.0,0.000221,3
person:mendell lopez,person:mendell lopez,Mendell Lopez,1,303.0,0.000221,3
person:anjali pandey,person:anjali pandey,Anjali Pandey,1,303.0,0.000221,3
person:darrel jay akiatan,person:darrel jay akiatan,Darrel Jay Akiatan,1,303.0,0.000221,3
person:d sapkal,person:d sapkal,D. Sapkal,1,303.0,0.000221,3
person:shaina mae monungolh,person:shaina mae monungolh,Shaina Mae Monungolh,1,303.0,0.000221,3
person:mark lloyd pielago,person:mark lloyd pielago,Mark Lloyd Pielago,1,303.0,0.000221,3
person:miguel albero,person:miguel albero,Miguel Albero,1,303.0,0.000221,3
person:jacquilyn laude,person:jacquilyn laude,Jacquilyn Laude,1,303.0,0.000221,3
person:zeba vohra,person:zeba vohra,Zeba Vohra,1,303.0,0.000221,3
person:allien mae gogo,person:allien mae gogo,Allien Mae Gogo,1,303.0,0.000221,3
person:alvin josh mandahay,person:alvin josh mandahay,Alvin Josh Mandahay,1,303.0,0.000221,3
person:chereb martinez,person:chereb martinez,Chereb Martinez,1,303.0,0.000221,3
person:john david asis,person:john david asis,John David Asis,1,303.0,0.000221,3
person:chitra nair,person:chitra nair,Chitra V Nair,1,303.0,0.000221,3
person:dhwani patel,person:dhwani patel,Dhwani Patel,1,303.0,0.000221,3
person:marchan manaytay,person:marchan manaytay,Marchan Manaytay,1,303.0,0.000221,3
person:c lim,person:c lim,C. Lim,1,303.0,0.000221,3
person:philip lenard ampo,person:philip lenard ampo,Philip Lenard Ampo,1,303.0,0.000221,3
person:michelle darapan pantujan,person:michelle darapan pantujan,Michelle Darapan Pantujan,1,303.0,0.000221,3
person:daril bautista,person:daril bautista,Daril Bautista,1,303.0,0.000221,3
person:rashmita rana,person:rashmita rana,Rashmita Rana,1,303.0,0.000221,3
person:jansen seguido,person:jansen seguido,Jansen Seguido,1,303.0,0.000221,3
person:bhargav parmar,person:bhargav parmar,Bhargav Parmar,1,303.0,0.000221,3
person:john clyde saguimpa,person:john clyde saguimpa,John Clyde Saguimpa,1,303.0,0.000221,3
person:itisha joshi,person:itisha joshi,Itisha Joshi,1,303.0,0.000221,3
person:dhara kakadiya,person:dhara kakadiya,Dhara Kakadiya,1,303.0,0.000221,3
person:c pilapil,person:c pilapil,C. Pilapil,1,303.0,0.000221,3
person:kaushik parmar,person:kaushik parmar,Kaushik Parmar,1,303.0,0.000221,3
person:quinn vanderbeck,person:quinn vanderbeck,Quinn X. Vanderbeck,1,303.0,0.000221,3
person:jenna joroff,person:jenna joroff,Jenna Joroff,1,303.0,0.000221,3
person:s calle,person:s calle,S. Calle,1,303.0,0.000221,3
person:yashvi patel,person:yashvi patel,Yashvi Patel,1,303.0,0.000221,3
person:o sato,person:o sato,O. Sato,1,303.0,0.000221,3
person:janice salocot,person:janice salocot,Janice Salocot,1,303.0,0.000221,3
person:mai bui,person:mai bui,Mai Bui,1,303.0,0.000221,3
person:matthew lichtenberger,person:matthew lichtenberger,Matthew Lichtenberger,1,303.0,0.000221,3
person:edmark tamboboy,person:edmark tamboboy,Edmark Tamboboy,1,303.0,0.000221,3
person:katieanne molloy,person:katieanne molloy,Katieanne Molloy,1,303.0,0.000221,3
person:arzoo diwan,person:arzoo diwan,Arzoo Diwan,1,303.0,0.000221,3
person:t aiken,person:t aiken,T. Aiken,1,303.0,0.000221,3
person:d lehmann,person:d lehmann,D. Lehmann,1,303.0,0.000221,3
person:s sisodiya,person:s sisodiya,S. Sisodiya,1,303.0,0.000221,3
person:marlon blanquart,person:marlon blanquart,Marlon Blanquart,1,303.0,0.000221,3
person:joanna eckhardt,person:joanna eckhardt,Joanna L Eckhardt,1,303.0,0.000221,3
person:a poh,person:a poh,A. Poh,1,303.0,0.000221,3
person:wes murfin,person:wes murfin,Wes Murfin,1,303.0,0.000221,3
person:peter gibb,person:peter gibb,Peter W. Gibb,1,303.0,0.000221,3
person:nidhi patel,person:nidhi patel,Nidhi Patel,1,303.0,0.000221,3
person:minsik yun,person:minsik yun,Minsik Yun,1,303.0,0.000221,3
person:a oswald,person:a oswald,A. Oswald,1,303.0,0.000221,3
person:akanksha jadia,person:akanksha jadia,Akanksha Jadia,1,303.0,0.000221,3
person:leonie walter,person:leonie walter,Leonie F. Walter,1,303.0,0.000221,3
person:x zhong,person:x zhong,X. Zhong,1,303.0,0.000221,3
person:yuta mabuchi,person:yuta mabuchi,Yuta Mabuchi,1,303.0,0.000221,3
person:fernando figueroa santiago,person:fernando figueroa santiago,Fernando J. Figueroa Santiago,1,303.0,0.000221,3
person:u verma,person:u verma,U. Verma,1,303.0,0.000221,3
person:nick byrne,person:nick byrne,Nick Byrne,1,303.0,0.000221,3
person:edda kunze,person:edda kunze,Edda Kunze,1,303.0,0.000221,3
person:t crahan,person:t crahan,T. Crahan,1,303.0,0.000221,3
person:ryan margossian,person:ryan margossian,Ryan Margossian,1,303.0,0.000221,3
person:iliyan georgiev,person:iliyan georgiev,Iliyan Georgiev,1,303.0,0.000221,3
person:fabianna szorenyi,person:fabianna szorenyi,Fabianna Szorenyi,1,303.0,0.000221,3
person:benjamin bargeron,person:benjamin bargeron,Benjamin Bargeron,1,303.0,0.000221,3
person:andreas becker,person:andreas becker,Andreas Becker,1,303.0,0.000221,3
person:a morren,person:a morren,A. Morren,1,303.0,0.000221,3
person:haley croke,person:haley croke,Haley Croke,1,303.0,0.000221,3
person:s dutta,person:s dutta,S. Dutta,1,303.0,0.000221,3
person:paula guiomar alarcon de anton,person:paula guiomar alarcon de anton,Paula Guiomar Alarcón de Antón,1,303.0,0.000221,3
person:binglin huang,person:binglin huang,Binglin Huang,1,303.0,0.000221,3
person:patricia pujols,person:patricia pujols,Patricia Pujols,1,303.0,0.000221,3
person:i haber,person:i haber,I. Haber,1,303.0,0.000221,3
person:veronika lukyanova,person:veronika lukyanova,Veronika Lukyanova,1,303.0,0.000221,3
person:gianna vitelli,person:gianna vitelli,Gianna Vitelli,1,303.0,0.000221,3
person:m laturney,person:m laturney,M. Laturney,1,303.0,0.000221,3
person:shuo cao,person:shuo cao,Shuo Cao,1,303.0,0.000221,3
person:carolina manyari diaz,person:carolina manyari diaz,Carolina Manyari-Diaz,1,303.0,0.000221,3
person:anh duc le,person:anh duc le,Anh Duc Le,1,303.0,0.000221,3
person:kate maier,person:kate maier,Kate Maier,1,303.0,0.000221,3
person:yeonju nam,person:yeonju nam,Yeonju Nam,1,303.0,0.000221,3
person:daniel baba,person:daniel baba,Daniel Bąba,1,303.0,0.000221,3
person:amanda abusaif,person:amanda abusaif,Amanda Abusaif,1,303.0,0.000221,3
person:jesse gayk,person:jesse gayk,Jesse Gayk,1,303.0,0.000221,3
person:s huntress,person:s huntress,S. S. Huntress,1,303.0,0.000221,3
person:r barajas,person:r barajas,R. Barajas,1,303.0,0.000221,3
person:keehyun park,person:keehyun park,Keehyun Park,1,303.0,0.000221,3
person:alan mathew,person:alan mathew,Alan Mathew,1,303.0,0.000221,3
person:margarida brotas,person:margarida brotas,Margarida Brotas,1,303.0,0.000221,3
person:shanice bailey,person:shanice bailey,Shanice Bailey,1,303.0,0.000221,3
person:eugenia chiappe,person:eugenia chiappe,Eugenia Chiappe,1,303.0,0.000221,3
person:kenneth colodner,person:kenneth colodner,Kenneth J. Colodner,1,303.0,0.000221,3
person:andrew dacks,person:andrew dacks,Andrew M. Dacks,1,303.0,0.000221,3
person:denise garcia,person:denise garcia,Denise Garcia,1,303.0,0.000221,3
person:bassem hassan,person:bassem hassan,Bassem A. Hassan,1,303.0,0.000221,3
person:wolf huetteroth,person:wolf huetteroth,Wolf Huetteroth,1,303.0,0.000221,3
person:jae young kwon,person:jae young kwon,Jae Young Kwon,1,303.0,0.000221,3
person:g linneweber,person:g linneweber,G. Linneweber,1,303.0,0.000221,3
person:gaby maimon,person:gaby maimon,Gaby Maimon,1,303.0,0.000221,3
person:s noselli,person:s noselli,S. Noselli,1,303.0,0.000221,3
person:j read,person:j read,J. Read,1,303.0,0.000221,3
person:katie von reyn,person:katie von reyn,Katie von Reyn,1,303.0,0.000221,3
person:m selcho,person:m selcho,M. Selcho,1,303.0,0.000221,3
person:fred wolf,person:fred wolf,Fred W. Wolf,1,303.0,0.000221,3
person:catherine whittle,person:catherine whittle,Catherine R. Whittle,1,110.0,0.0,1
person:valeria silva,person:valeria silva,Valeria Silva,1,110.0,0.0,1
person:i ali,person:i ali,I. Ali,1,110.0,0.0,1
person:bhumpanya chaisrisawatsuk,person:bhumpanya chaisrisawatsuk,Bhumpanya Chaisrisawatsuk,1,110.0,0.0,1
person:arthur crowe,person:arthur crowe,Arthur S. Crowe,1,110.0,0.0,1
person:myrto mitletton,person:myrto mitletton,Myrto Mitletton,1,110.0,0.0,1
person:anika pai,person:anika pai,Anika Pai,1,110.0,0.0,1
person:b patel,person:b patel,B. Patel,1,110.0,0.0,1
person:jennifer rivas salinas,person:jennifer rivas salinas,Jennifer Rivas Salinas,1,110.0,0.0,1
person:holly whittome,person:holly whittome,Holly Whittome,1,110.0,0.0,1
person:eric troutman,person:eric troutman,Eric T. Troutman,1,104.0,0.0,1
person:zaki ajabi,person:zaki ajabi,Zaki Ajabi,1,99.0,0.0,3
person:kevin delgado,person:kevin delgado,Kevin M. Delgado,1,99.0,0.0,3
person:mohammed abdal monium osman,person:mohammed abdal monium osman,Mohammed Abdal Monium Osman,1,99.0,0.0,3
person:sophia renauld,person:sophia renauld,Sophia Renauld,1,99.0,0.0,3
person:janki patel,person:janki patel,Janki Patel,1,99.0,0.0,3
person:jingxuan fan,person:jingxuan fan,Jingxuan Fan,1,99.0,0.0,3
person:h langley,person:h langley,H. Langley,1,99.0,0.0,3
person:borja moya llamas,person:borja moya llamas,Borja Moya-Llamas,1,99.0,0.0,3
person:ryan maloney,person:ryan maloney,Ryan T Maloney,1,99.0,0.0,3
person:sara pierce lundgren,person:sara pierce lundgren,Sara E Pierce-Lundgren,1,99.0,0.0,3
person:emily kophs,person:emily kophs,Emily C Kophs,1,99.0,0.0,3
person:tjalda falt,person:tjalda falt,Tjalda Falt,1,99.0,0.0,3
person:alexa negron morales,person:alexa negron morales,Alexa M Negron-Morales,1,99.0,0.0,3
person:emil behnke,person:emil behnke,Emil Behnke,1,99.0,0.0,3
person:kevin daly,person:kevin daly,Kevin C. Daly,1,99.0,0.0,3
person:marie suver,person:marie suver,Marie P. Suver,1,99.0,0.0,3
person:lisa fenk,person:lisa fenk,Lisa M. Fenk,1,99.0,0.0,3
person:jan drugowitsch,person:jan drugowitsch,Jan Drugowitsch,1,99.0,0.0,3
person:kyle harrington,person:kyle harrington,Kyle Harrington,1,83.0,0.0,1
person:allison vannan,person:allison vannan,Allison Vannan,1,82.0,0.0,1
person:jennifer jeter,person:jennifer jeter,Jennifer Jeter,1,82.0,0.0,1
person:kari close,person:kari close,Kari Close,1,82.0,0.0,1
person:gina depasquale,person:gina depasquale,Gina M. Depasquale,1,82.0,0.0,1
person:zachary dorman,person:zachary dorman,Zachary Dorman,1,82.0,0.0,1
person:kaitlyn forster,person:kaitlyn forster,Kaitlyn Forster,1,82.0,0.0,1
person:jaye anne beringer,person:jaye anne beringer,Jaye Anne Beringer,1,82.0,0.0,1
person:theresa gibney,person:theresa gibney,Theresa V Gibney,1,82.0,0.0,1
person:joanna hausenfluck,person:joanna hausenfluck,Joanna H Hausenfluck,1,82.0,0.0,1
person:kristin henderson,person:kristin henderson,Kristin Henderson,1,82.0,0.0,1
person:lauren johnson,person:lauren johnson,Lauren Johnson,1,82.0,0.0,1
person:rebecca johnston,person:rebecca johnston,Rebecca M Johnston,1,82.0,0.0,1
person:rachel lazarus,person:rachel lazarus,Rachel Lazarus,1,82.0,0.0,1
person:hua peng liaw,person:hua peng liaw,Hua-Peng Liaw,1,82.0,0.0,1
person:brian melton,person:brian melton,Brian Melton,1,82.0,0.0,1
person:reeham motaher,person:reeham motaher,Reeham Motaher,1,82.0,0.0,1
person:alexandra novak,person:alexandra novak,Alexandra Novak,1,82.0,0.0,1
person:sophia protopapas,person:sophia protopapas,Sophia Protopapas,1,82.0,0.0,1
person:susana tae,person:susana tae,Susana Tae,1,82.0,0.0,1
person:jennifer taylor,person:jennifer taylor,Jennifer Taylor,1,82.0,0.0,1
person:rebecca vorimo,person:rebecca vorimo,Rebecca Vorimo,1,82.0,0.0,1
person:b yarbrough,person:b yarbrough,B. Yarbrough,1,82.0,0.0,1
person:k zeng,person:k zeng,K. Zeng,1,82.0,0.0,1
person:christopher zugates,person:christopher zugates,Christopher T. Zugates,1,82.0,0.0,1
person:heather dionne,person:heather dionne,Heather Dionne,1,82.0,0.0,1
person:claire angstadt,person:claire angstadt,Claire Angstadt,1,82.0,0.0,1
person:kelly ashley,person:kelly ashley,Kelly Ashley,1,82.0,0.0,1
person:amanda cavallaro,person:amanda cavallaro,Amanda Cavallaro,1,82.0,0.0,1
person:tam dang,person:tam dang,Tam Dang,1,82.0,0.0,1
person:guillermo gonzalez,person:guillermo gonzalez,Guillermo A. González,1,82.0,0.0,1
person:jui chun kao,person:jui chun kao,Jui-Chun Kao,1,82.0,0.0,1
person:t laverty,person:t laverty,T. Laverty,1,82.0,0.0,1
person:monti mercer,person:monti mercer,Monti Mercer,1,82.0,0.0,1
person:brenda perez,person:brenda perez,Brenda Perez,1,82.0,0.0,1
person:scarlett pitts,person:scarlett pitts,Scarlett Pitts,1,82.0,0.0,1
person:danielle ruiz,person:danielle ruiz,Danielle Ruiz,1,82.0,0.0,1
person:viruthika vallanadu,person:viruthika vallanadu,Viruthika Vallanadu,1,82.0,0.0,1
person:grace zhiyu zheng,person:grace zhiyu zheng,Grace Zhiyu Zheng,1,82.0,0.0,1
person:erica ehrhardt,person:erica ehrhardt,Erica Ehrhardt,1,82.0,0.0,1
person:basel el galfi,person:basel el galfi,Basel El Galfi,1,82.0,0.0,1
person:nan hu,person:nan hu,Nan Hu,1,82.0,0.0,1
person:ryo minegishi,person:ryo minegishi,Ryo Minegishi,1,82.0,0.0,1
person:oz malkesman,person:oz malkesman,Oz Malkesman,1,82.0,0.0,1
person:j alexander bae,person:j alexander bae,J. Alexander Bae,1,74.0,0.0,3
person:mahaly baptiste,person:mahaly baptiste,Mahaly Baptiste,1,74.0,0.0,3
person:sarah mcreynolds,person:sarah mcreynolds,Sarah McReynolds,1,74.0,0.0,3
person:elanine miranda,person:elanine miranda,Elanine Miranda,1,74.0,0.0,3
person:taliah muhammad,person:taliah muhammad,Taliah Muhammad,1,74.0,0.0,3
person:anthony ramos,person:anthony ramos,Anthony Ramos,1,74.0,0.0,3
person:cameron smith,person:cameron smith,Cameron L. Smith,1,74.0,0.0,3
person:fei ye,person:fei ye,Fei Ye,1,74.0,0.0,3
person:j salinas,person:j salinas,J. Salinas,1,70.0,0.0,1
person:sumit kumar vohra,person:sumit kumar vohra,Sumit Kumar Vohra,1,69.0,0.0,1
person:zachary miller,person:zachary miller,Zachary Miller,1,69.0,0.0,1
person:kathryn hebert,person:kathryn hebert,Kathryn B. Hebert,1,69.0,0.0,1
person:m taylor,person:m taylor,M. Taylor,1,69.0,0.0,1
person:sam dvorak,person:sam dvorak,Sam Dvorak,1,69.0,0.0,1
person:zainab faik,person:zainab faik,Zainab Faik,1,69.0,0.0,1
person:kareem king,person:kareem king,Kareem I. King,1,69.0,0.0,1
person:pallavi goel,person:pallavi goel,Pallavi Goel,1,69.0,0.0,1
person:dominick contreas,person:dominick contreas,Dominick Contreas,1,69.0,0.0,1
person:akila muthukumar,person:akila muthukumar,Akila V. Muthukumar,1,69.0,0.0,1
person:marina vernaglia,person:marina vernaglia,Marina S. Vernaglia,1,69.0,0.0,1
person:teodoro tapia carrasco,person:teodoro tapia carrasco,Teodoro Tapia Carrasco,1,69.0,0.0,1
person:s melnychuck,person:s melnychuck,S. Melnychuck,1,69.0,0.0,1
person:tingting yan,person:tingting yan,TingTing Yan,1,69.0,0.0,1
person:ananya dalal,person:ananya dalal,Ananya Dalal,1,69.0,0.0,1
person:james dimartino,person:james dimartino,James M. DiMartino,1,69.0,0.0,1
person:nana safo mensa,person:nana safo mensa,Nana Safo-Mensa,1,69.0,0.0,1
person:e greenberg,person:e greenberg,E. Greenberg,1,69.0,0.0,1
person:lune bellec,person:lune bellec,Lune P Bellec,1,69.0,0.0,5
person:daniel margules,person:daniel margules,Daniel S. Margules,1,69.0,0.0,5
person:a badhwar,person:a badhwar,A. Badhwar,1,69.0,0.0,5
person:j poline,person:j poline,J. Poline,1,69.0,0.0,5
person:r toro,person:r toro,R. Toro,1,69.0,0.0,5
person:ben cipollini,person:ben cipollini,Ben Cipollini,1,69.0,0.0,5
person:ariel rokem,person:ariel rokem,Ariel S. Rokem,1,69.0,0.0,5
person:c madjar,person:c madjar,C. Madjar,1,69.0,0.0,5
person:ayan sengupta,person:ayan sengupta,Ayan Sengupta,1,69.0,0.0,5
person:z mohades,person:z mohades,Z. Mohades,1,69.0,0.0,5
person:s dery,person:s dery,S. Déry,1,69.0,0.0,5
person:d demeter,person:d demeter,D. Demeter,1,69.0,0.0,5
person:kate mills,person:kate mills,Kate Mills,1,69.0,0.0,5
person:glad mihai,person:glad mihai,Glad Mihai,1,69.0,0.0,5
person:luka ruzic,person:luka ruzic,Luka Ruzic,1,69.0,0.0,5
person:nicholas ketz,person:nicholas ketz,Nicholas Ketz,1,69.0,0.0,5
person:a reineberg,person:a reineberg,A. Reineberg,1,69.0,0.0,5
person:marianne reddan,person:marianne reddan,Marianne C. Reddan,1,69.0,0.0,5
person:anne lise goddings,person:anne lise goddings,Anne-Lise Goddings,1,69.0,0.0,5
person:j gonzalez castillo,person:j gonzalez castillo,J. Gonzalez-Castillo,1,69.0,0.0,5
person:krzysztof gorgolewski,person:krzysztof gorgolewski,Krzysztof J. Gorgolewski,1,69.0,0.0,5
person:c froehlich,person:c froehlich,C. Froehlich,1,69.0,0.0,5
person:g dekel,person:g dekel,G. Dekel,1,69.0,0.0,5
person:t glatard,person:t glatard,T. Glatard,1,69.0,0.0,5
person:samir das,person:samir das,Samir Das,1,69.0,0.0,5
person:reza adalat,person:reza adalat,Reza Adalat,1,69.0,0.0,5
person:natacha beck,person:natacha beck,Natacha Beck,1,69.0,0.0,5
person:remi bernard,person:remi bernard,Rémi Bernard,1,69.0,0.0,5
person:n khalili mahani,person:n khalili mahani,N. Khalili-Mahani,1,69.0,0.0,5
person:pierre rioux,person:pierre rioux,Pierre Rioux,1,69.0,0.0,5
person:marc etienne rousseau,person:marc etienne rousseau,Marc-Etienne Rousseau,1,69.0,0.0,5
person:alan evans,person:alan evans,Alan C. Evans,1,69.0,0.0,5
person:y halchenko,person:y halchenko,Y. Halchenko,1,69.0,0.0,5
person:matteo visconti di oleggio castello,person:matteo visconti di oleggio castello,Matteo Visconti di Oleggio Castello,1,69.0,0.0,5
person:raul hernandez perez,person:raul hernandez perez,Raúl Hernández-Pérez,1,69.0,0.0,5
person:edgar morales,person:edgar morales,Edgar A. Morales,1,69.0,0.0,5
person:laura cuaya,person:laura cuaya,Laura V. Cuaya,1,69.0,0.0,5
person:kaori ito,person:kaori ito,Kaori L. Ito,1,69.0,0.0,5
person:h johnson,person:h johnson,H. Johnson,1,69.0,0.0,5
person:e kan,person:e kan,E. Kan,1,69.0,0.0,5
person:julia anglin,person:julia anglin,Julia Anglin,1,69.0,0.0,5
person:m borich,person:m borich,M. Borich,1,69.0,0.0,5
person:s liew,person:s liew,S. Liew,1,69.0,0.0,5
person:d margulies,person:d margulies,D. Margulies,1,69.0,0.0,5
person:m falkiewicz,person:m falkiewicz,M. Falkiewicz,1,69.0,0.0,5
person:julia huntenburg,person:julia huntenburg,Julia M. Huntenburg,1,69.0,0.0,5
person:david connor,person:david connor,David O’Connor,1,69.0,0.0,5
person:r pereira,person:r pereira,R. Pereira,1,69.0,0.0,5
person:j pfannmoller,person:j pfannmoller,J. Pfannmöller,1,69.0,0.0,5
person:r mesquita,person:r mesquita,R. Mesquita,1,69.0,0.0,5
person:luis herrera,person:luis herrera,Luis C. T. Herrera,1,69.0,0.0,5
person:daniela dentico,person:daniela dentico,Daniela Dentico,1,69.0,0.0,5
person:v sochat,person:v sochat,V. Sochat,1,69.0,0.0,5
person:b nichols,person:b nichols,B. N. Nichols,1,69.0,0.0,5
person:a heinsfeld,person:a heinsfeld,A. S. Heinsfeld,1,69.0,0.0,5
person:a franco,person:a franco,A. Franco,1,69.0,0.0,5
person:a buchweitz,person:a buchweitz,A. Buchweitz,1,69.0,0.0,5
person:felipe meneguzzi,person:felipe meneguzzi,Felipe Meneguzzi,1,69.0,0.0,5
person:julio villalon reina,person:julio villalon reina,Julio E. Villalón-Reina,1,69.0,0.0,5
person:l korobkova,person:l korobkova,L. Korobkova,1,65.0,0.0,0
person:marlene becerra,person:marlene becerra,Marlene Becerra,1,65.0,0.0,0
person:yasmine sherafat,person:yasmine sherafat,Yasmine Sherafat,1,65.0,0.0,0
person:bo peng,person:bo peng,Bo Peng,1,65.0,0.0,0
person:sana azam,person:sana azam,Sana Azam,1,65.0,0.0,0
person:neda khanjani,person:neda khanjani,Neda Khanjani,1,65.0,0.0,0
person:jim stanis,person:jim stanis,Jim Stanis,1,65.0,0.0,0
person:sarvia aquino,person:sarvia aquino,Sarvia Aquino,1,65.0,0.0,0
person:gordon dan,person:gordon dan,Gordon Dan,1,65.0,0.0,0
person:marina fayzullina,person:marina fayzullina,Marina Fayzullina,1,65.0,0.0,0
person:sarah ustrell,person:sarah ustrell,Sarah Ustrell,1,65.0,0.0,0
person:a santarelli,person:a santarelli,A. Santarelli,1,65.0,0.0,0
person:nora benavidez,person:nora benavidez,Nora L. Benavidez,1,65.0,0.0,0
person:david johnson,person:david johnson,David L. Johnson,1,65.0,0.0,0
person:m bienkowski,person:m bienkowski,M. Bienkowski,1,65.0,0.0,0
person:b lim,person:b lim,B. Lim,1,65.0,0.0,0
person:andersen chang,person:andersen chang,Andersen Chang,1,55.0,0.0,3
person:jiakun fu,person:jiakun fu,Jiakun Fu,1,55.0,0.0,3
person:kayla ponder,person:kayla ponder,Kayla Ponder,1,55.0,0.0,3
person:e joyce,person:e joyce,E. Joyce,1,50.0,0.0,3
person:ruweida ahmed,person:ruweida ahmed,Ruweida Ahmed,1,50.0,0.0,0
person:jasmine bomben,person:jasmine bomben,Jasmine Bomben,1,50.0,0.0,0
person:krissy brouner,person:krissy brouner,Krissy Brouner,1,50.0,0.0,0
person:linzy casal,person:linzy casal,Linzy Casal,1,50.0,0.0,0
person:shiella caldejon,person:shiella caldejon,Shiella Caldejon,1,50.0,0.0,0
person:andrew cho,person:andrew cho,Andrew Cho,1,50.0,0.0,0
person:n dotson,person:n dotson,N. Dotson,1,50.0,0.0,0
person:t daigle,person:t daigle,T. Daigle,1,50.0,0.0,0
person:tom egdorf,person:tom egdorf,Tom Egdorf,1,50.0,0.0,0
person:rachel enstrom,person:rachel enstrom,Rachel Enstrom,1,50.0,0.0,0
person:a gary,person:a gary,A. Gary,1,50.0,0.0,0
person:emily gelfand,person:emily gelfand,Emily C. Gelfand,1,50.0,0.0,0
person:fiona griffin,person:fiona griffin,Fiona Griffin,1,50.0,0.0,0
person:hong gu,person:hong gu,Hong Gu,1,50.0,0.0,0
person:nicole hancock,person:nicole hancock,Nicole Hancock,1,50.0,0.0,0
person:robert howard,person:robert howard,Robert E. Howard,1,50.0,0.0,0
person:sophie lambert,person:sophie lambert,Sophie Lambert,1,50.0,0.0,0
person:eric lee,person:eric lee,Eric Lee,1,50.0,0.0,0
person:jennifer luviano,person:jennifer luviano,Jennifer A. Luviano,1,50.0,0.0,0
person:michelle maxwell,person:michelle maxwell,Michelle Maxwell,1,50.0,0.0,0
person:c nayan,person:c nayan,C. Nayan,1,50.0,0.0,0
person:n ngo,person:n ngo,N. Ngo,1,50.0,0.0,0
person:thuyanh nguyen,person:thuyanh nguyen,Thuyanh V. Nguyen,1,50.0,0.0,0
person:kat north,person:kat north,Kat North,1,50.0,0.0,0
person:shea ransford,person:shea ransford,Shea T. Ransford,1,50.0,0.0,0
person:augustin ruiz,person:augustin ruiz,Augustin Ruiz,1,50.0,0.0,0
person:sam seid,person:sam seid,Sam Seid,1,50.0,0.0,0
person:jackie swapp,person:jackie swapp,Jackie Swapp,1,50.0,0.0,0
person:thomas zhou,person:thomas zhou,Thomas Zhou,1,50.0,0.0,0
person:a williford,person:a williford,A. Williford,1,50.0,0.0,0
person:l potekhina,person:l potekhina,L. Potekhina,1,50.0,0.0,0
person:m mcgraw,person:m mcgraw,M. McGraw,1,50.0,0.0,0
person:peter groblewski,person:peter groblewski,Peter A. Groblewski,1,50.0,0.0,0
person:carliana halterman,person:carliana halterman,Carliana R. Halterman,1,45.0,0.0,0
person:kara ronellenfitch,person:kara ronellenfitch,Kara Ronellenfitch,1,45.0,0.0,0
person:eric li,person:eric li,Eric M Li,1,44.0,0.0,0
person:rachel delley,person:rachel delley,Rachel Delley,1,44.0,0.0,0
person:grace willams,person:grace willams,Grace Willams,1,44.0,0.0,0
person:daniel zhang,person:daniel zhang,Daniel Y. Zhang,1,42.0,0.0,0
person:janardhan bhattarai,person:janardhan bhattarai,Janardhan P. Bhattarai,1,42.0,0.0,0
person:kristen park,person:kristen park,Kristen H. Park,1,42.0,0.0,0
person:weifan dong,person:weifan dong,Weifan Dong,1,42.0,0.0,0
person:yun fen hung,person:yun fen hung,Yun-Fen Hung,1,42.0,0.0,0
person:k rajamani,person:k rajamani,K. Rajamani,1,42.0,0.0,0
person:benjamin kennedy,person:benjamin kennedy,Benjamin C Kennedy,1,42.0,0.0,0
person:yan hong,person:yan hong,Yan Hong,1,42.0,0.0,0
person:jamie galanaugh,person:jamie galanaugh,Jamie Galanaugh,1,42.0,0.0,0
person:abhijeet sambangi,person:abhijeet sambangi,Abhijeet Sambangi,1,42.0,0.0,0
person:garrett wheeler,person:garrett wheeler,Garrett Wheeler,1,42.0,0.0,0
person:tiago goncalves,person:tiago goncalves,Tiago Gonçalves,1,42.0,0.0,0
person:riki kawaguchi,person:riki kawaguchi,Riki Kawaguchi,1,42.0,0.0,0
person:a viaene,person:a viaene,A. Viaene,1,42.0,0.0,0
person:ingo helbig,person:ingo helbig,Ingo Helbig,1,42.0,0.0,0
person:sudha kessler,person:sudha kessler,Sudha K Kessler,1,42.0,0.0,0
person:ahmet hoke,person:ahmet hoke,Ahmet Hoke,1,42.0,0.0,0
person:zev binder,person:zev binder,Zev A. Binder,1,42.0,0.0,0
person:e pai,person:e pai,E. Pai,1,42.0,0.0,0
person:s stone,person:s stone,S. Stone,1,42.0,0.0,0
person:m nasrallah,person:m nasrallah,M. Nasrallah,1,42.0,0.0,0
person:kimberly christian,person:kimberly christian,Kimberly M. Christian,1,42.0,0.0,0
person:marc fuccillo,person:marc fuccillo,Marc V. Fuccillo,1,42.0,0.0,0
person:n toni,person:n toni,N. Toni,1,42.0,0.0,0
person:hwai jong cheng,person:hwai jong cheng,Hwai-Jong Cheng,1,42.0,0.0,0
person:donald rourke,person:donald rourke,Donald M. O’Rourke,1,42.0,0.0,0
person:minghong ma,person:minghong ma,Minghong Ma,1,42.0,0.0,0
person:guo li ming,person:guo li ming,Guo-li Ming,1,42.0,0.0,0
person:hongjun song,person:hongjun song,Hongjun Song,1,42.0,0.0,0
person:alexis arnaudon,person:alexis arnaudon,Alexis Arnaudon,1,41.0,0.0,7
person:elvis boci,person:elvis boci,Elvis Boci,1,41.0,0.0,7
person:j courcol,person:j courcol,J. Courcol,1,41.0,0.0,7
person:t damart,person:t damart,T. Damart,1,41.0,0.0,7
person:thomas delemontex,person:thomas delemontex,Thomas Delemontex,1,41.0,0.0,7
person:alexander dietz,person:alexander dietz,Alexander Dietz,1,41.0,0.0,7
person:gianluca ficarelli,person:gianluca ficarelli,Gianluca Ficarelli,1,41.0,0.0,7
person:j herttuainen,person:j herttuainen,J. Herttuainen,1,41.0,0.0,7
person:genrich ivaska,person:genrich ivaska,Genrich Ivaska,1,41.0,0.0,7
person:w ji,person:w ji,W. Ji,1,41.0,0.0,7
person:d keller,person:d keller,D. Keller,1,41.0,0.0,7
person:polina litvak,person:polina litvak,Polina Litvak,1,41.0,0.0,7
person:darshan mandge,person:darshan mandge,Darshan Mandge,1,41.0,0.0,7
person:fernando pereira,person:fernando pereira,Fernando L. Pereira,1,41.0,0.0,7
person:judit planas,person:judit planas,Judit Planas,1,41.0,0.0,7
person:rajnish ranjan,person:rajnish ranjan,Rajnish Ranjan,1,41.0,0.0,7
person:m reva,person:m reva,M. Reva,1,41.0,0.0,7
person:armando romani,person:armando romani,Armando Romani,1,41.0,0.0,7
person:christian rossert,person:christian rossert,Christian A. Rössert,1,41.0,0.0,7
person:vishal sood,person:vishal sood,Vishal Sood,1,41.0,0.0,7
person:aleksandra teska,person:aleksandra teska,Aleksandra Teska,1,41.0,0.0,7
person:anil tuncel,person:anil tuncel,Anil M Tuncel,1,41.0,0.0,7
person:manual castro,person:manual castro,Manual A. Castro,1,41.0,0.0,3
person:jeremy maitin shephard,person:jeremy maitin shephard,Jeremy Maitin-Shephard,1,41.0,0.0,3
person:shou qiu,person:shou qiu,Shou Qiu,1,41.0,0.0,0
person:taosha gao,person:taosha gao,Taosha Gao,1,41.0,0.0,0
person:luyao han,person:luyao han,Luyao Han,1,41.0,0.0,0
person:taorong xie,person:taorong xie,Taorong Xie,1,41.0,0.0,0
person:ninglong xu,person:ninglong xu,Ninglong Xu,1,41.0,0.0,0
person:m poo,person:m poo,M. Poo,1,41.0,0.0,0
person:haishan yao,person:haishan yao,Haishan Yao,1,41.0,0.0,0
person:anirban nandi,person:anirban nandi,Anirban Nandi,1,39.0,0.0,3
person:thomas chartrand,person:thomas chartrand,Thomas Chartrand,1,39.0,0.0,3
person:lynne becker,person:lynne becker,Lynne Becker,1,39.0,0.0,3
person:zoe ashwood,person:zoe ashwood,Zoe Ashwood,1,39.0,0.0,3
person:a burke,person:a burke,A. Burke,1,39.0,0.0,3
person:joshua barry,person:joshua barry,Joshua Barry,1,38.0,0.0,0
person:jiandong sun,person:jiandong sun,Jiandong Sun,1,38.0,0.0,0
person:christian estrada,person:christian estrada,Christian Estrada,1,38.0,0.0,0
person:aishwarya dev,person:aishwarya dev,Aishwarya Dev,1,38.0,0.0,0
person:jennifer gonzalez,person:jennifer gonzalez,Jennifer Gonzalez,1,38.0,0.0,0
person:michael levine,person:michael levine,Michael Levine,1,38.0,0.0,0
person:paul micevych,person:paul micevych,Paul Micevych,1,38.0,0.0,0
person:carlos cepeda,person:carlos cepeda,Carlos Cepeda,1,38.0,0.0,0
person:peyman golshani,person:peyman golshani,Peyman Golshani,1,38.0,0.0,0
person:weizhe hong,person:weizhe hong,Weizhe Hong,1,38.0,0.0,0
person:zhi feng yue,person:zhi feng yue,Zhi-Feng Yue,1,36.0,0.0,0
person:hong wan,person:hong wan,Hong Wan,1,36.0,0.0,0
person:xin yu ning,person:xin yu ning,Xin-Yu Ning,1,36.0,0.0,0
person:h ren,person:h ren,H. Ren,1,36.0,0.0,0
person:xiao lan peng,person:xiao lan peng,Xiao-Lan Peng,1,36.0,0.0,0
person:meijun zheng,person:meijun zheng,Meijun Zheng,1,36.0,0.0,0
person:xiaoying qiu,person:xiaoying qiu,Xiaoying Qiu,1,36.0,0.0,0
person:dan yang li,person:dan yang li,Dan-Yang Li,1,36.0,0.0,0
person:yu chen gong,person:yu chen gong,Yu-Chen Gong,1,36.0,0.0,0
person:yu mu,person:yu mu,Yu Mu,1,36.0,0.0,0
person:peng ji,person:peng ji,Peng Ji,1,36.0,0.0,0
person:jie he,person:jie he,Jie He,1,36.0,0.0,0
person:avinash kandelwal,person:avinash kandelwal,Avinash Kandelwal,1,34.0,0.0,3
person:a cook,person:a cook,A. Cook,1,34.0,0.0,3
person:m dickinson,person:m dickinson,M. Dickinson,1,34.0,0.0,3
person:s oh,person:s oh,S. W. Oh,1,33.0,0.0,0
person:b winslow,person:b winslow,B. Winslow,1,33.0,0.0,0
person:a henry,person:a henry,A. Henry,1,33.0,0.0,0
person:c slaughterbeck,person:c slaughterbeck,C. Slaughterbeck,1,33.0,0.0,0
person:anh ho,person:anh ho,Anh Ho,1,33.0,0.0,0
person:eric nicholas,person:eric nicholas,Eric Nicholas,1,33.0,0.0,0
person:phillip bohn,person:phillip bohn,Phillip Bohn,1,33.0,0.0,0
person:kevin joines,person:kevin joines,Kevin Joines,1,33.0,0.0,0
person:john phillips,person:john phillips,John W. Phillips,1,33.0,0.0,0
person:j hohmann,person:j hohmann,J. Hohmann,1,33.0,0.0,0
person:paul wohnoutka,person:paul wohnoutka,Paul E. Wohnoutka,1,33.0,0.0,0
person:allan jones,person:allan jones,Allan R. Jones,1,33.0,0.0,0
person:durafshan sakeena syed,person:durafshan sakeena syed,Durafshan Sakeena Syed,1,32.0,0.0,3
person:flywire consortium,person:flywire consortium,FlyWire Consortium,1,32.0,0.0,3
person:patrick edson,person:patrick edson,Patrick Edson,1,29.0,0.0,8
person:b arthur,person:b arthur,B. J. Arthur,1,29.0,0.0,8
person:christopher bruns,person:christopher bruns,Christopher Bruns,1,29.0,0.0,8
person:david schauder,person:david schauder,David M. Schauder,1,29.0,0.0,8
person:s murphy,person:s murphy,S. D. Murphy,1,29.0,0.0,8
person:cameron arshadi,person:cameron arshadi,Cameron Arshadi,1,29.0,0.0,8
person:p baldwin,person:p baldwin,P. Baldwin,1,29.0,0.0,8
person:regina blake,person:regina blake,Regina Blake,1,29.0,0.0,8
person:a elsayed,person:a elsayed,A. Elsayed,1,29.0,0.0,8
person:mashtura hasan,person:mashtura hasan,Mashtura Hasan,1,29.0,0.0,8
person:d ramirez,person:d ramirez,D. Ramírez,1,29.0,0.0,8
person:bruno paiva dos santos,person:bruno paiva dos santos,Bruno Paiva dos Santos,1,29.0,0.0,8
person:monet weldon,person:monet weldon,Monet Weldon,1,29.0,0.0,8
person:a zafar,person:a zafar,A. Zafar,1,29.0,0.0,8
person:j dudman,person:j dudman,J. Dudman,1,29.0,0.0,8
person:a hantman,person:a hantman,A. Hantman,1,29.0,0.0,8
person:ramakrishnan iyer,person:ramakrishnan iyer,Ramakrishnan Iyer,1,29.0,0.0,0
person:ziqiang wei,person:ziqiang wei,Ziqiang Wei,1,29.0,0.0,0
person:zihao xu,person:zihao xu,Zihao Xu,1,29.0,0.0,0
person:n dacosta,person:n dacosta,N. daCosta,1,29.0,0.0,0
person:s vries,person:s vries,S. C. J. D. Vries,1,29.0,0.0,0
person:daniel denman,person:daniel denman,Daniel J. Denman,1,29.0,0.0,0
person:s durand,person:s durand,S. Durand,1,29.0,0.0,0
person:j lecoq,person:j lecoq,J. Lecoq,1,29.0,0.0,0
person:shawn olsen,person:shawn olsen,Shawn R. Olsen,1,29.0,0.0,0
person:jack waters,person:jack waters,Jack Waters,1,29.0,0.0,0
person:m scanziani,person:m scanziani,M. Scanziani,1,29.0,0.0,0
person:ting gong,person:ting gong,Ting Gong,1,29.0,0.0,4
person:r gonzales,person:r gonzales,R. A. Gonzales,1,29.0,0.0,4
person:istvan huszar,person:istvan huszar,Istvan N. Huszar,1,29.0,0.0,4
person:theresa urban,person:theresa urban,Theresa Urban,1,29.0,0.0,4
person:h dejea,person:h dejea,H. Dejea,1,29.0,0.0,4
person:david stansby,person:david stansby,David Stansby,1,29.0,0.0,4
person:kabilar gunalan,person:kabilar gunalan,Kabilar Gunalan,1,29.0,0.0,4
person:bess glickman,person:bess glickman,Bess Glickman,1,29.0,0.0,4
person:edward gaibor,person:edward gaibor,Edward Gaibor,1,29.0,0.0,4
person:james scherick,person:james scherick,James Scherick,1,29.0,0.0,4
person:kyriaki margarita bintsi,person:kyriaki margarita bintsi,Kyriaki-Margarita Bintsi,1,29.0,0.0,4
person:chiara mauri,person:chiara mauri,Chiara Mauri,1,29.0,0.0,4
person:cole analoro,person:cole analoro,Cole Analoro,1,29.0,0.0,4
person:sulagna dia ghosh,person:sulagna dia ghosh,Sulagna Dia Ghosh,1,29.0,0.0,4
person:a bellier,person:a bellier,A. Bellier,1,29.0,0.0,4
person:jean augustinack,person:jean augustinack,Jean Augustinack,1,29.0,0.0,4
person:m uytiepo,person:m uytiepo,M. Uytiepo,1,27.0,0.0,0
person:katherine chou,person:katherine chou,Katherine Chou,1,27.0,0.0,0
person:elise zhao,person:elise zhao,Elise Zhao,1,27.0,0.0,0
person:danielle luu,person:danielle luu,Danielle Luu,1,27.0,0.0,0
person:dong yang,person:dong yang,Dong Yang,1,27.0,0.0,0
person:t ma,person:t ma,T. Ma,1,27.0,0.0,0
person:g walton,person:g walton,G. Walton,1,27.0,0.0,0
person:tom quach,person:tom quach,Tom Quach,1,27.0,0.0,0
person:luca patapoutian,person:luca patapoutian,Luca Patapoutian,1,27.0,0.0,0
person:elizabeth beutter,person:elizabeth beutter,Elizabeth Beutter,1,27.0,0.0,0
person:brian dong,person:brian dong,Brian Dong,1,27.0,0.0,0
person:a khoury,person:a khoury,A. Khoury,1,27.0,0.0,0
person:alton gu,person:alton gu,Alton Gu,1,27.0,0.0,0
person:elle mccue,person:elle mccue,Elle McCue,1,27.0,0.0,0
person:lisa stowers,person:lisa stowers,Lisa Stowers,1,27.0,0.0,0
person:a sood,person:a sood,A. Sood,1,27.0,0.0,3
person:kyle wille,person:kyle wille,Kyle Wille,1,27.0,0.0,3
person:sujata reddy,person:sujata reddy,Sujata Reddy,1,27.0,0.0,3
person:anthony pelegrino,person:anthony pelegrino,Anthony J. Pelegrino,1,27.0,0.0,3
person:c kang,person:c kang,C. Kang,1,26.0,0.0,3
person:sebastian stroh,person:sebastian stroh,Sebastian Ströh,1,26.0,0.0,6
person:simone ebert,person:simone ebert,Simone Ebert,1,26.0,0.0,6
person:julia fadjukov,person:julia fadjukov,Julia Fadjukov,1,26.0,0.0,6
person:jan lause,person:jan lause,Jan Lause,1,26.0,0.0,6
person:jonathan oesterle,person:jonathan oesterle,Jonathan Oesterle,1,26.0,0.0,6
person:venus sherathiya,person:venus sherathiya,Venus N. Sherathiya,1,26.0,0.0,6
person:dominic gonschorek,person:dominic gonschorek,Dominic Gonschorek,1,26.0,0.0,6
person:hiromi maeyama,person:hiromi maeyama,Hiromi Maeyama,1,26.0,0.0,6
person:greg schwartz,person:greg schwartz,Greg W Schwartz,1,26.0,0.0,6
person:the eyewire,person:the eyewire,The Eyewire,1,26.0,0.0,6
person:iibdgc consortium,person:iibdgc consortium,Iibdgc Consortium,1,26.0,0.0,6
person:s vohra,person:s vohra,S. Vohra,1,26.0,0.0,1
person:jay savaliya,person:jay savaliya,Jay H. Savaliya,1,26.0,0.0,1
person:heike naumann,person:heike naumann,Heike Naumann,1,26.0,0.0,1
person:maren eberle,person:maren eberle,Maren Eberle,1,26.0,0.0,1
person:simone rencken,person:simone rencken,Simone Rencken,1,26.0,0.0,1
person:katja slangewal,person:katja slangewal,Katja Slangewal,1,26.0,0.0,1
person:kim kirchberger,person:kim kirchberger,Kim N. Kirchberger,1,26.0,0.0,1
person:i bianco,person:i bianco,I. H. Bianco,1,26.0,0.0,1
person:d baum,person:d baum,D. Baum,1,26.0,0.0,1
person:filippo del bene,person:filippo del bene,Filippo Del Bene,1,26.0,0.0,1
person:qijia shen,person:qijia shen,Qijia Shen,1,26.0,0.0,0
person:rui xin,person:rui xin,Rui Xin,1,26.0,0.0,0
person:dorsa ziaei,person:dorsa ziaei,Dorsa Ziaei,1,26.0,0.0,0
person:stephan huschauer,person:stephan huschauer,Stephan Huschauer,1,26.0,0.0,0
person:wendy wenderski,person:wendy wenderski,Wendy Wenderski,1,26.0,0.0,14
person:k noh,person:k noh,K. Noh,1,26.0,0.0,14
person:r bagot,person:r bagot,R. Bagot,1,26.0,0.0,14
person:nikos tzavaras,person:nikos tzavaras,Nikos Tzavaras,1,26.0,0.0,14
person:immanuel purushothaman,person:immanuel purushothaman,Immanuel Purushothaman,1,26.0,0.0,14
person:simon elsasser,person:simon elsasser,Simon J. Elsässer,1,26.0,0.0,14
person:c ionete,person:c ionete,C. Ionete,1,26.0,0.0,14
person:y hurd,person:y hurd,Y. Hurd,1,26.0,0.0,14
person:c tamminga,person:c tamminga,C. Tamminga,1,26.0,0.0,14
person:tobias halene,person:tobias halene,Tobias Halene,1,26.0,0.0,14
person:lorna farrelly,person:lorna farrelly,Lorna Farrelly,1,26.0,0.0,14
person:a soshnev,person:a soshnev,A. Soshnev,1,26.0,0.0,14
person:duancheng wen,person:duancheng wen,Duancheng Wen,1,26.0,0.0,14
person:s rafii,person:s rafii,S. Rafii,1,26.0,0.0,14
person:marc birtwistle,person:marc birtwistle,Marc R. Birtwistle,1,26.0,0.0,14
person:b buchholz,person:b buchholz,B. Buchholz,1,26.0,0.0,14
person:r blitzer,person:r blitzer,R. Blitzer,1,26.0,0.0,14
person:zuo fei yuan,person:zuo fei yuan,Zuo-Fei Yuan,1,26.0,0.0,14
person:b garcia,person:b garcia,B. Garcia,1,26.0,0.0,14
person:h molina,person:h molina,H. Molina,1,26.0,0.0,14
person:c allis,person:c allis,C. Allis,1,26.0,0.0,14
person:ziwei le,person:ziwei le,Ziwei Le,1,25.0,0.0,0
person:yun du,person:yun du,Yun Du,1,25.0,0.0,0
person:yannong dou,person:yannong dou,Yannong Dou,1,25.0,0.0,0
person:shujun lei,person:shujun lei,Shujun Lei,1,25.0,0.0,0
person:c dulac,person:c dulac,C. Dulac,1,24.0,0.0,2
person:a fairhall,person:a fairhall,A. Fairhall,1,24.0,0.0,2
person:yann lecun,person:yann lecun,Yann LeCun,1,24.0,0.0,2
person:p littlewood,person:p littlewood,P. Littlewood,1,24.0,0.0,2
person:john maunsell,person:john maunsell,John H. R. Maunsell,1,24.0,0.0,2
person:b rosen,person:b rosen,B. Rosen,1,24.0,0.0,2
person:d tsao,person:d tsao,D. Tsao,1,24.0,0.0,2
person:debin zeng,person:debin zeng,Debin Zeng,1,24.0,0.0,0
person:xinyuan liang,person:xinyuan liang,Xinyuan Liang,1,24.0,0.0,0
person:lianglong sun,person:lianglong sun,Lianglong Sun,1,24.0,0.0,0
person:tianyuan lei,person:tianyuan lei,Tianyuan Lei,1,24.0,0.0,0
person:weiwei men,person:weiwei men,Weiwei Men,1,24.0,0.0,0
person:ningyu liu,person:ningyu liu,Ningyu Liu,1,24.0,0.0,0
person:shuping tan,person:shuping tan,Shuping Tan,1,24.0,0.0,0
person:s tao,person:s tao,S. Tao,1,24.0,0.0,0
person:qi dong,person:qi dong,Qi Dong,1,24.0,0.0,0
person:d ciresan,person:d ciresan,D. Ciresan,1,23.0,0.0,8
person:a giusti,person:a giusti,A. Giusti,1,23.0,0.0,8
person:l gambardella,person:l gambardella,L. Gambardella,1,23.0,0.0,8
person:j schmidhuber,person:j schmidhuber,J. Schmidhuber,1,23.0,0.0,8
person:d laptev,person:d laptev,D. Laptev,1,23.0,0.0,8
person:sarvesh dwivedi,person:sarvesh dwivedi,Sarvesh Dwivedi,1,23.0,0.0,8
person:j buhmann,person:j buhmann,J. Buhmann,1,23.0,0.0,8
person:radim burget,person:radim burget,Radim Burget,1,23.0,0.0,8
person:vaclav uher,person:vaclav uher,Václav Uher,1,23.0,0.0,8
person:xiao tan,person:xiao tan,Xiao Tan,1,23.0,0.0,8
person:m uzunbas,person:m uzunbas,M. Uzunbas,1,23.0,0.0,8
person:s vitaladevuni,person:s vitaladevuni,S. Vitaladevuni,1,23.0,0.0,1
person:philip winston,person:philip winston,Philip Winston,1,23.0,0.0,1
person:katerina blazek,person:katerina blazek,Katerina Blazek,1,23.0,0.0,1
person:victor shapiro,person:victor shapiro,Victor L. Shapiro,1,23.0,0.0,1
person:n xing,person:n xing,N. Xing,1,23.0,0.0,0
person:cao jia,person:cao jia,Cao Jia,1,23.0,0.0,0
person:hualin fan,person:hualin fan,Hualin Fan,1,23.0,0.0,0
person:fatemeh dialameh,person:fatemeh dialameh,Fatemeh Dialameh,1,23.0,0.0,0
person:nannan cheng,person:nannan cheng,Nannan Cheng,1,23.0,0.0,0
person:chao jiang,person:chao jiang,Chao Jiang,1,23.0,0.0,0
person:fei xing,person:fei xing,Fei Xing,1,23.0,0.0,0
person:m zille,person:m zille,M. Zille,1,23.0,0.0,0
person:vikrant kapoor,person:vikrant kapoor,Vikrant Kapoor,1,23.0,0.0,1
person:alyssa wilson,person:alyssa wilson,Alyssa M. Wilson,1,23.0,0.0,1
person:akhila manthena,person:akhila manthena,Akhila Manthena,1,23.0,0.0,1
person:d cervantes,person:d cervantes,D. Cervantes,1,23.0,0.0,1
person:sanjana chimaladinne,person:sanjana chimaladinne,Sanjana Chimaladinne,1,23.0,0.0,1
person:benjamin morris,person:benjamin morris,Benjamin I. Morris,1,23.0,0.0,1
person:indu vaddiparti,person:indu vaddiparti,Indu A. Vaddiparti,1,23.0,0.0,1
person:sanjana dokiburra,person:sanjana dokiburra,Sanjana Dokiburra,1,23.0,0.0,1
person:riti parampalli,person:riti parampalli,Riti Parampalli,1,23.0,0.0,1
person:venkatesh murthy,person:venkatesh murthy,Venkatesh N. Murthy,1,23.0,0.0,1
person:daniel marcus,person:daniel marcus,Daniel S. Marcus,1,23.0,0.0,2
person:abraham snyder,person:abraham snyder,Abraham Z. Snyder,1,23.0,0.0,2
person:m jenkinson,person:m jenkinson,M. Jenkinson,1,23.0,0.0,2
person:j wilson,person:j wilson,J. A. Wilson,1,23.0,0.0,2
person:m ramaratnam,person:m ramaratnam,M. Ramaratnam,1,23.0,0.0,2
person:m house,person:m house,M. House,1,23.0,0.0,2
person:erin reid,person:erin reid,Erin Reid,1,23.0,0.0,2
person:j harwell,person:j harwell,J. Harwell,1,23.0,0.0,2
person:jon schindler,person:jon schindler,Jon Schindler,1,23.0,0.0,2
person:p rajarajan,person:p rajarajan,P. Rajarajan,1,23.0,0.0,0
person:tyler borrman,person:tyler borrman,Tyler Borrman,1,23.0,0.0,0
person:n schrode,person:n schrode,N. Schrode,1,23.0,0.0,0
person:erin flaherty,person:erin flaherty,Erin Flaherty,1,23.0,0.0,0
person:charlize casino,person:charlize casino,Charlize Casiño,1,23.0,0.0,0
person:samuel powell,person:samuel powell,Samuel K. Powell,1,23.0,0.0,0
person:chittampalli yashaswini,person:chittampalli yashaswini,Chittampalli N. Yashaswini,1,23.0,0.0,0
person:elizabeth lamarca,person:elizabeth lamarca,Elizabeth A. LaMarca,1,23.0,0.0,0
person:bibi kassim,person:bibi kassim,Bibi S. Kassim,1,23.0,0.0,0
person:b javidfar,person:b javidfar,B. Javidfar,1,23.0,0.0,0
person:s espeso gil,person:s espeso gil,S. Espeso-Gil,1,23.0,0.0,0
person:h won,person:h won,H. Won,1,23.0,0.0,0
person:seok man ho,person:seok man ho,Seok-Man Ho,1,23.0,0.0,0
person:g hoffman,person:g hoffman,G. Hoffman,1,23.0,0.0,0
person:panagiotis roussos,person:panagiotis roussos,Panagiotis Roussos,1,23.0,0.0,0
person:c hahn,person:c hahn,C. Hahn,1,23.0,0.0,0
person:z weng,person:z weng,Z. Weng,1,23.0,0.0,0
person:k brennand,person:k brennand,K. Brennand,1,23.0,0.0,0
person:b ozpolat,person:b ozpolat,B. Özpolat,1,23.0,0.0,2
person:g andreatta,person:g andreatta,G. Andreatta,1,23.0,0.0,2
person:g balavoine,person:g balavoine,G. Balavoine,1,23.0,0.0,2
person:p bertucci,person:p bertucci,P. Bertucci,1,23.0,0.0,2
person:d ferrier,person:d ferrier,D. Ferrier,1,23.0,0.0,2
person:m gambi,person:m gambi,M. Gambi,1,23.0,0.0,2
person:e gazave,person:e gazave,E. Gazave,1,23.0,0.0,2
person:m handberg thorsager,person:m handberg thorsager,M. Handberg-Thorsager,1,23.0,0.0,2
person:j hardege,person:j hardege,J. Hardege,1,23.0,0.0,2
person:cameron hird,person:cameron hird,Cameron Hird,1,23.0,0.0,2
person:y hsieh,person:y hsieh,Y. Hsieh,1,23.0,0.0,2
person:j hui,person:j hui,J. Hui,1,23.0,0.0,2
person:kevin nzumbi mutemi,person:kevin nzumbi mutemi,Kevin Nzumbi Mutemi,1,23.0,0.0,2
person:o simakov,person:o simakov,O. Simakov,1,23.0,0.0,2
person:michel vervoort,person:michel vervoort,Michel Vervoort,1,23.0,0.0,2
person:f raible,person:f raible,F. Raible,1,23.0,0.0,2
person:james labyer,person:james labyer,James A. Labyer,1,23.0,0.0,2
person:andrea nam,person:andrea nam,Andrea J. Nam,1,23.0,0.0,2
person:erik ferlanti,person:erik ferlanti,Erik S. Ferlanti,1,23.0,0.0,2
person:jake rosenberg,person:jake rosenberg,Jake Rosenberg,1,23.0,0.0,2
person:sal tijerina,person:sal tijerina,Sal Tijerina,1,23.0,0.0,2
person:h prochaska,person:h prochaska,H. Prochaska,1,23.0,0.0,2
person:william allen,person:william allen,William J. Allen,1,23.0,0.0,2
person:tiffany huff,person:tiffany huff,Tiffany Huff,1,23.0,0.0,2
person:thomas middendorf,person:thomas middendorf,Thomas R Middendorf,1,23.0,0.0,2
person:lm kirk,person:lm kirk,LM Kirk,1,23.0,0.0,2
person:joe stubbs,person:joe stubbs,Joe Stubbs,1,23.0,0.0,2
person:m dahan,person:m dahan,M. Dahan,1,23.0,0.0,2
person:vladislav susoy,person:vladislav susoy,Vladislav Susoy,1,23.0,0.0,1
person:atsushi takahashi,person:atsushi takahashi,Atsushi Takahashi,1,22.0,0.0,0
person:nathaniel sisterson,person:nathaniel sisterson,Nathaniel D. Sisterson,1,22.0,0.0,0
person:ashley walton,person:ashley walton,Ashley Walton,1,22.0,0.0,0
person:sam hutchinson,person:sam hutchinson,Sam Hutchinson,1,22.0,0.0,0
person:alexandra kammen,person:alexandra kammen,Alexandra Kammen,1,22.0,0.0,0
person:c neudorfer,person:c neudorfer,C. Neudorfer,1,22.0,0.0,0
person:v kokkinos,person:v kokkinos,V. Kokkinos,1,22.0,0.0,0
person:p nanda,person:p nanda,P. Nanda,1,22.0,0.0,0
person:niharika jhingan,person:niharika jhingan,Niharika Jhingan,1,22.0,0.0,0
person:ammar marvi,person:ammar marvi,Ammar I Marvi,1,22.0,0.0,0
person:alexander fung,person:alexander fung,Alexander Fung,1,22.0,0.0,0
person:s duraivel,person:s duraivel,S. Duraivel,1,22.0,0.0,0
person:eghbal hosseini,person:eghbal hosseini,Eghbal A. Hosseini,1,22.0,0.0,0
person:colton casto,person:colton casto,Colton Casto,1,22.0,0.0,0
person:claudia valenzuela,person:claudia valenzuela,Claudia P. Valenzuela,1,22.0,0.0,0
person:seonghwan yee,person:seonghwan yee,Seonghwan Yee,1,22.0,0.0,0
person:john kirsch,person:john kirsch,John Kirsch,1,22.0,0.0,0
person:ev fedorenko,person:ev fedorenko,Ev Fedorenko,1,22.0,0.0,0
person:nancy kanwisher,person:nancy kanwisher,Nancy Kanwisher,1,22.0,0.0,0
person:r richardson,person:r richardson,R. M. Richardson,1,22.0,0.0,0
person:camenzind robinson,person:camenzind robinson,Camenzind G. Robinson,1,22.0,0.0,1
person:o torrens,person:o torrens,O. Torrens,1,22.0,0.0,1
person:bill karsh,person:bill karsh,Bill Karsh,1,22.0,0.0,1
person:p oikonomou,person:p oikonomou,P. Oikonomou,1,22.0,0.0,4
person:saeed tavazoie,person:saeed tavazoie,Saeed Tavazoie,1,22.0,0.0,4
person:alicia kun yang lu,person:alicia kun yang lu,Alicia Kun-Yang Lu,1,22.0,0.0,3
person:t rymer,person:t rymer,T. Rymer,1,22.0,0.0,3
person:lei qu,person:lei qu,Lei Qu,1,21.0,0.0,0
person:kaixuan guo,person:kaixuan guo,Kaixuan Guo,1,21.0,0.0,0
person:wan wan,person:wan wan,Wan Wan,1,21.0,0.0,0
person:lei ouyang,person:lei ouyang,Lei OuYang,1,21.0,0.0,0
person:chang shu,person:chang shu,Chang Shu,1,21.0,0.0,0
person:qing hong shan,person:qing hong shan,Qing-Hong Shan,1,21.0,0.0,0
person:fan jia,person:fan jia,Fan Jia,1,21.0,0.0,0
person:min ye,person:min ye,Min Ye,1,21.0,0.0,0
person:namra ansari,person:namra ansari,Namra Ansari,1,21.0,0.0,1
person:david peel,person:david peel,David Peel,1,21.0,0.0,1
person:d hoffman,person:d hoffman,D. Hoffman,1,21.0,0.0,1
person:g shtengel,person:g shtengel,G. Shtengel,1,21.0,0.0,1
person:k campbell,person:k campbell,K. Campbell,1,21.0,0.0,1
person:melanie freeman,person:melanie freeman,Melanie Freeman,1,21.0,0.0,1
person:h pasolli,person:h pasolli,H. Pasolli,1,21.0,0.0,1
person:d stabley,person:d stabley,D. Stabley,1,21.0,0.0,1
person:a shirinifard,person:a shirinifard,A. Shirinifard,1,21.0,0.0,1
person:k schaefer,person:k schaefer,K. Schaefer,1,21.0,0.0,1
person:w pomp,person:w pomp,W. Pomp,1,21.0,0.0,1
person:chi lun chang,person:chi lun chang,Chi-Lun Chang,1,21.0,0.0,1
person:d solecki,person:d solecki,D. Solecki,1,21.0,0.0,1
person:e betzig,person:e betzig,E. Betzig,1,21.0,0.0,1
person:r young,person:r young,R. Young,1,21.0,0.0,3
person:r gwinn,person:r gwinn,R. Gwinn,1,21.0,0.0,3
person:j nyhus,person:j nyhus,J. Nyhus,1,21.0,0.0,3
person:xiang zhen kong,person:xiang zhen kong,Xiang-zhen Kong,1,21.0,0.0,5
person:merel postema,person:merel postema,Merel C. Postema,1,21.0,0.0,5
person:tulio guadalupe,person:tulio guadalupe,Tulio M. Guadalupe,1,21.0,0.0,5
person:carolien de kovel,person:carolien de kovel,Carolien G. F. de Kovel,1,21.0,0.0,5
person:p boedhoe,person:p boedhoe,P. Boedhoe,1,21.0,0.0,5
person:m hoogman,person:m hoogman,M. Hoogman,1,21.0,0.0,5
person:s mathias,person:s mathias,S. Mathias,1,21.0,0.0,5
person:daan van rooij,person:daan van rooij,Daan van Rooij,1,21.0,0.0,5
person:d schijven,person:d schijven,D. Schijven,1,21.0,0.0,5
person:d glahn,person:d glahn,D. Glahn,1,21.0,0.0,5
person:s medland,person:s medland,S. Medland,1,21.0,0.0,5
person:s thomopoulos,person:s thomopoulos,S. Thomopoulos,1,21.0,0.0,5
person:j turner,person:j turner,J. Turner,1,21.0,0.0,5
person:j buitelaar,person:j buitelaar,J. Buitelaar,1,21.0,0.0,5
person:t van erp,person:t van erp,T. V. van Erp,1,21.0,0.0,5
person:b franke,person:b franke,B. Franke,1,21.0,0.0,5
person:s fisher,person:s fisher,S. Fisher,1,21.0,0.0,5
person:o van den heuvel,person:o van den heuvel,O. A. van den Heuvel,1,21.0,0.0,5
person:l schmaal,person:l schmaal,L. Schmaal,1,21.0,0.0,5
person:c francks,person:c francks,C. Francks,1,21.0,0.0,5
person:katherine descant,person:katherine descant,Katherine D. Descant,1,21.0,0.0,1
person:cailyn meyer,person:cailyn meyer,Cailyn Meyer,1,21.0,0.0,1
person:cristine casingal,person:cristine casingal,Cristine Casingal,1,21.0,0.0,1
person:ariba huda,person:ariba huda,Ariba Huda,1,21.0,0.0,1
person:tina ghashghaei,person:tina ghashghaei,Tina Ghashghaei,1,21.0,0.0,1
person:mikayla brenman,person:mikayla brenman,Mikayla Brenman,1,21.0,0.0,1
person:m jiang,person:m jiang,M. Jiang,1,21.0,0.0,1
person:j scarborough,person:j scarborough,J. Scarborough,1,21.0,0.0,1
person:jason stein,person:jason stein,Jason L Stein,1,21.0,0.0,1
person:ryohei yasuda,person:ryohei yasuda,Ryohei Yasuda,1,21.0,0.0,1
person:e anton,person:e anton,E. S. Anton,1,21.0,0.0,1
person:arpita mondal,person:arpita mondal,Arpita Mondal,1,20.0,0.0,3
person:lawrence saul,person:lawrence saul,Lawrence K. Saul,1,20.0,0.0,3
person:the banc flywire,person:the banc flywire,The BANC-FlyWire,1,20.0,0.0,3
person:wei chung allen consortium,person:wei chung allen consortium,Wei-Chung Allen Consortium,1,20.0,0.0,3
person:karl murray,person:karl murray,Karl D. Murray,1,20.0,0.0,1
person:leah macniven,person:leah macniven,Leah M. MacNiven,1,20.0,0.0,1
person:hidde ploegh,person:hidde ploegh,Hidde L. Ploegh,1,20.0,0.0,1
person:james trimmer,person:james trimmer,James S. Trimmer,1,20.0,0.0,1
person:paavo huoviala,person:paavo huoviala,Paavo Huoviala,1,20.0,0.0,4
person:fiona love,person:fiona love,Fiona M. Love,1,20.0,0.0,4
person:philip myers,person:philip myers,Philip Myers,1,20.0,0.0,4
person:l pettersson,person:l pettersson,L. Pettersson,1,20.0,0.0,4
person:zane mitrevica,person:zane mitrevica,Zane Mitrevica,1,20.0,0.0,4
person:t rodrigues,person:t rodrigues,T. Rodrigues,1,20.0,0.0,4
person:m stensmyr,person:m stensmyr,M. Stensmyr,1,20.0,0.0,4
person:s aggarwal,person:s aggarwal,S. Aggarwal,1,20.0,0.0,1
person:bhavika gopalani,person:bhavika gopalani,Bhavika Gopalani,1,20.0,0.0,1
person:fatima aly,person:fatima aly,Fatima Aly,1,20.0,0.0,1
person:sylvie bay,person:sylvie bay,Sylvie Bay,1,20.0,0.0,1
person:benoit delatour,person:benoit delatour,Benoît Delatour,1,20.0,0.0,1
person:pierre lafaye,person:pierre lafaye,Pierre Lafaye,1,20.0,0.0,1
person:n diederich,person:n diederich,N. J. Diederich,1,20.0,0.0,6
person:martin brune,person:martin brune,Martin Brüne,1,20.0,0.0,6
person:j allen,person:j allen,J. Allen,1,20.0,0.0,6
person:nicole bender,person:nicole bender,Nicole Bender,1,20.0,0.0,6
person:emiliano bruner,person:emiliano bruner,Emiliano Bruner,1,20.0,0.0,6
person:j changeux,person:j changeux,J. Changeux,1,20.0,0.0,6
person:cali corrado,person:cali corrado,Cali Corrado,1,20.0,0.0,6
person:olga dolgova,person:olga dolgova,Olga Dolgova,1,20.0,0.0,6
person:a grunewald,person:a grunewald,A. Grünewald,1,20.0,0.0,6
person:g konopka,person:g konopka,G. Konopka,1,20.0,0.0,6
person:peng jin,person:peng jin,Peng Jin,1,20.0,0.0,6
person:r lemon,person:r lemon,R. Lemon,1,20.0,0.0,6
person:gilberto levy,person:gilberto levy,Gilberto Levy,1,20.0,0.0,6
person:m rantala,person:m rantala,M. Rantala,1,20.0,0.0,6
person:r sullivan,person:r sullivan,R. Sullivan,1,20.0,0.0,6
person:annie swanepoel,person:annie swanepoel,Annie Swanepoel,1,20.0,0.0,6
person:t uchihara,person:t uchihara,T. Uchihara,1,20.0,0.0,6
person:c goetz,person:c goetz,C. Goetz,1,20.0,0.0,6
person:annina huser,person:annina huser,Annina Huser,1,19.0,0.0,2
person:eileen cler,person:eileen cler,Eileen Cler,1,19.0,0.0,2
person:r oostenveld,person:r oostenveld,R. Oostenveld,1,19.0,0.0,2
person:l larson prior,person:l larson prior,L. Larson-Prior,1,19.0,0.0,2
person:k ugurbil,person:k ugurbil,K. Uğurbil,1,19.0,0.0,2
person:d marcus,person:d marcus,D. Marcus,1,19.0,0.0,2
person:heather patsolic,person:heather patsolic,Heather G. Patsolic,1,19.0,0.0,2
person:j borseth,person:j borseth,J. Borseth,1,19.0,0.0,9
person:marie scott,person:marie scott,Marie E. Scott,1,19.0,0.0,9
person:derric williams,person:derric williams,Derric Williams,1,19.0,0.0,9
person:jed perkins,person:jed perkins,Jed Perkins,1,19.0,0.0,9
person:c own,person:c own,C. Own,1,19.0,0.0,9
person:m murfitt,person:m murfitt,M. Murfitt,1,19.0,0.0,9
person:d castelli,person:d castelli,D. Castelli,1,19.0,0.0,9
person:david reid,person:david reid,David Reid,1,19.0,0.0,9
person:colin farrell,person:colin farrell,Colin Farrell,1,19.0,0.0,9
person:thomas funck,person:thomas funck,Thomas Funck,1,19.0,0.0,5
person:gemma salvado,person:gemma salvado,Gemma Salvadó,1,19.0,0.0,5
person:gautam vallabha,person:gautam vallabha,Gautam K. Vallabha,1,19.0,0.0,2
person:martha cervantes,person:martha cervantes,Martha Cervantes,1,19.0,0.0,2
person:arun reddy,person:arun reddy,Arun V. Reddy,1,19.0,0.0,2
person:matthew roos,person:matthew roos,Matthew J. Roos,1,19.0,0.0,2
person:i wang,person:i wang,I-J. Wang,1,19.0,0.0,2
person:j hoffmann,person:j hoffmann,J. Hoffmann,1,19.0,0.0,2
person:l grosenick,person:l grosenick,L. Grosenick,1,19.0,0.0,2
person:p lonnerberg,person:p lonnerberg,P. Lönnerberg,1,19.0,0.0,7
person:a johnsson,person:a johnsson,A. Johnsson,1,19.0,0.0,7
person:fatima memic,person:fatima memic,Fatima Memic,1,19.0,0.0,7
person:j van der zwan,person:j van der zwan,J. van der Zwan,1,19.0,0.0,7
person:martin haring,person:martin haring,Martin Häring,1,19.0,0.0,7
person:emelie braun,person:emelie braun,Emelie Braun,1,19.0,0.0,7
person:lars borm,person:lars borm,Lars E. Borm,1,19.0,0.0,7
person:gioele la manno,person:gioele la manno,Gioele La Manno,1,19.0,0.0,7
person:simone codeluppi,person:simone codeluppi,Simone Codeluppi,1,19.0,0.0,7
person:alessandro furlan,person:alessandro furlan,Alessandro Furlan,1,19.0,0.0,7
person:j hjerling leffler,person:j hjerling leffler,J. Hjerling-Leffler,1,19.0,0.0,7
person:e arenas,person:e arenas,E. Arenas,1,19.0,0.0,7
person:p ernfors,person:p ernfors,P. Ernfors,1,19.0,0.0,7
person:ulrika marklund,person:ulrika marklund,Ulrika Marklund,1,19.0,0.0,7
person:s linnarsson,person:s linnarsson,S. Linnarsson,1,19.0,0.0,7
person:eder miguel,person:eder miguel,Eder Miguel,1,18.0,0.0,7
person:w jahr,person:w jahr,W. Jahr,1,18.0,0.0,7
person:johannes broichhagen,person:johannes broichhagen,Johannes Broichhagen,1,18.0,0.0,7
person:b bickel,person:b bickel,B. Bickel,1,18.0,0.0,7
person:g sarma,person:g sarma,G. Sarma,1,18.0,0.0,10
person:chee wai lee,person:chee wai lee,Chee Wai Lee,1,18.0,0.0,10
person:thomas portegys,person:thomas portegys,Thomas E. Portegys,1,18.0,0.0,10
person:vahid ghayoomie,person:vahid ghayoomie,Vahid Ghayoomie,1,18.0,0.0,10
person:travis jacobs,person:travis jacobs,Travis W. Jacobs,1,18.0,0.0,10
person:r gerkin,person:r gerkin,R. C. Gerkin,1,18.0,0.0,10
person:shane gingell,person:shane gingell,Shane Gingell,1,18.0,0.0,10
person:r gordon,person:r gordon,R. Gordon,1,18.0,0.0,10
person:ramin hasani,person:ramin hasani,Ramin M. Hasani,1,18.0,0.0,10
person:david lung,person:david lung,David Lung,1,18.0,0.0,10
person:mark watts,person:mark watts,Mark Watts,1,18.0,0.0,10
person:yixin zang,person:yixin zang,Yixin Zang,1,18.0,0.0,4
person:giovanni frighetto,person:giovanni frighetto,Giovanni Frighetto,1,18.0,0.0,4
person:roni hussein,person:roni hussein,Roni H. Hussein,1,18.0,0.0,4
person:aileen morris,person:aileen morris,Aileen Morris,1,18.0,0.0,4
person:felix zhou,person:felix zhou,Felix Y. Zhou,1,18.0,0.0,24
person:z marin,person:z marin,Z. Marin,1,18.0,0.0,24
person:c yapp,person:c yapp,C. Yapp,1,18.0,0.0,24
person:qiongjing zou,person:qiongjing zou,Qiongjing Zou,1,18.0,0.0,24
person:b nanes,person:b nanes,B. Nanes,1,18.0,0.0,24
person:s daetwyler,person:s daetwyler,S. Daetwyler,1,18.0,0.0,24
person:andrew jamieson,person:andrew jamieson,Andrew R. Jamieson,1,18.0,0.0,24
person:md torikul islam,person:md torikul islam,Md Torikul Islam,1,18.0,0.0,24
person:edward jenkins,person:edward jenkins,Edward Jenkins,1,18.0,0.0,24
person:g gihana,person:g gihana,G. Gihana,1,18.0,0.0,24
person:hazel borges,person:hazel borges,Hazel M. Borges,1,18.0,0.0,24
person:bo jui chang,person:bo jui chang,Bo-Jui Chang,1,18.0,0.0,24
person:andrew weems,person:andrew weems,Andrew D. Weems,1,18.0,0.0,24
person:sean morrison,person:sean morrison,Sean J. Morrison,1,18.0,0.0,24
person:p sorger,person:p sorger,P. Sorger,1,18.0,0.0,24
person:r fiolka,person:r fiolka,R. Fiolka,1,18.0,0.0,24
person:kevin dean,person:kevin dean,Kevin M. Dean,1,18.0,0.0,24
person:g danuser,person:g danuser,G. Danuser,1,18.0,0.0,24
person:d kleinfeld,person:d kleinfeld,D. Kleinfeld,1,18.0,0.0,6
person:p blinder,person:p blinder,P. Blinder,1,18.0,0.0,6
person:j kaufhold,person:j kaufhold,J. Kaufhold,1,18.0,0.0,6
person:kristina micheva,person:kristina micheva,Kristina D. Micheva,1,18.0,0.0,6
person:s prohaska,person:s prohaska,S. Prohaska,1,18.0,0.0,6
person:p tsai,person:p tsai,P. Tsai,1,18.0,0.0,6
person:qiming hu,person:qiming hu,Qiming Hu,1,18.0,0.0,0
person:sarada viswanathan,person:sarada viswanathan,Sarada Viswanathan,1,18.0,0.0,0
person:m williams,person:m williams,M. E. Williams,1,18.0,0.0,0
person:t stasevich,person:t stasevich,T. Stasevich,1,18.0,0.0,0
person:c speer,person:c speer,C. M. Speer,1,18.0,0.0,0
person:b pfeiffer,person:b pfeiffer,B. Pfeiffer,1,18.0,0.0,0
person:brian english,person:brian english,Brian P. English,1,18.0,0.0,0
person:teresa tian,person:teresa tian,Teresa Tian,1,18.0,0.0,0
person:j macklin,person:j macklin,J. Macklin,1,18.0,0.0,0
person:ronak patel,person:ronak patel,Ronak Patel,1,18.0,0.0,0
person:l looger,person:l looger,L. Looger,1,18.0,0.0,0
person:b mensh,person:b mensh,B. Mensh,1,18.0,0.0,1
person:alfred laugros,person:alfred laugros,Alfred Laugros,1,18.0,0.0,9
person:r schoonhoven,person:r schoonhoven,R. Schoonhoven,1,18.0,0.0,9
person:l pavlovic,person:l pavlovic,L. Pavlović,1,18.0,0.0,9
person:a hendriksen,person:a hendriksen,A. Hendriksen,1,18.0,0.0,9
person:mirko holler,person:mirko holler,Mirko Holler,1,18.0,0.0,9
person:adrian wanner,person:adrian wanner,Adrian A. Wanner,1,18.0,0.0,9
person:k batenburg,person:k batenburg,K. Batenburg,1,18.0,0.0,9
person:n vigano,person:n vigano,N. Vigano,1,18.0,0.0,9
person:j hoffer,person:j hoffer,J. Hoffer,1,18.0,0.0,1
person:adi suissa,person:adi suissa,Adi Suissa,1,18.0,0.0,1
person:eagon meng,person:eagon meng,Eagon Meng,1,18.0,0.0,1
person:heng tan,person:heng tan,Heng Tan,1,18.0,0.0,0
person:esmeralda tafani,person:esmeralda tafani,Esmeralda Tafani,1,18.0,0.0,2
person:d pauls,person:d pauls,D. Pauls,1,18.0,0.0,2
person:o mayseless,person:o mayseless,O. Mayseless,1,18.0,0.0,2
person:m strauch,person:m strauch,M. Strauch,1,18.0,0.0,2
person:denise weber,person:denise weber,Denise Weber,1,18.0,0.0,2
person:charalampos chrysovalantis chytoudis peroudis,person:charalampos chrysovalantis chytoudis peroudis,Charalampos-Chrysovalantis Chytoudis-Peroudis,1,18.0,0.0,2
person:t jovanic,person:t jovanic,T. Jovanic,1,18.0,0.0,2
person:astrid rohwedder,person:astrid rohwedder,Astrid Rohwedder,1,18.0,0.0,2
person:daniel goodwin,person:daniel goodwin,Daniel R. Goodwin,1,17.0,0.0,0
person:alex vaughan,person:alex vaughan,Alex G. Vaughan,1,17.0,0.0,0
person:daniel leible,person:daniel leible,Daniel Leible,1,17.0,0.0,0
person:shahar alon,person:shahar alon,Shahar Alon,1,17.0,0.0,0
person:annie cheng,person:annie cheng,Annie A. Cheng,1,17.0,0.0,0
person:andrew xue,person:andrew xue,Andrew G. Xue,1,17.0,0.0,0
person:a wassie,person:a wassie,A. Wassie,1,17.0,0.0,0
person:yosuke bando,person:yosuke bando,Yosuke Bando,1,17.0,0.0,0
person:atsushi kajita,person:atsushi kajita,Atsushi Kajita,1,17.0,0.0,0
person:george church,person:george church,George M. Church,1,17.0,0.0,0
person:richie kohman,person:richie kohman,Richie E. Kohman,1,17.0,0.0,0
person:karl marrett,person:karl marrett,Karl Marrett,1,17.0,0.0,0
person:chris choi,person:chris choi,Chris Choi,1,17.0,0.0,0
person:masood akram,person:masood akram,Masood A. Akram,1,17.0,0.0,0
person:qing xue,person:qing xue,Qing Xue,1,17.0,0.0,0
person:gabrielle magat,person:gabrielle magat,Gabrielle Magat,1,17.0,0.0,0
person:kathleen wijaya,person:kathleen wijaya,Kathleen Wijaya,1,17.0,0.0,0
person:jason cong,person:jason cong,Jason Cong,1,17.0,0.0,0
person:l rios,person:l rios,L. Rios,1,17.0,0.0,0
person:s ju,person:s ju,S. Ju,1,17.0,0.0,0
person:s yoon,person:s yoon,S. Yoon,1,17.0,0.0,0
person:masatoshi hirayama,person:masatoshi hirayama,Masatoshi Hirayama,1,17.0,0.0,0
person:l mure,person:l mure,L. S. Mure,1,17.0,0.0,0
person:megumi hatori,person:megumi hatori,Megumi Hatori,1,17.0,0.0,0
person:yangfan peng,person:yangfan peng,Yangfan Peng,1,17.0,0.0,17
person:antje bjelde,person:antje bjelde,Antje Bjelde,1,17.0,0.0,17
person:pau vilimelis aceituno,person:pau vilimelis aceituno,Pau Vilimelis Aceituno,1,17.0,0.0,17
person:f mittermaier,person:f mittermaier,F. X. Mittermaier,1,17.0,0.0,17
person:h planert,person:h planert,H. Planert,1,17.0,0.0,17
person:sabine grosser,person:sabine grosser,Sabine Grosser,1,17.0,0.0,17
person:julia onken,person:julia onken,Julia Onken,1,17.0,0.0,17
person:katharina faust,person:katharina faust,Katharina Faust,1,17.0,0.0,17
person:t kalbhenn,person:t kalbhenn,T. Kalbhenn,1,17.0,0.0,17
person:matthias simon,person:matthias simon,Matthias Simon,1,17.0,0.0,17
person:h radbruch,person:h radbruch,H. Radbruch,1,17.0,0.0,17
person:pawel fidzinski,person:pawel fidzinski,Pawel Fidzinski,1,17.0,0.0,17
person:dietmar schmitz,person:dietmar schmitz,Dietmar Schmitz,1,17.0,0.0,17
person:h alle,person:h alle,H. Alle,1,17.0,0.0,17
person:m holtkamp,person:m holtkamp,M. Holtkamp,1,17.0,0.0,17
person:imre vida,person:imre vida,Imre Vida,1,17.0,0.0,17
person:b grewe,person:b grewe,B. Grewe,1,17.0,0.0,17
person:p rossini,person:p rossini,P. Rossini,1,17.0,0.0,23
person:r iorio,person:r iorio,R. Iorio,1,17.0,0.0,23
person:m bentivoglio,person:m bentivoglio,M. Bentivoglio,1,17.0,0.0,23
person:g bertini,person:g bertini,G. Bertini,1,17.0,0.0,23
person:f ferreri,person:f ferreri,F. Ferreri,1,17.0,0.0,23
person:c gerloff,person:c gerloff,C. Gerloff,1,17.0,0.0,23
person:f miraglia,person:f miraglia,F. Miraglia,1,17.0,0.0,23
person:m nitsche,person:m nitsche,M. Nitsche,1,17.0,0.0,23
person:m rosanova,person:m rosanova,M. Rosanova,1,17.0,0.0,23
person:y shirota,person:y shirota,Y. Shirota,1,17.0,0.0,23
person:c tesoriero,person:c tesoriero,C. Tesoriero,1,17.0,0.0,23
person:y ugawa,person:y ugawa,Y. Ugawa,1,17.0,0.0,23
person:f vecchio,person:f vecchio,F. Vecchio,1,17.0,0.0,23
person:ulf ziemann,person:ulf ziemann,Ulf Ziemann,1,17.0,0.0,23
person:mark hallett,person:mark hallett,Mark Hallett,1,17.0,0.0,23
person:bobae an,person:bobae an,Bobae An,1,17.0,0.0,0
person:elizabeth zhang,person:elizabeth zhang,Elizabeth Zhang,1,17.0,0.0,0
person:panagiotis symvoulidis,person:panagiotis symvoulidis,Panagiotis Symvoulidis,1,17.0,0.0,0
person:li huei tsai,person:li huei tsai,Li-Huei Tsai,1,17.0,0.0,0
person:tiara lacey,person:tiara lacey,Tiara E Lacey,1,17.0,0.0,9
person:timothy musial,person:timothy musial,Timothy F. Musial,1,17.0,0.0,1
person:p popovici,person:p popovici,P. D. Popovici,1,17.0,0.0,3
person:arian jamasb,person:arian jamasb,Arian Jamasb,1,17.0,0.0,3
person:zhixi yun,person:zhixi yun,Zhixi Yun,1,17.0,0.0,0
person:mengzhu ou,person:mengzhu ou,Mengzhu Ou,1,17.0,0.0,0
person:jing rong,person:jing rong,Jing Rong,1,17.0,0.0,0
person:lei mao,person:lei mao,Lei Mao,1,17.0,0.0,0
person:yongping you,person:yongping you,Yongping You,1,17.0,0.0,0
person:chiyuan ma,person:chiyuan ma,Chiyuan Ma,1,17.0,0.0,0
person:ying mao,person:ying mao,Ying Mao,1,17.0,0.0,0
person:j guan,person:j guan,J. Guan,1,16.0,0.0,0
person:zheng yang,person:zheng yang,Zheng Yang,1,16.0,0.0,5
person:abdulraheem nashef,person:abdulraheem nashef,Abdulraheem Nashef,1,16.0,0.0,5
person:d arnold,person:d arnold,D. Arnold,1,16.0,0.0,5
person:jason christie,person:jason christie,Jason M. Christie,1,16.0,0.0,5
person:ruben gepner,person:ruben gepner,Ruben Gepner,1,16.0,0.0,2
person:marc gershow,person:marc gershow,Marc H. Gershow,1,16.0,0.0,2
person:siyan zhou,person:siyan zhou,Siyan Zhou,1,16.0,0.0,1
person:kamentsky,person:kamentsky,Kamentsky,1,16.0,0.0,1
person:r damoiseaux,person:r damoiseaux,R. Damoiseaux,1,16.0,0.0,0
person:sebi rolotti,person:sebi rolotti,Sebi V. Rolotti,1,16.0,0.0,4
person:miklos szoboszlay,person:miklos szoboszlay,Miklos Szoboszlay,1,16.0,0.0,4
person:eugenie peze heidsieck,person:eugenie peze heidsieck,Eugénie Pezé-Heidsieck,1,16.0,0.0,4
person:tiffany ming,person:tiffany ming,Tiffany Ming,1,16.0,0.0,4
person:a schroeder,person:a schroeder,A. Schroeder,1,16.0,0.0,4
person:a losonczy,person:a losonczy,A. Losonczy,1,16.0,0.0,4
person:nicki mohammadi,person:nicki mohammadi,Nicki Mohammadi,1,16.0,0.0,4
person:amelia antone,person:amelia antone,Amelia Antone,1,16.0,0.0,4
person:jordan wood,person:jordan wood,Jordan F. Wood,1,16.0,0.0,4
person:neda masoudi,person:neda masoudi,Neda Masoudi,1,16.0,0.0,4
person:yasmin ramadan,person:yasmin ramadan,Yasmin H. Ramadan,1,16.0,0.0,4
person:martin peek,person:martin peek,Martin Y. Peek,1,16.0,0.0,4
person:carmen morrow,person:carmen morrow,Carmen M. Morrow,1,16.0,0.0,4
person:jason polsky,person:jason polsky,Jason Polsky,1,16.0,0.0,4
person:shada alghailani,person:shada alghailani,Shada Alghailani,1,16.0,0.0,4
person:elizabeth reilly,person:elizabeth reilly,Elizabeth P. Reilly,1,16.0,0.0,2
person:conor linehan,person:conor linehan,Conor M. Linehan,1,16.0,0.0,8
person:jacob bauss,person:jacob bauss,Jacob Bauss,1,16.0,0.0,8
person:eunice yeo,person:eunice yeo,Eunice Yeo,1,16.0,0.0,8
person:sriram navuluri,person:sriram navuluri,Sriram Navuluri,1,16.0,0.0,8
person:nicole harris,person:nicole harris,Nicole B. Harris,1,16.0,0.0,8
person:chaiss matthews,person:chaiss matthews,Chaiss Matthews,1,16.0,0.0,8
person:m manookin,person:m manookin,M. Manookin,1,16.0,0.0,8
person:e litvina,person:e litvina,E. Litvina,1,16.0,0.0,2
person:amy adams,person:amy adams,Amy Adams,1,16.0,0.0,2
person:jason chung,person:jason chung,Jason E. Chung,1,16.0,0.0,2
person:k dupre,person:k dupre,K. Dupre,1,16.0,0.0,2
person:l frank,person:l frank,L. Frank,1,16.0,0.0,2
person:k gates,person:k gates,K. Gates,1,16.0,0.0,2
person:jeff william lichtman,person:jeff william lichtman,Jeff William Lichtman,1,16.0,0.0,2
person:khara ramos,person:khara ramos,Khara M. Ramos,1,16.0,0.0,2
person:samantha white,person:samantha white,Samantha White,1,16.0,0.0,2
person:w koroshetz,person:w koroshetz,W. Koroshetz,1,16.0,0.0,2
person:elliot thomsen,person:elliot thomsen,Elliot R. Thomsen,1,16.0,0.0,0
person:emma garren,person:emma garren,Emma J. Garren,1,16.0,0.0,0
person:brian long,person:brian long,Brian R. Long,1,16.0,0.0,0
person:jeremy miller,person:jeremy miller,Jeremy A. Miller,1,16.0,0.0,0
person:travis hage,person:travis hage,Travis A Hage,1,16.0,0.0,0
person:alice bosma moody,person:alice bosma moody,Alice Bosma-Moody,1,16.0,0.0,0
person:gabe murphy,person:gabe murphy,Gabe J. Murphy,1,16.0,0.0,0
person:boaz levi,person:boaz levi,Boaz P. Levi,1,16.0,0.0,0
person:j close,person:j close,J. Close,1,16.0,0.0,0
person:allison craig,person:allison craig,Allison Craig,1,16.0,0.0,13
person:m man,person:m man,M. Man,1,16.0,0.0,13
person:hengli duan,person:hengli duan,Hengli Duan,1,16.0,0.0,13
person:s dhesi,person:s dhesi,S. Dhesi,1,16.0,0.0,13
person:g karras,person:g karras,G. Karras,1,16.0,0.0,13
person:francesco maccherozzi,person:francesco maccherozzi,Francesco Maccherozzi,1,16.0,0.0,13
person:k dani,person:k dani,K. Dani,1,16.0,0.0,13
person:o saad,person:o saad,O. M’Saad,1,15.0,0.0,5
person:ravikiran kasula,person:ravikiran kasula,Ravikiran Kasula,1,15.0,0.0,5
person:i kondratiuk,person:i kondratiuk,I. Kondratiuk,1,15.0,0.0,5
person:phylicia kidd,person:phylicia kidd,Phylicia Kidd,1,15.0,0.0,5
person:h falahati,person:h falahati,H. Falahati,1,15.0,0.0,5
person:juliana gentile,person:juliana gentile,Juliana E. Gentile,1,15.0,0.0,5
person:robert niescier,person:robert niescier,Robert F. Niescier,1,15.0,0.0,5
person:r sterner,person:r sterner,R. Sterner,1,15.0,0.0,5
person:p de camilli,person:p de camilli,P. De Camilli,1,15.0,0.0,5
person:j rothman,person:j rothman,J. Rothman,1,15.0,0.0,5
person:a koleske,person:a koleske,A. Koleske,1,15.0,0.0,5
person:marcus mazzaferri,person:marcus mazzaferri,Marcus A. Mazzaferri,1,15.0,0.0,8
person:rodrigo gonzales rojas,person:rodrigo gonzales rojas,Rodrigo Gonzales-Rojas,1,15.0,0.0,8
person:ashley roland,person:ashley roland,Ashley Roland,1,15.0,0.0,8
person:c tang,person:c tang,C. Tang,1,15.0,0.0,8
person:a chuang,person:a chuang,A. Chuang,1,15.0,0.0,8
person:emma yang,person:emma yang,Emma Yang,1,15.0,0.0,1
person:mona wang,person:mona wang,Mona D. Wang,1,15.0,0.0,1
person:brandon drescher,person:brandon drescher,Brandon Drescher,1,15.0,0.0,1
person:p katz,person:p katz,P. Katz,1,15.0,0.0,1
person:andrew chisholm,person:andrew chisholm,Andrew D. Chisholm,1,15.0,0.0,1
person:hana stefanickova,person:hana stefanickova,Hana Štefaničková,1,15.0,0.0,7
person:n amberg,person:n amberg,N. Amberg,1,15.0,0.0,7
person:r hoftberger,person:r hoftberger,R. Höftberger,1,15.0,0.0,7
person:yongchao xu,person:yongchao xu,Yongchao Xu,1,15.0,0.0,0
person:kai yang,person:kai yang,Kai Yang,1,15.0,0.0,0
person:xinyi pan,person:xinyi pan,Xinyi Pan,1,15.0,0.0,0
person:ruyi wen,person:ruyi wen,Ruyi Wen,1,15.0,0.0,0
person:haotian xie,person:haotian xie,Haotian Xie,1,15.0,0.0,0
person:a guo,person:a guo,A. Guo,1,15.0,0.0,0
person:laurin buld,person:laurin buld,Laurin Büld,1,15.0,0.0,3
person:maria theiss,person:maria theiss,Maria Theiss,1,15.0,0.0,3
person:tatevik sarkissian,person:tatevik sarkissian,Tatevik Sarkissian,1,15.0,0.0,3
person:willem laursen,person:willem laursen,Willem J. Laursen,1,15.0,0.0,3
person:p garrity,person:p garrity,P. Garrity,1,15.0,0.0,3
person:janelia flyem project team,person:janelia flyem project team,Janelia FlyEM Project Team,1,15.0,0.0,3
person:v ravi,person:v ravi,V. Ravi,1,15.0,0.0,6
person:c galanis,person:c galanis,C. Galanis,1,15.0,0.0,6
person:n neidert,person:n neidert,N. Neidert,1,15.0,0.0,6
person:a el rahal,person:a el rahal,A. El Rahal,1,15.0,0.0,6
person:i vasilikos,person:i vasilikos,I. Vasilikos,1,15.0,0.0,6
person:p kellmeyer,person:p kellmeyer,P. Kellmeyer,1,15.0,0.0,6
person:c scheiwe,person:c scheiwe,C. Scheiwe,1,15.0,0.0,6
person:j klingler,person:j klingler,J. Klingler,1,15.0,0.0,6
person:c fung,person:c fung,C. Fung,1,15.0,0.0,6
person:o schnell,person:o schnell,O. Schnell,1,15.0,0.0,6
person:b michels,person:b michels,B. Michels,1,15.0,0.0,2
person:roland biernacki,person:roland biernacki,Roland Biernacki,1,15.0,0.0,2
person:jeanette thum,person:jeanette thum,Jeanette Thum,1,15.0,0.0,2
person:r glasgow,person:r glasgow,R. D. Glasgow,1,15.0,0.0,2
person:r stocker,person:r stocker,R. Stocker,1,15.0,0.0,2
person:naoko toshima,person:naoko toshima,Naoko Toshima,1,15.0,0.0,2
person:t tanimura,person:t tanimura,T. Tanimura,1,15.0,0.0,2
person:g arias gil,person:g arias gil,G. Arias-Gil,1,15.0,0.0,2
person:manuela marescotti,person:manuela marescotti,Manuela Marescotti,1,15.0,0.0,2
person:f benfenati,person:f benfenati,F. Benfenati,1,15.0,0.0,2
person:a barth maron,person:a barth maron,A. Barth-Maron,1,15.0,0.0,3
person:ken nakae,person:ken nakae,Ken Nakae,1,15.0,0.0,18
person:hiroshi abe,person:hiroshi abe,Hiroshi Abe,1,15.0,0.0,18
person:n ichinohe,person:n ichinohe,N. Ichinohe,1,15.0,0.0,18
person:m rachmadi,person:m rachmadi,M. F. Rachmadi,1,15.0,0.0,18
person:masafumi takaji,person:masafumi takaji,Masafumi Takaji,1,15.0,0.0,18
person:hiroaki mizukami,person:hiroaki mizukami,Hiroaki Mizukami,1,15.0,0.0,18
person:rui gong,person:rui gong,Rui Gong,1,15.0,0.0,18
person:ning zhong,person:ning zhong,Ning Zhong,1,15.0,0.0,0
person:r chai,person:r chai,R. Chai,1,15.0,0.0,0
person:xiangfeng luo,person:xiangfeng luo,Xiangfeng Luo,1,15.0,0.0,0
person:zhongze gu,person:zhongze gu,Zhongze Gu,1,15.0,0.0,0
person:wei xie,person:wei xie,Wei Xie,1,15.0,0.0,0
person:benjamin clark,person:benjamin clark,Benjamin Clark,1,14.0,0.0,2
person:ying luan,person:ying luan,Ying Luan,1,14.0,0.0,0
person:qi huang,person:qi huang,Qi Huang,1,14.0,0.0,0
person:jana nussbaumer,person:jana nussbaumer,Jana Nussbaumer,1,14.0,0.0,0
person:anna steward,person:anna steward,Anna Steward,1,14.0,0.0,0
person:sebastian roemer cassiano,person:sebastian roemer cassiano,Sebastian N. Roemer-Cassiano,1,14.0,0.0,0
person:m scholl,person:m scholl,M. Schöll,1,14.0,0.0,0
person:ruiqing ni,person:ruiqing ni,Ruiqing Ni,1,14.0,0.0,0
person:urte neniskyte,person:urte neniskyte,Urte Neniskyte,1,14.0,0.0,29
person:ugne kuliesiute,person:ugne kuliesiute,Ugne Kuliesiute,1,14.0,0.0,29
person:auguste vadisiute,person:auguste vadisiute,Auguste Vadisiute,1,14.0,0.0,29
person:kristina jevdokimenko,person:kristina jevdokimenko,Kristina Jevdokimenko,1,14.0,0.0,29
person:l coletta,person:l coletta,L. Coletta,1,14.0,0.0,29
person:senthilkumar deivasigamani,person:senthilkumar deivasigamani,Senthilkumar Deivasigamani,1,14.0,0.0,29
person:daina pamedytyte,person:daina pamedytyte,Daina Pamedytyte,1,14.0,0.0,29
person:neringa daugelaviciene,person:neringa daugelaviciene,Neringa Daugelaviciene,1,14.0,0.0,29
person:d dabkeviciene,person:d dabkeviciene,D. Dabkevičienė,1,14.0,0.0,29
person:e perlas,person:e perlas,E. Perlas,1,14.0,0.0,29
person:aditya bali,person:aditya bali,Aditya Bali,1,14.0,0.0,29
person:b basilico,person:b basilico,B. Basilico,1,14.0,0.0,29
person:a gozzi,person:a gozzi,A. Gozzi,1,14.0,0.0,29
person:d ragozzino,person:d ragozzino,D. Ragozzino,1,14.0,0.0,29
person:c gross,person:c gross,C. Gross,1,14.0,0.0,29
person:qingxiao liang,person:qingxiao liang,Qingxiao Liang,1,14.0,0.0,0
person:daniel sanculi,person:daniel sanculi,Daniel Sanculi,1,14.0,0.0,11
person:katy pannoni,person:katy pannoni,Katy E. Pannoni,1,14.0,0.0,11
person:michael crump,person:michael crump,Michael G. Crump,1,14.0,0.0,11
person:michelle sung,person:michelle sung,Michelle Sung,1,14.0,0.0,11
person:vyoma popat,person:vyoma popat,Vyoma Popat,1,14.0,0.0,11
person:camilia zaher,person:camilia zaher,Camilia Zaher,1,14.0,0.0,11
person:emma hicks,person:emma hicks,Emma Hicks,1,14.0,0.0,11
person:nikan mofakham,person:nikan mofakham,Nikan Mofakham,1,14.0,0.0,11
person:peining li,person:peining li,Peining Li,1,14.0,0.0,11
person:evangelos antzoulatos,person:evangelos antzoulatos,Evangelos G. Antzoulatos,1,14.0,0.0,11
person:diasynou fioravante,person:diasynou fioravante,Diasynou Fioravante,1,14.0,0.0,11
person:w debello,person:w debello,W. DeBello,1,14.0,0.0,11
person:najla masoodpanah,person:najla masoodpanah,Najla Masoodpanah,1,14.0,0.0,1
person:kaitlyn boone,person:kaitlyn boone,Kaitlyn N. Boone,1,14.0,0.0,9
person:marryn bennett,person:marryn bennett,Marryn M. Bennett,1,14.0,0.0,9
person:kaleb hatch,person:kaleb hatch,Kaleb Hatch,1,14.0,0.0,9
person:raven allen,person:raven allen,Raven F. Allen,1,14.0,0.0,9
person:alec phelps,person:alec phelps,Alec M. Phelps,1,14.0,0.0,9
person:philip mardoum,person:philip mardoum,Philip Mardoum,1,14.0,0.0,6
person:joshua hahn,person:joshua hahn,Joshua Hahn,1,14.0,0.0,6
person:yvonne kolsch,person:yvonne kolsch,Yvonne Kölsch,1,14.0,0.0,6
person:florence orazi,person:florence orazi,Florence D. D'Orazi,1,14.0,0.0,6
person:sachihiro suzuki,person:sachihiro suzuki,Sachihiro C. Suzuki,1,14.0,0.0,6
person:leanne godinho,person:leanne godinho,Leanne Godinho,1,14.0,0.0,6
person:owen lawrence,person:owen lawrence,Owen T. Lawrence,1,14.0,0.0,6
person:k shekhar,person:k shekhar,K. Shekhar,1,14.0,0.0,6
person:t yoshimatsu,person:t yoshimatsu,T. Yoshimatsu,1,14.0,0.0,6
person:d demill,person:d demill,D. DeMill,1,14.0,0.0,8
person:b peterson,person:b peterson,B. Peterson,1,14.0,0.0,8
person:j crook,person:j crook,J. Crook,1,14.0,0.0,8
person:f robinson,person:f robinson,F. Robinson,1,14.0,0.0,8
person:paul gamlin,person:paul gamlin,Paul D. Gamlin,1,14.0,0.0,8
person:k yau,person:k yau,K. Yau,1,14.0,0.0,8
person:f viana,person:f viana,F. Viana,1,14.0,0.0,8
person:p detwiler,person:p detwiler,P. Detwiler,1,14.0,0.0,8
person:a bouin,person:a bouin,A. Bouin,1,14.0,0.0,0
person:orkide koyuncu,person:orkide koyuncu,Orkide O. Koyuncu,1,14.0,0.0,0
person:qiao ye,person:qiao ye,Qiao Ye,1,14.0,0.0,0
person:michele wu,person:michele wu,Michele Y. Wu,1,14.0,0.0,0
person:liqi tong,person:liqi tong,Liqi Tong,1,14.0,0.0,0
person:r ramachandra,person:r ramachandra,R. Ramachandra,1,14.0,0.0,0
person:todd holmes,person:todd holmes,Todd C. Holmes,1,14.0,0.0,0
person:bert semler,person:bert semler,Bert L. Semler,1,14.0,0.0,0
person:d bennett,person:d bennett,D. Bennett,1,14.0,0.0,1
person:w park,person:w park,W. Park,1,14.0,0.0,1
person:aubrey weigel,person:aubrey weigel,Aubrey V. Weigel,1,14.0,0.0,1
person:s asinof,person:s asinof,S. Asinof,1,14.0,0.0,3
person:m petkova,person:m petkova,M. Petkova,1,14.0,0.0,1
person:zergham ahmed,person:zergham ahmed,Zergham Ahmed,1,14.0,0.0,1
person:k krishnaswaroop,person:k krishnaswaroop,K. KrishnaSwaroop,1,14.0,0.0,1
person:silin zou,person:silin zou,Silin Zou,1,14.0,0.0,1
person:n wendt,person:n wendt,N. Wendt,1,14.0,0.0,1
person:jason mcewen,person:jason mcewen,Jason M McEwen,1,14.0,0.0,4
person:w tadros,person:w tadros,W. Tadros,1,14.0,0.0,4
person:m morey,person:m morey,M. Morey,1,14.0,0.0,4
person:sakina lemieux,person:sakina lemieux,Sakina P. Lemieux,1,14.0,0.0,0
person:denise pritchard,person:denise pritchard,Denise R. Pritchard,1,14.0,0.0,0
person:brandon toyama,person:brandon toyama,Brandon Toyama,1,14.0,0.0,0
person:sung kyu park,person:sung kyu park,Sung Kyu R. Park,1,14.0,0.0,0
person:daniel mcclatchy,person:daniel mcclatchy,Daniel B. McClatchy,1,14.0,0.0,0
person:m whitney,person:m whitney,M. Whitney,1,14.0,0.0,0
person:stephen adams,person:stephen adams,Stephen R Adams,1,14.0,0.0,0
person:john yates,person:john yates,John R. Yates,1,14.0,0.0,0
person:g millburn,person:g millburn,G. Millburn,1,14.0,0.0,10
person:alex holmes,person:alex holmes,Alex Holmes,1,14.0,0.0,10
person:aoife larkin,person:aoife larkin,Aoife Larkin,1,14.0,0.0,10
person:n matentzoglu,person:n matentzoglu,N. Matentzoglu,1,14.0,0.0,10
person:huseyin kir,person:huseyin kir,Hüseyin Kir,1,14.0,0.0,10
person:helen parkinson,person:helen parkinson,Helen E. Parkinson,1,14.0,0.0,10
person:shengdian jiang,person:shengdian jiang,Shengdian Jiang,1,13.0,0.0,0
person:yi rong,person:yi rong,Yi Rong,1,13.0,0.0,0
person:tinggeng lai,person:tinggeng lai,Tinggeng Lai,1,13.0,0.0,0
person:xin niu,person:xin niu,Xin Niu,1,13.0,0.0,0
person:fengtao xiang,person:fengtao xiang,Fengtao Xiang,1,13.0,0.0,0
person:yaxin su,person:yaxin su,Yaxin Su,1,13.0,0.0,1
person:jeff carter,person:jeff carter,Jeff Carter,1,13.0,0.0,1
person:s lynch,person:s lynch,S. Lynch,1,13.0,0.0,1
person:d schneider,person:d schneider,D. Schneider,1,13.0,0.0,1
person:shashi gupta,person:shashi gupta,Shashi Gupta,1,13.0,0.0,1
person:n janjic,person:n janjic,N. Janjić,1,13.0,0.0,1
person:christoph giez,person:christoph giez,Christoph Giez,1,13.0,0.0,2
person:l dekens,person:l dekens,L. Dekens,1,13.0,0.0,2
person:james di frisco,person:james di frisco,James Di Frisco,1,13.0,0.0,2
person:nils ceberg,person:nils ceberg,Nils Ceberg,1,13.0,0.0,31
person:atticus pinzon rodriguez,person:atticus pinzon rodriguez,Atticus Pinzon-Rodriguez,1,13.0,0.0,31
person:ebba sundberg gunnarsson,person:ebba sundberg gunnarsson,Ebba Sundberg Gunnarsson,1,13.0,0.0,31
person:felicia szadaj,person:felicia szadaj,Felicia Szadaj,1,13.0,0.0,31
person:saroja ellendula,person:saroja ellendula,Saroja Ellendula,1,13.0,0.0,31
person:anna honkanen,person:anna honkanen,Anna Honkanen,1,13.0,0.0,31
person:ajay narendra,person:ajay narendra,Ajay Narendra,1,13.0,0.0,31
person:wenjun su,person:wenjun su,Wenjun Su,1,13.0,0.0,0
person:huiru cui,person:huiru cui,Huiru Cui,1,13.0,0.0,0
person:d yao,person:d yao,D. Yao,1,13.0,0.0,0
person:c luo,person:c luo,C. Luo,1,13.0,0.0,0
person:michael cerullo,person:michael cerullo,Michael A. Cerullo,1,13.0,0.0,11
person:navid farahani,person:navid farahani,Navid Farahani,1,13.0,0.0,11
person:jordan sparks,person:jordan sparks,Jordan S. Sparks,1,13.0,0.0,11
person:taurus londono,person:taurus londono,Taurus Londono,1,13.0,0.0,11
person:s dziennis,person:s dziennis,S. Dziennis,1,13.0,0.0,11
person:joao pedro de magalhaes,person:joao pedro de magalhaes,João Pedro de Magalhães,1,13.0,0.0,11
person:w cho,person:w cho,W. Cho,1,13.0,0.0,11
person:r perry,person:r perry,R. M. Perry,1,13.0,0.0,11
person:max more,person:max more,Max More,1,13.0,0.0,11
person:tom bocklisch,person:tom bocklisch,Tom Bocklisch,1,13.0,0.0,6
person:dominic braunlein,person:dominic braunlein,Dominic Bräunlein,1,13.0,0.0,6
person:johannes frohnhofen,person:johannes frohnhofen,Johannes Frohnhofen,1,13.0,0.0,6
person:tom herold,person:tom herold,Tom Herold,1,13.0,0.0,6
person:philipp otto,person:philipp otto,Philipp Otto,1,13.0,0.0,6
person:thomas werkmeister,person:thomas werkmeister,Thomas Werkmeister,1,13.0,0.0,6
person:d werner,person:d werner,D. Werner,1,13.0,0.0,6
person:georg wiese,person:georg wiese,Georg Wiese,1,13.0,0.0,6
person:hana korinkova,person:hana korinkova,Hana Korinkova,1,13.0,0.0,7
person:a tomkins,person:a tomkins,A. Tomkins,1,13.0,0.0,0
person:wesley bruning,person:wesley bruning,Wesley Bruning,1,13.0,0.0,0
person:allison fenichel,person:allison fenichel,Allison L. Fenichel,1,13.0,0.0,0
person:dorian florescu,person:dorian florescu,Dorian Florescu,1,13.0,0.0,0
person:carlos luna ortiz,person:carlos luna ortiz,Carlos Luna Ortiz,1,13.0,0.0,0
person:p richmond,person:p richmond,P. Richmond,1,13.0,0.0,0
person:d coca,person:d coca,D. Coca,1,13.0,0.0,0
person:junqian qi,person:junqian qi,Junqian Qi,1,13.0,0.0,0
person:guoqing li,person:guoqing li,Guoqing Li,1,13.0,0.0,0
person:yu kong,person:yu kong,Yu Kong,1,13.0,0.0,0
person:adam bloniarz,person:adam bloniarz,Adam E. Bloniarz,1,13.0,0.0,4
person:maksim yakovlev,person:maksim yakovlev,Maksim A. Yakovlev,1,13.0,0.0,4
person:j duerr,person:j duerr,J. Duerr,1,13.0,0.0,4
person:anuradha bhukel,person:anuradha bhukel,Anuradha Bhukel,1,13.0,0.0,4
person:v pandey,person:v pandey,V. Pandey,1,13.0,0.0,4
person:harry bevir,person:harry bevir,Harry Bevir,1,13.0,0.0,4
person:ashley yuen,person:ashley yuen,Ashley Yuen,1,13.0,0.0,4
person:peiyi guo,person:peiyi guo,Peiyi Guo,1,13.0,0.0,4
person:james wohlschlegel,person:james wohlschlegel,James A. Wohlschlegel,1,13.0,0.0,4
person:hope morrison,person:hope morrison,Hope Morrison,1,13.0,0.0,8
person:m kondo,person:m kondo,M. Kondo,1,13.0,0.0,8
person:h terasaki,person:h terasaki,H. Terasaki,1,13.0,0.0,8
person:octavian bucur,person:octavian bucur,Octavian Bucur,1,13.0,0.0,15
person:humayun irshad,person:humayun irshad,Humayun Irshad,1,13.0,0.0,15
person:astrid weins,person:astrid weins,Astrid Weins,1,13.0,0.0,15
person:a stancu,person:a stancu,A. Stancu,1,13.0,0.0,15
person:e oh,person:e oh,E. Oh,1,13.0,0.0,15
person:marcello distasio,person:marcello distasio,Marcello DiStasio,1,13.0,0.0,15
person:v torous,person:v torous,V. Torous,1,13.0,0.0,15
person:b glass,person:b glass,B. Glass,1,13.0,0.0,15
person:i stillman,person:i stillman,I. Stillman,1,13.0,0.0,15
person:s schnitt,person:s schnitt,S. Schnitt,1,13.0,0.0,15
person:andrew beck,person:andrew beck,Andrew H. Beck,1,13.0,0.0,15
person:samuel smukowski,person:samuel smukowski,Samuel N. Smukowski,1,13.0,0.0,4
person:jeroen vanderlinden,person:jeroen vanderlinden,Jeroen Vanderlinden,1,13.0,0.0,4
person:vasily rybakin,person:vasily rybakin,Vasily Rybakin,1,13.0,0.0,4
person:jolijn ten bos,person:jolijn ten bos,Jolijn ten Bos,1,13.0,0.0,4
person:laura trobiani,person:laura trobiani,Laura Trobiani,1,13.0,0.0,4
person:s portegies,person:s portegies,S. Portegies,1,13.0,0.0,4
person:natalia gounko,person:natalia gounko,Natalia V. Gounko,1,13.0,0.0,4
person:d comoletti,person:d comoletti,D. Comoletti,1,13.0,0.0,4
person:keimpe wierda,person:keimpe wierda,Keimpe D. Wierda,1,13.0,0.0,4
person:s bayona,person:s bayona,S. Bayona,1,12.0,0.0,32
person:juan brito,person:juan brito,Juan P. Brito,1,12.0,0.0,32
person:maria cuevas,person:maria cuevas,María Cuevas,1,12.0,0.0,32
person:i fernaud,person:i fernaud,I. Fernaud,1,12.0,0.0,32
person:j garcia cantero,person:j garcia cantero,J. J. Garcia-Cantero,1,12.0,0.0,32
person:f quevedo,person:f quevedo,F. Quevedo,1,12.0,0.0,32
person:s mata,person:s mata,S. Mata,1,12.0,0.0,32
person:angel rodriguez,person:angel rodriguez,Angel Rodríguez,1,12.0,0.0,32
person:ana zdravkovic,person:ana zdravkovic,Ana Zdravković,1,12.0,0.0,32
person:nathalie agudelo duenas,person:nathalie agudelo duenas,Nathalie Agudelo Dueñas,1,12.0,0.0,7
person:m noorman,person:m noorman,M. Noorman,1,12.0,0.0,1
person:chuntao dan,person:chuntao dan,Chuntao Dan,1,12.0,0.0,1
person:a hermundstad,person:a hermundstad,A. Hermundstad,1,12.0,0.0,1
person:morgan endreson,person:morgan endreson,Morgan L Endreson,1,12.0,0.0,4
person:p ronchi,person:p ronchi,P. Ronchi,1,12.0,0.0,7
person:edoardo imprima,person:edoardo imprima,Edoardo D’Imprima,1,12.0,0.0,7
person:benedikt best,person:benedikt best,Benedikt T. Best,1,12.0,0.0,7
person:lucia cassella,person:lucia cassella,Lucia Cassella,1,12.0,0.0,7
person:sebastian schnorrenberg,person:sebastian schnorrenberg,Sebastian Schnorrenberg,1,12.0,0.0,7
person:m montero,person:m montero,M. G. Montero,1,12.0,0.0,7
person:m jechlinger,person:m jechlinger,M. Jechlinger,1,12.0,0.0,7
person:a ephrussi,person:a ephrussi,A. Ephrussi,1,12.0,0.0,7
person:m leptin,person:m leptin,M. Leptin,1,12.0,0.0,7
person:j mahamid,person:j mahamid,J. Mahamid,1,12.0,0.0,7
person:y schwab,person:y schwab,Y. Schwab,1,12.0,0.0,7
person:taryn rodman,person:taryn rodman,Taryn M. Rodman,1,12.0,0.0,8
person:j spaltenstein,person:j spaltenstein,J. Spaltenstein,1,12.0,0.0,8
person:kannan uv,person:kannan uv,Kannan Uv,1,12.0,0.0,8
person:n agudelo,person:n agudelo,N. Agudelo,1,12.0,0.0,7
person:nicholas chua,person:nicholas chua,Nicholas J. Chua,1,12.0,0.0,1
person:pat gunn anastasia makarova,person:pat gunn anastasia makarova,Pat Gunn ... Anastasia A Makarova,1,12.0,0.0,1
person:s villani,person:s villani,S. Villani,1,12.0,0.0,1
person:ben cohen,person:ben cohen,Ben Cohen,1,12.0,0.0,1
person:myisha thasin,person:myisha thasin,Myisha Thasin,1,12.0,0.0,1
person:deena shefter,person:deena shefter,Deena Shefter,1,12.0,0.0,1
person:alex chen,person:alex chen,Alex B. Chen,1,12.0,0.0,41
person:marc duque,person:marc duque,Marc Duque,1,12.0,0.0,41
person:v wang,person:v wang,V. M. Wang,1,12.0,0.0,41
person:mahalakshmi dhanasekar,person:mahalakshmi dhanasekar,Mahalakshmi Dhanasekar,1,12.0,0.0,41
person:xuelong mi,person:xuelong mi,Xuelong Mi,1,12.0,0.0,41
person:altyn rymbek,person:altyn rymbek,Altyn Rymbek,1,12.0,0.0,41
person:loeva tocquer,person:loeva tocquer,Loeva Tocquer,1,12.0,0.0,41
person:sujatha narayan,person:sujatha narayan,Sujatha Narayan,1,12.0,0.0,41
person:d prober,person:d prober,D. Prober,1,12.0,0.0,41
person:guoqiang yu,person:guoqiang yu,Guoqiang Yu,1,12.0,0.0,41
person:claire wyart,person:claire wyart,Claire Wyart,1,12.0,0.0,41
person:hope ab johnstun,person:hope ab johnstun,Hope AB Johnstun,1,12.0,0.0,8
person:alexis houser,person:alexis houser,Alexis R. Houser,1,12.0,0.0,8
person:morgan enderson,person:morgan enderson,Morgan L. Enderson,1,12.0,0.0,4
person:m texada,person:m texada,M. Texada,1,12.0,0.0,2
person:m peters,person:m peters,M. Peters,1,12.0,0.0,2
person:haluk lacin,person:haluk lacin,Haluk Lacin,1,12.0,0.0,2
person:nick polizos,person:nick polizos,Nick Polizos,1,12.0,0.0,2
person:stephanie dancausse,person:stephanie dancausse,Stephanie Dancausse,1,12.0,0.0,2
person:anastasiia evans,person:anastasiia evans,Anastasiia Evans,1,12.0,0.0,2
person:anna verbe,person:anna verbe,Anna Verbe,1,12.0,0.0,2
person:m klein,person:m klein,M. Klein,1,12.0,0.0,2
person:rizwanul haque,person:rizwanul haque,Rizwanul Haque,1,12.0,0.0,4
person:hagar setty,person:hagar setty,Hagar Setty,1,12.0,0.0,4
person:ramiro lorenzo,person:ramiro lorenzo,Ramiro Lorenzo,1,12.0,0.0,4
person:gil stelzer,person:gil stelzer,Gil Stelzer,1,12.0,0.0,4
person:r rotkopf,person:r rotkopf,R. Rotkopf,1,12.0,0.0,4
person:shiraz nir halber,person:shiraz nir halber,Shiraz Nir Halber,1,12.0,0.0,4
person:patrick laurent,person:patrick laurent,Patrick Laurent,1,12.0,0.0,4
person:rupasri chalavadi,person:rupasri chalavadi,Rupasri Chalavadi,1,12.0,0.0,2
person:joey chan,person:joey chan,Joey Chan,1,12.0,0.0,2
person:sheel tanna,person:sheel tanna,Sheel Tanna,1,12.0,0.0,2
person:nathanael kuo,person:nathanael kuo,Nathanael Kuo,1,12.0,0.0,2
person:xiaofen zong,person:xiaofen zong,Xiaofen Zong,1,12.0,0.0,0
person:simeng ma,person:simeng ma,Simeng Ma,1,12.0,0.0,0
person:lijun kang,person:lijun kang,Lijun Kang,1,12.0,0.0,0
person:n zhang,person:n zhang,N. Zhang,1,12.0,0.0,0
person:l lv,person:l lv,L. Lv,1,12.0,0.0,0
person:deen sang,person:deen sang,Deen Sang,1,12.0,0.0,0
person:shenhong weng,person:shenhong weng,Shenhong Weng,1,12.0,0.0,0
person:junjie zheng,person:junjie zheng,Junjie Zheng,1,12.0,0.0,0
person:dhuruva priyan gowri mariyappan,person:dhuruva priyan gowri mariyappan,Dhuruva Priyan Gowri Mariyappan,1,12.0,0.0,7
person:ioannis magkanaris,person:ioannis magkanaris,Ioannis Magkanaris,1,12.0,0.0,7
person:t shomrat,person:t shomrat,T. Shomrat,1,12.0,0.0,1
person:adi shaked,person:adi shaked,Adi Shaked,1,12.0,0.0,1
person:j andersson,person:j andersson,J. Andersson,1,12.0,0.0,5
person:j hutter,person:j hutter,J. Hutter,1,12.0,0.0,5
person:a makropoulos,person:a makropoulos,A. Makropoulos,1,12.0,0.0,5
person:e hughes,person:e hughes,E. Hughes,1,12.0,0.0,5
person:d rueckert,person:d rueckert,D. Rueckert,1,12.0,0.0,5
person:s victor,person:s victor,S. Victor,1,12.0,0.0,5
person:m rutherford,person:m rutherford,M. Rutherford,1,12.0,0.0,5
person:d edwards,person:d edwards,D. Edwards,1,12.0,0.0,5
person:t jacques donald,person:t jacques donald,T. Jacques-Donald,1,12.0,0.0,5
person:j hajnal,person:j hajnal,J. Hajnal,1,12.0,0.0,5
person:tom pettini,person:tom pettini,Tom Pettini,1,12.0,0.0,2
person:athene knufer,person:athene knufer,Athene Knüfer,1,12.0,0.0,2
person:aref arzan zarin,person:aref arzan zarin,Aref Arzan Zarin,1,12.0,0.0,2
person:maud gratuze,person:maud gratuze,Maud Gratuze,1,11.0,0.0,12
person:david holtzman,person:david holtzman,David M. Holtzman,1,11.0,0.0,12
person:f scala,person:f scala,F. Scala,1,11.0,0.0,6
person:d kobak,person:d kobak,D. Kobak,1,11.0,0.0,6
person:p johnsson,person:p johnsson,P. Johnsson,1,11.0,0.0,6
person:r cotton,person:r cotton,R. Cotton,1,11.0,0.0,6
person:r sandberg,person:r sandberg,R. Sandberg,1,11.0,0.0,6
person:a wehn,person:a wehn,A. Wehn,1,11.0,0.0,12
person:lucia rodriguez,person:lucia rodriguez,Lucia Rodriguez,1,11.0,0.0,12
person:hanyi jiang,person:hanyi jiang,Hanyi Jiang,1,11.0,0.0,12
person:cornelia niemann,person:cornelia niemann,Cornelia Niemann,1,11.0,0.0,12
person:andrey klymchenko,person:andrey klymchenko,Andrey S. Klymchenko,1,11.0,0.0,12
person:n plesnila,person:n plesnila,N. Plesnila,1,11.0,0.0,12
person:thomas muller reichert,person:thomas muller reichert,Thomas Müller-Reichert,1,11.0,0.0,12
person:i khalin,person:i khalin,I. Khalin,1,11.0,0.0,12
person:tzumin lee,person:tzumin lee,Tzumin Lee,1,11.0,0.0,1
person:harry songhurst,person:harry songhurst,Harry Songhurst,1,11.0,0.0,0
person:r hutchings,person:r hutchings,R. Hutchings,1,11.0,0.0,0
person:a weston,person:a weston,A. Weston,1,11.0,0.0,0
person:s hindmarsh,person:s hindmarsh,S. Hindmarsh,1,11.0,0.0,0
person:chris lintott,person:chris lintott,Chris Lintott,1,11.0,0.0,0
person:na guan,person:na guan,Na N. Guan,1,11.0,0.0,0
person:elin dahlberg,person:elin dahlberg,Elin Dahlberg,1,11.0,0.0,0
person:irene pallucchi,person:irene pallucchi,Irene Pallucchi,1,11.0,0.0,0
person:a el manira,person:a el manira,A. El Manira,1,11.0,0.0,0
person:sahabuddin ahmed,person:sahabuddin ahmed,Sahabuddin Ahmed,1,11.0,0.0,5
person:baruh polis,person:baruh polis,Baruh Polis,1,11.0,0.0,5
person:s jamwal,person:s jamwal,S. Jamwal,1,11.0,0.0,5
person:b sanganahalli,person:b sanganahalli,B. Sanganahalli,1,11.0,0.0,5
person:zoe macdowell kaswan,person:zoe macdowell kaswan,Zoë A. MacDowell Kaswan,1,11.0,0.0,5
person:rafiad islam,person:rafiad islam,Rafiad Islam,1,11.0,0.0,5
person:christian bowers,person:christian bowers,Christian Bowers,1,11.0,0.0,5
person:lauryn giuliano,person:lauryn giuliano,Lauryn Giuliano,1,11.0,0.0,5
person:f hyder,person:f hyder,F. Hyder,1,11.0,0.0,5
person:arie kaffman,person:arie kaffman,Arie Kaffman,1,11.0,0.0,5
person:shayan farzad,person:shayan farzad,Shayan Farzad,1,11.0,0.0,8
person:steven walston,person:steven walston,Steven T. Walston,1,11.0,0.0,8
person:judy prasad,person:judy prasad,Judy A. Prasad,1,11.0,0.0,2
person:hugo fernandes,person:hugo fernandes,Hugo L. Fernandes,1,11.0,0.0,2
person:d gursoy,person:d gursoy,D. Gürsoy,1,11.0,0.0,2
person:v de andrade,person:v de andrade,V. De Andrade,1,11.0,0.0,2
person:k fezzaa,person:k fezzaa,K. Fezzaa,1,11.0,0.0,2
person:c jacobsen,person:c jacobsen,C. Jacobsen,1,11.0,0.0,2
person:jennifer dulin,person:jennifer dulin,Jennifer N Dulin,1,11.0,0.0,2
person:t grider,person:t grider,T. Grider,1,11.0,0.0,2
person:anael rizzo,person:anael rizzo,Anael S. Rizzo,1,11.0,0.0,2
person:e rosenzweig,person:e rosenzweig,E. Rosenzweig,1,11.0,0.0,2
person:j weber,person:j weber,J. Weber,1,11.0,0.0,2
person:c ramakrishnan,person:c ramakrishnan,C. Ramakrishnan,1,11.0,0.0,2
person:brian hsueh,person:brian hsueh,Brian Hsueh,1,11.0,0.0,2
person:m tuszynski,person:m tuszynski,M. Tuszynski,1,11.0,0.0,2
person:daniel gibbs,person:daniel gibbs,Daniel Gibbs,1,11.0,0.0,2
person:gunnar poplawski,person:gunnar poplawski,Gunnar H. D. Poplawski,1,11.0,0.0,2
person:maurizio pezzoli,person:maurizio pezzoli,Maurizio Pezzoli,1,11.0,0.0,7
person:ariana gayban,person:ariana gayban,Ariana J. Gayban,1,11.0,0.0,16
person:kevin christie,person:kevin christie,Kevin W. Christie,1,11.0,0.0,16
person:selina hilpert,person:selina hilpert,Selina Hilpert,1,11.0,0.0,16
person:patrick callaerts,person:patrick callaerts,Patrick Callaerts,1,11.0,0.0,16
person:floris van breugel,person:floris van breugel,Floris van Breugel,1,11.0,0.0,16
person:lucas benoit,person:lucas benoit,Lucas Benoït,1,11.0,0.0,9
person:p busca,person:p busca,P. Busca,1,11.0,0.0,9
person:t martin,person:t martin,T. Martin,1,11.0,0.0,9
person:wangchu xiang,person:wangchu xiang,Wangchu Xiang,1,11.0,0.0,9
person:tong jiao,person:tong jiao,Tong Jiao,1,11.0,0.0,3
person:vinoth babu veedin rajan,person:vinoth babu veedin rajan,Vinoth Babu Veedin Rajan,1,11.0,0.0,2
person:cristina pineiro lopez,person:cristina pineiro lopez,Cristina Piñeiro-Lopez,1,11.0,0.0,2
person:n michiels,person:n michiels,N. Michiels,1,11.0,0.0,2
person:s yokoyama,person:s yokoyama,S. Yokoyama,1,11.0,0.0,2
person:k menon,person:k menon,K. Menon,1,11.0,0.0,4
person:m birnbaum,person:m birnbaum,M. Birnbaum,1,11.0,0.0,4
person:k garcia,person:k garcia,K. Garcia,1,11.0,0.0,4
person:ray hong,person:ray hong,Ray L. Hong,1,11.0,0.0,4
person:heather carstensen,person:heather carstensen,Heather R. Carstensen,1,11.0,0.0,4
person:tahmineh sarpolaki,person:tahmineh sarpolaki,Tahmineh Sarpolaki,1,11.0,0.0,4
person:l cochella,person:l cochella,L. Cochella,1,11.0,0.0,4
person:j castrejon,person:j castrejon,J. Castrejón,1,11.0,0.0,4
person:eduardo moreno,person:eduardo moreno,Eduardo Moreno,1,11.0,0.0,4
person:bogdan sieriebriennikov,person:bogdan sieriebriennikov,Bogdan Sieriebriennikov,1,11.0,0.0,4
person:r sommer,person:r sommer,R. Sommer,1,11.0,0.0,4
person:m samavat,person:m samavat,M. Samavat,1,11.0,0.0,2
person:jared bowden,person:jared bowden,Jared B. Bowden,1,11.0,0.0,2
person:dusten hubbard,person:dusten hubbard,Dusten D. Hubbard,1,11.0,0.0,2
person:dakota hanka,person:dakota hanka,Dakota C. Hanka,1,11.0,0.0,2
person:w abraham,person:w abraham,W. Abraham,1,11.0,0.0,2
person:marishia agard,person:marishia agard,Marishia A. Agard,1,11.0,0.0,16
person:h nave,person:h nave,H. Nave,1,11.0,0.0,16
person:a baldridge,person:a baldridge,A. Baldridge,1,11.0,0.0,16
person:farwa sajadi,person:farwa sajadi,Farwa Sajadi,1,11.0,0.0,16
person:leena thorat,person:leena thorat,Leena Thorat,1,11.0,0.0,16
person:dick nassel,person:dick nassel,Dick R. Nässel,1,11.0,0.0,16
person:mitchell omar,person:mitchell omar,Mitchell H Omar,1,11.0,0.0,16
person:j paluzzi,person:j paluzzi,J. Paluzzi,1,11.0,0.0,16
person:m bigot,person:m bigot,M. Bigot,1,11.0,0.0,38
person:claire helene de badts,person:claire helene de badts,Claire-Hélène de Badts,1,11.0,0.0,38
person:axel benchetrit,person:axel benchetrit,Axel Benchetrit,1,11.0,0.0,38
person:e vicq,person:e vicq,E. Vicq,1,11.0,0.0,38
person:carine moigneu,person:carine moigneu,Carine Moigneu,1,11.0,0.0,38
person:m meyrel,person:m meyrel,M. Meyrel,1,11.0,0.0,38
person:s wagner,person:s wagner,S. Wagner,1,11.0,0.0,38
person:a hennrich,person:a hennrich,A. A. Hennrich,1,11.0,0.0,38
person:j houenou,person:j houenou,J. Houenou,1,11.0,0.0,38
person:p lledo,person:p lledo,P. Lledo,1,11.0,0.0,38
person:chantal henry,person:chantal henry,Chantal Henry,1,11.0,0.0,38
person:mariana alonso,person:mariana alonso,Mariana Alonso,1,11.0,0.0,38
person:carlie langille,person:carlie langille,Carlie Langille,1,11.0,0.0,1
person:meagan wiederman,person:meagan wiederman,Meagan Wiederman,1,11.0,0.0,1
person:alexander sauer,person:alexander sauer,Alexander Sauer,1,11.0,0.0,0
person:mariia dmitrieva,person:mariia dmitrieva,Mariia Dmitrieva,1,11.0,0.0,0
person:hannahmariam mekbib,person:hannahmariam mekbib,Hannahmariam T. Mekbib,1,11.0,0.0,0
person:yujin bao,person:yujin bao,Yujin Bao,1,11.0,0.0,0
person:xiaojia guo,person:xiaojia guo,Xiaojia Guo,1,11.0,0.0,0
person:robert safirstein,person:robert safirstein,Robert Safirstein,1,11.0,0.0,0
person:gary desir,person:gary desir,Gary V. Desir,1,11.0,0.0,0
person:jens rittscher,person:jens rittscher,Jens Rittscher,1,11.0,0.0,0
person:ugur dag,person:ugur dag,Ugur Dag,1,11.0,0.0,4
person:ijeoma nwabudike,person:ijeoma nwabudike,Ijeoma Nwabudike,1,11.0,0.0,4
person:matthew gomes,person:matthew gomes,Matthew A. Gomes,1,11.0,0.0,4
person:adam atanas,person:adam atanas,Adam A. Atanas,1,11.0,0.0,4
person:eric bueno,person:eric bueno,Eric Bueno,1,11.0,0.0,4
person:cassi estrem,person:cassi estrem,Cassi Estrem,1,11.0,0.0,4
person:steven flavell,person:steven flavell,Steven W. Flavell,1,11.0,0.0,4
person:sebastian schwanke,person:sebastian schwanke,Sebastian Schwanke,1,11.0,0.0,20
person:felix lessmann,person:felix lessmann,Felix Lessmann,1,11.0,0.0,20
person:jennifer meinhardt,person:jennifer meinhardt,Jennifer Meinhardt,1,11.0,0.0,20
person:adrian karnitzki,person:adrian karnitzki,Adrian Karnitzki,1,11.0,0.0,20
person:linda sellner,person:linda sellner,Linda Sellner,1,11.0,0.0,20
person:ann christin klunker,person:ann christin klunker,Ann-Christin Klünker,1,11.0,0.0,20
person:jorg jenssen,person:jorg jenssen,Jörg Jenssen,1,11.0,0.0,20
person:b voleti,person:b voleti,B. Voleti,1,11.0,0.0,4
person:t hajszan,person:t hajszan,T. Hajszán,1,11.0,0.0,4
person:g rajkowska,person:g rajkowska,G. Rajkowska,1,11.0,0.0,4
person:c stockmeier,person:c stockmeier,C. Stockmeier,1,11.0,0.0,4
person:p licznerski,person:p licznerski,P. Licznerski,1,11.0,0.0,4
person:a lepack,person:a lepack,A. Lepack,1,11.0,0.0,4
person:m majik,person:m majik,M. Majik,1,11.0,0.0,4
person:l jeong,person:l jeong,L. Jeong,1,11.0,0.0,4
person:m banasr,person:m banasr,M. Banasr,1,11.0,0.0,4
person:hyeon son,person:hyeon son,Hyeon Son,1,11.0,0.0,4
person:r duman,person:r duman,R. Duman,1,11.0,0.0,4
person:krista perks,person:krista perks,Krista E. Perks,1,11.0,0.0,1
person:salomon muller,person:salomon muller,Salomon Z. Muller,1,11.0,0.0,1
person:michael genecin,person:michael genecin,Michael Genecin,1,11.0,0.0,1
person:adishree ghatare,person:adishree ghatare,Adishree Ghatare,1,11.0,0.0,1
person:nathaniel sawtell,person:nathaniel sawtell,Nathaniel B. Sawtell,1,11.0,0.0,1
person:h jeon,person:h jeon,H. Jeon,1,11.0,0.0,6
person:d kwon,person:d kwon,D-H. Kwon,1,11.0,0.0,6
person:keiko tanaka yamamoto,person:keiko tanaka yamamoto,Keiko Tanaka-Yamamoto,1,11.0,0.0,6
person:j yook,person:j yook,J. Yook,1,11.0,0.0,6
person:yong hoon lim,person:yong hoon lim,Yong Hoon Lim,1,11.0,0.0,6
person:zang hee cho,person:zang hee cho,Zang-Hee Cho,1,11.0,0.0,6
person:s paek,person:s paek,S. Paek,1,11.0,0.0,6
person:robert hill,person:robert hill,Robert Hill,1,11.0,0.0,6
person:maximilian josch,person:maximilian josch,Maximilian Jösch,1,11.0,0.0,6
person:j grutzendler,person:j grutzendler,J. Grutzendler,1,11.0,0.0,6
person:osmar del rio,person:osmar del rio,Osmar Del Rio,1,11.0,0.0,5
person:nathan labora,person:nathan labora,Nathan Labora,1,11.0,0.0,5
person:bart larsen,person:bart larsen,Bart Larsen,1,11.0,0.0,5
person:linden parkes,person:linden parkes,Linden Parkes,1,11.0,0.0,5
person:b tervo clemmens,person:b tervo clemmens,B. Tervo-Clemmens,1,11.0,0.0,5
person:robert fernandez,person:robert fernandez,Robert W. Fernandez,1,11.0,0.0,4
person:m kalloniatis,person:m kalloniatis,M. Kalloniatis,1,11.0,0.0,8
person:nicholas mccarthy,person:nicholas mccarthy,Nicholas Mccarthy,1,11.0,0.0,8
person:wenlin wu,person:wenlin wu,Wenlin Wu,1,11.0,0.0,5
person:jordan shuff,person:jordan shuff,Jordan Shuff,1,11.0,0.0,5
person:joan wilson,person:joan wilson,Joan G. Wilson,1,11.0,0.0,5
person:s koudoro,person:s koudoro,S. Koudoro,1,11.0,0.0,5
person:c colton,person:c colton,C. Colton,1,11.0,0.0,5
person:lindsey claus,person:lindsey claus,Lindsey Claus,1,11.0,0.0,2
person:c tabone,person:c tabone,C. Tabone,1,11.0,0.0,2
person:ken nguyen,person:ken nguyen,Ken C. Q. Nguyen,1,11.0,0.0,4
person:david hall,person:david hall,David H. Hall,1,11.0,0.0,4
person:jasper maniates selvin,person:jasper maniates selvin,Jasper T. Maniates-Selvin,1,11.0,0.0,9
person:brendan shanny,person:brendan shanny,Brendan L. Shanny,1,11.0,0.0,9
person:g bischof,person:g bischof,G. Bischof,1,11.0,0.0,0
person:michel grothe,person:michel grothe,Michel J. Grothe,1,11.0,0.0,0
person:merle hoenig,person:merle hoenig,Merle C. Hoenig,1,11.0,0.0,0
person:e kocagoncu,person:e kocagoncu,E. Kocagoncu,1,11.0,0.0,0
person:j neitzel,person:j neitzel,J. Neitzel,1,11.0,0.0,0
person:j rowe,person:j rowe,J. Rowe,1,11.0,0.0,0
person:a strafella,person:a strafella,A. Strafella,1,11.0,0.0,0
person:a drzezga,person:a drzezga,A. Drzezga,1,11.0,0.0,0
person:t eimeren,person:t eimeren,T. Eimeren,1,11.0,0.0,0
person:on behalf of the minc faculty,person:on behalf of the minc faculty,on behalf of the Minc faculty,1,11.0,0.0,0
person:c casadio,person:c casadio,C. Casadio,1,11.0,0.0,39
person:daniela ballotta,person:daniela ballotta,Daniela Ballotta,1,11.0,0.0,39
person:francesco ricci,person:francesco ricci,Francesco Ricci,1,11.0,0.0,39
person:vanessa zanelli,person:vanessa zanelli,Vanessa Zanelli,1,11.0,0.0,39
person:omar carpentiero,person:omar carpentiero,Omar Carpentiero,1,11.0,0.0,39
person:maria giulia corni,person:maria giulia corni,Maria Giulia Corni,1,11.0,0.0,39
person:elisa bardi,person:elisa bardi,Elisa Bardi,1,11.0,0.0,39
person:nicola filippini,person:nicola filippini,Nicola Filippini,1,11.0,0.0,39
person:fausta lui,person:fausta lui,Fausta Lui,1,11.0,0.0,39
person:p nichelli,person:p nichelli,P. Nichelli,1,11.0,0.0,39
person:maria angela molinari,person:maria angela molinari,Maria Angela Molinari,1,11.0,0.0,39
person:f benuzzi,person:f benuzzi,F. Benuzzi,1,11.0,0.0,39
person:james cook,person:james cook,James J. Cook,1,11.0,0.0,0
person:adam hall,person:adam hall,Adam Hall,1,11.0,0.0,0
person:kathryn hornburg,person:kathryn hornburg,Kathryn J. Hornburg,1,11.0,0.0,0
person:f yeh,person:f yeh,F. Yeh,1,11.0,0.0,0
person:robert williams,person:robert williams,Robert W. Williams,1,11.0,0.0,0
person:silvia park,person:silvia park,Silvia J. H. Park,1,11.0,0.0,6
person:e lieberman,person:e lieberman,E. M. Lieberman,1,11.0,0.0,6
person:jiang bin ke,person:jiang bin ke,Jiang-Bin Ke,1,11.0,0.0,6
person:p ghorbani,person:p ghorbani,P. Ghorbani,1,11.0,0.0,6
person:pouyan rahmani,person:pouyan rahmani,Pouyan Rahmani,1,11.0,0.0,6
person:n jun,person:n jun,N. Jun,1,11.0,0.0,6
person:in jung kim,person:in jung kim,In-Jung Kim,1,11.0,0.0,6
person:j demb,person:j demb,J. Demb,1,11.0,0.0,6
person:andreas fulterer,person:andreas fulterer,Andreas Fulterer,1,11.0,0.0,17
person:till andlauer,person:till andlauer,Till F. M. Andlauer,1,11.0,0.0,17
person:anatoli ender,person:anatoli ender,Anatoli Ender,1,11.0,0.0,17
person:m maglione,person:m maglione,M. Maglione,1,11.0,0.0,17
person:katherine eyring,person:katherine eyring,Katherine W. Eyring,1,11.0,0.0,17
person:jennifer woitkuhn,person:jennifer woitkuhn,Jennifer Woitkuhn,1,11.0,0.0,17
person:martin lehmann,person:martin lehmann,Martin Lehmann,1,11.0,0.0,17
person:t matkovic rachid,person:t matkovic rachid,T. Matkovic-Rachid,1,11.0,0.0,17
person:alexander walter,person:alexander walter,Alexander M. Walter,1,11.0,0.0,17
person:katherine nagel,person:katherine nagel,Katherine I. Nagel,1,11.0,0.0,17
person:s sigrist,person:s sigrist,S. Sigrist,1,11.0,0.0,17
person:ali darbandi,person:ali darbandi,Ali Darbandi,1,11.0,0.0,4
person:sagar marwah,person:sagar marwah,Sagar Marwah,1,11.0,0.0,4
person:fez ali,person:fez ali,Fez Ali,1,11.0,0.0,4
person:g parlakgul,person:g parlakgul,G. Parlakgul,1,11.0,0.0,4
person:gokhan hotam sl gil,person:gokhan hotam sl gil,Gökhan S. Hotamışlıgil,1,11.0,0.0,4
person:s macparland,person:s macparland,S. Macparland,1,11.0,0.0,4
person:j bao,person:j bao,J. Bao,1,11.0,0.0,9
person:wesley alford,person:wesley alford,Wesley Alford,1,11.0,0.0,9
person:l walsh,person:l walsh,L. Walsh,1,11.0,0.0,9
person:george lantz,person:george lantz,George Lantz,1,11.0,0.0,9
person:santiago poncio,person:santiago poncio,Santiago Poncio,1,11.0,0.0,9
person:yervand azatian,person:yervand azatian,Yervand Azatian,1,11.0,0.0,9
person:brian depasquale,person:brian depasquale,Brian DePasquale,1,11.0,0.0,9
person:meg younger,person:meg younger,Meg A. Younger,1,11.0,0.0,9
person:vivek gopalakrishnan,person:vivek gopalakrishnan,Vivek Gopalakrishnan,1,10.0,0.0,2
person:lucy upchurch,person:lucy upchurch,Lucy Upchurch,1,10.0,0.0,2
person:jennifer yuet ha lai,person:jennifer yuet ha lai,Jennifer Yuet Ha Lai,1,10.0,0.0,1
person:b phung,person:b phung,B. S. Phung,1,10.0,0.0,0
person:s lamont,person:s lamont,S. Lamont,1,10.0,0.0,0
person:lei jin,person:lei jin,Lei Jin,1,10.0,0.0,0
person:m matsuyama,person:m matsuyama,M. Matsuyama,1,10.0,0.0,0
person:cindy van velthoven,person:cindy van velthoven,Cindy T. J. van Velthoven,1,10.0,0.0,0
person:h sullivan,person:h sullivan,H. Sullivan,1,10.0,0.0,0
person:na sun,person:na sun,Na Sun,1,10.0,0.0,0
person:m kellis,person:m kellis,M. Kellis,1,10.0,0.0,0
person:ming chuang,person:ming chuang,Ming Chuang,1,10.0,0.0,2
person:siqi sun,person:siqi sun,Siqi Sun,1,10.0,0.0,0
person:jin feng dong,person:jin feng dong,Jin-Feng Dong,1,10.0,0.0,0
person:y lou,person:y lou,Y. Lou,1,10.0,0.0,0
person:giulio bondanelli,person:giulio bondanelli,Giulio Bondanelli,1,10.0,0.0,9
person:laura driscoll,person:laura driscoll,Laura N. Driscoll,1,10.0,0.0,9
person:s panzeri,person:s panzeri,S. Panzeri,1,10.0,0.0,9
person:c harvey,person:c harvey,C. Harvey,1,10.0,0.0,9
person:hui kuang,person:hui kuang,Hui Kuang,1,10.0,0.0,0
person:j tsien,person:j tsien,J. Tsien,1,10.0,0.0,0
person:yixuan,person:yixuan,Yixuan,1,10.0,0.0,0
person:sun,person:sun,Sun,1,10.0,0.0,0
person:n irawati,person:n irawati,N. Irawati,1,10.0,0.0,0
person:yu feng chien,person:yu feng chien,Yu-Feng Chien,1,10.0,0.0,0
person:yu hsuan tsai,person:yu hsuan tsai,Yu-Hsuan Tsai,1,10.0,0.0,0
person:k tsia,person:k tsia,K. Tsia,1,10.0,0.0,0
person:y xu,person:y xu,Y. K. Xu,1,10.0,0.0,0
person:ephraim musheyev,person:ephraim musheyev,Ephraim Musheyev,1,10.0,0.0,0
person:jacob umans,person:jacob umans,Jacob Umans,1,10.0,0.0,0
person:jaime eugenin von bernhardi,person:jaime eugenin von bernhardi,Jaime Eugenin von Bernhardi,1,10.0,0.0,0
person:jeremias sulam,person:jeremias sulam,Jeremias Sulam,1,10.0,0.0,0
person:d bergles,person:d bergles,D. Bergles,1,10.0,0.0,0
person:noelle koonce,person:noelle koonce,Noelle L. Koonce,1,10.0,0.0,2
person:manik kuchroo,person:manik kuchroo,Manik Kuchroo,1,10.0,0.0,2
person:mark moyle,person:mark moyle,Mark W. Moyle,1,10.0,0.0,2
person:pura arroyo morales,person:pura arroyo morales,Pura Arroyo-Morales,1,10.0,0.0,2
person:nabor vazquez martinez,person:nabor vazquez martinez,Nabor Vázquez Martínez,1,10.0,0.0,2
person:jamie emerson,person:jamie emerson,Jamie I Emerson,1,10.0,0.0,2
person:smita krishnaswamy,person:smita krishnaswamy,Smita Krishnaswamy,1,10.0,0.0,2
person:william mohler,person:william mohler,William Mohler,1,10.0,0.0,2
person:r beresford,person:r beresford,R. J. Beresford,1,10.0,0.0,3
person:johnny phong hoang do,person:johnny phong hoang do,Johnny Phong Hoang Do,1,10.0,0.0,2
person:shinjae chung,person:shinjae chung,Shinjae Chung,1,10.0,0.0,2
person:tyler yung,person:tyler yung,Tyler J Yung,1,10.0,0.0,2
person:jiang lan fan,person:jiang lan fan,Jiang Lan Fan,1,10.0,0.0,2
person:y dan,person:y dan,Y. Dan,1,10.0,0.0,2
person:jacqueline cornean,person:jacqueline cornean,Jacqueline Cornean,1,10.0,0.0,3
person:giordano ramos traslosheros,person:giordano ramos traslosheros,Giordano Ramos-Traslosheros,1,10.0,0.0,3
person:rachita taneja,person:rachita taneja,Rachita Taneja,1,10.0,0.0,3
person:c schnaitmann,person:c schnaitmann,C. Schnaitmann,1,10.0,0.0,3
person:hae sol moon,person:hae sol moon,Hae Sol Moon,1,10.0,0.0,5
person:zay yar han,person:zay yar han,Zay Yar Han,1,10.0,0.0,5
person:kate beck,person:kate beck,Kate Beck,1,10.0,0.0,5
person:jeffrey browndyke,person:jeffrey browndyke,Jeffrey N. Browndyke,1,10.0,0.0,5
person:kim johnson,person:kim johnson,Kim Johnson,1,10.0,0.0,5
person:richard brien,person:richard brien,Richard J. O'Brien,1,10.0,0.0,5
person:s kelly,person:s kelly,S. M. Kelly,1,10.0,0.0,0
person:joshua hatfield,person:joshua hatfield,Joshua T. Hatfield,1,10.0,0.0,0
person:wuqiang guan,person:wuqiang guan,Wuqiang Guan,1,10.0,0.0,0
person:yongjun qian,person:yongjun qian,Yongjun Qian,1,10.0,0.0,0
person:c robertson,person:c robertson,C. Robertson,1,10.0,0.0,0
person:takuya hayashi,person:takuya hayashi,Takuya Hayashi,1,10.0,0.0,2
person:yujie hou,person:yujie hou,Yujie Hou,1,10.0,0.0,2
person:j autio,person:j autio,J. Autio,1,10.0,0.0,2
person:m inoue murayama,person:m inoue murayama,M. Inoue‐Murayama,1,10.0,0.0,2
person:e yacoub,person:e yacoub,E. Yacoub,1,10.0,0.0,2
person:phillip bokiniec,person:phillip bokiniec,Phillip Bokiniec,1,10.0,0.0,6
person:r ramadas,person:r ramadas,R. Ramadas,1,10.0,0.0,6
person:j bjaalie,person:j bjaalie,J. Bjaalie,1,10.0,0.0,6
person:c menuet,person:c menuet,C. Menuet,1,10.0,0.0,6
person:felix sigmund,person:felix sigmund,Felix Sigmund,1,10.0,0.0,12
person:s pettinger,person:s pettinger,S. Pettinger,1,10.0,0.0,12
person:m kube,person:m kube,M. Kube,1,10.0,0.0,12
person:f schneider,person:f schneider,F. Schneider,1,10.0,0.0,12
person:m aichler,person:m aichler,M. Aichler,1,10.0,0.0,12
person:a walch,person:a walch,A. Walch,1,10.0,0.0,12
person:hendrik dietz,person:hendrik dietz,Hendrik Dietz,1,10.0,0.0,12
person:g westmeyer,person:g westmeyer,G. Westmeyer,1,10.0,0.0,12
person:dominique forster,person:dominique forster,Dominique Förster,1,10.0,0.0,6
person:maedeh seyedolmohadesin,person:maedeh seyedolmohadesin,Maedeh Seyedolmohadesin,1,10.0,0.0,4
person:xingyang fu,person:xingyang fu,Xingyang Fu,1,10.0,0.0,4
person:m torkashvand,person:m torkashvand,M. Torkashvand,1,10.0,0.0,4
person:s rasouli,person:s rasouli,S. Rasouli,1,10.0,0.0,4
person:samuel lang,person:samuel lang,Samuel Lang,1,10.0,0.0,4
person:frank schroeder,person:frank schroeder,Frank C. Schroeder,1,10.0,0.0,4
person:david shin,person:david shin,David Shin,1,10.0,0.0,6
person:madeleine urbanek,person:madeleine urbanek,Madeleine E. Urbanek,1,10.0,0.0,6
person:h larson,person:h larson,H. Larson,1,10.0,0.0,6
person:kevin lee,person:kevin lee,Kevin Y Lee,1,10.0,0.0,6
person:donovan baker,person:donovan baker,Donovan L. Baker,1,10.0,0.0,6
person:elio standen bloom,person:elio standen bloom,Elio Standen-Bloom,1,10.0,0.0,6
person:d bogdanoff,person:d bogdanoff,D. Bogdanoff,1,10.0,0.0,6
person:t nowakowski,person:t nowakowski,T. Nowakowski,1,10.0,0.0,6
person:melissa cizeron,person:melissa cizeron,Mélissa Cizeron,1,10.0,0.0,7
person:m kopanitsa,person:m kopanitsa,M. Kopanitsa,1,10.0,0.0,7
person:babis koniaris,person:babis koniaris,Babis Koniaris,1,10.0,0.0,7
person:e fransen,person:e fransen,E. Fransen,1,10.0,0.0,7
person:n komiyama,person:n komiyama,N. Komiyama,1,10.0,0.0,7
person:philipp keller,person:philipp keller,Philipp J. Keller,1,10.0,0.0,2
person:emma theisen,person:emma theisen,Emma K. Theisen,1,10.0,0.0,1
person:elijah rumbaut,person:elijah rumbaut,Elijah Rumbaut,1,10.0,0.0,1
person:bryan shum,person:bryan shum,Bryan Shum,1,10.0,0.0,1
person:maximilien courgeon,person:maximilien courgeon,Maximilien Courgeon,1,10.0,0.0,1
person:arianna sala,person:arianna sala,Arianna Sala,1,10.0,0.0,4
person:a lizarraga,person:a lizarraga,A. Lizarraga,1,10.0,0.0,4
person:s caminiti,person:s caminiti,S. Caminiti,1,10.0,0.0,4
person:s eickhoff,person:s eickhoff,S. Eickhoff,1,10.0,0.0,4
person:c habeck,person:c habeck,C. Habeck,1,10.0,0.0,4
person:s jamadar,person:s jamadar,S. Jamadar,1,10.0,0.0,4
person:d perani,person:d perani,D. Perani,1,10.0,0.0,4
person:j pereira,person:j pereira,J. Pereira,1,10.0,0.0,4
person:m veronese,person:m veronese,M. Veronese,1,10.0,0.0,4
person:igor yakushev,person:igor yakushev,Igor Yakushev,1,10.0,0.0,4
person:a fukuda,person:a fukuda,A. Fukuda,1,10.0,0.0,16
person:emilia derksen,person:emilia derksen,Emilia Derksen,1,10.0,0.0,16
person:aika saito,person:aika saito,Aika Saito,1,10.0,0.0,16
person:gabriel moller,person:gabriel moller,Gabriel Möller,1,10.0,0.0,16
person:lennart roos,person:lennart roos,Lennart Roos,1,10.0,0.0,0
person:aleyna diniz,person:aleyna diniz,Aleyna M. Diniz,1,10.0,0.0,0
person:elisabeth koert,person:elisabeth koert,Elisabeth Koert,1,10.0,0.0,0
person:m schilling,person:m schilling,M. Schilling,1,10.0,0.0,0
person:m uhl,person:m uhl,M. Uhl,1,10.0,0.0,0
person:a thirumalai,person:a thirumalai,A. Thirumalai,1,10.0,0.0,0
person:mostafa aakhte,person:mostafa aakhte,Mostafa Aakhte,1,10.0,0.0,0
person:kathrin kusch,person:kathrin kusch,Kathrin Kusch,1,10.0,0.0,0
person:j huisken,person:j huisken,J. Huisken,1,10.0,0.0,0
person:n ueda,person:n ueda,N. Ueda,1,10.0,0.0,2
person:james beard,person:james beard,James D. Beard,1,10.0,0.0,2
person:s mendes,person:s mendes,S. Mendes,1,10.0,0.0,2
person:konrad heinz,person:konrad heinz,Konrad J. Heinz,1,10.0,0.0,2
person:m chini,person:m chini,M. Chini,1,10.0,0.0,5
person:j popplau,person:j popplau,J. Pöpplau,1,10.0,0.0,5
person:a formozov,person:a formozov,A. Formozov,1,10.0,0.0,5
person:a dieter,person:a dieter,A. Dieter,1,10.0,0.0,5
person:patrick piechocinski,person:patrick piechocinski,Patrick Piechocinski,1,10.0,0.0,5
person:cynthia rais,person:cynthia rais,Cynthia Rais,1,10.0,0.0,5
person:f morellini,person:f morellini,F. Morellini,1,10.0,0.0,5
person:i hanganu opatz,person:i hanganu opatz,I. Hanganu-Opatz,1,10.0,0.0,5
person:j simon wiegert,person:j simon wiegert,J. Simon Wiegert,1,10.0,0.0,5
person:s tappan,person:s tappan,S. Tappan,1,10.0,0.0,0
person:brian eastwood,person:brian eastwood,Brian S. Eastwood,1,10.0,0.0,0
person:nathan connor,person:nathan connor,Nathan J. O'Connor,1,10.0,0.0,0
person:c schmitz,person:c schmitz,C. Schmitz,1,10.0,0.0,0
person:jack glaser,person:jack glaser,Jack R. Glaser,1,10.0,0.0,0
person:m pekala,person:m pekala,M. Pekala,1,10.0,0.0,2
person:khaled zemoura,person:khaled zemoura,Khaled Zemoura,1,10.0,0.0,2
person:simon watkins,person:simon watkins,Simon C Watkins,1,10.0,0.0,2
person:don arnold,person:don arnold,Don B. Arnold,1,10.0,0.0,2
person:a haubrich,person:a haubrich,A. Haubrich,1,10.0,0.0,2
person:l hogrebe,person:l hogrebe,L. Hogrebe,1,10.0,0.0,8
person:cameron christensen,person:cameron christensen,Cameron Christensen,1,10.0,0.0,8
person:m bridge,person:m bridge,M. Bridge,1,10.0,0.0,8
person:li dai,person:li dai,Li Dai,1,10.0,0.0,8
person:badrinath roysam,person:badrinath roysam,Badrinath Roysam,1,10.0,0.0,8
person:j korenberg,person:j korenberg,J. R. Korenberg,1,10.0,0.0,8
person:maarten zwart,person:maarten zwart,Maarten F. Zwart,1,10.0,0.0,2
person:f midgley,person:f midgley,F. Midgley,1,10.0,0.0,2
person:curtis loer,person:curtis loer,Curtis M. Loer,1,10.0,0.0,4
person:n memar,person:n memar,N. Memar,1,10.0,0.0,4
person:sarah stephen,person:sarah stephen,Sarah Stephen,1,10.0,0.0,4
person:daniel bumbarger,person:daniel bumbarger,Daniel J. Bumbarger,1,10.0,0.0,4
person:ralf schnabel,person:ralf schnabel,Ralf Schnabel,1,10.0,0.0,4
person:ralf sommer,person:ralf sommer,Ralf J. Sommer,1,10.0,0.0,4
person:jeffrey rhoades,person:jeffrey rhoades,Jeffrey L. Rhoades,1,10.0,0.0,9
person:paige nurkin,person:paige nurkin,Paige Nurkin,1,10.0,0.0,1
person:richard ren,person:richard ren,Richard Ren,1,10.0,0.0,1
person:micaela roth,person:micaela roth,Micaela Roth,1,10.0,0.0,1
person:ayal yakobe,person:ayal yakobe,Ayal Yakobe,1,10.0,0.0,1
person:laura pereira,person:laura pereira,Laura Pereira,1,10.0,0.0,4
person:paschalis kratsios,person:paschalis kratsios,Paschalis Kratsios,1,10.0,0.0,4
person:h sheftel,person:h sheftel,H. Sheftel,1,10.0,0.0,4
person:a mayo,person:a mayo,A. Mayo,1,10.0,0.0,4
person:brigitte leboeuf,person:brigitte leboeuf,Brigitte LeBoeuf,1,10.0,0.0,4
person:simon warchol,person:simon warchol,Simon Warchol,1,10.0,0.0,1
person:ulysse klatzmann,person:ulysse klatzmann,Ulysse Klatzmann,1,10.0,0.0,5
person:p theodoni,person:p theodoni,P. Theodoni,1,10.0,0.0,5
person:jorge mejias,person:jorge mejias,Jorge F. Mejías,1,10.0,0.0,5
person:lucija rapan,person:lucija rapan,Lucija Rapan,1,10.0,0.0,5
person:c sergent,person:c sergent,C. Sergent,1,10.0,0.0,5
person:s dehaene,person:s dehaene,S. Dehaene,1,10.0,0.0,5
person:ya hui chou,person:ya hui chou,Ya-Hui Chou,1,10.0,0.0,2
person:hao wei huang,person:hao wei huang,Hao-Wei Huang,1,10.0,0.0,2
person:nan fu liou,person:nan fu liou,Nan-Fu Liou,1,10.0,0.0,2
person:michael raphael panganiban,person:michael raphael panganiban,Michael Raphael Panganiban,1,10.0,0.0,2
person:david luginbuhl,person:david luginbuhl,David J. Luginbuhl,1,10.0,0.0,2
person:liang liang,person:liang liang,Liang Liang,1,10.0,0.0,2
person:j owen,person:j owen,J. Owen,1,10.0,0.0,55
person:fanpei yang,person:fanpei yang,Fanpei G. Yang,1,10.0,0.0,55
person:c shetty,person:c shetty,C. Shetty,1,10.0,0.0,55
person:polina bukshpun,person:polina bukshpun,Polina Bukshpun,1,10.0,0.0,55
person:s vora,person:s vora,S. Vora,1,10.0,0.0,55
person:mari wakahiro,person:mari wakahiro,Mari Wakahiro,1,10.0,0.0,55
person:l hinkley,person:l hinkley,L. Hinkley,1,10.0,0.0,55
person:s nagarajan,person:s nagarajan,S. Nagarajan,1,10.0,0.0,55
person:e sherr,person:e sherr,E. Sherr,1,10.0,0.0,55
person:p mukherjee,person:p mukherjee,P. Mukherjee,1,10.0,0.0,55
person:s cocozza,person:s cocozza,S. Cocozza,1,10.0,0.0,43
person:s schiavi,person:s schiavi,S. Schiavi,1,10.0,0.0,43
person:g pontillo,person:g pontillo,G. Pontillo,1,10.0,0.0,43
person:matteo battocchio,person:matteo battocchio,Matteo Battocchio,1,10.0,0.0,43
person:e riccio,person:e riccio,E. Riccio,1,10.0,0.0,43
person:simona caccavallo,person:simona caccavallo,Simona Caccavallo,1,10.0,0.0,43
person:c russo,person:c russo,C. Russo,1,10.0,0.0,43
person:teodolinda di risi,person:teodolinda di risi,Teodolinda Di Risi,1,10.0,0.0,43
person:a pisani,person:a pisani,A. Pisani,1,10.0,0.0,43
person:alessandro daducci,person:alessandro daducci,Alessandro Daducci,1,10.0,0.0,43
person:a brunetti,person:a brunetti,A. Brunetti,1,10.0,0.0,43
person:carsten tischbirek,person:carsten tischbirek,Carsten H. Tischbirek,1,10.0,0.0,0
person:lingjing fang,person:lingjing fang,Lingjing Fang,1,10.0,0.0,0
person:duncan chadly,person:duncan chadly,Duncan M. Chadly,1,10.0,0.0,0
person:saori lobbia,person:saori lobbia,Saori Lobbia,1,10.0,0.0,0
person:j aguirre,person:j aguirre,J. D. Aguirre,1,10.0,0.0,0
person:yodai takei,person:yodai takei,Yodai Takei,1,10.0,0.0,0
person:m elowitz,person:m elowitz,M. Elowitz,1,10.0,0.0,0
person:long cai,person:long cai,Long Cai,1,10.0,0.0,0
person:o benkarim,person:o benkarim,O. Benkarim,1,10.0,0.0,5
person:c weber,person:c weber,C. Weber,1,10.0,0.0,5
person:valeria kebets,person:valeria kebets,Valeria Kebets,1,10.0,0.0,5
person:serena fett,person:serena fett,Serena Fett,1,10.0,0.0,5
person:a martino,person:a martino,A. Martino,1,10.0,0.0,5
person:v gangadharan,person:v gangadharan,V. Gangadharan,1,10.0,0.0,6
person:abdelrahman khalifa,person:abdelrahman khalifa,Abdelrahman Khalifa,1,10.0,0.0,6
person:niansheng ju,person:niansheng ju,Niansheng Ju,1,10.0,0.0,6
person:j gempt,person:j gempt,J. Gempt,1,10.0,0.0,6
person:wenjian tan,person:wenjian tan,Wenjian Tan,1,10.0,0.0,8
person:ouyang xuan,person:ouyang xuan,Ouyang Xuan,1,10.0,0.0,8
person:h tao,person:h tao,H. Tao,1,10.0,0.0,8
person:l palaniyappan,person:l palaniyappan,L. Palaniyappan,1,10.0,0.0,8
person:n makris,person:n makris,N. Makris,1,10.0,0.0,5
person:j kaiser,person:j kaiser,J. Kaiser,1,10.0,0.0,5
person:matthew albaugh,person:matthew albaugh,Matthew D. Albaugh,1,10.0,0.0,5
person:m kubicki,person:m kubicki,M. Kubicki,1,10.0,0.0,5
person:yogesh rathi,person:yogesh rathi,Yogesh Rathi,1,10.0,0.0,5
person:l donnell,person:l donnell,L. O’Donnell,1,10.0,0.0,5
person:e yeterian,person:e yeterian,E. Yeterian,1,10.0,0.0,5
person:v caviness,person:v caviness,V. Caviness,1,10.0,0.0,5
person:marah abdin,person:marah abdin,Marah Abdin,1,10.0,0.0,2
person:shweti mahajan,person:shweti mahajan,Shweti Mahajan,1,10.0,0.0,2
person:a basu,person:a basu,A. Basu,1,10.0,0.0,2
person:piali choudhury,person:piali choudhury,Piali Choudhury,1,10.0,0.0,2
person:c churas,person:c churas,C. Churas,1,10.0,0.0,0
person:lucas tindall,person:lucas tindall,Lucas Tindall,1,10.0,0.0,0
person:matthew madany,person:matthew madany,Matthew Madany,1,10.0,0.0,0
person:raffi akay,person:raffi akay,Raffi Akay,1,10.0,0.0,0
person:s peltier,person:s peltier,S. Peltier,1,10.0,0.0,0
person:f grillo,person:f grillo,F. Grillo,1,10.0,0.0,7
person:v de paola,person:v de paola,V. De Paola,1,10.0,0.0,7
person:yichen qin,person:yichen qin,Yichen Qin,1,10.0,0.0,2
person:m scolamiero,person:m scolamiero,M. Scolamiero,1,9.0,0.0,7
person:katharine turner,person:katharine turner,Katharine Turner,1,9.0,0.0,7
person:pawe otko,person:pawe otko,Paweł Dłotko,1,9.0,0.0,7
person:paul pfeiffer,person:paul pfeiffer,Paul Pfeiffer,1,9.0,0.0,2
person:andria slaughter,person:andria slaughter,Andria Slaughter,1,9.0,0.0,11
person:katelyn hedden,person:katelyn hedden,Katelyn Hedden,1,9.0,0.0,11
person:ariane boehm,person:ariane boehm,Ariane Boehm,1,9.0,0.0,40
person:anja friedrich,person:anja friedrich,Anja B. Friedrich,1,9.0,0.0,40
person:p bandow,person:p bandow,P. Bandow,1,9.0,0.0,40
person:sydney hunt,person:sydney hunt,Sydney Hunt,1,9.0,0.0,40
person:j claussen,person:j claussen,J. Claussen,1,9.0,0.0,40
person:marie helen link,person:marie helen link,Marie-Helen Link,1,9.0,0.0,40
person:thomas hofmann,person:thomas hofmann,Thomas F. Hofmann,1,9.0,0.0,40
person:corinna dawid,person:corinna dawid,Corinna Dawid,1,9.0,0.0,40
person:cameron shand,person:cameron shand,Cameron Shand,1,9.0,0.0,2
person:patricia grob,person:patricia grob,Patricia Grob,1,9.0,0.0,1
person:a hassan,person:a hassan,A. Hassan,1,9.0,0.0,1
person:jose garcia cerdan,person:jose garcia cerdan,José G García-Cerdán,1,9.0,0.0,1
person:krishna niyogi,person:krishna niyogi,Krishna K. Niyogi,1,9.0,0.0,1
person:e nogales,person:e nogales,E. Nogales,1,9.0,0.0,1
person:r weinberg,person:r weinberg,R. Weinberg,1,9.0,0.0,1
person:rebecca stecky,person:rebecca stecky,Rebecca C Stecky,1,9.0,0.0,4
person:lauren neal,person:lauren neal,Lauren A. Neal,1,9.0,0.0,4
person:vishnu balaji,person:vishnu balaji,Vishnu Balaji,1,9.0,0.0,4
person:t hoppe,person:t hoppe,T. Hoppe,1,9.0,0.0,4
person:h dodt,person:h dodt,H. Dodt,1,9.0,0.0,44
person:u leischner,person:u leischner,U. Leischner,1,9.0,0.0,44
person:a schierloh,person:a schierloh,A. Schierloh,1,9.0,0.0,44
person:n jahrling,person:n jahrling,N. Jährling,1,9.0,0.0,44
person:c mauch,person:c mauch,C. P. Mauch,1,9.0,0.0,44
person:k deininger,person:k deininger,K. Deininger,1,9.0,0.0,44
person:j deussing,person:j deussing,J. Deussing,1,9.0,0.0,44
person:m eder,person:m eder,M. Eder,1,9.0,0.0,44
person:w zieglgansberger,person:w zieglgansberger,W. Zieglgänsberger,1,9.0,0.0,44
person:k becker,person:k becker,K. Becker,1,9.0,0.0,44
person:steven winter,person:steven winter,Steven Winter,1,9.0,0.0,5
person:z han,person:z han,Z. Han,1,9.0,0.0,5
person:jessica tremblay,person:jessica tremblay,Jessica T. Tremblay,1,9.0,0.0,5
person:h moon,person:h moon,H. Moon,1,9.0,0.0,5
person:daniel marcellino,person:daniel marcellino,Daniel Marcellino,1,9.0,0.0,5
person:david dunson,person:david dunson,David B. Dunson,1,9.0,0.0,5
person:jonathan klimesch,person:jonathan klimesch,Jonathan Klimesch,1,9.0,0.0,6
person:andrei mancu,person:andrei mancu,Andrei Mancu,1,9.0,0.0,6
person:hashir ahmad,person:hashir ahmad,Hashir Ahmad,1,9.0,0.0,6
person:maximilian joesch,person:maximilian joesch,Maximilian Joesch,1,9.0,0.0,6
person:david mankus,person:david mankus,David Mankus,1,9.0,0.0,6
person:m yamagata,person:m yamagata,M. Yamagata,1,9.0,0.0,6
person:adi suissa peleg,person:adi suissa peleg,Adi Suissa-Peleg,1,9.0,0.0,6
person:m meister,person:m meister,M. Meister,1,9.0,0.0,6
person:lindsey fernandez,person:lindsey fernandez,Lindsey R. Fernandez,1,9.0,0.0,2
person:guido stam,person:guido stam,Guido Stam,1,9.0,0.0,13
person:chaogan yan,person:chaogan yan,Chaogan Yan,1,9.0,0.0,5
person:adriana di martino,person:adriana di martino,Adriana Di Martino,1,9.0,0.0,5
person:c kelly,person:c kelly,C. Kelly,1,9.0,0.0,5
person:k heberlein,person:k heberlein,K. Heberlein,1,9.0,0.0,5
person:stanley colcombe,person:stanley colcombe,Stanley J. Colcombe,1,9.0,0.0,5
person:markus klose,person:markus klose,Markus K. Klose,1,9.0,0.0,2
person:dinara bulgari,person:dinara bulgari,Dinara Bulgari,1,9.0,0.0,2
person:sydney gregg,person:sydney gregg,Sydney N. Gregg,1,9.0,0.0,2
person:xiju xia,person:xiju xia,Xiju Xia,1,9.0,0.0,2
person:brigitte schmidt,person:brigitte schmidt,Brigitte F. Schmidt,1,9.0,0.0,2
person:d deitcher,person:d deitcher,D. Deitcher,1,9.0,0.0,2
person:edwin levitan,person:edwin levitan,Edwin S. Levitan,1,9.0,0.0,2
person:valeria andrea,person:valeria andrea,Valeria d'Andrea,1,9.0,0.0,47
person:m puppin,person:m puppin,M. Puppin,1,9.0,0.0,47
person:m kessler,person:m kessler,M. Kessler,1,9.0,0.0,47
person:14 viasommarive,person:14 viasommarive,14 ViaSommarive,1,9.0,0.0,47
person:38123 povo,person:38123 povo,38123 Povo,1,9.0,0.0,47
person:italy,person:italy,Italy,1,9.0,0.0,47
person:d galilei,person:d galilei,D. Galilei',1,9.0,0.0,47
person:u padova,person:u padova,U. Padova,1,9.0,0.0,47
person:8 viamarzolo,person:8 viamarzolo,8. viaMarzolo,1,9.0,0.0,47
person:35131 padova,person:35131 padova,35131 Padova,1,9.0,0.0,47
person:s balseiro gomez,person:s balseiro gomez,S. Balseiro-Gómez,1,9.0,0.0,4
person:y yue,person:y yue,Y. Yue,1,9.0,0.0,4
person:lin shao,person:lin shao,Lin Shao,1,9.0,0.0,4
person:selim etinkaya,person:selim etinkaya,Selim Ҫetinkaya,1,9.0,0.0,4
person:caroline kuzoian,person:caroline kuzoian,Caroline Kuzoian,1,9.0,0.0,4
person:k verhey,person:k verhey,K. Verhey,1,9.0,0.0,4
person:s yogev,person:s yogev,S. Yogev,1,9.0,0.0,4
person:charlotte seng,person:charlotte seng,Charlotte Seng,1,9.0,0.0,48
person:s tom dieck,person:s tom dieck,S. tom Dieck,1,9.0,0.0,48
person:j hammer,person:j hammer,J. Hammer,1,9.0,0.0,48
person:csaba foldy,person:csaba foldy,Csaba Földy,1,9.0,0.0,48
person:sandra koch,person:sandra koch,Sandra Koch,1,9.0,0.0,37
person:e padilla,person:e padilla,E. Padilla,1,9.0,0.0,37
person:s kaur,person:s kaur,S. Kaur,1,9.0,0.0,37
person:rabina kaur,person:rabina kaur,Rabina Kaur,1,9.0,0.0,37
person:m nguyen,person:m nguyen,M. Nguyen,1,9.0,0.0,37
person:ann nelson,person:ann nelson,Ann Nelson,1,9.0,0.0,37
person:s khalsa,person:s khalsa,S. Khalsa,1,9.0,0.0,37
person:a younossi hartenstein,person:a younossi hartenstein,A. Younossi‐Hartenstein,1,9.0,0.0,37
person:kwame kutten,person:kwame kutten,Kwame S. Kutten,1,9.0,0.0,2
person:n charon,person:n charon,N. Charon,1,9.0,0.0,2
person:m miller,person:m miller,M. Miller,1,9.0,0.0,2
person:j ratnanather,person:j ratnanather,J. Ratnanather,1,9.0,0.0,2
person:h lyden,person:h lyden,H. Lyden,1,9.0,0.0,0
person:arleen grewal,person:arleen grewal,Arleen K. Grewal,1,9.0,0.0,0
person:a toga,person:a toga,A. Toga,1,9.0,0.0,0
person:kassandra weber,person:kassandra weber,Kassandra Weber,1,9.0,0.0,13
person:a arcidiacono,person:a arcidiacono,A. Arcidiacono,1,9.0,0.0,13
person:robert klie,person:robert klie,Robert F. Klie,1,9.0,0.0,13
person:martin henrich,person:martin henrich,Martin T. Henrich,1,9.0,0.0,49
person:fanni geibl,person:fanni geibl,Fanni F. Geibl,1,9.0,0.0,49
person:h lakshminarasimhan,person:h lakshminarasimhan,H. Lakshminarasimhan,1,9.0,0.0,49
person:anna stegmann,person:anna stegmann,Anna Stegmann,1,9.0,0.0,49
person:b giasson,person:b giasson,B. Giasson,1,9.0,0.0,49
person:xiaobo mao,person:xiaobo mao,Xiaobo Mao,1,9.0,0.0,49
person:v dawson,person:v dawson,V. Dawson,1,9.0,0.0,49
person:ted dawson,person:ted dawson,Ted M. Dawson,1,9.0,0.0,49
person:w oertel,person:w oertel,W. Oertel,1,9.0,0.0,49
person:d surmeier,person:d surmeier,D. Surmeier,1,9.0,0.0,49
person:han kheng teoh,person:han kheng teoh,Han Kheng Teoh,1,9.0,0.0,59
person:debojyoti biswas,person:debojyoti biswas,Debojyoti Biswas,1,9.0,0.0,59
person:abby leung,person:abby leung,Abby Leung,1,9.0,0.0,59
person:b ludlow,person:b ludlow,B. K. Ludlow,1,9.0,0.0,59
person:samuel whitehead,person:samuel whitehead,Samuel C. Whitehead,1,9.0,0.0,59
person:erica ehrhard,person:erica ehrhard,Erica Ehrhard,1,9.0,0.0,59
person:tsevi beatus,person:tsevi beatus,Tsevi Beatus,1,9.0,0.0,59
person:noah cowan,person:noah cowan,Noah J. Cowan,1,9.0,0.0,59
person:itai cohen,person:itai cohen,Itai Cohen,1,9.0,0.0,59
person:c tremblay,person:c tremblay,C. Tremblay,1,9.0,0.0,5
person:s rahayel,person:s rahayel,S. Rahayel,1,9.0,0.0,5
person:a vo,person:a vo,A. Vo,1,9.0,0.0,5
person:f morys,person:f morys,F. Morys,1,9.0,0.0,5
person:n abbasi,person:n abbasi,N. Abbasi,1,9.0,0.0,5
person:r markello,person:r markello,R. Markello,1,9.0,0.0,5
person:z gan or,person:z gan or,Z. Gan-Or,1,9.0,0.0,5
person:p friday,person:p friday,P. Friday,1,9.0,0.0,0
person:e fitzgerald,person:e fitzgerald,E. Fitzgerald,1,9.0,0.0,0
person:j bernbaum,person:j bernbaum,J. Bernbaum,1,9.0,0.0,0
person:heather berensmann,person:heather berensmann,Heather Berensmann,1,9.0,0.0,0
person:adam harned,person:adam harned,Adam Harned,1,9.0,0.0,0
person:k nagashima,person:k nagashima,K. Nagashima,1,9.0,0.0,0
person:f zeidan chulia,person:f zeidan chulia,F. Zeidán-Chuliá,1,9.0,0.0,21
person:bv de oliveira,person:bv de oliveira,BV De Oliveira,1,9.0,0.0,21
person:a salmina,person:a salmina,A. Salmina,1,9.0,0.0,21
person:m casanova,person:m casanova,M. Casanova,1,9.0,0.0,21
person:d gelain,person:d gelain,D. Gelain,1,9.0,0.0,21
person:mami noda,person:mami noda,Mami Noda,1,9.0,0.0,21
person:j moreira,person:j moreira,J. Moreira,1,9.0,0.0,21
person:aaron kerlin,person:aaron kerlin,Aaron Kerlin,1,9.0,0.0,9
person:m andermann,person:m andermann,M. Andermann,1,9.0,0.0,9
person:s yurgenson,person:s yurgenson,S. Yurgenson,1,9.0,0.0,9
person:e soucy,person:e soucy,E. Soucy,1,9.0,0.0,9
person:adrian quintana,person:adrian quintana,Adrian Quintana,1,9.0,0.0,10
person:m earnshaw,person:m earnshaw,M. Earnshaw,1,9.0,0.0,10
person:s dura bernal,person:s dura bernal,S. Dura-Bernal,1,9.0,0.0,10
person:a matsushita,person:a matsushita,A. Matsushita,1,9.0,0.0,8
person:finlay stewart,person:finlay stewart,Finlay J Stewart,1,9.0,0.0,8
person:marko ilic,person:marko ilic,Marko Ilić,1,9.0,0.0,8
person:daiki wakita,person:daiki wakita,Daiki Wakita,1,9.0,0.0,8
person:n miyazaki,person:n miyazaki,N. Miyazaki,1,9.0,0.0,8
person:k murata,person:k murata,K. Murata,1,9.0,0.0,8
person:m kinoshita,person:m kinoshita,M. Kinoshita,1,9.0,0.0,8
person:gregor belusic,person:gregor belusic,Gregor Belušič,1,9.0,0.0,8
person:k arikawa,person:k arikawa,K. Arikawa,1,9.0,0.0,8
person:antoine sussfeld,person:antoine sussfeld,Antoine Sussfeld,1,9.0,0.0,4
person:t yoon,person:t yoon,T. Yoon,1,9.0,0.0,5
person:jinsoo seo,person:jinsoo seo,Jinsoo Seo,1,9.0,0.0,5
person:j um,person:j um,J. Um,1,9.0,0.0,5
person:j ko,person:j ko,J. Ko,1,9.0,0.0,5
person:zizhen liang,person:zizhen liang,Zizhen Liang,1,9.0,0.0,0
person:tao ni,person:tao ni,Tao Ni,1,9.0,0.0,0
person:p erdmann,person:p erdmann,P. Erdmann,1,9.0,0.0,0
person:emanuele plebani,person:emanuele plebani,Emanuele Plebani,1,9.0,0.0,50
person:natalia biscola,person:natalia biscola,Natalia P. Biscola,1,9.0,0.0,50
person:l havton,person:l havton,L. Havton,1,9.0,0.0,50
person:bartek rajwa,person:bartek rajwa,Bartek Rajwa,1,9.0,0.0,50
person:abida sanjana shemonti,person:abida sanjana shemonti,Abida Sanjana Shemonti,1,9.0,0.0,50
person:deborah jaffey,person:deborah jaffey,Deborah M Jaffey,1,9.0,0.0,50
person:t powley,person:t powley,T. Powley,1,9.0,0.0,50
person:j keast,person:j keast,J. Keast,1,9.0,0.0,50
person:kun han lu,person:kun han lu,Kun-Han Lu,1,9.0,0.0,50
person:m dundar,person:m dundar,M. M. Dundar,1,9.0,0.0,50
person:abhimanyu talwar,person:abhimanyu talwar,Abhimanyu Talwar,1,9.0,0.0,1
person:bowen zheng,person:bowen zheng,Bowen Zheng,1,9.0,0.0,1
person:haixia long,person:haixia long,Haixia Long,1,9.0,0.0,0
person:qianwei zhou,person:qianwei zhou,Qianwei Zhou,1,9.0,0.0,0
person:zhaolin fang,person:zhaolin fang,Zhaolin Fang,1,9.0,0.0,0
person:mingqi lv,person:mingqi lv,Mingqi Lv,1,9.0,0.0,0
person:jie xiao,person:jie xiao,Jie Xiao,1,9.0,0.0,0
person:ming fan,person:ming fan,Ming Fan,1,9.0,0.0,0
person:cameron condylis,person:cameron condylis,Cameron Condylis,1,9.0,0.0,0
person:abed ghanbari,person:abed ghanbari,Abed Ghanbari,1,9.0,0.0,0
person:nikita manjrekar,person:nikita manjrekar,Nikita Manjrekar,1,9.0,0.0,0
person:karina bistrong,person:karina bistrong,Karina Bistrong,1,9.0,0.0,0
person:jerry chen,person:jerry chen,Jerry L. Chen,1,9.0,0.0,0
person:ivan larderet,person:ivan larderet,Ivan Larderet,1,9.0,0.0,2
person:pauline fritsch,person:pauline fritsch,Pauline M. J. Fritsch,1,9.0,0.0,2
person:n gendre,person:n gendre,N. Gendre,1,9.0,0.0,2
person:larisa neagu maier,person:larisa neagu maier,Larisa Neagu-Maier,1,9.0,0.0,2
person:s sprecher,person:s sprecher,S. Sprecher,1,9.0,0.0,2
person:sebastian britz,person:sebastian britz,Sebastian Britz,1,9.0,0.0,1
person:sven proppert,person:sven proppert,Sven Proppert,1,9.0,0.0,1
person:m lang,person:m lang,M. Lang,1,9.0,0.0,1
person:m sauer,person:m sauer,M. Sauer,1,9.0,0.0,1
person:luis vargas,person:luis vargas,Luis O. Vargas,1,9.0,0.0,51
person:samuel latzman,person:samuel latzman,Samuel Latzman,1,9.0,0.0,51
person:leela tickoo,person:leela tickoo,Leela Tickoo,1,9.0,0.0,51
person:m abikenari,person:m abikenari,M. Abikenari,1,9.0,0.0,51
person:shoaib syed,person:shoaib syed,Shoaib A. Syed,1,9.0,0.0,51
person:l mittelman,person:l mittelman,L. Mittelman,1,9.0,0.0,51
person:nicholas cassimatis,person:nicholas cassimatis,Nicholas D. Cassimatis,1,9.0,0.0,51
person:chin ming teng,person:chin ming teng,Chin‐Ming Teng,1,9.0,0.0,51
person:inigo sistiaga,person:inigo sistiaga,Iñigo L. Sistiaga,1,9.0,0.0,51
person:randy amico,person:randy amico,Randy S D'Amico,1,9.0,0.0,51
person:marcel beining,person:marcel beining,Marcel Beining,1,9.0,0.0,6
person:c schramm,person:c schramm,C. Schramm,1,9.0,0.0,6
person:philipp hennig,person:philipp hennig,Philipp Hennig,1,9.0,0.0,6
person:levi helmick,person:levi helmick,Levi M. Helmick,1,9.0,0.0,9
person:victoria knotts,person:victoria knotts,Victoria L. Knotts,1,9.0,0.0,9
person:brennah martik,person:brennah martik,Brennah N. Martik,1,9.0,0.0,9
person:lauren warner,person:lauren warner,Lauren Warner,1,9.0,0.0,9
person:sophia valla,person:sophia valla,Sophia V. Valla,1,9.0,0.0,9
person:m paveliev,person:m paveliev,M. Paveliev,1,9.0,0.0,52
person:anton egorchev,person:anton egorchev,Anton A Egorchev,1,9.0,0.0,52
person:foat musin,person:foat musin,Foat Musin,1,9.0,0.0,52
person:n lipachev,person:n lipachev,N. Lipachev,1,9.0,0.0,52
person:a melnikova,person:a melnikova,A. Melnikova,1,9.0,0.0,52
person:rustem gimadutdinov,person:rustem gimadutdinov,Rustem M. Gimadutdinov,1,9.0,0.0,52
person:aidar kashipov,person:aidar kashipov,Aidar R. Kashipov,1,9.0,0.0,52
person:dmitry molotkov,person:dmitry molotkov,Dmitry Molotkov,1,9.0,0.0,52
person:dmitry chickrin,person:dmitry chickrin,Dmitry E. Chickrin,1,9.0,0.0,52
person:albert aganov,person:albert aganov,Albert V. Aganov,1,9.0,0.0,52
person:lucija jankovic rapan,person:lucija jankovic rapan,Lucija Jankovic-Rapan,1,9.0,0.0,5
person:benjamin gallusser,person:benjamin gallusser,Benjamin Gallusser,1,9.0,0.0,12
person:g maltese,person:g maltese,G. Maltese,1,9.0,0.0,12
person:g di caprio,person:g di caprio,G. Di Caprio,1,9.0,0.0,12
person:t vadakkan,person:t vadakkan,T. Vadakkan,1,9.0,0.0,12
person:anwesha sanyal,person:anwesha sanyal,Anwesha Sanyal,1,9.0,0.0,12
person:elliott somerville,person:elliott somerville,Elliott Somerville,1,9.0,0.0,12
person:m sahasrabudhe,person:m sahasrabudhe,M. Sahasrabudhe,1,9.0,0.0,12
person:justin connor,person:justin connor,Justin O'Connor,1,9.0,0.0,12
person:f vernaillen,person:f vernaillen,F. Vernaillen,1,9.0,0.0,7
person:a kremer,person:a kremer,A. Kremer,1,9.0,0.0,7
person:amanda goncalves,person:amanda goncalves,Amanda Gonçalves,1,9.0,0.0,7
person:j aelterman,person:j aelterman,J. Aelterman,1,9.0,0.0,7
person:h luong,person:h luong,H. Luong,1,9.0,0.0,7
person:b goossens,person:b goossens,B. Goossens,1,9.0,0.0,7
person:s lippens,person:s lippens,S. Lippens,1,9.0,0.0,7
person:dorothy schafer,person:dorothy schafer,Dorothy P. Schafer,1,9.0,0.0,54
person:emily lehrman,person:emily lehrman,Emily K. Lehrman,1,9.0,0.0,54
person:amanda kautzman,person:amanda kautzman,Amanda G Kautzman,1,9.0,0.0,54
person:ryuta koyama,person:ryuta koyama,Ryuta Koyama,1,9.0,0.0,54
person:alan mardinly,person:alan mardinly,Alan R. Mardinly,1,9.0,0.0,54
person:r yamasaki,person:r yamasaki,R. Yamasaki,1,9.0,0.0,54
person:r ransohoff,person:r ransohoff,R. Ransohoff,1,9.0,0.0,54
person:m greenberg,person:m greenberg,M. Greenberg,1,9.0,0.0,54
person:b barres,person:b barres,B. Barres,1,9.0,0.0,54
person:beth stevens,person:beth stevens,Beth Stevens,1,9.0,0.0,54
person:a matskevych,person:a matskevych,A. Matskevych,1,9.0,0.0,7
person:a wolny,person:a wolny,A. Wolny,1,9.0,0.0,7
person:marion louveaux,person:marion louveaux,Marion Louveaux,1,9.0,0.0,7
person:j musser,person:j musser,J. Musser,1,9.0,0.0,7
person:a maizel,person:a maizel,A. Maizel,1,9.0,0.0,7
person:wenyu zhao,person:wenyu zhao,Wenyu Zhao,1,9.0,0.0,0
person:a zimmerman,person:a zimmerman,A. Zimmerman,1,9.0,0.0,74
person:a chesi,person:a chesi,A. Chesi,1,9.0,0.0,74
person:fusun doldur balli,person:fusun doldur balli,Fusun Doldur-Balli,1,9.0,0.0,74
person:erika almeraya del valle,person:erika almeraya del valle,Erika Almeraya del Valle,1,9.0,0.0,74
person:jeffrey rosa,person:jeffrey rosa,Jeffrey B Rosa,1,9.0,0.0,74
person:a pack,person:a pack,A. Pack,1,9.0,0.0,74
person:struan grant,person:struan grant,Struan F. A. Grant,1,9.0,0.0,74
person:matthew kayser,person:matthew kayser,Matthew S. Kayser,1,9.0,0.0,74
person:li xiao,person:li xiao,Li Xiao,1,9.0,0.0,0
person:jiayi zhong,person:jiayi zhong,Jiayi Zhong,1,9.0,0.0,0
person:junjie hu,person:junjie hu,Junjie Hu,1,9.0,0.0,0
person:sun fei,person:sun fei,Sun Fei,1,9.0,0.0,0
person:jude bimela,person:jude bimela,Jude S. Bimela,1,9.0,0.0,4
person:nila monig,person:nila monig,Nila R. Mönig,1,9.0,0.0,6
person:nesibe temiz,person:nesibe temiz,Nesibe Z. Temiz,1,9.0,0.0,6
person:r montano crespo,person:r montano crespo,R. E. Montaño Crespo,1,9.0,0.0,6
person:tafheem masudi,person:tafheem masudi,Tafheem Masudi,1,9.0,0.0,6
person:h yu,person:h yu,H. Yu,1,9.0,0.0,0
person:l tomas roca,person:l tomas roca,L. Tomas-Roca,1,8.0,0.0,7
person:j gonzalez soriano,person:j gonzalez soriano,J. González-Soriano,1,8.0,0.0,7
person:m dominguez alvaro,person:m dominguez alvaro,M. Domínguez-Álvaro,1,8.0,0.0,7
person:s stetina,person:s stetina,S. Stetina,1,8.0,0.0,4
person:joseph watson,person:joseph watson,Joseph D. Watson,1,8.0,0.0,4
person:w spencer,person:w spencer,W. C. Spencer,1,8.0,0.0,4
person:p roy,person:p roy,P. Roy,1,8.0,0.0,4
person:j albrecht,person:j albrecht,J. P. Albrecht,1,8.0,0.0,12
person:maximilian otto,person:maximilian otto,Maximilian Otto,1,8.0,0.0,12
person:leticia elizabeth galicia garcia,person:leticia elizabeth galicia garcia,Leticia Elizabeth Galicia Garcia,1,8.0,0.0,12
person:m shewarega,person:m shewarega,M. Shewarega,1,8.0,0.0,33
person:philipp harth,person:philipp harth,Philipp Harth,1,8.0,0.0,33
person:j stegmaier,person:j stegmaier,J. Stegmaier,1,8.0,0.0,33
person:frank schubert,person:frank schubert,Frank K. Schubert,1,8.0,0.0,16
person:enrico bertolini,person:enrico bertolini,Enrico Bertolini,1,8.0,0.0,16
person:nicolas hagedorn,person:nicolas hagedorn,Nicolas Hagedorn,1,8.0,0.0,16
person:mehmet fisek,person:mehmet fisek,Mehmet Fişek,1,8.0,0.0,28
person:vincenzo marra,person:vincenzo marra,Vincenzo Marra,1,8.0,0.0,28
person:c racca,person:c racca,C. Racca,1,8.0,0.0,28
person:k staras,person:k staras,K. Staras,1,8.0,0.0,28
person:a mattioni,person:a mattioni,A. Mattioni,1,8.0,0.0,7
person:roberta schellino,person:roberta schellino,Roberta Schellino,1,8.0,0.0,7
person:marina boido,person:marina boido,Marina Boido,1,8.0,0.0,7
person:alicia costalago meruelo,person:alicia costalago meruelo,Alicia Costalago-Meruelo,1,8.0,0.0,7
person:kofi appiah,person:kofi appiah,Kofi Appiah,1,8.0,0.0,7
person:a mujika,person:a mujika,A. Mujika,1,8.0,0.0,7
person:p leskovsky,person:p leskovsky,P. Leškovský,1,8.0,0.0,7
person:roberto alvarez,person:roberto alvarez,Roberto Álvarez,1,8.0,0.0,7
person:gorka epelde,person:gorka epelde,Gorka Epelde,1,8.0,0.0,7
person:ji ryang chung,person:ji ryang chung,Ji Ryang Chung,1,8.0,0.0,6
person:c sung,person:c sung,C. Sung,1,8.0,0.0,6
person:d mayerich,person:d mayerich,D. Mayerich,1,8.0,0.0,6
person:jaerock kwon,person:jaerock kwon,Jaerock Kwon,1,8.0,0.0,6
person:daniel miller,person:daniel miller,Daniel E. Miller,1,8.0,0.0,6
person:j keyser,person:j keyser,J. Keyser,1,8.0,0.0,6
person:ruohua shi,person:ruohua shi,Ruohua Shi,1,8.0,0.0,0
person:liuyuan he,person:liuyuan he,Liuyuan He,1,8.0,0.0,0
person:kaiwen sheng,person:kaiwen sheng,Kaiwen Sheng,1,8.0,0.0,0
person:lei ma,person:lei ma,Lei Ma,1,8.0,0.0,0
person:kai du,person:kai du,Kai Du,1,8.0,0.0,0
person:jessica priest,person:jessica priest,Jessica M. Priest,1,8.0,0.0,4
person:agnieszka olechwier,person:agnieszka olechwier,Agnieszka M. Olechwier,1,8.0,0.0,4
person:asaf caspi lebovic,person:asaf caspi lebovic,Asaf B. Caspi-Lebovic,1,8.0,0.0,4
person:weronika ukaszczyk,person:weronika ukaszczyk,Weronika Łukaszczyk,1,8.0,0.0,4
person:vasudha aher,person:vasudha aher,Vasudha Aher,1,8.0,0.0,4
person:alicia keberle,person:alicia keberle,Alicia Keberle,1,8.0,0.0,11
person:x shu,person:x shu,X. Shu,1,8.0,0.0,0
person:ericka ramko,person:ericka ramko,Ericka B. Ramko,1,8.0,0.0,0
person:m davidson,person:m davidson,M. Davidson,1,8.0,0.0,0
person:s ito,person:s ito,S. Ito,1,8.0,0.0,0
person:darrell haufler,person:darrell haufler,Darrell Haufler,1,8.0,0.0,0
person:j fraile,person:j fraile,J. G. Fraile,1,8.0,0.0,0
person:kael dai,person:kael dai,Kael Dai,1,8.0,0.0,0
person:joseph aman,person:joseph aman,Joseph Aman,1,8.0,0.0,0
person:claudio mirasso,person:claudio mirasso,Claudio R. Mirasso,1,8.0,0.0,0
person:wolfgang maass,person:wolfgang maass,Wolfgang Maass,1,8.0,0.0,0
person:inbal shainer,person:inbal shainer,Inbal Shainer,1,8.0,0.0,6
person:enrico kuehn,person:enrico kuehn,Enrico Kuehn,1,8.0,0.0,6
person:mariam al kassar,person:mariam al kassar,Mariam Al Kassar,1,8.0,0.0,6
person:johannes larsch,person:johannes larsch,Johannes Larsch,1,8.0,0.0,6
person:n pospelov,person:n pospelov,N. Pospelov,1,8.0,0.0,90
person:v avetisov,person:v avetisov,V. Avetisov,1,8.0,0.0,90
person:a gorsky,person:a gorsky,A. Gorsky,1,8.0,0.0,90
person:haritz plazaola,person:haritz plazaola,Haritz Plazaola,1,8.0,0.0,8
person:jana balke,person:jana balke,Jana Balke,1,8.0,0.0,8
person:amr hasan,person:amr hasan,Amr Hasan,1,8.0,0.0,8
person:lucas munch,person:lucas munch,Lucas Münch,1,8.0,0.0,8
person:thomas mathejczyk,person:thomas mathejczyk,Thomas F. Mathejczyk,1,8.0,0.0,8
person:w mcfadden,person:w mcfadden,W. C. McFadden,1,8.0,0.0,11
person:hadley walsh,person:hadley walsh,Hadley Walsh,1,8.0,0.0,11
person:celine soudant,person:celine soudant,Céline Soudant,1,8.0,0.0,11
person:c bryce,person:c bryce,C. Bryce,1,8.0,0.0,11
person:m fowkes,person:m fowkes,M. Fowkes,1,8.0,0.0,11
person:j paknahad,person:j paknahad,J. Paknahad,1,8.0,0.0,8
person:ruby jacobs,person:ruby jacobs,Ruby V. Jacobs,1,8.0,0.0,0
person:crystal wang,person:crystal wang,Crystal X. Wang,1,8.0,0.0,0
person:lam nguyen,person:lam nguyen,Lam Nguyen,1,8.0,0.0,0
person:trinity pruitt,person:trinity pruitt,Trinity J. Pruitt,1,8.0,0.0,0
person:fiorella lozada perdomo,person:fiorella lozada perdomo,Fiorella V. Lozada-Perdomo,1,8.0,0.0,0
person:julia deere,person:julia deere,Julia U. Deere,1,8.0,0.0,0
person:hannah liphart,person:hannah liphart,Hannah A. Liphart,1,8.0,0.0,0
person:anita devineni,person:anita devineni,Anita V. Devineni,1,8.0,0.0,0
person:benedetta gambosi,person:benedetta gambosi,Benedetta Gambosi,1,8.0,0.0,30
person:dionysios perdikis,person:dionysios perdikis,Dionysios Perdikis,1,8.0,0.0,30
person:j meier,person:j meier,J. Meier,1,8.0,0.0,30
person:alberto mazzoni,person:alberto mazzoni,Alberto Mazzoni,1,8.0,0.0,30
person:g ferrigno,person:g ferrigno,G. Ferrigno,1,8.0,0.0,30
person:p ritter,person:p ritter,P. Ritter,1,8.0,0.0,30
person:a pedrocchi,person:a pedrocchi,A. Pedrocchi,1,8.0,0.0,30
person:bettina brokowski,person:bettina brokowski,Bettina Brokowski,1,8.0,0.0,7
person:bella brezovec,person:bella brezovec,Bella E. Brezovec,1,8.0,0.0,15
person:andrew berger,person:andrew berger,Andrew B. Berger,1,8.0,0.0,15
person:osama ahmed,person:osama ahmed,Osama M. Ahmed,1,8.0,0.0,15
person:s thiberge,person:s thiberge,S. Thiberge,1,8.0,0.0,15
person:mei yao,person:mei yao,Mei Yao,1,8.0,0.0,0
person:ayizuohere tudi,person:ayizuohere tudi,Ayizuohere Tudi,1,8.0,0.0,0
person:xu an,person:xu an,Xu An,1,8.0,0.0,0
person:adrian alejandro garcia,person:adrian alejandro garcia,Adrián Alejandro-García,1,8.0,0.0,3
person:eric hoopfer,person:eric hoopfer,Eric D. Hoopfer,1,8.0,0.0,3
person:qiyuan tian,person:qiyuan tian,Qiyuan Tian,1,8.0,0.0,6
person:maxina sheft,person:maxina sheft,Maxina Sheft,1,8.0,0.0,6
person:ricardo coronado leija,person:ricardo coronado leija,Ricardo Coronado-Leija,1,8.0,0.0,6
person:gabriel ramos llorden,person:gabriel ramos llorden,Gabriel Ramos-Llordén,1,8.0,0.0,6
person:ali abdollahzadeh,person:ali abdollahzadeh,Ali Abdollahzadeh,1,8.0,0.0,6
person:e fieremans,person:e fieremans,E. Fieremans,1,8.0,0.0,6
person:dmitry novikov,person:dmitry novikov,Dmitry S. Novikov,1,8.0,0.0,6
person:s lariviere,person:s lariviere,S. Larivière,1,8.0,0.0,5
person:reinder vos de wael,person:reinder vos de wael,Reinder Vos de Wael,1,8.0,0.0,5
person:c paquola,person:c paquola,C. Paquola,1,8.0,0.0,5
person:n bernasconi,person:n bernasconi,N. Bernasconi,1,8.0,0.0,5
person:a bernasconi,person:a bernasconi,A. Bernasconi,1,8.0,0.0,5
person:shuai shao,person:shuai shao,Shuai Shao,1,8.0,0.0,0
person:michelle po,person:michelle po,Michelle D. Po,1,8.0,0.0,0
person:t kawano,person:t kawano,T. Kawano,1,8.0,0.0,0
person:andrii iudin,person:andrii iudin,Andrii Iudin,1,8.0,0.0,58
person:paul korir,person:paul korir,Paul K. Korir,1,8.0,0.0,58
person:sriram somasundharam,person:sriram somasundharam,Sriram Somasundharam,1,8.0,0.0,58
person:simone weyand,person:simone weyand,Simone Weyand,1,8.0,0.0,58
person:cesare cattavitello,person:cesare cattavitello,Cesare Cattavitello,1,8.0,0.0,58
person:n fonseca,person:n fonseca,N. Fonseca,1,8.0,0.0,58
person:o salih,person:o salih,O. Salih,1,8.0,0.0,58
person:g kleywegt,person:g kleywegt,G. Kleywegt,1,8.0,0.0,58
person:a patwardhan,person:a patwardhan,A. Patwardhan,1,8.0,0.0,58
person:jakob neef,person:jakob neef,Jakob Neef,1,8.0,0.0,0
person:j hokanson,person:j hokanson,J. Hokanson,1,8.0,0.0,10
person:b szigeti,person:b szigeti,B. Szigeti,1,8.0,0.0,10
person:malalaniaina rakotobe,person:malalaniaina rakotobe,Malalaniaina Rakotobe,1,8.0,0.0,1
person:g virmani,person:g virmani,G. Virmani,1,8.0,0.0,1
person:g kaddour,person:g kaddour,G. Kaddour,1,8.0,0.0,1
person:f doussau,person:f doussau,F. Doussau,1,8.0,0.0,1
person:scott wilke,person:scott wilke,Scott A. Wilke,1,8.0,0.0,0
person:joseph antonios,person:joseph antonios,Joseph K. Antonios,1,8.0,0.0,0
person:ali badkoobehi,person:ali badkoobehi,Ali Badkoobehi,1,8.0,0.0,0
person:elmar malek,person:elmar malek,Elmar Malek,1,8.0,0.0,0
person:minju hwang,person:minju hwang,Minju Hwang,1,8.0,0.0,0
person:cesar ceballos,person:cesar ceballos,Cesar Ceballos,1,8.0,0.0,0
person:juan lopez,person:juan lopez,Juan Lopez,1,8.0,0.0,0
person:ty roachford,person:ty roachford,Ty Roachford,1,8.0,0.0,0
person:daniel sanchez,person:daniel sanchez,Daniel Sánchez,1,8.0,0.0,0
person:sabrina jara,person:sabrina jara,Sabrina Jara,1,8.0,0.0,0
person:kelli robbins,person:kelli robbins,Kelli Robbins,1,8.0,0.0,0
person:casey spencer,person:casey spencer,Casey Spencer,1,8.0,0.0,0
person:r pena,person:r pena,R. Pena,1,8.0,0.0,0
person:john conroy,person:john conroy,John M. Conroy,1,8.0,0.0,2
person:l podrazik,person:l podrazik,L. J. Podrazik,1,8.0,0.0,2
person:s kratzer,person:s kratzer,S. Kratzer,1,8.0,0.0,2
person:eric harley,person:eric harley,Eric T. Harley,1,8.0,0.0,2
person:d atasoy,person:d atasoy,D. Atasoy,1,8.0,0.0,0
person:j betley,person:j betley,J. N. Betley,1,8.0,0.0,0
person:sinem sertel,person:sinem sertel,Sinem M. Sertel,1,8.0,0.0,0
person:andrea nathansen,person:andrea nathansen,Andrea Nathansen,1,8.0,0.0,9
person:matthis clausen,person:matthis clausen,Matthis Clausen,1,8.0,0.0,9
person:e mackenzie,person:e mackenzie,E. MacKenzie,1,8.0,0.0,9
person:wei jei peng,person:wei jei peng,Wei-Jei Peng,1,8.0,0.0,8
person:m vellema,person:m vellema,M. Vellema,1,8.0,0.0,60
person:mariana diales rocha,person:mariana diales rocha,Mariana Diales Rocha,1,8.0,0.0,60
person:sabrina bascones,person:sabrina bascones,Sabrina Bascones,1,8.0,0.0,60
person:s zsebok,person:s zsebok,S. Zsebők,1,8.0,0.0,60
person:jes dreier,person:jes dreier,Jes Dreier,1,8.0,0.0,60
person:s leitner,person:s leitner,S. Leitner,1,8.0,0.0,60
person:a van der linden,person:a van der linden,A. Van der Linden,1,8.0,0.0,60
person:jonathan brewer,person:jonathan brewer,Jonathan Brewer,1,8.0,0.0,60
person:m gahr,person:m gahr,M. Gahr,1,8.0,0.0,60
person:disa mhembere,person:disa mhembere,Disa Mhembere,1,8.0,0.0,2
person:r jung,person:r jung,R. Jung,1,8.0,0.0,2
person:s ryman,person:s ryman,S. Ryman,1,8.0,0.0,2
person:a sorokina,person:a sorokina,A. Sorokina,1,8.0,0.0,13
person:j koranda,person:j koranda,J. Koranda,1,8.0,0.0,13
person:a monical,person:a monical,A. Monical,1,8.0,0.0,13
person:c heer,person:c heer,C. Heer,1,8.0,0.0,13
person:m sheffield,person:m sheffield,M. Sheffield,1,8.0,0.0,13
person:d mcgehee,person:d mcgehee,D. McGehee,1,8.0,0.0,13
person:b kasthuri,person:b kasthuri,B. Kasthuri,1,8.0,0.0,13
person:wenqin du,person:wenqin du,Wenqin Du,1,8.0,0.0,0
person:ying li,person:ying li,Ying C. Li,1,8.0,0.0,0
person:m veldhuizen,person:m veldhuizen,M. Veldhuizen,1,8.0,0.0,61
person:c cecchetto,person:c cecchetto,C. Cecchetto,1,8.0,0.0,61
person:a fjaeldstad,person:a fjaeldstad,A. Fjaeldstad,1,8.0,0.0,61
person:m farruggia,person:m farruggia,M. Farruggia,1,8.0,0.0,61
person:r hartig,person:r hartig,R. Hartig,1,8.0,0.0,61
person:yuko nakamura,person:yuko nakamura,Yuko Nakamura,1,8.0,0.0,61
person:r pellegrino,person:r pellegrino,R. Pellegrino,1,8.0,0.0,61
person:andy wai kan yeung,person:andy wai kan yeung,Andy Wai Kan Yeung,1,8.0,0.0,61
person:f fischmeister,person:f fischmeister,F. Fischmeister,1,8.0,0.0,61
person:patricia smith,person:patricia smith,Patricia Smith,1,8.0,0.0,0
person:o king,person:o king,O. N. King,1,8.0,0.0,0
person:avery pennington,person:avery pennington,Avery Pennington,1,8.0,0.0,0
person:w tun,person:w tun,W. Tun,1,8.0,0.0,0
person:mark basham,person:mark basham,Mark Basham,1,8.0,0.0,0
person:m darrow,person:m darrow,M. Darrow,1,8.0,0.0,0
person:arthur edgren,person:arthur edgren,Arthur Edgren,1,8.0,0.0,0
person:g allan johnson,person:g allan johnson,G. Allan Johnson,1,8.0,0.0,0
person:forrest pratson,person:forrest pratson,Forrest Pratson,1,8.0,0.0,0
person:n tustison,person:n tustison,N. Tustison,1,8.0,0.0,0
person:lisa mais,person:lisa mais,Lisa Mais,1,8.0,0.0,1
person:peter hirsch,person:peter hirsch,Peter Hirsch,1,8.0,0.0,1
person:ramya kandarpa,person:ramya kandarpa,Ramya Kandarpa,1,8.0,0.0,1
person:j rumberger,person:j rumberger,J. L. Rumberger,1,8.0,0.0,1
person:annika reinke,person:annika reinke,Annika Reinke,1,8.0,0.0,1
person:lena maier hein,person:lena maier hein,Lena Maier-Hein,1,8.0,0.0,1
person:dagmar kainmuller,person:dagmar kainmuller,Dagmar Kainmüller,1,8.0,0.0,1
person:bettina gann,person:bettina gann,Bettina Gann,1,8.0,0.0,7
person:min huang,person:min huang,Min Huang,1,8.0,0.0,0
person:s pieraut,person:s pieraut,S. Pieraut,1,8.0,0.0,0
person:jasmine cao,person:jasmine cao,Jasmine Cao,1,8.0,0.0,0
person:vincenzo roncace,person:vincenzo roncace,Vincenzo Roncace,1,8.0,0.0,0
person:gloria shen,person:gloria shen,Gloria Shen,1,8.0,0.0,0
person:c ramos medina,person:c ramos medina,C. Ramos-Medina,1,8.0,0.0,0
person:kevin beier,person:kevin beier,Kevin T. Beier,1,8.0,0.0,2
person:arpiar saunders,person:arpiar saunders,Arpiar Saunders,1,8.0,0.0,2
person:i oldenburg,person:i oldenburg,I. Oldenburg,1,8.0,0.0,2
person:n akhtar,person:n akhtar,N. Akhtar,1,8.0,0.0,2
person:s whelan,person:s whelan,S. Whelan,1,8.0,0.0,2
person:c cepko,person:c cepko,C. Cepko,1,8.0,0.0,2
person:y moreno,person:y moreno,Y. Moreno,1,8.0,0.0,0
person:sen lin lai,person:sen lin lai,Sen-Lin Lai,1,8.0,0.0,2
person:laurina manning,person:laurina manning,Laurina Manning,1,8.0,0.0,2
person:heather pollington,person:heather pollington,Heather Q. Pollington,1,8.0,0.0,2
person:h ros,person:h ros,H. Roš,1,8.0,0.0,9
person:n lesica,person:n lesica,N. Lesica,1,8.0,0.0,9
person:k wako,person:k wako,K. Wako,1,8.0,0.0,19
person:suiki maruo,person:suiki maruo,Suiki Maruo,1,8.0,0.0,19
person:tomoyuki taguchi,person:tomoyuki taguchi,Tomoyuki Taguchi,1,8.0,0.0,19
person:m ikuno,person:m ikuno,M. Ikuno,1,8.0,0.0,19
person:h yamakado,person:h yamakado,H. Yamakado,1,8.0,0.0,19
person:r takahashi,person:r takahashi,R. Takahashi,1,8.0,0.0,19
person:yutaka shindo,person:yutaka shindo,Yutaka Shindo,1,8.0,0.0,19
person:keita ashida,person:keita ashida,Keita Ashida,1,8.0,0.0,19
person:k masamoto,person:k masamoto,K. Masamoto,1,8.0,0.0,19
person:h takuwa,person:h takuwa,H. Takuwa,1,8.0,0.0,19
person:makoto higuchi,person:makoto higuchi,Makoto Higuchi,1,8.0,0.0,19
person:ryuto ide,person:ryuto ide,Ryuto Ide,1,8.0,0.0,19
person:k hotta,person:k hotta,K. Hotta,1,8.0,0.0,19
person:k oka,person:k oka,K. Oka,1,8.0,0.0,19
person:kristopher jensen,person:kristopher jensen,Kristopher T. Jensen,1,8.0,0.0,1
person:saba ali,person:saba ali,Saba Ali,1,8.0,0.0,1
person:r ray,person:r ray,R. Ray,1,8.0,0.0,1
person:shigeki watanabe,person:shigeki watanabe,Shigeki Watanabe,1,8.0,0.0,8
person:e jorgensen,person:e jorgensen,E. Jorgensen,1,8.0,0.0,8
person:hidehiko inagaki,person:hidehiko inagaki,Hidehiko K. Inagaki,1,8.0,0.0,2
person:s de leon,person:s de leon,S. B. de-Leon,1,8.0,0.0,2
person:smitha jagadish,person:smitha jagadish,Smitha Jagadish,1,8.0,0.0,2
person:h ishimoto,person:h ishimoto,H. Ishimoto,1,8.0,0.0,2
person:t kitamoto,person:t kitamoto,T. Kitamoto,1,8.0,0.0,2
person:citation hayworth,person:citation hayworth,Citation Hayworth,1,8.0,0.0,1
person:k j,person:k j,K. J,1,8.0,0.0,1
person:wiktor jakubiuk,person:wiktor jakubiuk,Wiktor Jakubiuk,1,8.0,0.0,1
person:igor fortel,person:igor fortel,Igor Fortel,1,8.0,0.0,0
person:laura korthauer,person:laura korthauer,Laura E. Korthauer,1,8.0,0.0,0
person:zachery morrissey,person:zachery morrissey,Zachery D. Morrissey,1,8.0,0.0,0
person:ouri wolfson,person:ouri wolfson,Ouri E. Wolfson,1,8.0,0.0,0
person:i driscoll,person:i driscoll,I. Driscoll,1,8.0,0.0,0
person:daniel schonfeld,person:daniel schonfeld,Daniel Schonfeld,1,8.0,0.0,0
person:annie bryant,person:annie bryant,Annie G. Bryant,1,8.0,0.0,5
person:aditi jha,person:aditi jha,Aditi Jha,1,8.0,0.0,5
person:sumeet agarwal,person:sumeet agarwal,Sumeet Agarwal,1,8.0,0.0,5
person:patrick cahill,person:patrick cahill,Patrick Cahill,1,8.0,0.0,5
person:brandon lam,person:brandon lam,Brandon Lam,1,8.0,0.0,5
person:s oldham,person:s oldham,S. Oldham,1,8.0,0.0,5
person:bd fulcher,person:bd fulcher,BD Fulcher,1,8.0,0.0,5
person:kuo jen hsu,person:kuo jen hsu,Kuo-Jen Hsu,1,8.0,0.0,8
person:ke su,person:ke su,Ke Su,1,8.0,0.0,8
person:m raghavan,person:m raghavan,M. Raghavan,1,8.0,0.0,3
person:matthias christenson,person:matthias christenson,Matthias P. Christenson,1,8.0,0.0,2
person:sarah heath,person:sarah heath,Sarah L. Heath,1,8.0,0.0,2
person:maia saavedra weisenhaus,person:maia saavedra weisenhaus,Maia Saavedra-Weisenhaus,1,8.0,0.0,2
person:a sanz,person:a sanz,A. Sanz,1,8.0,0.0,2
person:alison canty,person:alison canty,Alison J. Canty,1,8.0,0.0,7
person:a canty,person:a canty,A. Canty,1,8.0,0.0,7
person:j jackson,person:j jackson,J. Jackson,1,8.0,0.0,7
person:g little,person:g little,G. Little,1,8.0,0.0,7
person:v paola,person:v paola,V. Paola,1,8.0,0.0,7
person:m ho,person:m ho,M. C. Ho,1,8.0,0.0,8
person:masashi tabuchi,person:masashi tabuchi,Masashi Tabuchi,1,8.0,0.0,8
person:xiaojun xie,person:xiaojun xie,Xiaojun Xie,1,8.0,0.0,8
person:skylar luu,person:skylar luu,Skylar Luu,1,8.0,0.0,8
person:a kolodkin,person:a kolodkin,A. Kolodkin,1,8.0,0.0,8
person:mark wu,person:mark wu,Mark N. Wu,1,8.0,0.0,8
person:j jezequel,person:j jezequel,J. Jézéquel,1,8.0,0.0,4
person:tim kroon,person:tim kroon,Tim Kroon,1,8.0,0.0,4
person:f hamid,person:f hamid,F. Hamid,1,8.0,0.0,4
person:stella sanalidou,person:stella sanalidou,Stella Sanalidou,1,8.0,0.0,4
person:teresa garces,person:teresa garces,Teresa Garces,1,8.0,0.0,4
person:patricia maeso,person:patricia maeso,Patricia Maeso,1,8.0,0.0,4
person:m balia,person:m balia,M. Balia,1,8.0,0.0,4
person:beatriz rico,person:beatriz rico,Beatriz Rico,1,8.0,0.0,4
person:t gion,person:t gion,T. Gion,1,8.0,0.0,2
person:robert hider,person:robert hider,Robert Hider,1,8.0,0.0,2
person:nicole tregoning,person:nicole tregoning,Nicole Tregoning,1,8.0,0.0,2
person:ian peikon,person:ian peikon,Ian D. Peikon,1,8.0,0.0,0
person:vasily vagin,person:vasily vagin,Vasily V. Vagin,1,8.0,0.0,0
person:diana ravens,person:diana ravens,Diana I. Ravens,1,8.0,0.0,0
person:eric brouzes,person:eric brouzes,Eric Brouzes,1,8.0,0.0,0
person:ivan correa,person:ivan correa,Ivan R. Corrêa,1,8.0,0.0,0
person:d bressan,person:d bressan,D. Bressan,1,8.0,0.0,0
person:emma fletcher,person:emma fletcher,Emma J. Fletcher,1,8.0,0.0,9
person:danielle matheny,person:danielle matheny,Danielle E. Matheny,1,8.0,0.0,9
person:keshav ramachandra,person:keshav ramachandra,Keshav L. Ramachandra,1,8.0,0.0,9
person:emily sales,person:emily sales,Emily C. Sales,1,8.0,0.0,2
person:ross ehmke,person:ross ehmke,Ross C Ehmke,1,8.0,0.0,5
person:m mennes,person:m mennes,M. Mennes,1,8.0,0.0,5
person:davide imperati,person:davide imperati,Davide Imperati,1,8.0,0.0,5
person:bijan varjavand,person:bijan varjavand,Bijan K. Varjavand,1,7.0,0.0,2
person:jesus arroyo relion,person:jesus arroyo relion,Jesús Arroyo‐Relión,1,7.0,0.0,2
person:m lam,person:m lam,M. Lam,1,7.0,0.0,0
person:won kyu ju,person:won kyu ju,Won-Kyu Ju,1,7.0,0.0,0
person:chandima bulumulla,person:chandima bulumulla,Chandima Bulumulla,1,7.0,0.0,76
person:andrew krasley,person:andrew krasley,Andrew T. Krasley,1,7.0,0.0,76
person:b cristofori armstrong,person:b cristofori armstrong,B. Cristofori-Armstrong,1,7.0,0.0,76
person:william valinsky,person:william valinsky,William C. Valinsky,1,7.0,0.0,76
person:d walpita,person:d walpita,D. Walpita,1,7.0,0.0,76
person:d clapham,person:d clapham,D. Clapham,1,7.0,0.0,76
person:abraham beyene,person:abraham beyene,Abraham G. Beyene,1,7.0,0.0,76
person:kyuhyun choi,person:kyuhyun choi,Kyuhyun Choi,1,7.0,0.0,10
person:luigim cifuentes vargas,person:luigim cifuentes vargas,Luigim Cifuentes-Vargas,1,7.0,0.0,10
person:edgar diaz hernandez,person:edgar diaz hernandez,Edgar Díaz-Hernández,1,7.0,0.0,10
person:nathan henderson,person:nathan henderson,Nathan T. Henderson,1,7.0,0.0,10
person:manivannan subramaniyan,person:manivannan subramaniyan,Manivannan Subramaniyan,1,7.0,0.0,10
person:m fuccillo,person:m fuccillo,M. Fuccillo,1,7.0,0.0,10
person:gagandeep singh,person:gagandeep singh,Gagandeep Singh,1,7.0,0.0,4
person:tejasvi kainth,person:tejasvi kainth,Tejasvi Kainth,1,7.0,0.0,4
person:s menon,person:s menon,S. S. Menon,1,7.0,0.0,4
person:v spektor,person:v spektor,V. Spektor,1,7.0,0.0,4
person:prateek prasanna,person:prateek prasanna,Prateek Prasanna,1,7.0,0.0,4
person:sunil manjila,person:sunil manjila,Sunil Manjila,1,7.0,0.0,4
person:weiley sunny liu,person:weiley sunny liu,Weiley Sunny Liu,1,7.0,0.0,8
person:e famiglietti,person:e famiglietti,E. Famiglietti,1,7.0,0.0,8
person:shan shen,person:shan shen,Shan Shen,1,7.0,0.0,6
person:alexander ecker,person:alexander ecker,Alexander S. Ecker,1,7.0,0.0,6
person:steven peltier,person:steven peltier,Steven T. Peltier,1,7.0,0.0,0
person:allison ludwig,person:allison ludwig,Allison L. Ludwig,1,7.0,0.0,0
person:steven mayerl,person:steven mayerl,Steven J. Mayerl,1,7.0,0.0,0
person:mark banghart,person:mark banghart,Mark Banghart,1,7.0,0.0,0
person:cole bacig,person:cole bacig,Cole Bacig,1,7.0,0.0,0
person:maria fernandez zepeda,person:maria fernandez zepeda,Maria A. Fernandez Zepeda,1,7.0,0.0,0
person:d gamm,person:d gamm,D. Gamm,1,7.0,0.0,0
person:j edwards,person:j edwards,J. Edwards,1,7.0,0.0,2
person:eric daniel,person:eric daniel,Eric Daniel,1,7.0,0.0,2
person:d johnston,person:d johnston,D. Johnston,1,7.0,0.0,2
person:c bajaj,person:c bajaj,C. Bajaj,1,7.0,0.0,2
person:brianna parrington,person:brianna parrington,Brianna A Parrington,1,7.0,0.0,4
person:murat keceli,person:murat keceli,Murat Keçeli,1,7.0,0.0,1
person:misha salim,person:misha salim,Misha Salim,1,7.0,0.0,1
person:meng tsen ke,person:meng tsen ke,Meng-Tsen Ke,1,7.0,0.0,63
person:yasuhiro nakai,person:yasuhiro nakai,Yasuhiro Nakai,1,7.0,0.0,63
person:s fujimoto,person:s fujimoto,S. Fujimoto,1,7.0,0.0,63
person:rie takayama,person:rie takayama,Rie Takayama,1,7.0,0.0,63
person:shuhei yoshida,person:shuhei yoshida,Shuhei Yoshida,1,7.0,0.0,63
person:t kitajima,person:t kitajima,T. Kitajima,1,7.0,0.0,63
person:makoto sato,person:makoto sato,Makoto Sato,1,7.0,0.0,63
person:takeshi imai,person:takeshi imai,Takeshi Imai,1,7.0,0.0,63
person:grace hwang,person:grace hwang,Grace M. Hwang,1,7.0,0.0,2
person:pia kruse,person:pia kruse,Pia Kruse,1,7.0,0.0,6
person:amelie eichler,person:amelie eichler,Amelie Eichler,1,7.0,0.0,6
person:hanna hemeling,person:hanna hemeling,Hanna Hemeling,1,7.0,0.0,6
person:phyllis stohr,person:phyllis stohr,Phyllis Stöhr,1,7.0,0.0,6
person:david grayson,person:david grayson,David S. Grayson,1,7.0,0.0,35
person:e bliss moreau,person:e bliss moreau,E. Bliss-Moreau,1,7.0,0.0,35
person:christopher machado,person:christopher machado,Christopher J. Machado,1,7.0,0.0,35
person:j bennett,person:j bennett,J. Bennett,1,7.0,0.0,35
person:k grant,person:k grant,K. Grant,1,7.0,0.0,35
person:david amaral1,person:david amaral1,David G Amaral1,1,7.0,0.0,35
person:emily benson,person:emily benson,Emily K. Benson,1,7.0,0.0,64
person:noah flint,person:noah flint,Noah A Flint,1,7.0,0.0,64
person:louis dye,person:louis dye,Louis E. Dye,1,7.0,0.0,64
person:melissa chimento,person:melissa chimento,Melissa F. Chimento,1,7.0,0.0,64
person:edward phillips,person:edward phillips,Edward H. Phillips,1,7.0,0.0,64
person:g kidd,person:g kidd,G. Kidd,1,7.0,0.0,64
person:jun wen,person:jun wen,Jun Wen,1,7.0,0.0,0
person:a charney,person:a charney,A. Charney,1,7.0,0.0,1
person:brian kopell,person:brian kopell,Brian H Kopell,1,7.0,0.0,1
person:jing ning,person:jing ning,Jing Ning,1,7.0,0.0,0
person:christian donner,person:christian donner,Christian Donner,1,7.0,0.0,4
person:julian bartram,person:julian bartram,Julian Bartram,1,7.0,0.0,4
person:philipp hornauer,person:philipp hornauer,Philipp Hornauer,1,7.0,0.0,4
person:damian roqueiro,person:damian roqueiro,Damian Roqueiro,1,7.0,0.0,4
person:andreas hierlemann,person:andreas hierlemann,Andreas Hierlemann,1,7.0,0.0,4
person:g obozinski,person:g obozinski,G. Obozinski,1,7.0,0.0,4
person:diana lucaci,person:diana lucaci,Diana Lucaci,1,7.0,0.0,2
person:ioana calangiu,person:ioana calangiu,Ioana Calangiu,1,7.0,0.0,2
person:jin sung park,person:jin sung park,Jin Sung Park,1,7.0,0.0,2
person:s brickley,person:s brickley,S. Brickley,1,7.0,0.0,2
person:p chadderton,person:p chadderton,P. Chadderton,1,7.0,0.0,2
person:marcus augusto oliveira,person:marcus augusto oliveira,Marcus Augusto-Oliveira,1,7.0,0.0,21
person:g arrifano,person:g arrifano,G. Arrifano,1,7.0,0.0,21
person:priscila takeda,person:priscila takeda,Priscila Y Takeda,1,7.0,0.0,21
person:amanda lopes araujo,person:amanda lopes araujo,Amanda Lopes-Araújo,1,7.0,0.0,21
person:leticia santos sacramento,person:leticia santos sacramento,Letícia Santos-Sacramento,1,7.0,0.0,21
person:d anthony,person:d anthony,D. Anthony,1,7.0,0.0,21
person:m crespo lopez,person:m crespo lopez,M. Crespo-López,1,7.0,0.0,21
person:jong hyun son,person:jong hyun son,Jong-Hyun Son,1,7.0,0.0,65
person:matthew keefe,person:matthew keefe,Matthew D. Keefe,1,7.0,0.0,65
person:tamara stevenson,person:tamara stevenson,Tamara J. Stevenson,1,7.0,0.0,65
person:joshua barrios,person:joshua barrios,Joshua P. Barrios,1,7.0,0.0,65
person:scott anjewierden,person:scott anjewierden,Scott Anjewierden,1,7.0,0.0,65
person:james newton,person:james newton,James Newton,1,7.0,0.0,65
person:a douglass,person:a douglass,A. Douglass,1,7.0,0.0,65
person:j bonkowsky,person:j bonkowsky,J. Bonkowsky,1,7.0,0.0,65
person:jacob francis,person:jacob francis,Jacob Francis,1,7.0,0.0,22
person:caius gibeily,person:caius gibeily,Caius R. Gibeily,1,7.0,0.0,22
person:i petropoulos,person:i petropoulos,I. S. Petropoulos,1,7.0,0.0,22
person:michael anderson,person:michael anderson,Michael Anderson,1,7.0,0.0,22
person:william heitler,person:william heitler,William J. Heitler,1,7.0,0.0,22
person:astrid prinz,person:astrid prinz,Astrid A Prinz,1,7.0,0.0,22
person:stefan pulver,person:stefan pulver,Stefan R. Pulver,1,7.0,0.0,22
person:frederic roemschied,person:frederic roemschied,Frederic A. Roemschied,1,7.0,0.0,160
person:elise ireland,person:elise ireland,Elise C. Ireland,1,7.0,0.0,160
person:kyle thieringer,person:kyle thieringer,Kyle Thieringer,1,7.0,0.0,160
person:rich pang,person:rich pang,Rich Pang,1,7.0,0.0,160
person:j robinson,person:j robinson,J. Robinson,1,7.0,0.0,28
person:abigail bechard,person:abigail bechard,Abigail T. Bechard,1,7.0,0.0,28
person:ariel frame,person:ariel frame,Ariel K. Frame,1,7.0,0.0,28
person:m evans,person:m evans,M. Evans,1,7.0,0.0,28
person:angeline claudia atheby,person:angeline claudia atheby,Angeline-Claudia Atheby,1,7.0,0.0,28
person:shaunik sharma,person:shaunik sharma,Shaunik Sharma,1,7.0,0.0,28
person:h lawal,person:h lawal,H. Lawal,1,7.0,0.0,28
person:olivier mirabeau,person:olivier mirabeau,Olivier Mirabeau,1,7.0,0.0,2
person:parmida ghahremani,person:parmida ghahremani,Parmida Ghahremani,1,7.0,0.0,1
person:p mirhosseini,person:p mirhosseini,P. Mirhosseini,1,7.0,0.0,1
person:chetan gudisagar,person:chetan gudisagar,Chetan Gudisagar,1,7.0,0.0,1
person:m ananth,person:m ananth,M. Ananth,1,7.0,0.0,1
person:d talmage,person:d talmage,D. Talmage,1,7.0,0.0,1
person:l role,person:l role,L. Role,1,7.0,0.0,1
person:j rodriguez gatica,person:j rodriguez gatica,J. Rodriguez-Gatica,1,7.0,0.0,9
person:vira iefremova,person:vira iefremova,Vira Iefremova,1,7.0,0.0,9
person:l sokhranyaeva,person:l sokhranyaeva,L. Sokhranyaeva,1,7.0,0.0,9
person:s yeung,person:s yeung,S. W. Yeung,1,7.0,0.0,9
person:y breitkreuz,person:y breitkreuz,Y. Breitkreuz,1,7.0,0.0,9
person:oliver bruestle,person:oliver bruestle,Oliver Bruestle,1,7.0,0.0,9
person:u kubitscheck,person:u kubitscheck,U. Kubitscheck,1,7.0,0.0,9
person:a el keredy,person:a el keredy,A. El-keredy,1,7.0,0.0,2
person:nina jacob,person:nina jacob,Nina Jacob,1,7.0,0.0,2
person:gulum asnaz,person:gulum asnaz,Gülüm Asnaz,1,7.0,0.0,2
person:tim franzmeyer,person:tim franzmeyer,Tim Franzmeyer,1,7.0,0.0,1
person:k palagyi,person:k palagyi,K. Palágyi,1,7.0,0.0,1
person:j ting,person:j ting,J. Ting,1,7.0,0.0,0
person:peter chong,person:peter chong,Peter Chong,1,7.0,0.0,0
person:c cobbs,person:c cobbs,C. Cobbs,1,7.0,0.0,0
person:chonghe hao,person:chonghe hao,Chonghe Hao,1,7.0,0.0,0
person:wangzi yao,person:wangzi yao,Wangzi Yao,1,7.0,0.0,0
person:juntao deng,person:juntao deng,Juntao Deng,1,7.0,0.0,0
person:qihao zheng,person:qihao zheng,Qihao Zheng,1,7.0,0.0,0
person:wanli ouyang,person:wanli ouyang,Wanli Ouyang,1,7.0,0.0,0
person:chunfeng song,person:chunfeng song,Chunfeng Song,1,7.0,0.0,0
person:c law,person:c law,C. Law,1,7.0,0.0,1
person:a vazquez,person:a vazquez,A. Vázquez,1,7.0,0.0,1
person:marton posfai,person:marton posfai,Márton Pósfai,1,7.0,0.0,4
person:b szegedy,person:b szegedy,B. Szegedy,1,7.0,0.0,4
person:iva bacic,person:iva bacic,Iva Bačić,1,7.0,0.0,4
person:luka blagojevic,person:luka blagojevic,Luka Blagojević,1,7.0,0.0,4
person:m abert,person:m abert,M. Abért,1,7.0,0.0,4
person:j kertesz,person:j kertesz,J. Kertész,1,7.0,0.0,4
person:laszlo lovasz,person:laszlo lovasz,László Lovász,1,7.0,0.0,4
person:alison philbrook,person:alison philbrook,Alison Philbrook,1,7.0,0.0,6
person:christopher lambert,person:christopher lambert,Christopher M. Lambert,1,7.0,0.0,6
person:d oliver,person:d oliver,D. Oliver,1,7.0,0.0,6
person:jeremy florman,person:jeremy florman,Jeremy Florman,1,7.0,0.0,6
person:michele lemons,person:michele lemons,Michele L. Lemons,1,7.0,0.0,6
person:m francis,person:m francis,M. Francis,1,7.0,0.0,6
person:d shekouh,person:d shekouh,D. Shekouh,1,7.0,0.0,67
person:helia sadat kaboli,person:helia sadat kaboli,Helia Sadat Kaboli,1,7.0,0.0,67
person:mohammadreza ghaffarzadeh esfahani,person:mohammadreza ghaffarzadeh esfahani,Mohammadreza Ghaffarzadeh-Esfahani,1,7.0,0.0,67
person:mohammadmahdi khayamdar,person:mohammadmahdi khayamdar,Mohammadmahdi Khayamdar,1,7.0,0.0,67
person:zeinab hamedani,person:zeinab hamedani,Zeinab Hamedani,1,7.0,0.0,67
person:s oraee yazdani,person:s oraee yazdani,S. Oraee-Yazdani,1,7.0,0.0,67
person:alireza zali,person:alireza zali,Alireza Zali,1,7.0,0.0,67
person:elnaz amanzadeh,person:elnaz amanzadeh,Elnaz Amanzadeh,1,7.0,0.0,67
person:andrew fink,person:andrew fink,Andrew J. P. Fink,1,7.0,0.0,2
person:s muscinelli,person:s muscinelli,S. Muscinelli,1,7.0,0.0,2
person:marcus hogan,person:marcus hogan,Marcus I. Hogan,1,7.0,0.0,2
person:carl schoonover,person:carl schoonover,Carl E. Schoonover,1,7.0,0.0,2
person:m petersen,person:m petersen,M. Petersen,1,7.0,0.0,4
person:jeffrey mlakar,person:jeffrey mlakar,Jeffrey Mlakar,1,7.0,0.0,4
person:m parent,person:m parent,M. Parent,1,7.0,0.0,4
person:y smith,person:y smith,Y. Smith,1,7.0,0.0,4
person:p strick,person:p strick,P. Strick,1,7.0,0.0,4
person:m griswold,person:m griswold,M. Griswold,1,7.0,0.0,4
person:c mcintyre,person:c mcintyre,C. McIntyre,1,7.0,0.0,4
person:pengyu zeng,person:pengyu zeng,Pengyu Zeng,1,7.0,0.0,0
person:hugo dictus,person:hugo dictus,Hugo Dictus,1,7.0,0.0,7
person:athanassia chalimourda,person:athanassia chalimourda,Athanassia Chalimourda,1,7.0,0.0,7
person:benoit coste,person:benoit coste,Benoît Coste,1,7.0,0.0,7
person:j shillcock,person:j shillcock,J. Shillcock,1,7.0,0.0,7
person:nelson medina,person:nelson medina,Nelson D. Medina,1,7.0,0.0,1
person:joseph gogola,person:joseph gogola,Joseph V Gogola,1,7.0,0.0,1
person:purujit chatterjee,person:purujit chatterjee,Purujit Chatterjee,1,7.0,0.0,4
person:veera anand,person:veera anand,Veera Anand,1,7.0,0.0,4
person:o kanca,person:o kanca,O. Kanca,1,7.0,0.0,4
person:b danskin,person:b danskin,B. Danskin,1,7.0,0.0,2
person:rachael swanstrom,person:rachael swanstrom,Rachael Swanstrom,1,7.0,0.0,2
person:xiaohui lv,person:xiaohui lv,Xiaohui Lv,1,7.0,0.0,0
person:jian ma,person:jian ma,Jian Ma,1,7.0,0.0,0
person:f cosmanescu,person:f cosmanescu,F. Cosmanescu,1,7.0,0.0,4
person:joshua brewer,person:joshua brewer,Joshua J. Brewer,1,7.0,0.0,4
person:gregory jefferis,person:gregory jefferis,Gregory S X E Jefferis,1,7.0,0.0,10
person:charly rousseau,person:charly rousseau,Charly V. Rousseau,1,7.0,0.0,9
person:c niedworok,person:c niedworok,C. J. Niedworok,1,7.0,0.0,9
person:steven wu,person:steven wu,Steven S. Wu,1,7.0,0.0,4
person:yosuke akamatsu,person:yosuke akamatsu,Yosuke Akamatsu,1,7.0,0.0,4
person:ruikang wang,person:ruikang wang,Ruikang K. Wang,1,7.0,0.0,4
person:s kernie,person:s kernie,S. Kernie,1,7.0,0.0,4
person:yoav printz,person:yoav printz,Yoav Printz,1,7.0,0.0,69
person:pritish patil,person:pritish patil,Pritish Patil,1,7.0,0.0,69
person:mathias mahn,person:mathias mahn,Mathias Mahn,1,7.0,0.0,69
person:asaf benjamin,person:asaf benjamin,Asaf Benjamin,1,7.0,0.0,69
person:anna litvin,person:anna litvin,Anna Litvin,1,7.0,0.0,69
person:rivka levy,person:rivka levy,Rivka Levy,1,7.0,0.0,69
person:max bringmann,person:max bringmann,Max Bringmann,1,7.0,0.0,69
person:o yizhar,person:o yizhar,O. Yizhar,1,7.0,0.0,69
person:miranda robbins,person:miranda robbins,Miranda Robbins,1,7.0,0.0,2
person:muyu liu,person:muyu liu,Muyu Liu,1,7.0,0.0,0
person:chenjie feng,person:chenjie feng,Chenjie Feng,1,7.0,0.0,0
person:gang pan,person:gang pan,Gang Pan,1,7.0,0.0,0
person:wenjia meng,person:wenjia meng,Wenjia Meng,1,7.0,0.0,0
person:daniel eskenazi,person:daniel eskenazi,Daniel Eskenazi,1,7.0,0.0,53
person:lauren malave,person:lauren malave,Lauren Malave,1,7.0,0.0,53
person:leora yetnikoff,person:leora yetnikoff,Leora Yetnikoff,1,7.0,0.0,53
person:samira ztaou,person:samira ztaou,Samira Ztaou,1,7.0,0.0,53
person:v velicu,person:v velicu,V. Velicu,1,7.0,0.0,53
person:m martinez reza,person:m martinez reza,M. Martinez-Reza,1,7.0,0.0,62
person:m gotz,person:m gotz,M. Götz,1,7.0,0.0,62
person:l vasung,person:l vasung,L. Vasung,1,7.0,0.0,70
person:e turk,person:e turk,E. Turk,1,7.0,0.0,70
person:s ferradal,person:s ferradal,S. Ferradal,1,7.0,0.0,70
person:j sutin,person:j sutin,J. Sutin,1,7.0,0.0,70
person:j stout,person:j stout,J. Stout,1,7.0,0.0,70
person:banu ahtam,person:banu ahtam,Banu Ahtam,1,7.0,0.0,70
person:pei yi lin,person:pei yi lin,Pei-Yi Lin,1,7.0,0.0,70
person:p grant,person:p grant,P. Grant,1,7.0,0.0,70
person:r bruno,person:r bruno,R. Bruno,1,7.0,0.0,6
person:dejian peng,person:dejian peng,Dejian Peng,1,7.0,0.0,0
person:tianlu ran,person:tianlu ran,Tianlu Ran,1,7.0,0.0,0
person:xinyi zeng,person:xinyi zeng,Xinyi Zeng,1,7.0,0.0,0
person:o shafer,person:o shafer,O.T. Shafer,1,7.0,0.0,27
person:a mildenhall,person:a mildenhall,A. Mildenhall,1,7.0,0.0,27
person:d spira,person:d spira,D. Spira,1,7.0,0.0,27
person:j marty,person:j marty,J. Marty,1,7.0,0.0,27
person:n kraynyukova,person:n kraynyukova,N. Kraynyukova,1,7.0,0.0,72
person:simon renner,person:simon renner,Simon Renner,1,7.0,0.0,72
person:gregory born,person:gregory born,Gregory Born,1,7.0,0.0,72
person:y bauer,person:y bauer,Y. Bauer,1,7.0,0.0,72
person:m spacek,person:m spacek,M. A. Spacek,1,7.0,0.0,72
person:georgi tushev,person:georgi tushev,Georgi Tushev,1,7.0,0.0,72
person:l busse,person:l busse,L. Busse,1,7.0,0.0,72
person:t tchumatchenko,person:t tchumatchenko,T. Tchumatchenko,1,7.0,0.0,72
person:june hoan kim,person:june hoan kim,June Hoan Kim,1,7.0,0.0,5
person:j ryu,person:j ryu,J. Ryu,1,7.0,0.0,5
person:uikyu chae,person:uikyu chae,Uikyu Chae,1,7.0,0.0,5
person:j son,person:j son,J. W. Son,1,7.0,0.0,5
person:il joo cho,person:il joo cho,Il‐Joo Cho,1,7.0,0.0,5
person:woong sun,person:woong sun,Woong Sun,1,7.0,0.0,5
person:stephan dodt,person:stephan dodt,Stephan Dodt,1,7.0,0.0,73
person:noah widdershooven,person:noah widdershooven,Noah V Widdershooven,1,7.0,0.0,73
person:marie luise dreisow,person:marie luise dreisow,Marie-Luise Dreisow,1,7.0,0.0,73
person:lisa weiher,person:lisa weiher,Lisa Weiher,1,7.0,0.0,73
person:l steuernagel,person:l steuernagel,L. Steuernagel,1,7.0,0.0,73
person:f wunderlich,person:f wunderlich,F. T. Wunderlich,1,7.0,0.0,73
person:jens bruning,person:jens bruning,Jens C. Brüning,1,7.0,0.0,73
person:henning fenselau,person:henning fenselau,Henning Fenselau,1,7.0,0.0,73
person:maria elizabeth bell,person:maria elizabeth bell,Maria Elizabeth Bell,1,7.0,0.0,2
person:i holguera,person:i holguera,I. Holguera,1,7.0,0.0,0
person:f simon,person:f simon,F. Simon,1,7.0,0.0,0
person:a gaffney,person:a gaffney,A. Gaffney,1,7.0,0.0,0
person:j rodas,person:j rodas,J. D. Rodas,1,7.0,0.0,0
person:s cordoba,person:s cordoba,S. Córdoba,1,7.0,0.0,0
person:c desplan,person:c desplan,C. Desplan,1,7.0,0.0,0
person:kavin nunez,person:kavin nunez,Kavin M. Nuñez,1,7.0,0.0,2
person:l sherer,person:l sherer,L. Sherer,1,7.0,0.0,2
person:a walley,person:a walley,A. Walley,1,7.0,0.0,2
person:sarah salamon,person:sarah salamon,Sarah Salamon,1,7.0,0.0,2
person:vivian chan,person:vivian chan,Vivian Chan,1,7.0,0.0,2
person:w kaczmarski,person:w kaczmarski,W. Kaczmarski,1,7.0,0.0,85
person:m flory,person:m flory,M. Flory,1,7.0,0.0,85
person:v martinez cerdeno,person:v martinez cerdeno,V. Martínez‐Cerdeño,1,7.0,0.0,85
person:t wisniewski,person:t wisniewski,T. Wisniewski,1,7.0,0.0,85
person:k nowicki,person:k nowicki,K. Nowicki,1,7.0,0.0,85
person:i kuchna,person:i kuchna,I. Kuchna,1,7.0,0.0,85
person:a weible,person:a weible,A. Weible,1,7.0,0.0,2
person:l schwarcz,person:l schwarcz,L. Schwarcz,1,7.0,0.0,2
person:leah deblander,person:leah deblander,Leah Deblander,1,7.0,0.0,2
person:c kentros,person:c kentros,C. Kentros,1,7.0,0.0,2
person:sam benezra,person:sam benezra,Sam E Benezra,1,7.0,0.0,6
person:r narayanan,person:r narayanan,R. T. Narayanan,1,7.0,0.0,6
person:m long,person:m long,M. A. Long,1,7.0,0.0,6
person:jennifer heiko,person:jennifer heiko,Jennifer Heiko,1,7.0,0.0,2
person:reem larabi,person:reem larabi,Reem Larabi,1,7.0,0.0,2
person:robyn branicky,person:robyn branicky,Robyn Branicky,1,7.0,0.0,4
person:ching chun hsiao,person:ching chun hsiao,Ching-Chun Hsiao,1,7.0,0.0,8
person:a swindlehurst,person:a swindlehurst,A. L. Swindlehurst,1,7.0,0.0,8
person:m roy,person:m roy,M. Roy,1,6.0,0.0,7
person:oksana sorokina,person:oksana sorokina,Oksana Sorokina,1,6.0,0.0,7
person:colin mclean,person:colin mclean,Colin Mclean,1,6.0,0.0,7
person:s tapia gonzalez,person:s tapia gonzalez,S. Tapia-González,1,6.0,0.0,7
person:douglas armstrong,person:douglas armstrong,Douglas Armstrong,1,6.0,0.0,7
person:r petralia,person:r petralia,R. Petralia,1,6.0,0.0,0
person:cornelius schroder,person:cornelius schroder,Cornelius Schröder,1,6.0,0.0,6
person:david klindt,person:david klindt,David A. Klindt,1,6.0,0.0,6
person:m bethge,person:m bethge,M. Bethge,1,6.0,0.0,6
person:wen xi cao,person:wen xi cao,Wen Xi Cao,1,6.0,0.0,4
person:l dipietro,person:l dipietro,L. Dipietro,1,6.0,0.0,5
person:p gonzalez mego,person:p gonzalez mego,P. Gonzalez-Mego,1,6.0,0.0,5
person:c ramos estebanez,person:c ramos estebanez,C. Ramos-Estebanez,1,6.0,0.0,5
person:l zukowski,person:l zukowski,L. H. Zukowski,1,6.0,0.0,5
person:rahul mikkilineni,person:rahul mikkilineni,Rahul Mikkilineni,1,6.0,0.0,5
person:timothy wagner,person:timothy wagner,Timothy Wagner,1,6.0,0.0,5
person:c botha,person:c botha,C. Botha,1,6.0,0.0,6
person:s bruckner,person:s bruckner,S. Bruckner,1,6.0,0.0,6
person:j roerdink,person:j roerdink,J. Roerdink,1,6.0,0.0,6
person:e abe,person:e abe,E. Abe,1,6.0,0.0,4
person:j lancaster,person:j lancaster,J. Lancaster,1,6.0,0.0,4
person:bingni brunton,person:bingni brunton,Bingni W. Brunton,1,6.0,0.0,4
person:gert jan both,person:gert jan both,Gert-Jan Both,1,6.0,0.0,33
person:harinarayan asoori sriram,person:harinarayan asoori sriram,Harinarayan Asoori Sriram,1,6.0,0.0,33
person:srijith chinthalapudi,person:srijith chinthalapudi,Srijith Chinthalapudi,1,6.0,0.0,33
person:r krause,person:r krause,R. Krause,1,6.0,0.0,9
person:rodrigo ceballos lentini,person:rodrigo ceballos lentini,Rodrigo Ceballos Lentini,1,6.0,0.0,9
person:a mohamed,person:a mohamed,A. Mohamed,1,6.0,0.0,10
person:iro malekou,person:iro malekou,Iro Malekou,1,6.0,0.0,10
person:timothy sim,person:timothy sim,Timothy Sim,1,6.0,0.0,10
person:yousef maait,person:yousef maait,Yousef Maait,1,6.0,0.0,10
person:benjamin scullion,person:benjamin scullion,Benjamin Scullion,1,6.0,0.0,10
person:l masuda nakagawa,person:l masuda nakagawa,L. Masuda-Nakagawa,1,6.0,0.0,10
person:m ashaber,person:m ashaber,M. Ashaber,1,6.0,0.0,0
person:yusuke tomina,person:yusuke tomina,Yusuke Tomina,1,6.0,0.0,0
person:pegah kassraian fard,person:pegah kassraian fard,Pegah Kassraian-Fard,1,6.0,0.0,0
person:w kristan,person:w kristan,W. Kristan,1,6.0,0.0,0
person:d wagenaar,person:d wagenaar,D. Wagenaar,1,6.0,0.0,0
person:j kurleto,person:j kurleto,J. D. Kurleto,1,6.0,0.0,4
person:kun song,person:kun song,Kun Song,1,6.0,0.0,6
person:himanshu pawankumar gupta,person:himanshu pawankumar gupta,Himanshu Pawankumar Gupta,1,6.0,0.0,4
person:yu chieh david chen,person:yu chieh david chen,Yu-Chieh David Chen,1,6.0,0.0,4
person:kristi xing,person:kristi xing,Kristi Xing,1,6.0,0.0,4
person:peter sims,person:peter sims,Peter A. Sims,1,6.0,0.0,4
person:emelie brodrick,person:emelie brodrick,Emelie A. Brodrick,1,6.0,0.0,2
person:oren amsalem,person:oren amsalem,Oren Amsalem,1,6.0,0.0,7
person:guy eyal,person:guy eyal,Guy Eyal,1,6.0,0.0,7
person:noa rogozinski,person:noa rogozinski,Noa Rogozinski,1,6.0,0.0,7
person:shibani santurkar,person:shibani santurkar,Shibani Santurkar,1,6.0,0.0,1
person:heather berlin,person:heather berlin,Heather Berlin,1,6.0,0.0,1
person:andrew murphy,person:andrew murphy,Andrew C. Murphy,1,6.0,0.0,2
person:shi gu,person:shi gu,Shi Gu,1,6.0,0.0,2
person:a khambhati,person:a khambhati,A. Khambhati,1,6.0,0.0,2
person:t satterthwaite,person:t satterthwaite,T. Satterthwaite,1,6.0,0.0,2
person:timothy lee,person:timothy lee,Timothy J. Lee,1,6.0,0.0,121
person:mighten yip,person:mighten yip,Mighten C. Yip,1,6.0,0.0,121
person:aditi kumar,person:aditi kumar,Aditi Kumar,1,6.0,0.0,121
person:colby lewallen,person:colby lewallen,Colby F. Lewallen,1,6.0,0.0,121
person:c forest,person:c forest,C. Forest,1,6.0,0.0,121
person:e donahue,person:e donahue,E. Donahue,1,6.0,0.0,0
person:michael renteln,person:michael renteln,Michael Renteln,1,6.0,0.0,0
person:g petzinger,person:g petzinger,G. Petzinger,1,6.0,0.0,0
person:m jakowec,person:m jakowec,M. Jakowec,1,6.0,0.0,0
person:liam mccoy,person:liam mccoy,Liam McCoy,1,6.0,0.0,9
person:bintao he,person:bintao he,Bintao He,1,6.0,0.0,0
person:yiran cheng,person:yiran cheng,Yiran Cheng,1,6.0,0.0,0
person:fei sun,person:fei sun,Fei Sun,1,6.0,0.0,0
person:charalampos tsourakakis,person:charalampos tsourakakis,Charalampos E. Tsourakakis,1,6.0,0.0,1
person:michael,person:michael,Michael,1,6.0,0.0,1
person:mitzenmacher,person:mitzenmacher,Mitzenmacher,1,6.0,0.0,1
person:jennifer bourne,person:jennifer bourne,Jennifer N. Bourne,1,6.0,0.0,2
person:j stiso,person:j stiso,J. Stiso,1,6.0,0.0,2
person:houman qadir,person:houman qadir,Houman Qadir,1,6.0,0.0,0
person:brent stewart,person:brent stewart,Brent W. Stewart,1,6.0,0.0,0
person:jonathan vanryzin,person:jonathan vanryzin,Jonathan W. VanRyzin,1,6.0,0.0,0
person:shuo chen,person:shuo chen,Shuo Chen,1,6.0,0.0,0
person:d seminowicz,person:d seminowicz,D. Seminowicz,1,6.0,0.0,0
person:alireza hashemi,person:alireza hashemi,Alireza Hashemi,1,6.0,0.0,25
person:l magrou,person:l magrou,L. Magrou,1,6.0,0.0,5
person:m joyce,person:m joyce,M. K. Joyce,1,6.0,0.0,5
person:d datta,person:d datta,D. Datta,1,6.0,0.0,5
person:j martinez trujillo,person:j martinez trujillo,J. Martinez-Trujillo,1,6.0,0.0,5
person:amy arnsten,person:amy arnsten,Amy F. T. Arnsten,1,6.0,0.0,5
person:marius killinger,person:marius killinger,Marius F Killinger,1,6.0,0.0,6
person:g urban,person:g urban,G. Urban,1,6.0,0.0,6
person:n schieber,person:n schieber,N. Schieber,1,6.0,0.0,31
person:kevin tedore,person:kevin tedore,Kevin Tedore,1,6.0,0.0,31
person:a alcantara,person:a alcantara,A. A. Alcantara,1,6.0,0.0,2
person:helen lim,person:helen lim,Helen Y. Lim,1,6.0,0.0,2
person:christopher floyd,person:christopher floyd,Christopher E. Floyd,1,6.0,0.0,2
person:j garces,person:j garces,J. Garces,1,6.0,0.0,2
person:chelsea lyons,person:chelsea lyons,Chelsea L. Lyons,1,6.0,0.0,2
person:junchao qiu,person:junchao qiu,Junchao Qiu,1,6.0,0.0,0
person:qiru feng,person:qiru feng,Qiru Feng,1,6.0,0.0,0
person:sile an,person:sile an,Sile An,1,6.0,0.0,0
person:r lin,person:r lin,R. Lin,1,6.0,0.0,0
person:minmin luo,person:minmin luo,Minmin Luo,1,6.0,0.0,0
person:jungmin moon,person:jungmin moon,Jungmin Moon,1,6.0,0.0,9
person:sungahn ko,person:sungahn ko,Sungahn Ko,1,6.0,0.0,9
person:vincent bonin,person:vincent bonin,Vincent Bonin,1,6.0,0.0,9
person:michael reed,person:michael reed,Michael Reed,1,6.0,0.0,9
person:katie glattfelder,person:katie glattfelder,Katie Glattfelder,1,6.0,0.0,9
person:denise walker,person:denise walker,Denise S Walker,1,6.0,0.0,4
person:elsa steinfath,person:elsa steinfath,Elsa Steinfath,1,6.0,0.0,78
person:afshin khalili,person:afshin khalili,Afshin Khalili,1,6.0,0.0,78
person:melanie stenger,person:melanie stenger,Melanie Stenger,1,6.0,0.0,78
person:bjarne schultze,person:bjarne schultze,Bjarne L Schultze,1,6.0,0.0,78
person:sarath ravindran nair,person:sarath ravindran nair,Sarath Ravindran Nair,1,6.0,0.0,78
person:kimia alizadeh,person:kimia alizadeh,Kimia Alizadeh,1,6.0,0.0,78
person:jan clemens,person:jan clemens,Jan Clemens,1,6.0,0.0,78
person:yuuki yamaguchi,person:yuuki yamaguchi,Yuuki Yamaguchi,1,6.0,0.0,26
person:yukari moriya,person:yukari moriya,Yukari Moriya,1,6.0,0.0,26
person:chikako nakayama,person:chikako nakayama,Chikako Nakayama,1,6.0,0.0,26
person:tomohiro haruta,person:tomohiro haruta,Tomohiro Haruta,1,6.0,0.0,26
person:j gilbert,person:j gilbert,J. Gilbert,1,6.0,0.0,26
person:s asahina,person:s asahina,S. Asahina,1,6.0,0.0,26
person:m patino,person:m patino,M. Patiño,1,6.0,0.0,2
person:will lagos,person:will lagos,Will N Lagos,1,6.0,0.0,2
person:neelakshi patne,person:neelakshi patne,Neelakshi S. Patne,1,6.0,0.0,2
person:p miyazaki,person:p miyazaki,P. A. Miyazaki,1,6.0,0.0,2
person:s bhamidipati,person:s bhamidipati,S. K. Bhamidipati,1,6.0,0.0,2
person:m lowe,person:m lowe,M. Lowe,1,6.0,0.0,4
person:k sakaie,person:k sakaie,K. Sakaie,1,6.0,0.0,4
person:e beall,person:e beall,E. Beall,1,6.0,0.0,4
person:david bridwell,person:david bridwell,David A. Bridwell,1,6.0,0.0,4
person:stephen rao,person:stephen rao,Stephen M. Rao,1,6.0,0.0,4
person:v pawlak,person:v pawlak,V. Pawlak,1,6.0,0.0,6
person:j kerr,person:j kerr,J. Kerr,1,6.0,0.0,6
person:lydia gruber,person:lydia gruber,Lydia Gruber,1,6.0,0.0,97
person:rafael cantera,person:rafael cantera,Rafael Cantera,1,6.0,0.0,97
person:m steinert,person:m steinert,M. Steinert,1,6.0,0.0,97
person:thomas pertsch,person:thomas pertsch,Thomas Pertsch,1,6.0,0.0,97
person:bill hansson,person:bill hansson,Bill S. Hansson,1,6.0,0.0,97
person:jurgen rybak,person:jurgen rybak,Jürgen Rybak,1,6.0,0.0,97
person:peng liu,person:peng liu,Peng Liu,1,6.0,0.0,4
person:jia wan,person:jia wan,Jia Wan,1,6.0,0.0,4
person:liqiang nie,person:liqiang nie,Liqiang Nie,1,6.0,0.0,4
person:istiaque ahmed,person:istiaque ahmed,Istiaque Ahmed,1,6.0,0.0,0
person:biao yue,person:biao yue,Biao Yue,1,6.0,0.0,0
person:nahida islam,person:nahida islam,Nahida Islam,1,6.0,0.0,0
person:ashfaqur rahman,person:ashfaqur rahman,Ashfaqur Rahman,1,6.0,0.0,0
person:m mithu,person:m mithu,M.S.H. Mithu,1,6.0,0.0,0
person:michael bostwick,person:michael bostwick,Michael Bostwick,1,6.0,0.0,22
person:iraa guleria,person:iraa guleria,Iraa Guleria,1,6.0,0.0,22
person:m kourakis,person:m kourakis,M. Kourakis,1,6.0,0.0,22
person:ana silverstein,person:ana silverstein,Ana R. Silverstein,1,6.0,0.0,6
person:a hoshino,person:a hoshino,A. Hoshino,1,6.0,0.0,6
person:t reh,person:t reh,T. Reh,1,6.0,0.0,6
person:j zuniga,person:j zuniga,J. Zúñiga,1,6.0,0.0,42
person:kainat mian,person:kainat mian,Kainat Mian,1,6.0,0.0,42
person:paul derr,person:paul derr,Paul J Derr,1,6.0,0.0,42
person:joshua faskowitz,person:joshua faskowitz,Joshua Faskowitz,1,6.0,0.0,5
person:y yovel,person:y yovel,Y. Yovel,1,6.0,0.0,5
person:yaniv assaf,person:yaniv assaf,Yaniv Assaf,1,6.0,0.0,5
person:d gra el,person:d gra el,D. Gräßel,1,6.0,0.0,5
person:m jorgensen,person:m jorgensen,M. Jorgensen,1,6.0,0.0,5
person:r woods,person:r woods,R. Woods,1,6.0,0.0,5
person:tingting yu,person:tingting yu,Tingting Yu,1,6.0,0.0,0
person:f davis,person:f davis,F. Davis,1,6.0,0.0,1
person:s picard,person:s picard,S. Picard,1,6.0,0.0,1
person:s eddy,person:s eddy,S. Eddy,1,6.0,0.0,1
person:evan macosko,person:evan macosko,Evan Z. Macosko,1,6.0,0.0,27
person:n pokala,person:n pokala,N. Pokala,1,6.0,0.0,27
person:evan feinberg,person:evan feinberg,Evan H. Feinberg,1,6.0,0.0,27
person:sreekanth chalasani,person:sreekanth chalasani,Sreekanth H. Chalasani,1,6.0,0.0,27
person:r butcher,person:r butcher,R. Butcher,1,6.0,0.0,27
person:j clardy,person:j clardy,J. Clardy,1,6.0,0.0,27
person:alison ehrlich,person:alison ehrlich,Alison Ehrlich,1,6.0,0.0,71
person:angelina xu,person:angelina xu,Angelina A. Xu,1,6.0,0.0,71
person:s luminari,person:s luminari,S. Luminari,1,6.0,0.0,71
person:s kidd,person:s kidd,S. Kidd,1,6.0,0.0,71
person:jordan russo,person:jordan russo,Jordan Russo,1,6.0,0.0,71
person:justin blau,person:justin blau,Justin Blau,1,6.0,0.0,71
person:zihan qin,person:zihan qin,Zihan Qin,1,6.0,0.0,2
person:pengcheng yang,person:pengcheng yang,Pengcheng Yang,1,6.0,0.0,0
person:bo wei qin,person:bo wei qin,Bo-Wei Qin,1,6.0,0.0,0
person:wei lin,person:wei lin,Wei Lin,1,6.0,0.0,0
person:matthew kersting,person:matthew kersting,Matthew G. Kersting,1,6.0,0.0,8
person:sean carr,person:sean carr,Sean Carr,1,6.0,0.0,8
person:bayan razzaq,person:bayan razzaq,Bayan Razzaq,1,6.0,0.0,8
person:carolyna alves pinto,person:carolyna alves pinto,Carolyna Y. Alves-Pinto,1,6.0,0.0,8
person:mariah dawson,person:mariah dawson,Mariah Dawson,1,6.0,0.0,8
person:david van essen,person:david van essen,David C van Essen,1,6.0,0.0,2
person:a burkhalter,person:a burkhalter,A. Burkhalter,1,6.0,0.0,2
person:m goetz,person:m goetz,M. Goetz,1,6.0,0.0,62
person:j hernando,person:j hernando,J. Hernando,1,6.0,0.0,7
person:stefan eilemann,person:stefan eilemann,Stefan Eilemann,1,6.0,0.0,7
person:n antille,person:n antille,N. Antille,1,6.0,0.0,7
person:joshua pughe sanford,person:joshua pughe sanford,Joshua Pughe-Sanford,1,6.0,0.0,34
person:a genkin,person:a genkin,A. Genkin,1,6.0,0.0,34
person:philip greengard,person:philip greengard,Philip Greengard,1,6.0,0.0,34
person:anirvan sengupta,person:anirvan sengupta,Anirvan M. Sengupta,1,6.0,0.0,34
person:f latini,person:f latini,F. Latini,1,6.0,0.0,81
person:m fahlstrom,person:m fahlstrom,M. Fahlström,1,6.0,0.0,81
person:a behanova,person:a behanova,A. Behanova,1,6.0,0.0,81
person:i sintorn,person:i sintorn,I. Sintorn,1,6.0,0.0,81
person:m hodik,person:m hodik,M. Hodik,1,6.0,0.0,81
person:k staxang,person:k staxang,K. Staxäng,1,6.0,0.0,81
person:m ryttlefors,person:m ryttlefors,M. Ryttlefors,1,6.0,0.0,81
person:gang cao,person:gang cao,Gang Cao,1,6.0,0.0,0
person:huiqing zhan,person:huiqing zhan,Huiqing Zhan,1,6.0,0.0,0
person:a koulakov,person:a koulakov,A. Koulakov,1,6.0,0.0,0
person:l enquist,person:l enquist,L. Enquist,1,6.0,0.0,0
person:j dubnau,person:j dubnau,J. Dubnau,1,6.0,0.0,0
person:k de mesy bentley,person:k de mesy bentley,K. L. de Mesy Bentley,1,6.0,0.0,82
person:c galloway,person:c galloway,C. Galloway,1,6.0,0.0,82
person:g muthukrishnan,person:g muthukrishnan,G. Muthukrishnan,1,6.0,0.0,82
person:e masters,person:e masters,E. Masters,1,6.0,0.0,82
person:s zeiter,person:s zeiter,S. Zeiter,1,6.0,0.0,82
person:e schwarz,person:e schwarz,E. Schwarz,1,6.0,0.0,82
person:j leckenby,person:j leckenby,J. Leckenby,1,6.0,0.0,82
person:cameron rawanduzy,person:cameron rawanduzy,Cameron A. Rawanduzy,1,6.0,0.0,5
person:jaden brooks,person:jaden brooks,Jaden B. Brooks,1,6.0,0.0,5
person:majid khan,person:majid khan,Majid Khan,1,6.0,0.0,5
person:n dadario,person:n dadario,N. Dadario,1,6.0,0.0,5
person:m sughrue,person:m sughrue,M. Sughrue,1,6.0,0.0,5
person:m karsy,person:m karsy,M. Karsy,1,6.0,0.0,5
person:casimir wierzynski,person:casimir wierzynski,Casimir Wierzynski,1,6.0,0.0,1
person:briyana bembry,person:briyana bembry,Briyana N. Bembry,1,6.0,0.0,8
person:marcus mazzeferri,person:marcus mazzeferri,Marcus A. Mazzeferri,1,6.0,0.0,8
person:m neitz,person:m neitz,M. Neitz,1,6.0,0.0,8
person:robijanto soetedjo,person:robijanto soetedjo,Robijanto Soetedjo,1,6.0,0.0,8
person:jose mateus,person:jose mateus,José C. Mateus,1,6.0,0.0,83
person:sean weaver,person:sean weaver,Sean M. Weaver,1,6.0,0.0,83
person:dirk van swaay,person:dirk van swaay,Dirk van Swaay,1,6.0,0.0,83
person:aline renz,person:aline renz,Aline F. Renz,1,6.0,0.0,83
person:j hengsteler,person:j hengsteler,J. Hengsteler,1,6.0,0.0,83
person:paulo aguiar,person:paulo aguiar,Paulo Aguiar,1,6.0,0.0,83
person:j voros,person:j voros,J. Vörös,1,6.0,0.0,83
person:adam majot,person:adam majot,Adam T. Majot,1,6.0,0.0,9
person:c michael,person:c michael,C. Michael,1,6.0,0.0,9
person:stacy spitzer,person:stacy spitzer,Stacy L. Spitzer,1,6.0,0.0,9
person:q gaudry,person:q gaudry,Q. Gaudry,1,6.0,0.0,9
person:yong deng,person:yong deng,Yong Deng,1,6.0,0.0,0
person:jie xia,person:jie xia,Jie Xia,1,6.0,0.0,0
person:yao meng,person:yao meng,Yao Meng,1,6.0,0.0,0
person:nathan clack,person:nathan clack,Nathan G. Clack,1,6.0,0.0,8
person:l lavis,person:l lavis,L. Lavis,1,6.0,0.0,8
person:maxime poinsot,person:maxime poinsot,Maxime Poinsot,1,6.0,0.0,101
person:baptiste marthy,person:baptiste marthy,Baptiste Marthy,1,6.0,0.0,101
person:ana borges correia,person:ana borges correia,Ana Borges-Correia,1,6.0,0.0,101
person:eduardo gascon,person:eduardo gascon,Eduardo Gascon,1,6.0,0.0,101
person:b charlot,person:b charlot,B. Charlot,1,6.0,0.0,101
person:m cazorla,person:m cazorla,M. Cazorla,1,6.0,0.0,101
person:kuo wei kao,person:kuo wei kao,Kuo-Wei Kao,1,6.0,0.0,0
person:guanghan meng,person:guanghan meng,Guanghan Meng,1,6.0,0.0,0
person:pengcheng zhou,person:pengcheng zhou,Pengcheng Zhou,1,6.0,0.0,0
person:l paninski,person:l paninski,L. Paninski,1,6.0,0.0,0
person:david minnen,person:david minnen,David C. Minnen,1,6.0,0.0,1
person:johannes balle,person:johannes balle,Johannes Ballé,1,6.0,0.0,1
person:c straehle,person:c straehle,C. Straehle,1,6.0,0.0,7
person:c mcraven,person:c mcraven,C. McRaven,1,6.0,0.0,0
person:dimitrii tanese,person:dimitrii tanese,Dimitrii Tanese,1,6.0,0.0,0
person:v emiliani,person:v emiliani,V. Emiliani,1,6.0,0.0,0
person:minoru koyama,person:minoru koyama,Minoru Koyama,1,6.0,0.0,0
person:john hoang,person:john hoang,John Hoang,1,6.0,0.0,8
person:t urness,person:t urness,T. Urness,1,6.0,0.0,8
person:miriah meyer,person:miriah meyer,Miriah D. Meyer,1,6.0,0.0,8
person:p holcomb,person:p holcomb,P. Holcomb,1,6.0,0.0,8
person:michael morehead,person:michael morehead,Michael Morehead,1,6.0,0.0,8
person:gianfranco doretto,person:gianfranco doretto,Gianfranco Doretto,1,6.0,0.0,8
person:r de schepper,person:r de schepper,R. De Schepper,1,6.0,0.0,30
person:stefano masoli,person:stefano masoli,Stefano Masoli,1,6.0,0.0,30
person:m rizza,person:m rizza,M. Rizza,1,6.0,0.0,30
person:c casellato,person:c casellato,C. Casellato,1,6.0,0.0,30
person:e angelo,person:e angelo,E. D’Angelo,1,6.0,0.0,30
person:a tyson,person:a tyson,A. Tyson,1,5.0,0.0,9
person:anna diakova,person:anna diakova,Anna V. Diakova,1,5.0,0.0,1
person:minhyeok jeong,person:minhyeok jeong,Minhyeok Jeong,1,5.0,0.0,4
person:h riihimaki,person:h riihimaki,H. Riihimäki,1,5.0,0.0,7
person:jason smith,person:jason smith,Jason P. Smith,1,5.0,0.0,7
person:j lazovskis,person:j lazovskis,J. Lazovskis,1,5.0,0.0,7
person:h gnagi,person:h gnagi,H. Gnägi,1,5.0,0.0,12
person:m simons,person:m simons,M. Simons,1,5.0,0.0,12
person:arthur wetzel,person:arthur wetzel,Arthur W. Wetzel,1,5.0,0.0,9
person:j bakal,person:j bakal,J. Bakal,1,5.0,0.0,9
person:markus dittrich,person:markus dittrich,Markus Dittrich,1,5.0,0.0,9
person:d shamonin,person:d shamonin,D. Shamonin,1,5.0,0.0,87
person:e bron,person:e bron,E. Bron,1,5.0,0.0,87
person:b lelieveldt,person:b lelieveldt,B. Lelieveldt,1,5.0,0.0,87
person:m smits,person:m smits,M. Smits,1,5.0,0.0,87
person:s klein,person:s klein,S. Klein,1,5.0,0.0,87
person:m staring,person:m staring,M. Staring,1,5.0,0.0,87
person:margarita anchez iaz,person:margarita anchez iaz,Margarita M. S'anchez D'iaz,1,5.0,0.0,88
person:eyisto aguilar trejo,person:eyisto aguilar trejo,Eyisto J. Aguilar Trejo,1,5.0,0.0,88
person:daniel martin,person:daniel martin,Daniel A. Martin,1,5.0,0.0,88
person:s cannas,person:s cannas,S. Cannas,1,5.0,0.0,88
person:t grigera,person:t grigera,T. Grigera,1,5.0,0.0,88
person:d chialvo,person:d chialvo,D. Chialvo,1,5.0,0.0,88
person:s brunton,person:s brunton,S. Brunton,1,5.0,0.0,0
person:d adjeroh,person:d adjeroh,D. Adjeroh,1,5.0,0.0,1
person:sanga mitra,person:sanga mitra,Sanga Mitra,1,5.0,0.0,89
person:kailash p,person:kailash p,Kailash B P,1,5.0,0.0,89
person:srivatsan r,person:srivatsan r,Srivatsan C R,1,5.0,0.0,89
person:n saikumar,person:n saikumar,N. Saikumar,1,5.0,0.0,89
person:philge philip,person:philge philip,Philge Philip,1,5.0,0.0,89
person:manikandan narayanan,person:manikandan narayanan,Manikandan Narayanan,1,5.0,0.0,89
person:jeong eun noh,person:jeong eun noh,Jeong-Eun Noh,1,5.0,0.0,5
person:chan hee lee,person:chan hee lee,Chan Hee Lee,1,5.0,0.0,5
person:kang tan,person:kang tan,Kang Tan,1,5.0,0.0,0
person:ziru shen,person:ziru shen,Ziru Shen,1,5.0,0.0,0
person:xiao feng wei,person:xiao feng wei,Xiao-feng Wei,1,5.0,0.0,0
person:thanh nguyen duc,person:thanh nguyen duc,Thanh Nguyen-Duc,1,5.0,0.0,9
person:inwan yoo,person:inwan yoo,Inwan Yoo,1,5.0,0.0,9
person:s hurkey,person:s hurkey,S. Hürkey,1,5.0,0.0,2
person:n niemeyer,person:n niemeyer,N. Niemeyer,1,5.0,0.0,2
person:jan hendrik schleimer,person:jan hendrik schleimer,Jan-Hendrik Schleimer,1,5.0,0.0,2
person:s ryglewski,person:s ryglewski,S. Ryglewski,1,5.0,0.0,2
person:c duch,person:c duch,C. Duch,1,5.0,0.0,2
person:kohki konishi,person:kohki konishi,Kohki Konishi,1,5.0,0.0,26
person:t nonaka,person:t nonaka,T. Nonaka,1,5.0,0.0,26
person:shunsuke takei,person:shunsuke takei,Shunsuke Takei,1,5.0,0.0,26
person:m suga,person:m suga,M. Suga,1,5.0,0.0,26
person:k kaltdorf,person:k kaltdorf,K. V. Kaltdorf,1,5.0,0.0,117
person:katja schulze,person:katja schulze,Katja Schulze,1,5.0,0.0,117
person:frederik helmprobst,person:frederik helmprobst,Frederik Helmprobst,1,5.0,0.0,117
person:p kollmannsberger,person:p kollmannsberger,P. Kollmannsberger,1,5.0,0.0,117
person:t dandekar,person:t dandekar,T. Dandekar,1,5.0,0.0,117
person:m chalfie,person:m chalfie,M. Chalfie,1,5.0,0.0,4
person:j sulston,person:j sulston,J. Sulston,1,5.0,0.0,4
person:e southgate,person:e southgate,E. Southgate,1,5.0,0.0,4
person:j thomson,person:j thomson,J. Thomson,1,5.0,0.0,4
person:s brenner,person:s brenner,S. Brenner,1,5.0,0.0,4
person:mario dipoppa,person:mario dipoppa,Mario Dipoppa,1,5.0,0.0,2
person:adam ranson,person:adam ranson,Adam Ranson,1,5.0,0.0,2
person:michael krumin,person:michael krumin,Michael Krumin,1,5.0,0.0,2
person:marius pachitariu,person:marius pachitariu,Marius Pachitariu,1,5.0,0.0,2
person:m carandini,person:m carandini,M. Carandini,1,5.0,0.0,2
person:atsushi kanoke,person:atsushi kanoke,Atsushi Kanoke,1,5.0,0.0,20
person:gratianne rabiller,person:gratianne rabiller,Gratianne Rabiller,1,5.0,0.0,20
person:a stabile,person:a stabile,A. Stabile,1,5.0,0.0,91
person:a pistilli,person:a pistilli,A. Pistilli,1,5.0,0.0,91
person:ruggirello mariangela,person:ruggirello mariangela,Ruggirello Mariangela,1,5.0,0.0,91
person:m rende,person:m rende,M. Rende,1,5.0,0.0,91
person:d bartolini,person:d bartolini,D. Bartolini,1,5.0,0.0,91
person:g di sante,person:g di sante,G. Di Sante,1,5.0,0.0,91
person:k buchanan,person:k buchanan,K. Buchanan,1,5.0,0.0,9
person:m diaz santos,person:m diaz santos,M. Díaz-Santos,1,5.0,0.0,45
person:stephanie ovalle eliseo,person:stephanie ovalle eliseo,Stephanie G Ovalle Eliseo,1,5.0,0.0,45
person:g ryan,person:g ryan,G. Ryan,1,5.0,0.0,45
person:e talamantes,person:e talamantes,E. Talamantes,1,5.0,0.0,45
person:gerado moreno,person:gerado moreno,Gerado Moreno,1,5.0,0.0,45
person:a pournaki,person:a pournaki,A. Pournaki,1,5.0,0.0,36
person:leon merfort,person:leon merfort,Leon Merfort,1,5.0,0.0,36
person:uzair shah,person:uzair shah,Uzair Shah,1,5.0,0.0,6
person:m alzubaidi,person:m alzubaidi,M. Alzubaidi,1,5.0,0.0,6
person:corrado cali,person:corrado cali,Corrado Calí,1,5.0,0.0,6
person:mowafa househ,person:mowafa househ,Mowafa J Househ,1,5.0,0.0,6
person:l petrucco,person:l petrucco,L. Petrucco,1,5.0,0.0,6
person:hagar lavian,person:hagar lavian,Hagar Lavian,1,5.0,0.0,6
person:vilim stih,person:vilim stih,Vilim Štih,1,5.0,0.0,6
person:r portugues,person:r portugues,R. Portugues,1,5.0,0.0,6
person:j ng,person:j ng,J. Ng,1,5.0,0.0,0
person:a browning,person:a browning,A. Browning,1,5.0,0.0,0
person:l lechner,person:l lechner,L. Lechner,1,5.0,0.0,0
person:gillian howard,person:gillian howard,Gillian Howard,1,5.0,0.0,0
person:rajat saxena,person:rajat saxena,Rajat Saxena,1,5.0,0.0,94
person:justin shobe,person:justin shobe,Justin L. Shobe,1,5.0,0.0,94
person:aida andujo,person:aida andujo,Aida M. Andujo,1,5.0,0.0,94
person:wing ning,person:wing ning,Wing Ning,1,5.0,0.0,94
person:christelle anaclet,person:christelle anaclet,Christelle Anaclet,1,5.0,0.0,94
person:bruce mcnaughton,person:bruce mcnaughton,Bruce L. McNaughton,1,5.0,0.0,94
person:alaba sotayo,person:alaba sotayo,Alaba Sotayo,1,5.0,0.0,0
person:alejandro cazzulino,person:alejandro cazzulino,Alejandro Cazzulino,1,5.0,0.0,0
person:anna snyder,person:anna snyder,Anna M. Snyder,1,5.0,0.0,0
person:c denny,person:c denny,C. Denny,1,5.0,0.0,0
person:s siegelbaum,person:s siegelbaum,S. Siegelbaum,1,5.0,0.0,0
person:takuya nanami,person:takuya nanami,Takuya Nanami,1,5.0,0.0,26
person:takashi kohno,person:takashi kohno,Takashi Kohno,1,5.0,0.0,26
person:asta kastanauskaite,person:asta kastanauskaite,Asta Kastanauskaite,1,5.0,0.0,7
person:keisuke imoto,person:keisuke imoto,Keisuke Imoto,1,5.0,0.0,1
person:yuki ishikawa,person:yuki ishikawa,Yuki Ishikawa,1,5.0,0.0,1
person:r tanaka,person:r tanaka,R. Tanaka,1,5.0,0.0,1
person:haneen mohammed,person:haneen mohammed,Haneen Mohammed,1,5.0,0.0,1
person:mary anne mackay,person:mary anne mackay,Mary-Anne B. MacKay,1,5.0,0.0,95
person:john paylor,person:john paylor,John W. Paylor,1,5.0,0.0,95
person:j wong,person:j wong,J. T. Wong,1,5.0,0.0,95
person:i winship,person:i winship,I. Winship,1,5.0,0.0,95
person:g baker,person:g baker,G. Baker,1,5.0,0.0,95
person:s dursun,person:s dursun,S. Dursun,1,5.0,0.0,95
person:susanne kunkel,person:susanne kunkel,Susanne Kunkel,1,5.0,0.0,6
person:jochen eppler,person:jochen eppler,Jochen M. Eppler,1,5.0,0.0,6
person:h plesser,person:h plesser,H. Plesser,1,5.0,0.0,6
person:d moore,person:d moore,D. Moore,1,5.0,0.0,2
person:scott linderman,person:scott linderman,Scott W. Linderman,1,5.0,0.0,1
person:l menzl,person:l menzl,L. Menzl,1,5.0,0.0,6
person:g villa,person:g villa,G. Villa,1,5.0,0.0,6
person:y yabo,person:y yabo,Y. Yabo,1,5.0,0.0,6
person:v venkataramani,person:v venkataramani,V. Venkataramani,1,5.0,0.0,6
person:f ricklefs,person:f ricklefs,F. Ricklefs,1,5.0,0.0,6
person:felix de las pozas,person:felix de las pozas,Félix de las Pozas,1,5.0,0.0,7
person:s mckenzie,person:s mckenzie,S. McKenzie,1,5.0,0.0,2
person:talfan evans,person:talfan evans,Talfan Evans,1,5.0,0.0,2
person:e yoon,person:e yoon,E. Yoon,1,5.0,0.0,2
person:g buzsaki,person:g buzsaki,G. Buzsáki,1,5.0,0.0,2
person:anke borgmann,person:anke borgmann,Anke Borgmann,1,5.0,0.0,109
person:noriyuki hama,person:noriyuki hama,Noriyuki Hama,1,5.0,0.0,109
person:leonie schadt,person:leonie schadt,Leonie C Schadt,1,5.0,0.0,0
person:t ruhwedel,person:t ruhwedel,T. Ruhwedel,1,5.0,0.0,0
person:a sasmita,person:a sasmita,A. O. Sasmita,1,5.0,0.0,0
person:a steyer,person:a steyer,A. Steyer,1,5.0,0.0,0
person:wiebke mobius,person:wiebke mobius,Wiebke Möbius,1,5.0,0.0,0
person:konstanze philipp,person:konstanze philipp,Konstanze Philipp,1,5.0,0.0,20
person:richard kettlitz,person:richard kettlitz,Richard Kettlitz,1,5.0,0.0,20
person:georg fuellen,person:georg fuellen,Georg Fuellen,1,5.0,0.0,20
person:j engel,person:j engel,J. Engel,1,5.0,0.0,5
person:j stern,person:j stern,J. Stern,1,5.0,0.0,5
person:r staba,person:r staba,R. Staba,1,5.0,0.0,5
person:a bragin,person:a bragin,A. Bragin,1,5.0,0.0,5
person:i mody,person:i mody,I. Módy,1,5.0,0.0,5
person:yoh maekawa,person:yoh maekawa,Yoh Maekawa,1,5.0,0.0,16
person:sayaka eno,person:sayaka eno,Sayaka Eno,1,5.0,0.0,16
person:nobuhiro yamagata,person:nobuhiro yamagata,Nobuhiro Yamagata,1,5.0,0.0,16
person:hiromu tanimoto,person:hiromu tanimoto,Hiromu Tanimoto,1,5.0,0.0,16
person:petra guder,person:petra guder,Petra Guder,1,5.0,0.0,0
person:max scheungrab,person:max scheungrab,Max Scheungrab,1,5.0,0.0,0
person:peter kohnert,person:peter kohnert,Peter Kohnert,1,5.0,0.0,0
person:georgios kolyfetis,person:georgios kolyfetis,Georgios Kolyfetis,1,5.0,0.0,0
person:garrett lee,person:garrett lee,Garrett A. Lee,1,5.0,0.0,4
person:jacquelin ho,person:jacquelin ho,Jacquelin Ho,1,5.0,0.0,4
person:cassandra potter,person:cassandra potter,Cassandra C. Potter,1,5.0,0.0,4
person:e hartwieg,person:e hartwieg,E. Hartwieg,1,5.0,0.0,0
person:h horvitz,person:h horvitz,H. Horvitz,1,5.0,0.0,0
person:maxwell shinn,person:maxwell shinn,Maxwell Shinn,1,5.0,0.0,4
person:f vasa,person:f vasa,F. Vása,1,5.0,0.0,4
person:danyal akarca,person:danyal akarca,Danyal Akarca,1,5.0,0.0,5
person:m di biase,person:m di biase,M. D. Di Biase,1,5.0,0.0,5
person:dong zhao,person:dong zhao,Dong Zhao,1,5.0,0.0,0
person:shirui pan,person:shirui pan,Shirui Pan,1,5.0,0.0,0
person:richard benton,person:richard benton,Richard Benton,1,5.0,0.0,96
person:jerome mermet,person:jerome mermet,Jérôme Mermet,1,5.0,0.0,96
person:andre jang,person:andre jang,Andre Jang,1,5.0,0.0,96
person:keita endo,person:keita endo,Keita Endo,1,5.0,0.0,96
person:steeve cruchet,person:steeve cruchet,Steeve Cruchet,1,5.0,0.0,96
person:karen menuz,person:karen menuz,Karen Menuz,1,5.0,0.0,96
person:k franks,person:k franks,K. M. Franks,1,5.0,0.0,9
person:m humayun,person:m humayun,M. Humayun,1,5.0,0.0,8
person:d lyon,person:d lyon,D. Lyon,1,5.0,0.0,6
person:j cazemier,person:j cazemier,J. L. Cazemier,1,5.0,0.0,6
person:patrick van der smagt,person:patrick van der smagt,Patrick van der Smagt,1,5.0,0.0,6
person:m gelbart,person:m gelbart,M. Gelbart,1,5.0,0.0,1
person:naomi shvedov,person:naomi shvedov,Naomi R. Shvedov,1,5.0,0.0,6
person:simon castonguay,person:simon castonguay,Simon J. Castonguay,1,5.0,0.0,6
person:d schick,person:d schick,D. Schick,1,5.0,0.0,6
person:b scott,person:b scott,B. Scott,1,5.0,0.0,6
person:steffen schmidt,person:steffen schmidt,Steffen Schmidt,1,5.0,0.0,2
person:h senevirathne,person:h senevirathne,H. K. Senevirathne,1,5.0,0.0,0
person:christopher adamson,person:christopher adamson,Christopher Adamson,1,5.0,0.0,5
person:m gajwani,person:m gajwani,M. Gajwani,1,5.0,0.0,5
person:matthias klapperstueck,person:matthias klapperstueck,Matthias Klapperstueck,1,5.0,0.0,5
person:james manley,person:james manley,James Manley,1,5.0,0.0,5
person:tim dwyer,person:tim dwyer,Tim Dwyer,1,5.0,0.0,5
person:efrain ribeiro,person:efrain ribeiro,Efrain A. Ribeiro,1,5.0,0.0,14
person:alexander nectow,person:alexander nectow,Alexander R. Nectow,1,5.0,0.0,14
person:l pomeranz,person:l pomeranz,L. Pomeranz,1,5.0,0.0,14
person:mats ekstrand,person:mats ekstrand,Mats I. Ekstrand,1,5.0,0.0,14
person:j koo,person:j koo,J. Koo,1,5.0,0.0,14
person:craig washington,person:craig washington,Craig J. Washington,1,5.0,0.0,0
person:m lowman,person:m lowman,M. Lowman,1,5.0,0.0,0
person:s shibata,person:s shibata,S. Shibata,1,5.0,0.0,18
person:fumiko seki,person:fumiko seki,Fumiko Seki,1,5.0,0.0,18
person:michiko inouye,person:michiko inouye,Michiko O Inouye,1,5.0,0.0,18
person:t nagai,person:t nagai,T. Nagai,1,5.0,0.0,18
person:ranga srinivasan,person:ranga srinivasan,Ranga Srinivasan,1,5.0,0.0,1
person:a gross,person:a gross,A. Gross,1,5.0,0.0,3
person:majd farah,person:majd farah,Majd Farah,1,5.0,0.0,3
person:subhajit jana,person:subhajit jana,Subhajit Jana,1,5.0,0.0,3
person:lucie lentz,person:lucie lentz,Lucie Lentz,1,5.0,0.0,0
person:jessica iliescu,person:jessica iliescu,Jessica Iliescu,1,5.0,0.0,0
person:junichi tanimura,person:junichi tanimura,Junichi Tanimura,1,5.0,0.0,0
person:t riemensperger,person:t riemensperger,T. Riemensperger,1,5.0,0.0,0
person:s jaume,person:s jaume,S. Jaume,1,5.0,0.0,130
person:k knobe,person:k knobe,K. Knobe,1,5.0,0.0,130
person:r newton,person:r newton,R. Newton,1,5.0,0.0,130
person:f schlimbach,person:f schlimbach,F. Schlimbach,1,5.0,0.0,130
person:melanie blower,person:melanie blower,Melanie Blower,1,5.0,0.0,130
person:alexander mathiasen,person:alexander mathiasen,Alexander Mathiasen,1,5.0,0.0,2
person:joanna tsang,person:joanna tsang,Joanna Tsang,1,5.0,0.0,2
person:monique estelle charrier,person:monique estelle charrier,Monique Estelle Charrier,1,5.0,0.0,2
person:e gobbetti,person:e gobbetti,E. Gobbetti,1,5.0,0.0,1
person:halvor herlyng,person:halvor herlyng,Halvor Herlyng,1,5.0,0.0,0
person:m causemann,person:m causemann,M. Causemann,1,5.0,0.0,0
person:a ellingsrud,person:a ellingsrud,A. J. Ellingsrud,1,5.0,0.0,0
person:g halnes,person:g halnes,G. Halnes,1,5.0,0.0,0
person:m rognes,person:m rognes,M. Rognes,1,5.0,0.0,0
person:georg ammer,person:georg ammer,Georg Ammer,1,5.0,0.0,11
person:etienne serbe kamp,person:etienne serbe kamp,Etienne Serbe-Kamp,1,5.0,0.0,11
person:alex mauss,person:alex mauss,Alex S. Mauss,1,5.0,0.0,11
person:sandra fendl,person:sandra fendl,Sandra Fendl,1,5.0,0.0,11
person:ivy chi wai chan,person:ivy chi wai chan,Ivy Chi Wai Chan,1,5.0,0.0,46
person:john hernandez,person:john hernandez,John S Hernandez,1,5.0,0.0,46
person:hagar meltzer,person:hagar meltzer,Hagar Meltzer,1,5.0,0.0,46
person:annie park,person:annie park,Annie Park,1,5.0,0.0,46
person:femke hurtak,person:femke hurtak,Femke Hurtak,1,5.0,0.0,34
person:charles crouse,person:charles crouse,Charles M. Crouse,1,5.0,0.0,4
person:sergio bernal garcia,person:sergio bernal garcia,Sergio Bernal-Garcia,1,5.0,0.0,4
person:alexa schlotter,person:alexa schlotter,Alexa P. Schlotter,1,5.0,0.0,4
person:daniela pereira,person:daniela pereira,Daniela Pereira,1,5.0,0.0,4
person:aleksandra recupero,person:aleksandra recupero,Aleksandra J. Recupero,1,5.0,0.0,4
person:luke hammond,person:luke hammond,Luke A. Hammond,1,5.0,0.0,4
person:kerem kurban,person:kerem kurban,Kerem Kurban,1,5.0,0.0,7
person:ana inacio,person:ana inacio,Ana R. Inácio,1,5.0,0.0,5
person:k lam,person:k lam,K. Lam,1,5.0,0.0,5
person:f pereira,person:f pereira,F. Pereira,1,5.0,0.0,5
person:charles gerfen,person:charles gerfen,Charles R. Gerfen,1,5.0,0.0,5
person:alexander vasserman,person:alexander vasserman,Alexander N. Vasserman,1,5.0,0.0,4
person:jessica ausborn,person:jessica ausborn,Jessica Ausborn,1,5.0,0.0,4
person:sarah doran,person:sarah doran,Sarah J. Doran,1,5.0,0.0,2
person:j parkin,person:j parkin,J. Parkin,1,5.0,0.0,2
person:rossella arcucci,person:rossella arcucci,Rossella Arcucci,1,5.0,0.0,0
person:jason kim,person:jason kim,Jason Z. Kim,1,5.0,0.0,2
person:jonathan soffer,person:jonathan soffer,Jonathan M. Soffer,1,5.0,0.0,2
person:ari kahn,person:ari kahn,Ari E. Kahn,1,5.0,0.0,2
person:j vettel,person:j vettel,J. Vettel,1,5.0,0.0,2
person:shakira suwan,person:shakira suwan,Shakira Suwan,1,5.0,0.0,2
person:dominic lee,person:dominic lee,Dominic S. Lee,1,5.0,0.0,2
person:runze tang,person:runze tang,Runze Tang,1,5.0,0.0,2
person:hechun xia,person:hechun xia,Hechun Xia,1,5.0,0.0,0
person:yanli tan,person:yanli tan,Yanli Tan,1,5.0,0.0,0
person:chuan fang,person:chuan fang,Chuan Fang,1,5.0,0.0,0
person:m maggioni,person:m maggioni,M. Maggioni,1,5.0,0.0,2
person:sheila kusnoor,person:sheila kusnoor,Sheila V. Kusnoor,1,5.0,0.0,53
person:a deutch,person:a deutch,A. Deutch,1,5.0,0.0,53
person:pratyush ramakrishna,person:pratyush ramakrishna,Pratyush Ramakrishna,1,5.0,0.0,9
person:maayan levy,person:maayan levy,Maayan Levy,1,5.0,0.0,0
person:zarion marshall,person:zarion marshall,Zarion D. Marshall,1,5.0,0.0,0
person:j maclean,person:j maclean,J. MacLean,1,5.0,0.0,0
person:barbara feulner,person:barbara feulner,Barbara Feulner,1,5.0,0.0,10
person:m perich,person:m perich,M. Perich,1,5.0,0.0,10
person:raeed chowdhury,person:raeed chowdhury,Raeed H. Chowdhury,1,5.0,0.0,10
person:l miller,person:l miller,L. Miller,1,5.0,0.0,10
person:j gallego,person:j gallego,J. A. Gallego,1,5.0,0.0,10
person:sounak bagchi,person:sounak bagchi,Sounak Bagchi,1,5.0,0.0,33
person:palina pauliuchenka,person:palina pauliuchenka,Palina Pauliuchenka,1,5.0,0.0,33
person:hiroshi shiozaki,person:hiroshi shiozaki,Hiroshi M. Shiozaki,1,5.0,0.0,4
person:david stern,person:david stern,David L. Stern,1,5.0,0.0,4
person:a horn,person:a horn,A. Horn,1,5.0,0.0,20
person:c graydon,person:c graydon,C. Graydon,1,5.0,0.0,6
person:evan lieberman,person:evan lieberman,Evan E. Lieberman,1,5.0,0.0,6
person:d marchette,person:d marchette,D. Marchette,1,5.0,0.0,0
person:m rombach,person:m rombach,M. P. Rombach,1,5.0,0.0,2
person:p mucha,person:p mucha,P. Mucha,1,5.0,0.0,2
person:c herold,person:c herold,C. Herold,1,5.0,0.0,5
person:p schlomer,person:p schlomer,P. Schlömer,1,5.0,0.0,5
person:isabelle mafoppa fomat,person:isabelle mafoppa fomat,Isabelle Mafoppa-Fomat,1,5.0,0.0,5
person:j mehlhorn,person:j mehlhorn,J. Mehlhorn,1,5.0,0.0,5
person:o paredes,person:o paredes,O. Paredes,1,5.0,0.0,99
person:jhonatan lopez,person:jhonatan lopez,Jhonatan B. López,1,5.0,0.0,99
person:c covantes osuna,person:c covantes osuna,C. Covantes-Osuna,1,5.0,0.0,99
person:vladimir ocegueda hernandez,person:vladimir ocegueda hernandez,Vladimir Ocegueda-Hernández,1,5.0,0.0,99
person:r romo vazquez,person:r romo vazquez,R. Romo-Vázquez,1,5.0,0.0,99
person:j morales,person:j morales,J. A. Morales,1,5.0,0.0,99
person:rui zhou,person:rui zhou,Rui Zhou,1,5.0,0.0,0
person:a panigrahi,person:a panigrahi,A. Panigrahi,1,5.0,0.0,2
person:a jacobo,person:a jacobo,A. Jacobo,1,5.0,0.0,137
person:sajjad hossain,person:sajjad hossain,Sajjad Hossain,1,5.0,0.0,137
person:k siletti,person:k siletti,K. Siletti,1,5.0,0.0,137
person:a hudspeth,person:a hudspeth,A. Hudspeth,1,5.0,0.0,137
person:n cano astorga,person:n cano astorga,N. Cano-Astorga,1,5.0,0.0,7
person:s plaza alonso,person:s plaza alonso,S. Plaza-Alonso,1,5.0,0.0,7
person:a meyer,person:a meyer,A. Meyer,1,5.0,0.0,6
person:laura huser,person:laura huser,Laura Hüser,1,5.0,0.0,6
person:karin dedek,person:karin dedek,Karin Dedek,1,5.0,0.0,6
person:s haverkamp,person:s haverkamp,S. Haverkamp,1,5.0,0.0,6
person:sungmin hwang,person:sungmin hwang,Sungmin Hwang,1,5.0,0.0,68
person:g parisi,person:g parisi,G. Parisi,1,5.0,0.0,68
person:f zamponi,person:f zamponi,F. Zamponi,1,5.0,0.0,68
person:c rees,person:c rees,C. L. Rees,1,5.0,0.0,0
person:d hamilton,person:d hamilton,D. J. Hamilton,1,5.0,0.0,0
person:a komendantov,person:a komendantov,A. O. Komendantov,1,5.0,0.0,0
person:johannes knittel,person:johannes knittel,Johannes Knittel,1,5.0,0.0,1
person:fangneng zhan,person:fangneng zhan,Fangneng Zhan,1,5.0,0.0,1
person:gyeong tae kim,person:gyeong tae kim,Gyeong Tae Kim,1,5.0,0.0,5
person:nari kim,person:nari kim,Nari Kim,1,5.0,0.0,5
person:rouven ziegler,person:rouven ziegler,Rouven L. Ziegler,1,5.0,0.0,80
person:j hirtz,person:j hirtz,J. J. Hirtz,1,5.0,0.0,80
person:courtney wilson,person:courtney wilson,Courtney E Wilson,1,5.0,0.0,141
person:r lasher,person:r lasher,R. Lasher,1,5.0,0.0,141
person:y dzowo,person:y dzowo,Y. Dzowo,1,5.0,0.0,141
person:j kinnamon,person:j kinnamon,J. C. Kinnamon,1,5.0,0.0,141
person:t finger,person:t finger,T. Finger,1,5.0,0.0,141
person:pablo lituma,person:pablo lituma,Pablo J. Lituma,1,5.0,0.0,102
person:e woo,person:e woo,E. Woo,1,5.0,0.0,102
person:b hara,person:b hara,B. O’Hara,1,5.0,0.0,102
person:p castillo,person:p castillo,P. Castillo,1,5.0,0.0,102
person:n sibinga,person:n sibinga,N. Sibinga,1,5.0,0.0,102
person:sayan nandi,person:sayan nandi,Sayan Nandi,1,5.0,0.0,102
person:kathrin hartung,person:kathrin hartung,Kathrin Hartung,1,5.0,0.0,2
person:ulrich thomas,person:ulrich thomas,Ulrich Thomas,1,5.0,0.0,2
person:fred shen,person:fred shen,Fred Y. Shen,1,5.0,0.0,56
person:m harrington,person:m harrington,M. Harrington,1,5.0,0.0,56
person:hon pong jimmy cheng,person:hon pong jimmy cheng,Hon Pong Jimmy Cheng,1,5.0,0.0,56
person:theju jacob,person:theju jacob,Theju Jacob,1,5.0,0.0,0
person:k lillis,person:k lillis,K. Lillis,1,5.0,0.0,0
person:waldemar swiercz,person:waldemar swiercz,Waldemar Swiercz,1,5.0,0.0,0
person:negah rahmati,person:negah rahmati,Negah Rahmati,1,5.0,0.0,0
person:k staley,person:k staley,K. Staley,1,5.0,0.0,0
person:a miri,person:a miri,A. Miri,1,5.0,0.0,6
person:kayvon daie,person:kayvon daie,Kayvon Daie,1,5.0,0.0,6
person:aristides arrenberg,person:aristides arrenberg,Aristides B. Arrenberg,1,5.0,0.0,6
person:michelle pang,person:michelle pang,Michelle M. Pang,1,5.0,0.0,15
person:marjorie xie,person:marjorie xie,Marjorie Xie,1,5.0,0.0,15
person:helen yang,person:helen yang,Helen H. Yang,1,5.0,0.0,15
person:v zerbi,person:v zerbi,V. Zerbi,1,5.0,0.0,103
person:m markicevic,person:m markicevic,M. Markicevic,1,5.0,0.0,103
person:f gasparini,person:f gasparini,F. Gasparini,1,5.0,0.0,103
person:aileen schroeter,person:aileen schroeter,Aileen Schroeter,1,5.0,0.0,103
person:m rudin,person:m rudin,M. Rudin,1,5.0,0.0,103
person:n wenderoth,person:n wenderoth,N. Wenderoth,1,5.0,0.0,103
person:nicolas rault,person:nicolas rault,Nicolas Rault,1,5.0,0.0,104
person:tido bergmans,person:tido bergmans,Tido Bergmans,1,5.0,0.0,104
person:natasja delfstra,person:natasja delfstra,Natasja Delfstra,1,5.0,0.0,104
person:bisley kleijnen,person:bisley kleijnen,Bisley J. Kleijnen,1,5.0,0.0,104
person:f zeldenrust,person:f zeldenrust,F. Zeldenrust,1,5.0,0.0,104
person:t celikel,person:t celikel,T. Celikel,1,5.0,0.0,104
person:t godenschwege,person:t godenschwege,T. Godenschwege,1,5.0,0.0,0
person:xiaoliang shan,person:xiaoliang shan,Xiaoliang Shan,1,5.0,0.0,0
person:greg bashaw,person:greg bashaw,Greg J. Bashaw,1,5.0,0.0,0
person:c goodman,person:c goodman,C. Goodman,1,5.0,0.0,0
person:anthony deluca,person:anthony deluca,Anthony Deluca,1,5.0,0.0,105
person:brooke bascom,person:brooke bascom,Brooke Bascom,1,5.0,0.0,105
person:daniela key planas,person:daniela key planas,Daniela A Key Planas,1,5.0,0.0,105
person:matthew kocher,person:matthew kocher,Matthew A. Kocher,1,5.0,0.0,105
person:marielise torres,person:marielise torres,Marielise Torres,1,5.0,0.0,105
person:m arbeitman,person:m arbeitman,M. Arbeitman,1,5.0,0.0,105
person:dan wu,person:dan wu,Dan Wu,1,5.0,0.0,0
person:alina isakova,person:alina isakova,Alina Isakova,1,5.0,0.0,4
person:zhou wan,person:zhou wan,Zhou Wan,1,5.0,0.0,4
person:m wagner,person:m wagner,M. Wagner,1,5.0,0.0,4
person:m crow,person:m crow,M. Crow,1,5.0,0.0,0
person:j gillis,person:j gillis,J. Gillis,1,5.0,0.0,0
person:marcelo fiori,person:marcelo fiori,Marcelo Fiori,1,5.0,0.0,2
person:g sapiro,person:g sapiro,G. Sapiro,1,5.0,0.0,2
person:vikram nathan,person:vikram nathan,Vikram Nathan,1,5.0,0.0,106
person:stephanie tullo,person:stephanie tullo,Stephanie Tullo,1,5.0,0.0,106
person:lizette herrera portillo,person:lizette herrera portillo,Lizette Herrera-Portillo,1,5.0,0.0,106
person:gabriel devenyi,person:gabriel devenyi,Gabriel A. Devenyi,1,5.0,0.0,106
person:yohan yee,person:yohan yee,Yohan Yee,1,5.0,0.0,106
person:m chakravarty,person:m chakravarty,M. Chakravarty,1,5.0,0.0,106
person:b bilgic,person:b bilgic,B. Bilgiç,1,5.0,0.0,107
person:k setsompop,person:k setsompop,K. Setsompop,1,5.0,0.0,107
person:j cohen adad,person:j cohen adad,J. Cohen-Adad,1,5.0,0.0,107
person:v wedeen,person:v wedeen,V. Wedeen,1,5.0,0.0,107
person:l wald,person:l wald,L. Wald,1,5.0,0.0,107
person:e adalsteinsson,person:e adalsteinsson,E. Adalsteinsson,1,5.0,0.0,107
person:k seymour,person:k seymour,K. Seymour,1,5.0,0.0,108
person:r mike,person:r mike,R. Mike,1,5.0,0.0,108
person:k narayanan,person:k narayanan,K. Narayanan,1,5.0,0.0,108
person:lee dongil,person:lee dongil,Lee Dongil,1,5.0,0.0,108
person:pfister hanspeter,person:pfister hanspeter,Pfister Hanspeter,1,5.0,0.0,108
person:lichtman jeff,person:lichtman jeff,Lichtman Jeff,1,5.0,0.0,108
person:m trusel,person:m trusel,M. Trusel,1,5.0,0.0,0
person:d alam,person:d alam,D. Alam,1,5.0,0.0,0
person:ethan marks,person:ethan marks,Ethan S Marks,1,5.0,0.0,0
person:maaya ikeda,person:maaya ikeda,Maaya Z Ikeda,1,5.0,0.0,0
person:t roberts,person:t roberts,T. Roberts,1,5.0,0.0,0
person:c hsu,person:c hsu,C. Hsu,1,5.0,0.0,9
person:s chong,person:s chong,S. Chong,1,5.0,0.0,9
person:yi chia kung,person:yi chia kung,Yi-Chia Kung,1,5.0,0.0,9
person:kuan tsen kuo,person:kuan tsen kuo,Kuan-Tsen Kuo,1,5.0,0.0,9
person:ao cheng,person:ao cheng,Ao Cheng,1,4.0,0.0,1
person:zhanpeng zhu,person:zhanpeng zhu,Zhanpeng Zhu,1,4.0,0.0,1
person:e josephine clowney,person:e josephine clowney,E. Josephine Clowney,1,4.0,0.0,2
person:mitchell vaughn,person:mitchell vaughn,Mitchell J. Vaughn,1,4.0,0.0,110
person:david uygun,person:david uygun,David S. Uygun,1,4.0,0.0,110
person:r basheer,person:r basheer,R. Basheer,1,4.0,0.0,110
person:kevin bender,person:kevin bender,Kevin J. Bender,1,4.0,0.0,110
person:j haas,person:j haas,J. Haas,1,4.0,0.0,110
person:k manjunatha,person:k manjunatha,K. Manjunatha,1,4.0,0.0,6
person:m bruzzone,person:m bruzzone,M. Bruzzone,1,4.0,0.0,6
person:g nicoletti,person:g nicoletti,G. Nicoletti,1,4.0,0.0,6
person:leehod baruch,person:leehod baruch,Leehod Baruch,1,4.0,0.0,111
person:s itzkovitz,person:s itzkovitz,S. Itzkovitz,1,4.0,0.0,111
person:michal golan mashiach,person:michal golan mashiach,Michal Golan-Mashiach,1,4.0,0.0,111
person:e shapiro,person:e shapiro,E. Shapiro,1,4.0,0.0,111
person:e segal,person:e segal,E. Segal,1,4.0,0.0,111
person:d schreiner,person:d schreiner,D. Schreiner,1,4.0,0.0,4
person:j savas,person:j savas,J. Savas,1,4.0,0.0,4
person:e herzog,person:e herzog,E. Herzog,1,4.0,0.0,4
person:n brose,person:n brose,N. Brose,1,4.0,0.0,4
person:kazuma sakamoto,person:kazuma sakamoto,Kazuma Sakamoto,1,4.0,0.0,113
person:z soh,person:z soh,Z. Soh,1,4.0,0.0,113
person:michiyo suzuki,person:michiyo suzuki,Michiyo Suzuki,1,4.0,0.0,113
person:y iino,person:y iino,Y. Iino,1,4.0,0.0,113
person:t tsuji,person:t tsuji,T. Tsuji,1,4.0,0.0,113
person:rohan gupta,person:rohan gupta,Rohan Gupta,1,4.0,0.0,92
person:n jha,person:n jha,N. Jha,1,4.0,0.0,92
person:r nagraik,person:r nagraik,R. Nagraik,1,4.0,0.0,92
person:karthikeyan ravi,person:karthikeyan ravi,Karthikeyan Ravi,1,4.0,0.0,92
person:anna kramer,person:anna kramer,Anna Kramer,1,4.0,0.0,6
person:j picao osorio,person:j picao osorio,J. Picao-Osorio,1,4.0,0.0,2
person:w roseby,person:w roseby,W. Roseby,1,4.0,0.0,2
person:c hancock,person:c hancock,C.E. Hancock,1,4.0,0.0,2
person:c alonso,person:c alonso,C. Alonso,1,4.0,0.0,2
person:marco zenari,person:marco zenari,Marco Zenari,1,4.0,0.0,6
person:l taffarello,person:l taffarello,L. Taffarello,1,4.0,0.0,6
person:luca mazzucato,person:luca mazzucato,Luca Mazzucato,1,4.0,0.0,6
person:a maritan,person:a maritan,A. Maritan,1,4.0,0.0,6
person:harold shearin,person:harold shearin,Harold K. Shearin,1,4.0,0.0,114
person:casey quinn,person:casey quinn,Casey D. Quinn,1,4.0,0.0,114
person:robert mackin,person:robert mackin,Robert D. Mackin,1,4.0,0.0,114
person:ian macdonald,person:ian macdonald,Ian S. Macdonald,1,4.0,0.0,114
person:r stowers,person:r stowers,R. Stowers,1,4.0,0.0,114
person:rachel huckfeldt,person:rachel huckfeldt,Rachel M. Huckfeldt,1,4.0,0.0,6
person:edward parker,person:edward parker,Edward D. Parker,1,4.0,0.0,6
person:j campbell,person:j campbell,J. E. Campbell,1,4.0,0.0,6
person:da lu,person:da lu,Da Lu,1,4.0,0.0,0
person:edward laurence,person:edward laurence,Edward Laurence,1,4.0,0.0,115
person:charles murphy,person:charles murphy,Charles Murphy,1,4.0,0.0,115
person:g st onge,person:g st onge,G. St‐Onge,1,4.0,0.0,115
person:xavier roy pomerleau,person:xavier roy pomerleau,Xavier Roy-Pomerleau,1,4.0,0.0,115
person:vincent thibeault,person:vincent thibeault,Vincent Thibeault,1,4.0,0.0,115
person:j arle,person:j arle,J. Arle,1,4.0,0.0,116
person:nicolae iftimia,person:nicolae iftimia,Nicolae Iftimia,1,4.0,0.0,116
person:j shils,person:j shils,J. Shils,1,4.0,0.0,116
person:l mei,person:l mei,L. Mei,1,4.0,0.0,116
person:kristen carlson,person:kristen carlson,Kristen W. Carlson,1,4.0,0.0,116
person:d udvary,person:d udvary,D. Udvary,1,4.0,0.0,6
person:benjamin schmid,person:benjamin schmid,Benjamin Schmid,1,4.0,0.0,2
person:m heisenberg,person:m heisenberg,M. Heisenberg,1,4.0,0.0,2
person:samuel harris,person:samuel harris,Samuel N. Harris,1,4.0,0.0,2
person:linnaea ostroff,person:linnaea ostroff,Linnaea E. Ostroff,1,4.0,0.0,118
person:c cain,person:c cain,C. Cain,1,4.0,0.0,118
person:n jindal,person:n jindal,N. Jindal,1,4.0,0.0,118
person:najia dar,person:najia dar,Najia Dar,1,4.0,0.0,118
person:joseph ledoux,person:joseph ledoux,Joseph E LeDoux,1,4.0,0.0,118
person:s ohno,person:s ohno,S. Ohno,1,4.0,0.0,77
person:h pao,person:h pao,H. Pao,1,4.0,0.0,2
person:a gulyas,person:a gulyas,A. Gulyás,1,4.0,0.0,93
person:guiyuan shi,person:guiyuan shi,Guiyuan Shi,1,4.0,0.0,0
person:lirong zheng,person:lirong zheng,Lirong Zheng,1,4.0,0.0,0
person:rabiah dhaliwal,person:rabiah dhaliwal,Rabiah Dhaliwal,1,4.0,0.0,0
person:molly stanley,person:molly stanley,Molly Stanley,1,4.0,0.0,0
person:pierre junca,person:pierre junca,Pierre Junca,1,4.0,0.0,0
person:m gordon,person:m gordon,M. D. Gordon,1,4.0,0.0,0
person:n parikh,person:n parikh,N. Parikh,1,4.0,0.0,1
person:p mulders,person:p mulders,P. Mulders,1,4.0,0.0,120
person:p van eijndhoven,person:p van eijndhoven,P. V. van Eijndhoven,1,4.0,0.0,120
person:a schene,person:a schene,A. Schene,1,4.0,0.0,120
person:c beckmann,person:c beckmann,C. Beckmann,1,4.0,0.0,120
person:i tendolkar,person:i tendolkar,I. Tendolkar,1,4.0,0.0,120
person:ryan ellison,person:ryan ellison,Ryan Ellison,1,4.0,0.0,122
person:mona matar,person:mona matar,Mona Matar,1,4.0,0.0,122
person:s gokoglu,person:s gokoglu,S. Gokoglu,1,4.0,0.0,122
person:r prabhu,person:r prabhu,R. K. Prabhu,1,4.0,0.0,122
person:scott hooper,person:scott hooper,Scott L. Hooper,1,4.0,0.0,122
person:q dou,person:q dou,Q. Dou,1,4.0,0.0,0
person:simone holler,person:simone holler,Simone Holler,1,4.0,0.0,1
person:german kostinger,person:german kostinger,German Köstinger,1,4.0,0.0,1
person:k martin,person:k martin,K. Martin,1,4.0,0.0,1
person:k stratford,person:k stratford,K. Stratford,1,4.0,0.0,1
person:p maia,person:p maia,P. Maia,1,4.0,0.0,0
person:tate tower,person:tate tower,Tate Tower,1,4.0,0.0,15
person:hannah lax,person:hannah lax,Hannah Lax,1,4.0,0.0,15
person:marc thorsten hutt,person:marc thorsten hutt,Marc-Thorsten Hutt,1,4.0,0.0,15
person:danielle graham,person:danielle graham,Danielle Graham,1,4.0,0.0,15
person:luca golinelli,person:luca golinelli,Luca Golinelli,1,4.0,0.0,4
person:m istiban,person:m istiban,M. Istiban,1,4.0,0.0,4
person:l temmerman,person:l temmerman,L. Temmerman,1,4.0,0.0,4
person:eva scholz carlson,person:eva scholz carlson,Eva Scholz-Carlson,1,4.0,0.0,1
person:a iyer,person:a iyer,A. Iyer,1,4.0,0.0,1
person:john ewer,person:john ewer,John Ewer,1,4.0,0.0,1
person:maria fernandez,person:maria fernandez,Maria P. Fernandez,1,4.0,0.0,1
person:eleonora meschi,person:eleonora meschi,Eleonora Meschi,1,4.0,0.0,1
person:lucille duquenoy,person:lucille duquenoy,Lucille Duquenoy,1,4.0,0.0,1
person:m zhong,person:m zhong,M. Zhong,1,4.0,0.0,56
person:t peng,person:t peng,T. Peng,1,4.0,0.0,56
person:m duarte,person:m duarte,M. Duarte,1,4.0,0.0,56
person:yunkyu sohn,person:yunkyu sohn,Yunkyu Sohn,1,4.0,0.0,4
person:yong yeol ahn,person:yong yeol ahn,Yong-Yeol Ahn,1,4.0,0.0,4
person:a grotemeyer,person:a grotemeyer,A. Grotemeyer,1,4.0,0.0,11
person:dibbanti harikrishnareddy,person:dibbanti harikrishnareddy,Dibbanti HariKrishnaReddy,1,4.0,0.0,154
person:manisha prajapat,person:manisha prajapat,Manisha Prajapat,1,4.0,0.0,154
person:a prakash,person:a prakash,A. Prakash,1,4.0,0.0,154
person:b medhi,person:b medhi,B. Medhi,1,4.0,0.0,154
person:laura anton sanchez,person:laura anton sanchez,Laura Anton-Sanchez,1,4.0,0.0,123
person:felix effenberger,person:felix effenberger,Felix Effenberger,1,4.0,0.0,123
person:c bielza,person:c bielza,C. Bielza,1,4.0,0.0,123
person:p larranaga,person:p larranaga,P. Larrañaga,1,4.0,0.0,123
person:hermann cuntz,person:hermann cuntz,Hermann Cuntz,1,4.0,0.0,123
person:giulia menichetti,person:giulia menichetti,Giulia Menichetti,1,4.0,0.0,4
person:andre ferreira castro,person:andre ferreira castro,André Ferreira Castro,1,4.0,0.0,4
person:huayu ding,person:huayu ding,Huayu Ding,1,4.0,0.0,6
person:alon poleg polsky,person:alon poleg polsky,Alon Poleg-Polsky,1,4.0,0.0,6
person:alberto bailoni,person:alberto bailoni,Alberto Bailoni,1,4.0,0.0,7
person:steffen wolf,person:steffen wolf,Steffen Wolf,1,4.0,0.0,7
person:g pontes,person:g pontes,G. Pontes,1,4.0,0.0,3
person:nicholas jourjine,person:nicholas jourjine,Nicholas Jourjine,1,4.0,0.0,3
person:elisabeth demarco,person:elisabeth demarco,Elisabeth C. DeMarco,1,4.0,0.0,124
person:alexander tesmer,person:alexander tesmer,Alexander L. Tesmer,1,4.0,0.0,124
person:bruna hech,person:bruna hech,Bruna Hech,1,4.0,0.0,124
person:k kawakami,person:k kawakami,K. Kawakami,1,4.0,0.0,124
person:estuardo robles,person:estuardo robles,Estuardo Robles,1,4.0,0.0,124
person:shivesh chaudhary,person:shivesh chaudhary,Shivesh Chaudhary,1,4.0,0.0,7
person:sol ah lee,person:sol ah lee,Sol Ah Lee,1,4.0,0.0,7
person:dhaval patel,person:dhaval patel,Dhaval S. Patel,1,4.0,0.0,7
person:savik kinger,person:savik kinger,Savik Kinger,1,4.0,0.0,4
person:johannes bertram,person:johannes bertram,Johannes Bertram,1,4.0,0.0,4
person:luciano dyballa,person:luciano dyballa,Luciano Dyballa,1,4.0,0.0,4
person:steven zucker,person:steven zucker,Steven W. Zucker,1,4.0,0.0,4
person:andrea luppi,person:andrea luppi,Andrea I. Luppi,1,4.0,0.0,5
person:laura suarez,person:laura suarez,Laura E. Suárez,1,4.0,0.0,5
person:guillaume lajoie,person:guillaume lajoie,Guillaume Lajoie,1,4.0,0.0,5
person:altar sorkac,person:altar sorkac,Altar Sorkaç,1,4.0,0.0,2
person:yiannis savva,person:yiannis savva,Yiannis A. Savva,1,4.0,0.0,2
person:doruk savas,person:doruk savas,Doruk Savaş,1,4.0,0.0,2
person:amicia elliott,person:amicia elliott,Amicia D Elliott,1,4.0,0.0,157
person:sarav shah,person:sarav shah,Sarav Shah,1,4.0,0.0,157
person:b white,person:b white,B. White,1,4.0,0.0,157
person:muyang lyu,person:muyang lyu,Muyang Lyu,1,4.0,0.0,0
person:christian goodbrake,person:christian goodbrake,Christian Goodbrake,1,4.0,0.0,126
person:d beers,person:d beers,D. Beers,1,4.0,0.0,126
person:t thompson,person:t thompson,T. Thompson,1,4.0,0.0,126
person:h harrington,person:h harrington,H. Harrington,1,4.0,0.0,126
person:a goriely,person:a goriely,A. Goriely,1,4.0,0.0,126
person:jonathan garcia,person:jonathan garcia,Jonathan W. Garcia,1,4.0,0.0,2
person:c sabottke,person:c sabottke,C. Sabottke,1,4.0,0.0,2
person:d spencer,person:d spencer,D. Spencer,1,4.0,0.0,2
person:s price,person:s price,S. Price,1,4.0,0.0,4
person:t santarius,person:t santarius,T. Santarius,1,4.0,0.0,4
person:m kleinnijenhuis,person:m kleinnijenhuis,M. Kleinnijenhuis,1,4.0,0.0,5
person:errin johnson,person:errin johnson,Errin Johnson,1,4.0,0.0,5
person:j mollink,person:j mollink,J. Mollink,1,4.0,0.0,5
person:k miller,person:k miller,K. Miller,1,4.0,0.0,5
person:abhilash sawant,person:abhilash sawant,Abhilash Sawant,1,4.0,0.0,42
person:jake khoussine,person:jake khoussine,Jake Khoussine,1,4.0,0.0,42
person:felicia davenport,person:felicia davenport,Felicia Davenport,1,4.0,0.0,2
person:n takata,person:n takata,N. Takata,1,4.0,0.0,18
person:n sato,person:n sato,N. Sato,1,4.0,0.0,18
person:kenji tanaka,person:kenji tanaka,Kenji F. Tanaka,1,4.0,0.0,18
person:matteo serafino,person:matteo serafino,Matteo Serafino,1,4.0,0.0,25
person:johnson keiriz,person:johnson keiriz,Johnson J. G. Keiriz,1,4.0,0.0,0
person:a forbes,person:a forbes,A. Forbes,1,4.0,0.0,0
person:a safari,person:a safari,A. Safari,1,4.0,0.0,128
person:p moretti,person:p moretti,P. Moretti,1,4.0,0.0,128
person:i diez,person:i diez,I. Díez,1,4.0,0.0,128
person:j cortes,person:j cortes,J. Cortes,1,4.0,0.0,128
person:m munoz,person:m munoz,M. A. Muñoz,1,4.0,0.0,128
person:abby thompson,person:abby thompson,Abby R. Thompson,1,4.0,0.0,9
person:elisabeth conklin,person:elisabeth conklin,Elisabeth A. Conklin,1,4.0,0.0,9
person:nathan schroeder,person:nathan schroeder,Nathan E. Schroeder,1,4.0,0.0,9
person:mayank kabra,person:mayank kabra,Mayank Kabra,1,4.0,0.0,1
person:m rivera alba,person:m rivera alba,M. Rivera-Alba,1,4.0,0.0,1
person:steve branson,person:steve branson,Steve Branson,1,4.0,0.0,1
person:k branson,person:k branson,K. Branson,1,4.0,0.0,1
person:jesse brown,person:jesse brown,Jesse A. Brown,1,4.0,0.0,45
person:jeff rudie,person:jeff rudie,Jeff D. Rudie,1,4.0,0.0,45
person:a bandrowski,person:a bandrowski,A. Bandrowski,1,4.0,0.0,45
person:j horn,person:j horn,J. D. Horn,1,4.0,0.0,45
person:scott trinkle,person:scott trinkle,Scott Trinkle,1,4.0,0.0,13
person:s foxley,person:s foxley,S. Foxley,1,4.0,0.0,13
person:p riviere,person:p riviere,P. L. Rivière,1,4.0,0.0,13
person:christine saleeba,person:christine saleeba,Christine Saleeba,1,4.0,0.0,6
person:w risher,person:w risher,W. C. Risher,1,4.0,0.0,129
person:t ustunkaya,person:t ustunkaya,T. Ustunkaya,1,4.0,0.0,129
person:jonnathan singh alvarado,person:jonnathan singh alvarado,Jonnathan Singh Alvarado,1,4.0,0.0,129
person:l rogerson,person:l rogerson,L. Rogerson,1,4.0,0.0,6
person:christian behrens,person:christian behrens,Christian Behrens,1,4.0,0.0,6
person:miljan petrovic,person:miljan petrovic,Miljan Petrović,1,4.0,0.0,79
person:t bolton,person:t bolton,T. Bolton,1,4.0,0.0,79
person:m preti,person:m preti,M. Preti,1,4.0,0.0,79
person:raphael liegeois,person:raphael liegeois,Raphaël Liégeois,1,4.0,0.0,79
person:jun reichl,person:jun reichl,Jun Reichl,1,4.0,0.0,4
person:julia miller,person:julia miller,Julia M. Miller,1,4.0,0.0,4
person:harpreet randhawa,person:harpreet randhawa,Harpreet Randhawa,1,4.0,0.0,4
person:roger bermudez chacon,person:roger bermudez chacon,Róger Bermúdez-Chacón,1,4.0,0.0,7
person:okan altingovde,person:okan altingovde,Okan Altingövde,1,4.0,0.0,7
person:i belevich,person:i belevich,I. Belevich,1,4.0,0.0,131
person:merja joensuu,person:merja joensuu,Merja Joensuu,1,4.0,0.0,131
person:darshan kumar,person:darshan kumar,Darshan Kumar,1,4.0,0.0,131
person:h vihinen,person:h vihinen,H. Vihinen,1,4.0,0.0,131
person:e jokitalo,person:e jokitalo,E. Jokitalo,1,4.0,0.0,131
person:remy petkantchin,person:remy petkantchin,Remy Petkantchin,1,4.0,0.0,7
person:adrien berchet,person:adrien berchet,Adrien Berchet,1,4.0,0.0,7
person:julian falco,person:julian falco,Julian N. Falco,1,4.0,0.0,2
person:michael musslewhite,person:michael musslewhite,Michael D. Musslewhite,1,4.0,0.0,2
person:tyler ramos,person:tyler ramos,Tyler B. Ramos,1,4.0,0.0,1
person:j medaglia,person:j medaglia,J. Medaglia,1,4.0,0.0,2
person:r hamilton,person:r hamilton,R. Hamilton,1,4.0,0.0,2
person:s thompson schill,person:s thompson schill,S. Thompson-Schill,1,4.0,0.0,2
person:p bernstein,person:p bernstein,P. Bernstein,1,4.0,0.0,1
person:elizabeth pax,person:elizabeth pax,Elizabeth Pax,1,4.0,0.0,7
person:g zamora lopez,person:g zamora lopez,G. Zamora-López,1,4.0,0.0,2
person:m kringelbach,person:m kringelbach,M. Kringelbach,1,4.0,0.0,2
person:changsong zhou,person:changsong zhou,Changsong Zhou,1,4.0,0.0,2
person:kei jokura,person:kei jokura,Kei Jokura,1,4.0,0.0,2
person:lara niederhaus,person:lara niederhaus,Lara Niederhaus,1,4.0,0.0,2
person:p burkhardt,person:p burkhardt,P. Burkhardt,1,4.0,0.0,2
person:m shanahan,person:m shanahan,M. Shanahan,1,4.0,0.0,66
person:v bingman,person:v bingman,V. Bingman,1,4.0,0.0,66
person:toru shimizu,person:toru shimizu,Toru Shimizu,1,4.0,0.0,66
person:martin wild,person:martin wild,Martin Wild,1,4.0,0.0,66
person:woo bin jung,person:woo bin jung,Woo-Bin Jung,1,4.0,0.0,0
person:rona gertner,person:rona gertner,Rona S. Gertner,1,4.0,0.0,0
person:do hyun ham,person:do hyun ham,Do-Hyun Ham,1,4.0,0.0,0
person:anna lena horlemann,person:anna lena horlemann,Anna-Lena Horlemann,1,4.0,0.0,7
person:guy billings,person:guy billings,Guy O. Billings,1,4.0,0.0,10
person:a lorincz,person:a lorincz,A. Lorincz,1,4.0,0.0,10
person:z nusser,person:z nusser,Z. Nusser,1,4.0,0.0,10
person:j berzhanskaya,person:j berzhanskaya,J. Berzhanskaya,1,4.0,0.0,0
person:nick chernyy,person:nick chernyy,Nick Chernyy,1,4.0,0.0,0
person:b gluckman,person:b gluckman,B. Gluckman,1,4.0,0.0,0
person:s schiff,person:s schiff,S. Schiff,1,4.0,0.0,0
person:ryan kennedy,person:ryan kennedy,Ryan Kennedy,1,4.0,0.0,1
person:aurora panzera,person:aurora panzera,Aurora Panzera,1,4.0,0.0,2
person:rachael stentiford,person:rachael stentiford,Rachael Stentiford,1,4.0,0.0,132
person:james knight,person:james knight,James C. Knight,1,4.0,0.0,132
person:thomas nowotny,person:thomas nowotny,Thomas Nowotny,1,4.0,0.0,132
person:andrew philippides,person:andrew philippides,Andrew O. Philippides,1,4.0,0.0,132
person:paul graham,person:paul graham,Paul Graham,1,4.0,0.0,132
person:a seybold,person:a seybold,A. Seybold,1,4.0,0.0,169
person:o tolstenkov,person:o tolstenkov,O. Tolstenkov,1,4.0,0.0,169
person:sharat chandra tumu,person:sharat chandra tumu,Sharat Chandra Tumu,1,4.0,0.0,169
person:harald hausen,person:harald hausen,Harald Hausen,1,4.0,0.0,169
person:m ghoniem,person:m ghoniem,M. Ghoniem,1,4.0,0.0,133
person:f mcgee,person:f mcgee,F. McGee,1,4.0,0.0,133
person:g melancon,person:g melancon,G. Melançon,1,4.0,0.0,133
person:b otjacques,person:b otjacques,B. Otjacques,1,4.0,0.0,133
person:bruno pinaud,person:bruno pinaud,Bruno Pinaud,1,4.0,0.0,133
person:marios chatzigeorgiou,person:marios chatzigeorgiou,Marios Chatzigeorgiou,1,4.0,0.0,4
person:m treinin,person:m treinin,M. Treinin,1,4.0,0.0,4
person:haruo mizutani,person:haruo mizutani,Haruo Mizutani,1,4.0,0.0,134
person:yoshihiro takeda,person:yoshihiro takeda,Yoshihiro Takeda,1,4.0,0.0,134
person:atsushi momose,person:atsushi momose,Atsushi Momose,1,4.0,0.0,134
person:akihisa takeuchi,person:akihisa takeuchi,Akihisa Takeuchi,1,4.0,0.0,134
person:toshihisa takagi,person:toshihisa takagi,Toshihisa Takagi,1,4.0,0.0,134
person:xiangrui ma,person:xiangrui ma,Xiangrui Ma,1,4.0,0.0,0
person:s angelantonio,person:s angelantonio,S. Angelantonio,1,4.0,0.0,68
person:giorgio gosti,person:giorgio gosti,Giorgio Gosti,1,4.0,0.0,68
person:wei shen,person:wei shen,Wei Shen,1,4.0,0.0,0
person:a yuille,person:a yuille,A. Yuille,1,4.0,0.0,0
person:laura lungu,person:laura lungu,Laura Lungu,1,4.0,0.0,2
person:zihao sun,person:zihao sun,Zihao Sun,1,4.0,0.0,0
person:h urakubo,person:h urakubo,H. Urakubo,1,4.0,0.0,18
person:t bullmann,person:t bullmann,T. Bullmann,1,4.0,0.0,18
person:shigeyuki oba,person:shigeyuki oba,Shigeyuki Oba,1,4.0,0.0,18
person:k bassler,person:k bassler,K. Bassler,1,4.0,0.0,0
person:k josic,person:k josic,K. Josić,1,4.0,0.0,0
person:w haan,person:w haan,W. D. Haan,1,4.0,0.0,135
person:k mott,person:k mott,K. Mott,1,4.0,0.0,135
person:e straaten,person:e straaten,E. Straaten,1,4.0,0.0,135
person:p scheltens,person:p scheltens,P. Scheltens,1,4.0,0.0,135
person:c stam,person:c stam,C. Stam,1,4.0,0.0,135
person:beth chen,person:beth chen,Beth L. Chen,1,4.0,0.0,9
person:eric paniagua,person:eric paniagua,Eric Paniagua,1,4.0,0.0,9
person:f putter,person:f putter,F. D. Putter,1,4.0,0.0,1
person:h corporaal,person:h corporaal,H. Corporaal,1,4.0,0.0,1
person:leone costi,person:leone costi,Leone Costi,1,4.0,0.0,136
person:alexander hadjiivanov,person:alexander hadjiivanov,Alexander Hadjiivanov,1,4.0,0.0,136
person:dominik dold,person:dominik dold,Dominik Dold,1,4.0,0.0,136
person:zachary hale,person:zachary hale,Zachary F. Hale,1,4.0,0.0,136
person:dario izzo,person:dario izzo,Dario Izzo,1,4.0,0.0,136
person:laura grundy,person:laura grundy,Laura J. Grundy,1,4.0,0.0,4
person:andre brown,person:andre brown,André E. X. Brown,1,4.0,0.0,4
person:marta pallotto,person:marta pallotto,Marta Pallotto,1,4.0,0.0,6
person:b fubara,person:b fubara,B. Fubara,1,4.0,0.0,6
person:antonio diaz parra,person:antonio diaz parra,Antonio Díaz-Parra,1,4.0,0.0,5
person:zachary osborn,person:zachary osborn,Zachary Osborn,1,4.0,0.0,5
person:s canals,person:s canals,S. Canals,1,4.0,0.0,5
person:d moratal,person:d moratal,D. Moratal,1,4.0,0.0,5
person:davit buniatyan,person:davit buniatyan,Davit Buniatyan,1,4.0,0.0,3
person:j sorger,person:j sorger,J. Sorger,1,4.0,0.0,0
person:k buhler,person:k buhler,K. Bühler,1,4.0,0.0,0
person:f schulze,person:f schulze,F. Schulze,1,4.0,0.0,0
person:soonbong baek,person:soonbong baek,Soonbong Baek,1,4.0,0.0,6
person:j jang,person:j jang,J. Jang,1,4.0,0.0,6
person:h jung,person:h jung,H. Jung,1,4.0,0.0,6
person:c shan xu,person:c shan xu,C. Shan Xu,1,4.0,0.0,1
person:aubrie de la cruz,person:aubrie de la cruz,Aubrie L De La Cruz,1,4.0,0.0,0
person:antuca callejas,person:antuca callejas,Antuca Callejas,1,4.0,0.0,0
person:jonas pichat,person:jonas pichat,Jonas Pichat,1,4.0,0.0,138
person:j iglesias,person:j iglesias,J. E. Iglesias,1,4.0,0.0,138
person:t yousry,person:t yousry,T. Yousry,1,4.0,0.0,138
person:s ourselin,person:s ourselin,S. Ourselin,1,4.0,0.0,138
person:m modat,person:m modat,M. Modat,1,4.0,0.0,138
person:sebastian spreizer,person:sebastian spreizer,Sebastian Spreizer,1,4.0,0.0,6
person:johanna senk,person:johanna senk,Johanna Senk,1,4.0,0.0,6
person:s rotter,person:s rotter,S. Rotter,1,4.0,0.0,6
person:b weyers,person:b weyers,B. Weyers,1,4.0,0.0,6
person:wadood haq,person:wadood haq,Wadood Haq,1,4.0,0.0,6
person:b arango gonzalez,person:b arango gonzalez,B. Arango-Gonzalez,1,4.0,0.0,6
person:e zrenner,person:e zrenner,E. Zrenner,1,4.0,0.0,6
person:a azad,person:a azad,A. K. Azad,1,4.0,0.0,100
person:s soffe,person:s soffe,S. Soffe,1,4.0,0.0,100
person:dimitry fisher,person:dimitry fisher,Dimitry Fisher,1,4.0,0.0,2
person:i olasagasti,person:i olasagasti,I. Olasagasti,1,4.0,0.0,2
person:m goldman,person:m goldman,M. Goldman,1,4.0,0.0,2
person:bartosz bryg,person:bartosz bryg,Bartosz Bryg,1,4.0,0.0,33
person:ioannis koutis,person:ioannis koutis,Ioannis Koutis,1,4.0,0.0,33
person:c soti,person:c soti,C. Sőti,1,4.0,0.0,93
person:yusuf osmanl oglu,person:yusuf osmanl oglu,Yusuf Osmanlıoğlu,1,4.0,0.0,139
person:d parker,person:d parker,D. Parker,1,4.0,0.0,139
person:s brem,person:s brem,S. Brem,1,4.0,0.0,139
person:a shokoufandeh,person:a shokoufandeh,A. Shokoufandeh,1,4.0,0.0,139
person:r verma,person:r verma,R. Verma,1,4.0,0.0,139
person:m mcdonnell,person:m mcdonnell,M. McDonnell,1,4.0,0.0,140
person:omer nebil yaveroglu,person:omer nebil yaveroglu,Ömer Nebil Yaveroğlu,1,4.0,0.0,140
person:b schmerl,person:b schmerl,B. Schmerl,1,4.0,0.0,140
person:nicolangelo iannella,person:nicolangelo iannella,Nicolangelo Iannella,1,4.0,0.0,140
person:l ward,person:l ward,L. M. Ward,1,4.0,0.0,140
person:k bacik,person:k bacik,K. Bacik,1,4.0,0.0,0
person:m beguerisse diaz,person:m beguerisse diaz,M. Beguerisse-Díaz,1,4.0,0.0,0
person:r zorec,person:r zorec,R. Zorec,1,4.0,0.0,21
person:nathaniel wood cohan,person:nathaniel wood cohan,Nathaniel Wood Cohan,1,4.0,0.0,8
person:zamora lopez gorka,person:zamora lopez gorka,Zamora-López Gorka,1,4.0,0.0,36
person:a diaz guilera,person:a diaz guilera,A. Díaz-Guilera,1,4.0,0.0,36
person:l yang,person:l yang,L. Yang,1,4.0,0.0,0
person:p aneesh,person:p aneesh,P.B. Aneesh,1,4.0,0.0,1
person:ann hermundstad,person:ann hermundstad,Ann M. Hermundstad,1,4.0,0.0,1
person:fuhui long,person:fuhui long,Fuhui Long,1,4.0,0.0,0
person:eugene myers,person:eugene myers,Eugene W. Myers,1,4.0,0.0,0
person:hongfei zhao,person:hongfei zhao,Hongfei Zhao,1,4.0,0.0,0
person:cunqi shao,person:cunqi shao,Cunqi Shao,1,4.0,0.0,0
person:zhiguo shi,person:zhiguo shi,Zhiguo Shi,1,4.0,0.0,0
person:t behrens,person:t behrens,T. Behrens,1,4.0,0.0,5
person:patrick trampert,person:patrick trampert,Patrick Trampert,1,4.0,0.0,1
person:tim dahmen,person:tim dahmen,Tim Dahmen,1,4.0,0.0,1
person:arianna ronci,person:arianna ronci,Arianna Ronci,1,4.0,0.0,127
person:neehal tumma,person:neehal tumma,Neehal Tumma,1,4.0,0.0,1
person:tony wang,person:tony wang,Tony T. Wang,1,4.0,0.0,1
person:salvatore cherra,person:salvatore cherra,Salvatore J Cherra,1,4.0,0.0,0
person:alexandr goncharov,person:alexandr goncharov,Alexandr Goncharov,1,4.0,0.0,0
person:je yeon yun,person:je yeon yun,Je-Yeon Yun,1,4.0,0.0,5
person:soo hee choi,person:soo hee choi,Soo-Hee Choi,1,4.0,0.0,5
person:joon hwan jang,person:joon hwan jang,Joon Hwan Jang,1,4.0,0.0,5
person:ozgun cicek,person:ozgun cicek,Özgün Çiçek,1,4.0,0.0,143
person:a abdulkadir,person:a abdulkadir,A. Abdulkadir,1,4.0,0.0,143
person:s lienkamp,person:s lienkamp,S. Lienkamp,1,4.0,0.0,143
person:t brox,person:t brox,T. Brox,1,4.0,0.0,143
person:o ronneberger,person:o ronneberger,O. Ronneberger,1,4.0,0.0,143
person:jong young namgung,person:jong young namgung,Jong Young Namgung,1,4.0,0.0,2
person:c kim,person:c kim,C. Kim,1,4.0,0.0,2
person:c cervetto,person:c cervetto,C. Cervetto,1,4.0,0.0,119
person:jagruti pattadkal,person:jagruti pattadkal,Jagruti J. Pattadkal,1,4.0,0.0,84
person:geoffrey dilly,person:geoffrey dilly,Geoffrey A. Dilly,1,4.0,0.0,84
person:nicholas priebe,person:nicholas priebe,Nicholas J. Priebe,1,4.0,0.0,84
person:b zemelman,person:b zemelman,B. Zemelman,1,4.0,0.0,84
person:l seugnet,person:l seugnet,L. Seugnet,1,4.0,0.0,2
person:annemarie thompson,person:annemarie thompson,Annemarie Thompson,1,4.0,0.0,2
person:p salvaterra,person:p salvaterra,P. Salvaterra,1,4.0,0.0,2
person:m bate,person:m bate,M. Bate,1,4.0,0.0,2
person:dong yu,person:dong yu,Dong Yu,1,4.0,0.0,0
person:qianming ding,person:qianming ding,Qianming Ding,1,4.0,0.0,0
person:ya jia,person:ya jia,Ya Jia,1,4.0,0.0,0
person:a chudinova,person:a chudinova,A. Chudinova,1,4.0,0.0,4
person:hyeonsik oh,person:hyeonsik oh,Hyeonsik Oh,1,4.0,0.0,5
person:yeonji jeong,person:yeonji jeong,Yeonji Jeong,1,4.0,0.0,5
person:yungyeong heo,person:yungyeong heo,Yungyeong Heo,1,4.0,0.0,5
person:won do heo,person:won do heo,Won Do Heo,1,4.0,0.0,5
person:s nelson,person:s nelson,S. Nelson,1,4.0,0.0,9
person:naureen hameed,person:naureen hameed,Naureen A. Hameed,1,4.0,0.0,144
person:sergio crespo flores,person:sergio crespo flores,Sergio L. Crespo Flores,1,4.0,0.0,144
person:evan cirone,person:evan cirone,Evan Cirone,1,4.0,0.0,144
person:chenyue zhao,person:chenyue zhao,Chenyue Zhao,1,4.0,0.0,144
person:annika barber,person:annika barber,Annika F. Barber,1,4.0,0.0,144
person:hua shi,person:hua shi,Hua Shi,1,3.0,0.0,0
person:fang yan,person:fang yan,Fang Yan,1,3.0,0.0,2
person:zhifeng shao,person:zhifeng shao,Zhifeng Shao,1,3.0,0.0,2
person:amirhossein khalilian gourtani,person:amirhossein khalilian gourtani,Amirhossein Khalilian-Gourtani,1,3.0,0.0,1
person:mariano tepper,person:mariano tepper,Mariano Tepper,1,3.0,0.0,1
person:victor minden,person:victor minden,Victor Minden,1,3.0,0.0,1
person:henry mitchell,person:henry mitchell,Henry M. Mitchell,1,3.0,0.0,145
person:p dodds,person:p dodds,P. Dodds,1,3.0,0.0,145
person:j mahoney,person:j mahoney,J. Mahoney,1,3.0,0.0,145
person:c danforth,person:c danforth,C. Danforth,1,3.0,0.0,145
person:palka puri,person:palka puri,Palka Puri,1,3.0,0.0,8
person:chih ying su,person:chih ying su,Chih-Ying Su,1,3.0,0.0,8
person:johnatan aljadeff,person:johnatan aljadeff,Johnatan Aljadeff,1,3.0,0.0,8
person:s murray sherman,person:s murray sherman,S. Murray Sherman,1,3.0,0.0,1
person:mikail khona,person:mikail khona,Mikail Khona,1,3.0,0.0,2
person:talia konkle,person:talia konkle,Talia Konkle,1,3.0,0.0,2
person:sacha jennifer van albada,person:sacha jennifer van albada,Sacha Jennifer van Albada,1,3.0,0.0,6
person:weishun zhong,person:weishun zhong,Weishun Zhong,1,3.0,0.0,2
person:ben sorscher,person:ben sorscher,Ben Sorscher,1,3.0,0.0,2
person:sebastian goldt,person:sebastian goldt,Sebastian Goldt,1,3.0,0.0,86
person:florent krzakala,person:florent krzakala,Florent Krzakala,1,3.0,0.0,86
person:lenka zdeborov a,person:lenka zdeborov a,Lenka Zdeborov'a,1,3.0,0.0,86
person:fabio lobato,person:fabio lobato,Fábio Lobato,1,3.0,0.0,146
person:j leite,person:j leite,J. Leite,1,3.0,0.0,146
person:antonio jacob,person:antonio jacob,Antonio Jacob,1,3.0,0.0,146
person:roberto santana,person:roberto santana,Roberto Santana,1,3.0,0.0,146
person:tim farkas,person:tim farkas,Tim Farkas,1,3.0,0.0,2
person:gleb razgar,person:gleb razgar,Gleb Razgar,1,3.0,0.0,2
person:tobias lehmann,person:tobias lehmann,Tobias Lehmann,1,3.0,0.0,0
person:r melzer,person:r melzer,R. Melzer,1,3.0,0.0,0
person:charles watson,person:charles watson,Charles Watson,1,3.0,0.0,4
person:dominic berns,person:dominic berns,Dominic S. Berns,1,3.0,0.0,2
person:laura denardo,person:laura denardo,Laura A. DeNardo,1,3.0,0.0,2
person:daniel pederick,person:daniel pederick,Daniel T. Pederick,1,3.0,0.0,2
person:meike schurr,person:meike schurr,Meike Schurr,1,3.0,0.0,6
person:g sar,person:g sar,G. K. Sar,1,3.0,0.0,4
person:andrew patton,person:andrew patton,Andrew Patton,1,3.0,0.0,4
person:j davidsen,person:j davidsen,J. Davidsen,1,3.0,0.0,4
person:a padmore,person:a padmore,A. Padmore,1,3.0,0.0,147
person:m nelson,person:m nelson,M. Nelson,1,3.0,0.0,147
person:n chuzhanova,person:n chuzhanova,N. Chuzhanova,1,3.0,0.0,147
person:j crofts,person:j crofts,J. Crofts,1,3.0,0.0,147
person:munehiro hayashi,person:munehiro hayashi,Munehiro Hayashi,1,3.0,0.0,148
person:t kazawa,person:t kazawa,T. Kazawa,1,3.0,0.0,148
person:hayato tsunoda,person:hayato tsunoda,Hayato Tsunoda,1,3.0,0.0,148
person:r kanzaki,person:r kanzaki,R. Kanzaki,1,3.0,0.0,148
person:te shi,person:te shi,Te Shi,1,3.0,0.0,0
person:lauren wool,person:lauren wool,Lauren E. Wool,1,3.0,0.0,8
person:q zaidi,person:q zaidi,Q. Zaidi,1,3.0,0.0,8
person:e middlebrooks,person:e middlebrooks,E. Middlebrooks,1,3.0,0.0,0
person:s grewal,person:s grewal,S. Grewal,1,3.0,0.0,0
person:s keller,person:s keller,S. Keller,1,3.0,0.0,0
person:rafael lujan,person:rafael lujan,Rafael Luján,1,3.0,0.0,7
person:c aguado,person:c aguado,C. Aguado,1,3.0,0.0,7
person:m rangel,person:m rangel,M. Rangel,1,3.0,0.0,0
person:rotem ruach,person:rotem ruach,Rotem Ruach,1,3.0,0.0,4
person:nir ratner,person:nir ratner,Nir Ratner,1,3.0,0.0,4
person:m zou,person:m zou,M. Zou,1,3.0,0.0,6
person:p de koninck,person:p de koninck,P. De Koninck,1,3.0,0.0,6
person:paolo boldi,person:paolo boldi,Paolo Boldi,1,3.0,0.0,25
person:moein khajehnejad,person:moein khajehnejad,Moein Khajehnejad,1,3.0,0.0,5
person:katherine marquand,person:katherine marquand,Katherine Marquand,1,3.0,0.0,46
person:camilla roselli,person:camilla roselli,Camilla Roselli,1,3.0,0.0,46
person:isaac cervantes sandoval,person:isaac cervantes sandoval,Isaac Cervantes-Sandoval,1,3.0,0.0,46
person:a fyon,person:a fyon,A. Fyon,1,3.0,0.0,142
person:pierre sacre,person:pierre sacre,Pierre Sacré,1,3.0,0.0,142
person:yaroslav felipe kalle kossio,person:yaroslav felipe kalle kossio,Yaroslav Felipe Kalle Kossio,1,3.0,0.0,152
person:sven goedeke,person:sven goedeke,Sven Goedeke,1,3.0,0.0,152
person:christian klos,person:christian klos,Christian Klos,1,3.0,0.0,152
person:raoul martin memmesheimer,person:raoul martin memmesheimer,Raoul-Martin Memmesheimer,1,3.0,0.0,152
person:u manor,person:u manor,U. Manor,1,3.0,0.0,2
person:guoxin fan,person:guoxin fan,Guoxin Fan,1,3.0,0.0,0
person:j morud,person:j morud,J. Morud,1,3.0,0.0,4
person:amy courtney,person:amy courtney,Amy Courtney,1,3.0,0.0,4
person:l richards,person:l richards,L. J. Richards,1,3.0,0.0,1
person:a bauer,person:a bauer,A. Bauer,1,3.0,0.0,1
person:k von eugen,person:k von eugen,K. Von Eugen,1,3.0,0.0,66
person:j packheiser,person:j packheiser,J. Packheiser,1,3.0,0.0,66
person:roland pusch,person:roland pusch,Roland Pusch,1,3.0,0.0,66
person:sibo wang chen,person:sibo wang chen,Sibo Wang-Chen,1,3.0,0.0,34
person:victor alfred stimpfling,person:victor alfred stimpfling,Victor Alfred Stimpfling,1,3.0,0.0,34
person:maite azcorra,person:maite azcorra,Maite Azcorra,1,3.0,0.0,34
person:alexei verkhatsky,person:alexei verkhatsky,Alexei Verkhatsky,1,3.0,0.0,21
person:ishaan batta,person:ishaan batta,Ishaan Batta,1,3.0,0.0,5
person:qihang yao,person:qihang yao,Qihang Yao,1,3.0,0.0,5
person:m catani,person:m catani,M. Catani,1,3.0,0.0,155
person:m schotten,person:m schotten,M. T. Schotten,1,3.0,0.0,155
person:david slater,person:david slater,David Slater,1,3.0,0.0,155
person:f dell acqua,person:f dell acqua,F. Dell’Acqua,1,3.0,0.0,155
person:ouyang qi,person:ouyang qi,Ouyang Qi,1,3.0,0.0,0
person:t xin,person:t xin,T. Xin,1,3.0,0.0,0
person:tyler reese,person:tyler reese,Tyler Reese,1,3.0,0.0,156
person:a brzoska,person:a brzoska,A. Brzoska,1,3.0,0.0,156
person:dylan yott,person:dylan yott,Dylan T. Yott,1,3.0,0.0,156
person:d kelleher,person:d kelleher,D. Kelleher,1,3.0,0.0,156
person:c fieseler,person:c fieseler,C. Fieseler,1,3.0,0.0,25
person:angel stanoev,person:angel stanoev,Angel Stanoev,1,3.0,0.0,6
person:vincent casser,person:vincent casser,Vincent Casser,1,3.0,0.0,1
person:tony liu,person:tony liu,Tony X. Liu,1,3.0,0.0,158
person:pasha davoudian,person:pasha davoudian,Pasha A Davoudian,1,3.0,0.0,158
person:u bhat,person:u bhat,U. S. Bhat,1,3.0,0.0,159
person:navneet shahi,person:navneet shahi,Navneet Shahi,1,3.0,0.0,159
person:siju surendran,person:siju surendran,Siju Surendran,1,3.0,0.0,159
person:kavita babu,person:kavita babu,Kavita Babu,1,3.0,0.0,159
person:kaitlyn fouke,person:kaitlyn fouke,Kaitlyn E. Fouke,1,3.0,0.0,125
person:owen traubert,person:owen traubert,Owen Traubert,1,3.0,0.0,125
person:eva naumann,person:eva naumann,Eva A. Naumann,1,3.0,0.0,125
person:ka yuet liu,person:ka yuet liu,Ka-Yuet Liu,1,3.0,0.0,26
person:colin lea,person:colin lea,Colin S. Lea,1,3.0,0.0,2
person:akira baruah,person:akira baruah,Akira Baruah,1,3.0,0.0,2
person:f randi,person:f randi,F. Randi,1,3.0,0.0,5
person:kyle luther,person:kyle luther,Kyle L. Luther,1,3.0,0.0,3
person:takuto okuno,person:takuto okuno,Takuto Okuno,1,3.0,0.0,18
person:sharan prakash,person:sharan prakash,Sharan J. Prakash,1,3.0,0.0,0
person:k van auken,person:k van auken,K. V. Van Auken,1,3.0,0.0,0
person:david hill,person:david hill,David P. Hill,1,3.0,0.0,0
person:johann bollmann,person:johann bollmann,Johann H Bollmann,1,3.0,0.0,6
person:m bellgrove,person:m bellgrove,M. Bellgrove,1,3.0,0.0,5
person:g bezgin,person:g bezgin,G. Bezgin,1,3.0,0.0,35
person:s everling,person:s everling,S. Everling,1,3.0,0.0,35
person:a mcintosh,person:a mcintosh,A. Mcintosh,1,3.0,0.0,35
person:peter weinberg,person:peter weinberg,Peter Weinberg,1,3.0,0.0,4
person:matthew berkseth,person:matthew berkseth,Matthew Berkseth,1,3.0,0.0,4
person:d zarkower,person:d zarkower,D. Zarkower,1,3.0,0.0,4
person:b szalkai,person:b szalkai,B. Szalkai,1,3.0,0.0,162
person:csaba kerepesi,person:csaba kerepesi,Csaba Kerepesi,1,3.0,0.0,162
person:balint varga,person:balint varga,Bálint Varga,1,3.0,0.0,162
person:v grolmusz,person:v grolmusz,V. Grolmusz,1,3.0,0.0,162
person:jihye seong,person:jihye seong,Jihye Seong,1,3.0,0.0,6
person:alexander becalick,person:alexander becalick,Alexander Becalick,1,3.0,0.0,9
person:antonin blot,person:antonin blot,Antonin Blot,1,3.0,0.0,9
person:a geraldo,person:a geraldo,A. Geraldo,1,3.0,0.0,2
person:thomas fai,person:thomas fai,Thomas G. Fai,1,3.0,0.0,2
person:alec xu,person:alec xu,Alec Xu,1,3.0,0.0,163
person:nina shamsi,person:nina shamsi,Nina I. Shamsi,1,3.0,0.0,163
person:lars gjesteby,person:lars gjesteby,Lars A. Gjesteby,1,3.0,0.0,163
person:l brattain,person:l brattain,L. Brattain,1,3.0,0.0,163
person:safura rashid shomali,person:safura rashid shomali,Safura Rashid Shomali,1,3.0,0.0,165
person:s rasuli,person:s rasuli,S. N. Rasuli,1,3.0,0.0,165
person:h shimazaki,person:h shimazaki,H. Shimazaki,1,3.0,0.0,165
person:sadra sadeh,person:sadra sadeh,Sadra Sadeh,1,3.0,0.0,165
person:michael stobb,person:michael stobb,Michael T Stobb,1,3.0,0.0,166
person:j peterson,person:j peterson,J. M. Peterson,1,3.0,0.0,166
person:borbala mazzag,person:borbala mazzag,Borbala Mazzag,1,3.0,0.0,166
person:e gahtan,person:e gahtan,E. Gahtan,1,3.0,0.0,166
person:matthew meiselman,person:matthew meiselman,Matthew R. Meiselman,1,3.0,0.0,3
person:staci thornton,person:staci thornton,Staci N. Thornton,1,3.0,0.0,3
person:ulises pereira,person:ulises pereira,Ulises Pereira,1,3.0,0.0,2
person:zehao jin,person:zehao jin,Zehao Jin,1,3.0,0.0,0
person:yanan sui,person:yanan sui,Yanan Sui,1,3.0,0.0,0
person:junhao xiong,person:junhao xiong,Junhao Xiong,1,3.0,0.0,2
person:ankur gogoi,person:ankur gogoi,Ankur Gogoi,1,3.0,0.0,8
person:g keiser,person:g keiser,G. Keiser,1,3.0,0.0,8
person:r bultje,person:r bultje,R. S. Bultje,1,3.0,0.0,0
person:r blumenfeld,person:r blumenfeld,R. Blumenfeld,1,3.0,0.0,5
person:fernando perez,person:fernando perez,Fernando Pérez,1,3.0,0.0,5
person:m esposito,person:m esposito,M. D’Esposito,1,3.0,0.0,5
person:jyotsna rajaraman,person:jyotsna rajaraman,Jyotsna Rajaraman,1,3.0,0.0,13
person:m papka,person:m papka,M. Papka,1,3.0,0.0,13
person:yuxiu shao,person:yuxiu shao,Yuxiu Shao,1,3.0,0.0,0
person:olivia white,person:olivia white,Olivia L. White,1,3.0,0.0,1
person:fangxu zhou,person:fangxu zhou,Fangxu Zhou,1,3.0,0.0,0
person:j rgen sugar,person:j rgen sugar,Jørgen Sugar,1,3.0,0.0,167
person:m witter,person:m witter,M. Witter,1,3.0,0.0,167
person:n strien,person:n strien,N. V. Strien,1,3.0,0.0,167
person:natalie cappaert,person:natalie cappaert,Natalie L. M. Cappaert,1,3.0,0.0,167
person:a pezier,person:a pezier,A. Pézier,1,3.0,0.0,209
person:sami jezzini,person:sami jezzini,Sami H. Jezzini,1,3.0,0.0,209
person:b marie,person:b marie,B. Marie,1,3.0,0.0,209
person:m shakiba,person:m shakiba,M. Shakiba,1,3.0,0.0,168
person:rana rokni,person:rana rokni,Rana Rokni,1,3.0,0.0,168
person:mohammadreza mohammadi,person:mohammadreza mohammadi,Mohammadreza Mohammadi,1,3.0,0.0,168
person:nima dehghani,person:nima dehghani,Nima Dehghani,1,3.0,0.0,168
person:ning chang,person:ning chang,Ning Chang,1,3.0,0.0,0
person:ganghee jang,person:ganghee jang,Ganghee Jang,1,3.0,0.0,9
person:sarah heilbronner,person:sarah heilbronner,Sarah R. Heilbronner,1,3.0,0.0,23
person:tanya casta,person:tanya casta,Tanya K. Casta,1,3.0,0.0,23
person:elisabeth wong,person:elisabeth wong,Elisabeth Wong,1,3.0,0.0,1
person:brittany baur,person:brittany baur,Brittany Baur,1,3.0,0.0,1
person:s quader,person:s quader,S. Quader,1,3.0,0.0,1
person:eyal gal,person:eyal gal,Eyal Gal,1,3.0,0.0,7
person:b bouma,person:b bouma,B. Bouma,1,3.0,0.0,2
person:k venkatesh,person:k venkatesh,K. Venkatesh,1,3.0,0.0,4
person:ruwad naswan,person:ruwad naswan,Ruwad Naswan,1,3.0,0.0,42
person:c magliaro,person:c magliaro,C. Magliaro,1,3.0,0.0,170
person:a callara,person:a callara,A. Callara,1,3.0,0.0,170
person:n vanello,person:n vanello,N. Vanello,1,3.0,0.0,170
person:a ahluwalia,person:a ahluwalia,A. Ahluwalia,1,3.0,0.0,170
person:deven ayambem,person:deven ayambem,Deven Ayambem,1,3.0,0.0,0
person:victor barranca,person:victor barranca,Victor J. Barranca,1,3.0,0.0,0
person:vikas bhandawat,person:vikas bhandawat,Vikas Bhandawat,1,3.0,0.0,0
person:j moore,person:j moore,J. M. Moore,1,3.0,0.0,4
person:xiaolei ru,person:xiaolei ru,Xiaolei Ru,1,3.0,0.0,4
person:wenbin hu,person:wenbin hu,Wenbin Hu,1,3.0,0.0,0
person:p valdes,person:p valdes,P. Valdes,1,3.0,0.0,98
person:s ng,person:s ng,S. Ng,1,3.0,0.0,98
person:j bernstock,person:j bernstock,J. Bernstock,1,3.0,0.0,98
person:qiyu zhang,person:qiyu zhang,Qiyu Zhang,1,3.0,0.0,215
person:d paul,person:d paul,D. Paul,1,3.0,0.0,215
person:d ginty,person:d ginty,D. Ginty,1,3.0,0.0,215
person:m sacha,person:m sacha,M. Sacha,1,3.0,0.0,171
person:jennifer goldman,person:jennifer goldman,Jennifer S. Goldman,1,3.0,0.0,171
person:lionel kusch,person:lionel kusch,Lionel Kusch,1,3.0,0.0,171
person:a destexhe,person:a destexhe,A. Destexhe,1,3.0,0.0,171
person:e jin,person:e jin,E. J. Jin,1,3.0,0.0,0
person:seungmee park,person:seungmee park,Seungmee Park,1,3.0,0.0,0
person:xiaohui lyu,person:xiaohui lyu,Xiaohui Lyu,1,3.0,0.0,0
person:a devor,person:a devor,A. Devor,1,3.0,0.0,0
person:a dale,person:a dale,A. Dale,1,3.0,0.0,0
person:k schmitz,person:k schmitz,K. Schmitz,1,3.0,0.0,20
person:nolwen rey,person:nolwen rey,Nolwen L. Rey,1,3.0,0.0,0
person:p brundin,person:p brundin,P. Brundin,1,3.0,0.0,0
person:scott payne,person:scott payne,Scott Payne,1,3.0,0.0,8
person:edgar fuller,person:edgar fuller,Edgar Fuller,1,3.0,0.0,8
person:weidong tom cai,person:weidong tom cai,Weidong (Tom) Cai,1,3.0,0.0,0
person:alejandro gonzalez rios,person:alejandro gonzalez rios,Alejandro González Ríos,1,3.0,0.0,27
person:j hannibal,person:j hannibal,J. Hannibal,1,3.0,0.0,8
person:jonathan cornford,person:jonathan cornford,Jonathan Cornford,1,3.0,0.0,4
person:julia zhu,person:julia zhu,Julia Zhu,1,3.0,0.0,3
person:a jamal,person:a jamal,A. Jamal,1,3.0,0.0,3
person:seth daetwiler,person:seth daetwiler,Seth Daetwiler,1,3.0,0.0,2
person:a read,person:a read,A. Read,1,3.0,0.0,2
person:j stillwell,person:j stillwell,J. Stillwell,1,3.0,0.0,2
person:haoyi liang,person:haoyi liang,Haoyi Liang,1,3.0,0.0,172
person:n dabrowska,person:n dabrowska,N. Dabrowska,1,3.0,0.0,172
person:j kapur,person:j kapur,J. Kapur,1,3.0,0.0,172
person:d weller,person:d weller,D. Weller,1,3.0,0.0,172
person:jasper janssens,person:jasper janssens,Jasper Janssens,1,3.0,0.0,3
person:s aerts,person:s aerts,S. Aerts,1,3.0,0.0,3
person:j yanez,person:j yanez,J. Yáñez,1,3.0,0.0,173
person:m folgueira,person:m folgueira,M. Folgueira,1,3.0,0.0,173
person:iban lamas,person:iban lamas,Ibán Lamas,1,3.0,0.0,173
person:r anadon,person:r anadon,R. Anadón,1,3.0,0.0,173
person:andrew kirjner,person:andrew kirjner,Andrew Kirjner,1,3.0,0.0,2
person:annika vivekananthan,person:annika vivekananthan,Annika Vivekananthan,1,3.0,0.0,2
person:chance bainbridge,person:chance bainbridge,Chance Bainbridge,1,3.0,0.0,4
person:zachary ward,person:zachary ward,Zachary Ward,1,3.0,0.0,4
person:quilee simeon,person:quilee simeon,Quilee Simeon,1,3.0,0.0,2
person:anshu kashyap,person:anshu kashyap,Anshu Kashyap,1,3.0,0.0,2
person:christopher ebsch,person:christopher ebsch,Christopher Ebsch,1,3.0,0.0,150
person:i lampl,person:i lampl,I. Lampl,1,3.0,0.0,150
person:ian leifer,person:ian leifer,Ian Leifer,1,3.0,0.0,25
person:m terasaki,person:m terasaki,M. Terasaki,1,3.0,0.0,1
person:elizabeth hong,person:elizabeth hong,Elizabeth J. Hong,1,3.0,0.0,37
person:francesco bardozzo,person:francesco bardozzo,Francesco Bardozzo,1,3.0,0.0,174
person:andrea terlizzi,person:andrea terlizzi,Andrea Terlizzi,1,3.0,0.0,174
person:pietro lio,person:pietro lio,Pietro Lio’,1,3.0,0.0,174
person:r tagliaferri,person:r tagliaferri,R. Tagliaferri,1,3.0,0.0,174
person:t maertens,person:t maertens,T. Maertens,1,3.0,0.0,36
person:e scholl,person:e scholl,E. Schöll,1,3.0,0.0,36
person:m kozinski,person:m kozinski,M. Koziński,1,3.0,0.0,7
person:agata mosinska,person:agata mosinska,Agata Mosinska,1,3.0,0.0,7
person:s kesler,person:s kesler,S. Kesler,1,3.0,0.0,175
person:p acton,person:p acton,P. Acton,1,3.0,0.0,175
person:v rao,person:v rao,V. Rao,1,3.0,0.0,175
person:w ray,person:w ray,W. Ray,1,3.0,0.0,175
person:anais martinez,person:anais martinez,Anais Martinez,1,3.0,0.0,161
person:drew linsley,person:drew linsley,Drew Linsley,1,3.0,0.0,6
person:thomas serre,person:thomas serre,Thomas Serre,1,3.0,0.0,6
person:yong wan,person:yong wan,Yong Wan,1,3.0,0.0,1
person:c chien,person:c chien,C. Chien,1,3.0,0.0,1
person:c hansen,person:c hansen,C. Hansen,1,3.0,0.0,1
person:arent kievits,person:arent kievits,Arent J. Kievits,1,3.0,0.0,176
person:r lane,person:r lane,R. Lane,1,3.0,0.0,176
person:elizabeth carroll,person:elizabeth carroll,Elizabeth C. Carroll,1,3.0,0.0,176
person:j hoogenboom,person:j hoogenboom,J. Hoogenboom,1,3.0,0.0,176
person:rhessa weber langstaff,person:rhessa weber langstaff,Rhessa A. Weber-Langstaff,1,3.0,0.0,224
person:p srivastava,person:p srivastava,P. Srivastava,1,3.0,0.0,224
person:gabrielle gutierrez,person:gabrielle gutierrez,Gabrielle J. Gutierrez,1,3.0,0.0,224
person:m hull,person:m hull,M. Hull,1,3.0,0.0,100
person:shikui tu,person:shikui tu,Shikui Tu,1,3.0,0.0,0
person:v calbiague garcia,person:v calbiague garcia,V. Calbiague-Garcia,1,3.0,0.0,177
person:deborah varro,person:deborah varro,Déborah Varró,1,3.0,0.0,177
person:t buffet,person:t buffet,T. Buffet,1,3.0,0.0,177
person:o marre,person:o marre,O. Marre,1,3.0,0.0,177
person:a duggento,person:a duggento,A. Duggento,1,3.0,0.0,164
person:a bhattacharjee,person:a bhattacharjee,A. Bhattacharjee,1,3.0,0.0,178
person:debi majumdar,person:debi majumdar,Debi Majumdar,1,3.0,0.0,178
person:snehil dey,person:snehil dey,Snehil Dey,1,3.0,0.0,178
person:srijita sarkar,person:srijita sarkar,Srijita Sarkar,1,3.0,0.0,178
person:larry zipursky,person:larry zipursky,Larry Zipursky,1,3.0,0.0,4
person:camila de andrade kalil,person:camila de andrade kalil,Camila de Andrade Kalil,1,3.0,0.0,225
person:dilson silva,person:dilson silva,Dilson Silva,1,3.0,0.0,225
person:c cortez,person:c cortez,C. Cortez,1,3.0,0.0,225
person:paulina morawska,person:paulina morawska,Paulina Morawska,1,3.0,0.0,20
person:vishnu prathapan,person:vishnu prathapan,Vishnu Prathapan,1,3.0,0.0,20
person:ann sizemore,person:ann sizemore,Ann E. Sizemore,1,3.0,0.0,2
person:jennifer phillips cremins,person:jennifer phillips cremins,Jennifer Phillips-Cremins,1,3.0,0.0,2
person:r ghrist,person:r ghrist,R. Ghrist,1,3.0,0.0,2
person:d shen,person:d shen,D. Shen,1,3.0,0.0,0
person:p yap,person:p yap,P. Yap,1,3.0,0.0,0
person:g dror,person:g dror,G. Dror,1,3.0,0.0,1
person:i meilijson,person:i meilijson,I. Meilijson,1,3.0,0.0,1
person:e ruppin,person:e ruppin,E. Ruppin,1,3.0,0.0,1
person:a goldsmith,person:a goldsmith,A. D. Goldsmith,1,3.0,0.0,4
person:sumeet sarin,person:sumeet sarin,Sumeet Sarin,1,3.0,0.0,4
person:u aghayeva,person:u aghayeva,U. Aghayeva,1,3.0,0.0,4
person:m bota,person:m bota,M. Bota,1,2.0,0.0,0
person:zaixu cui,person:zaixu cui,Zaixu Cui,1,2.0,0.0,0
person:w leahy,person:w leahy,W. Leahy,1,2.0,0.0,0
person:ioannis pisokas,person:ioannis pisokas,Ioannis Pisokas,1,2.0,0.0,31
person:b webb,person:b webb,B. Webb,1,2.0,0.0,31
person:afshin khadangi,person:afshin khadangi,Afshin Khadangi,1,2.0,0.0,179
person:t boudier,person:t boudier,T. Boudier,1,2.0,0.0,179
person:v rajagopal,person:v rajagopal,V. Rajagopal,1,2.0,0.0,179
person:l silvestri,person:l silvestri,L. Silvestri,1,2.0,0.0,180
person:l sacconi,person:l sacconi,L. Sacconi,1,2.0,0.0,180
person:f pavone,person:f pavone,F. Pavone,1,2.0,0.0,180
person:netanel ofer,person:netanel ofer,Netanel Ofer,1,2.0,0.0,7
person:sapir shapira,person:sapir shapira,Sapir Shapira,1,2.0,0.0,7
person:jules berman,person:jules berman,Jules Berman,1,2.0,0.0,1
person:dongmei shi,person:dongmei shi,Dongmei Shi,1,2.0,0.0,181
person:a levina,person:a levina,A. Levina,1,2.0,0.0,181
person:h noori,person:h noori,H. Noori,1,2.0,0.0,181
person:thomas zdyrski,person:thomas zdyrski,Thomas Zdyrski,1,2.0,0.0,182
person:s pauls,person:s pauls,S. Pauls,1,2.0,0.0,182
person:feng fu,person:feng fu,Feng Fu,1,2.0,0.0,182
person:ben williamson,person:ben williamson,Ben Williamson,1,2.0,0.0,183
person:j pykett,person:j pykett,J. Pykett,1,2.0,0.0,183
person:dimitra kotouza,person:dimitra kotouza,Dimitra Kotouza,1,2.0,0.0,183
person:j van pelt,person:j van pelt,J. van Pelt,1,2.0,0.0,184
person:a van ooyen,person:a van ooyen,A. van Ooyen,1,2.0,0.0,184
person:h uylings,person:h uylings,H. Uylings,1,2.0,0.0,184
person:jeffrey kelling,person:jeffrey kelling,Jeffrey Kelling,1,2.0,0.0,2
person:julio chapeton,person:julio chapeton,Julio Chapeton,1,2.0,0.0,0
person:rohan gala,person:rohan gala,Rohan Gala,1,2.0,0.0,0
person:k linker,person:k linker,K. E. Linker,1,2.0,0.0,185
person:sarah cross,person:sarah cross,Sarah J. Cross,1,2.0,0.0,185
person:f leslie,person:f leslie,F. M. Leslie,1,2.0,0.0,185
person:alessandro galloni,person:alessandro galloni,Alessandro R. Galloni,1,2.0,0.0,9
person:z ye,person:z ye,Z. Ye,1,2.0,0.0,9
person:kevin mann,person:kevin mann,Kevin J Mann,1,2.0,0.0,15
person:heather titley,person:heather titley,Heather K Titley,1,2.0,0.0,86
person:christian hansel,person:christian hansel,Christian Hansel,1,2.0,0.0,86
person:jean rene martin,person:jean rene martin,Jean-René Martin,1,2.0,0.0,186
person:a chatterjee,person:a chatterjee,A. Chatterjee,1,2.0,0.0,186
person:i salecker,person:i salecker,I. Salecker,1,2.0,0.0,186
person:a llera,person:a llera,A. Llera,1,2.0,0.0,6
person:caroline holmes,person:caroline holmes,Caroline M. Holmes,1,2.0,0.0,5
person:s palmer,person:s palmer,S. Palmer,1,2.0,0.0,5
person:a dizaji,person:a dizaji,A. S. Dizaji,1,2.0,0.0,56
person:yuval balshayi,person:yuval balshayi,Yuval Balshayi,1,2.0,0.0,4
person:e bokman,person:e bokman,E. Bokman,1,2.0,0.0,4
person:f bussel,person:f bussel,F. V. Bussel,1,2.0,0.0,188
person:birgit kriener,person:birgit kriener,Birgit Kriener,1,2.0,0.0,188
person:marc timme,person:marc timme,Marc Timme,1,2.0,0.0,188
person:idoia quintana urzainqui,person:idoia quintana urzainqui,Idoia Quintana Urzainqui,1,2.0,0.0,2
person:yagmur yener,person:yagmur yener,Yagmur Yener,1,2.0,0.0,6
person:p roland,person:p roland,P. Roland,1,2.0,0.0,2
person:d sharma,person:d sharma,D. Sharma,1,2.0,0.0,36
person:matthias renz,person:matthias renz,Matthias Renz,1,2.0,0.0,36
person:m domenico,person:m domenico,M. Domenico,1,2.0,0.0,2
person:a arenas,person:a arenas,A. Arenas,1,2.0,0.0,2
person:ibrahim kays,person:ibrahim kays,Ibrahim Kays,1,2.0,0.0,0
person:v cvetkovska,person:v cvetkovska,V. Cvetkovska,1,2.0,0.0,0
person:alexis enichou,person:alexis enichou,Alexis B'enichou,1,2.0,0.0,189
person:jean baptiste masson,person:jean baptiste masson,Jean-Baptiste Masson,1,2.0,0.0,189
person:christian vestergaard,person:christian vestergaard,Christian L. Vestergaard,1,2.0,0.0,189
person:claire meissner bernard,person:claire meissner bernard,Claire Meissner-Bernard,1,2.0,0.0,6
person:friedemann zenke,person:friedemann zenke,Friedemann Zenke,1,2.0,0.0,6
person:iksoo chang,person:iksoo chang,Iksoo Chang,1,2.0,0.0,1
person:david zimmerman,person:david zimmerman,David M. Zimmerman,1,2.0,0.0,1
person:jacopo bono,person:jacopo bono,Jacopo Bono,1,2.0,0.0,10
person:katharina wilmes,person:katharina wilmes,Katharina A. Wilmes,1,2.0,0.0,10
person:g sunil,person:g sunil,G. Sunil,1,2.0,0.0,190
person:khaled althelaya,person:khaled althelaya,Khaled A. Althelaya,1,2.0,0.0,1
person:j schneider,person:j schneider,J. Schneider,1,2.0,0.0,1
person:leandro gonzalez montesino,person:leandro gonzalez montesino,Leandro González-Montesino,1,2.0,0.0,191
person:d grass boada,person:d grass boada,D. H. Grass-Boada,1,2.0,0.0,191
person:ruben armananzas,person:ruben armananzas,Rubén Armañanzas,1,2.0,0.0,191
person:anna lavergne,person:anna lavergne,Anna LaVergne,1,2.0,0.0,11
person:philipp spilger,person:philipp spilger,Philipp Spilger,1,2.0,0.0,192
person:eric muller,person:eric muller,Eric Müller,1,2.0,0.0,192
person:j schemmel,person:j schemmel,J. Schemmel,1,2.0,0.0,192
person:y zaytsev,person:y zaytsev,Y. Zaytsev,1,2.0,0.0,6
person:moritz deger,person:moritz deger,Moritz Deger,1,2.0,0.0,6
person:john dowling,person:john dowling,John E. Dowling,1,2.0,0.0,193
person:samuel wu,person:samuel wu,Samuel M. Wu,1,2.0,0.0,193
person:yi zeng,person:yi zeng,Yi Zeng,1,2.0,0.0,2
person:randal koene,person:randal koene,Randal A. Koene,1,2.0,0.0,6
person:y hwu,person:y hwu,Y. Hwu,1,2.0,0.0,8
person:g margaritondo,person:g margaritondo,G. Margaritondo,1,2.0,0.0,8
person:j ledue,person:j ledue,J. LeDue,1,2.0,0.0,0
person:t murphy,person:t murphy,T. Murphy,1,2.0,0.0,0
person:shangbang gao,person:shangbang gao,Shangbang Gao,1,2.0,0.0,0
person:s rieubland,person:s rieubland,S. Rieubland,1,2.0,0.0,28
person:c beron,person:c beron,C. Beron,1,2.0,0.0,1
person:j ringman,person:j ringman,J. Ringman,1,2.0,0.0,7
person:yuchuan qiao,person:yuchuan qiao,Yuchuan Qiao,1,2.0,0.0,7
person:a diaconescu,person:a diaconescu,A. Diaconescu,1,2.0,0.0,0
person:j griffiths,person:j griffiths,J. Griffiths,1,2.0,0.0,0
person:victor buendia,person:victor buendia,Victor Buendía,1,2.0,0.0,195
person:jacopo biggiogera,person:jacopo biggiogera,Jacopo Biggiogera,1,2.0,0.0,195
person:a sanzeni,person:a sanzeni,A. Sanzeni,1,2.0,0.0,195
person:amin karbasi,person:amin karbasi,Amin Karbasi,1,2.0,0.0,196
person:a salavati,person:a salavati,A. Salavati,1,2.0,0.0,196
person:m vetterli,person:m vetterli,M. Vetterli,1,2.0,0.0,196
person:maksim levental,person:maksim levental,Maksim Levental,1,2.0,0.0,13
person:ryan chard,person:ryan chard,Ryan Chard,1,2.0,0.0,13
person:sunny duan,person:sunny duan,Sunny Duan,1,2.0,0.0,2
person:ling liang dong,person:ling liang dong,Ling Liang Dong,1,2.0,0.0,2
person:k isobe,person:k isobe,K. Isobe,1,2.0,0.0,1
person:fumitaka osakada,person:fumitaka osakada,Fumitaka Osakada,1,2.0,0.0,1
person:j grewe,person:j grewe,J. Grewe,1,2.0,0.0,6
person:j benda,person:j benda,J. Benda,1,2.0,0.0,6
person:a morales gregorio,person:a morales gregorio,A. Morales-Gregorio,1,2.0,0.0,197
person:a kurth,person:a kurth,A. Kurth,1,2.0,0.0,197
person:karolina korvasova,person:karolina korvasova,Karolína Korvasová,1,2.0,0.0,197
person:james kunert,person:james kunert,James Kunert,1,2.0,0.0,0
person:sophie bennett,person:sophie bennett,Sophie Bennett,1,2.0,0.0,198
person:alastair kirby,person:alastair kirby,Alastair J. Kirby,1,2.0,0.0,198
person:g finnerty,person:g finnerty,G. Finnerty,1,2.0,0.0,198
person:seth tomchik,person:seth tomchik,Seth M. Tomchik,1,2.0,0.0,46
person:kenan bektas,person:kenan bektas,Kenan Bektas,1,2.0,0.0,1
person:richard hans robert hahnloser,person:richard hans robert hahnloser,Richard Hans Robert Hahnloser,1,2.0,0.0,1
person:gonzalo budelli,person:gonzalo budelli,Gonzalo Budelli,1,2.0,0.0,199
person:m ferreiro,person:m ferreiro,M. J. Ferreiro,1,2.0,0.0,199
person:carmen bolatto,person:carmen bolatto,Carmen Bolatto,1,2.0,0.0,199
person:fangzhou liao,person:fangzhou liao,Fangzhou Liao,1,2.0,0.0,0
person:jinhu lu,person:jinhu lu,Jinhu Lü,1,2.0,0.0,0
person:xinghuo yu,person:xinghuo yu,Xinghuo Yu,1,2.0,0.0,0
person:ferdinand tixidre,person:ferdinand tixidre,Ferdinand Tixidre,1,2.0,0.0,153
person:a torcini,person:a torcini,A. Torcini,1,2.0,0.0,153
person:m de reus,person:m de reus,M. D. de Reus,1,2.0,0.0,5
person:n chapochnikov,person:n chapochnikov,N. Chapochnikov,1,2.0,0.0,1
person:cengiz pehlevan,person:cengiz pehlevan,Cengiz Pehlevan,1,2.0,0.0,1
person:yanxun yu,person:yanxun yu,Yanxun V. Yu,1,2.0,0.0,0
person:wei kang xue,person:wei kang xue,Wei-kang Xue,1,2.0,0.0,0
person:r batac,person:r batac,R. Batac,1,2.0,0.0,1
person:ashley hayden,person:ashley hayden,Ashley N. Hayden,1,2.0,0.0,200
person:emily leptich,person:emily leptich,Emily J Leptich,1,2.0,0.0,200
person:rachel arey,person:rachel arey,Rachel N. Arey,1,2.0,0.0,200
person:j kremer,person:j kremer,J. Kremer,1,2.0,0.0,8
person:j mcintosh,person:j mcintosh,J. Mcintosh,1,2.0,0.0,8
person:cheng xing,person:cheng xing,Cheng Xing,1,2.0,0.0,4
person:james kunert graf,person:james kunert graf,James M. Kunert-Graf,1,2.0,0.0,201
person:nikita sakhanenko,person:nikita sakhanenko,Nikita A. Sakhanenko,1,2.0,0.0,201
person:d galas,person:d galas,D. Galas,1,2.0,0.0,201
person:v varadan,person:v varadan,V. Varadan,1,2.0,0.0,4
person:d anastassiou,person:d anastassiou,D. Anastassiou,1,2.0,0.0,4
person:raina pang,person:raina pang,Raina D. Pang,1,2.0,0.0,0
person:f karube,person:f karube,F. Karube,1,2.0,0.0,77
person:fumino fujiyama,person:fumino fujiyama,Fumino Fujiyama,1,2.0,0.0,77
person:penelope kale,person:penelope kale,Penelope J. Kale,1,2.0,0.0,5
person:leonardo gollo,person:leonardo gollo,Leonardo L. Gollo,1,2.0,0.0,5
person:gennady denisov,person:gennady denisov,Gennady Denisov,1,2.0,0.0,1
person:s pandya,person:s pandya,S. Pandya,1,2.0,0.0,0
person:s de lange,person:s de lange,S. D. de Lange,1,2.0,0.0,5
person:nova qi,person:nova qi,Nova Qi,1,2.0,0.0,202
person:abby wood,person:abby wood,Abby J Wood,1,2.0,0.0,202
person:wesley grueber,person:wesley grueber,Wesley B. Grueber,1,2.0,0.0,202
person:urte tomasiunaite,person:urte tomasiunaite,Urte Tomasiunaite,1,2.0,0.0,2
person:alexander braylan,person:alexander braylan,Alexander Braylan,1,2.0,0.0,203
person:omar alonso,person:omar alonso,Omar Alonso,1,2.0,0.0,203
person:matthew lease,person:matthew lease,Matthew Lease,1,2.0,0.0,203
person:seyed mostafa mousavi kahaki,person:seyed mostafa mousavi kahaki,Seyed Mostafa Mousavi Kahaki,1,2.0,0.0,0
person:alexander helm,person:alexander helm,Alexander Helm,1,2.0,0.0,2
person:a blevins,person:a blevins,A. Blevins,1,2.0,0.0,2
person:peter grindrod,person:peter grindrod,Peter Grindrod,1,2.0,0.0,204
person:r lambiotte,person:r lambiotte,R. Lambiotte,1,2.0,0.0,204
person:r sahasrabuddhe,person:r sahasrabuddhe,R. Sahasrabuddhe,1,2.0,0.0,204
person:y hirabayashi,person:y hirabayashi,Y. Hirabayashi,1,2.0,0.0,4
person:nicholas roberts,person:nicholas roberts,Nicholas Roberts,1,2.0,0.0,205
person:dian ang yap,person:dian ang yap,Dian Ang Yap,1,2.0,0.0,205
person:vinay uday prabhu,person:vinay uday prabhu,Vinay Uday Prabhu,1,2.0,0.0,205
person:michael muller,person:michael muller,Michael G. Müller,1,2.0,0.0,206
person:jean francois de backer,person:jean francois de backer,Jean‐François De Backer,1,2.0,0.0,40
person:shingo yoshikawa,person:shingo yoshikawa,Shingo Yoshikawa,1,2.0,0.0,0
person:paul tang,person:paul tang,Paul Tang,1,2.0,0.0,0
person:marie greaney,person:marie greaney,Marie R. Greaney,1,2.0,0.0,0
person:christianus hotama,person:christianus hotama,Christianus F Hotama,1,2.0,0.0,4
person:david bertsch,person:david bertsch,David J. Bertsch,1,2.0,0.0,4
person:kasturi nadella,person:kasturi nadella,Kasturi Nadella,1,2.0,0.0,0
person:kim caldwell,person:kim caldwell,Kim A. Caldwell,1,2.0,0.0,207
person:corey willicott,person:corey willicott,Corey W. Willicott,1,2.0,0.0,207
person:g caldwell,person:g caldwell,G. Caldwell,1,2.0,0.0,207
person:mariano soiza reilly,person:mariano soiza reilly,Mariano Soiza-Reilly,1,2.0,0.0,208
person:p saggau,person:p saggau,P. Saggau,1,2.0,0.0,208
person:benjamin arenkiel,person:benjamin arenkiel,Benjamin R. Arenkiel,1,2.0,0.0,208
person:florian kurpicz,person:florian kurpicz,Florian Kurpicz,1,2.0,0.0,194
person:james sears,person:james sears,James C. Sears,1,2.0,0.0,57
person:a attardo,person:a attardo,A. Attardo,1,2.0,0.0,6
person:m schnitzer,person:m schnitzer,M. Schnitzer,1,2.0,0.0,6
person:d bonnery,person:d bonnery,D. Bonnéry,1,2.0,0.0,2
person:joel lefebvre,person:joel lefebvre,Joël Lefebvre,1,2.0,0.0,210
person:p delafontaine martel,person:p delafontaine martel,P. Delafontaine-Martel,1,2.0,0.0,210
person:f lesage,person:f lesage,F. Lesage,1,2.0,0.0,210
person:m modi,person:m modi,M. Modi,1,2.0,0.0,1
person:adam granger,person:adam granger,Adam J. Granger,1,2.0,0.0,9
person:michael wallace,person:michael wallace,Michael L. Wallace,1,2.0,0.0,9
person:eleonora grasso,person:eleonora grasso,Eleonora Grasso,1,2.0,0.0,7
person:maria corteze,person:maria corteze,Maria Corteze,1,2.0,0.0,7
person:m goodman,person:m goodman,M. Goodman,1,2.0,0.0,4
person:s faumont,person:s faumont,S. Faumont,1,2.0,0.0,4
person:alexandre cionca,person:alexandre cionca,Alexandre Cionca,1,2.0,0.0,79
person:chun hei michael chan,person:chun hei michael chan,Chun Hei Michael Chan,1,2.0,0.0,79
person:ioana gasler,person:ioana gasler,Ioana Gasler,1,2.0,0.0,9
person:leesun ryu,person:leesun ryu,Leesun Ryu,1,2.0,0.0,0
person:hua bai,person:hua bai,Hua Bai,1,2.0,0.0,212
person:zhuo fu,person:zhuo fu,Zhuo Fu,1,2.0,0.0,212
person:lina ni,person:lina ni,Lina Ni,1,2.0,0.0,212
person:kazuaki ikeda,person:kazuaki ikeda,Kazuaki Ikeda,1,2.0,0.0,214
person:masaki kataoka,person:masaki kataoka,Masaki Kataoka,1,2.0,0.0,214
person:n tanaka,person:n tanaka,N. Tanaka,1,2.0,0.0,214
person:kourtney graham,person:kourtney graham,Kourtney Graham,1,2.0,0.0,8
person:h akil,person:h akil,H. Akil,1,2.0,0.0,18
person:d galili,person:d galili,D. Galili,1,2.0,0.0,3
person:a leonardo,person:a leonardo,A. Leonardo,1,2.0,0.0,2
person:pramod shinde,person:pramod shinde,Pramod Shinde,1,2.0,0.0,4
person:kazushi fukumasu,person:kazushi fukumasu,Kazushi Fukumasu,1,2.0,0.0,2
person:kenji mizuguchi,person:kenji mizuguchi,Kenji Mizuguchi,1,2.0,0.0,1
person:kosuke hashimoto,person:kosuke hashimoto,Kosuke Hashimoto,1,2.0,0.0,1
person:f mastrogiuseppe,person:f mastrogiuseppe,F. Mastrogiuseppe,1,2.0,0.0,216
person:j carmona,person:j carmona,J. Carmona,1,2.0,0.0,216
person:c machens,person:c machens,C. Machens,1,2.0,0.0,216
person:panpan zheng,person:panpan zheng,Panpan Zheng,1,2.0,0.0,0
person:h kaplan,person:h kaplan,H. S. Kaplan,1,2.0,0.0,25
person:annika nichols,person:annika nichols,Annika L. A. Nichols,1,2.0,0.0,25
person:l barrett,person:l barrett,L. F. Barrett,1,2.0,0.0,5
person:h karnath,person:h karnath,H. Karnath,1,2.0,0.0,217
person:c sperber,person:c sperber,C. Sperber,1,2.0,0.0,217
person:c rorden,person:c rorden,C. Rorden,1,2.0,0.0,217
person:adrian holtrup,person:adrian holtrup,Adrian Holtrup,1,2.0,0.0,3
person:ramin khajeh,person:ramin khajeh,Ramin Khajeh,1,2.0,0.0,3
person:e gleichgerrcht,person:e gleichgerrcht,E. Gleichgerrcht,1,2.0,0.0,5
person:madison kocher,person:madison kocher,Madison R. Kocher,1,2.0,0.0,5
person:m breakspear,person:m breakspear,M. Breakspear,1,2.0,0.0,5
person:m kirschmann,person:m kirschmann,M. Kirschmann,1,2.0,0.0,6
person:j ricker,person:j ricker,J. Ricker,1,2.0,0.0,218
person:j deluca,person:j deluca,J. DeLuca,1,2.0,0.0,218
person:s frey,person:s frey,S. Frey,1,2.0,0.0,218
person:b aleogho,person:b aleogho,B. M. Aleogho,1,2.0,0.0,219
person:rikuou yokosawa,person:rikuou yokosawa,Rikuou Yokosawa,1,2.0,0.0,219
person:kentaro noma,person:kentaro noma,Kentaro Noma,1,2.0,0.0,219
person:melissa silva,person:melissa silva,Melissa Silva,1,2.0,0.0,98
person:c vivancos,person:c vivancos,C. Vivancos,1,2.0,0.0,98
person:v george,person:v george,V. George,1,2.0,0.0,220
person:f puppo,person:f puppo,F. Puppo,1,2.0,0.0,220
person:g silva,person:g silva,G. Silva,1,2.0,0.0,220
person:dhrubajyoti chowdhury,person:dhrubajyoti chowdhury,Dhrubajyoti Chowdhury,1,2.0,0.0,5
person:vincent croset,person:vincent croset,Vincent Croset,1,2.0,0.0,71
person:s sripada,person:s sripada,S. Sripada,1,2.0,0.0,0
person:ivo ros,person:ivo ros,Ivo G. Ros,1,2.0,0.0,37
person:sarah heuer,person:sarah heuer,Sarah E Heuer,1,2.0,0.0,0
person:gareth howell,person:gareth howell,Gareth R. Howell,1,2.0,0.0,0
person:p martin,person:p martin,P. Martin,1,2.0,0.0,8
person:michael harris,person:michael harris,Michael R. Harris,1,2.0,0.0,4
person:t wytock,person:t wytock,T. Wytock,1,2.0,0.0,4
person:e mandonnet,person:e mandonnet,E. Mandonnet,1,2.0,0.0,221
person:s sarubbo,person:s sarubbo,S. Sarubbo,1,2.0,0.0,221
person:l petit,person:l petit,L. Petit,1,2.0,0.0,221
person:eric jelli,person:eric jelli,Eric Jelli,1,2.0,0.0,6
person:john wolf,person:john wolf,John A. Wolf,1,2.0,0.0,0
person:douglas smith,person:douglas smith,Douglas H. Smith,1,2.0,0.0,0
person:kerem uzel,person:kerem uzel,Kerem Uzel,1,2.0,0.0,25
person:saul kato,person:saul kato,Saul Kato,1,2.0,0.0,25
person:r sepulchre,person:r sepulchre,R. Sepulchre,1,2.0,0.0,142
person:j conway,person:j conway,J. R. Conway,1,2.0,0.0,8
person:nils gehlenborg,person:nils gehlenborg,Nils Gehlenborg,1,2.0,0.0,8
person:elizabeth gross,person:elizabeth gross,Elizabeth Gross,1,2.0,0.0,222
person:sonja petrovi c,person:sonja petrovi c,Sonja Petrovi'c,1,2.0,0.0,222
person:despina stasi,person:despina stasi,Despina Stasi,1,2.0,0.0,222
person:mojtaba madadi asl,person:mojtaba madadi asl,Mojtaba Madadi Asl,1,2.0,0.0,223
person:alireza valizadeh,person:alireza valizadeh,Alireza Valizadeh,1,2.0,0.0,223
person:p tass,person:p tass,P. Tass,1,2.0,0.0,223
person:a migheli,person:a migheli,A. Migheli,1,2.0,0.0,7
person:o paulsen,person:o paulsen,O. Paulsen,1,2.0,0.0,4
person:b doiron,person:b doiron,B. Doiron,1,2.0,0.0,2
person:meichen yu,person:meichen yu,Meichen Yu,1,2.0,0.0,5
person:a saykin,person:a saykin,A. Saykin,1,2.0,0.0,5
person:amitava banerjee,person:amitava banerjee,Amitava Banerjee,1,2.0,0.0,2
person:e ott,person:e ott,E. Ott,1,2.0,0.0,2
person:yinghua fu,person:yinghua fu,Yinghua Fu,1,2.0,0.0,0
person:david bock,person:david bock,David N. Bock,1,2.0,0.0,2
person:d woo,person:d woo,D. H. Woo,1,2.0,0.0,0
person:e perisse,person:e perisse,E. Perisse,1,2.0,0.0,226
person:m miranda,person:m miranda,M. Miranda,1,2.0,0.0,226
person:s trouche,person:s trouche,S. Trouche,1,2.0,0.0,226
person:n cayco gajic,person:n cayco gajic,N. A. Cayco-Gajic,1,2.0,0.0,10
person:anmol guragain,person:anmol guragain,Anmol Guragain,1,2.0,0.0,227
person:savvas kakalis,person:savvas kakalis,Savvas Kakalis,1,2.0,0.0,227
person:juan ignacio godino llorente,person:juan ignacio godino llorente,Juan Ignacio Godino-Llorente,1,2.0,0.0,227
person:phd douglas fields,person:phd douglas fields,PhD R. Douglas Fields,1,1.0,0.0,0
person:naoki yamawaki,person:naoki yamawaki,Naoki Yamawaki,1,1.0,0.0,2
person:r badhwar,person:r badhwar,R. Badhwar,1,1.0,0.0,228
person:ganesh bagler,person:ganesh bagler,Ganesh Bagler,1,1.0,0.0,228
person:j budd,person:j budd,J. Budd,1,1.0,0.0,6
person:william dorrell,person:william dorrell,William Dorrell,1,1.0,0.0,229
person:peter latham,person:peter latham,Peter E. Latham,1,1.0,0.0,229
person:ryosuke tanaka,person:ryosuke tanaka,Ryosuke Tanaka (田中涼介),1,1.0,0.0,2
person:s millard,person:s millard,S. Millard,1,1.0,0.0,4
person:gerard marx,person:gerard marx,Gerard Marx,1,1.0,0.0,230
person:chaim gilon,person:chaim gilon,Chaim Gilon,1,1.0,0.0,230
person:s agarwala,person:s agarwala,S. Agarwala,1,1.0,0.0,231
person:franklin kenter,person:franklin kenter,Franklin Kenter,1,1.0,0.0,231
person:jacqueline weiss,person:jacqueline weiss,Jacqueline T. Weiss,1,1.0,0.0,232
person:jeffrey donlea,person:jeffrey donlea,Jeffrey M. Donlea,1,1.0,0.0,232
person:giulio valperga,person:giulio valperga,Giulio Valperga,1,1.0,0.0,233
person:m de bono,person:m de bono,M. de Bono,1,1.0,0.0,233
person:madison gray,person:madison gray,Madison T. Gray,1,1.0,0.0,234
person:julie lefebvre,person:julie lefebvre,Julie L. Lefebvre,1,1.0,0.0,234
person:maria constanza silvera,person:maria constanza silvera,María Constanza Silvera,1,1.0,0.0,235
person:daniel prieto,person:daniel prieto,Daniel Prieto,1,1.0,0.0,235
person:s latifi,person:s latifi,S. Latifi,1,1.0,0.0,236
person:s carmichael,person:s carmichael,S. Carmichael,1,1.0,0.0,236
person:keith smith,person:keith smith,Keith M. Smith,1,1.0,0.0,237
person:j escudero,person:j escudero,J. Escudero,1,1.0,0.0,237
person:j reichardt,person:j reichardt,J. Reichardt,1,1.0,0.0,238
person:s bornholdt,person:s bornholdt,S. Bornholdt,1,1.0,0.0,238
person:mahsa khoshkhou,person:mahsa khoshkhou,Mahsa Khoshkhou,1,1.0,0.0,239
person:a montakhab,person:a montakhab,A. Montakhab,1,1.0,0.0,239
person:arturo tozzi,person:arturo tozzi,Arturo Tozzi,1,1.0,0.0,240
person:l mariniello,person:l mariniello,L. Mariniello,1,1.0,0.0,240
person:a gordus,person:a gordus,A. Gordus,1,1.0,0.0,213
person:neele wolterhoff,person:neele wolterhoff,Neele Wolterhoff,1,1.0,0.0,241
person:p hiesinger,person:p hiesinger,P. Hiesinger,1,1.0,0.0,241
person:saurabh gandhi,person:saurabh gandhi,Saurabh R. Gandhi,1,1.0,0.0,92
person:a stivala,person:a stivala,A. Stivala,1,1.0,0.0,242
person:a lomi,person:a lomi,A. Lomi,1,1.0,0.0,242
person:akash pal,person:akash pal,Akash Pal,1,1.0,0.0,243
person:l tian,person:l tian,L. Tian,1,1.0,0.0,243
person:j wit,person:j wit,J. Wit,1,1.0,0.0,0
person:siddharth panwar,person:siddharth panwar,Siddharth Panwar,1,1.0,0.0,244
person:felice dunn,person:felice dunn,Felice A. Dunn,1,1.0,0.0,6
person:dana byrd,person:dana byrd,Dana T. Byrd,1,1.0,0.0,0
person:adrian hernandez,person:adrian hernandez,Adrián Hernández,1,1.0,0.0,245
person:j amigo,person:j amigo,J. Amigó,1,1.0,0.0,245
person:kevin berlemont,person:kevin berlemont,Kévin Berlemont,1,1.0,0.0,153
person:m ram,person:m ram,M. Ram,1,1.0,0.0,246
person:a narayan,person:a narayan,A. Narayan,1,1.0,0.0,246
person:abhranil das,person:abhranil das,Abhranil Das,1,1.0,0.0,2
person:sandhya chandrasekaran,person:sandhya chandrasekaran,Sandhya Chandrasekaran,1,1.0,0.0,14
person:c leibold,person:c leibold,C. Leibold,1,1.0,0.0,3
person:william tobin,person:william tobin,William F Tobin,1,1.0,0.0,247
person:matthew weston,person:matthew weston,Matthew C. Weston,1,1.0,0.0,247
person:j staiger,person:j staiger,J. Staiger,1,1.0,0.0,248
person:c petersen,person:c petersen,C. Petersen,1,1.0,0.0,248
person:c wozny,person:c wozny,C. Wozny,1,1.0,0.0,249
person:stephen williams,person:stephen williams,Stephen R. Williams,1,1.0,0.0,249
person:k cover,person:k cover,K. K. Cover,1,1.0,0.0,0
person:robert levy,person:robert levy,Robert B. Levy,1,1.0,0.0,250
person:a reyes,person:a reyes,A. Reyes,1,1.0,0.0,250
person:manuel beiran,person:manuel beiran,Manuel Beiran,1,1.0,0.0,2
person:r mcintyre,person:r mcintyre,R. L. McIntyre,1,1.0,0.0,251
person:g fahy,person:g fahy,G. Fahy,1,1.0,0.0,251
person:d donohue,person:d donohue,D. Donohue,1,1.0,0.0,0
person:kevin schultz,person:kevin schultz,Kevin M. Schultz,1,1.0,0.0,2
person:a salova,person:a salova,A. Salova,1,1.0,0.0,252
person:istv an kov acs,person:istv an kov acs,Istv'an A. Kov'acs,1,1.0,0.0,252
person:t lippert,person:t lippert,T. Lippert,1,1.0,0.0,5
person:p scheiffele,person:p scheiffele,P. Scheiffele,1,1.0,0.0,35
person:a plaza jennings,person:a plaza jennings,A. Plaza-Jennings,1,1.0,0.0,14
person:k piekarz,person:k piekarz,K. Piekarz,1,1.0,0.0,253
person:alberto stolfi,person:alberto stolfi,Alberto Stolfi,1,1.0,0.0,253
person:ondrej krejcar,person:ondrej krejcar,Ondrej Krejcar,1,1.0,0.0,254
person:h namazi,person:h namazi,H. Namazi,1,1.0,0.0,254
person:eric jonas,person:eric jonas,Eric Jonas,1,1.0,0.0,2
person:sevgi sengul ayan,person:sevgi sengul ayan,Sevgi Şengül Ayan,1,1.0,0.0,255
person:d gencaga,person:d gencaga,D. Gençaga,1,1.0,0.0,255
person:j briggs,person:j briggs,J. Briggs,1,1.0,0.0,256
person:m lakadamyali,person:m lakadamyali,M. Lakadamyali,1,1.0,0.0,256
person:j rilling,person:j rilling,J. Rilling,1,1.0,0.0,5
person:e dennis,person:e dennis,E. Dennis,1,1.0,0.0,257
person:paul thompson,person:paul thompson,Paul M. Thompson,1,1.0,0.0,257
person:lucas cheadle,person:lucas cheadle,Lucas Cheadle,1,1.0,0.0,3
person:h shan,person:h shan,H. Shan,1,1.0,0.0,2
person:saarthak sarup,person:saarthak sarup,Saarthak Sarup,1,1.0,0.0,258
person:k boahen,person:k boahen,K. Boahen,1,1.0,0.0,258
person:e vivi,person:e vivi,E. Vivi,1,1.0,0.0,259
person:b di benedetto,person:b di benedetto,B. Di Benedetto,1,1.0,0.0,259
person:madison sneve,person:madison sneve,Madison Sneve,1,1.0,0.0,260
person:kiryl piatkevich,person:kiryl piatkevich,Kiryl D Piatkevich,1,1.0,0.0,260
person:c gatto,person:c gatto,C. Gatto,1,1.0,0.0,57
person:n allen,person:n allen,N. J. Allen,1,1.0,0.0,129
person:claudia gualtieri,person:claudia gualtieri,Claudia Gualtieri,1,1.0,0.0,211
person:byunghyuk kim,person:byunghyuk kim,Byunghyuk Kim,1,1.0,0.0,5
person:andre fiala,person:andre fiala,André Fiala,1,1.0,0.0,2
person:jayadratha gayen,person:jayadratha gayen,Jayadratha Gayen,1,1.0,0.0,10
person:pan gao,person:pan gao,Pan Gao,1,1.0,0.0,0
person:d fitzpatrick,person:d fitzpatrick,D. Fitzpatrick,1,1.0,0.0,84
person:m babadi,person:m babadi,M. Babadi,1,1.0,0.0,1
person:timothy dunn,person:timothy dunn,Timothy W. Dunn,1,1.0,0.0,261
person:peter koo,person:peter koo,Peter K. Koo,1,1.0,0.0,261
person:michel thiebaut de schotten,person:michel thiebaut de schotten,Michel Thiebaut de Schotten,1,1.0,0.0,5
person:f rakowski,person:f rakowski,F. Rakowski,1,1.0,0.0,262
person:corinna gebehart,person:corinna gebehart,Corinna Gebehart,1,1.0,0.0,263
person:a buschges,person:a buschges,A. Büschges,1,1.0,0.0,263
person:s wernicke,person:s wernicke,S. Wernicke,1,1.0,0.0,265
person:florian rasche,person:florian rasche,Florian Rasche,1,1.0,0.0,265
person:zeeshan mushtaq,person:zeeshan mushtaq,Zeeshan Mushtaq,1,1.0,0.0,80
person:h keshishian,person:h keshishian,H. Keshishian,1,1.0,0.0,211
person:s remy,person:s remy,S. Remy,1,1.0,0.0,9
person:anna mcmillen,person:anna mcmillen,Anna McMillen,1,1.0,0.0,4
person:daisuke shimaoka,person:daisuke shimaoka,Daisuke Shimaoka,1,1.0,0.0,2
person:a graham,person:a graham,A. Graham,1,1.0,0.0,35
person:david vandael,person:david vandael,David Vandael,1,1.0,0.0,7
person:l groschner,person:l groschner,L. Groschner,1,1.0,0.0,3
person:alex yu,person:alex yu,Alex J. Yu,1,1.0,0.0,266
person:c rankin,person:c rankin,C. Rankin,1,1.0,0.0,266
person:talya kramer,person:talya kramer,Talya S. Kramer,1,1.0,0.0,213
person:david hunt,person:david hunt,David L. Hunt,1,1.0,0.0,0
person:m marx,person:m marx,M. Marx,1,1.0,0.0,267
person:d feldmeyer,person:d feldmeyer,D. Feldmeyer,1,1.0,0.0,267
person:alan gutman wei,person:alan gutman wei,Alan Y. Gutman-Wei,1,1.0,0.0,1
person:michael zhou,person:michael zhou,Michael G. Zhou,1,1.0,0.0,268
person:jennifer hasler,person:jennifer hasler,Jennifer O. Hasler,1,1.0,0.0,268
person:charles tessier,person:charles tessier,Charles R. Tessier,1,1.0,0.0,57
person:h ai,person:h ai,H. Ai,1,1.0,0.0,269
person:w farina,person:w farina,W. Farina,1,1.0,0.0,269
person:ruaridh clark,person:ruaridh clark,Ruaridh A. Clark,1,1.0,0.0,0
person:chloe mickels,person:chloe mickels,Chloe A Mickels,1,1.0,0.0,15
person:a knoblauch,person:a knoblauch,A. Knoblauch,1,1.0,0.0,270
person:f sommer,person:f sommer,F. Sommer,1,1.0,0.0,270
person:sreedevi varier,person:sreedevi varier,Sreedevi Varier,1,1.0,0.0,271
person:e wright,person:e wright,E. A. P. Wright,1,1.0,0.0,272
person:a goltsev,person:a goltsev,A. Goltsev,1,1.0,0.0,272
person:colin brown,person:colin brown,Colin J. Brown,1,1.0,0.0,273
person:g hamarneh,person:g hamarneh,G. Hamarneh,1,1.0,0.0,273
person:sahil moza,person:sahil moza,Sahil Moza,1,1.0,0.0,0
person:diya prasanth,person:diya prasanth,Diya Prasanth,1,1.0,0.0,274
person:matthew tivnan,person:matthew tivnan,Matthew Tivnan,1,1.0,0.0,274
person:leonid moroz,person:leonid moroz,Leonid L. Moroz,1,1.0,0.0,275
person:d romanova,person:d romanova,D. Y. Romanova,1,1.0,0.0,275
person:bhanu priya somashekar,person:bhanu priya somashekar,Bhanu Priya Somashekar,1,1.0,0.0,276
person:u bhalla,person:u bhalla,U. Bhalla,1,1.0,0.0,276
person:patrick chen,person:patrick chen,Patrick B. Chen,1,1.0,0.0,277
person:j flint,person:j flint,J. Flint,1,1.0,0.0,277
person:d zendrikov,person:d zendrikov,D. Zendrikov,1,1.0,0.0,278
person:alexander paraskevov,person:alexander paraskevov,Alexander Paraskevov,1,1.0,0.0,278
person:d wojcik,person:d wojcik,D. Wójcik,1,1.0,0.0,2
person:jane simko,person:jane simko,Jane Simko,1,1.0,0.0,7
person:elizabeth gardner,person:elizabeth gardner,Elizabeth C. Gardner,1,1.0,0.0,279
person:a ellington,person:a ellington,A. Ellington,1,1.0,0.0,279
person:p mitra,person:p mitra,P. Mitra,1,1.0,0.0,6
person:a eberle,person:a eberle,A. L. Eberle,1,1.0,0.0,75
person:david smith,person:david smith,David J. Smith,1,1.0,0.0,280
person:t starborg,person:t starborg,T. Starborg,1,1.0,0.0,280
person:deepak ropireddy,person:deepak ropireddy,Deepak Ropireddy,1,1.0,0.0,0
person:h reichert,person:h reichert,H. Reichert,1,1.0,0.0,0
person:timothy currier,person:timothy currier,Timothy A. Currier,1,1.0,0.0,15
person:zach tosi,person:zach tosi,Zach Tosi,1,1.0,0.0,281
person:j beggs,person:j beggs,J. Beggs,1,1.0,0.0,281
person:hania pavlou,person:hania pavlou,Hania J. Pavlou,1,1.0,0.0,282
person:s goodwin,person:s goodwin,S. Goodwin,1,1.0,0.0,282
person:matthew oldach,person:matthew oldach,Matthew J. Oldach,1,1.0,0.0,283
person:p vize,person:p vize,P. Vize,1,1.0,0.0,283
person:s hestrin,person:s hestrin,S. Hestrin,1,1.0,0.0,1
person:kara fulton,person:kara fulton,Kara A. Fulton,1,1.0,0.0,6
person:claudia groh,person:claudia groh,Claudia Groh,1,1.0,0.0,284
person:w rossler,person:w rossler,W. Rössler,1,1.0,0.0,284
person:j thomas,person:j thomas,J. B. Thomas,1,1.0,0.0,285
person:r wyman,person:r wyman,R. Wyman,1,1.0,0.0,285
person:tarec fares,person:tarec fares,Tarec Fares,1,1.0,0.0,0
person:j gornet,person:j gornet,J. Gornet,1,1.0,0.0,1
person:d raman,person:d raman,D. Raman,1,1.0,0.0,286
person:timothy leary,person:timothy leary,Timothy O’Leary,1,1.0,0.0,286
person:j kittler,person:j kittler,J. Kittler,1,1.0,0.0,1
person:f komaki,person:f komaki,F. Komaki,1,1.0,0.0,0
person:adam packer,person:adam packer,Adam Packer,1,1.0,0.0,1
person:francisco barrantes,person:francisco barrantes,Francisco J. Barrantes,1,0.0,0.0,287
person:t toyoizumi,person:t toyoizumi,T. Toyoizumi,1,0.0,0.0,289
person:mu qiao,person:mu qiao,Mu Qiao,1,0.0,0.0,290
person:r hoy,person:r hoy,R. Hoy,1,0.0,0.0,291
person:m cobb,person:m cobb,M. Cobb,1,0.0,0.0,292
person:xundong wu,person:xundong wu,Xundong Wu,1,0.0,0.0,293
person:julian ungar sargon,person:julian ungar sargon,Julian Ungar-Sargon,1,0.0,0.0,294
person:terri gilbert,person:terri gilbert,Terri L. Gilbert,1,0.0,0.0,295
person:m vopson,person:m vopson,M. Vopson,1,0.0,0.0,296
person:terrence adams,person:terrence adams,Terrence Adams,1,0.0,0.0,297
person:georgia rapti,person:georgia rapti,Georgia Rapti,1,0.0,0.0,298
person:j zhu,person:j zhu,J. J. Zhu,1,0.0,0.0,299
person:soroush vahidi,person:soroush vahidi,Soroush Vahidi,1,0.0,0.0,300
person:po han chiang,person:po han chiang,Po-Han Chiang,1,0.0,0.0,301
person:u homberg,person:u homberg,U. Homberg,1,0.0,0.0,302
person:sebastien kawada,person:sebastien kawada,Sebastien Kawada,1,0.0,0.0,303
person:pascal grange,person:pascal grange,Pascal Grange,1,0.0,0.0,304
person:p daugulis,person:p daugulis,P. Daugulis,1,0.0,0.0,305
person:r laughlin,person:r laughlin,R. Laughlin,1,0.0,0.0,306
person:melina hale,person:melina hale,Melina E. Hale,1,0.0,0.0,307
person:s therianos,person:s therianos,S. Therianos,1,0.0,0.0,308
person:a gomez marin,person:a gomez marin,A. Gomez-Marin,1,0.0,0.0,309
person:b pailthorpe,person:b pailthorpe,B. Pailthorpe,1,0.0,0.0,310
person:kaitlyn casimo,person:kaitlyn casimo,Kaitlyn Casimo,1,0.0,0.0,311
person:v brezina,person:v brezina,V. Brezina,1,0.0,0.0,312
person:m richardson,person:m richardson,M. Richardson,1,0.0,0.0,313
person:k stephan,person:k stephan,K. Stephan,1,0.0,0.0,314
person:r wurtman,person:r wurtman,R. Wurtman,1,0.0,0.0,315
person:luis seoane,person:luis seoane,Luís F Seoane,1,0.0,0.0,316
person:leslie griffith,person:leslie griffith,Leslie C. Griffith,1,0.0,0.0,317
person:d taliaz,person:d taliaz,D. Taliaz,1,0.0,0.0,318
person:dawn blitz,person:dawn blitz,Dawn M. Blitz,1,0.0,0.0,319
person:j kershner,person:j kershner,J. Kershner,1,0.0,0.0,320
person:liza gross,person:liza gross,Liza Gross,1,0.0,0.0,321
person:g panagopoulos,person:g panagopoulos,G. Panagopoulos,1,0.0,0.0,322
person:s shipp,person:s shipp,S. Shipp,1,0.0,0.0,323
person:bettina schnell,person:bettina schnell,Bettina Schnell,1,0.0,0.0,324
person:venkatakrishnan ramaswamy,person:venkatakrishnan ramaswamy,Venkatakrishnan Ramaswamy,1,0.0,0.0,325
person:o dolgikh,person:o dolgikh,O. Dolgikh,1,0.0,0.0,326
person:ronald davis,person:ronald davis,Ronald L. Davis,1,0.0,0.0,327
person:e white,person:e white,E. White,1,0.0,0.0,328
person:r kotter,person:r kotter,R. Kötter,1,0.0,0.0,329
person:a parra,person:a parra,A. Parra,1,0.0,0.0,330
