work_id,title,year,doi,venue,decision,graph_core,ultra_core,emergent_core,citation_count_work,corpus_link_count,is_recent_2024plus,k_core,pagerank_percentile,citation_role,primary_community_label,n_authors,pdf_local_path
work_1f5bc11fd70f625f,A petavoxel fragment of human cerebral cortex reconstructed at nanoscale resolution,2024,10.1126/science.adk4858,Science,core_relevant,core,True,False,295,88,True,11.0,0.982479426599416,hub,J. Lichtman / Hanspeter Pfister,31,/Users/wgray13/projects/connectomics-survey/postanalysis/pdfs/files/doi_10.1126_science.adk4858.pdf
work_6f86d20c9bf6e84d,Whole-brain annotation and multi-connectome cell typing of Drosophila,2024,10.1038/s41586-024-07686-5,Nature,core_relevant,core,True,False,291,38,True,,,no_graph,H. Sebastian Seung / G. Jefferis,304,/Users/wgray13/projects/connectomics-survey/postanalysis/pdfs/files/doi_10.1038_s41586-024-07686-5.pdf
work_86ba4bfd64350171,Neuronal wiring diagram of an adult brain,2024,10.1038/s41586-024-07558-y,Nature,core_relevant,core,True,False,242,107,True,11.0,0.9843376692328112,hub,H. Sebastian Seung / G. Jefferis,46,/Users/wgray13/projects/connectomics-survey/postanalysis/pdfs/files/doi_10.1038_s41586-024-07558-y.pdf
work_2f968b5df6b0dd3d,The connectome of an insect brain,2022,10.1126/science.add9330,bioRxiv,core_relevant,core,True,False,359,71,False,11.0,0.9665516325988852,hub,Albert Cardona / J. Vogelstein,20,/Users/wgray13/projects/connectomics-survey/postanalysis/pdfs/files/doi_10.1126_science.add9330.pdf
work_f4089e71d372f0e5,Connectomic comparison of mouse and human cortex,2022,10.1126/science.abo0924,Science,core_relevant,core,True,False,205,37,False,11.0,0.9792938677993098,broker,M. Helmstaedter / Winfried Denk,11,/Users/wgray13/projects/connectomics-survey/postanalysis/pdfs/files/doi_10.1126_science.abo0924.pdf
work_e55d932cde0c77af,Connectomes across development reveal principles of brain maturation,2021,10.1038/s41586-021-03778-8,Nature,core_relevant,core,True,False,395,138,False,11.0,0.99150517653305,hub,J. Lichtman / Hanspeter Pfister,16,/Users/wgray13/projects/connectomics-survey/postanalysis/pdfs/files/doi_10.1038_s41586-021-03778-8.pdf
work_ee5b7f908c56d881,Functional connectomics spanning multiple areas of mouse visual cortex,2021,10.1038/s41586-025-08790-w,bioRxiv,core_relevant,core,True,False,394,149,False,11.0,0.9917706397663923,hub,H. Sebastian Seung / G. Jefferis,75,/Users/wgray13/projects/connectomics-survey/postanalysis/pdfs/files/doi_10.1038_s41586-025-08790-w.pdf
work_3cfb4552d0463ce3,A connectomic study of a petascale fragment of human cerebral cortex,2021,10.1101/2021.05.29.446289,bioRxiv,core_relevant,core,True,False,217,80,False,11.0,0.9867268383328908,hub,J. Lichtman / Hanspeter Pfister,29,/Users/wgray13/projects/connectomics-survey/postanalysis/pdfs/files/doi_10.1101_2021.05.29.446289.pdf
work_7773a3cd24b3497d,A connectome and analysis of the adult Drosophila central brain,2020,10.7554/elife.57443,bioRxiv,core_relevant,core,True,False,900,119,False,11.0,0.9880541544996018,hub,J. Lichtman / Hanspeter Pfister,115,/Users/wgray13/projects/connectomics-survey/postanalysis/pdfs/files/doi_10.7554_elife.57443.pdf
work_4514cd847994dcc7,A connectome of the Drosophila central complex reveals network motifs suitable for flexible navigation and context-dependent action selection,2020,10.1101/2020.12.08.413955,bioRxiv,core_relevant,core,True,False,332,86,False,11.0,0.9838067427661268,hub,J. Lichtman / Hanspeter Pfister,13,/Users/wgray13/projects/connectomics-survey/postanalysis/pdfs/files/doi_10.1101_2020.12.08.413955.pdf
work_31d1fee6f2ffabfe,The connectome of the adult Drosophila mushroom body provides insights into function,2020,10.7554/elife.62576,eLife,core_relevant,core,True,False,289,76,False,11.0,0.9827448898327582,hub,H. Sebastian Seung / G. Jefferis,25,/Users/wgray13/projects/connectomics-survey/postanalysis/pdfs/files/doi_10.7554_elife.62576.pdf
work_241b54c819ff405b,FlyWire: Online community for whole-brain connectomics,2020,10.1038/s41592-021-01330-0,Nature Methods,core_relevant,core,True,False,242,120,False,11.0,0.9899123971329972,hub,H. Sebastian Seung / G. Jefferis,40,/Users/wgray13/projects/connectomics-survey/postanalysis/pdfs/files/doi_10.1038_s41592-021-01330-0.pdf
work_e323a05fc48f61c0,Reconstruction of motor control circuits in adult Drosophila using automated transmission electron microscopy,2020,10.1101/2020.01.10.902478,bioRxiv,core_relevant,core,True,False,239,36,False,11.0,0.9583222723652774,broker,M. Helmstaedter / Winfried Denk,12,/Users/wgray13/projects/connectomics-survey/postanalysis/pdfs/files/doi_10.1101_2020.01.10.902478.pdf
work_cfa0e3eb48787eff,Whole-animal connectomes of both Caenorhabditis elegans sexes,2019,10.1038/s41586-019-1352-7,Nature,core_relevant,core,True,False,806,172,False,11.0,0.9962835147332094,hub,Oliver Hobert / Steven J. Cook,14,/Users/wgray13/projects/connectomics-survey/postanalysis/pdfs/files/doi_10.1038_s41586-019-1352-7.pdf
work_d552830c86eb491f,Large Scale Image Segmentation with Structured Loss Based Deep Learning for Connectome Reconstruction,2019,10.1109/tpami.2018.2835450,IEEE Transactions on Pattern Analysis and Machine Intelligence,core_relevant,core,True,False,226,32,False,11.0,0.9761083089992036,broker,M. Helmstaedter / Winfried Denk,7,/Users/wgray13/projects/connectomics-survey/postanalysis/pdfs/files/doi_10.1109_tpami.2018.2835450.pdf
work_8fd725d2118803e2,A petascale automated imaging pipeline for mapping neuronal circuits with high-throughput transmission electron microscopy,2019,10.1038/s41467-020-18659-3,Nature Communications,core_relevant,core,True,False,133,25,False,11.0,0.9559331032651978,broker,H. Sebastian Seung / G. Jefferis,20,/Users/wgray13/projects/connectomics-survey/postanalysis/pdfs/files/doi_10.1038_s41467-020-18659-3.pdf
work_c6b4755fa98e0894,Dense connectomic reconstruction in layer 4 of the somatosensory cortex,2018,10.1126/science.aay3134,Science,core_relevant,core,True,False,307,105,False,11.0,0.9930979559331032,hub,M. Helmstaedter / Winfried Denk,10,/Users/wgray13/projects/connectomics-survey/postanalysis/pdfs/files/doi_10.1126_science.aay3134.pdf
work_a3723ea06299828e,"A genetic, genomic, and computational resource for exploring neural circuit function",2018,10.1101/385476,bioRxiv,core_relevant,core,True,False,214,12,False,10.0,0.9200955667640032,broker,J. Lichtman / Hanspeter Pfister,7,/Users/wgray13/projects/connectomics-survey/postanalysis/pdfs/files/doi_10.1101_385476.pdf
work_f56a7ec87aa3e03a,VAST (Volume Annotation and Segmentation Tool): Efficient Manual and Semi-Automatic Labeling of Large 3D Image Stacks,2018,10.3389/fncir.2018.00088,Front. Neural Circuits,core_relevant,core,True,False,201,0,False,,,no_graph,J. Lichtman / Hanspeter Pfister,3,/Users/wgray13/projects/connectomics-survey/postanalysis/pdfs/files/doi_10.3389_fncir.2018.00088.pdf
work_8cba212f6e7b83ad,A Complete Electron Microscopy Volume of the Brain of Adult Drosophila melanogaster,2017,10.1016/j.cell.2018.06.019,bioRxiv,core_relevant,core,True,False,911,102,False,11.0,0.9891160074329706,hub,J. Lichtman / Hanspeter Pfister,23,/Users/wgray13/projects/connectomics-survey/postanalysis/pdfs/files/doi_10.1016_j.cell.2018.06.019.pdf
work_06a819921125fd5b,The complete connectome of a learning and memory centre in an insect brain,2017,10.1101/141762,Nature,core_relevant,core,True,False,480,40,False,11.0,0.9832758162994424,broker,Albert Cardona / J. Vogelstein,20,/Users/wgray13/projects/connectomics-survey/postanalysis/pdfs/files/doi_10.1101_141762.pdf
work_7b437ce3ba4d27c5,High-precision automated reconstruction of neurons with flood-filling networks,2017,10.1038/s41592-018-0049-4,Nature Methods,core_relevant,core,True,False,382,0,False,,,no_graph,J. Lichtman / Hanspeter Pfister,10,postanalysis/pdfs/files/doi_10.1038_s41592-018-0049-4.pdf
work_1d87c152cf48058c,Enhanced FIB-SEM systems for large-volume 3D imaging,2017,10.7554/elife.25916,eLife,core_relevant,core,True,False,364,58,False,11.0,0.9885850809662862,hub,J. Lichtman / Hanspeter Pfister,10,/Users/wgray13/projects/connectomics-survey/postanalysis/pdfs/files/doi_10.7554_elife.25916.pdf
work_434673087d1709d7,A connectome of a learning and memory center in the adult Drosophila brain,2017,10.7554/elife.26975,eLife,core_relevant,core,True,False,353,81,False,11.0,0.9938943456331298,hub,J. Lichtman / Hanspeter Pfister,28,/Users/wgray13/projects/connectomics-survey/postanalysis/pdfs/files/doi_10.7554_elife.26975.pdf
work_7ee1f288ebd5d281,Anatomy and function of an excitatory network in the visual cortex,2016,10.1038/nature17192,Nature,core_relevant,core,True,False,486,117,False,11.0,0.997079904433236,hub,H. Sebastian Seung / G. Jefferis,7,/Users/wgray13/projects/connectomics-survey/postanalysis/pdfs/files/doi_10.1038_nature17192.pdf
work_925c3e324896606e,Microscopy Image Browser: A Platform for Segmentation and Analysis of Multidimensional Datasets,2016,10.1371/journal.pbio.1002340,PLoS Biology,core_relevant,core,True,False,423,0,False,,,no_graph,I. Belevich / E. Jokitalo,5,/Users/wgray13/projects/connectomics-survey/postanalysis/pdfs/files/doi_10.1371_journal.pbio.1002340.pdf
work_5fce6ceceeaa09c7,Comparative Connectomics.,2016,10.1016/j.tics.2016.03.001,Trends in Cognitive Sciences,core_relevant,core,True,False,290,0,False,,,no_graph,Olaf Sporns / B. Mišić,3,/Users/wgray13/projects/connectomics-survey/postanalysis/pdfs/files/doi_10.1016_j.tics.2016.03.001.pdf
work_e38ce8eb753d5588,FusionNet: A Deep Fully Residual Convolutional Neural Network for Image Segmentation in Connectomics,2016,10.3389/fcomp.2021.613981,Frontiers of Computer Science,core_relevant,core,True,False,274,23,False,10.0,0.9429254048314308,broker,M. Helmstaedter / Winfried Denk,3,/Users/wgray13/projects/connectomics-survey/postanalysis/pdfs/files/doi_10.3389_fcomp.2021.613981.pdf
work_796386b4ebec693b,The CNS connectome of a tadpole larva of Ciona intestinalis (L.) highlights sidedness in the brain of a chordate sibling,2016,10.7554/elife.16962,eLife,core_relevant,core,True,False,246,30,False,11.0,0.9779665516325988,broker,Xiaoyin Chen / Yonggang Wang,3,/Users/wgray13/projects/connectomics-survey/postanalysis/pdfs/files/doi_10.7554_elife.16962.pdf
work_fe975f52ca253f7e,The Multilayer Connectome of Caenorhabditis elegans,2016,10.1371/journal.pcbi.1005283,PLoS Comput. Biol.,core_relevant,core,True,False,238,62,False,11.0,0.9851340589328378,hub,Oliver Hobert / Steven J. Cook,8,/Users/wgray13/projects/connectomics-survey/postanalysis/pdfs/files/doi_10.1371_journal.pcbi.1005283.pdf
work_62baf6bf40a9cb50,Species-specific wiring for direction selectivity in the mammalian retina,2016,10.1038/nature18609,Nature,core_relevant,core,True,False,208,9,False,6.0,0.9076187947969206,only_in,M. Helmstaedter / Winfried Denk,5,/Users/wgray13/projects/connectomics-survey/postanalysis/pdfs/files/doi_10.1038_nature18609.pdf
work_c7e9554f3a7935e3,The wiring diagram of a glomerular olfactory system,2016,10.1101/037721,bioRxiv,core_relevant,core,True,False,197,55,False,11.0,0.9907087868330235,hub,Albert Cardona / J. Vogelstein,12,/Users/wgray13/projects/connectomics-survey/postanalysis/pdfs/files/doi_10.1101_037721.pdf
work_ab4936e9fe95de49,Saturated Reconstruction of a Volume of Neocortex,2015,10.1016/j.cell.2015.06.054,Cell,core_relevant,core,True,False,1031,0,False,,,no_graph,J. Lichtman / Hanspeter Pfister,21,postanalysis/pdfs/files/doi_10.1016_j.cell.2015.06.054.pdf
work_047e0665d50b50ba,Crowdsourcing the creation of image segmentation algorithms for connectomics,2015,10.3389/fnana.2015.00142,Frontiers in Neuroanatomy,core_relevant,core,True,False,370,0,False,,,no_graph,J. Lichtman / Hanspeter Pfister,24,/Users/wgray13/projects/connectomics-survey/postanalysis/pdfs/files/doi_10.3389_fnana.2015.00142.pdf
work_b8f2f5617e12eb28,Quantitative neuroanatomy for connectomics in Drosophila,2015,10.7554/elife.12059,bioRxiv,core_relevant,core,True,False,307,116,False,11.0,0.9981417573666048,hub,H. Sebastian Seung / G. Jefferis,11,/Users/wgray13/projects/connectomics-survey/postanalysis/pdfs/files/doi_10.7554_elife.12059.pdf
work_5a150d031329b4d0,Nanoconnectomic upper bound on the variability of synaptic plasticity,2015,10.7554/elife.10778,eLife,core_relevant,core,True,False,280,12,False,8.0,0.9723918237324132,broker,Albert Cardona / J. Vogelstein,7,/Users/wgray13/projects/connectomics-survey/postanalysis/pdfs/files/doi_10.7554_elife.10778.pdf
work_7bd29d9809ae56eb,Large-volume en-bloc staining for electron microscopy-based connectomics,2015,10.1038/ncomms8923,Nature Communications,core_relevant,core,True,False,274,21,False,11.0,0.9625696840987524,broker,Xiaoyin Chen / Yonggang Wang,3,/Users/wgray13/projects/connectomics-survey/postanalysis/pdfs/files/doi_10.1038_ncomms8923.pdf
work_a83752a657d4ec4e,Space-time wiring specificity supports direction selectivity in the retina,2014,10.1038/nature13240,Nature,core_relevant,core,True,False,494,0,False,,,no_graph,H. Sebastian Seung / G. Jefferis,13,postanalysis/pdfs/files/doi_10.1038_nature13240.pdf
work_5c2378945eccb27f,Connectomic reconstruction of the inner plexiform layer in the mouse retina,2013,10.1038/nature12346,Nature,core_relevant,core,True,False,988,0,False,,,no_graph,M. Helmstaedter / Winfried Denk,6,postanalysis/pdfs/files/doi_10.1038_nature12346.pdf
work_087e18b9051261d3,A visual motion detection circuit suggested by Drosophila connectomics,2013,10.1038/nature12450,Nature,core_relevant,core,True,False,695,161,False,11.0,0.9994690735333156,hub,J. Lichtman / Hanspeter Pfister,24,/Users/wgray13/projects/connectomics-survey/postanalysis/pdfs/files/doi_10.1038_nature12450.pdf
work_233d52315fe236ff,The Rich Club of the C. elegans Neuronal Connectome,2013,10.1523/jneurosci.3784-12.2013,Journal of Neuroscience,core_relevant,core,True,False,330,92,False,11.0,0.9965489779665516,hub,Oliver Hobert / Steven J. Cook,5,/Users/wgray13/projects/connectomics-survey/postanalysis/pdfs/files/doi_10.1523_jneurosci.3784-12.2013.pdf
work_bb4463044f5b072c,TrakEM2 Software for Neural Circuit Reconstruction,2012,10.1371/journal.pone.0038011,PLoS ONE,core_relevant,core,True,False,975,45,False,11.0,0.9989381470666312,only_in,Albert Cardona / J. Vogelstein,9,/Users/wgray13/projects/connectomics-survey/postanalysis/pdfs/files/doi_10.1371_journal.pone.0038011.pdf
work_7afda5ab9166c6fb,Network anatomy and in vivo physiology of visual cortical neurons,2011,10.1038/nature09802,Nature,core_relevant,core,True,False,889,58,False,11.0,0.9986726838332892,hub,H. Sebastian Seung / G. Jefferis,10,/Users/wgray13/projects/connectomics-survey/postanalysis/pdfs/files/doi_10.1038_nature09802.pdf
work_3cf844f488b27a48,Wiring specificity in the direction-selectivity circuit of the retina,2011,10.1038/nature09818,Nature,core_relevant,core,True,False,833,0,False,,,no_graph,M. Helmstaedter / Winfried Denk,3,postanalysis/pdfs/files/doi_10.1038_nature09818.pdf
work_cf9199d8b0ccf668,High-accuracy neurite reconstruction for high-throughput neuroanatomy,2011,10.1038/nn.2868,Nature Neuroscience,core_relevant,core,True,False,291,0,False,,,no_graph,M. Helmstaedter / Winfried Denk,3,postanalysis/pdfs/files/doi_10.1038_nn.2868.pdf
work_0641fb974f5264cf,mGRASP enables mapping mammalian synaptic connectivity with light microscopy,2011,10.1038/nmeth.1784,Nature Methods,core_relevant,core,True,False,275,6,False,5.0,0.8648792142288293,broker,Xiaoyin Chen / Yonggang Wang,7,/Users/wgray13/projects/connectomics-survey/postanalysis/pdfs/files/doi_10.1038_nmeth.1784.pdf
work_86327903c00368f6,Reconstruction of the neuromuscular junction connectome,2010,10.1093/bioinformatics/btq179,Bioinform.,core_relevant,core,True,False,3158,4,False,2.0,0.9015131404300504,broker,J. Lichtman / Hanspeter Pfister,6,/Users/wgray13/projects/connectomics-survey/postanalysis/pdfs/files/doi_10.1093_bioinformatics_btq179.pdf
work_5b4312b985894934,Ultrastructural analysis of hippocampal neuropil from the connectomics perspective,2010,10.1016/j.neuron.2010.08.014,Neuron,core_relevant,core,True,False,303,78,False,11.0,1.0,hub,Albert Cardona / J. Vogelstein,6,/Users/wgray13/projects/connectomics-survey/postanalysis/pdfs/files/doi_10.1016_j.neuron.2010.08.014.pdf
work_c3af570cd83d4cfb,Structural Properties of the Caenorhabditis elegans Neuronal Network,2009,10.1371/journal.pcbi.1001066,PLoS Comput. Biol.,core_relevant,core,True,False,954,80,False,11.0,0.9992036102999734,hub,M. Helmstaedter / Winfried Denk,5,/Users/wgray13/projects/connectomics-survey/postanalysis/pdfs/files/doi_10.1371_journal.pcbi.1001066.pdf
work_06030491fabc9e9d,Synaptic connectivity and neuronal morphology: two sides of the same coin.,2004,10.1016/s0896-6273(04)00498-2,Neuron,core_relevant,core,True,False,224,1,False,1.0,0.6965755242898859,only_in,J. Lichtman / Hanspeter Pfister,1,/Users/wgray13/projects/connectomics-survey/postanalysis/pdfs/files/doi_10.1016_s0896-6273_04_00498-2.pdf
work_02c7b46148a6c4a5,Three-Dimensional Structure and Composition of CA3→CA1 Axons in Rat Hippocampal Slices: Implications for Presynaptic Connectivity and Compartmentalization,1998,10.1523/jneurosci.18-20-08300.1998,Journal of Neuroscience,core_relevant,core,True,False,515,4,False,4.0,0.9923015662330767,only_in,Albert Cardona / J. Vogelstein,2,/Users/wgray13/projects/connectomics-survey/postanalysis/pdfs/files/doi_10.1523_jneurosci.18-20-08300.1998.pdf
work_39c260e37ed45039,The structure of the nervous system of the nematode Caenorhabditis elegans,1986,10.1098/rstb.1986.0056,"Philosophical transactions of the Royal Society of London. Series B, Biological sciences",core_relevant,core,True,False,5857,0,False,,,no_graph,Oliver Hobert / Steven J. Cook,4,postanalysis/pdfs/files/doi_10.1098_rstb.1986.0056.pdf
work_11a1d7d7074f9adc,Connectome simulations identify a central pattern generator circuit for fly walking,2026,10.1101/2025.09.12.675944,bioRxiv,core_relevant,core,False,True,12,11,True,8.0,0.8030262808601009,broker,Xiaoyin Chen / Yonggang Wang,7,/Users/wgray13/projects/connectomics-survey/postanalysis/pdfs/files/doi_10.1101_2025.09.12.675944.pdf
work_8627e5369ab9b3fe,Connectomic Analysis of Mitochondria in the Central Brain of Drosophila,2026,10.1101/2024.04.21.590464,bioRxiv,core_relevant,core,False,True,6,17,True,11.0,0.7934696044597823,broker,J. Lichtman / Hanspeter Pfister,18,/Users/wgray13/projects/connectomics-survey/postanalysis/pdfs/files/doi_10.1101_2024.04.21.590464.pdf
work_2ac6946a28922c27,"Deep-learning-assisted simulation of a cortical circuit: integrating anatomy, physiology and function",2026,10.64898/2026.03.13.711751,bioRxiv,core_relevant,core,False,True,4,0,True,0.0,0.0183169631006105,isolate,Xiaoyin Chen / Yonggang Wang,9,/Users/wgray13/projects/connectomics-survey/postanalysis/pdfs/files/doi_10.64898_2026.03.13.711751.pdf
work_00d72fd3c4223cd5,Distributed control circuits across a brain-and-cord connectome.,2026,10.1038/s41586-026-10735-w,Nature,core_relevant,core,False,True,3,37,True,0.0,0.5038492168834616,isolate,H. Sebastian Seung / G. Jefferis,100,/Users/wgray13/projects/connectomics-survey/postanalysis/pdfs/files/doi_10.1038_s41586-026-10735-w.pdf
work_954de58c49ad957a,A central somatotopic map of the fly leg supports spatially targeted grooming,2026,10.64898/2026.02.27.708590,bioRxiv,core_relevant,core,False,True,3,5,True,5.0,0.658879745155296,only_out,H. Sebastian Seung / G. Jefferis,6,/Users/wgray13/projects/connectomics-survey/postanalysis/pdfs/files/doi_10.64898_2026.02.27.708590.pdf
work_a02235773a32ebeb,Whole-Brain Connectomic Graph Model Enables Whole-Body Locomotion Control in Fruit Fly,2026,10.48550/arxiv.2602.17997,arXiv.org,core_relevant,core,False,True,3,4,True,4.0,0.0655694186355189,only_out,Xiaoyin Chen / Yonggang Wang,4,/Users/wgray13/projects/connectomics-survey/postanalysis/pdfs/files/doi_10.48550_arxiv.2602.17997.pdf
work_e83e978ac3897c2f,NTAC: Neuronal type assignment from connectivity,2026,10.1038/s41467-025-68044-1,Nature Communications,core_relevant,core,False,True,3,7,True,7.0,0.7212636049907087,broker,H. Sebastian Seung / G. Jefferis,4,/Users/wgray13/projects/connectomics-survey/postanalysis/pdfs/files/doi_10.1038_s41467-025-68044-1.pdf
work_d83cba345d7415bb,Functional connectomics reveals general wiring rule in mouse visual cortex,2025,10.1038/s41586-025-08840-3,Nature,core_relevant,core,False,True,81,16,True,9.0,0.8590390230953013,broker,H. Sebastian Seung / G. Jefferis,56,/Users/wgray13/projects/connectomics-survey/postanalysis/pdfs/files/doi_10.1038_s41586-025-08840-3.pdf
work_9d8ce18df11df9cc,Light-microscopy-based connectomic reconstruction of mammalian brain tissue,2025,10.1038/s41586-025-08985-1,Nature,core_relevant,core,False,True,62,31,True,11.0,0.96230422086541,broker,Javier DeFelipe / Michael W. Reimann,13,/Users/wgray13/projects/connectomics-survey/postanalysis/pdfs/files/doi_10.1038_s41586-025-08985-1.pdf
work_0fec0014dc0379d0,Inhibitory specificity from a connectomic census of mouse visual cortex,2025,10.1038/s41586-024-07780-8,Nature,core_relevant,core,False,True,61,39,True,11.0,0.9378816033979294,broker,H. Sebastian Seung / G. Jefferis,41,/Users/wgray13/projects/connectomics-survey/postanalysis/pdfs/files/doi_10.1038_s41586-024-07780-8.pdf
work_69a812a079debc62,CAVE: Connectome Annotation Versioning Engine,2025,10.1038/s41592-024-02426-z,Nature Methods,core_relevant,core,False,True,55,36,True,11.0,0.8606318024953544,broker,H. Sebastian Seung / G. Jefferis,42,/Users/wgray13/projects/connectomics-survey/postanalysis/pdfs/files/doi_10.1038_s41592-024-02426-z.pdf
work_cbfb9642f5950bcf,Sexual dimorphism in the complete connectome of the Drosophila male central nervous system,2025,10.1101/2025.10.09.680999,bioRxiv,core_relevant,core,False,True,43,8,True,7.0,0.8582426333952747,only_in,J. Lichtman / Hanspeter Pfister,111,/Users/wgray13/projects/connectomics-survey/postanalysis/pdfs/files/doi_10.1101_2025.10.09.680999.pdf
work_be300a95019327be,Transforming descending input into motor output: An analysis of the Drosophila Male Adult Nerve Cord connectome,2025,10.1101/2023.06.07.543976,bioRxiv,core_relevant,core,False,True,33,4,True,4.0,0.8640828245288028,only_in,H. Sebastian Seung / G. Jefferis,15,/Users/wgray13/projects/connectomics-survey/postanalysis/pdfs/files/doi_10.1101_2023.06.07.543976.pdf
work_bf26c692403dc5e3,Synaptic architecture of a memory engram in the mouse hippocampus,2025,10.1126/science.ado8316,Science,core_relevant,core,False,True,25,15,True,7.0,0.8890363684629679,broker,Xiaoyin Chen / Yonggang Wang,28,/Users/wgray13/projects/connectomics-survey/postanalysis/pdfs/files/doi_10.1126_science.ado8316.pdf
work_0ac82de3efe180e8,Connectomics of predicted Sst transcriptomic types in mouse visual cortex,2025,10.1038/s41586-025-08805-6,Nature,core_relevant,core,False,True,23,7,True,6.0,0.7831165383594372,broker,H. Sebastian Seung / G. Jefferis,51,/Users/wgray13/projects/connectomics-survey/postanalysis/pdfs/files/doi_10.1038_s41586-025-08805-6.pdf
work_caba1149824d992a,Comparative connectomics of two distantly related nematode species reveals patterns of nervous system evolution,2025,10.1126/science.adx2143,bioRxiv,core_relevant,core,False,True,22,8,True,7.0,0.777010883992567,broker,Oliver Hobert / Steven J. Cook,11,/Users/wgray13/projects/connectomics-survey/postanalysis/pdfs/files/doi_10.1126_science.adx2143.pdf
work_d39313692b727a1c,Whole-body connectome of a segmented annelid larva,2025,10.1101/2024.03.17.585258,bioRxiv,core_relevant,core,False,True,20,28,True,11.0,0.8107247146270241,broker,Albert Cardona / J. Vogelstein,7,/Users/wgray13/projects/connectomics-survey/postanalysis/pdfs/files/doi_10.1101_2024.03.17.585258.pdf
work_aab3a84b00c63866,New Synapse Detection in the Whole-Brain Connectome of Drosophila,2025,10.1101/2025.07.11.664377,bioRxiv,core_relevant,core,False,True,19,10,True,7.0,0.8946110963631537,broker,H. Sebastian Seung / G. Jefferis,13,/Users/wgray13/projects/connectomics-survey/postanalysis/pdfs/files/doi_10.1101_2025.07.11.664377.pdf
work_b6f9d48dfa37f399,Connectome-driven neural inventory of a complete visual system,2025,10.1038/s41586-025-08746-0,Nature,core_relevant,core,False,True,18,32,True,11.0,0.9238120520307938,broker,J. Lichtman / Hanspeter Pfister,71,/Users/wgray13/projects/connectomics-survey/postanalysis/pdfs/files/doi_10.1038_s41586-025-08746-0.pdf
work_3f33a09c75f65755,Perisomatic ultrastructure efficiently classifies cells in mouse cortex,2025,10.1038/s41586-024-07765-7,Nature,core_relevant,core,False,True,17,14,True,10.0,0.8717812582957261,broker,H. Sebastian Seung / G. Jefferis,38,/Users/wgray13/projects/connectomics-survey/postanalysis/pdfs/files/doi_10.1038_s41586-024-07765-7.pdf
work_544c5eb927deccab,A connectomic resource for neural cataloguing and circuit dissection of the larval zebrafish brain,2025,10.1101/2025.06.10.658982,bioRxiv,core_relevant,core,False,True,17,5,True,4.0,0.8391292805946376,only_in,J. Lichtman / Hanspeter Pfister,70,/Users/wgray13/projects/connectomics-survey/postanalysis/pdfs/files/doi_10.1101_2025.06.10.658982.pdf
work_52b53476f8279557,Divergent neural circuits for proprioceptive and exteroceptive sensing of the Drosophila leg,2025,10.1038/s41467-025-59302-3,Nature Communications,core_relevant,core,False,True,14,9,True,8.0,0.7578975311919299,broker,H. Sebastian Seung / G. Jefferis,5,/Users/wgray13/projects/connectomics-survey/postanalysis/pdfs/files/doi_10.1038_s41467-025-59302-3.pdf
work_e8901c84d913a8ca,Infrequent strong connections constrain connectomic predictions of neuronal function,2025,10.1101/2025.03.06.641774,bioRxiv,core_relevant,core,False,True,13,21,True,11.0,0.7095832227236528,broker,Xiaoyin Chen / Yonggang Wang,2,/Users/wgray13/projects/connectomics-survey/postanalysis/pdfs/files/doi_10.1101_2025.03.06.641774.pdf
work_e658e86f777c36d3,Connectome-constrained networks predict neural activity across the fly visual system,2024,10.1038/s41586-024-07939-3,Nature,core_relevant,core,False,True,113,20,True,10.0,0.925670294664189,broker,M. Helmstaedter / Winfried Denk,10,/Users/wgray13/projects/connectomics-survey/postanalysis/pdfs/files/doi_10.1038_s41586-024-07939-3.pdf
work_36602f0170e09b02,A Drosophila computational brain model reveals sensorimotor processing,2024,10.1038/s41586-024-07763-9,Nature,core_relevant,core,False,True,76,16,True,9.0,0.8999203610299974,broker,H. Sebastian Seung / G. Jefferis,27,/Users/wgray13/projects/connectomics-survey/postanalysis/pdfs/files/doi_10.1038_s41586-024-07763-9.pdf
work_f957eea0477c4e04,Connectomic reconstruction of a female Drosophila ventral nerve cord,2024,10.1038/s41586-024-07389-x,Nature,core_relevant,core,False,True,76,46,True,11.0,0.95619856649854,broker,H. Sebastian Seung / G. Jefferis,35,/Users/wgray13/projects/connectomics-survey/postanalysis/pdfs/files/doi_10.1038_s41586-024-07389-x.pdf
work_1f2d549356fe466e,Systematic annotation of a complete adult male Drosophila nerve cord connectome reveals principles of functional organisation,2024,10.1101/2023.06.05.543407,bioRxiv,core_relevant,core,False,True,68,16,True,10.0,0.934430581364481,only_in,H. Sebastian Seung / G. Jefferis,22,/Users/wgray13/projects/connectomics-survey/postanalysis/pdfs/files/doi_10.1101_2023.06.05.543407.pdf
work_8836d9b46d1f1126,Synaptic connectome of the Drosophila circadian clock,2024,10.1038/s41467-024-54694-0,bioRxiv,core_relevant,core,False,True,64,11,True,7.0,0.7547119723918237,broker,H. Sebastian Seung / G. Jefferis,11,/Users/wgray13/projects/connectomics-survey/postanalysis/pdfs/files/doi_10.1038_s41467-024-54694-0.pdf
work_226671ea5a46bda3,The fly connectome reveals a path to the effectome,2024,10.1038/s41586-024-07982-0,Nature,core_relevant,core,False,True,36,25,True,11.0,0.938677993097956,broker,H. Sebastian Seung / G. Jefferis,13,/Users/wgray13/projects/connectomics-survey/postanalysis/pdfs/files/doi_10.1038_s41586-024-07982-0.pdf
work_10a0b035f8a594bc,Connectomic reconstruction predicts visual features used for navigation,2024,10.1038/s41586-024-07967-z,Nature,core_relevant,core,False,True,28,10,True,8.0,0.8643482877621449,broker,H. Sebastian Seung / G. Jefferis,11,/Users/wgray13/projects/connectomics-survey/postanalysis/pdfs/files/doi_10.1038_s41586-024-07967-z.pdf
work_a621029de816adc1,Predicting visual function by interpreting a neuronal wiring diagram,2024,10.1038/s41586-024-07953-5,Nature,core_relevant,core,False,True,28,11,True,8.0,0.8850544199628352,broker,H. Sebastian Seung / G. Jefferis,1,/Users/wgray13/projects/connectomics-survey/postanalysis/pdfs/files/doi_10.1038_s41586-024-07953-5.pdf
work_ceb66b1db1935fdb,Predicting modular functions and neural coding of behavior from a synaptic wiring diagram,2024,10.1038/s41593-024-01784-3,Nature Neuroscience,core_relevant,core,False,True,26,21,True,11.0,0.7833820015927794,broker,H. Sebastian Seung / G. Jefferis,28,/Users/wgray13/projects/connectomics-survey/postanalysis/pdfs/files/doi_10.1038_s41593-024-01784-3.pdf
work_5d14dfa16e4b8cf3,Prediction of neural activity in connectome-constrained recurrent networks,2024,10.1038/s41593-025-02080-4,bioRxiv,core_relevant,core,False,True,23,27,True,10.0,0.915582691797186,broker,Albert Cardona / J. Vogelstein,2,/Users/wgray13/projects/connectomics-survey/postanalysis/pdfs/files/doi_10.1038_s41593-025-02080-4.pdf
work_582b4134fbc951cc,Social state alters vision using three circuit mechanisms in Drosophila,2024,10.1038/s41586-024-08255-6,Nature,core_relevant,core,False,True,22,7,True,6.0,0.8293071409609769,broker,J. Lichtman / Hanspeter Pfister,13,/Users/wgray13/projects/connectomics-survey/postanalysis/pdfs/files/doi_10.1038_s41586-024-08255-6.pdf
work_13a5924450d152cf,Hierarchical communities in the larval Drosophila connectome: Links to cellular annotations and network topology,2024,10.1101/2023.10.25.562730,bioRxiv,core_relevant,core,False,True,20,25,True,11.0,0.8598354127953278,broker,Olaf Sporns / B. Mišić,3,/Users/wgray13/projects/connectomics-survey/postanalysis/pdfs/files/doi_10.1101_2023.10.25.562730.pdf
work_542d289b1df8abc6,A Connectome of the Male Drosophila Ventral Nerve Cord,2023,10.1101/2023.06.05.543757,bioRxiv,core_relevant,core,False,True,88,48,False,11.0,0.9644279267321476,broker,J. Lichtman / Hanspeter Pfister,84,/Users/wgray13/projects/connectomics-survey/postanalysis/pdfs/files/doi_10.1101_2023.06.05.543757.pdf
work_5a5bf6e6db192920,A consensus cell type atlas from multiple connectomes reveals principles of circuit stereotypy and variation,2023,10.1101/2023.06.27.546055,bioRxiv,core_relevant,core,False,True,78,27,False,11.0,0.918237324130608,broker,H. Sebastian Seung / G. Jefferis,33,/Users/wgray13/projects/connectomics-survey/postanalysis/pdfs/files/doi_10.1101_2023.06.27.546055.pdf
work_e38ae195f332be66,Mapping of Neuronal and Glial Primary Cilia Contactome and Connectome in the Human Cerebral Cortex,2023,10.1016/j.neuron.2023.09.032,Neuron,core_relevant,core,False,True,70,2,False,2.0,0.8011680382267056,only_in,J. Lichtman / Hanspeter Pfister,22,/Users/wgray13/projects/connectomics-survey/postanalysis/pdfs/files/doi_10.1016_j.neuron.2023.09.032.pdf
work_8a9f36433b0e7803,Synaptic gradients transform object location to action,2023,10.1038/s41586-022-05562-8,Nature,core_relevant,core,False,True,36,3,False,3.0,0.8096628616936554,only_in,James R. Anderson / Bryan William Jones,17,/Users/wgray13/projects/connectomics-survey/postanalysis/pdfs/files/doi_10.1038_s41586-022-05562-8.pdf
work_55a31c8884d2dba2,Cell-type-specific inhibitory circuitry from a connectomic census of mouse visual cortex,2023,10.1101/2023.01.23.525290,bioRxiv,core_relevant,core,False,True,35,33,False,11.0,0.9118662065303956,broker,H. Sebastian Seung / G. Jefferis,47,/Users/wgray13/projects/connectomics-survey/postanalysis/pdfs/files/doi_10.1101_2023.01.23.525290.pdf
work_c71bd1681aa3a6dd,Nested neural circuits generate distinct acoustic signals during Drosophila courtship,2023,10.1101/2023.08.30.555537,bioRxiv,core_relevant,core,False,True,30,9,False,9.0,0.8324926997610831,broker,J. Lichtman / Hanspeter Pfister,6,/Users/wgray13/projects/connectomics-survey/postanalysis/pdfs/files/doi_10.1101_2023.08.30.555537.pdf
work_579bab55f1835737,Immersion fixation and staining of multi-cubic millimeter volumes for electron microscopy-based connectomics of human brain biopsies,2023,10.1016/j.biopsych.2023.01.025,Biological Psychiatry,core_relevant,core,False,True,27,21,False,11.0,0.9171754711972392,broker,J. Lichtman / Hanspeter Pfister,8,/Users/wgray13/projects/connectomics-survey/postanalysis/pdfs/files/doi_10.1016_j.biopsych.2023.01.025.pdf
work_63d1c71c6b4843f4,Hunger- and thirst-sensing neurons modulate a neuroendocrine network to coordinate sugar and water ingestion,2023,10.1101/2023.04.06.535891,bioRxiv,core_relevant,core,False,True,24,1,False,1.0,0.5566764003185559,only_out,H. Sebastian Seung / G. Jefferis,5,/Users/wgray13/projects/connectomics-survey/postanalysis/pdfs/files/doi_10.1101_2023.04.06.535891.pdf
work_16b9df3949da837d,A leaky integrate-and-fire computational model based on the connectome of the entire adult Drosophila brain reveals insights into sensorimotor processing,2023,10.1101/2023.05.02.539144,bioRxiv,core_relevant,core,False,True,21,9,False,8.0,0.8553225378285108,broker,H. Sebastian Seung / G. Jefferis,27,/Users/wgray13/projects/connectomics-survey/postanalysis/pdfs/files/doi_10.1101_2023.05.02.539144.pdf
work_97016b4155ddb0c4,Dissecting the Functional Organization of the C. elegans Serotonergic System at Whole-Brain Scale,2023,10.1016/j.cell.2023.04.023,Cell,core_relevant,core,False,True,20,4,False,4.0,0.4321741438810724,only_out,Xiaoyin Chen / Yonggang Wang,12,/Users/wgray13/projects/connectomics-survey/postanalysis/pdfs/files/doi_10.1016_j.cell.2023.04.023.pdf
work_be884a73cedf8f72,The neuropeptidergic connectome of C. elegans,2022,10.1016/j.neuron.2023.09.043,bioRxiv,core_relevant,core,False,True,133,58,False,11.0,0.9654897796655164,broker,Oliver Hobert / Steven J. Cook,12,/Users/wgray13/projects/connectomics-survey/postanalysis/pdfs/files/doi_10.1016_j.neuron.2023.09.043.pdf
work_6db95f64553b035d,Automated synapse-level reconstruction of neural circuits in the larval zebrafish brain,2022,10.1038/s41592-022-01621-0,Nature Methods,core_relevant,core,False,True,95,35,False,11.0,0.9376161401645872,broker,M. Helmstaedter / Winfried Denk,11,/Users/wgray13/projects/connectomics-survey/postanalysis/pdfs/files/doi_10.1038_s41592-022-01621-0.pdf
work_13df857c596640ee,A functionally ordered visual feature map in the Drosophila brain.,2022,10.1016/j.neuron.2022.02.013,Neuron,core_relevant,core,False,True,81,0,False,,,no_graph,J. Lichtman / Hanspeter Pfister,6,/Users/wgray13/projects/connectomics-survey/postanalysis/pdfs/files/doi_10.1016_j.neuron.2022.02.013.pdf
work_4d88921e492f9434,neuPrint: An open access tool for EM connectomics,2022,10.3389/fninf.2022.896292,Frontiers in Neuroinformatics,core_relevant,core,False,True,78,44,False,11.0,0.965224316432174,broker,J. Lichtman / Hanspeter Pfister,7,/Users/wgray13/projects/connectomics-survey/postanalysis/pdfs/files/doi_10.3389_fninf.2022.896292.pdf
work_fc2482a7f46c841c,Semi-Supervised Neuron Segmentation via Reinforced Consistency Learning,2022,10.1109/tmi.2022.3176050,IEEE Transactions on Medical Imaging,core_relevant,core,False,True,75,0,False,,,no_graph,Xiaoyin Chen / Yonggang Wang,7,postanalysis/pdfs/files/doi_10.1109_tmi.2022.3176050.pdf
work_1d4b6e5375da0fe3,Synaptic wiring motifs in posterior parietal cortex support decision-making,2022,10.1038/s41586-024-07088-7,bioRxiv,core_relevant,core,False,True,59,12,False,11.0,0.870188478895673,broker,M. Helmstaedter / Winfried Denk,11,/Users/wgray13/projects/connectomics-survey/postanalysis/pdfs/files/doi_10.1038_s41586-024-07088-7.pdf
work_dc3bb8105fafef02,Connectomic analysis of the Drosophila lateral neuron clock cells reveals the synaptic basis of functional pacemaker classes,2022,10.1101/2022.03.02.482743,bioRxiv,core_relevant,core,False,True,58,10,False,6.0,0.8924873904964162,broker,Xiaoyin Chen / Yonggang Wang,8,/Users/wgray13/projects/connectomics-survey/postanalysis/pdfs/files/doi_10.1101_2022.03.02.482743.pdf
work_e8008cd9a116e028,A set of hub neurons and non-local connectivity features support global brain dynamics in C. elegans.,2022,10.1016/j.cub.2022.06.039,Current Biology,core_relevant,core,False,True,56,46,False,11.0,0.93310326519777,broker,Oliver Hobert / Steven J. Cook,3,/Users/wgray13/projects/connectomics-survey/postanalysis/pdfs/files/doi_10.1016_j.cub.2022.06.039.pdf
work_fc7814746d37de43,A multiscale brain map derived from whole-brain volumetric reconstructions,2021,10.1038/s41586-021-03284-x,Nature,core_relevant,core,False,True,93,50,False,11.0,0.976639235465888,broker,Oliver Hobert / Steven J. Cook,5,/Users/wgray13/projects/connectomics-survey/postanalysis/pdfs/files/doi_10.1038_s41586-021-03284-x.pdf
work_15832f977411772d,Structure and function of axo-axonic inhibition,2021,10.7554/elife.73783,eLife,core_relevant,core,False,True,59,30,False,11.0,0.9296522431643216,broker,H. Sebastian Seung / G. Jefferis,40,/Users/wgray13/projects/connectomics-survey/postanalysis/pdfs/files/doi_10.7554_elife.73783.pdf
work_af967f4e3e759889,Origins of direction selectivity in the primate retina,2021,10.1038/s41467-022-30405-5,Nature Communications,core_relevant,core,False,True,58,4,False,4.0,0.7971860897265729,broker,M. Helmstaedter / Winfried Denk,15,/Users/wgray13/projects/connectomics-survey/postanalysis/pdfs/files/doi_10.1038_s41467-022-30405-5.pdf
work_b0ddf4ae8c7faf63,Neurotransmitter classification from electron microscopy images at synaptic sites in Drosophila melanogaster,2020,10.1016/j.cell.2024.03.016,bioRxiv,core_relevant,core,False,True,185,129,False,11.0,0.9859304486328644,hub,H. Sebastian Seung / G. Jefferis,23,/Users/wgray13/projects/connectomics-survey/postanalysis/pdfs/files/doi_10.1016_j.cell.2024.03.016.pdf
work_0c32ed27e86551f0,A Connectome of the Adult Drosophila Central Brain,2020,10.1101/2020.01.21.911859,bioRxiv,core_relevant,core,False,True,178,28,False,11.0,0.9556676400318556,broker,J. Lichtman / Hanspeter Pfister,105,/Users/wgray13/projects/connectomics-survey/postanalysis/pdfs/files/doi_10.1101_2020.01.21.911859.pdf
work_9e3d9326ebd1b0f4,Complete Connectomic Reconstruction of Olfactory Projection Neurons in the Fly Brain,2020,10.1101/2020.01.19.911453,bioRxiv,core_relevant,core,False,True,168,24,False,11.0,0.9638970002654632,broker,H. Sebastian Seung / G. Jefferis,18,/Users/wgray13/projects/connectomics-survey/postanalysis/pdfs/files/doi_10.1101_2020.01.19.911453.pdf
work_d21c268780bf38d6,"Information flow, cell types and stereotypy in a full olfactory connectome",2020,10.7554/elife.66018,bioRxiv,core_relevant,core,False,True,139,70,False,11.0,0.979824794265994,broker,H. Sebastian Seung / G. Jefferis,16,/Users/wgray13/projects/connectomics-survey/postanalysis/pdfs/files/doi_10.7554_elife.66018.pdf
work_c264471fa138e632,Recurrent architecture for adaptive regulation of learning in the insect brain,2020,10.1038/s41593-020-0607-9,Nature Neuroscience,core_relevant,core,False,True,134,18,False,11.0,0.9317759490310592,broker,Albert Cardona / J. Vogelstein,16,/Users/wgray13/projects/connectomics-survey/postanalysis/pdfs/files/doi_10.1038_s41593-020-0607-9.pdf
work_a1904fa7e0f72eb3,Whitening of odor representations by the wiring diagram of the olfactory bulb,2020,10.1038/s41593-019-0576-z,Nature Neuroscience,core_relevant,core,False,True,92,33,False,11.0,0.9689408016989648,broker,M. Helmstaedter / Winfried Denk,2,/Users/wgray13/projects/connectomics-survey/postanalysis/pdfs/files/doi_10.1038_s41593-019-0576-z.pdf
work_86c1f0dec2fe2b88,"Connectomics Analysis Reveals First-, Second-, and Third-Order Thermosensory and Hygrosensory Neurons in the Adult Drosophila Brain",2020,10.1101/2020.01.20.912709,bioRxiv,core_relevant,core,False,True,89,27,False,11.0,0.9734536766657818,broker,H. Sebastian Seung / G. Jefferis,16,/Users/wgray13/projects/connectomics-survey/postanalysis/pdfs/files/doi_10.1101_2020.01.20.912709.pdf
work_4f923dc785f0b321,Structure and function of a neocortical synapse,2019,10.1038/s41586-020-03134-2,Nature,core_relevant,core,False,True,188,37,False,11.0,0.9777010883992568,broker,J. Lichtman / Hanspeter Pfister,5,/Users/wgray13/projects/connectomics-survey/postanalysis/pdfs/files/doi_10.1038_s41586-020-03134-2.pdf
work_b9427d82f30c52ed,The neuroanatomical ultrastructure and function of a biological ring attractor,2019,10.1101/847152,bioRxiv,core_relevant,core,False,True,132,13,False,9.0,0.9254048314308468,only_in,J. Lichtman / Hanspeter Pfister,9,/Users/wgray13/projects/connectomics-survey/postanalysis/pdfs/files/doi_10.1101_847152.pdf
work_63ec5ea7fbf83d9e,Comparisons between the ON- and OFF-edge motion pathways in the Drosophila brain,2019,10.7554/elife.40025,eLife,core_relevant,core,False,True,125,13,False,10.0,0.8882399787629414,broker,J. Lichtman / Hanspeter Pfister,22,/Users/wgray13/projects/connectomics-survey/postanalysis/pdfs/files/doi_10.7554_elife.40025.pdf
work_394d3760042a2c10,A multilayer circuit architecture for the generation of distinct locomotor behaviors in Drosophila,2019,10.7554/elife.51781,eLife,core_relevant,core,False,True,93,11,False,8.0,0.9190337138306344,broker,Albert Cardona / J. Vogelstein,5,/Users/wgray13/projects/connectomics-survey/postanalysis/pdfs/files/doi_10.7554_elife.51781.pdf
work_facd830890c864ef,TeraVR empowers precise reconstruction of complete 3-D neuronal morphology in the whole brain,2019,10.1038/s41467-019-11443-y,Nature Communications,core_relevant,core,False,True,89,0,False,,,no_graph,Xiaoyin Chen / Yonggang Wang,16,/Users/wgray13/projects/connectomics-survey/postanalysis/pdfs/files/doi_10.1038_s41467-019-11443-y.pdf
work_601a56be8326088e,Long-range axon branching: contributions to brain network plasticity and repair,2026,10.1038/s41583-025-01008-y,Nature Reviews Neuroscience,adjacent_relevant,surround,False,False,6,12,True,10.0,0.2067958587735598,only_out,J. Lichtman / Hanspeter Pfister,4,/Users/wgray13/projects/connectomics-survey/postanalysis/pdfs/files/doi_10.1038_s41583-025-01008-y.pdf
work_d8e0189ccce2bc1e,Nervous system-wide single-cell morphology atlas of excitatory and inhibitory neurons in larval zebrafish,2026,10.1101/2025.06.06.658008,bioRxiv,adjacent_relevant,surround,False,False,5,12,True,,,no_graph,Xiaoyin Chen / Yonggang Wang,37,/Users/wgray13/projects/connectomics-survey/postanalysis/pdfs/files/doi_10.1101_2025.06.06.658008.pdf
work_2528fed4e090c0a8,"Brain-wide mapping of oligodendrocyte organization, oligodendrogenesis, and myelin injury",2026,10.1016/j.cell.2026.01.025,Cell,role_bridge,surround,False,False,4,4,True,,,no_graph,Xiaoyin Chen / Yonggang Wang,11,/Users/wgray13/projects/connectomics-survey/postanalysis/pdfs/files/doi_10.1016_j.cell.2026.01.025.pdf
work_17509aa737f1ddf4,From synapse to system: mechanistic pathways of neural signaling dysfunction in psychiatric disorders,2026,10.3389/fcell.2026.1762930,Frontiers in Cell and Developmental Biology,adjacent_relevant,surround,False,False,3,7,True,2.0,0.1876825059729227,only_out,Nimish Kumar / Rohan Gupta,5,/Users/wgray13/projects/connectomics-survey/postanalysis/pdfs/files/doi_10.3389_fcell.2026.1762930.pdf
work_100b21e95a944e1e,iBrAVE: a unified framework for 3D interactive and integrative analysis of brain atlas data across modalities and scales,2026,10.1101/2025.10.04.680445,bioRxiv,role_bridge,surround,False,False,2,8,True,7.0,0.5179187682505972,only_out,Xiaoyin Chen / Yonggang Wang,17,/Users/wgray13/projects/connectomics-survey/postanalysis/pdfs/files/doi_10.1101_2025.10.04.680445.pdf
work_1e1cdc1d337adcda,Synchronous climbing fiber activity enables instructive signaling for cerebellar learning through modulation of disinhibitory circuits,2026,10.1038/s41593-026-02268-2,Nature Neuroscience,core_relevant,surround,False,False,2,2,True,2.0,0.2920095566764003,only_out,Xiaoyin Chen / Yonggang Wang,17,/Users/wgray13/projects/connectomics-survey/postanalysis/pdfs/files/doi_10.1038_s41593-026-02268-2.pdf
work_33349c24be53087b,Optimized genetic tracers for viral mediated neuronal projection mapping,2026,10.1186/s11658-026-00894-z,Cellular & Molecular Biology Letters,adjacent_relevant,surround,False,False,2,1,True,,,no_graph,Albert Cardona / J. Vogelstein,12,/Users/wgray13/projects/connectomics-survey/postanalysis/pdfs/files/doi_10.1186_s11658-026-00894-z.pdf
work_3cdeb09bc05869a4,Uncovering the Basis of Human Connectome Complexity: The Role of Neuronal Morphology,2026,10.64898/2026.02.12.705493,bioRxiv,adjacent_relevant,surround,False,False,2,7,True,6.0,0.5765861428192195,only_out,Javier DeFelipe / Michael W. Reimann,12,/Users/wgray13/projects/connectomics-survey/postanalysis/pdfs/files/doi_10.64898_2026.02.12.705493.pdf
work_3f148a970f4d8675,Proprioceptive limit detectors contribute to sensorimotor control of the Drosophila leg,2026,10.1038/s41467-026-69333-z,Nature Communications,core_relevant,surround,False,False,2,13,True,10.0,0.7159543403238652,broker,H. Sebastian Seung / G. Jefferis,9,/Users/wgray13/projects/connectomics-survey/postanalysis/pdfs/files/doi_10.1038_s41467-026-69333-z.pdf
work_5f55fd6af01886b4,Uncovering Sex Differences in the Drosophila Ventral Nerve Cord Through Connectome Alignment,2026,10.64898/2026.06.14.732053,bioRxiv,core_relevant,surround,False,False,2,12,True,8.0,0.4374834085479161,only_out,H. Sebastian Seung / G. Jefferis,21,/Users/wgray13/projects/connectomics-survey/postanalysis/pdfs/files/doi_10.64898_2026.06.14.732053.pdf
work_62b57eb8352efa0c,Precise kinematic and muscle recording in freely behaving flies enabled by closed-loop tracking and annotation-free pose estimation,2026,10.64898/2026.03.11.711180,bioRxiv,adjacent_relevant,surround,False,False,2,8,True,,,no_graph,P. G. Özdil / Pavan Ramdya,4,/Users/wgray13/projects/connectomics-survey/postanalysis/pdfs/files/doi_10.64898_2026.03.11.711180.pdf
work_6fb7df42094ab826,From the fly connectome to exact ring attractor dynamics,2026,10.1101/2024.11.01.621596,bioRxiv,core_relevant,surround,False,False,2,10,True,6.0,0.7674542075922485,broker,M. Helmstaedter / Winfried Denk,4,/Users/wgray13/projects/connectomics-survey/postanalysis/pdfs/files/doi_10.1101_2024.11.01.621596.pdf
work_86e1de14f17fce4c,Organization of circuits linking descending input to motor output in the Drosophila Male Adult Nerve Cord connectome,2026,10.7554/elife.96084,eLife,core_relevant,surround,False,False,2,12,True,11.0,0.3647464826121582,only_out,H. Sebastian Seung / G. Jefferis,16,/Users/wgray13/projects/connectomics-survey/postanalysis/pdfs/files/doi_10.7554_elife.96084.pdf
work_e8d35ac175deabda,Flexible circuits for visually guided flight control in Drosophila.,2026,10.1016/j.tins.2025.12.005,Trends in Neurosciences,adjacent_relevant,surround,False,False,2,7,True,7.0,0.1744093443058136,only_out,Bettina Schnell,1,postanalysis/pdfs/files/doi_10.1016_j.tins.2025.12.005.pdf
work_05e7be51adf6e08a,Multisensory learning recruits visual neurons into an olfactory memory engram,2026,,,adjacent_relevant,surround,False,False,1,4,True,4.0,0.7069285903902309,broker,Albert Cardona / J. Vogelstein,10,/Users/wgray13/projects/connectomics-survey/postanalysis/pdfs/files/arxiv_2604.28007.pdf
work_075bd479e1fdf07b,Evidence for a Functional Proximity Law in Multilayer Networks,2026,10.48550/arxiv.2604.23639,arXiv.org,role_bridge,surround,False,False,1,2,True,,,no_graph,V. Ivanov,1,/Users/wgray13/projects/connectomics-survey/postanalysis/pdfs/files/doi_10.48550_arxiv.2604.23639.pdf
work_0f667472c3c0d4cd,Bridging Histology and Tractography: First In Vivo Visualization of Short‐Range Prefrontal Connections Informed by Primate Tract‐Tracing,2026,10.1002/hbm.70520,Human Brain Mapping,adjacent_relevant,surround,False,False,1,5,True,,,no_graph,Matthew Amandola / Kurt Schilling,5,/Users/wgray13/projects/connectomics-survey/postanalysis/pdfs/files/doi_10.1002_hbm.70520.pdf
work_182b571db8a7ae88,From local motifs to global dynamical stability in the mouse brain connectome,2026,10.64898/2026.02.27.708665,bioRxiv,adjacent_relevant,surround,False,False,1,5,True,5.0,0.7438279798247943,broker,Xiaoyin Chen / Yonggang Wang,3,/Users/wgray13/projects/connectomics-survey/postanalysis/pdfs/files/doi_10.64898_2026.02.27.708665.pdf
work_37c69c4f5cf51e0f,Probing molecular diversity and ultrastructure of brain cells with fluorescent aptamers,2026,10.1038/s41467-026-72180-7,Nature Communications,adjacent_relevant,surround,False,False,1,3,True,3.0,0.600477833820016,only_out,J. Lichtman / Hanspeter Pfister,14,/Users/wgray13/projects/connectomics-survey/postanalysis/pdfs/files/doi_10.1038_s41467-026-72180-7.pdf
work_3fd452a2623069a1,Dopamine Depletion Drives Whole-Brain Oscillatory Disruptions via Cortico–Subcortical Resonance: A Multiscale Model of Parkinson’s Disease in Mice,2026,10.64898/2026.05.15.725133,bioRxiv,role_bridge,surround,False,False,1,3,True,,,no_graph,Alice Geminiani / A. Antonietti,9,/Users/wgray13/projects/connectomics-survey/postanalysis/pdfs/files/doi_10.64898_2026.05.15.725133.pdf
work_43de2b21d37088ef,A Computational Perspective on the No-Strong-Loops Principle in Brain Networks,2026,10.1101/2025.09.24.678310,bioRxiv,core_relevant,surround,False,False,1,4,True,4.0,0.2402442261746748,only_out,Olaf Sporns / B. Mišić,4,/Users/wgray13/projects/connectomics-survey/postanalysis/pdfs/files/doi_10.1101_2025.09.24.678310.pdf
work_4799561fb5fe8c10,Ultrastructural preservation of a whole large mammal brain with a protocol compatible with human physician-assisted death,2026,10.64898/2026.03.04.709724,bioRxiv,adjacent_relevant,surround,False,False,1,1,True,1.0,0.7796655163259889,only_in,Xiaoyin Chen / Yonggang Wang,3,/Users/wgray13/projects/connectomics-survey/postanalysis/pdfs/files/doi_10.64898_2026.03.04.709724.pdf
work_5ad30986684078d8,A High-Performance Computing Portal Applied to 3D Electron Microscopy,2026,10.1007/s42979-026-05124-z,SN Computer Science,role_bridge,surround,False,False,1,5,True,,,no_graph,Albert Cardona / J. Vogelstein,24,/Users/wgray13/projects/connectomics-survey/postanalysis/pdfs/files/doi_10.1007_s42979-026-05124-z.pdf
work_6c78664b0abdcff2,A multi-resolution imaging and analysis pipeline for comparative circuit reconstruction in insects,2026,10.64898/2026.02.25.708065,bioRxiv,core_relevant,surround,False,False,1,18,True,11.0,0.779930979559331,broker,H. Sebastian Seung / G. Jefferis,7,/Users/wgray13/projects/connectomics-survey/postanalysis/pdfs/files/doi_10.64898_2026.02.25.708065.pdf
work_8dd2b03520aa147e,CURVATURE-BASED MACHINE LEARNING METHOD FOR AUTOMATED SEGMENTATION OF DENDRITIC SPINES,2026,10.1016/j.bpj.2026.06.005,Biophysical Journal,core_relevant,surround,False,False,1,3,True,0.0,0.0764534112025484,isolate,Albert Cardona / J. Vogelstein,4,/Users/wgray13/projects/connectomics-survey/postanalysis/pdfs/files/doi_10.1016_j.bpj.2026.06.005.pdf
work_8fd6124f2a3e58a1,A First Step for Expansion X-Ray Microscopy: Achieving Contrast in Expanded Tissues Sufficient to Reveal Cell Bodies,2026,,,adjacent_relevant,surround,False,False,1,8,True,7.0,0.6697637377223254,only_out,Albert Cardona / J. Vogelstein,1,/Users/wgray13/projects/connectomics-survey/postanalysis/pdfs/files/arxiv_2601.1337.pdf
work_9c703df2a489f7a3,Centralized brain networks controlling antennal grooming coordination,2026,10.1038/s41467-026-72152-x,Nature Communications,core_relevant,surround,False,False,1,8,True,7.0,0.160339792938678,only_out,P. G. Özdil / Pavan Ramdya,6,/Users/wgray13/projects/connectomics-survey/postanalysis/pdfs/files/doi_10.1038_s41467-026-72152-x.pdf
work_aba24ab36d2c1f77,Hierarchical Community Structure of the Adult Drosophila Connectome Reveals Conserved Circuit Archetypes,2026,10.64898/2025.12.10.689094,bioRxiv,core_relevant,surround,False,False,1,17,True,11.0,0.3089992036103,only_out,Olaf Sporns / B. Mišić,12,/Users/wgray13/projects/connectomics-survey/postanalysis/pdfs/files/doi_10.64898_2025.12.10.689094.pdf
work_adb2c7010353e31e,"Harnessing cortical geometry, wiring, and function as inductive biases for recurrent neural networks",2026,10.48550/arxiv.2606.14975,arXiv.org,core_relevant,surround,False,False,1,10,True,7.0,0.2160870719405362,only_out,M. Shakiba / Nima Dehghani,4,/Users/wgray13/projects/connectomics-survey/postanalysis/pdfs/files/doi_10.48550_arxiv.2606.14975.pdf
work_b0fa465ba40b7ebd,A quantitative census of millions of postsynaptic structures in a large electron microscopy volume of mouse visual cortex,2026,10.64898/2026.02.19.706834,bioRxiv,core_relevant,surround,False,False,1,10,True,8.0,0.0573400584019113,only_out,H. Sebastian Seung / G. Jefferis,8,/Users/wgray13/projects/connectomics-survey/postanalysis/pdfs/files/doi_10.64898_2026.02.19.706834.pdf
work_b5e5512fcf9be3fc,VFB-MCP: Natural-Language Access to Drosophila Neuroscience Grounded by an Expert-Curated Ontology-Led Knowledgebase,2026,10.64898/2026.06.16.732577,bioRxiv,role_bridge,surround,False,False,1,2,True,2.0,0.1231749402707725,only_out,Bradly Alicea / Matteo Cantarelli,8,/Users/wgray13/projects/connectomics-survey/postanalysis/pdfs/files/doi_10.64898_2026.06.16.732577.pdf
work_c3138ffe0202a49e,Neuron Segment Connectivity Prediction With Multimodal Features for Connectomics,2026,10.1109/tmi.2026.3658169,IEEE Transactions on Medical Imaging,core_relevant,surround,False,False,1,8,True,7.0,0.376161401645872,only_out,Xiaoyin Chen / Yonggang Wang,5,postanalysis/pdfs/files/doi_10.1109_tmi.2026.3658169.pdf
work_c8b8ecbe6b58f77c,Excitatory GABA receptors shape locomotor circuit organization in C. elegans,2026,10.1038/s41598-026-39358-x,Scientific Reports,core_relevant,surround,False,False,1,2,True,2.0,0.4661534377488718,only_out,J. Lichtman / Hanspeter Pfister,3,/Users/wgray13/projects/connectomics-survey/postanalysis/pdfs/files/doi_10.1038_s41598-026-39358-x.pdf
work_c9bf6cbc3f5f5e1f,vEMINR: Ultra‐Fast Isotropic Reconstruction for Volume Electron Microscopy With Implicit Neural Representation,2026,10.1002/advs.202511922,Advancement of science,adjacent_relevant,surround,False,False,1,11,True,,,no_graph,Xiaoyin Chen / Yonggang Wang,8,/Users/wgray13/projects/connectomics-survey/postanalysis/pdfs/files/doi_10.1002_advs.202511922.pdf
work_ca9d3a99ca824241,From small brains to smart machines: translating Caenorhabditis elegans neural circuits into artificial intelligence,2026,10.3389/fncir.2026.1731513,Frontiers in Neural Circuits,adjacent_relevant,surround,False,False,1,3,True,3.0,0.2312184762410406,only_out,Xiaoyin Chen / Yonggang Wang,3,/Users/wgray13/projects/connectomics-survey/postanalysis/pdfs/files/doi_10.3389_fncir.2026.1731513.pdf
work_dbbbdb49a3ef71f8,Sexual dimorphism in the nervous system: Three principles from the nematode C. elegans,2026,10.1016/j.conb.2026.103175,Current Opinion in Neurobiology,adjacent_relevant,surround,False,False,1,3,True,3.0,0.3822670560127422,only_out,Oliver Hobert / Steven J. Cook,4,/Users/wgray13/projects/connectomics-survey/postanalysis/pdfs/files/doi_10.1016_j.conb.2026.103175.pdf
work_f19f3a96e8b3ed79,Imprecision in Vision: Lessons From Neural Circuits in the Fly,2026,10.1002/bies.70122,Bioessays,adjacent_relevant,surround,False,False,1,3,True,3.0,0.0071675073002389,only_out,H. Sebastian Seung / G. Jefferis,2,/Users/wgray13/projects/connectomics-survey/postanalysis/pdfs/files/doi_10.1002_bies.70122.pdf
work_f42de55cd8a25f9f,Connectome-seq: high-throughput mapping of neuronal connectivity at single-synapse resolution via barcode sequencing.,2026,10.1038/s41592-026-03026-9,Nature Methods,core_relevant,surround,False,False,1,6,True,6.0,0.166179984072206,only_out,Xiaoyin Chen / Yonggang Wang,6,/Users/wgray13/projects/connectomics-survey/postanalysis/pdfs/files/doi_10.1038_s41592-026-03026-9.pdf
work_00c9ebcec8853471,Physical contact reveals a hidden layer of cortical architecture,2026,10.64898/2026.05.08.723866,bioRxiv,core_relevant,surround,False,False,0,0,True,0.0,0.4794265994159808,isolate,Albert Cardona / J. Vogelstein,15,/Users/wgray13/projects/connectomics-survey/postanalysis/pdfs/files/doi_10.64898_2026.05.08.723866.pdf
work_0128137052dec3e0,Functional Synaptic Interactions and Inhibitory Circuitry of the PreBötzinger Complex in the Rhythmic Slice,2026,10.64898/2026.05.23.727419,bioRxiv,adjacent_relevant,surround,False,False,0,1,True,1.0,0.2243164321741438,only_out,Xiaoyin Chen / Yonggang Wang,3,/Users/wgray13/projects/connectomics-survey/postanalysis/pdfs/files/doi_10.64898_2026.05.23.727419.pdf
work_020893805fee7188,The Connectome and the Quest for the Functional Logic of the Drosophila Early Olfactory System,2026,,,adjacent_relevant,surround,False,False,0,13,True,9.0,0.144411998938147,only_out,Xiaoyin Chen / Yonggang Wang,2,/Users/wgray13/projects/connectomics-survey/postanalysis/pdfs/files/arxiv_2608.1929.pdf
work_07cf5b18e1597373,Spine-neck electrical bottlenecks tune temporal precision and inhibitory gating in cortical pyramidal neurons: A connectomics-based biophysical study,2026,10.64898/2026.02.16.706119,bioRxiv,adjacent_relevant,surround,False,False,0,1,True,1.0,0.5057074595168569,only_out,Javier DeFelipe / Michael W. Reimann,3,/Users/wgray13/projects/connectomics-survey/postanalysis/pdfs/files/doi_10.64898_2026.02.16.706119.pdf
work_0a7bfb8c21dd8879,Impact of Aii Amacrine Cell Rewiring in a Pathoconnectome-Based Computational Model of Early Retinal Degeneration,2026,10.1101/2024.02.14.580149,bioRxiv,adjacent_relevant,surround,False,False,0,3,True,3.0,0.3514733209450491,only_out,James R. Anderson / Bryan William Jones,10,/Users/wgray13/projects/connectomics-survey/postanalysis/pdfs/files/doi_10.1101_2024.02.14.580149.pdf
work_0aeb7bcccf17d282,Perfusion quality does not necessarily predict ultrastructural preservation after hyperosmotic brain perfusion,2026,10.64898/2026.07.27.741074,bioRxiv,adjacent_relevant,surround,False,False,0,4,True,3.0,0.6312715688877091,only_out,Andrew T. McKenzie / John F. Crary,10,/Users/wgray13/projects/connectomics-survey/postanalysis/pdfs/files/doi_10.64898_2026.07.27.741074.pdf
work_0f2e576ce4d24d6a,Mapping Connectomic Structure to Function(s) in Cerebellar-like Networks using Kernel Regression,2026,,,adjacent_relevant,surround,False,False,0,0,True,,,no_graph,William Dorrell / Peter E. Latham,2,/Users/wgray13/projects/connectomics-survey/postanalysis/pdfs/files/arxiv_2601.0932.pdf
work_0f3c0c692dba28f7,In silico neuronal morphology classification: A systematic review.,2026,10.1016/j.neuroscience.2026.02.044,Neuroscience,adjacent_relevant,surround,False,False,0,5,True,5.0,0.6580833554552694,only_out,Fábio Lobato / Roberto Santana,4,postanalysis/pdfs/files/doi_10.1016_j.neuroscience.2026.02.044.pdf
work_118a0b13d2e80966,ConnectomeBench2: A Unified Benchmark for Automated Connectomic Proofreading,2026,10.48550/arxiv.2606.21116,arXiv.org,core_relevant,surround,False,False,0,23,True,11.0,0.3806742766126891,only_out,Albert Cardona / J. Vogelstein,4,/Users/wgray13/projects/connectomics-survey/postanalysis/pdfs/files/doi_10.48550_arxiv.2606.21116.pdf
work_17515b46569c966d,Volumetric denoising enables high-throughput volume electron microscopy and efficient downstream analysis.,2026,10.1016/j.crmeth.2026.101543,Cell Reports Methods,core_relevant,surround,False,False,0,11,True,,,no_graph,Xiaoyin Chen / Yonggang Wang,9,postanalysis/pdfs/files/doi_10.1016_j.crmeth.2026.101543.pdf
work_1870559fa982c641,Connectomic analysis reveals the axial circuit for self-righting posture control in Drosophila,2026,10.64898/2026.07.25.740718,bioRxiv,core_relevant,surround,False,False,0,3,True,3.0,0.6315370321210513,only_out,Albert Cardona / J. Vogelstein,5,/Users/wgray13/projects/connectomics-survey/postanalysis/pdfs/files/doi_10.64898_2026.07.25.740718.pdf
work_195db71f4514fb42,Topological Origin of the Diversity of Timescales in Recurrent Neural Circuits,2026,,,core_relevant,surround,False,False,0,5,True,3.0,0.1898062118396602,only_out,M. Helmstaedter / Winfried Denk,5,/Users/wgray13/projects/connectomics-survey/postanalysis/pdfs/files/arxiv_2603.04149.pdf
work_24591202ea00f970,From Connectome to Cognition: Building the First Digital Organism,2026,10.59973/ipil.361,IPI Letters,adjacent_relevant,surround,False,False,0,2,True,,,no_graph,M. Vopson,1,/Users/wgray13/projects/connectomics-survey/postanalysis/pdfs/files/doi_10.59973_ipil.361.pdf
work_25b09c5094797891,Structure of the Beat–Side complex reveals their interaction is required for neuromuscular system wiring,2026,10.1016/j.celrep.2026.117661,Cell Reports,adjacent_relevant,surround,False,False,0,1,True,1.0,0.3950092912131669,only_out,Olaf Sporns / B. Mišić,9,/Users/wgray13/projects/connectomics-survey/postanalysis/pdfs/files/doi_10.1016_j.celrep.2026.117661.pdf
work_25d6f758bfb64d9f,Synchronization properties in C. elegans: Relating behavioral circuits to structural and functional neuronal connectivity,2026,10.64898/2026.03.23.713580,bioRxiv,adjacent_relevant,surround,False,False,0,20,True,0.0,0.1640562782054685,isolate,Oliver Hobert / Steven J. Cook,4,/Users/wgray13/projects/connectomics-survey/postanalysis/pdfs/files/doi_10.64898_2026.03.23.713580.pdf
work_2aa86c956dc4b3e6,A comprehensive mechanosensory connectome reveals a somatotopically organized neural circuit architecture controlling stimulus-aimed grooming of the Drosophila head,2026,10.7554/elife.108044,eLife,core_relevant,surround,False,False,0,11,True,8.0,0.6097690469869923,only_out,H. Sebastian Seung / G. Jefferis,5,/Users/wgray13/projects/connectomics-survey/postanalysis/pdfs/files/doi_10.7554_elife.108044.pdf
work_2c8025ad84de41d1,FLYNN: Robust Neural Network for Robot Navigation using Fly Brain Topology,2026,,,adjacent_relevant,surround,False,False,0,5,True,4.0,0.4850013273161667,only_out,Xiaoyin Chen / Yonggang Wang,2,/Users/wgray13/projects/connectomics-survey/postanalysis/pdfs/files/arxiv_2607.00025.pdf
work_2f0f73920e21ef45,Mitotic lineage adds predictive information beyond cell type in the C. elegans connectome,2026,10.1101/2022.11.01.514680,bioRxiv,core_relevant,surround,False,False,0,4,True,4.0,0.5821608707194054,only_out,Albert Cardona / J. Vogelstein,3,/Users/wgray13/projects/connectomics-survey/postanalysis/pdfs/files/doi_10.1101_2022.11.01.514680.pdf
work_30ab633401383953,Semi-Automatic Correction of 3D Tubular Structure Skeletons via Component-Wise MST and Filtered Delaunay Triangulation,2026,10.1145/3805622.3810782,International Conference on Multimedia Retrieval,role_bridge,surround,False,False,0,1,True,,,no_graph,H. Sebastian Seung / G. Jefferis,2,/Users/wgray13/projects/connectomics-survey/postanalysis/pdfs/files/doi_10.1145_3805622.3810782.pdf
work_32511d828fc70ade,Connectome-scale self-supervised representation learning reveals neuronal organization beyond canonical labels,2026,10.64898/2026.06.30.735468,bioRxiv,core_relevant,surround,False,False,0,10,True,8.0,0.5033182904167772,only_out,Xiaoyin Chen / Yonggang Wang,4,/Users/wgray13/projects/connectomics-survey/postanalysis/pdfs/files/doi_10.64898_2026.06.30.735468.pdf
work_397f26a63b62d9c9,Eyewire II – A connectomic resource for resolving cell types and circuits of the mouse retina,2026,10.64898/2026.05.28.727403,bioRxiv,core_relevant,surround,False,False,0,15,True,6.0,0.3291744093443058,only_out,M. Helmstaedter / Winfried Denk,27,/Users/wgray13/projects/connectomics-survey/postanalysis/pdfs/files/doi_10.64898_2026.05.28.727403.pdf
work_3bbd2ba2336e3d65,The larval Drosophila mushroom body balances lateralized sensing and interhemispheric integration,2026,10.1101/2025.03.02.641007,bioRxiv,core_relevant,surround,False,False,0,2,True,2.0,0.5460578709848686,only_out,J. Lichtman / Hanspeter Pfister,3,/Users/wgray13/projects/connectomics-survey/postanalysis/pdfs/files/doi_10.1101_2025.03.02.641007.pdf
work_3f9932d1eb0e6de5,Thermodynamic connectivity reveals functional specialization and multiplex organization of extrasynaptic signaling,2026,,,core_relevant,surround,False,False,0,12,True,10.0,0.1274223520042474,only_out,Habib Benali / El-kaioum M. Moutuou,3,/Users/wgray13/projects/connectomics-survey/postanalysis/pdfs/files/arxiv_2604.02057.pdf
work_4236ab9af81677cb,Weight distributions in the fruit-fly and the mouse connectomes,2026,10.1101/2025.11.10.687553,bioRxiv,core_relevant,surround,False,False,0,7,True,5.0,0.2928059463764269,only_out,J. Lichtman / Hanspeter Pfister,3,/Users/wgray13/projects/connectomics-survey/postanalysis/pdfs/files/doi_10.1101_2025.11.10.687553.pdf
work_42ac0b1d50535d45,Signed motif analysis of the Caenorhabditis elegans neuronal network reveals positive feedforward and negative feedback loops,2026,10.1186/s12915-026-02641-4,bioRxiv,core_relevant,surround,False,False,0,21,True,10.0,0.373241306079108,only_out,Gábor S. Szilágyi / Zsolt Vassy,5,/Users/wgray13/projects/connectomics-survey/postanalysis/pdfs/files/doi_10.1186_s12915-026-02641-4.pdf
work_49cdb39886a56ede,Developmental patterns of the C. elegans neural circuits using community detection.,2026,10.1016/j.neuroscience.2026.06.007,Neuroscience,core_relevant,surround,False,False,0,6,True,6.0,0.1114945580037164,only_out,J. Lichtman / Hanspeter Pfister,5,postanalysis/pdfs/files/doi_10.1016_j.neuroscience.2026.06.007.pdf
work_4b8e24bb37ad66d1,UNSOLVED RETINAL QUESTIONS.,2026,10.1016/j.preteyeres.2026.101450,Progress in retinal and eye research,adjacent_relevant,surround,False,False,0,1,True,1.0,0.1226440138040881,only_out,Frank Werblin / John E. Dowling,3,postanalysis/pdfs/files/doi_10.1016_j.preteyeres.2026.101450.pdf
work_4c544b6c1513bcca,Connectome analysis reveals brainwide visual processing in Drosophila,2026,10.64898/2026.02.02.700492,bioRxiv,core_relevant,surround,False,False,0,18,True,8.0,0.349880541544996,only_out,Xiaoyin Chen / Yonggang Wang,2,/Users/wgray13/projects/connectomics-survey/postanalysis/pdfs/files/doi_10.64898_2026.02.02.700492.pdf
work_4cd80a02170f62bd,Energy-efficient information processing and eligibility-trace plasticity in the Drosophila optic lobe connectome,2026,10.1038/s41598-026-52140-3,Scientific Reports,core_relevant,surround,False,False,0,2,True,,,no_graph,Nalin Dhiman / Siddharth Panwar,2,/Users/wgray13/projects/connectomics-survey/postanalysis/pdfs/files/doi_10.1038_s41598-026-52140-3.pdf
work_50997c68f9311844,Hippocampal CA3 connectomics reveals a gradient of mossy fiber inputs and selective feedforward inhibition onto pyramidal cells.,2026,10.1038/s41593-026-02388-9,Nature Neuroscience,core_relevant,surround,False,False,0,10,True,7.0,0.3286434828776214,only_out,H. Sebastian Seung / G. Jefferis,15,/Users/wgray13/projects/connectomics-survey/postanalysis/pdfs/files/doi_10.1038_s41593-026-02388-9.pdf
work_535320495abd46fc,"Deep conservation of head direction circuits in bees, ants and flies",2026,10.64898/2026.07.26.740564,bioRxiv,core_relevant,surround,False,False,0,4,True,4.0,0.3209450491106981,only_out,H. Sebastian Seung / G. Jefferis,14,/Users/wgray13/projects/connectomics-survey/postanalysis/pdfs/files/doi_10.64898_2026.07.26.740564.pdf
work_5424739399820eb4,Peripheral anatomy and central connectivity of proprioceptive sensory neurons in the Drosophila wing,2026,10.7554/elife.107867,eLife,core_relevant,surround,False,False,0,11,True,8.0,0.4340323865144677,only_out,H. Sebastian Seung / G. Jefferis,3,/Users/wgray13/projects/connectomics-survey/postanalysis/pdfs/files/doi_10.7554_elife.107867.pdf
work_5784c477e1d3dc50,A Connectome-Constrained Jansen–Rit Framework for Inferring Cortical Gain Control and Ensemble Stability,2026,10.64898/2026.01.28.702100,bioRxiv,adjacent_relevant,surround,False,False,0,2,True,2.0,0.2052030793735067,only_out,Xiaoyin Chen / Yonggang Wang,3,/Users/wgray13/projects/connectomics-survey/postanalysis/pdfs/files/doi_10.64898_2026.01.28.702100.pdf
work_58719b3caaf87f3c,A Systematic Study of Behavioral Cloning for Scientific Data Annotation,2026,10.48550/arxiv.2606.07568,arXiv.org,role_bridge,surround,False,False,0,6,True,,,no_graph,J. Lichtman / Hanspeter Pfister,2,/Users/wgray13/projects/connectomics-survey/postanalysis/pdfs/files/doi_10.48550_arxiv.2606.07568.pdf
work_5fab3e4a6f687f3d,Developmental Continuity of Brain Network Core Organization in C. elegans,2026,10.64898/2026.06.12.730308,bioRxiv,core_relevant,surround,False,False,0,12,True,9.0,0.6002123705866738,only_out,James R. Anderson / Bryan William Jones,2,/Users/wgray13/projects/connectomics-survey/postanalysis/pdfs/files/doi_10.64898_2026.06.12.730308.pdf
work_5ffdfd4866eae431,From Pixels to Minds: Mapping & Understanding the Brain with AI,2026,10.1162/daed.a.977,Daedalus,role_bridge,surround,False,False,0,0,True,0.0,0.2208654101406955,isolate,J. Lichtman / Hanspeter Pfister,2,postanalysis/pdfs/files/doi_10.1162_daed.a.977.pdf
work_600f533bc97ab74c,Convergence-divergence circuits for multimodal integration of innate and learned opponent valences,2026,10.3389/fnsys.2026.1822122,Frontiers in Systems Neuroscience,core_relevant,surround,False,False,0,15,True,11.0,0.19830103530661,only_out,Xiaoyin Chen / Yonggang Wang,8,/Users/wgray13/projects/connectomics-survey/postanalysis/pdfs/files/doi_10.3389_fnsys.2026.1822122.pdf
work_671e972c0bf9c3e6,Scalable Comparative Connectomics: Interpretable Machine Learning Reveals Evolutionary Signatures and Reconstruction Artifacts,2026,10.1109/icbcb69424.2026.11621173,International Conference on Bioinformatics & Computational Biology,core_relevant,surround,False,False,0,5,True,5.0,0.1738784178391292,only_out,Sebastien Kawada,1,postanalysis/pdfs/files/doi_10.1109_icbcb69424.2026.11621173.pdf
work_6779fed0fab266f1,Topological Sensitivity in Connectome-Constrained Neural Networks,2026,10.48550/arxiv.2604.04033,arXiv.org,adjacent_relevant,surround,False,False,0,3,True,,,no_graph,Nalin Dhiman / Siddharth Panwar,1,/Users/wgray13/projects/connectomics-survey/postanalysis/pdfs/files/doi_10.48550_arxiv.2604.04033.pdf
work_695aac6693bdee15,Inferring Active Neural Circuits Using Diffusion Scores,2026,,,adjacent_relevant,surround,False,False,0,5,True,5.0,0.4473055481815768,only_out,Oliver Hobert / Steven J. Cook,5,/Users/wgray13/projects/connectomics-survey/postanalysis/pdfs/files/arxiv_2605.02852.pdf
work_69a73378c605c293,Geometric developmental principles for the emergence of brain-like weighted and directed neuronal networks,2026,,,core_relevant,surround,False,False,0,11,True,8.0,0.0491106981683036,only_out,A. Morales-Gregorio / Karolína Korvasová,3,/Users/wgray13/projects/connectomics-survey/postanalysis/pdfs/files/arxiv_2601.05021.pdf
work_6b6ad2c0b18afc7e,SparseSeg: Target-Conditioned Discovery Segmentation of Cryo-Volume Electron Microscopy Under Sparse Annotation,2026,10.64898/2026.07.13.738355,bioRxiv,role_bridge,surround,False,False,0,0,True,,,no_graph,Xiaoyin Chen / Yonggang Wang,4,/Users/wgray13/projects/connectomics-survey/postanalysis/pdfs/files/doi_10.64898_2026.07.13.738355.pdf
work_6f9a7974a1b12683,The Drosophila connectome reveals axo-axonic synapses on descending neurons,2026,10.1016/j.isci.2026.115624,bioRxiv,core_relevant,surround,False,False,0,17,True,11.0,0.0799044332359968,only_out,Cesar Ceballos / R. Pena,9,/Users/wgray13/projects/connectomics-survey/postanalysis/pdfs/files/doi_10.1016_j.isci.2026.115624.pdf
work_77733aed5786f1e1,Isotropic Reconstruction of Anisotropic vEM Volumes with ViT-Guided Diffusion,2026,10.3390/electronics15061181,Electronics,core_relevant,surround,False,False,0,7,True,7.0,0.0674276612689142,only_out,Xiaoyin Chen / Yonggang Wang,7,/Users/wgray13/projects/connectomics-survey/postanalysis/pdfs/files/doi_10.3390_electronics15061181.pdf
work_78bb0e063acbccb4,A Complex Network-Based Approach for Detecting and Characterizing Power Neurons in Drosophila,2026,10.1007/s12021-026-09773-6,Neuroinformatics,core_relevant,surround,False,False,0,10,True,,,no_graph,Enrico Corradini / Federica Parlapiano,4,/Users/wgray13/projects/connectomics-survey/postanalysis/pdfs/files/doi_10.1007_s12021-026-09773-6.pdf
work_7bf4cfb87937a38b,Learning the wiring rules of a mammalian cortical column,2026,10.64898/2026.07.09.737432,bioRxiv,adjacent_relevant,surround,False,False,0,20,True,11.0,0.4151844969471728,only_out,Oliver Hobert / Steven J. Cook,2,/Users/wgray13/projects/connectomics-survey/postanalysis/pdfs/files/doi_10.64898_2026.07.09.737432.pdf
work_7fc3e9d7cd85be30,Bridging the microstructural gap in human connectomics using hierarchical phase-contrast tomography as a reference for diffusion MRI in the human brain,2026,10.64898/2026.04.02.715729,bioRxiv,adjacent_relevant,surround,False,False,0,6,True,,,no_graph,Olaf Sporns / B. Mišić,13,/Users/wgray13/projects/connectomics-survey/postanalysis/pdfs/files/doi_10.64898_2026.04.02.715729.pdf
work_804f9d846f9416e6,State-Dependent Organization of Microscale Functional Circuitry in Visual Cortex,2026,10.64898/2026.03.31.715474,bioRxiv,core_relevant,surround,False,False,0,9,True,4.0,0.556941863551898,only_out,Xiaoyin Chen / Yonggang Wang,6,/Users/wgray13/projects/connectomics-survey/postanalysis/pdfs/files/doi_10.64898_2026.03.31.715474.pdf
work_80a6a14187c03885,Applying functional MRI analysis techniques to whole-brain calcium-imaging data to investigate structural and functional relationships in Drosophila melanogaster,2026,10.1101/2025.07.01.662601,bioRxiv,core_relevant,surround,False,False,0,7,True,0.0,0.3015662330767188,isolate,Hideyuki Okano / Alexander Woodward,4,/Users/wgray13/projects/connectomics-survey/postanalysis/pdfs/files/doi_10.1101_2025.07.01.662601.pdf
work_830cdb2e94e90639,NeuroMArVL: An interactive and collaborative web-based tool for visualizing brain networks,2026,10.1162/netn.a.569,Network Neuroscience,role_bridge,surround,False,False,0,14,True,,,no_graph,Olaf Sporns / B. Mišić,6,/Users/wgray13/projects/connectomics-survey/postanalysis/pdfs/files/doi_10.1162_netn.a.569.pdf
work_83589c03b0e33617,Comparative connectomics of parasite esophagus suggests evolutionary simplification of a nervous system,2026,10.64898/2026.07.28.741281,bioRxiv,core_relevant,surround,False,False,0,8,True,7.0,0.5630475179187683,only_out,M. Helmstaedter / Winfried Denk,5,/Users/wgray13/projects/connectomics-survey/postanalysis/pdfs/files/doi_10.64898_2026.07.28.741281.pdf
work_85819a51b095ee27,Axonal ensembles repeatedly cluster and order synapses along dendrites in mouse cortex,2026,10.64898/2026.03.31.715753,bioRxiv,core_relevant,surround,False,False,0,1,True,1.0,0.0934430581364481,only_out,Saarthak Sarup / K. Boahen,2,/Users/wgray13/projects/connectomics-survey/postanalysis/pdfs/files/doi_10.64898_2026.03.31.715753.pdf
work_87f5ebaf52106e04,"A frozen rate operator from the complete larval connectome: degree and weight govern the gross response, exact wiring governs input routing and mushroom-body modes",2026,,,core_relevant,surround,False,False,0,11,True,8.0,0.1813113883727103,only_out,S. Therianos,1,/Users/wgray13/projects/connectomics-survey/postanalysis/pdfs/files/arxiv_2606.17745.pdf
work_89b546868af40e06,NuGraph: Graph-Based Reasoning over 3D Primitives for Nucleus Segmentation Correction,2026,10.64898/2026.05.16.725603,bioRxiv,role_bridge,surround,False,False,0,12,True,,,no_graph,H. Sebastian Seung / G. Jefferis,7,/Users/wgray13/projects/connectomics-survey/postanalysis/pdfs/files/doi_10.64898_2026.05.16.725603.pdf
work_8baeeb71436bfd26,Functional Characterization of Individual Pre- and Postsynaptic Partners In the Drosophila Larval Central Nervous System Using CaMPARI.,2026,10.3791/71399,Journal of Visualized Experiments,adjacent_relevant,surround,False,False,0,0,True,0.0,0.6578178922219272,isolate,Claudia Gualtieri / Fernando J Vonhoff,2,postanalysis/pdfs/files/doi_10.3791_71399.pdf
work_8ce856dac0188a93,Organizational principles governing synapse types in a whole-brain connectome,2026,10.64898/2026.06.23.733969,bioRxiv,core_relevant,surround,False,False,0,14,True,11.0,0.483939474382798,only_out,H. Sebastian Seung / G. Jefferis,6,/Users/wgray13/projects/connectomics-survey/postanalysis/pdfs/files/doi_10.64898_2026.06.23.733969.pdf
work_95938bf4e63558ad,Advances in brain connectomics: integrating light and electron microscopy for multiscale neural mapping,2026,10.61958/nmqv6943,New Medicine,adjacent_relevant,surround,False,False,0,9,True,9.0,0.6586142819219538,only_out,Xiaoyin Chen / Yonggang Wang,7,postanalysis/pdfs/files/doi_10.61958_nmqv6943.pdf
work_9be41e9459df8595,DevoTG: Temporal Graph Neural Networks for Modeling C. elegans Developmental Connectomics,2026,10.48550/arxiv.2606.21940,arXiv.org,core_relevant,surround,False,False,0,4,True,4.0,0.2707724980090257,only_out,Bradly Alicea / Matteo Cantarelli,2,/Users/wgray13/projects/connectomics-survey/postanalysis/pdfs/files/doi_10.48550_arxiv.2606.21940.pdf
work_9c892cfd1d3dbe01,VEMamba: Efficient Isotropic Reconstruction of Volume Electron Microscopy with Axial-Lateral Consistent Mamba,2026,10.48550/arxiv.2603.00887,arXiv.org,core_relevant,surround,False,False,0,3,True,,,no_graph,Xiaoyin Chen / Yonggang Wang,2,/Users/wgray13/projects/connectomics-survey/postanalysis/pdfs/files/doi_10.48550_arxiv.2603.00887.pdf
work_9f4de65ab9e29bbf,Mapping brain-wide monosynaptic inputs to single neurons with ROInet-seq.,2026,10.1016/j.crmeth.2026.101512,Cell Reports Methods,adjacent_relevant,surround,False,False,0,4,True,4.0,0.5325192460844174,only_out,Javier DeFelipe / Michael W. Reimann,9,postanalysis/pdfs/files/doi_10.1016_j.crmeth.2026.101512.pdf
work_a77b316df3ecbc0e,DRIFT-EM enables direct wafer retrieval of ultrathin serial sections for large-volume electron microscopy,2026,10.1016/j.crmeth.2026.101429,Cell Reports Methods,core_relevant,surround,False,False,0,10,True,9.0,0.2731616671091054,only_out,J. Lichtman / Hanspeter Pfister,8,/Users/wgray13/projects/connectomics-survey/postanalysis/pdfs/files/doi_10.1016_j.crmeth.2026.101429.pdf
work_ae2e6708ff5ab48d,"Annelid eye evolution revealed by developmental, ultrastructural, and connectome analyses of cerebral eyes in Malacoceros fuliginosus",2026,10.64898/2026.02.04.703583,bioRxiv,core_relevant,surround,False,False,0,2,True,2.0,0.1908680647730289,only_out,H. Sebastian Seung / G. Jefferis,5,/Users/wgray13/projects/connectomics-survey/postanalysis/pdfs/files/doi_10.64898_2026.02.04.703583.pdf
work_b1b2f343a95bfb4c,Connectome quality converges predictably to reveal optimal stopping points during proofreading,2026,10.64898/2026.06.30.735414,bioRxiv,core_relevant,surround,False,False,0,7,True,6.0,0.3358109901778603,only_out,Albert Cardona / J. Vogelstein,8,/Users/wgray13/projects/connectomics-survey/postanalysis/pdfs/files/doi_10.64898_2026.06.30.735414.pdf
work_ba255a04a84e1e9c,Approaching a connectome of the human foveal retina,2026,10.1073/pnas.2603286123,Proceedings of the National Academy of Sciences of the United States of America,core_relevant,surround,False,False,0,10,True,6.0,0.1568887709052296,only_out,M. Helmstaedter / Winfried Denk,19,/Users/wgray13/projects/connectomics-survey/postanalysis/pdfs/files/doi_10.1073_pnas.2603286123.pdf
work_bba81c892f47fd62,Morphology-Embedded Graph Optimization for EM Neuron Tracing,2026,10.1109/isbi61048.2026.11515727,IEEE International Symposium on Biomedical Imaging,core_relevant,surround,False,False,0,1,True,1.0,0.1202548447040084,only_out,Xiaoyin Chen / Yonggang Wang,2,postanalysis/pdfs/files/doi_10.1109_isbi61048.2026.11515727.pdf
work_bd22fb1f4a2ae2f2,Bilateral Neuron Pairs Share Redundant Network Roles Despite Incomplete Connection Symmetry in Caenorhabditis elegans,2026,10.1111/ejn.70629,European Journal of Neuroscience,core_relevant,surround,False,False,0,7,True,7.0,0.0069020440668967,only_out,Jaeseung Jeong / Jerald D. Kralik,4,/Users/wgray13/projects/connectomics-survey/postanalysis/pdfs/files/doi_10.1111_ejn.70629.pdf
work_bdf6f3371610db4c,ConnectoFM: A Foundation Model for Learning the Language of the Connectome,2026,10.64898/2026.06.06.730367,bioRxiv,core_relevant,surround,False,False,0,28,True,11.0,0.295991505176533,only_out,Aindrila Saha / Abrar Rahman Abir,4,/Users/wgray13/projects/connectomics-survey/postanalysis/pdfs/files/doi_10.64898_2026.06.06.730367.pdf
work_c041abac1c482213,Beyond Agreement: Standardizing Crowdsourced Synapse Annotations through Proofreading in EM Connectomics,2026,10.1101/2025.09.26.678851,bioRxiv,core_relevant,surround,False,False,0,12,True,11.0,0.358640828245288,only_out,Albert Cardona / J. Vogelstein,8,/Users/wgray13/projects/connectomics-survey/postanalysis/pdfs/files/doi_10.1101_2025.09.26.678851.pdf
work_c2ac2ce5d1b91e39,Representational geometry as a fidelity metric for connectome-constrained networks: evidence from the Drosophila visual system,2026,10.64898/2026.06.10.731214,bioRxiv,core_relevant,surround,False,False,0,4,True,4.0,0.2548447040084948,only_out,Michael G. Zhou / Jennifer O. Hasler,2,/Users/wgray13/projects/connectomics-survey/postanalysis/pdfs/files/doi_10.64898_2026.06.10.731214.pdf
work_cc1516e30831abf8,Embracing the suboptimal organization of the human brain.,2026,10.1016/j.tics.2026.04.008,Trends in Cognitive Sciences,role_bridge,surround,False,False,0,12,True,,,no_graph,Olaf Sporns / B. Mišić,2,postanalysis/pdfs/files/doi_10.1016_j.tics.2026.04.008.pdf
work_cf039181a3d3d12c,Spatial synaptic regularization stabilizes learning across biological and artificial neural networks,2026,10.64898/2026.06.29.735142,bioRxiv,core_relevant,surround,False,False,0,5,True,4.0,0.3477568356782585,only_out,Xiaoyin Chen / Yonggang Wang,7,/Users/wgray13/projects/connectomics-survey/postanalysis/pdfs/files/doi_10.64898_2026.06.29.735142.pdf
work_d0ba9a68d64263c4,Random innervation of cerebellar Purkinje cells as a substrate for diverse representational learning,2026,10.64898/2026.06.26.734775,bioRxiv,core_relevant,surround,False,False,0,1,True,1.0,0.3044863286434828,only_out,H. Sebastian Seung / G. Jefferis,3,/Users/wgray13/projects/connectomics-survey/postanalysis/pdfs/files/doi_10.64898_2026.06.26.734775.pdf
work_d11f10e5a23d117e,Diffusion Model-Based Data Augmentation for Enhanced Neuron Segmentation,2026,10.1109/isbi61048.2026.11515854,IEEE International Symposium on Biomedical Imaging,adjacent_relevant,surround,False,False,0,1,True,1.0,0.3371383063445712,only_out,Xiaoyin Chen / Yonggang Wang,6,/Users/wgray13/projects/connectomics-survey/postanalysis/pdfs/files/doi_10.1109_isbi61048.2026.11515854.pdf
work_d26c30f893f6a134,BioNIC: Biologically Inspired Neural Network for Image Classification Using Connectomics Principles,2026,10.48550/arxiv.2601.20876,Neurocomputing,adjacent_relevant,surround,False,False,0,5,True,5.0,0.1337934696044597,only_out,Diya Prasanth / Matthew Tivnan,2,/Users/wgray13/projects/connectomics-survey/postanalysis/pdfs/files/doi_10.48550_arxiv.2601.20876.pdf
work_d50bcdbcd8489d51,From homeostasis to credit assignment: a signed-XOR connectomic motif for local directional error signalling,2026,10.64898/2026.06.05.730322,bioRxiv,core_relevant,surround,False,False,0,6,True,4.0,0.5054419962835147,only_out,Xiaoyin Chen / Yonggang Wang,4,/Users/wgray13/projects/connectomics-survey/postanalysis/pdfs/files/doi_10.64898_2026.06.05.730322.pdf
work_d5b1332c20a5f502,Neuropeptide visualization using split GFP in live C. elegans,2026,10.1371/journal.pone.0355191,PLoS ONE,role_bridge,surround,False,False,0,3,True,,,no_graph,B. M. Aleogho / Kentaro Noma,3,/Users/wgray13/projects/connectomics-survey/postanalysis/pdfs/files/doi_10.1371_journal.pone.0355191.pdf
work_d5cff44a593c99cb,Early life shifts in cortical inhibitory–excitatory balance underlies sensitive periods and skill development,2026,10.3389/fncel.2026.1808258,Frontiers in Cellular Neuroscience,adjacent_relevant,surround,False,False,0,1,True,1.0,0.4587204672152907,only_out,D. Taliaz,1,/Users/wgray13/projects/connectomics-survey/postanalysis/pdfs/files/doi_10.3389_fncel.2026.1808258.pdf
work_d8a087d71b64daff,Caenorhabditis elegans in neuroscience: from neural communication to neurodegenerative disease modeling,2026,10.3389/fnagi.2026.1865186,Frontiers in Aging Neuroscience,adjacent_relevant,surround,False,False,0,3,True,3.0,0.5972922750199098,only_out,Xiaoyin Chen / Yonggang Wang,8,/Users/wgray13/projects/connectomics-survey/postanalysis/pdfs/files/doi_10.3389_fnagi.2026.1865186.pdf
work_db1ba00589bc095a,Connectomic evidence that ordered activity drives neuromuscular network formation,2026,10.1038/s41593-026-02344-7,Nature Neuroscience,core_relevant,surround,False,False,0,2,True,2.0,0.2803291744093443,only_out,J. Lichtman / Hanspeter Pfister,16,/Users/wgray13/projects/connectomics-survey/postanalysis/pdfs/files/doi_10.1038_s41593-026-02344-7.pdf
work_e22e48c40029af5d,Hidden symmetries in network connectivity support ring attractor dynamics in the fly’s neural compass,2026,10.64898/2026.05.18.725766,bioRxiv,core_relevant,surround,False,False,0,5,True,5.0,0.1959118662065304,only_out,J. Lichtman / Hanspeter Pfister,5,/Users/wgray13/projects/connectomics-survey/postanalysis/pdfs/files/doi_10.64898_2026.05.18.725766.pdf
work_e6d146b81f25027a,Cross-species evidence for a developmental origin of adult hypersomnia with loss of synaptic adhesion molecules beat-Ia/CADM2,2026,10.1038/s41467-026-68343-1,Nature Communications,adjacent_relevant,surround,False,False,0,2,True,2.0,0.1863551898062118,only_out,Xiaoyin Chen / Yonggang Wang,10,/Users/wgray13/projects/connectomics-survey/postanalysis/pdfs/files/doi_10.1038_s41467-026-68343-1.pdf
work_efc0158084170b5d,Digging Deep into Alzheimer Disease: How Electron Microscopy Helps Elucidating Its Pathogenesis,2026,10.1007/s10571-026-01676-z,Cellular and molecular neurobiology,role_bridge,surround,False,False,0,7,True,,,no_graph,Javier DeFelipe / Michael W. Reimann,3,/Users/wgray13/projects/connectomics-survey/postanalysis/pdfs/files/doi_10.1007_s10571-026-01676-z.pdf
work_f1adda98b958f981,Coherent-resonant netting: disorder-enhanced selectivity from transient wave-like dynamics on biological connectomes,2026,10.3389/fncom.2026.1813959,Frontiers Comput. Neurosci.,adjacent_relevant,surround,False,False,0,3,True,,,no_graph,O. Dolgikh,1,/Users/wgray13/projects/connectomics-survey/postanalysis/pdfs/files/doi_10.3389_fncom.2026.1813959.pdf
work_f25bf69244ee74b4,RAEM: random-access electron microscopy for revisitable 3D imaging,2026,10.64898/2026.06.18.732873,bioRxiv,role_bridge,surround,False,False,0,6,True,,,no_graph,J. Lichtman / Hanspeter Pfister,8,/Users/wgray13/projects/connectomics-survey/postanalysis/pdfs/files/doi_10.64898_2026.06.18.732873.pdf
work_f7220e9a3d6d1732,FEABAS: A Stitching and Alignment Tool for Serial EM Data,2026,10.64898/2026.06.07.730510,bioRxiv,core_relevant,surround,False,False,0,11,True,9.0,0.109370852136979,only_out,J. Lichtman / Hanspeter Pfister,2,/Users/wgray13/projects/connectomics-survey/postanalysis/pdfs/files/doi_10.64898_2026.06.07.730510.pdf
work_f7bc1bc6224c75c6,Deep anatomical and ultrastructural classification of neurons in the zebrafish olfactory bulb,2026,10.64898/2026.07.13.738197,bioRxiv,core_relevant,surround,False,False,0,4,True,0.0,0.3007698433766923,isolate,M. Helmstaedter / Winfried Denk,10,/Users/wgray13/projects/connectomics-survey/postanalysis/pdfs/files/doi_10.64898_2026.07.13.738197.pdf
work_f92a699ce1155d96,The Cerebellar Connectome,2026,10.1007/s12311-026-02042-x,Cerebellum,adjacent_relevant,surround,False,False,0,21,True,5.0,0.35280063711176,only_out,Albert Cardona / J. Vogelstein,4,/Users/wgray13/projects/connectomics-survey/postanalysis/pdfs/files/doi_10.1007_s12311-026-02042-x.pdf
work_fad6bcb8cc06156d,Signaling Connectomics: A Brain-wide Framework for Intercellular Communication,2026,10.5607/en26005,Experimental Neurobiology,role_bridge,surround,False,False,0,1,True,1.0,0.4234138571807804,only_out,H. Sebastian Seung / G. Jefferis,5,/Users/wgray13/projects/connectomics-survey/postanalysis/pdfs/files/doi_10.5607_en26005.pdf
work_fc95ff3ab16691ff,Experimental quality control induces changes in Allen mouse brain connectomes,2026,10.1162/imag.a.1310,bioRxiv,adjacent_relevant,surround,False,False,0,12,True,,,no_graph,Vikram Nathan / M. Chakravarty,6,/Users/wgray13/projects/connectomics-survey/postanalysis/pdfs/files/doi_10.1162_imag.a.1310.pdf
work_fe3d0d3e10ff2dc4,The Whale That Outswam Evolution: Swarm Intelligence Maximises Memory in Connectome Reservoirs,2026,10.48550/arxiv.2606.09902,arXiv.org,adjacent_relevant,surround,False,False,0,2,True,2.0,0.4704008494823467,only_out,Anmol Guragain / Juan Ignacio Godino-Llorente,3,/Users/wgray13/projects/connectomics-survey/postanalysis/pdfs/files/doi_10.48550_arxiv.2606.09902.pdf
work_ff5e6de5b0fc322e,Drosophila core circadian clock neurons peptidergically regulate activity of insulin-producing cells,2026,10.64898/2026.03.23.713581,bioRxiv,adjacent_relevant,surround,False,False,0,1,True,1.0,0.3397929386779931,only_out,Naureen A. Hameed / Annika F. Barber,5,/Users/wgray13/projects/connectomics-survey/postanalysis/pdfs/files/doi_10.64898_2026.03.23.713581.pdf
work_ffa35f4fc20ab175,Hierarchical X-ray microscopy and mesoscopic diffusion MRI in the same brain reveal the human connectome across scales,2026,10.64898/2026.04.02.716198,bioRxiv,adjacent_relevant,surround,False,False,0,5,True,3.0,0.1717547119723918,only_out,Olaf Sporns / B. Mišić,30,/Users/wgray13/projects/connectomics-survey/postanalysis/pdfs/files/doi_10.64898_2026.04.02.716198.pdf
work_c2eef6c0fa61c287,Brain-wide neuronal circuit connectome of human glioblastoma,2025,10.1038/s41586-025-08634-7,Nature,adjacent_relevant,surround,False,False,52,2,True,2.0,0.0982213963366073,only_out,Xiaoyin Chen / Yonggang Wang,43,/Users/wgray13/projects/connectomics-survey/postanalysis/pdfs/files/doi_10.1038_s41586-025-08634-7.pdf
work_e2f25ee5bf2bee47,Comparative connectomics of Drosophila descending and ascending neurons,2025,10.1038/s41586-025-08925-z,Nature,adjacent_relevant,surround,False,False,28,26,True,11.0,0.8985930448632864,broker,H. Sebastian Seung / G. Jefferis,37,/Users/wgray13/projects/connectomics-survey/postanalysis/pdfs/files/doi_10.1038_s41586-025-08925-z.pdf
work_89c2f99a9775bf5b,Divergence in neuronal signaling pathways despite conserved neuronal identity among Caenorhabditis species,2025,10.1016/j.cub.2025.05.036,Current Biology,adjacent_relevant,surround,False,False,19,10,True,7.0,0.8298380674276613,broker,Oliver Hobert / Steven J. Cook,10,/Users/wgray13/projects/connectomics-survey/postanalysis/pdfs/files/doi_10.1016_j.cub.2025.05.036.pdf
work_a1d7f92d9b93910a,Synaptic connectivity mapping among thousands of neurons via parallelized intracellular recording with a microhole electrode array,2025,10.1038/s41551-025-01352-5,Nature Biomedical Engineering,adjacent_relevant,surround,False,False,19,1,True,1.0,0.313512078577117,only_out,Xiaoyin Chen / Yonggang Wang,5,/Users/wgray13/projects/connectomics-survey/postanalysis/pdfs/files/doi_10.1038_s41551-025-01352-5.pdf
work_e0fcd7be8bddea39,A dynamic bifurcation mechanism explains cortex-wide neural correlates of conscious access.,2025,10.1016/j.celrep.2025.115372,Cell Reports,adjacent_relevant,surround,False,False,18,3,True,,,no_graph,Olaf Sporns / B. Mišić,11,/Users/wgray13/projects/connectomics-survey/postanalysis/pdfs/files/doi_10.1016_j.celrep.2025.115372.pdf
work_a67d1faeea8c6a12,Brain-wide presynaptic networks of functionally distinct cortical neurons,2025,10.1038/s41586-025-08631-w,Nature,adjacent_relevant,surround,False,False,15,2,True,2.0,0.3620918502787364,only_out,Xiaoyin Chen / Yonggang Wang,6,/Users/wgray13/projects/connectomics-survey/postanalysis/pdfs/files/doi_10.1038_s41586-025-08631-w.pdf
work_1494588f60af3042,"Learning brains: educational neuroscience, neurotechnology and neuropedagogy",2025,10.1080/14681366.2025.2521458,"Pedagogy, Culture &amp; Society",role_bridge,surround,False,False,13,1,True,,,no_graph,Ben Williamson / Dimitra Kotouza,3,/Users/wgray13/projects/connectomics-survey/postanalysis/pdfs/files/doi_10.1080_14681366.2025.2521458.pdf
work_75371f7313f33c66,Synaptic-resolution connectomics: towards large brains and connectomic screening,2025,10.1038/s41583-025-00998-z,Nature Reviews Neuroscience,adjacent_relevant,surround,False,False,12,39,True,11.0,0.9105388903636846,broker,M. Helmstaedter / Winfried Denk,1,/Users/wgray13/projects/connectomics-survey/postanalysis/pdfs/files/doi_10.1038_s41583-025-00998-z.pdf
work_f5fd3ba3b38fed1d,NEURD offers automated proofreading and feature extraction for connectomics,2025,10.1038/s41586-025-08660-5,Nature,core_relevant,surround,False,False,12,25,True,11.0,0.8420493761614016,broker,H. Sebastian Seung / G. Jefferis,58,/Users/wgray13/projects/connectomics-survey/postanalysis/pdfs/files/doi_10.1038_s41586-025-08660-5.pdf
work_7d84e7f7fdec51d5,"Dense, continuous membrane labeling and expansion microscopy visualization of ultrastructure in tissues",2025,10.1038/s41467-025-56641-z,Nature Communications,role_bridge,surround,False,False,11,5,True,,,no_graph,Xiaoyin Chen / Yonggang Wang,18,/Users/wgray13/projects/connectomics-survey/postanalysis/pdfs/files/doi_10.1038_s41467-025-56641-z.pdf
work_a2c4868d3cf10794,Reconstruction of a connectome of single neurons in mouse brains by cross-validating multi-scale multi-modality data,2025,10.1038/s41592-025-02784-2,Nature Methods,adjacent_relevant,surround,False,False,11,18,True,7.0,0.8627555083620918,broker,Xiaoyin Chen / Yonggang Wang,3,/Users/wgray13/projects/connectomics-survey/postanalysis/pdfs/files/doi_10.1038_s41592-025-02784-2__work_a2c4868d3cf10794.pdf
work_576d4811bf1e3849,Universal consensus 3D segmentation of cells from 2D segmented stacks,2025,10.1038/s41592-025-02887-w,Nature Methods,role_bridge,surround,False,False,10,7,True,,,no_graph,James R. Anderson / Bryan William Jones,19,/Users/wgray13/projects/connectomics-survey/postanalysis/pdfs/files/doi_10.1038_s41592-025-02887-w.pdf
work_ee2750c4719d6ebb,"Assemblies, synapse clustering, and network topology interact with plasticity to explain structure-function relationships of the cortical connectome",2025,10.1101/2023.08.07.552264,bioRxiv,adjacent_relevant,surround,False,False,9,17,True,5.0,0.7977170161932572,broker,Javier DeFelipe / Michael W. Reimann,13,/Users/wgray13/projects/connectomics-survey/postanalysis/pdfs/files/doi_10.1101_2023.08.07.552264.pdf
work_4aacd75f73cf971f,Correlative light and electron microscopy reveals the fine circuit structure underlying evidence accumulation in larval zebrafish,2025,10.1101/2025.03.14.643363,bioRxiv,core_relevant,surround,False,False,8,11,True,11.0,0.4451818423148393,only_out,J. Lichtman / Hanspeter Pfister,27,/Users/wgray13/projects/connectomics-survey/postanalysis/pdfs/files/doi_10.1101_2025.03.14.643363.pdf
work_6e6f3f5c12eedea0,Accelerating Neuron Reconstruction with PATHFINDER,2025,10.1101/2025.05.16.654254,bioRxiv,core_relevant,surround,False,False,8,12,True,11.0,0.7756835678258561,broker,J. Lichtman / Hanspeter Pfister,5,/Users/wgray13/projects/connectomics-survey/postanalysis/pdfs/files/doi_10.1101_2025.05.16.654254.pdf
work_75041ede2653fad3,Distinct circuit motifs evaluate opposing innate values of odors.,2025,10.1016/j.cell.2025.08.032,Cell,core_relevant,surround,False,False,8,7,True,7.0,0.6190602601539686,only_out,Makoto Someya / H. Kazama,4,/Users/wgray13/projects/connectomics-survey/postanalysis/pdfs/files/doi_10.1016_j.cell.2025.08.032.pdf
work_2a92ba160393c193,From Sensory Detection to Motor Action: The Comprehensive Drosophila Taste-Feeding Connectome,2025,10.1101/2025.08.25.671814,bioRxiv,core_relevant,surround,False,False,7,10,True,6.0,0.7947969206264932,broker,H. Sebastian Seung / G. Jefferis,11,/Users/wgray13/projects/connectomics-survey/postanalysis/pdfs/files/doi_10.1101_2025.08.25.671814.pdf
work_644d61d09d1a8fb3,Connectomic reconstruction from hippocampal CA3 reveals spatially graded mossy fiber inputs and selective feedforward inhibition to pyramidal cells,2025,10.1101/2025.07.09.663979,bioRxiv,core_relevant,surround,False,False,7,20,True,11.0,0.2543137775418104,only_out,H. Sebastian Seung / G. Jefferis,13,/Users/wgray13/projects/connectomics-survey/postanalysis/pdfs/files/doi_10.1101_2025.07.09.663979.pdf
work_743bbcc514e88bfd,"The Drosophila adult brain: short overview of structure, function, and resources Graphical Review Paper",2025,10.1016/j.cris.2025.100113,Current Research in Insect Science,adjacent_relevant,surround,False,False,7,7,True,7.0,0.4162463498805415,only_out,M. Helmstaedter / Winfried Denk,8,/Users/wgray13/projects/connectomics-survey/postanalysis/pdfs/files/doi_10.1016_j.cris.2025.100113.pdf
work_78258f2526b35036,RETINA: Reconstruction-based pre-trained enhanced TransUNet for electron microscopy segmentation on the CEM500K dataset,2025,10.1371/journal.pcbi.1013115,bioRxiv,role_bridge,surround,False,False,7,4,True,,,no_graph,Xiaoyin Chen / Yonggang Wang,3,/Users/wgray13/projects/connectomics-survey/postanalysis/pdfs/files/doi_10.1371_journal.pcbi.1013115.pdf
work_b03ba2eb24d3ca63,Selective presynaptic inhibition of leg proprioception in behaving Drosophila,2025,10.1038/s41586-025-09554-2,Nature,adjacent_relevant,surround,False,False,7,7,True,7.0,0.7146270241571543,broker,H. Sebastian Seung / G. Jefferis,9,/Users/wgray13/projects/connectomics-survey/postanalysis/pdfs/files/doi_10.1038_s41586-025-09554-2.pdf
work_b6c64af3e1642d38,Community detection for directed networks revisited using bimodularity,2025,10.1073/pnas.2500571122,Proceedings of the National Academy of Sciences of the United States of America,adjacent_relevant,surround,False,False,7,2,True,2.0,0.5051765330501725,only_out,D. Ville / M. Preti,3,/Users/wgray13/projects/connectomics-survey/postanalysis/pdfs/files/doi_10.1073_pnas.2500571122.pdf
work_f309e0f9912def93,The mysterious middlemen making your vision pop: understanding the function of amacrine cells,2025,10.1113/jp287958,Journal of Physiology,adjacent_relevant,surround,False,False,7,6,True,,,no_graph,V. Calbiague-Garcia / O. Marre,4,/Users/wgray13/projects/connectomics-survey/postanalysis/pdfs/files/doi_10.1113_jp287958.pdf
work_4422d2e92d67043e,"Deep learning for brain electron microscopy segmentation: Advances, challenges, and future directions in connectomics and ultrastructure analysis",2025,10.1016/j.cag.2025.104391,Computers & graphics,adjacent_relevant,surround,False,False,6,30,True,11.0,0.6827714361560924,broker,Olaf Sporns / B. Mišić,6,/Users/wgray13/projects/connectomics-survey/postanalysis/pdfs/files/doi_10.1016_j.cag.2025.104391.pdf
work_6ba447188c08afe1,Neuromorphic hierarchical modular reservoirs,2025,10.1038/s41467-026-74466-2,bioRxiv,adjacent_relevant,surround,False,False,6,18,True,5.0,0.8967348022298912,broker,Olaf Sporns / B. Mišić,5,/Users/wgray13/projects/connectomics-survey/postanalysis/pdfs/files/doi_10.1038_s41467-026-74466-2.pdf
work_7a9ee048a1e92b21,"An integrated anatomical, functional and evolutionary view of the Drosophila olfactory system",2025,10.1038/s44319-025-00476-8,EMBO Reports,adjacent_relevant,surround,False,False,6,4,True,,,no_graph,Richard Benton / Karen Menuz,6,/Users/wgray13/projects/connectomics-survey/postanalysis/pdfs/files/doi_10.1038_s44319-025-00476-8.pdf
work_958be63650186414,"PyReconstruct: A fully open-source, collaborative successor to Reconstruct",2025,10.1073/pnas.2505822122,bioRxiv,core_relevant,surround,False,False,6,15,True,11.0,0.1900716750730023,only_out,Albert Cardona / J. Vogelstein,5,/Users/wgray13/projects/connectomics-survey/postanalysis/pdfs/files/doi_10.1073_pnas.2505822122.pdf
work_c56c9bd6bb2d72c9,The Drosophila Connectome as a Computational Reservoir for Time-Series Prediction,2025,10.3390/biomimetics10050341,Biomimetics,core_relevant,surround,False,False,6,8,True,5.0,0.8603663392620122,broker,Leone Costi / Dario Izzo,5,/Users/wgray13/projects/connectomics-survey/postanalysis/pdfs/files/doi_10.3390_biomimetics10050341.pdf
work_43b7faaf8820340a,Symmetries of Living Systems: Symmetry Fibrations and Synchronization in Biological Networks,2025,,,adjacent_relevant,surround,False,False,5,0,True,,,no_graph,Oliver Hobert / Steven J. Cook,4,/Users/wgray13/projects/connectomics-survey/postanalysis/pdfs/files/arxiv_2502.18713.pdf
work_50d091001b66a2d0,Scaling up X-ray holographic nanotomography for neuronal tissue imaging,2025,10.1364/boe.559263,Biomedical Optics Express,adjacent_relevant,surround,False,False,5,16,True,,,no_graph,M. Helmstaedter / Winfried Denk,12,/Users/wgray13/projects/connectomics-survey/postanalysis/pdfs/files/doi_10.1364_boe.559263.pdf
work_74525f86a420804b,Learning and criticality in a self-organizing model of connectome growth,2025,10.1038/s41598-025-16377-8,Scientific Reports,adjacent_relevant,surround,False,False,5,9,True,5.0,0.7618794796920626,broker,J. Lichtman / Hanspeter Pfister,3,/Users/wgray13/projects/connectomics-survey/postanalysis/pdfs/files/doi_10.1038_s41598-025-16377-8.pdf
work_8443aa3a33e10095,The unique synaptic circuitry of specialized olfactory glomeruli in Drosophila melanogaster,2025,10.7554/elife.88824,bioRxiv,core_relevant,surround,False,False,5,30,True,11.0,0.7767454207592248,broker,H. Sebastian Seung / G. Jefferis,7,/Users/wgray13/projects/connectomics-survey/postanalysis/pdfs/files/doi_10.7554_elife.88824.pdf
work_a0cdbefe311043d0,"A deep learning pipeline for accurate and automated restoration, segmentation, and quantification of dendritic spines",2025,10.1016/j.crmeth.2025.101179,Cell Reports Methods,adjacent_relevant,surround,False,False,5,3,True,3.0,0.7223254579240775,broker,Oliver Hobert / Steven J. Cook,6,/Users/wgray13/projects/connectomics-survey/postanalysis/pdfs/files/doi_10.1016_j.crmeth.2025.101179.pdf
work_ba57f8894b215008,C. elegans wired and wireless connectome: insights into principles of nervous system structure and function,2025,10.1007/s12038-025-00513-7,Journal of Biosciences,adjacent_relevant,surround,False,False,5,18,True,11.0,0.6708255906556941,only_out,Oliver Hobert / Steven J. Cook,4,/Users/wgray13/projects/connectomics-survey/postanalysis/pdfs/files/doi_10.1007_s12038-025-00513-7.pdf
work_c5ade922d4f4dd8f,Brain rewiring during development: A comparative analysis of larval and adult Drosophila melanogaster connectomes,2025,10.1162/netn.a.26,Network Neuroscience,core_relevant,surround,False,False,5,23,True,11.0,0.8887709052296257,broker,James R. Anderson / Bryan William Jones,3,/Users/wgray13/projects/connectomics-survey/postanalysis/pdfs/files/doi_10.1162_netn.a.26.pdf
work_fe1fce3dcfc08199,Synaptic connectivity of sensorimotor circuits for vocal imitation in the songbird,2025,10.1101/2022.11.08.515692,bioRxiv,adjacent_relevant,surround,False,False,5,1,True,1.0,0.1704273958056809,only_out,Xiaoyin Chen / Yonggang Wang,6,/Users/wgray13/projects/connectomics-survey/postanalysis/pdfs/files/doi_10.1101_2022.11.08.515692.pdf
work_2547e9b9bab8dbf7,Histopathological and ultrastructural changes in different cell types during ischemic and hemorrhagic stroke.,2025,10.1016/j.arr.2025.102846,Ageing Research Reviews,role_bridge,surround,False,False,4,2,True,,,no_graph,Xiaoyin Chen / Yonggang Wang,24,/Users/wgray13/projects/connectomics-survey/postanalysis/pdfs/files/doi_10.1016_j.arr.2025.102846.pdf
work_30b183a150c2351a,Controlling Reciprocity in Binary and Weighted Networks: A Novel Density-Conserving Approach,2025,10.1101/2024.11.24.625064,bioRxiv,role_bridge,surround,False,False,4,4,True,,,no_graph,Olaf Sporns / B. Mišić,3,/Users/wgray13/projects/connectomics-survey/postanalysis/pdfs/files/doi_10.1101_2024.11.24.625064.pdf
work_5eb65354dc79e83b,From Synapses to Dynamics: Obtaining Function from Structure in a Connectome Constrained Model of the Head Direction Circuit,2025,10.1101/2025.05.26.655406,bioRxiv,core_relevant,surround,False,False,4,10,True,8.0,0.8093973984603132,broker,Albert Cardona / J. Vogelstein,3,/Users/wgray13/projects/connectomics-survey/postanalysis/pdfs/files/doi_10.1101_2025.05.26.655406.pdf
work_61024db383dded81,Physical Network Constraints Define the Multiplicative Architecture of the Brain’s Connectome,2025,10.1101/2025.02.27.640551,bioRxiv,core_relevant,surround,False,False,4,22,True,11.0,0.7209981417573667,broker,Oliver Hobert / Steven J. Cook,5,/Users/wgray13/projects/connectomics-survey/postanalysis/pdfs/files/doi_10.1101_2025.02.27.640551.pdf
work_7a094f6e7f331df0,Whole-brain chemosensory responses of both C. elegans sexes,2025,10.1101/2025.05.15.654129,bioRxiv,core_relevant,surround,False,False,4,6,True,6.0,0.0661003451022033,only_out,Oliver Hobert / Steven J. Cook,11,/Users/wgray13/projects/connectomics-survey/postanalysis/pdfs/files/doi_10.1101_2025.05.15.654129.pdf
work_7ccfffa27b0f0285,Aggression across sexes from a contextual- and circuit-based perspective.,2025,10.1016/j.conb.2025.103071,Current Opinion in Neurobiology,core_relevant,surround,False,False,4,10,True,,,no_graph,J. Lichtman / Hanspeter Pfister,1,/Users/wgray13/projects/connectomics-survey/postanalysis/pdfs/files/doi_10.1016_j.conb.2025.103071.pdf
work_a02f3fd1457de709,Neural connectome of the ctenophore statocyst,2025,10.1101/2025.06.26.661250,bioRxiv,core_relevant,surround,False,False,4,3,True,3.0,0.2075922484735864,only_out,Albert Cardona / J. Vogelstein,5,/Users/wgray13/projects/connectomics-survey/postanalysis/pdfs/files/doi_10.1101_2025.06.26.661250.pdf
work_acc50851a93fccf9,Self-supervised image restoration in coherent X-ray neuronal microscopy,2025,10.1101/2025.02.10.633538,bioRxiv,core_relevant,surround,False,False,4,3,True,3.0,0.4090788425803026,only_out,M. Helmstaedter / Winfried Denk,19,/Users/wgray13/projects/connectomics-survey/postanalysis/pdfs/files/doi_10.1101_2025.02.10.633538.pdf
work_d6f6ea59fbc7ea83,Spatial and morphological organization of mitochondria in neurons across a connectome,2025,10.1126/science.ads6674,Science,core_relevant,surround,False,False,4,11,True,8.0,0.7592248473586408,broker,Albert Cardona / J. Vogelstein,10,/Users/wgray13/projects/connectomics-survey/postanalysis/pdfs/files/doi_10.1126_science.ads6674.pdf
work_f1b81ab0f201501a,Temporal and Notch identity determine layer targeting and synapse location of medulla neurons,2025,10.1101/2025.01.06.631439,bioRxiv,core_relevant,surround,False,False,4,8,True,0.0,0.4863286434828776,isolate,Xiaoyin Chen / Yonggang Wang,8,/Users/wgray13/projects/connectomics-survey/postanalysis/pdfs/files/doi_10.1101_2025.01.06.631439.pdf
work_fde970338418a1c7,Transfer learning improves performance in volumetric electron microscopy organelle segmentation across tissues,2025,10.1093/bioadv/vbaf021,Bioinformatics Advances,adjacent_relevant,surround,False,False,4,3,True,,,no_graph,Xiaoyin Chen / Yonggang Wang,12,/Users/wgray13/projects/connectomics-survey/postanalysis/pdfs/files/doi_10.1093_bioadv_vbaf021.pdf
work_fe515cb1dd582648,Recurrent connectivity supports carbon dioxide sensitivity in Aedes aegypti mosquitoes,2025,10.1101/2025.07.29.667487,bioRxiv,core_relevant,surround,False,False,4,12,True,0.0,0.2150252190071675,isolate,M. Helmstaedter / Winfried Denk,12,/Users/wgray13/projects/connectomics-survey/postanalysis/pdfs/files/doi_10.1101_2025.07.29.667487.pdf
work_13ee78a548c160ad,Building the connectome of a small brain with a simple stochastic developmental generative model,2025,10.1073/pnas.2504913122,Proceedings of the National Academy of Sciences of the United States of America,adjacent_relevant,surround,False,False,3,15,True,10.0,0.6902044066896735,broker,Oliver Hobert / Steven J. Cook,2,/Users/wgray13/projects/connectomics-survey/postanalysis/pdfs/files/doi_10.1073_pnas.2504913122.pdf
work_14b6d5aa74ac49e7,Connectome of a human foveal retina,2025,10.1101/2025.04.05.647403,bioRxiv,core_relevant,surround,False,False,3,10,True,8.0,0.6979028404565968,broker,M. Helmstaedter / Winfried Denk,19,/Users/wgray13/projects/connectomics-survey/postanalysis/pdfs/files/doi_10.1101_2025.04.05.647403.pdf
work_16ee371b07754d0f,Neuromorphic Simulation of Drosophila Melanogaster Brain Connectome on Loihi 2,2025,10.48550/arxiv.2508.16792,arXiv.org,core_relevant,surround,False,False,3,1,True,1.0,0.0591983010353066,only_out,Bradley H. Theilman / Fred Rothganger,6,/Users/wgray13/projects/connectomics-survey/postanalysis/pdfs/files/doi_10.48550_arxiv.2508.16792.pdf
work_27862cae1d42d251,Evaluating ultrastructural preservation quality in banked brain tissue,2025,10.1101/2025.05.09.652503,bioRxiv,adjacent_relevant,surround,False,False,3,3,True,3.0,0.195380939739846,only_out,Andrew T. McKenzie / John F. Crary,9,/Users/wgray13/projects/connectomics-survey/postanalysis/pdfs/files/doi_10.1101_2025.05.09.652503.pdf
work_43701c72bf8d7450,Cross-species comparative connectomics reveals the evolution of an olfactory circuit,2025,10.1101/2025.06.11.659158,bioRxiv,core_relevant,surround,False,False,3,8,True,8.0,0.2967878948765596,only_out,H. Sebastian Seung / G. Jefferis,14,/Users/wgray13/projects/connectomics-survey/postanalysis/pdfs/files/doi_10.1101_2025.06.11.659158.pdf
work_5e622c00658a3d32,A data-driven biology-based network model reproduces C. elegans premotor neural dynamics,2025,10.1371/journal.pcbi.1013818,PLoS Comput. Biol.,core_relevant,surround,False,False,3,7,True,5.0,0.4419962835147332,only_out,Megan Morrison / Lai-Sang Young,2,/Users/wgray13/projects/connectomics-survey/postanalysis/pdfs/files/doi_10.1371_journal.pcbi.1013818.pdf
work_7fd39b6d64027898,SmartEM: machine-learning guided electron microscopy,2025,10.1038/s41592-025-02929-3,Nature Methods,core_relevant,surround,False,False,3,18,True,11.0,0.5035837536501194,only_out,J. Lichtman / Hanspeter Pfister,24,/Users/wgray13/projects/connectomics-survey/postanalysis/pdfs/files/doi_10.1038_s41592-025-02929-3.pdf
work_80928a99db9d25e0,A neural circuit for context-dependent multimodal signaling in Drosophila,2025,10.1038/s41467-025-64907-9,Nature Communications,role_bridge,surround,False,False,3,11,True,,,no_graph,Elsa Steinfath / Jan Clemens,7,/Users/wgray13/projects/connectomics-survey/postanalysis/pdfs/files/doi_10.1038_s41467-025-64907-9.pdf
work_b0a12b86ef1a815f,Structural Heterogeneity of the Drosophila Brain Network,2025,,,core_relevant,surround,False,False,3,3,True,3.0,0.7528537297584285,broker,Xiaoyin Chen / Yonggang Wang,7,/Users/wgray13/projects/connectomics-survey/postanalysis/pdfs/files/arxiv_2509.26019.pdf
work_b0b12be54338c4b8,Connectomic traces of Hebbian plasticity in the entorhinal-hippocampal system,2025,10.1101/2025.04.07.647631,bioRxiv,core_relevant,surround,False,False,3,1,True,1.0,0.6899389434563313,only_in,Javier DeFelipe / Michael W. Reimann,3,/Users/wgray13/projects/connectomics-survey/postanalysis/pdfs/files/doi_10.1101_2025.04.07.647631.pdf
work_b1b5b863914460ab,Cascades and convergence: dynamic signal flow in a synapse-level brain network,2025,10.1101/2024.12.04.624189,bioRxiv,core_relevant,surround,False,False,3,16,True,11.0,0.7225909211574197,broker,Olaf Sporns / B. Mišić,4,/Users/wgray13/projects/connectomics-survey/postanalysis/pdfs/files/doi_10.1101_2024.12.04.624189.pdf
work_ce9aa9b4ba4b8580,Benchmarking overlapping community detection methods for applications in human connectomics,2025,10.1101/2025.03.19.643839,bioRxiv,role_bridge,surround,False,False,3,16,True,,,no_graph,Olaf Sporns / B. Mišić,9,/Users/wgray13/projects/connectomics-survey/postanalysis/pdfs/files/doi_10.1101_2025.03.19.643839.pdf
work_ec203e98203cd559,Olfactory Testing and Gray Matter Volume: A Combined Approach to Predict the Conversion to Alzheimer,2025,10.3390/brainsci15030310,Brain Science,role_bridge,surround,False,False,3,0,True,,,no_graph,C. Casadio / F. Benuzzi,12,/Users/wgray13/projects/connectomics-survey/postanalysis/pdfs/files/doi_10.3390_brainsci15030310.pdf
work_f1ac0655f883a197,The Oviposition Inhibitory Neuron is a Potential Hub of Multi-Circuit Integration in the Drosophila Brain,2025,10.1523/eneuro.0123-25.2025,eNeuro,role_bridge,surround,False,False,3,12,True,,,no_graph,H. Sebastian Seung / G. Jefferis,4,/Users/wgray13/projects/connectomics-survey/postanalysis/pdfs/files/doi_10.1523_eneuro.0123-25.2025.pdf
work_ffd02d540e3fbbee,Multi-output computation by single neuron biophysics in a visual system,2025,10.1101/2025.02.02.636137,bioRxiv,adjacent_relevant,surround,False,False,3,1,True,1.0,0.7005574727900186,only_in,H. Sebastian Seung / G. Jefferis,1,/Users/wgray13/projects/connectomics-survey/postanalysis/pdfs/files/doi_10.1101_2025.02.02.636137.pdf
work_06e1c60eb86ba22d,Neural evolution of complex motor behaviors: insights from Drosophila courtship song.,2025,10.1016/j.conb.2025.103131,Current Opinion in Neurobiology,adjacent_relevant,surround,False,False,2,4,True,4.0,0.7093177594903106,broker,J. Lichtman / Hanspeter Pfister,2,/Users/wgray13/projects/connectomics-survey/postanalysis/pdfs/files/doi_10.1016_j.conb.2025.103131.pdf
work_0bb92ce5d7d6f573,Analysis of smart imaging runtime,2025,10.1186/s42649-025-00115-5,Applied Microscopy,core_relevant,surround,False,False,2,2,True,2.0,0.1258295726041943,only_out,J. Lichtman / Hanspeter Pfister,10,/Users/wgray13/projects/connectomics-survey/postanalysis/pdfs/files/doi_10.1186_s42649-025-00115-5.pdf
work_11b6d0203fd3730b,MoMo - Combining Neuron Morphology and Connectivity for Interactive Motif Analysis in Connectomes,2025,10.1101/2025.07.02.662847,bioRxiv,core_relevant,surround,False,False,2,18,True,11.0,0.8035572073267853,broker,M. Helmstaedter / Winfried Denk,9,/Users/wgray13/projects/connectomics-survey/postanalysis/pdfs/files/doi_10.1101_2025.07.02.662847.pdf
work_1a10fe21b6152804,The organization of visual pathways in the Drosophila brain,2025,10.64898/2025.12.22.696097,bioRxiv,core_relevant,surround,False,False,2,12,True,8.0,0.1757366604725245,only_out,J. Lichtman / Hanspeter Pfister,6,/Users/wgray13/projects/connectomics-survey/postanalysis/pdfs/files/doi_10.64898_2025.12.22.696097.pdf
work_1d7cd4ffd7696c84,Ascending nociceptive pathways drive rapid escape and sustained avoidance in adult Drosophila,2025,10.1101/2025.10.28.684868,bioRxiv,core_relevant,surround,False,False,2,4,True,4.0,0.4228829307140961,only_out,H. Sebastian Seung / G. Jefferis,7,/Users/wgray13/projects/connectomics-survey/postanalysis/pdfs/files/doi_10.1101_2025.10.28.684868.pdf
work_1e6c336c97062212,One-step approach producing barcoded rabies virus with optimized diversity,2025,10.1016/j.crmeth.2025.101245,Cell Reports Methods,adjacent_relevant,surround,False,False,2,1,True,1.0,0.3384656225112822,only_out,Xiaoyin Chen / Yonggang Wang,6,/Users/wgray13/projects/connectomics-survey/postanalysis/pdfs/files/doi_10.1016_j.crmeth.2025.101245.pdf
work_21a0251222df4d10,Cracking the cadherin codes that wire the nervous system.,2025,10.1016/j.conb.2025.103086,Current Opinion in Neurobiology,adjacent_relevant,surround,False,False,2,2,True,2.0,0.3201486594106716,only_out,Madison T. Gray / Julie L. Lefebvre,2,/Users/wgray13/projects/connectomics-survey/postanalysis/pdfs/files/doi_10.1016_j.conb.2025.103086.pdf
work_4c48150f43cdafa3,Reconstruction of Single-Neuron Projectomes in Mice,2025,10.21769/bioprotoc.5300,Bio-protocol,adjacent_relevant,surround,False,False,2,3,True,,,no_graph,Xiaoyin Chen / Yonggang Wang,5,/Users/wgray13/projects/connectomics-survey/postanalysis/pdfs/files/doi_10.21769_bioprotoc.5300.pdf
work_554b7819a83e2fe3,Synapse Detection Efficiency in EM Drosophila Connectomics,2025,10.1101/2025.10.16.682869,bioRxiv,core_relevant,surround,False,False,2,13,True,10.0,0.7743562516591452,broker,J. Lichtman / Hanspeter Pfister,1,/Users/wgray13/projects/connectomics-survey/postanalysis/pdfs/files/doi_10.1101_2025.10.16.682869.pdf
work_67d8721fe0e5d09a,Profiling presynaptic scaffolds using split-GFP reconstitution reveals cell-type-specific spatial configurations in the fly brain,2025,10.1101/2024.12.02.626511,bioRxiv,adjacent_relevant,surround,False,False,2,3,True,3.0,0.2630740642421024,only_out,J. Lichtman / Hanspeter Pfister,6,/Users/wgray13/projects/connectomics-survey/postanalysis/pdfs/files/doi_10.1101_2024.12.02.626511.pdf
work_7132143987cc6229,Inhibitory circuit motifs in Drosophila larvae generate motor program diversity and variability,2025,10.1371/journal.pbio.3003094,PLoS Biology,adjacent_relevant,surround,False,False,2,2,True,2.0,0.0732678524024422,only_out,Xiaoyin Chen / Yonggang Wang,8,/Users/wgray13/projects/connectomics-survey/postanalysis/pdfs/files/doi_10.1371_journal.pbio.3003094.pdf
work_72b520361c1b81dc,"Sexually dimorphic neural circuits underlying mating behaviors: Insights from worms, flies, and mice.",2025,10.1016/j.conb.2025.103151,Current Opinion in Neurobiology,adjacent_relevant,surround,False,False,2,8,True,,,no_graph,Xiaoyin Chen / Yonggang Wang,3,postanalysis/pdfs/files/doi_10.1016_j.conb.2025.103151.pdf
work_82ff344c3a29691d,Graph embeddings for identifying symmetries in Connectomes,2025,10.64898/2025.12.06.692615,bioRxiv,core_relevant,surround,False,False,2,12,True,6.0,0.8842580302628086,broker,Albert Cardona / J. Vogelstein,2,/Users/wgray13/projects/connectomics-survey/postanalysis/pdfs/files/doi_10.64898_2025.12.06.692615.pdf
work_8e26d958532e6691,The Connectome Interpreter Toolkit,2025,10.1101/2025.09.29.679410,bioRxiv,core_relevant,surround,False,False,2,12,True,8.0,0.7109105388903637,broker,H. Sebastian Seung / G. Jefferis,6,/Users/wgray13/projects/connectomics-survey/postanalysis/pdfs/files/doi_10.1101_2025.09.29.679410.pdf
work_a963144900531c77,Biological Processing Units: Leveraging an Insect Connectome to Pioneer Biofidelic Neural Architectures,2025,10.48550/arxiv.2507.10951,Artificial General Intelligence,adjacent_relevant,surround,False,False,2,7,True,7.0,0.7451552959915052,broker,Albert Cardona / J. Vogelstein,7,/Users/wgray13/projects/connectomics-survey/postanalysis/pdfs/files/doi_10.48550_arxiv.2507.10951.pdf
work_b0c9cb0670c3ec7d,Reconstructing the human brain’s wiring diagram from axons up,2025,10.1016/j.tins.2025.11.001,Trends in Neurosciences,adjacent_relevant,surround,False,False,2,7,True,5.0,0.0809662861693655,only_out,Franco Pestilli / P. Rossini,4,/Users/wgray13/projects/connectomics-survey/postanalysis/pdfs/files/doi_10.1016_j.tins.2025.11.001.pdf
work_b67a92b47c45e7c3,The central complex of the larval fruit fly brain,2025,10.1101/2025.09.30.679510,bioRxiv,core_relevant,surround,False,False,2,14,True,10.0,0.7162198035572074,broker,Albert Cardona / J. Vogelstein,5,/Users/wgray13/projects/connectomics-survey/postanalysis/pdfs/files/doi_10.1101_2025.09.30.679510.pdf
work_db7575694236a1d7,ConnectomeBench: Can LLMs Proofread the Connectome?,2025,10.48550/arxiv.2511.05542,Neural Information Processing Systems,core_relevant,surround,False,False,2,8,True,8.0,0.6838332890894611,broker,Albert Cardona / J. Vogelstein,4,/Users/wgray13/projects/connectomics-survey/postanalysis/pdfs/files/doi_10.48550_arxiv.2511.05542.pdf
work_dd535adbc096d82f,The songbird basal ganglia connectome,2025,10.1101/2025.10.25.684569,bioRxiv,core_relevant,surround,False,False,2,7,True,5.0,0.7732943987257764,broker,M. Helmstaedter / Winfried Denk,5,/Users/wgray13/projects/connectomics-survey/postanalysis/pdfs/files/doi_10.1101_2025.10.25.684569.pdf
work_e143e75aec23746b,Rethinking scale in network neuroscience: Contributions and opportunities at the nanoscale,2025,,,adjacent_relevant,surround,False,False,2,28,True,11.0,0.6920626493230687,broker,Olaf Sporns / B. Mišić,3,/Users/wgray13/projects/connectomics-survey/postanalysis/pdfs/files/arxiv_2508.1676.pdf
work_f3948a51a59eef0c,Symmetries and synchronization from whole-neural activity in the Caenorhabditis elegans connectome: Integration of functional and structural networks,2025,10.1073/pnas.2417850122,Proceedings of the National Academy of Sciences of the United States of America,core_relevant,surround,False,False,2,7,True,6.0,0.1868861162728962,only_out,Oliver Hobert / Steven J. Cook,7,/Users/wgray13/projects/connectomics-survey/postanalysis/pdfs/files/doi_10.1073_pnas.2417850122.pdf
work_f89235b38a4cc138,"Volume Electron Microscopy: Imaging Principles, Computational Advances and Applications in Multi-Scale Biological System",2025,10.3390/cryst16010014,Crystals,adjacent_relevant,surround,False,False,2,15,True,,,no_graph,Xiaoyin Chen / Yonggang Wang,2,/Users/wgray13/projects/connectomics-survey/postanalysis/pdfs/files/doi_10.3390_cryst16010014.pdf
work_3f8ff97d903089c8,Autoproof: Automated Segmentation Proofreading for Connectomics,2025,10.48550/arxiv.2509.26585,arXiv.org,core_relevant,surround,False,False,1,9,True,9.0,0.683567825856119,broker,J. Lichtman / Hanspeter Pfister,4,/Users/wgray13/projects/connectomics-survey/postanalysis/pdfs/files/doi_10.48550_arxiv.2509.26585.pdf
work_41c505683a24216d,Differential temporal filtering in the fly optic lobe,2025,10.1007/s10827-025-00914-5,Journal of Computational Neuroscience,core_relevant,surround,False,False,1,1,True,1.0,0.6015396867533847,only_out,H. Sebastian Seung / G. Jefferis,1,/Users/wgray13/projects/connectomics-survey/postanalysis/pdfs/files/doi_10.1007_s10827-025-00914-5.pdf
work_45b96d662a877736,Prediction of functional neural circuits in caenorhabditis elegans based on overlapping community detection,2025,10.1016/j.neunet.2025.107653,Neural Networks,adjacent_relevant,surround,False,False,1,9,True,,,no_graph,Xiaoyin Chen / Yonggang Wang,6,/Users/wgray13/projects/connectomics-survey/postanalysis/pdfs/files/doi_10.1016_j.neunet.2025.107653.pdf
work_52b939fbc87f459e,Fluctuation-dissipation of the Kuramoto model on fruit-fly connectomes,2025,,,adjacent_relevant,surround,False,False,1,0,True,,,no_graph,J. Lichtman / Hanspeter Pfister,3,/Users/wgray13/projects/connectomics-survey/postanalysis/pdfs/files/arxiv_2503.20708.pdf
work_572916312979ffde,Comparative Connectomics Highlights Conserved Architectural Synaptic Motifs in the Drosophila Mushroom Body,2025,10.1101/2025.09.22.677863,bioRxiv,core_relevant,surround,False,False,1,11,True,9.0,0.7425006636580833,broker,Albert Cardona / J. Vogelstein,4,/Users/wgray13/projects/connectomics-survey/postanalysis/pdfs/files/doi_10.1101_2025.09.22.677863.pdf
work_7fc5d3b2b2fb4fec,Songbird connectome reveals tunneling of migratory neurons in the adult striatum,2025,10.1101/2025.10.24.684388,bioRxiv,core_relevant,surround,False,False,1,6,True,5.0,0.7000265463233342,broker,M. Helmstaedter / Winfried Denk,6,/Users/wgray13/projects/connectomics-survey/postanalysis/pdfs/files/doi_10.1101_2025.10.24.684388.pdf
work_8d360f62130e5f09,Barcoded Rabies In Situ Connectomics for high-throughput reconstruction of neural circuits,2025,10.1101/2025.07.16.665048,bioRxiv,core_relevant,surround,False,False,1,1,True,1.0,0.3918237324130608,only_out,M. Helmstaedter / Winfried Denk,4,/Users/wgray13/projects/connectomics-survey/postanalysis/pdfs/files/doi_10.1101_2025.07.16.665048.pdf
work_8f57fcadbe445368,Scalable automated segmentation quantifies mitochondrial proteins and morphology at the nanoscale,2025,10.1101/2025.07.28.667278,bioRxiv,adjacent_relevant,surround,False,False,1,4,True,,,no_graph,Xiaoyin Chen / Yonggang Wang,12,/Users/wgray13/projects/connectomics-survey/postanalysis/pdfs/files/doi_10.1101_2025.07.28.667278.pdf
work_9189f72c98e4bc63,Modeling and simulation of electrodiffusion in dense reconstructions of cerebral tissue,2025,10.48550/arxiv.2512.03224,arXiv.org,adjacent_relevant,surround,False,False,1,2,True,2.0,0.3830634457127688,only_out,Xiaoyin Chen / Yonggang Wang,6,/Users/wgray13/projects/connectomics-survey/postanalysis/pdfs/files/doi_10.48550_arxiv.2512.03224.pdf
work_938db2c7232708be,Towards Generalized Synapse Detection Across Invertebrate Species,2025,10.48550/arxiv.2509.17041,arXiv.org,core_relevant,surround,False,False,1,18,True,11.0,0.0220334483674011,only_out,Albert Cardona / J. Vogelstein,4,/Users/wgray13/projects/connectomics-survey/postanalysis/pdfs/files/doi_10.48550_arxiv.2509.17041.pdf
work_9f1fa6649aef5d3c,Organization and Community Usage of a Neuron Type Circuitry Knowledge Base of the Hippocampal Formation,2025,10.3390/biomedicines13102363,Biomedicines,adjacent_relevant,surround,False,False,1,1,True,1.0,0.2256437483408548,only_out,Xiaoyin Chen / Yonggang Wang,3,/Users/wgray13/projects/connectomics-survey/postanalysis/pdfs/files/doi_10.3390_biomedicines13102363.pdf
work_a46f2b2358333423,Connectome analysis of a cerebellum-like circuit for sensory prediction,2025,10.1101/2025.07.03.662989,bioRxiv,core_relevant,surround,False,False,1,2,True,2.0,0.597557738253252,only_out,J. Lichtman / Hanspeter Pfister,12,/Users/wgray13/projects/connectomics-survey/postanalysis/pdfs/files/doi_10.1101_2025.07.03.662989.pdf
work_a7f972fae6f1bf6b,Photoemission electron microscopy for connectomics,2025,10.1073/pnas.2521349122,Proceedings of the National Academy of Sciences of the United States of America,adjacent_relevant,surround,False,False,1,4,True,3.0,0.7063976639235466,broker,J. Lichtman / Hanspeter Pfister,17,/Users/wgray13/projects/connectomics-survey/postanalysis/pdfs/files/doi_10.1073_pnas.2521349122.pdf
work_c0da79108172b87a,FGNet: Leveraging Feature-Guided Attention to Refine SAM2 for 3D EM Neuron Segmentation,2025,10.48550/arxiv.2511.13063,AAAI Conference on Artificial Intelligence,core_relevant,surround,False,False,1,3,True,,,no_graph,Xiaoyin Chen / Yonggang Wang,5,/Users/wgray13/projects/connectomics-survey/postanalysis/pdfs/files/doi_10.48550_arxiv.2511.13063.pdf
work_c472352d7f4b95e1,Building connectome analysis tools with representation learning on neuronal skeleton and circuit topology.,2025,10.1016/j.neunet.2025.107603,Neural Networks,core_relevant,surround,False,False,1,8,True,8.0,0.6331298115211044,only_out,Xiaoyin Chen / Yonggang Wang,4,/Users/wgray13/projects/connectomics-survey/postanalysis/pdfs/files/doi_10.1016_j.neunet.2025.107603.pdf
work_c8962279ab5d5ffa,How neural feedback enables flexible visual processing in Drosophila.,2025,10.1016/j.tins.2025.10.012,Trends in Neurosciences,adjacent_relevant,surround,False,False,1,6,True,6.0,0.5205734005840191,only_out,Xiaoyin Chen / Yonggang Wang,2,postanalysis/pdfs/files/doi_10.1016_j.tins.2025.10.012.pdf
work_d15b5cef0700394c,Analyzing Large Connectome Graphs With BossDB Network Tools,2025,10.1002/cpz1.70273,Current Protocols,role_bridge,surround,False,False,1,12,True,9.0,0.7807273692593576,broker,Albert Cardona / J. Vogelstein,6,/Users/wgray13/projects/connectomics-survey/postanalysis/pdfs/files/doi_10.1002_cpz1.70273.pdf
work_d2c3bba07feec3fd,Buried Treasure? Overlooked and Newly Discovered Evolutionary Contributions to Human Brain Diseases,2025,10.1002/ana.78030,Annals of Neurology,role_bridge,surround,False,False,1,2,True,,,no_graph,Olaf Sporns / B. Mišić,21,/Users/wgray13/projects/connectomics-survey/postanalysis/pdfs/files/doi_10.1002_ana.78030.pdf
work_d504b1ae6a472164,"A multisensory, bidirectional, valence encoder guides behavioral decisions",2025,10.1101/2025.09.26.678749,bioRxiv,adjacent_relevant,surround,False,False,1,2,True,2.0,0.5927794000530926,only_out,Albert Cardona / J. Vogelstein,13,/Users/wgray13/projects/connectomics-survey/postanalysis/pdfs/files/doi_10.1101_2025.09.26.678749.pdf
work_d791a3e80f872b81,Connectomic mapping of pharyngeal and gut sensory circuits in adult Drosophila,2025,10.64898/2025.12.14.694216,bioRxiv,core_relevant,surround,False,False,1,4,True,4.0,0.4295195115476506,only_out,H. Sebastian Seung / G. Jefferis,4,/Users/wgray13/projects/connectomics-survey/postanalysis/pdfs/files/doi_10.64898_2025.12.14.694216.pdf
work_d90ae797458f67e7,VesiclePy: A machine learning vesicle analysis toolbox for volume electron microscopy,2025,10.1101/2025.09.08.674799,bioRxiv,core_relevant,surround,False,False,1,3,True,3.0,0.3942129015131404,only_out,J. Lichtman / Hanspeter Pfister,11,/Users/wgray13/projects/connectomics-survey/postanalysis/pdfs/files/doi_10.1101_2025.09.08.674799.pdf
work_dac06fc9ca941af4,HiPerMotif: Novel Parallel Subgraph Isomorphism in Large-Scale Property Graphs,2025,10.1109/hpec67600.2025.11196090,IEEE Conference on High Performance Extreme Computing,role_bridge,surround,False,False,1,3,True,3.0,0.4706663127156889,only_out,M. Helmstaedter / Winfried Denk,5,/Users/wgray13/projects/connectomics-survey/postanalysis/pdfs/files/doi_10.1109_hpec67600.2025.11196090.pdf
work_e76e6d50da9f6a6c,A complex network-based approach to detect and investigate connectome motifs in the larval Drosophila,2025,10.1016/j.compbiomed.2025.110135,Comput. Biol. Medicine,core_relevant,surround,False,False,1,3,True,3.0,0.2898858508096628,only_out,Enrico Corradini / Federica Parlapiano,5,/Users/wgray13/projects/connectomics-survey/postanalysis/pdfs/files/doi_10.1016_j.compbiomed.2025.110135.pdf
work_f0439b44f01e4c2f,"Using BossDB Tools to Access, Visualize, and Share Volumetric Neuroscience Data",2025,10.1002/cpz1.70247,Current Protocols,core_relevant,surround,False,False,1,2,True,2.0,0.7236527740907884,broker,Albert Cardona / J. Vogelstein,9,/Users/wgray13/projects/connectomics-survey/postanalysis/pdfs/files/doi_10.1002_cpz1.70247.pdf
work_f960fec2204ccebe,Sparse Graph Reconstruction and Seriation for Large-Scale Image Stacks,2025,10.48550/arxiv.2509.23084,arXiv.org,core_relevant,surround,False,False,1,4,True,,,no_graph,J. Lichtman / Hanspeter Pfister,3,/Users/wgray13/projects/connectomics-survey/postanalysis/pdfs/files/doi_10.48550_arxiv.2509.23084.pdf
work_fa17b5d996649a23,An entropic measure of diverse specialization highlights multifunctional neurons in annotated connectomes,2025,10.1162/netn.a.533,bioRxiv,core_relevant,surround,False,False,1,11,True,11.0,0.5805680913193523,only_out,Oliver Hobert / Steven J. Cook,5,/Users/wgray13/projects/connectomics-survey/postanalysis/pdfs/files/doi_10.1162_netn.a.533.pdf
work_104e54f2c4601a53,A method for extracting an approximated connectome from libraries of single cell anatomical reconstructions,2025,10.1101/2023.05.21.541471,bioRxiv,adjacent_relevant,surround,False,False,0,24,True,11.0,0.2293602336076453,only_out,M. Helmstaedter / Winfried Denk,5,/Users/wgray13/projects/connectomics-survey/postanalysis/pdfs/files/doi_10.1101_2023.05.21.541471.pdf
work_11708302632c43f1,Unveiling and Steering Connectome Organization with Interpretable Latent Variables,2025,10.48550/arxiv.2505.13011,arXiv.org,core_relevant,surround,False,False,0,2,True,,,no_graph,Xiaoyin Chen / Yonggang Wang,3,/Users/wgray13/projects/connectomics-survey/postanalysis/pdfs/files/doi_10.48550_arxiv.2505.13011.pdf
work_138205744e23415e,"Volume Electron Microscopy of Cortical Organoids: Methods for Region Identification, Connectome Reconstruction, and Organelle Segmentation",2025,10.64898/2025.12.31.697152,bioRxiv,core_relevant,surround,False,False,0,11,True,0.0,0.287231218476241,isolate,Javier DeFelipe / Michael W. Reimann,9,/Users/wgray13/projects/connectomics-survey/postanalysis/pdfs/files/doi_10.64898_2025.12.31.697152.pdf
work_1d7b3131ed780fc1,Measuring the functional complexity of nanoscale connectomes: polarity matters,2025,10.1101/2024.09.24.614724,bioRxiv,core_relevant,surround,False,False,0,9,True,6.0,0.3355455269445181,only_out,Albert Cardona / J. Vogelstein,10,/Users/wgray13/projects/connectomics-survey/postanalysis/pdfs/files/doi_10.1101_2024.09.24.614724.pdf
work_212bf25a53f211bd,Polyadic synapses introduce unique wiring architectures in T5 cells of Drosophila,2025,10.1101/2025.08.04.668437,bioRxiv,core_relevant,surround,False,False,0,3,True,3.0,0.4040350411468011,only_out,H. Sebastian Seung / G. Jefferis,2,/Users/wgray13/projects/connectomics-survey/postanalysis/pdfs/files/doi_10.1101_2025.08.04.668437.pdf
work_249e338ceaff8555,Predicting Neural Activity from Connectome Embedding Spaces,2025,10.1101/2025.05.09.653224,bioRxiv,core_relevant,surround,False,False,0,7,True,6.0,0.281391027342713,only_out,H. Sebastian Seung / G. Jefferis,3,/Users/wgray13/projects/connectomics-survey/postanalysis/pdfs/files/doi_10.1101_2025.05.09.653224.pdf
work_2732032b9e6241eb,Cross-modal cell nucleus point clouds non-rigid registration for multiscale brain structure analysis,2025,10.1093/bib/bbaf631.029,Briefings Bioinform.,core_relevant,surround,False,False,0,1,True,1.0,0.2163525351738784,only_out,Xiaoyin Chen / Yonggang Wang,4,/Users/wgray13/projects/connectomics-survey/postanalysis/pdfs/files/doi_10.1093_bib_bbaf631.029.pdf
work_2c3d7740e61c43c2,Decoding neuronal wiring by joint inference of cell identity and synaptic connectivity,2025,10.1101/2025.03.04.640006,bioRxiv,core_relevant,surround,False,False,0,13,True,0.0,0.6238385983541279,isolate,Oliver Hobert / Steven J. Cook,7,/Users/wgray13/projects/connectomics-survey/postanalysis/pdfs/files/doi_10.1101_2025.03.04.640006.pdf
work_2f671ade1d1c2e2c,Sexually-dimorphic neurons in the Drosophila whole-brain connectome,2025,10.21203/rs.3.rs-6881911/v1,Research Square,core_relevant,surround,False,False,0,12,True,9.0,0.5083620918502787,only_out,H. Sebastian Seung / G. Jefferis,21,/Users/wgray13/projects/connectomics-survey/postanalysis/pdfs/files/doi_10.21203_rs.3.rs-6881911_v1.pdf
work_2fe794228645ab5f,Emergence of clustered synapses during the development of a nervous system,2025,10.1186/s12915-026-02539-1,bioRxiv,core_relevant,surround,False,False,0,8,True,7.0,0.3981948500132731,only_out,Oliver Hobert / Steven J. Cook,3,/Users/wgray13/projects/connectomics-survey/postanalysis/pdfs/files/doi_10.1186_s12915-026-02539-1.pdf
work_333df38005e93b84,A distribution-aware semi-supervised pipeline for cost-effective neuron segmentation,2025,10.1016/j.isci.2025.114507,bioRxiv,core_relevant,surround,False,False,0,13,True,,,no_graph,Xiaoyin Chen / Yonggang Wang,6,/Users/wgray13/projects/connectomics-survey/postanalysis/pdfs/files/doi_10.1016_j.isci.2025.114507.pdf
work_339286588e4c34ee,Connectomic analysis of astrocyte-synapse interactions in the cerebral cortex,2025,10.1101/2025.02.20.639274,bioRxiv,core_relevant,surround,False,False,0,5,True,0.0,0.4669498274488983,isolate,M. Helmstaedter / Winfried Denk,3,/Users/wgray13/projects/connectomics-survey/postanalysis/pdfs/files/doi_10.1101_2025.02.20.639274.pdf
work_354df85e2024b100,Descending neurons integrate learnt information from mushroom body with context to promote escape behaviour,2025,10.1101/2025.09.30.679458,bioRxiv,core_relevant,surround,False,False,0,2,True,2.0,0.3634191664454473,only_out,Albert Cardona / J. Vogelstein,5,/Users/wgray13/projects/connectomics-survey/postanalysis/pdfs/files/doi_10.1101_2025.09.30.679458.pdf
work_3beb8aa4ca1a3268,Developmental Connectomics of the Mouse Cerebellum,2025,10.1101/2025.09.15.676403,bioRxiv,adjacent_relevant,surround,False,False,0,9,True,8.0,0.421290151314043,only_out,J. Lichtman / Hanspeter Pfister,24,/Users/wgray13/projects/connectomics-survey/postanalysis/pdfs/files/doi_10.1101_2025.09.15.676403.pdf
work_41fd01a3460815f1,Brain-wide monosynaptic single-neuron connectivity with ROInet-seq,2025,10.1101/2024.04.04.588058,bioRxiv,adjacent_relevant,surround,False,False,0,2,True,2.0,0.6302097159543403,only_out,Javier DeFelipe / Michael W. Reimann,9,/Users/wgray13/projects/connectomics-survey/postanalysis/pdfs/files/doi_10.1101_2024.04.04.588058.pdf
work_459f1826c547937f,Feedforward Ordering in Neural Connectomes via Feedback Arc Minimization,2025,10.48550/arxiv.2506.13799,arXiv.org,core_relevant,surround,False,False,0,2,True,,,no_graph,Soroush Vahidi,1,/Users/wgray13/projects/connectomics-survey/postanalysis/pdfs/files/doi_10.48550_arxiv.2506.13799.pdf
work_5358e3a3d6b06625,Ce -NeRV3D - a C. elegans Neuron RNA-seq Visualization tool in 3D,2025,10.17912/micropub.biology.001830,microPublication Biology,role_bridge,surround,False,False,0,4,True,,,no_graph,Oliver Hobert / Steven J. Cook,5,/Users/wgray13/projects/connectomics-survey/postanalysis/pdfs/files/doi_10.17912_micropub.biology.001830.pdf
work_54c833a2b3464360,Synaptic Targets of Circadian Clock Neurons Influence Core Clock Parameters,2025,10.1101/2025.01.30.635801,bioRxiv,adjacent_relevant,surround,False,False,0,2,True,2.0,0.6766657817892222,only_out,J. Lichtman / Hanspeter Pfister,5,/Users/wgray13/projects/connectomics-survey/postanalysis/pdfs/files/doi_10.1101_2025.01.30.635801.pdf
work_5abec42a57c2d02e,Probing circuit mechanisms of feature selectivity in mouse visual cortex through synaptic-resolution connectomics,2025,10.1101/2024.11.18.624135,bioRxiv,core_relevant,surround,False,False,0,11,True,9.0,0.3873108574462437,only_out,Victor Buendía / A. Sanzeni,3,/Users/wgray13/projects/connectomics-survey/postanalysis/pdfs/files/doi_10.1101_2024.11.18.624135.pdf
work_69f2e6e2a29366b5,Horizontal cell connectivity in the anchovy retina—a 3D electron microscopic study,2025,10.1186/s12915-025-02242-7,BMC Biology,core_relevant,surround,False,False,0,2,True,2.0,0.3867799309795593,only_out,M. Heß / G. Wanner,6,/Users/wgray13/projects/connectomics-survey/postanalysis/pdfs/files/doi_10.1186_s12915-025-02242-7.pdf
work_6e1dc2d9574819bb,Practitioner forecasts of technological progress in biostasis,2025,,,role_bridge,surround,False,False,0,1,True,1.0,0.1627289620387576,only_out,Andrew T. McKenzie / John F. Crary,14,/Users/wgray13/projects/connectomics-survey/postanalysis/pdfs/files/arxiv_2507.17274.pdf
work_700ac102f4fb80b1,"How tp1, an indirect wing steering muscle, stabilizes Drosophila’s flight",2025,10.1101/2025.11.02.686144,bioRxiv,adjacent_relevant,surround,False,False,0,1,True,1.0,0.5492434297849748,only_out,H. Sebastian Seung / G. Jefferis,10,/Users/wgray13/projects/connectomics-survey/postanalysis/pdfs/files/doi_10.1101_2025.11.02.686144.pdf
work_868a0c3e30075587,Formation of sensory maps: New tools reveal novel insights into neural development.,2025,10.1016/j.conb.2025.103112,Current Opinion in Neurobiology,adjacent_relevant,surround,False,False,0,6,True,6.0,0.5261481284842049,only_out,Nova Qi / Wesley B. Grueber,3,postanalysis/pdfs/files/doi_10.1016_j.conb.2025.103112.pdf
work_9952e1421e932a54,CochleaNet: deep learning-based image analysis for cochlear connectomics and gene therapy,2025,10.1101/2025.11.16.688700,bioRxiv,adjacent_relevant,surround,False,False,0,1,True,1.0,0.2261746748075391,only_out,Xiaoyin Chen / Yonggang Wang,11,/Users/wgray13/projects/connectomics-survey/postanalysis/pdfs/files/doi_10.1101_2025.11.16.688700.pdf
work_9b04387f1c164376,Critical Regions and Connections Form Pathways and Clusters in the Mouse Brain,2025,10.1111/ejn.16673,European Journal of Neuroscience,adjacent_relevant,surround,False,False,0,8,True,6.0,0.0018582426333952,only_out,Jaeseung Jeong / Jerald D. Kralik,3,postanalysis/pdfs/files/doi_10.1111_ejn.16673.pdf
work_a65fd84f5ad30482,Synthesis of Ground Truth for Neuronal Segmentation,2025,10.1109/escience65000.2025.00062,eScience,core_relevant,surround,False,False,0,2,True,0.0,0.6718874435890629,isolate,J. Lichtman / Hanspeter Pfister,4,postanalysis/pdfs/files/doi_10.1109_escience65000.2025.00062.pdf
work_a6e8ffd247b8379d,Random Access Segmentation Volume Compression for Interactive Volume Rendering,2025,10.1111/cgf.70116,Computer graphics forum (Print),core_relevant,surround,False,False,0,11,True,,,no_graph,M. Piochowiak / Carsten Dachsbacher,3,/Users/wgray13/projects/connectomics-survey/postanalysis/pdfs/files/doi_10.1111_cgf.70116.pdf
work_a8f8c04de8f90a09,MACS: Multi Domain Adaptation Enables Accurate Connectomics Segmentation,2025,10.1101/2025.09.30.679580,bioRxiv,core_relevant,surround,False,False,0,7,True,7.0,0.233342182107778,only_out,Aindrila Saha / Abrar Rahman Abir,3,/Users/wgray13/projects/connectomics-survey/postanalysis/pdfs/files/doi_10.1101_2025.09.30.679580.pdf
work_adc47fb958b56981,Flexible Steering and Conflict Resolution: Pro-Goal/Anti-Goal Gating in Drosophila Lateral Accessory Lobes,2025,10.1101/2025.10.19.683286,bioRxiv,adjacent_relevant,surround,False,False,0,2,True,,,no_graph,Oliver Hobert / Steven J. Cook,4,/Users/wgray13/projects/connectomics-survey/postanalysis/pdfs/files/doi_10.1101_2025.10.19.683286.pdf
work_b00454c3eed4e13f,Optimization of connectome weights for a neural network model generating both forward and backward locomotion in C. elegans,2025,10.1038/s41598-026-54384-5,bioRxiv,core_relevant,surround,False,False,0,10,True,7.0,0.1937881603397929,only_out,J. Lichtman / Hanspeter Pfister,2,/Users/wgray13/projects/connectomics-survey/postanalysis/pdfs/files/doi_10.1038_s41598-026-54384-5.pdf
work_b13274c306e3faaa,Population Morphology Implies a Common Developmental Blueprint for Drosophila Motion Detectors,2025,10.1101/2025.11.15.688637,bioRxiv,core_relevant,surround,False,False,0,11,True,0.0,0.6687018847889568,isolate,H. Sebastian Seung / G. Jefferis,3,/Users/wgray13/projects/connectomics-survey/postanalysis/pdfs/files/doi_10.1101_2025.11.15.688637.pdf
work_bbd9387a25c87eb2,An Advanced Undergraduate Laboratory Course: Calcium Imaging and Data Analysis – a Mini Graduate Research Experience,2025,10.59390/001c.154223,"Journal of undergraduate neuroscience education : JUNE : a publication of FUN, Faculty for Undergraduate Neuroscience",role_bridge,surround,False,False,0,1,True,,,no_graph,Hua Bai / Lina Ni,3,/Users/wgray13/projects/connectomics-survey/postanalysis/pdfs/files/doi_10.59390_001c.154223.pdf
work_c23677e9a896aab1,SynAnno: Interactive Guided Proofreading of Synaptic Annotations,2025,10.1101/2025.08.09.669342,bioRxiv,core_relevant,surround,False,False,0,21,True,11.0,0.5184496947172816,only_out,J. Lichtman / Hanspeter Pfister,6,/Users/wgray13/projects/connectomics-survey/postanalysis/pdfs/files/doi_10.1101_2025.08.09.669342.pdf
work_c422469eca54b052,Towards 1000-fold Electron Microscopy Image Compression for Connectomics via VQ-VAE with Transformer Prior,2025,10.48550/arxiv.2511.00231,arXiv.org,core_relevant,surround,False,False,0,4,True,4.0,0.1884788956729493,only_out,J. Lichtman / Hanspeter Pfister,5,/Users/wgray13/projects/connectomics-survey/postanalysis/pdfs/files/doi_10.48550_arxiv.2511.00231.pdf
work_cca2544e722815fe,MExConn: A Mechanistically Interpretable Multi-Expert Framework for Multi-Organelle Segmentation in Connectomics,2025,10.1101/2025.11.19.689394,bioRxiv,core_relevant,surround,False,False,0,5,True,5.0,0.2237855057074595,only_out,Aindrila Saha / Abrar Rahman Abir,6,/Users/wgray13/projects/connectomics-survey/postanalysis/pdfs/files/doi_10.1101_2025.11.19.689394.pdf
work_ce03d570e1504336,NeuroADDA: Active Discriminative Domain Adaptation in Connectomic,2025,10.48550/arxiv.2503.06196,arXiv.org,core_relevant,surround,False,False,0,6,True,6.0,0.2758162994425272,only_out,J. Lichtman / Hanspeter Pfister,4,/Users/wgray13/projects/connectomics-survey/postanalysis/pdfs/files/doi_10.48550_arxiv.2503.06196.pdf
work_d16238626e8fd436,CeDNe: A multi-scale computational framework for modeling structure-function relationships in the C. elegans nervous system,2025,10.1101/2025.11.03.683805,bioRxiv,adjacent_relevant,surround,False,False,0,12,True,7.0,0.5266790549508893,only_out,Xiaoyin Chen / Yonggang Wang,2,/Users/wgray13/projects/connectomics-survey/postanalysis/pdfs/files/doi_10.1101_2025.11.03.683805.pdf
work_e7eced2fd69b5614,A connectomics-driven analysis reveals novel characterization of border regions in mouse visual cortex,2025,10.1101/2024.05.24.595837,bioRxiv,core_relevant,surround,False,False,0,5,True,5.0,0.5142022829838068,only_out,J. Lichtman / Hanspeter Pfister,5,/Users/wgray13/projects/connectomics-survey/postanalysis/pdfs/files/doi_10.1101_2024.05.24.595837.pdf
work_ed758019e16d0616,AI-driven Large-scale Electron Microscopy enables Whole-tissue Subcellular Digitization,2025,,,role_bridge,surround,False,False,0,0,True,,,no_graph,Xiaoyin Chen / Yonggang Wang,10,/Users/wgray13/projects/connectomics-survey/postanalysis/pdfs/files/arxiv_2511.02860.pdf
work_eef15d36f4fa729e,Synaptic MEMOIR: mapping individual synapses of neurons with protein barcodes,2025,10.1101/2025.11.25.690442,bioRxiv,adjacent_relevant,surround,False,False,0,3,True,3.0,0.0169896469338996,only_out,Xiaoyin Chen / Yonggang Wang,11,/Users/wgray13/projects/connectomics-survey/postanalysis/pdfs/files/doi_10.1101_2025.11.25.690442.pdf
work_f547350e8b5ab482,Hunger Recruits a Parallel Circuit Encoding Alcohol Reward,2025,10.1101/2025.10.14.682140,bioRxiv,core_relevant,surround,False,False,0,4,True,4.0,0.250862755508362,only_out,Albert Cardona / J. Vogelstein,8,/Users/wgray13/projects/connectomics-survey/postanalysis/pdfs/files/doi_10.1101_2025.10.14.682140.pdf
work_f860e169d115e52a,Connectivity Is All You Need: Inferring Neuronal Types with NTAC,2025,10.1101/2025.06.11.659184,bioRxiv,core_relevant,surround,False,False,0,2,True,2.0,0.329439872577648,only_out,H. Sebastian Seung / G. Jefferis,4,/Users/wgray13/projects/connectomics-survey/postanalysis/pdfs/files/doi_10.1101_2025.06.11.659184.pdf
work_5672c64d21c23a39,Updates on mouse models of Alzheimer’s disease,2024,10.1186/s13024-024-00712-0,Molecular Neurodegeneration,role_bridge,surround,False,False,149,0,True,,,no_graph,Dongming Cai / Logan A. Walker,5,/Users/wgray13/projects/connectomics-survey/postanalysis/pdfs/files/doi_10.1186_s13024-024-00712-0.pdf
work_cdc13855d8ed503c,Whole-brain spatial organization of hippocampal single-neuron projectomes,2024,10.1126/science.adj9198,Science,adjacent_relevant,surround,False,False,101,1,True,,,no_graph,Xiaoyin Chen / Yonggang Wang,42,/Users/wgray13/projects/connectomics-survey/postanalysis/pdfs/files/doi_10.1126_science.adj9198.pdf
work_7a4e052848e9ed49,Directed and acyclic synaptic connectivity in the human layer 2-3 cortical microcircuit,2024,10.1126/science.adg8828,Science,adjacent_relevant,surround,False,False,41,1,True,1.0,0.2410406158747013,only_out,Yangfan Peng / Jörg R. P. Geiger,18,/Users/wgray13/projects/connectomics-survey/postanalysis/pdfs/files/doi_10.1126_science.adg8828.pdf
work_b866698ca919a87c,"Structure, biophysics, and circuit function of a “giant” cortical presynaptic terminal",2024,10.1126/science.adg6757,Science,adjacent_relevant,surround,False,False,39,3,True,,,no_graph,Javier DeFelipe / Michael W. Reimann,2,/Users/wgray13/projects/connectomics-survey/postanalysis/pdfs/files/doi_10.1126_science.adg6757.pdf
work_08619b07a36cc83e,A split-GAL4 driver line resource for Drosophila neuron types,2024,10.1101/2024.01.09.574419,bioRxiv,adjacent_relevant,surround,False,False,28,23,True,10.0,0.9012476771967084,broker,J. Lichtman / Hanspeter Pfister,83,/Users/wgray13/projects/connectomics-survey/postanalysis/pdfs/files/doi_10.1101_2024.01.09.574419.pdf
work_5eda7d6b28adcf3f,The effects of axonal beading and undulation on axonal diameter estimation from diffusion MRI: Insights from simulations in human axons segmented from three-dimensional electron microscopy,2024,10.1002/nbm.5087,NMR in Biomedicine,adjacent_relevant,surround,False,False,24,3,True,2.0,0.3748340854791611,only_out,Xiaoyin Chen / Yonggang Wang,9,/Users/wgray13/projects/connectomics-survey/postanalysis/pdfs/files/doi_10.1002_nbm.5087.pdf
work_f96071f9be4b7008,Neuropeptide signaling network of Caenorhabditis elegans: from structure to behavior,2024,10.1093/genetics/iyae141,Genetics,adjacent_relevant,surround,False,False,24,13,True,10.0,0.7963897000265463,broker,Oliver Hobert / Steven J. Cook,5,/Users/wgray13/projects/connectomics-survey/postanalysis/pdfs/files/doi_10.1093_genetics_iyae141.pdf
work_24db0b13f227c74f,The emergence of multiscale connectomics-based approaches in stroke recovery.,2024,10.1016/j.tins.2024.01.003,Trends in Neurosciences,role_bridge,surround,False,False,20,5,True,4.0,0.6628616936554287,only_out,S. Latifi / S. Carmichael,2,/Users/wgray13/projects/connectomics-survey/postanalysis/pdfs/files/doi_10.1016_j.tins.2024.01.003.pdf
work_a6b5e4a6d152f613,Dynamic encoding of temperature in the central circadian circuit coordinates physiological activities,2024,10.1038/s41467-024-47278-5,Nature Communications,adjacent_relevant,surround,False,False,20,3,True,3.0,0.7515264135917176,broker,Xiaoyin Chen / Yonggang Wang,8,/Users/wgray13/projects/connectomics-survey/postanalysis/pdfs/files/doi_10.1038_s41467-024-47278-5.pdf
work_1f4e6682ef491cf4,A simulated annealing algorithm for randomizing weighted networks,2024,10.1038/s43588-024-00735-z,bioRxiv,core_relevant,surround,False,False,19,5,True,5.0,0.7435625165914521,broker,Olaf Sporns / B. Mišić,4,/Users/wgray13/projects/connectomics-survey/postanalysis/pdfs/files/doi_10.1038_s43588-024-00735-z.pdf
work_5e7b528bcdd9a495,Comparative connectomics of dauer reveals developmental plasticity,2024,10.1038/s41467-024-45943-3,Nature Communications,core_relevant,surround,False,False,18,7,True,7.0,0.7610830899920361,broker,H. Sebastian Seung / G. Jefferis,12,/Users/wgray13/projects/connectomics-survey/postanalysis/pdfs/files/doi_10.1038_s41467-024-45943-3.pdf
work_a5aafa50c460274e,"Modular segmentation, spatial analysis and visualization of volume electron microscopy datasets",2024,10.1038/s41596-024-00957-5,Nature Protocols,adjacent_relevant,surround,False,False,18,23,True,,,no_graph,Albert Cardona / J. Vogelstein,9,/Users/wgray13/projects/connectomics-survey/postanalysis/pdfs/files/doi_10.1038_s41596-024-00957-5.pdf
work_68c16753f9b50e6c,Comparative connectomics of the descending and ascending neurons of the Drosophila nervous system: stereotypy and sexual dimorphism,2024,10.1101/2024.06.04.596633,bioRxiv,core_relevant,surround,False,False,17,24,True,11.0,0.8975311919299177,broker,H. Sebastian Seung / G. Jefferis,36,/Users/wgray13/projects/connectomics-survey/postanalysis/pdfs/files/doi_10.1101_2024.06.04.596633.pdf
work_0e82b896b4b49d23,Driver lines for studying associative learning in Drosophila,2024,10.1101/2023.09.15.557808,bioRxiv,adjacent_relevant,surround,False,False,16,21,True,11.0,0.8595699495619856,broker,J. Lichtman / Hanspeter Pfister,12,/Users/wgray13/projects/connectomics-survey/postanalysis/pdfs/files/doi_10.1101_2023.09.15.557808.pdf
work_bebd197ae07871b0,Geometric Scaling Law in Real Neuronal Networks.,2024,10.1103/physrevlett.133.138401,Physical Review Letters,core_relevant,surround,False,False,16,6,True,5.0,0.8959384125298646,broker,Xiaoyin Chen / Yonggang Wang,4,/Users/wgray13/projects/connectomics-survey/postanalysis/pdfs/files/doi_10.1103_physrevlett.133.138401.pdf
work_3d61aeab949bc36b,Synaptic connectome of a neurosecretory network in the Drosophila brain,2024,10.1101/2024.08.28.609616,bioRxiv,core_relevant,surround,False,False,15,1,True,1.0,0.8773559861959118,only_in,H. Sebastian Seung / G. Jefferis,12,/Users/wgray13/projects/connectomics-survey/postanalysis/pdfs/files/doi_10.1101_2024.08.28.609616.pdf
work_55710d158a1a37b5,Compensatory enhancement of input maintains aversive dopaminergic reinforcement in hungry Drosophila,2024,10.1016/j.neuron.2024.04.035,Neuron,adjacent_relevant,surround,False,False,15,3,True,3.0,0.3113883727103796,only_out,Albert Cardona / J. Vogelstein,5,/Users/wgray13/projects/connectomics-survey/postanalysis/pdfs/files/doi_10.1016_j.neuron.2024.04.035.pdf
work_f8b43696a85f2146,Perisomatic Features Enable Efficient and Dataset Wide Cell-Type Classifications Across Large-Scale Electron Microscopy Volumes,2024,10.1101/2022.07.20.499976,bioRxiv,core_relevant,surround,False,False,15,6,True,6.0,0.7557738253251924,broker,H. Sebastian Seung / G. Jefferis,47,/Users/wgray13/projects/connectomics-survey/postanalysis/pdfs/files/doi_10.1101_2022.07.20.499976.pdf
work_1c4e68a0ac51bff8,Serotonergic modulation of swallowing in a complete fly vagus nerve connectome,2024,10.1016/j.cub.2024.08.025,Current Biology,core_relevant,surround,False,False,14,15,True,11.0,0.7955933103265198,broker,Albert Cardona / J. Vogelstein,7,/Users/wgray13/projects/connectomics-survey/postanalysis/pdfs/files/doi_10.1016_j.cub.2024.08.025.pdf
work_3124a20f92cb886a,Cell type-specific connectome predicts distributed working memory activity in the mouse brain,2024,10.7554/elife.85442,eLife,adjacent_relevant,surround,False,False,14,6,True,,,no_graph,Xiaoyin Chen / Yonggang Wang,5,/Users/wgray13/projects/connectomics-survey/postanalysis/pdfs/files/doi_10.7554_elife.85442.pdf
work_401ad4f230d2edb4,Synaptic promiscuity in brain development,2024,10.1016/j.cub.2023.12.037,Current Biology,adjacent_relevant,surround,False,False,13,10,True,8.0,0.3512078577117069,only_out,Neele Wolterhoff / P. Hiesinger,2,/Users/wgray13/projects/connectomics-survey/postanalysis/pdfs/files/doi_10.1016_j.cub.2023.12.037.pdf
work_6cb6b38366a67f63,Combined topological and spatial constraints are required to capture the structure of neural connectomes,2024,10.1162/netn_a_00428,Network Neuroscience,core_relevant,surround,False,False,13,28,True,11.0,0.8128484204937616,broker,A. Salova / Istv'an A. Kov'acs,2,/Users/wgray13/projects/connectomics-survey/postanalysis/pdfs/files/doi_10.1162_netn_a_00428.pdf
work_859356168bf1abd8,Experience-dependent glial pruning of synaptic glomeruli during the critical period,2024,10.1038/s41598-024-59942-3,Scientific Reports,adjacent_relevant,surround,False,False,13,4,True,0.0,0.0923812052030793,isolate,K. Broadie / Nichalas Nelson,3,/Users/wgray13/projects/connectomics-survey/postanalysis/pdfs/files/doi_10.1038_s41598-024-59942-3.pdf
work_df48e1069956b586,Mapping of Multiple Neurotransmitter Receptor Subtypes and Distinct Protein Complexes to the Connectome,2024,10.1016/j.neuron.2023.12.014,Neuron,core_relevant,surround,False,False,13,14,True,10.0,0.8585080966286169,broker,James R. Anderson / Bryan William Jones,14,/Users/wgray13/projects/connectomics-survey/postanalysis/pdfs/files/doi_10.1016_j.neuron.2023.12.014.pdf
work_75cb74969bc98615,Disrupted basolateral amygdala circuits supports negative valence bias in depressive states,2024,10.1038/s41398-024-03085-6,Translational Psychiatry,adjacent_relevant,surround,False,False,12,1,True,1.0,0.0230953013007698,only_out,M. Bigot / Mariana Alonso,12,/Users/wgray13/projects/connectomics-survey/postanalysis/pdfs/files/doi_10.1038_s41398-024-03085-6.pdf
work_a1e7c7d72b96c595,Relation of connectome topology to brain volume across 103 mammalian species,2024,10.1371/journal.pbio.3002489,PLoS Biology,adjacent_relevant,surround,False,False,12,10,True,,,no_graph,Olaf Sporns / B. Mišić,7,/Users/wgray13/projects/connectomics-survey/postanalysis/pdfs/files/doi_10.1371_journal.pbio.3002489.pdf
work_d067523a41fd1ad1,Comprehensive analysis of the C. elegans connectome reveals novel circuits and functions of previously unstudied neurons,2024,10.1371/journal.pbio.3002939,PLoS Biology,core_relevant,surround,False,False,12,15,True,8.0,0.8529333687284311,broker,Oliver Hobert / Steven J. Cook,1,/Users/wgray13/projects/connectomics-survey/postanalysis/pdfs/files/doi_10.1371_journal.pbio.3002939.pdf
work_daa2fa8d0d038ecd,Descending control and regulation of spontaneous flight turns in Drosophila,2024,10.1016/j.cub.2023.12.047,Current Biology,adjacent_relevant,surround,False,False,12,4,True,4.0,0.3103265197770108,only_out,H. Sebastian Seung / G. Jefferis,3,/Users/wgray13/projects/connectomics-survey/postanalysis/pdfs/files/doi_10.1016_j.cub.2023.12.047.pdf
work_4b92ca8485717239,Functional imaging and connectome analyses reveal organizing principles of taste circuits in Drosophila,2024,10.1101/2024.08.23.609242,bioRxiv,core_relevant,surround,False,False,11,5,True,5.0,0.7464826121582161,broker,Xiaoyin Chen / Yonggang Wang,5,/Users/wgray13/projects/connectomics-survey/postanalysis/pdfs/files/doi_10.1101_2024.08.23.609242.pdf
work_9b3e284c74fcc4ce,A gut-brain-gut interoceptive circuit loop gates sugar ingestion in Drosophila,2024,10.1101/2024.09.02.610892,bioRxiv,core_relevant,surround,False,False,11,2,True,2.0,0.7467480753915583,broker,H. Sebastian Seung / G. Jefferis,4,/Users/wgray13/projects/connectomics-survey/postanalysis/pdfs/files/doi_10.1101_2024.09.02.610892.pdf
work_b0f78721c583f805,New rabies viral resources for multi-scale neural circuit mapping,2024,10.1038/s41380-024-02451-6,Molecular Psychiatry,adjacent_relevant,surround,False,False,11,0,True,0.0,0.237589593841253,isolate,Xiaoyin Chen / Yonggang Wang,15,/Users/wgray13/projects/connectomics-survey/postanalysis/pdfs/files/doi_10.1038_s41380-024-02451-6.pdf
work_d1f2442f6d43b0fa,Unambiguous identification of asymmetric and symmetric synapses using volume electron microscopy,2024,10.3389/fnana.2024.1348032,Frontiers in Neuroanatomy,adjacent_relevant,surround,False,False,11,10,True,,,no_graph,Javier DeFelipe / Michael W. Reimann,6,/Users/wgray13/projects/connectomics-survey/postanalysis/pdfs/files/doi_10.3389_fnana.2024.1348032.pdf
work_d585630845101835,Network statistics of the whole-brain connectome of Drosophila,2024,10.1038/s41586-024-07968-y,Nature,core_relevant,surround,False,False,11,27,True,11.0,0.8614281921953809,broker,H. Sebastian Seung / G. Jefferis,15,/Users/wgray13/projects/connectomics-survey/postanalysis/pdfs/files/doi_10.1038_s41586-024-07968-y.pdf
work_d803ce4772a77dc8,Global Neuron Shape Reasoning with Point Affinity Transformers,2024,10.1101/2024.11.24.625067,bioRxiv,core_relevant,surround,False,False,11,24,True,11.0,0.8635518980621184,broker,J. Lichtman / Hanspeter Pfister,6,/Users/wgray13/projects/connectomics-survey/postanalysis/pdfs/files/doi_10.1101_2024.11.24.625067.pdf
work_db966a0bb6433a32,Decomposing cortical activity through neuronal tracing connectome-eigenmodes in marmosets,2024,10.1038/s41467-024-46651-8,Nature Communications,adjacent_relevant,surround,False,False,11,2,True,2.0,0.5619856649853995,only_out,Xiaoyin Chen / Yonggang Wang,7,/Users/wgray13/projects/connectomics-survey/postanalysis/pdfs/files/doi_10.1038_s41467-024-46651-8.pdf
work_651bbd48b5d55dba,Ensemble learning and ground-truth validation of synaptic connectivity inferred from spike trains,2024,10.1101/2024.02.01.578336,bioRxiv,adjacent_relevant,surround,False,False,10,7,True,7.0,0.1436156092381205,only_out,Oliver Hobert / Steven J. Cook,8,/Users/wgray13/projects/connectomics-survey/postanalysis/pdfs/files/doi_10.1101_2024.02.01.578336.pdf
work_bdba9e4ffa08287b,Building and Integrating Brain-Wide Maps of Nervous System Function in Invertebrates,2024,10.1016/j.conb.2024.102868,Current Opinion in Neurobiology,adjacent_relevant,surround,False,False,10,13,True,11.0,0.7098486859569949,broker,S. Flavell / A. Gordus,2,/Users/wgray13/projects/connectomics-survey/postanalysis/pdfs/files/doi_10.1016_j.conb.2024.102868.pdf
work_d4c66da026d7e292,Hue selectivity from recurrent circuitry in Drosophila,2024,10.1038/s41593-024-01640-4,Nature Neuroscience,adjacent_relevant,surround,False,False,10,2,True,2.0,0.813379346960446,broker,Albert Cardona / J. Vogelstein,9,/Users/wgray13/projects/connectomics-survey/postanalysis/pdfs/files/doi_10.1038_s41593-024-01640-4.pdf
work_30981973267aabd1,A circuit motif for color in the human foveal retina,2024,10.1073/pnas.2405138121,Proceedings of the National Academy of Sciences of the United States of America,core_relevant,surround,False,False,9,4,True,4.0,0.7207326785240245,broker,M. Helmstaedter / Winfried Denk,3,/Users/wgray13/projects/connectomics-survey/postanalysis/pdfs/files/doi_10.1073_pnas.2405138121.pdf
work_3ab4cb0af089d3c4,Geometry and dynamics of representations in a precisely balanced memory network related to olfactory cortex,2024,10.7554/elife.96303,bioRxiv,adjacent_relevant,surround,False,False,9,1,True,1.0,0.2941332625431377,only_out,M. Helmstaedter / Winfried Denk,3,/Users/wgray13/projects/connectomics-survey/postanalysis/pdfs/files/doi_10.7554_elife.96303.pdf
work_7599ba180a4cf46f,Centralized brain networks underlie body part coordination during grooming,2024,10.1101/2024.12.17.628844,bioRxiv,adjacent_relevant,surround,False,False,9,16,True,,,no_graph,P. G. Özdil / Pavan Ramdya,5,/Users/wgray13/projects/connectomics-survey/postanalysis/pdfs/files/doi_10.1101_2024.12.17.628844.pdf
work_783a1dd4e73fe636,Multiplexed volumetric CLEM enabled by scFvs provides insights into the cytology of cerebellar cortex,2024,10.1038/s41467-024-50411-z,Nature Communications,adjacent_relevant,surround,False,False,9,9,True,7.0,0.8664719936288824,broker,J. Lichtman / Hanspeter Pfister,21,/Users/wgray13/projects/connectomics-survey/postanalysis/pdfs/files/doi_10.1038_s41467-024-50411-z.pdf
work_bbfd25e70010781f,Specific inhibition and disinhibition in the higher-order structure of a cortical connectome,2024,10.1093/cercor/bhae433,bioRxiv,core_relevant,surround,False,False,9,8,True,6.0,0.7135651712237855,broker,Javier DeFelipe / Michael W. Reimann,4,/Users/wgray13/projects/connectomics-survey/postanalysis/pdfs/files/doi_10.1093_cercor_bhae433.pdf
work_5881c31b6290ea43,OsO2 as the Contrast‐Generating Chemical Species of Osmium‐Stained Biological Tissues in Electron Microscopy,2024,10.1002/cbic.202400311,ChemBioChem,adjacent_relevant,surround,False,False,8,1,True,1.0,0.8112556410937085,only_in,J. Lichtman / Hanspeter Pfister,10,/Users/wgray13/projects/connectomics-survey/postanalysis/pdfs/files/doi_10.1002_cbic.202400311.pdf
work_f4817c11c2011073,Molecular patterns of evolutionary changes throughout the whole nervous system of multiple nematode species,2024,10.1101/2024.11.23.624988,bioRxiv,adjacent_relevant,surround,False,False,8,5,True,,,no_graph,Oliver Hobert / Steven J. Cook,9,/Users/wgray13/projects/connectomics-survey/postanalysis/pdfs/files/doi_10.1101_2024.11.23.624988.pdf
work_13fda9927df18461,Neural Control of Naturalistic Behavior Choices.,2024,10.1146/annurev-neuro-111020-094019,Annual Review of Neuroscience,role_bridge,surround,False,False,7,14,True,,,no_graph,H. Sebastian Seung / G. Jefferis,2,/Users/wgray13/projects/connectomics-survey/postanalysis/pdfs/files/doi_10.1146_annurev-neuro-111020-094019.pdf
work_52b580bc3bd18b49,Combinatorial expression of γ-protocadherins regulates synaptic connectivity in the mouse neocortex,2024,10.7554/elife.89532,eLife,adjacent_relevant,surround,False,False,7,1,True,1.0,0.4255375630475179,only_out,Xiaoyin Chen / Yonggang Wang,6,/Users/wgray13/projects/connectomics-survey/postanalysis/pdfs/files/doi_10.7554_elife.89532.pdf
work_55a637a99f2abc58,vEMstitch: an algorithm for fully automatic image stitching of volume electron microscopy,2024,10.1093/gigascience/giae076,GigaScience,adjacent_relevant,surround,False,False,7,10,True,,,no_graph,Xiaoyin Chen / Yonggang Wang,7,/Users/wgray13/projects/connectomics-survey/postanalysis/pdfs/files/doi_10.1093_gigascience_giae076.pdf
work_5ef81a0210f02d50,Tracing nerve fibers with volume electron microscopy to quantitatively analyze brain connectivity,2024,10.1038/s42003-024-06491-0,Communications Biology,core_relevant,surround,False,False,7,16,True,,,no_graph,Javier DeFelipe / Michael W. Reimann,6,/Users/wgray13/projects/connectomics-survey/postanalysis/pdfs/files/doi_10.1038_s42003-024-06491-0.pdf
work_78c6e57b544b9fe2,A generative model of the connectome with dynamic axon growth,2024,10.1101/2024.02.23.581824,bioRxiv,adjacent_relevant,surround,False,False,7,12,True,,,no_graph,Olaf Sporns / B. Mišić,6,/Users/wgray13/projects/connectomics-survey/postanalysis/pdfs/files/doi_10.1101_2024.02.23.581824.pdf
work_902cf6d1376f15b8,Self-Supervised Edge Detection Reconstruction for Topology-Informed 3D Axon Segmentation and Centerline Detection,2024,10.1109/wacv57701.2024.00765,IEEE Workshop/Winter Conference on Applications of Computer Vision,core_relevant,surround,False,False,7,2,True,,,no_graph,Alec Xu / L. Brattain,4,postanalysis/pdfs/files/doi_10.1109_wacv57701.2024.00765.pdf
work_97db5339b48de23b,What do the mushroom bodies do for the insect brain? Twenty-five years of progress,2024,10.1101/lm.053827.123,"Learning & memory (Cold Spring Harbor, N.Y.)",adjacent_relevant,surround,False,False,7,4,True,4.0,0.1967082559065569,only_out,Albert Cardona / J. Vogelstein,2,/Users/wgray13/projects/connectomics-survey/postanalysis/pdfs/files/doi_10.1101_lm.053827.123.pdf
work_beb149e7e1eaddc1,Neurons Underlying Aggression-Like Actions That Are Shared by Both Males and Females in Drosophila,2024,10.1523/jneurosci.0142-24.2024,Journal of Neuroscience,core_relevant,surround,False,False,7,5,True,5.0,0.7103796124236793,broker,Xiaoyin Chen / Yonggang Wang,4,/Users/wgray13/projects/connectomics-survey/postanalysis/pdfs/files/doi_10.1523_jneurosci.0142-24.2024.pdf
work_c7afd5ff001a1245,Perineuronal Net Microscopy: From Brain Pathology to Artificial Intelligence,2024,10.3390/ijms25084227,International Journal of Molecular Sciences,adjacent_relevant,surround,False,False,7,1,True,1.0,0.1558269179718609,only_out,M. Paveliev / Albert V. Aganov,10,/Users/wgray13/projects/connectomics-survey/postanalysis/pdfs/files/doi_10.3390_ijms25084227.pdf
work_3e58e01b1b6afbaf,Brain Network Fingerprints of Alzheimer’s Disease Risk Factors in Mouse Models with Humanized APOE Alleles,2024,10.1016/j.mri.2024.110251,Magnetic Resonance Imaging,role_bridge,surround,False,False,6,8,True,,,no_graph,Xiaoyin Chen / Yonggang Wang,10,/Users/wgray13/projects/connectomics-survey/postanalysis/pdfs/files/doi_10.1016_j.mri.2024.110251.pdf
work_4f1a3d9f690cb72b,Creating Efficient Workflows for Electron Microscopy Laboratories with Automated Specimen Preparation,2024,10.1093/mictod/qaad108,Microscopy Today,adjacent_relevant,surround,False,False,6,1,True,1.0,0.87470135386249,only_in,S. L. Goodman / Jeffrey W Percival,8,postanalysis/pdfs/files/doi_10.1093_mictod_qaad108.pdf
work_97623cd3af206ac9,Retinal Connectomics: A Review.,2024,10.1146/annurev-vision-102122-110414,Annual Review of Vision Science,adjacent_relevant,surround,False,False,6,37,True,6.0,0.7119723918237324,broker,James R. Anderson / Bryan William Jones,3,postanalysis/pdfs/files/doi_10.1146_annurev-vision-102122-110414.pdf
work_e9d8ca26efe55228,A recurrent neural circuit in Drosophila temporally sharpens visual inputs,2024,10.1016/j.cub.2024.11.064,Current Biology,role_bridge,surround,False,False,6,5,True,,,no_graph,Xiaoyin Chen / Yonggang Wang,6,/Users/wgray13/projects/connectomics-survey/postanalysis/pdfs/files/doi_10.1016_j.cub.2024.11.064.pdf
work_08675beb12687867,"Self-organized emergence of modularity, hierarchy, and mirror reversals from competitive synaptic growth in a developmental model of the visual pathway",2024,10.1101/2024.01.07.574543,bioRxiv,adjacent_relevant,surround,False,False,5,3,True,3.0,0.6896734802229891,broker,Albert Cardona / J. Vogelstein,4,/Users/wgray13/projects/connectomics-survey/postanalysis/pdfs/files/doi_10.1101_2024.01.07.574543.pdf
work_3cc21ebfdfd82947,Two- and three-dimensional electron microscopy techniques: powerful tools for studying the brain under physiological and pathological conditions,2024,10.4103/atn.atn-d-24-00009,Advanced Technology in Neuroscience,adjacent_relevant,surround,False,False,5,22,True,,,no_graph,Javier DeFelipe / Michael W. Reimann,4,postanalysis/pdfs/files/doi_10.4103_atn.atn-d-24-00009.pdf
work_4fa3a9808ba6a3df,Comparative prospects of imaging methods for whole-brain mammalian connectomics,2024,10.1016/j.crmeth.2025.100988,Cell Reports Methods,adjacent_relevant,surround,False,False,5,28,True,11.0,0.7310857446243695,broker,Albert Cardona / J. Vogelstein,3,/Users/wgray13/projects/connectomics-survey/postanalysis/pdfs/files/doi_10.1016_j.crmeth.2025.100988.pdf
work_5c30de2792e919de,Somatotopic organization among parallel sensory pathways that promote a grooming sequence in Drosophila,2024,10.7554/elife.87602,eLife,core_relevant,surround,False,False,5,4,True,4.0,0.7151579506238386,broker,H. Sebastian Seung / G. Jefferis,9,/Users/wgray13/projects/connectomics-survey/postanalysis/pdfs/files/doi_10.7554_elife.87602.pdf
work_79981ad4ed5b69f7,Temperature cues are integrated in a flexible circadian neuropeptidergic feedback circuit to remodel sleep-wake patterns in flies,2024,10.1371/journal.pbio.3002918,PLoS Biology,core_relevant,surround,False,False,5,10,True,7.0,0.5513671356517122,only_out,Xiaoyin Chen / Yonggang Wang,3,/Users/wgray13/projects/connectomics-survey/postanalysis/pdfs/files/doi_10.1371_journal.pbio.3002918.pdf
work_8484909b8e4314f6,A scalable and modular computational pipeline for axonal connectomics: automated tracing and assembly of axons across serial sections,2024,10.1101/2024.06.11.598365,bioRxiv,core_relevant,surround,False,False,5,4,True,4.0,0.7417042739580568,broker,H. Sebastian Seung / G. Jefferis,11,/Users/wgray13/projects/connectomics-survey/postanalysis/pdfs/files/doi_10.1101_2024.06.11.598365.pdf
work_932e9c86e6b77869,Diverging network architecture of the C. elegans connectome and signaling network,2024,10.1103/6wgv-b9m6,PRX Life,core_relevant,surround,False,False,5,27,True,11.0,0.822139633660738,broker,Olaf Sporns / B. Mišić,4,/Users/wgray13/projects/connectomics-survey/postanalysis/pdfs/files/doi_10.1103_6wgv-b9m6.pdf
work_97f48fe8229c5ca1,Future avenues in Drosophila mushroom body research,2024,10.1101/lm.053863.123,"Learning & memory (Cold Spring Harbor, N.Y.)",adjacent_relevant,surround,False,False,5,2,True,2.0,0.3581099017786037,only_out,Xiaoyin Chen / Yonggang Wang,6,/Users/wgray13/projects/connectomics-survey/postanalysis/pdfs/files/doi_10.1101_lm.053863.123.pdf
work_a2a4a9ee0540ed54,A connectome manipulation framework for the systematic and reproducible study of structure–function relationships through simulations,2024,10.1101/2024.05.24.593860,bioRxiv,adjacent_relevant,surround,False,False,5,8,True,5.0,0.7738253251924608,broker,Javier DeFelipe / Michael W. Reimann,6,/Users/wgray13/projects/connectomics-survey/postanalysis/pdfs/files/doi_10.1101_2024.05.24.593860.pdf
work_a78bdc6891f8f9bd,Tango-seq: overlaying transcriptomics on connectomics to identify neurons downstream of Drosophila clock neurons,2024,10.1101/2024.05.22.595372,bioRxiv,adjacent_relevant,surround,False,False,5,8,True,6.0,0.8563843907618794,broker,Alison Ehrlich / Justin Blau,7,/Users/wgray13/projects/connectomics-survey/postanalysis/pdfs/files/doi_10.1101_2024.05.22.595372.pdf
work_0506cf0b9cfdf1f4,"Experience-dependent, sexually dimorphic synaptic connectivity defined by sex-specific cadherin expression",2024,10.1101/2024.05.08.593207,bioRxiv,adjacent_relevant,surround,False,False,4,2,True,2.0,0.001592779400053,only_out,Oliver Hobert / Steven J. Cook,3,/Users/wgray13/projects/connectomics-survey/postanalysis/pdfs/files/doi_10.1101_2024.05.08.593207.pdf
work_28f6b028bce5063b,Synaptic architecture of leg and wing premotor control networks in Drosophila,2024,10.1038/s41586-024-07600-z,Nature,core_relevant,surround,False,False,4,10,True,8.0,0.7148924873904964,broker,H. Sebastian Seung / G. Jefferis,33,/Users/wgray13/projects/connectomics-survey/postanalysis/pdfs/files/doi_10.1038_s41586-024-07600-z.pdf
work_4d0bb2dac32d5f80,Clinical parameters affect the structure and function of superficial pyramidal neurons in the adult human neocortex,2024,10.1093/braincomms/fcae351,Brain Communications,role_bridge,surround,False,False,4,5,True,,,no_graph,M. Helmstaedter / Winfried Denk,8,/Users/wgray13/projects/connectomics-survey/postanalysis/pdfs/files/doi_10.1093_braincomms_fcae351.pdf
work_52c3157475b348eb,Subcellular pathways through VGluT3-expressing mouse amacrine cells provide locally tuned object-motion-selective signals in the retina,2024,10.1038/s41467-024-46996-0,Nature Communications,core_relevant,surround,False,False,4,3,True,0.0,0.1688346164056278,isolate,Karl Friedrichsen / Jen-Chun Hsiang,7,/Users/wgray13/projects/connectomics-survey/postanalysis/pdfs/files/doi_10.1038_s41467-024-46996-0.pdf
work_55546f314d441530,A two-layer neural circuit controls fast forward locomotion in Drosophila.,2024,10.1016/j.cub.2024.06.060,Current Biology,adjacent_relevant,surround,False,False,4,1,True,1.0,0.0743297053358109,only_out,Xiaoyin Chen / Yonggang Wang,8,/Users/wgray13/projects/connectomics-survey/postanalysis/pdfs/files/doi_10.1016_j.cub.2024.06.060.pdf
work_705030ef2bfb656f,WASPSYN: A Challenge for Domain Adaptive Synapse Detection in Microwasp Brain Connectomes,2024,10.1109/tmi.2024.3400276,IEEE Transactions on Medical Imaging,core_relevant,surround,False,False,4,16,True,11.0,0.7170161932572339,broker,Xiaoyin Chen / Yonggang Wang,16,/Users/wgray13/projects/connectomics-survey/postanalysis/pdfs/files/doi_10.1109_tmi.2024.3400276.pdf
work_7edbf75269bec8b3,"Cognitive limits of larval Drosophila: testing for conditioned inhibition, sensory preconditioning, and second-order conditioning",2024,10.1101/lm.053726.122,"Learning & memory (Cold Spring Harbor, N.Y.)",adjacent_relevant,surround,False,False,4,4,True,4.0,0.0185824263339527,only_out,Albert Cardona / J. Vogelstein,8,/Users/wgray13/projects/connectomics-survey/postanalysis/pdfs/files/doi_10.1101_lm.053726.122.pdf
work_a68a9d6ab83ca9c9,Morphology and synapse topography optimize linear encoding of synapse numbers in Drosophila looming responsive descending neurons,2024,10.1101/2024.04.24.591016,bioRxiv,core_relevant,surround,False,False,4,3,True,3.0,0.6928590390230953,broker,James R. Anderson / Bryan William Jones,6,/Users/wgray13/projects/connectomics-survey/postanalysis/pdfs/files/doi_10.1101_2024.04.24.591016.pdf
work_ab36762bb6325eed,Estimating orientation in natural scenes: A spiking neural network model of the insect central complex,2024,10.1371/journal.pcbi.1011913,bioRxiv,core_relevant,surround,False,False,4,2,True,2.0,0.7483408547916114,broker,Rachael Stentiford / Paul Graham,5,/Users/wgray13/projects/connectomics-survey/postanalysis/pdfs/files/doi_10.1371_journal.pcbi.1011913.pdf
work_f0db5f459abbc488,Implementing engrams from a machine learning perspective: XOR as a basic motif,2024,10.48550/arxiv.2406.09940,arXiv.org,adjacent_relevant,surround,False,False,4,0,True,,,no_graph,Xiaoyin Chen / Yonggang Wang,3,/Users/wgray13/projects/connectomics-survey/postanalysis/pdfs/files/doi_10.48550_arxiv.2406.09940.pdf
work_0d6070f19ac2ba89,ATUM-Tomo: A multi-scale approach to cellular ultrastructure by combined volume scanning electron microscopy and electron tomography,2024,10.1101/2023.07.12.547497,bioRxiv,core_relevant,surround,False,False,3,5,True,,,no_graph,Albert Cardona / J. Vogelstein,12,/Users/wgray13/projects/connectomics-survey/postanalysis/pdfs/files/doi_10.1101_2023.07.12.547497.pdf
work_1443f24616d459b6,Deciphering the genetic code of neuronal type connectivity through bilinear modeling,2024,10.1101/2023.08.01.551532,bioRxiv,core_relevant,surround,False,False,3,17,True,7.0,0.5834881868861163,only_out,Mu Qiao,1,/Users/wgray13/projects/connectomics-survey/postanalysis/pdfs/files/doi_10.1101_2023.08.01.551532.pdf
work_2cc3229a1ee783db,FUNCTIONS OF C. ELEGANS NEURONS FROM SYNAPTIC CONNECTIVITY,2024,10.1101/2024.03.08.584145,bioRxiv,core_relevant,surround,False,False,3,2,True,2.0,0.8101937881603398,only_in,Oliver Hobert / Steven J. Cook,1,/Users/wgray13/projects/connectomics-survey/postanalysis/pdfs/files/doi_10.1101_2024.03.08.584145.pdf
work_30a1ebdb4c3baaba,EM-Compressor: Electron Microscopy Image Compression in Connectomics with Variational Autoencoders,2024,10.1101/2024.07.07.601368,bioRxiv,core_relevant,surround,False,False,3,8,True,5.0,0.7937350676931245,broker,J. Lichtman / Hanspeter Pfister,11,/Users/wgray13/projects/connectomics-survey/postanalysis/pdfs/files/doi_10.1101_2024.07.07.601368.pdf
work_31486f2a35f6fd01,Connectome-based prediction of functional impairment in experimental stroke models,2024,10.1371/journal.pone.0310743,PLoS ONE,role_bridge,surround,False,False,3,12,True,,,no_graph,Albert Cardona / J. Vogelstein,6,/Users/wgray13/projects/connectomics-survey/postanalysis/pdfs/files/doi_10.1371_journal.pone.0310743.pdf
work_5436166536896437,Brain functions emerge as thermal equilibrium states of the connectome,2024,10.1103/jmqh-bqnc,,adjacent_relevant,surround,False,False,3,18,True,10.0,0.7111760021237059,broker,Habib Benali / El-kaioum M. Moutuou,2,/Users/wgray13/projects/connectomics-survey/postanalysis/pdfs/files/doi_10.1103_jmqh-bqnc.pdf
work_688b4a2626c16814,On human nanoscale synaptome: Morphology modeling and storage estimation,2024,10.1371/journal.pone.0310156,PLoS ONE,adjacent_relevant,surround,False,False,3,3,True,3.0,0.5763206795858774,only_out,W. Nowinski,1,/Users/wgray13/projects/connectomics-survey/postanalysis/pdfs/files/doi_10.1371_journal.pone.0310156.pdf
work_74ae11cddb4ef3c5,Cell nuclei segmentation in mm-scale x-ray holographic nanotomography images of mouse brain tissue,2024,10.1117/12.3028309,Optical Engineering + Applications,role_bridge,surround,False,False,3,15,True,,,no_graph,M. Helmstaedter / Winfried Denk,9,postanalysis/pdfs/files/doi_10.1117_12.3028309.pdf
work_7c6166a6cee7212b,High-Complexity Barcoded Rabies Virus for Scalable Circuit Mapping Using Single-Cell and Single-Nucleus Sequencing,2024,10.1101/2024.10.01.616167,bioRxiv,adjacent_relevant,surround,False,False,3,0,True,0.0,0.2774090788425803,isolate,M. Helmstaedter / Winfried Denk,11,/Users/wgray13/projects/connectomics-survey/postanalysis/pdfs/files/doi_10.1101_2024.10.01.616167.pdf
work_7dd7962792f95bf5,Volume Electron Microscopy for Genetically and Molecularly Defined Neural Circuits.,2024,10.1016/j.neures.2024.06.002,Neurosciences research,adjacent_relevant,surround,False,False,3,11,True,,,no_graph,Nobuhiko Ohno / Mitsuhiko Katoh,3,/Users/wgray13/projects/connectomics-survey/postanalysis/pdfs/files/doi_10.1016_j.neures.2024.06.002.pdf
work_7eaece935269f9eb,Fibration symmetries and cluster synchronization in the Caenorhabditis elegans connectome,2024,10.1371/journal.pone.0297669,PLoS ONE,core_relevant,surround,False,False,3,9,True,6.0,0.7393151048579771,broker,Oliver Hobert / Steven J. Cook,5,/Users/wgray13/projects/connectomics-survey/postanalysis/pdfs/files/doi_10.1371_journal.pone.0297669.pdf
work_92f0ed50dd791967,Generating brain-wide connectome using synthetic axonal morphologies,2024,10.1038/s41467-025-62030-3,bioRxiv,adjacent_relevant,surround,False,False,3,3,True,2.0,0.1799840722059994,only_out,Javier DeFelipe / Michael W. Reimann,5,/Users/wgray13/projects/connectomics-survey/postanalysis/pdfs/files/doi_10.1038_s41467-025-62030-3.pdf
work_14a97091f2e2dc94,Rabies virus-based barcoded neuroanatomy resolved by single-cell RNA and in situ sequencing,2024,10.7554/elife.87866,eLife,adjacent_relevant,surround,False,False,2,3,True,3.0,0.6203875763206795,only_out,Xiaoyin Chen / Yonggang Wang,11,/Users/wgray13/projects/connectomics-survey/postanalysis/pdfs/files/doi_10.7554_elife.87866.pdf
work_24bd85a7ab47ee4f,Asymmetry in synaptic connectivity balances redundancy and reachability in the Caenorhabditis elegans connectome,2024,10.1016/j.isci.2024.110713,iScience,core_relevant,surround,False,False,2,6,True,6.0,0.6952482081231749,broker,Oliver Hobert / Steven J. Cook,2,/Users/wgray13/projects/connectomics-survey/postanalysis/pdfs/files/doi_10.1016_j.isci.2024.110713.pdf
work_29a46ffc83e815f5,NeuroSC: Exploring Neurodevelopment via Spatiotemporal Collation of Anatomical Networks,2024,10.1101/2024.08.27.609993,bioRxiv,core_relevant,surround,False,False,2,15,True,11.0,0.6955136713565171,broker,Albert Cardona / J. Vogelstein,11,/Users/wgray13/projects/connectomics-survey/postanalysis/pdfs/files/doi_10.1101_2024.08.27.609993.pdf
work_3250041480d5bfbb,Scalable electron tomography for connectomics,2024,10.1101/2024.06.05.597487,bioRxiv,core_relevant,surround,False,False,2,2,True,2.0,0.0345102203344836,only_out,Xiaoyin Chen / Yonggang Wang,8,/Users/wgray13/projects/connectomics-survey/postanalysis/pdfs/files/doi_10.1101_2024.06.05.597487.pdf
work_58007cb591ca3f75,From Worms to Mice: Homeostasis Maybe All You Need,2024,10.48550/arxiv.2412.20090,arXiv.org,core_relevant,surround,False,False,2,5,True,4.0,0.7523228032917441,broker,Xiaoyin Chen / Yonggang Wang,1,/Users/wgray13/projects/connectomics-survey/postanalysis/pdfs/files/doi_10.48550_arxiv.2412.20090.pdf
work_64c06ffb8fbbfee6,Wrapped up: advancements in volume electron microscopy and application in myelin research,2024,10.1515/mim-2024-0013,Methods in Microscopy,adjacent_relevant,surround,False,False,2,13,True,,,no_graph,Xiaoyin Chen / Yonggang Wang,6,postanalysis/pdfs/files/doi_10.1515_mim-2024-0013.pdf
work_9b2bee51208c52e0,FISBe: A Real-World Benchmark Dataset for Instance Segmentation of Long-Range thin Filamentous Structures,2024,10.1109/cvpr52733.2024.02100,Computer Vision and Pattern Recognition,adjacent_relevant,surround,False,False,2,8,True,,,no_graph,J. Lichtman / Hanspeter Pfister,9,/Users/wgray13/projects/connectomics-survey/postanalysis/pdfs/files/doi_10.1109_cvpr52733.2024.02100.pdf
work_a29df339a1fb0da5,NeuroVerse: Immersive exploration of 3D ultrastructural brain reconstructions for education and collaborative analysis,2024,10.1145/3665318.3677154,International Conference on 3D Technologies for the World Wide Web,adjacent_relevant,surround,False,False,2,7,True,,,no_graph,Javier DeFelipe / Michael W. Reimann,2,/Users/wgray13/projects/connectomics-survey/postanalysis/pdfs/files/doi_10.1145_3665318.3677154.pdf
work_afe0fbf6e9c35179,Neuproofreader: An Interactive Proofreading System with Suggestive Prompts for Connectomics,2024,10.1109/icmew63481.2024.10645359,2024 IEEE International Conference on Multimedia and Expo Workshops (ICMEW),core_relevant,surround,False,False,2,2,True,,,no_graph,Xiaoyin Chen / Yonggang Wang,3,postanalysis/pdfs/files/doi_10.1109_icmew63481.2024.10645359.pdf
work_d778374ca7ad4ea7,Discriminating neural ensemble patterns through dendritic computations in randomly connected feedforward networks,2024,10.1101/2024.05.20.595075,bioRxiv,adjacent_relevant,surround,False,False,2,3,True,3.0,0.3342182107778073,only_out,Bhanu Priya Somashekar / U. Bhalla,2,/Users/wgray13/projects/connectomics-survey/postanalysis/pdfs/files/doi_10.1101_2024.05.20.595075.pdf
work_0da77aa3fcf687df,Nanoscale Connectomics Annotation Standards Framework,2024,,arXiv.org,role_bridge,surround,False,False,1,7,True,5.0,0.7071940536235731,broker,Albert Cardona / J. Vogelstein,11,/Users/wgray13/projects/connectomics-survey/postanalysis/pdfs/files/arxiv_2410.2232.pdf
work_2241814d12e83665,Gossamer: Scaling Image Processing and Reconstruction to Whole Brains,2024,10.1101/2024.04.07.588466,bioRxiv,core_relevant,surround,False,False,1,5,True,,,no_graph,Xiaoyin Chen / Yonggang Wang,18,/Users/wgray13/projects/connectomics-survey/postanalysis/pdfs/files/doi_10.1101_2024.04.07.588466.pdf
work_34df5eb3d913abe2,Discovering motifs to fingerprint multi-layer networks: a case study on the connectome of C. Elegans,2024,10.1140/epjb/s10051-024-00848-4,European Physical Journal B : Condensed Matter Physics,core_relevant,surround,False,False,1,6,True,6.0,0.6862224581895408,broker,Philipp Hövel / Jorge Ruiz,3,/Users/wgray13/projects/connectomics-survey/postanalysis/pdfs/files/doi_10.1140_epjb_s10051-024-00848-4.pdf
work_4e3b5ec4297fcae3,A lightweight data-driven spiking neuronal network model of Drosophila olfactory nervous system with dedicated hardware support,2024,10.3389/fnins.2024.1384336,Frontiers in Neuroscience,core_relevant,surround,False,False,1,3,True,3.0,0.4608441730820281,only_out,Makoto Someya / H. Kazama,6,/Users/wgray13/projects/connectomics-survey/postanalysis/pdfs/files/doi_10.3389_fnins.2024.1384336.pdf
work_58718abbeb7e6146,Sparse Annotation is Sufficient for Bootstrapping Dense Segmentation,2024,10.1101/2024.06.14.599135,bioRxiv,role_bridge,surround,False,False,1,18,True,,,no_graph,Albert Cardona / J. Vogelstein,4,/Users/wgray13/projects/connectomics-survey/postanalysis/pdfs/files/doi_10.1101_2024.06.14.599135.pdf
work_6337f24f35656c22,Inference technique for the synaptic conductances in rhythmically active networks and application to respiratory central pattern generation circuits,2024,10.7554/elife.101959,bioRxiv,adjacent_relevant,surround,False,False,1,1,True,1.0,0.8754977435625166,only_in,Xiaoyin Chen / Yonggang Wang,6,/Users/wgray13/projects/connectomics-survey/postanalysis/pdfs/files/doi_10.7554_elife.101959.pdf
work_cca7664492c71a6f,Topological communities in complex networks,2024,,,role_bridge,surround,False,False,1,2,True,1.0,0.2978497478099283,only_out,Luís F Seoane,1,/Users/wgray13/projects/connectomics-survey/postanalysis/pdfs/files/arxiv_2409.02317.pdf
work_fcde997651aa75de,Automated Specimen Preparation for Electron Microscopy,2024,10.1093/mam/ozae044.491,Microscopy and Microanalysis,adjacent_relevant,surround,False,False,1,1,True,1.0,0.335280063711176,only_out,S. L. Goodman / Jeffrey W Percival,2,postanalysis/pdfs/files/doi_10.1093_mam_ozae044.491.pdf
work_07f25302c0da9745,Graphs and the idiographic brain.,2024,10.1093/brain/awae044,Brain : a journal of neurology,role_bridge,surround,False,False,0,2,True,,,no_graph,Olaf Sporns / B. Mišić,3,/Users/wgray13/projects/connectomics-survey/postanalysis/pdfs/files/doi_10.1093_brain_awae044.pdf
work_14dc972439b8037e,Connectome Projects and Mentality,2024,10.33425/2641-4317.1199,International Journal of Psychiatry Research,adjacent_relevant,surround,False,False,0,7,True,5.0,0.1956464029731882,only_out,Gerard Marx / Chaim Gilon,2,/Users/wgray13/projects/connectomics-survey/postanalysis/pdfs/files/doi_10.33425_2641-4317.1199.pdf
work_3ab7d874f89ab83f,Wavenumber-dependent transmission of subthreshold waves on electrical synapses network model of Caenorhabditis elegans,2024,10.1101/2024.06.13.598855,bioRxiv,core_relevant,surround,False,False,0,1,True,1.0,0.0921157419697372,only_out,J. Lichtman / Hanspeter Pfister,3,/Users/wgray13/projects/connectomics-survey/postanalysis/pdfs/files/doi_10.1101_2024.06.13.598855.pdf
work_4d00298c33d3d45c,Recurrent connections enable point attractor dynamics and dimensionality reduction in a connectome-constrained model of the insect learning center,2024,10.1101/2024.01.10.574960,bioRxiv,core_relevant,surround,False,False,0,6,True,6.0,0.1948500132731616,only_out,Albert Cardona / J. Vogelstein,8,/Users/wgray13/projects/connectomics-survey/postanalysis/pdfs/files/doi_10.1101_2024.01.10.574960.pdf
work_8fdabecbe4e2c04e,UniSPAC: A Unified Segmentation Framework for Proofreading and Annotation in Connectomics,2024,10.1101/2024.11.27.625336,bioRxiv,core_relevant,surround,False,False,0,0,True,0.0,0.370321210512344,isolate,H. Sebastian Seung / G. Jefferis,8,/Users/wgray13/projects/connectomics-survey/postanalysis/pdfs/files/doi_10.1101_2024.11.27.625336.pdf
work_92cd6d4932ed3a2c,A Differentiable Model for Optimizing the Genetic Drivers of Synaptogenesis,2024,,,adjacent_relevant,surround,False,False,0,10,True,7.0,0.3068754977435625,only_out,T. Boccato / N. Toschi,3,/Users/wgray13/projects/connectomics-survey/postanalysis/pdfs/files/arxiv_2402.07242.pdf
work_92dec379d1c56f26,"Modularity, Hierarchical Flows and Symmetry of the Drosophila Connectome",2024,,,core_relevant,surround,False,False,0,0,True,,,no_graph,Peter Grindrod / R. Sahasrabuddhe,3,/Users/wgray13/projects/connectomics-survey/postanalysis/pdfs/files/arxiv_2412.13202.pdf
work_97df1219325db407,EM and XRM Connectomics Imaging and Experimental Metadata Standards,2024,,arXiv.org,role_bridge,surround,False,False,0,9,True,9.0,0.488452349349615,only_out,Albert Cardona / J. Vogelstein,11,/Users/wgray13/projects/connectomics-survey/postanalysis/pdfs/files/arxiv_2401.15251.pdf
work_a2407908e81f30b0,Nature and nurture in fruit fly hearing,2024,10.3389/fncir.2024.1503438,Frontiers in Neural Circuits,adjacent_relevant,surround,False,False,0,3,True,,,no_graph,Xiaoyin Chen / Yonggang Wang,2,/Users/wgray13/projects/connectomics-survey/postanalysis/pdfs/files/doi_10.3389_fncir.2024.1503438.pdf
work_b64e797daab8dabf,Bilateral Symmetry and Asymmetry in the C. elegans Connectome: A Graph-Theoretic Analysis based on Redundancy Measures,2024,10.1101/2024.10.03.616419,bioRxiv,core_relevant,surround,False,False,0,8,True,,,no_graph,Jaeseung Jeong / Jerald D. Kralik,4,/Users/wgray13/projects/connectomics-survey/postanalysis/pdfs/files/doi_10.1101_2024.10.03.616419.pdf
work_c3155a4e84a6d48c,Learning dynamic representations of the functional connectome in neurobiological networks,2024,10.48550/arxiv.2402.14102,International Conference on Learning Representations,adjacent_relevant,surround,False,False,0,7,True,7.0,0.0358375365011945,only_out,Oliver Hobert / Steven J. Cook,5,/Users/wgray13/projects/connectomics-survey/postanalysis/pdfs/files/doi_10.48550_arxiv.2402.14102.pdf
work_c61795d759331bd4,Modular organization of synapses within a neuromere for distinct axial locomotion in Drosophila larvae,2024,10.1101/2024.06.29.601329,bioRxiv,core_relevant,surround,False,False,0,3,True,0.0,0.2861693655428723,isolate,Albert Cardona / J. Vogelstein,3,/Users/wgray13/projects/connectomics-survey/postanalysis/pdfs/files/doi_10.1101_2024.06.29.601329.pdf
work_dcd4de5eef9c2d99,Homogenized $\textit{C. elegans}$ Neural Activity and Connectivity Data,2024,,,role_bridge,surround,False,False,0,7,True,6.0,0.5986195911866207,only_out,Albert Cardona / J. Vogelstein,4,/Users/wgray13/projects/connectomics-survey/postanalysis/pdfs/files/arxiv_2411.12091.pdf
work_fbf91a06dcaae45b,Inferring community architectures of multisensory pathways in Drosophila via unsupervised network embedding,2024,10.1101/2024.12.20.629573,bioRxiv,core_relevant,surround,False,False,0,13,True,,,no_graph,Xiaoyin Chen / Yonggang Wang,2,/Users/wgray13/projects/connectomics-survey/postanalysis/pdfs/files/doi_10.1101_2024.12.20.629573.pdf
work_484939fab9ad128d,Neural dynamics and architecture of the heading direction circuit in zebrafish,2023,10.1038/s41593-023-01308-5,Nature Neuroscience,role_bridge,surround,False,False,77,0,False,,,no_graph,M. Helmstaedter / Winfried Denk,6,/Users/wgray13/projects/connectomics-survey/postanalysis/pdfs/files/doi_10.1038_s41593-023-01308-5.pdf
work_bf80f6a759100ec2,"Axonal energy metabolism, and the effects in aging and neurodegenerative diseases",2023,10.1186/s13024-023-00634-3,Molecular Neurodegeneration,adjacent_relevant,surround,False,False,72,1,False,1.0,0.3538624900451287,only_out,Xiaoyin Chen / Yonggang Wang,3,/Users/wgray13/projects/connectomics-survey/postanalysis/pdfs/files/doi_10.1186_s13024-023-00634-3.pdf
work_fe4fbe0b28a2fe59,Virtual Fly Brain—An interactive atlas of the Drosophila nervous system,2023,10.3389/fphys.2023.1076533,Frontiers in Physiology,role_bridge,surround,False,False,51,24,False,11.0,0.9277940005309264,broker,Bradly Alicea / Matteo Cantarelli,15,/Users/wgray13/projects/connectomics-survey/postanalysis/pdfs/files/doi_10.3389_fphys.2023.1076533.pdf
work_f1b0eaa20441d8c2,Learning and memory using Drosophila melanogaster: a focus on advances made in the fifth decade of research,2023,10.1093/genetics/iyad085,Genetics,adjacent_relevant,surround,False,False,49,4,False,4.0,0.7143615609238121,broker,Ronald L. Davis,1,/Users/wgray13/projects/connectomics-survey/postanalysis/pdfs/files/doi_10.1093_genetics_iyad085.pdf
work_217b1be6afe9759a,Gap junctions desynchronize a neural circuit to stabilize insect flight,2023,10.1038/s41586-023-06099-0,Nature,adjacent_relevant,surround,False,False,39,1,False,1.0,0.8075391558269179,only_in,Albert Cardona / J. Vogelstein,6,/Users/wgray13/projects/connectomics-survey/postanalysis/pdfs/files/doi_10.1038_s41586-023-06099-0.pdf
work_b9d08d3f470a376f,How Flies See Motion.,2023,10.1146/annurev-neuro-080422-111929,Annual Review of Neuroscience,adjacent_relevant,surround,False,False,39,4,False,4.0,0.8301035306610034,broker,H. Sebastian Seung / G. Jefferis,2,/Users/wgray13/projects/connectomics-survey/postanalysis/pdfs/files/doi_10.1146_annurev-neuro-080422-111929.pdf
work_a79338d25cd0e172,Neural Networks for Navigation: From Connections to Computations.,2023,10.1146/annurev-neuro-110920-032645,Annual Review of Neuroscience,adjacent_relevant,surround,False,False,37,9,False,7.0,0.9084151844969472,broker,H. Sebastian Seung / G. Jefferis,1,/Users/wgray13/projects/connectomics-survey/postanalysis/pdfs/files/doi_10.1146_annurev-neuro-110920-032645.pdf
work_667376031f1d99c8,Imaging brain tissue architecture across millimeter to nanometer scales,2023,10.1038/s41587-023-01911-8,Nature Biotechnology,adjacent_relevant,surround,False,False,31,8,False,7.0,0.9025749933634192,broker,Javier DeFelipe / Michael W. Reimann,16,/Users/wgray13/projects/connectomics-survey/postanalysis/pdfs/files/doi_10.1038_s41587-023-01911-8.pdf
work_0e4e42b0cb08974f,The evolution of Big Data in neuroscience and neurology,2023,10.1186/s40537-023-00751-2,Journal of Big Data,adjacent_relevant,surround,False,False,30,3,False,3.0,0.2577647995752588,only_out,L. Dipietro / Timothy Wagner,7,/Users/wgray13/projects/connectomics-survey/postanalysis/pdfs/files/doi_10.1186_s40537-023-00751-2.pdf
work_52349a07a8609609,Regional and cell-type-specific afferent and efferent projections of the mouse claustrum,2023,10.1016/j.celrep.2023.112118,Cell Reports,adjacent_relevant,surround,False,False,29,0,False,,,no_graph,Xiaoyin Chen / Yonggang Wang,22,/Users/wgray13/projects/connectomics-survey/postanalysis/pdfs/files/doi_10.1016_j.celrep.2023.112118.pdf
work_af9d7bb1093dfbff,Learning Multiscale Consistency for Self-Supervised Electron Microscopy Instance Segmentation,2023,10.1109/icassp48485.2024.10446055,"IEEE International Conference on Acoustics, Speech, and Signal Processing",adjacent_relevant,surround,False,False,27,0,False,,,no_graph,Xiaoyin Chen / Yonggang Wang,5,/Users/wgray13/projects/connectomics-survey/postanalysis/pdfs/files/doi_10.1109_icassp48485.2024.10446055.pdf
work_fafef48ad68a0f38,Connectome-constrained deep mechanistic networks predict neural responses across the fly visual system at single-neuron resolution,2023,10.1101/2023.03.11.532232,bioRxiv,adjacent_relevant,surround,False,False,27,18,False,11.0,0.9174409344305814,broker,M. Helmstaedter / Winfried Denk,10,/Users/wgray13/projects/connectomics-survey/postanalysis/pdfs/files/doi_10.1101_2023.03.11.532232.pdf
work_9a4cc4ec5c4fadb0,Molecular organization of neuronal cell types and neuromodulatory systems in the zebrafish telencephalon,2023,10.1016/j.cub.2023.12.003,Current Biology,adjacent_relevant,surround,False,False,26,3,False,3.0,0.4281921953809397,only_out,M. Helmstaedter / Winfried Denk,4,/Users/wgray13/projects/connectomics-survey/postanalysis/pdfs/files/doi_10.1016_j.cub.2023.12.003.pdf
work_e0314a9ff9b02748,Lineages to circuits: the developmental and evolutionary architecture of information channels into the central complex,2023,10.1007/s00359-023-01616-y,Journal of Comparative Physiology,adjacent_relevant,surround,False,False,26,8,False,7.0,0.8261215821608707,broker,H. Sebastian Seung / G. Jefferis,4,/Users/wgray13/projects/connectomics-survey/postanalysis/pdfs/files/doi_10.1007_s00359-023-01616-y.pdf
work_4bc689f7d81f71a8,Brain wiring determinants uncovered by integrating connectomes and transcriptomes.,2023,10.1016/j.cub.2023.08.020,Current Biology,adjacent_relevant,surround,False,False,22,14,False,9.0,0.892221927263074,broker,James R. Anderson / Bryan William Jones,7,/Users/wgray13/projects/connectomics-survey/postanalysis/pdfs/files/doi_10.1016_j.cub.2023.08.020.pdf
work_f408a5a1c2e5bc4d,"Network inference from short, noisy, low time-resolution, partial measurements: Application to C. elegans neuronal calcium dynamics",2023,10.1073/pnas.2216030120,Proceedings of the National Academy of Sciences of the United States of America,adjacent_relevant,surround,False,False,22,1,False,1.0,0.0658348818688611,only_out,Albert Cardona / J. Vogelstein,3,/Users/wgray13/projects/connectomics-survey/postanalysis/pdfs/files/doi_10.1073_pnas.2216030120.pdf
work_728e612eebfab5fc,Flexible circuit mechanisms for context-dependent song sequencing,2023,10.1038/s41586-023-06632-1,Nature,role_bridge,surround,False,False,21,0,False,,,no_graph,H. Sebastian Seung / G. Jefferis,8,/Users/wgray13/projects/connectomics-survey/postanalysis/pdfs/files/doi_10.1038_s41586-023-06632-1.pdf
work_76cde91826ef7dba,Ancient origin of the rod bipolar cell pathway in the vertebrate retina,2023,10.1101/2023.09.12.557433,bioRxiv,adjacent_relevant,surround,False,False,20,2,False,2.0,0.7188744358906292,only_in,M. Helmstaedter / Winfried Denk,15,/Users/wgray13/projects/connectomics-survey/postanalysis/pdfs/files/doi_10.1101_2023.09.12.557433.pdf
work_3f85fd1498cd4c6b,Re-formation of synaptic connectivity in dissociated human stem cell-derived retinal organoid cultures,2023,10.1073/pnas.2213418120,Proceedings of the National Academy of Sciences of the United States of America,adjacent_relevant,surround,False,False,19,1,False,1.0,0.3668701884788957,only_out,Xiaoyin Chen / Yonggang Wang,8,/Users/wgray13/projects/connectomics-survey/postanalysis/pdfs/files/doi_10.1073_pnas.2213418120.pdf
work_82f50d96861b845b,A complete reconstruction of the early visual system of an adult insect.,2023,10.1016/j.cub.2023.09.021,Current Biology,core_relevant,surround,False,False,19,18,False,11.0,0.895142022829838,broker,Xiaoyin Chen / Yonggang Wang,13,/Users/wgray13/projects/connectomics-survey/postanalysis/pdfs/files/doi_10.1016_j.cub.2023.09.021.pdf
work_f9b44f50d727179b,Comparative connectomics reveals noncanonical wiring for color vision in human foveal retina,2023,10.1073/pnas.2300545120,Proceedings of the National Academy of Sciences of the United States of America,core_relevant,surround,False,False,18,12,False,6.0,0.8518715157950624,broker,M. Helmstaedter / Winfried Denk,6,/Users/wgray13/projects/connectomics-survey/postanalysis/pdfs/files/doi_10.1073_pnas.2300545120.pdf
work_0b9b3970f5ad15af,Diversity of visual inputs to Kenyon cells of the Drosophila mushroom body,2023,10.1038/s41467-024-49616-z,bioRxiv,core_relevant,surround,False,False,17,8,False,8.0,0.8508096628616937,broker,Albert Cardona / J. Vogelstein,5,/Users/wgray13/projects/connectomics-survey/postanalysis/pdfs/files/doi_10.1038_s41467-024-49616-z.pdf
work_18e897cfbf7dee38,3D reconstruction of the cerebellar germinal layer reveals tunneling connections between developing granule cells,2023,10.1126/sciadv.adf3471,Science Advances,core_relevant,surround,False,False,17,5,False,4.0,0.8914255375630475,broker,James R. Anderson / Bryan William Jones,7,/Users/wgray13/projects/connectomics-survey/postanalysis/pdfs/files/doi_10.1126_sciadv.adf3471.pdf
work_9ca6628105d0c4ad,Technical report: surgical preparation of human brain tissue for clinical and basic research,2023,10.1007/s00701-023-05611-9,Acta Neurochirurgica,adjacent_relevant,surround,False,False,16,0,False,,,no_graph,M. Helmstaedter / Winfried Denk,16,/Users/wgray13/projects/connectomics-survey/postanalysis/pdfs/files/doi_10.1007_s00701-023-05611-9.pdf
work_df0e17331735c8e8,ViMO - Visual Analysis of Neuronal Connectivity Motifs,2023,10.1101/2022.12.09.519772,bioRxiv,role_bridge,surround,False,False,16,21,False,11.0,0.7568356782585612,broker,J. Lichtman / Hanspeter Pfister,11,/Users/wgray13/projects/connectomics-survey/postanalysis/pdfs/files/doi_10.1101_2022.12.09.519772.pdf
work_991f78c0915f23f3,Presynaptic inhibition selectively suppresses leg proprioception in behaving Drosophila,2023,10.1101/2023.10.20.563322,bioRxiv,core_relevant,surround,False,False,15,4,False,4.0,0.7746217148924874,broker,H. Sebastian Seung / G. Jefferis,7,/Users/wgray13/projects/connectomics-survey/postanalysis/pdfs/files/doi_10.1101_2023.10.20.563322.pdf
work_7a79d9fb47ef2201,Current Progress and Challenges in Large-Scale 3D Mitochondria Instance Segmentation,2023,10.1109/tmi.2023.3320497,IEEE Transactions on Medical Imaging,role_bridge,surround,False,False,14,0,False,,,no_graph,Xiaoyin Chen / Yonggang Wang,27,/Users/wgray13/projects/connectomics-survey/postanalysis/pdfs/files/doi_10.1109_tmi.2023.3320497.pdf
work_32bc69744c269989,Heterogeneity of synaptic connectivity in the fly visual system,2023,10.1038/s41467-024-45971-z,bioRxiv,core_relevant,surround,False,False,13,14,False,11.0,0.8688611627289621,broker,H. Sebastian Seung / G. Jefferis,11,/Users/wgray13/projects/connectomics-survey/postanalysis/pdfs/files/doi_10.1038_s41467-024-45971-z.pdf
work_4fbc226ee1288c01,mEMbrain: an interactive deep learning MATLAB tool for connectomic segmentation on commodity desktops,2023,10.3389/fncir.2023.952921,Frontiers in Neural Circuits,core_relevant,surround,False,False,13,32,False,11.0,0.9073533315635784,broker,J. Lichtman / Hanspeter Pfister,16,/Users/wgray13/projects/connectomics-survey/postanalysis/pdfs/files/doi_10.3389_fncir.2023.952921.pdf
work_6c1b78bf4b4d5d75,Anatomical restructuring of a lateralized neural circuit during associative learning by asymmetric insulin signaling,2023,10.1016/j.cub.2023.07.041,Current Biology,adjacent_relevant,surround,False,False,13,2,False,2.0,0.3666047252455535,only_out,Oliver Hobert / Steven J. Cook,6,/Users/wgray13/projects/connectomics-survey/postanalysis/pdfs/files/doi_10.1016_j.cub.2023.07.041.pdf
work_9224f576c520ade6,Online citizen science with the Zooniverse for analysis of biological volumetric data,2023,10.1007/s00418-023-02204-6,Histochemistry and Cell Biology,role_bridge,surround,False,False,13,0,False,,,no_graph,Xiaoyin Chen / Yonggang Wang,9,/Users/wgray13/projects/connectomics-survey/postanalysis/pdfs/files/doi_10.1007_s00418-023-02204-6.pdf
work_f41440be2c331b9e,Joint Learning Neuronal Skeleton and Brain Circuit Topology with Permutation Invariant Encoders for Neuron Classification,2023,10.48550/arxiv.2312.14518,AAAI Conference on Artificial Intelligence,core_relevant,surround,False,False,13,18,False,11.0,0.8699230156623308,broker,Xiaoyin Chen / Yonggang Wang,3,/Users/wgray13/projects/connectomics-survey/postanalysis/pdfs/files/doi_10.48550_arxiv.2312.14518.pdf
work_9f2bd795e155d80b,Heterogeneous receptor expression underlies non-uniform peptidergic modulation of olfaction in Drosophila,2023,10.1038/s41467-023-41012-3,bioRxiv,core_relevant,surround,False,False,12,9,False,9.0,0.3318290416777276,only_out,M. Helmstaedter / Winfried Denk,3,/Users/wgray13/projects/connectomics-survey/postanalysis/pdfs/files/doi_10.1038_s41467-023-41012-3.pdf
work_b4239a9a0f8af545,Neural mechanisms of dopamine function in learning and memory in Caenorhabditis elegans,2023,10.1042/ns20230057,Neuronal Signaling,adjacent_relevant,surround,False,False,12,2,False,2.0,0.0777807273692593,only_out,Oliver Hobert / Steven J. Cook,2,/Users/wgray13/projects/connectomics-survey/postanalysis/pdfs/files/doi_10.1042_ns20230057.pdf
work_ff2e9f919f0cbaff,Cyclic structure with cellular precision in a vertebrate sensorimotor neural circuit,2023,10.1016/j.cub.2023.05.010,Current Biology,core_relevant,surround,False,False,12,21,False,11.0,0.8109901778603663,broker,H. Sebastian Seung / G. Jefferis,16,postanalysis/pdfs/files/doi_10.1016_j.cub.2023.05.010.pdf
work_2b7e525a9a17d163,The structure and function of neural connectomes are shaped by a small number of design principles,2023,10.1101/2023.03.15.532611,bioRxiv,core_relevant,surround,False,False,11,16,False,11.0,0.7494027077249801,broker,M. Helmstaedter / Winfried Denk,4,/Users/wgray13/projects/connectomics-survey/postanalysis/pdfs/files/doi_10.1101_2023.03.15.532611.pdf
work_9525e09acddf866e,Multilevel visual motion opponency in Drosophila,2023,10.1038/s41593-023-01443-z,Nature Neuroscience,core_relevant,surround,False,False,11,5,False,5.0,0.8213432439607115,broker,Andrew T. McKenzie / John F. Crary,6,/Users/wgray13/projects/connectomics-survey/postanalysis/pdfs/files/doi_10.1038_s41593-023-01443-z.pdf
work_39a3b67a9fbfbeff,Overlap and divergence of neural circuits mediating distinct behavioral responses to sugar,2023,10.1101/2023.10.01.560401,bioRxiv,core_relevant,surround,False,False,10,3,False,3.0,0.2290947703743031,only_out,James R. Anderson / Bryan William Jones,9,/Users/wgray13/projects/connectomics-survey/postanalysis/pdfs/files/doi_10.1101_2023.10.01.560401.pdf
work_793b3b98c8e44d43,MCMC sampling of directed flag complexes with fixed undirected graphs,2023,10.1007/s41468-024-00178-5,Journal of Applied and Computational Topology,core_relevant,surround,False,False,10,3,False,3.0,0.590390230953013,only_out,Florian Unger / Jonathan Krebs,2,/Users/wgray13/projects/connectomics-survey/postanalysis/pdfs/files/doi_10.1007_s41468-024-00178-5.pdf
work_9a21d8fa753f5a6a,Mechanosensory and command contributions to the Drosophila grooming sequence,2023,10.1101/2023.11.19.567707,bioRxiv,core_relevant,surround,False,False,10,9,False,6.0,0.8210777807273693,broker,Xiaoyin Chen / Yonggang Wang,3,/Users/wgray13/projects/connectomics-survey/postanalysis/pdfs/files/doi_10.1101_2023.11.19.567707.pdf
work_b0e75fabcf46c3e0,High-resolution volumetric imaging constrains compartmental models to explore synaptic integration and temporal processing by cochlear nucleus globular bushy cells,2023,10.1101/2022.09.10.507000,bioRxiv,core_relevant,surround,False,False,10,5,False,5.0,0.4133262543137775,only_out,James R. Anderson / Bryan William Jones,7,/Users/wgray13/projects/connectomics-survey/postanalysis/pdfs/files/doi_10.1101_2022.09.10.507000.pdf
work_467a6cc67c703560,BIFROST: a method for registering diverse imaging datasets,2023,10.1101/2023.06.09.544408,bioRxiv,core_relevant,surround,False,False,9,10,False,9.0,0.8216087071940537,broker,Xiaoyin Chen / Yonggang Wang,9,/Users/wgray13/projects/connectomics-survey/postanalysis/pdfs/files/doi_10.1101_2023.06.09.544408.pdf
work_f29d7babf92878d9,Neural circuit mechanisms for transforming learned olfactory valences into wind-oriented movement,2023,10.7554/elife.85756,eLife,adjacent_relevant,surround,False,False,9,9,False,7.0,0.8478895672949297,broker,J. Lichtman / Hanspeter Pfister,8,/Users/wgray13/projects/connectomics-survey/postanalysis/pdfs/files/doi_10.7554_elife.85756.pdf
work_f93e1f7592159c1e,A Scalable Staining Strategy for Whole-Brain Connectomics,2023,10.1101/2023.09.26.558265,bioRxiv,core_relevant,surround,False,False,9,11,False,10.0,0.7446243695248208,broker,J. Lichtman / Hanspeter Pfister,6,/Users/wgray13/projects/connectomics-survey/postanalysis/pdfs/files/doi_10.1101_2023.09.26.558265.pdf
work_36cfd0a40b9962e3,Integrating EM and Patch-seq data: Synaptic connectivity and target specificity of predicted Sst transcriptomic types,2023,10.1101/2023.03.22.533857,bioRxiv,core_relevant,surround,False,False,8,8,False,6.0,0.8895672949296523,broker,H. Sebastian Seung / G. Jefferis,50,/Users/wgray13/projects/connectomics-survey/postanalysis/pdfs/files/doi_10.1101_2023.03.22.533857.pdf
work_4a0e8435e3699a88,Sleep benefits different stages of memory in Drosophila,2023,10.3389/fphys.2023.1087025,Frontiers in Physiology,adjacent_relevant,surround,False,False,8,2,False,2.0,0.5306610034510221,only_out,Xiaoyin Chen / Yonggang Wang,4,/Users/wgray13/projects/connectomics-survey/postanalysis/pdfs/files/doi_10.3389_fphys.2023.1087025.pdf
work_6e58cd7663b2ca89,3D Domain Adaptive Instance Segmentation via Cyclic Segmentation GANs,2023,10.1109/jbhi.2023.3281332,IEEE journal of biomedical and health informatics,core_relevant,surround,False,False,8,3,False,3.0,0.2394478364746482,only_out,J. Lichtman / Hanspeter Pfister,9,/Users/wgray13/projects/connectomics-survey/postanalysis/pdfs/files/doi_10.1109_jbhi.2023.3281332.pdf
work_77303c6ebe2e7573,"Development and circuitry of the tunicate larval Motor Ganglion, a putative hindbrain/spinal cord homolog",2023,10.1002/jez.b.23221,Journal of Experimental Zoology Part B: Molecular and Developmental Evolution,adjacent_relevant,surround,False,False,8,0,False,,,no_graph,K. Piekarz / Alberto Stolfi,2,/Users/wgray13/projects/connectomics-survey/postanalysis/pdfs/files/doi_10.1002_jez.b.23221.pdf
work_827a33de3049b04b,Postsynaptic cell type and synaptic distance do not determine efficiency of monosynaptic rabies virus spread measured at synaptic resolution,2023,10.7554/elife.89297,eLife,adjacent_relevant,surround,False,False,8,4,False,4.0,0.2574993363419166,only_out,Albert Cardona / J. Vogelstein,7,/Users/wgray13/projects/connectomics-survey/postanalysis/pdfs/files/doi_10.7554_elife.89297.pdf
work_c201afe14f0e47be,Linking neural circuits to the mechanics of animal behavior in Drosophila larval locomotion,2023,10.3389/fncir.2023.1175899,Frontiers in Neural Circuits,adjacent_relevant,surround,False,False,8,2,False,2.0,0.5086275550836209,only_out,Albert Cardona / J. Vogelstein,1,/Users/wgray13/projects/connectomics-survey/postanalysis/pdfs/files/doi_10.3389_fncir.2023.1175899.pdf
work_2f4a13ea9aef920f,Impact of Retinal Degeneration on Response of ON and OFF Cone Bipolar Cells to Electrical Stimulation,2023,10.1109/tnsre.2023.3276431,IEEE transactions on neural systems and rehabilitation engineering,core_relevant,surround,False,False,7,3,False,3.0,0.6798513405893284,broker,James R. Anderson / Bryan William Jones,12,/Users/wgray13/projects/connectomics-survey/postanalysis/pdfs/files/doi_10.1109_tnsre.2023.3276431.pdf
work_54f36a6977427544,A cerebellar disinhibitory circuit supports synaptic plasticity,2023,10.1101/2023.09.15.557147,bioRxiv,core_relevant,surround,False,False,7,1,False,1.0,0.3196177329439872,only_out,Xiaoyin Chen / Yonggang Wang,10,/Users/wgray13/projects/connectomics-survey/postanalysis/pdfs/files/doi_10.1101_2023.09.15.557147.pdf
work_57773d09a9c531fa,Connecting Connectomes to Physiology,2023,10.1523/jneurosci.2208-22.2023,Journal of Neuroscience,adjacent_relevant,surround,False,False,7,5,False,5.0,0.7573666047252455,broker,H. Sebastian Seung / G. Jefferis,2,/Users/wgray13/projects/connectomics-survey/postanalysis/pdfs/files/doi_10.1523_jneurosci.2208-22.2023.pdf
work_80841cd8df129e85,Connectomes: from a sparsity of networks to large-scale databases,2023,10.3389/fninf.2023.1170337,Frontiers in Neuroinformatics,adjacent_relevant,surround,False,False,7,0,False,,,no_graph,Marcus Kaiser / Sreedevi Varier,1,/Users/wgray13/projects/connectomics-survey/postanalysis/pdfs/files/doi_10.3389_fninf.2023.1170337.pdf
work_863949ff6ec36ab6,A Soma Segmentation Benchmark in Full Adult Fly Brain,2023,10.1109/cvpr52729.2023.00715,Computer Vision and Pattern Recognition,core_relevant,surround,False,False,7,0,False,,,no_graph,Xiaoyin Chen / Yonggang Wang,6,postanalysis/pdfs/files/doi_10.1109_cvpr52729.2023.00715.pdf
work_e041f1f1b056645a,A Novel Semi-automated Proofreading and Mesh Error Detection Pipeline for Neuron Extension,2023,10.1101/2023.10.20.563359,bioRxiv,core_relevant,surround,False,False,7,17,False,11.0,0.8327581629944253,broker,Albert Cardona / J. Vogelstein,13,/Users/wgray13/projects/connectomics-survey/postanalysis/pdfs/files/doi_10.1101_2023.10.20.563359.pdf
work_07ec6ddd071dafbb,Toolkits for detailed and high-throughput interrogation of synapses in C. elegans,2023,10.1101/2023.09.12.557402,bioRxiv,adjacent_relevant,surround,False,False,6,7,False,7.0,0.004512874966817,only_out,Oliver Hobert / Steven J. Cook,7,/Users/wgray13/projects/connectomics-survey/postanalysis/pdfs/files/doi_10.1101_2023.09.12.557402.pdf
work_2215daaba2871f1f,X-Ray2EM: Uncertainty-Aware Cross-Modality Image Reconstruction from X-Ray to Electron Microscopy in Connectomics,2023,10.1109/isbi53787.2023.10230759,IEEE International Symposium on Biomedical Imaging,core_relevant,surround,False,False,6,3,False,3.0,0.8086010087602867,only_in,J. Lichtman / Hanspeter Pfister,8,/Users/wgray13/projects/connectomics-survey/postanalysis/pdfs/files/doi_10.1109_isbi53787.2023.10230759.pdf
work_505838ecf6e68bb5,Neural-circuit basis of song preference learning in fruit flies,2023,10.1016/j.isci.2024.110266,bioRxiv,adjacent_relevant,surround,False,False,6,0,False,,,no_graph,Xiaoyin Chen / Yonggang Wang,6,/Users/wgray13/projects/connectomics-survey/postanalysis/pdfs/files/doi_10.1016_j.isci.2024.110266.pdf
work_51a3a4f48b8908a3,Fast Compressed Segmentation Volumes for Scientific Visualization,2023,10.1109/tvcg.2023.3326573,IEEE Transactions on Visualization and Computer Graphics,role_bridge,surround,False,False,6,0,False,,,no_graph,M. Piochowiak / Carsten Dachsbacher,2,/Users/wgray13/projects/connectomics-survey/postanalysis/pdfs/files/doi_10.1109_tvcg.2023.3326573.pdf
work_5fe231444b013ff7,Regional and LTP-Dependent Variation of Synaptic Information Storage Capacity in Rat Hippocampus,2023,10.1101/2022.08.29.505464,bioRxiv,core_relevant,surround,False,False,6,5,False,5.0,0.246349880541545,only_out,Albert Cardona / J. Vogelstein,12,/Users/wgray13/projects/connectomics-survey/postanalysis/pdfs/files/doi_10.1101_2022.08.29.505464.pdf
work_b0b913e89cd26d7c,Directed stepwise tracing of polysynaptic neuronal circuits with replication-deficient pseudorabies virus,2023,10.1016/j.crmeth.2023.100506,Cell Reports Methods,adjacent_relevant,surround,False,False,6,2,False,2.0,0.6479957525882665,only_out,Xiaoyin Chen / Yonggang Wang,12,/Users/wgray13/projects/connectomics-survey/postanalysis/pdfs/files/doi_10.1016_j.crmeth.2023.100506.pdf
work_cacfb8feebfeb873,"Asynchronous and slow-wave oscillatory states in connectome-based models of mouse, monkey and human cerebral cortex",2023,10.1101/2023.08.03.551869,bioRxiv,adjacent_relevant,surround,False,False,6,2,False,2.0,0.7669232811255641,broker,M. Sacha / A. Destexhe,4,/Users/wgray13/projects/connectomics-survey/postanalysis/pdfs/files/doi_10.1101_2023.08.03.551869.pdf
work_dcd88e990cc33de5,Neural circuit regulation by identified modulatory projection neurons,2023,10.3389/fnins.2023.1154769,Frontiers in Neuroscience,adjacent_relevant,surround,False,False,6,4,False,3.0,0.310591983010353,only_out,Dawn M. Blitz,1,/Users/wgray13/projects/connectomics-survey/postanalysis/pdfs/files/doi_10.3389_fnins.2023.1154769.pdf
work_e2593bdd7b62aca2,msemalign: a pipeline for serial section multibeam scanning electron microscopy volume alignment,2023,10.3389/fnins.2023.1281098,Frontiers in Neuroscience,core_relevant,surround,False,False,6,9,False,8.0,0.7167507300238917,broker,M. Helmstaedter / Winfried Denk,3,/Users/wgray13/projects/connectomics-survey/postanalysis/pdfs/files/doi_10.3389_fnins.2023.1281098.pdf
work_2ff133b450151f26,"Architectural organization of ∼1,500-neuron modular minicolumnar disinhibitory circuits in healthy and Alzheimer's cortices.",2023,10.1016/j.celrep.2023.112904,Cell Reports,adjacent_relevant,surround,False,False,5,0,False,,,no_graph,J. J. Zhu,1,/Users/wgray13/projects/connectomics-survey/postanalysis/pdfs/files/doi_10.1016_j.celrep.2023.112904.pdf
work_3a7d7c9c03116da4,Compression-based inference of network motif sets,2023,10.1371/journal.pcbi.1012460,PLoS Comput. Biol.,core_relevant,surround,False,False,5,4,False,4.0,0.6169365542872313,only_out,Alexis B'enichou / Christian L. Vestergaard,3,/Users/wgray13/projects/connectomics-survey/postanalysis/pdfs/files/doi_10.1371_journal.pcbi.1012460.pdf
work_b93454c723b2401e,Translating single-neuron axonal reconstructions into meso-scale connectivity statistics in the mouse somatosensory thalamus,2023,10.3389/fninf.2023.1272243,Frontiers Neuroinformatics,adjacent_relevant,surround,False,False,5,0,False,,,no_graph,Olaf Sporns / B. Mišić,7,/Users/wgray13/projects/connectomics-survey/postanalysis/pdfs/files/doi_10.3389_fninf.2023.1272243.pdf
work_c4a1b205c0870b53,Development of an educational method to rethink and learn oncological brain surgery in an “a la carte” connectome-based perspective,2023,10.1007/s00701-023-05626-2,Acta Neurochirurgica,role_bridge,surround,False,False,5,0,False,,,no_graph,H. Duffau / P. Valdes,4,/Users/wgray13/projects/connectomics-survey/postanalysis/pdfs/files/doi_10.1007_s00701-023-05626-2.pdf
work_03006500ac944fb3,Caenorhabditis elegans Connectomes of both Sexes as Image Classifiers,2023,10.5607/en23004,Experimental Neurobiology,adjacent_relevant,surround,False,False,4,0,False,,,no_graph,Xiaoyin Chen / Yonggang Wang,2,/Users/wgray13/projects/connectomics-survey/postanalysis/pdfs/files/doi_10.5607_en23004.pdf
work_1abefbc844f53786,Multiplexed volumetric CLEM enabled by antibody derivatives provides new insights into the cytology of the mouse cerebellar cortex,2023,10.21203/rs.3.rs-3121892/v1,Research Square,core_relevant,surround,False,False,4,15,False,11.0,0.798778869126626,broker,J. Lichtman / Hanspeter Pfister,19,/Users/wgray13/projects/connectomics-survey/postanalysis/pdfs/files/doi_10.21203_rs.3.rs-3121892_v1.pdf
work_318843cf74d33350,New Challenges for Anatomists in the Era of Omics,2023,10.3390/diagnostics13182963,Diagnostics,role_bridge,surround,False,False,4,0,False,,,no_graph,A. Stabile / G. Di Sante,6,/Users/wgray13/projects/connectomics-survey/postanalysis/pdfs/files/doi_10.3390_diagnostics13182963.pdf
work_5304e37cc665ceab,Domain Adaptive Synapse Detection with Weak Point Annotations,2023,10.1109/isbi56570.2024.10635310,IEEE International Symposium on Biomedical Imaging,adjacent_relevant,surround,False,False,4,0,False,,,no_graph,Xiaoyin Chen / Yonggang Wang,4,/Users/wgray13/projects/connectomics-survey/postanalysis/pdfs/files/doi_10.1109_isbi56570.2024.10635310.pdf
work_a83aea2e5aec23bc,Mapping Alzheimer’s Molecular Pathologies in Large-Scale Connectomics Data: A Publicly Accessible Correlative Microscopy Resource,2023,10.1101/2023.10.24.563674,bioRxiv,core_relevant,surround,False,False,4,0,False,,,no_graph,J. Lichtman / Hanspeter Pfister,21,/Users/wgray13/projects/connectomics-survey/postanalysis/pdfs/files/doi_10.1101_2023.10.24.563674.pdf
work_e31c5d57379f200a,The Intrinsic Similarity of Topological Structure in Biological Neural Networks,2023,10.1109/tcbb.2023.3279443,IEEE/ACM Transactions on Computational Biology & Bioinformatics,adjacent_relevant,surround,False,False,4,6,False,5.0,0.0899920361029997,only_out,Xiaoyin Chen / Yonggang Wang,5,postanalysis/pdfs/files/doi_10.1109_tcbb.2023.3279443.pdf
work_f51ccaa326e0c171,Stimulus-Specific Modulation is Enabled by Differential Serotonin Receptor Expression,2023,10.1101/2023.06.21.546011,bioRxiv,core_relevant,surround,False,False,4,9,False,7.0,0.1505176533050172,only_out,M. Helmstaedter / Winfried Denk,9,/Users/wgray13/projects/connectomics-survey/postanalysis/pdfs/files/doi_10.1101_2023.06.21.546011.pdf
work_fcb59c7f09a5ff4c,Ultrastructure of Synaptic Connectivity within Subregions of the Suprachiasmatic Nucleus Revealed by a Genetically Encoded Tag and Serial Blockface Electron Microscopy,2023,10.1523/eneuro.0227-23.2023,eNeuro,core_relevant,surround,False,False,4,1,False,1.0,0.7180780461906026,only_in,Xiaoyin Chen / Yonggang Wang,10,/Users/wgray13/projects/connectomics-survey/postanalysis/pdfs/files/doi_10.1523_eneuro.0227-23.2023.pdf
work_0895071c07a2d46b,Toward Morphologic Atlasing of the Human Whole Brain at the Nanoscale,2023,10.3390/bdcc7040179,Big Data and Cognitive Computing,adjacent_relevant,surround,False,False,3,1,False,1.0,0.5625165914520839,only_out,W. Nowinski,1,/Users/wgray13/projects/connectomics-survey/postanalysis/pdfs/files/doi_10.3390_bdcc7040179.pdf
work_1ded1883d45ddd82,Insights into vision from interpretation of a neuronal wiring diagram,2023,10.1101/2023.11.15.567126,bioRxiv,core_relevant,surround,False,False,3,3,False,3.0,0.0950358375365011,only_out,H. Sebastian Seung / G. Jefferis,1,/Users/wgray13/projects/connectomics-survey/postanalysis/pdfs/files/doi_10.1101_2023.11.15.567126.pdf
work_53718a1849dde13e,Learning to Correct Sloppy Annotations in Electron Microscopy Volumes,2023,10.1109/cvprw59228.2023.00450,2023 IEEE/CVF Conference on Computer Vision and Pattern Recognition Workshops (CVPRW),core_relevant,surround,False,False,3,13,False,11.0,0.6817095832227237,broker,J. Lichtman / Hanspeter Pfister,6,/Users/wgray13/projects/connectomics-survey/postanalysis/pdfs/files/doi_10.1109_cvprw59228.2023.00450.pdf
work_65dc9c4fe37faed4,From connectome to effectome: learning the causal interaction map of the fly brain,2023,10.1101/2023.10.31.564922,bioRxiv,core_relevant,surround,False,False,3,11,False,9.0,0.7751526413591717,broker,H. Sebastian Seung / G. Jefferis,13,/Users/wgray13/projects/connectomics-survey/postanalysis/pdfs/files/doi_10.1101_2023.10.31.564922.pdf
work_9c0fed59f7a0812e,Regional variation in the organization and connectivity of the first synapse in the primate night vision pathway,2023,10.1016/j.isci.2023.108113,iScience,core_relevant,surround,False,False,3,2,False,2.0,0.6801168038226706,broker,Aindrila Saha / Abrar Rahman Abir,7,/Users/wgray13/projects/connectomics-survey/postanalysis/pdfs/files/doi_10.1016_j.isci.2023.108113.pdf
work_aea20c42d6eebc8d,Studying zebrafish nervous system structure and function in health and disease with electron microscopy,2023,10.1111/dgd.12890,"Development, Growth and Differentiation",role_bridge,surround,False,False,3,0,False,,,no_graph,J. Lichtman / Hanspeter Pfister,1,/Users/wgray13/projects/connectomics-survey/postanalysis/pdfs/files/doi_10.1111_dgd.12890.pdf
work_afad6093ed40df0c,The XPRESS Challenge: Xray Projectomic Reconstruction - Extracting Segmentation with Skeletons,2023,10.48550/arxiv.2302.03819,arXiv.org,core_relevant,surround,False,False,3,14,False,11.0,0.7913458985930448,broker,M. Helmstaedter / Winfried Denk,12,/Users/wgray13/projects/connectomics-survey/postanalysis/pdfs/files/doi_10.48550_arxiv.2302.03819.pdf
work_d6f28c58b5507fa3,Chemical cognition: chemoconnectomics and convergent evolution of integrative systems in animals,2023,10.1007/s10071-023-01833-7,Animal Cognition,adjacent_relevant,surround,False,False,3,12,False,10.0,0.3249269976108309,only_out,Leonid L. Moroz / D. Y. Romanova,2,/Users/wgray13/projects/connectomics-survey/postanalysis/pdfs/files/doi_10.1007_s10071-023-01833-7.pdf
work_df04a73501872e4e,The cellular architecture of memory modules in Drosophila supports stochastic input integration,2023,10.7554/elife.77578,eLife,adjacent_relevant,surround,False,False,3,4,False,4.0,0.1534377488717812,only_out,Omar A. Hafez / Benjamin Escribano,6,/Users/wgray13/projects/connectomics-survey/postanalysis/pdfs/files/doi_10.7554_elife.77578.pdf
work_fbe2b89bf67be127,Connectomic reconstruction predicts the functional organization of visual inputs to the navigation center of the Drosophila brain,2023,10.1101/2023.11.29.569241,bioRxiv,core_relevant,surround,False,False,3,1,False,1.0,0.737722325457924,only_in,H. Sebastian Seung / G. Jefferis,9,/Users/wgray13/projects/connectomics-survey/postanalysis/pdfs/files/doi_10.1101_2023.11.29.569241.pdf
work_26da5d45d3f7fc2c,Neuronal motifs reveal backbone structure and influential neurons of neural network in C. elegans,2023,10.1093/comnet/cnad013,J. Complex Networks,core_relevant,surround,False,False,2,4,False,4.0,0.6848951420228299,broker,Xiaoyin Chen / Yonggang Wang,7,postanalysis/pdfs/files/doi_10.1093_comnet_cnad013.pdf
work_2d64fdbc21798739,Data-driven motif discovery in biological neural networks,2023,10.1101/2023.10.16.562590,bioRxiv,adjacent_relevant,surround,False,False,2,16,False,10.0,0.7748871781258295,broker,Albert Cardona / J. Vogelstein,6,/Users/wgray13/projects/connectomics-survey/postanalysis/pdfs/files/doi_10.1101_2023.10.16.562590.pdf
work_4520228f7f3302c2,Network Community Detection in Connectomics Data using Graph Theory,2023,10.1109/bibm58861.2023.10385337,IEEE International Conference on Bioinformatics and Biomedicine,core_relevant,surround,False,False,2,0,False,,,no_graph,Leandro González-Montesino / Rubén Armañanzas,3,postanalysis/pdfs/files/doi_10.1109_bibm58861.2023.10385337.pdf
work_6207409da4d43379,An Out-of-Domain Synapse Detection Challenge for Microwasp Brain Connectomes,2023,10.48550/arxiv.2302.00545,arXiv.org,core_relevant,surround,False,False,2,7,False,7.0,0.2020175205734005,only_out,J. Lichtman / Hanspeter Pfister,9,/Users/wgray13/projects/connectomics-survey/postanalysis/pdfs/files/doi_10.48550_arxiv.2302.00545.pdf
work_7c2aa766f501961b,New insights into retinal circuits through EM connectomics: what we have learnt and what remains to be learned,2023,10.3389/fopht.2023.1168548,Frontiers in Ophthalmology,adjacent_relevant,surround,False,False,2,6,False,5.0,0.7982479426599416,broker,Aindrila Saha / Abrar Rahman Abir,5,/Users/wgray13/projects/connectomics-survey/postanalysis/pdfs/files/doi_10.3389_fopht.2023.1168548.pdf
work_9ae9d632f2fcbc12,Distinctive features of the central synaptic organization of Drosophila larval proprioceptors,2023,10.3389/fncir.2023.1223334,Frontiers in Neural Circuits,core_relevant,surround,False,False,2,2,False,2.0,0.319352269710645,only_out,Xiaoyin Chen / Yonggang Wang,3,/Users/wgray13/projects/connectomics-survey/postanalysis/pdfs/files/doi_10.3389_fncir.2023.1223334.pdf
work_a20080c9846f5043,SynapseCLR: Uncovering features of synapses in primary visual cortex through contrastive representation learning,2023,10.1016/j.patter.2023.100693,Patterns,core_relevant,surround,False,False,2,17,False,11.0,0.2152906822405096,only_out,J. Lichtman / Hanspeter Pfister,2,/Users/wgray13/projects/connectomics-survey/postanalysis/pdfs/files/doi_10.1016_j.patter.2023.100693.pdf
work_afc5847108c51ff0,Analyzing Thalamocortical Tract-Tracing Experiments in a Common Reference Space,2023,10.1007/s12021-023-09644-4,Neuroinformatics,adjacent_relevant,surround,False,False,2,0,False,,,no_graph,Olaf Sporns / B. Mišić,7,/Users/wgray13/projects/connectomics-survey/postanalysis/pdfs/files/doi_10.1007_s12021-023-09644-4.pdf
work_d09866448cd69dbb,Connectomic Networks and Their Impact on Clinical Outcomes in Glioma Treatment: A Review,2023,10.1055/s-0043-1771214,Indian Journal of Neurosurgery,role_bridge,surround,False,False,2,0,False,,,no_graph,Olaf Sporns / B. Mišić,7,postanalysis/pdfs/files/doi_10.1055_s-0043-1771214.pdf
work_d8b2bfa158091c64,"Exploiting large neuroimaging datasets to create connectome-constrained approaches for more robust, efficient, and adaptable artificial intelligence",2023,10.1117/12.2663901,Defense + Commercial Sensing,role_bridge,surround,False,False,2,7,False,7.0,0.7586939208919564,broker,Albert Cardona / J. Vogelstein,20,/Users/wgray13/projects/connectomics-survey/postanalysis/pdfs/files/doi_10.1117_12.2663901.pdf
work_e1c8eaf7bf908172,ElegansNet: a brief scientific report and initial experiments,2023,10.1101/2023.04.23.537987,bioRxiv,adjacent_relevant,surround,False,False,2,8,False,5.0,0.607910804353597,only_out,Francesco Bardozzo / R. Tagliaferri,4,/Users/wgray13/projects/connectomics-survey/postanalysis/pdfs/files/doi_10.1101_2023.04.23.537987.pdf
work_f9ddb73f32d51989,Identifying determinants of synaptic specificity by integrating connectomes and transcriptomes,2023,10.1101/2023.04.03.534791,bioRxiv,core_relevant,surround,False,False,2,2,False,2.0,0.379081497212636,only_out,James R. Anderson / Bryan William Jones,7,/Users/wgray13/projects/connectomics-survey/postanalysis/pdfs/files/doi_10.1101_2023.04.03.534791.pdf
work_241c36d5a902c316,High-Speed Automated Reconstruction of Drosophila Larval Brain from Volumetric EM Data,2023,10.1109/embc40787.2023.10340599,Annual International Conference of the IEEE Engineering in Medicine and Biology Society,core_relevant,surround,False,False,1,6,False,6.0,0.6806477302893549,broker,Xiaoyin Chen / Yonggang Wang,11,postanalysis/pdfs/files/doi_10.1109_embc40787.2023.10340599.pdf
work_3a523e380e464fb1,Tensor formalism for predicting synaptic connections with ensemble modeling or optimization,2023,,,adjacent_relevant,surround,False,False,1,1,False,1.0,0.7355986195911867,only_in,M. Helmstaedter / Winfried Denk,5,/Users/wgray13/projects/connectomics-survey/postanalysis/pdfs/files/arxiv_2310.20309.pdf
work_5b77410c83eb9025,Organization of an Ascending Circuit that Conveys Flight Motor State,2023,10.1101/2023.06.07.544074,bioRxiv,core_relevant,surround,False,False,1,4,False,4.0,0.2553756304751792,only_out,H. Sebastian Seung / G. Jefferis,15,/Users/wgray13/projects/connectomics-survey/postanalysis/pdfs/files/doi_10.1101_2023.06.07.544074.pdf
work_69cca0faa382822e,Electrical synapses for a pooling layer of the convolutional neural network in retinas,2023,10.3389/fncel.2023.1281786,Frontiers in Cellular Neuroscience,adjacent_relevant,surround,False,False,1,5,False,3.0,0.8022298911600744,broker,M. Helmstaedter / Winfried Denk,1,/Users/wgray13/projects/connectomics-survey/postanalysis/pdfs/files/doi_10.3389_fncel.2023.1281786.pdf
work_81d0b831996369a5,Semantic representation of neural circuit knowledge in Caenorhabditis elegans,2023,10.1186/s40708-023-00208-5,Brain Informatics,adjacent_relevant,surround,False,False,1,0,False,,,no_graph,Xiaoyin Chen / Yonggang Wang,4,/Users/wgray13/projects/connectomics-survey/postanalysis/pdfs/files/doi_10.1186_s40708-023-00208-5.pdf
work_f38f15c57decbf30,Advancing Connectomics: High-Precision Neural Structure Segmentation Using U-Net-Based Model,2023,10.1109/uemcon59035.2023.10316141,"Ubiquitous Computing, Electronics & Mobile Communication Conference",core_relevant,surround,False,False,1,2,False,2.0,0.6811786567560393,broker,Snehil Dey / A. Bhattacharjee,4,postanalysis/pdfs/files/doi_10.1109_uemcon59035.2023.10316141.pdf
work_020e3982c01153ed,An efficient 3D extraction and reconstruction method for myelinated axons of mouse cerebral cortex based on mixed intelligence,2023,10.1051/bioconf/20235903017,BIO Web of Conferences,adjacent_relevant,surround,False,False,0,0,False,,,no_graph,Xiaoyin Chen / Yonggang Wang,4,postanalysis/pdfs/files/doi_10.1051_bioconf_20235903017.pdf
work_252fbf1a961aaf60,Efficient Search for Circuit Structure by ‘Smooth-Index’ Matrix-Reordering,2023,10.1101/2023.09.26.559501,bioRxiv,core_relevant,surround,False,False,0,7,False,5.0,0.4770374303159012,only_out,H. Sebastian Seung / G. Jefferis,2,/Users/wgray13/projects/connectomics-survey/postanalysis/pdfs/files/doi_10.1101_2023.09.26.559501.pdf
work_5dc288699a486219,Molecular logic of neuromodulatory systems in the zebrafish telencephalon,2023,10.1101/2023.10.04.560846,bioRxiv,adjacent_relevant,surround,False,False,0,4,False,4.0,0.0796389700026546,only_out,M. Helmstaedter / Winfried Denk,4,/Users/wgray13/projects/connectomics-survey/postanalysis/pdfs/files/doi_10.1101_2023.10.04.560846.pdf
work_6c667e4590ab2a67,Converting Biological Neural Networks to DAGs: Evaluation of Customized Algorithms on C. Elegans,2023,10.1109/urtc60662.2023.10534957,2023 IEEE MIT Undergraduate Research Technology Conference (URTC),core_relevant,surround,False,False,0,3,False,3.0,0.6174674807539156,only_out,Xiaoyin Chen / Yonggang Wang,1,postanalysis/pdfs/files/doi_10.1109_urtc60662.2023.10534957.pdf
work_78e78bc14a78941e,Inferring Neuron-level Brain Circuit Connection via Graph Neural Network Amidst Small Established Connections,2023,10.1101/2023.06.29.547138,bioRxiv,role_bridge,surround,False,False,0,0,False,,,no_graph,Xiaoyin Chen / Yonggang Wang,6,/Users/wgray13/projects/connectomics-survey/postanalysis/pdfs/files/doi_10.1101_2023.06.29.547138.pdf
work_d79abd393dc91975,Unpaired Image Enhancement for Neurite Segmentation in x-ray Tomography,2023,10.1109/isbi53787.2023.10230381,IEEE International Symposium on Biomedical Imaging,adjacent_relevant,surround,False,False,0,1,False,1.0,0.5593310326519777,only_out,M. Helmstaedter / Winfried Denk,11,postanalysis/pdfs/files/doi_10.1109_isbi53787.2023.10230381.pdf
work_ec28dff4b068dacf,Self-Organized Criticality in C. Elegans Neural Network,2023,10.23919/ccc58697.2023.10240396,Cybersecurity and Cyberforensics Conference,adjacent_relevant,surround,False,False,0,3,False,3.0,0.0432705070347756,only_out,Xiaoyin Chen / Yonggang Wang,6,postanalysis/pdfs/files/doi_10.23919_ccc58697.2023.10240396.pdf
work_a821a1b9fb48df72,The Developing Human Connectome Project Neonatal Data Release,2022,10.3389/fnins.2022.886772,Frontiers in Neuroscience,role_bridge,surround,False,False,188,0,False,,,no_graph,Albert Cardona / J. Vogelstein,74,/Users/wgray13/projects/connectomics-survey/postanalysis/pdfs/files/doi_10.3389_fnins.2022.886772.pdf
work_651457fdb2bf9ce4,EMPIAR: the Electron Microscopy Public Image Archive,2022,10.1093/nar/gkac1062,bioRxiv,role_bridge,surround,False,False,179,0,False,,,no_graph,Andrii Iudin / A. Patwardhan,9,/Users/wgray13/projects/connectomics-survey/postanalysis/pdfs/files/doi_10.1093_nar_gkac1062.pdf
work_c1b2632765333e01,Scale matters: The nested human connectome,2022,10.1126/science.abq2599,Science,adjacent_relevant,surround,False,False,95,13,False,4.0,0.9750464560658348,broker,Olaf Sporns / B. Mišić,2,/Users/wgray13/projects/connectomics-survey/postanalysis/pdfs/files/doi_10.1126_science.abq2599.pdf
work_2edafa9fb5f29e82,A single-cell resolution gene expression atlas of the larval zebrafish brain,2022,10.1101/2022.02.11.479024,bioRxiv,adjacent_relevant,surround,False,False,85,3,False,2.0,0.7724980090257499,broker,M. Helmstaedter / Winfried Denk,9,/Users/wgray13/projects/connectomics-survey/postanalysis/pdfs/files/doi_10.1101_2022.02.11.479024.pdf
work_5a6c5487632f1a79,Imaging whole-brain activity to understand behavior,2022,10.1038/s42254-022-00430-w,Nature Reviews Physics,adjacent_relevant,surround,False,False,66,16,False,11.0,0.8996548977966552,broker,H. Sebastian Seung / G. Jefferis,6,/Users/wgray13/projects/connectomics-survey/postanalysis/pdfs/files/doi_10.1038_s42254-022-00430-w.pdf
work_2b726124d8738bea,Heavy-tailed neuronal connectivity arises from Hebbian self-organization,2022,10.1038/s41567-023-02332-9,bioRxiv,adjacent_relevant,surround,False,False,58,8,False,7.0,0.8131138837271038,broker,Olaf Sporns / B. Mišić,3,/Users/wgray13/projects/connectomics-survey/postanalysis/pdfs/files/doi_10.1038_s41567-023-02332-9.pdf
work_03c23d6e53a2fa11,All-optical visualization of specific molecules in the ultrastructural context of brain tissue,2022,10.1038/s41587-025-02905-4,bioRxiv,adjacent_relevant,surround,False,False,41,16,False,11.0,0.9463764268648792,broker,Xiaoyin Chen / Yonggang Wang,16,/Users/wgray13/projects/connectomics-survey/postanalysis/pdfs/files/doi_10.1038_s41587-025-02905-4.pdf
work_cbaba8fab497ba74,Deep neural network automated segmentation of cellular structures in volume electron microscopy,2022,10.1083/jcb.202208005,bioRxiv,adjacent_relevant,surround,False,False,40,0,False,,,no_graph,Albert Cardona / J. Vogelstein,10,/Users/wgray13/projects/connectomics-survey/postanalysis/pdfs/files/doi_10.1083_jcb.202208005.pdf
work_f0100b9066a02655,NeuronBridge: an intuitive web application for neuronal morphology search across large data sets,2022,10.1186/s12859-024-05732-7,bioRxiv,adjacent_relevant,surround,False,False,38,24,False,11.0,0.9392089195646404,broker,J. Lichtman / Hanspeter Pfister,8,/Users/wgray13/projects/connectomics-survey/postanalysis/pdfs/files/doi_10.1186_s12859-024-05732-7.pdf
work_0dbd0aa2e5e7f828,Taste quality and hunger interactions in a feeding sensorimotor circuit,2022,10.7554/elife.79887,bioRxiv,core_relevant,surround,False,False,36,5,False,5.0,0.7629413326254314,broker,H. Sebastian Seung / G. Jefferis,5,/Users/wgray13/projects/connectomics-survey/postanalysis/pdfs/files/doi_10.7554_elife.79887.pdf
work_c2c927525ced25b9,Connectomics and the neural basis of behaviour,2022,10.1016/j.cois.2022.100968,Current Opinion in Insect Science,adjacent_relevant,surround,False,False,36,39,False,11.0,0.9320414122644014,broker,H. Sebastian Seung / G. Jefferis,3,/Users/wgray13/projects/connectomics-survey/postanalysis/pdfs/files/doi_10.1016_j.cois.2022.100968.pdf
work_ab6b317a17285c28,RoboEM: automated 3D flight tracing for synaptic-resolution connectomics,2022,10.1038/s41592-024-02226-5,bioRxiv,core_relevant,surround,False,False,34,40,False,11.0,0.9028404565967614,broker,M. Helmstaedter / Winfried Denk,4,/Users/wgray13/projects/connectomics-survey/postanalysis/pdfs/files/doi_10.1038_s41592-024-02226-5.pdf
work_d954a4eb80000227,Rapid reconstruction of neural circuits using tissue expansion and light sheet microscopy,2022,10.7554/elife.81248,eLife,adjacent_relevant,surround,False,False,34,23,False,11.0,0.9131935226971064,broker,J. Lichtman / Hanspeter Pfister,19,/Users/wgray13/projects/connectomics-survey/postanalysis/pdfs/files/doi_10.7554_elife.81248.pdf
work_bf960a676e2587a3,Petascale pipeline for precise alignment of images from serial section electron microscopy,2022,10.1038/s41467-023-44354-0,bioRxiv,core_relevant,surround,False,False,33,0,False,,,no_graph,H. Sebastian Seung / G. Jefferis,13,/Users/wgray13/projects/connectomics-survey/postanalysis/pdfs/files/doi_10.1038_s41467-023-44354-0.pdf
work_2c23ff2f9ed14485,Multi-layered maps of neuropil with segmentation-guided contrastive learning,2022,10.1038/s41592-023-02059-8,bioRxiv,core_relevant,surround,False,False,32,0,False,,,no_graph,H. Sebastian Seung / G. Jefferis,11,/Users/wgray13/projects/connectomics-survey/postanalysis/pdfs/files/doi_10.1038_s41592-023-02059-8.pdf
work_d5c8af4726aacdfa,The Concept of «Peritumoral Zone» in Diffuse Low-Grade Gliomas: Oncological and Functional Implications for a Connectome-Guided Therapeutic Attitude,2022,10.3390/brainsci12040504,Brain Science,role_bridge,surround,False,False,32,0,False,,,no_graph,H. Duffau / P. Valdes,3,/Users/wgray13/projects/connectomics-survey/postanalysis/pdfs/files/doi_10.3390_brainsci12040504.pdf
work_5e9c168380b2ea05,Neuronal contact predicts connectivity in the C. elegans brain,2022,10.1101/2022.11.13.516316,bioRxiv,core_relevant,surround,False,False,31,17,False,7.0,0.931510485797717,broker,Oliver Hobert / Steven J. Cook,3,/Users/wgray13/projects/connectomics-survey/postanalysis/pdfs/files/doi_10.1101_2022.11.13.516316.pdf
work_87579702ea1165f6,Connectome of the lamina reveals the circuit for early color processing in the visual pathway of a butterfly.,2022,10.1016/j.cub.2022.03.066,Current Biology,core_relevant,surround,False,False,31,3,False,3.0,0.7942659941598089,broker,James R. Anderson / Bryan William Jones,10,/Users/wgray13/projects/connectomics-survey/postanalysis/pdfs/files/doi_10.1016_j.cub.2022.03.066.pdf
work_b4a11e45d1e24136,Reprogramming the topology of the nociceptive circuit in C. elegans reshapes sexual behavior,2022,10.2139/ssrn.4030988,Current Biology,adjacent_relevant,surround,False,False,31,0,False,,,no_graph,Oliver Hobert / Steven J. Cook,13,/Users/wgray13/projects/connectomics-survey/postanalysis/pdfs/files/doi_10.2139_ssrn.4030988.pdf
work_5c9f2aea432a60e2,A Survey of Visualization and Analysis in High‐Resolution Connectomics,2022,10.1111/cgf.14574,Computer graphics forum (Print),adjacent_relevant,surround,False,False,30,37,False,11.0,0.8709848685956995,broker,J. Lichtman / Hanspeter Pfister,6,/Users/wgray13/projects/connectomics-survey/postanalysis/pdfs/files/doi_10.1111_cgf.14574.pdf
work_f042760cc79f80e4,How innovations in methodology offer new prospects for volume electron microscopy,2022,10.1111/jmi.13134,Journal of Microscopy,role_bridge,surround,False,False,30,0,False,,,no_graph,Arent J. Kievits / J. Hoogenboom,4,/Users/wgray13/projects/connectomics-survey/postanalysis/pdfs/files/doi_10.1111_jmi.13134.pdf
work_3d4f459dce5d0c1b,Dynamic Functional Connectivity in the Static Connectome of C. elegans,2022,10.1016/j.conb.2021.12.002,Current Opinion in Neurobiology,core_relevant,surround,False,False,28,6,False,6.0,0.7106450756570215,broker,S. Flavell / A. Gordus,2,/Users/wgray13/projects/connectomics-survey/postanalysis/pdfs/files/doi_10.1016_j.conb.2021.12.002.pdf
work_f104e8c98ee2c0bf,Connectomics of the Octopus vulgaris vertical lobe provides insight into conserved and novel principles of a memory acquisition network,2022,10.7554/elife.84257,bioRxiv,core_relevant,surround,False,False,24,32,False,11.0,0.8547916113618264,broker,J. Lichtman / Hanspeter Pfister,13,/Users/wgray13/projects/connectomics-survey/postanalysis/pdfs/files/doi_10.7554_elife.84257.pdf
work_bae91c1d9f178e4f,From Photons to Behaviors: Neural Implementations of Visual Behaviors in Drosophila,2022,10.3389/fnins.2022.883640,Frontiers in Neuroscience,adjacent_relevant,surround,False,False,21,4,False,4.0,0.7828510751260951,broker,Xiaoyin Chen / Yonggang Wang,3,/Users/wgray13/projects/connectomics-survey/postanalysis/pdfs/files/doi_10.3389_fnins.2022.883640.pdf
work_3fddccfee3181b91,SyConn2: dense synaptic connectivity inference for volume electron microscopy,2022,10.1038/s41592-022-01624-x,Nature Methods,core_relevant,surround,False,False,19,17,False,11.0,0.8938147066631271,broker,M. Helmstaedter / Winfried Denk,10,/Users/wgray13/projects/connectomics-survey/postanalysis/pdfs/files/doi_10.1038_s41592-022-01624-x.pdf
work_c36c4a98a2fae36f,Brain-wide analysis of the supraspinal connectome reveals anatomical correlates to functional recovery after spinal injury,2022,10.7554/elife.76254,eLife,adjacent_relevant,surround,False,False,18,0,False,,,no_graph,Xiaoyin Chen / Yonggang Wang,9,/Users/wgray13/projects/connectomics-survey/postanalysis/pdfs/files/doi_10.7554_elife.76254.pdf
work_34a1d7dbc52da5e7,Identifying vulnerable brain networks associated with Alzheimer's disease risk.,2022,10.1093/cercor/bhac419,Cerebral Cortex,role_bridge,surround,False,False,17,0,False,,,no_graph,Xiaoyin Chen / Yonggang Wang,11,/Users/wgray13/projects/connectomics-survey/postanalysis/pdfs/files/doi_10.1093_cercor_bhac419.pdf
work_d27171e633af746f,"Igneous: Distributed dense 3D segmentation meshing, neuron skeletonization, and hierarchical downsampling",2022,10.3389/fncir.2022.977700,Frontiers in Neural Circuits,role_bridge,surround,False,False,17,0,False,,,no_graph,H. Sebastian Seung / G. Jefferis,9,/Users/wgray13/projects/connectomics-survey/postanalysis/pdfs/files/doi_10.3389_fncir.2022.977700.pdf
work_1bfad71fdf4de90f,Olfactory Evaluation in Alzheimer’s Disease Model Mice,2022,10.3390/brainsci12050607,Brain Science,role_bridge,surround,False,False,15,0,False,,,no_graph,Xiaoyin Chen / Yonggang Wang,11,/Users/wgray13/projects/connectomics-survey/postanalysis/pdfs/files/doi_10.3390_brainsci12050607.pdf
work_c293467c574e8c22,Hierarchical Modular Structure of the Drosophila Connectome,2022,10.1101/2022.11.23.517722,Journal of Neuroscience,core_relevant,surround,False,False,15,20,False,11.0,0.9384125298646138,broker,H. Sebastian Seung / G. Jefferis,5,/Users/wgray13/projects/connectomics-survey/postanalysis/pdfs/files/doi_10.1101_2022.11.23.517722.pdf
work_d2b5a656b5988a70,PointNeuron: 3D Neuron Reconstruction via Geometry and Topology Learning of Point Clouds,2022,10.1109/wacv56688.2023.00574,IEEE Workshop/Winter Conference on Applications of Computer Vision,adjacent_relevant,surround,False,False,15,0,False,,,no_graph,Xiaoyin Chen / Yonggang Wang,4,/Users/wgray13/projects/connectomics-survey/postanalysis/pdfs/files/doi_10.1109_wacv56688.2023.00574.pdf
work_06fe6252132bc249,"Percolation may explain efficiency, robustness, and economy of the brain",2022,10.1162/netn_a_00246,Network Neuroscience,core_relevant,surround,False,False,14,3,False,3.0,0.5715423413857181,only_out,Xiaoyin Chen / Yonggang Wang,2,/Users/wgray13/projects/connectomics-survey/postanalysis/pdfs/files/doi_10.1162_netn_a_00246.pdf
work_82eacacced51b0d9,Connectomic analysis of thalamus-driven disinhibition in cortical layer 4,2022,10.1101/2022.06.01.494290,bioRxiv,core_relevant,surround,False,False,14,3,False,3.0,0.8829307140960977,broker,M. Helmstaedter / Winfried Denk,7,/Users/wgray13/projects/connectomics-survey/postanalysis/pdfs/files/doi_10.1101_2022.06.01.494290.pdf
work_505328557dd7dca8,Glassy phase in dynamically-balanced neuronal networks,2022,10.1101/2022.03.14.484348,bioRxiv,adjacent_relevant,surround,False,False,13,1,False,1.0,0.7655959649588532,only_in,Kévin Berlemont / G. Mongillo,2,/Users/wgray13/projects/connectomics-survey/postanalysis/pdfs/files/doi_10.1101_2022.03.14.484348.pdf
work_8891f2f24aa7086a,Towards a Comprehensive Optical Connectome at Single Synapse Resolution via Expansion Microscopy,2022,10.3389/fnsyn.2021.754814,Frontiers in Synaptic Neuroscience,adjacent_relevant,surround,False,False,13,21,False,11.0,0.8786833023626228,broker,Madison Sneve / Kiryl D Piatkevich,2,/Users/wgray13/projects/connectomics-survey/postanalysis/pdfs/files/doi_10.3389_fnsyn.2021.754814.pdf
work_b0142f28782e124e,Fear memory-associated synaptic and mitochondrial changes revealed by deep learning-based processing of electron microscopy data.,2022,10.1016/j.celrep.2022.111151,Cell Reports,adjacent_relevant,surround,False,False,13,0,False,,,no_graph,Xiaoyin Chen / Yonggang Wang,14,/Users/wgray13/projects/connectomics-survey/postanalysis/pdfs/files/doi_10.1016_j.celrep.2022.111151.pdf
work_be4e434079225987,Reconstructing neural circuits using multiresolution correlated light and electron microscopy,2022,10.3389/fncir.2022.753496,Frontiers in Neural Circuits,core_relevant,surround,False,False,13,0,False,,,no_graph,Karl Friedrichsen / Jen-Chun Hsiang,6,/Users/wgray13/projects/connectomics-survey/postanalysis/pdfs/files/doi_10.3389_fncir.2022.753496.pdf
work_17a397689c02868a,Differences in the critical dynamics underlying the human and fruit-fly connectome,2022,10.1103/physrevresearch.4.023057,Physical Review Research,adjacent_relevant,surround,False,False,12,0,False,,,no_graph,J. Lichtman / Hanspeter Pfister,3,/Users/wgray13/projects/connectomics-survey/postanalysis/pdfs/files/doi_10.1103_physrevresearch.4.023057.pdf
work_3ac7168aedad246c,Neuroimaging and thalamic connectomics in epilepsy neuromodulation.,2022,10.1016/j.eplepsyres.2022.106916,Epilepsy Research,role_bridge,surround,False,False,12,0,False,,,no_graph,Xiaoyin Chen / Yonggang Wang,4,/Users/wgray13/projects/connectomics-survey/postanalysis/pdfs/files/doi_10.1016_j.eplepsyres.2022.106916.pdf
work_e906fb28bca81676,Mating-driven variability in olfactory local interneuron wiring,2022,10.1126/sciadv.abm7723,Science Advances,core_relevant,surround,False,False,11,5,False,5.0,0.8447040084948235,broker,Albert Cardona / J. Vogelstein,11,/Users/wgray13/projects/connectomics-survey/postanalysis/pdfs/files/doi_10.1126_sciadv.abm7723.pdf
work_fac9c19041b2d700,A Personalized Longitudinal Strategy in Low-Grade Glioma Patients: Predicting Oncological and Neural Interindividual Variability and Its Changes over Years to Think One Step Ahead,2022,10.3390/jpm12101621,Journal of Personalized Medicine,role_bridge,surround,False,False,11,0,False,,,no_graph,H. Duffau / P. Valdes,1,/Users/wgray13/projects/connectomics-survey/postanalysis/pdfs/files/doi_10.3390_jpm12101621.pdf
work_74206fd085d4b317,Multisensory Integration in Caenorhabditis elegans in Comparison to Mammals,2022,10.3390/brainsci12101368,Brain Science,adjacent_relevant,surround,False,False,9,7,False,5.0,0.8072736925935758,broker,Xiaoyin Chen / Yonggang Wang,3,/Users/wgray13/projects/connectomics-survey/postanalysis/pdfs/files/doi_10.3390_brainsci12101368.pdf
work_d818ff83c362d839,Imposing Connectome-Derived Topology on an Echo State Network,2022,10.1109/ijcnn55064.2022.9892629,IEEE International Joint Conference on Neural Network,role_bridge,surround,False,False,9,0,False,,,no_graph,Jacob J. Morra / M. Daley,2,/Users/wgray13/projects/connectomics-survey/postanalysis/pdfs/files/doi_10.1109_ijcnn55064.2022.9892629.pdf
work_0f41f2b9ac638657,Identifying Inputs to Visual Projection Neurons in Drosophila Lobula by Analyzing Connectomic Data,2022,10.1523/eneuro.0053-22.2022,eNeuro,core_relevant,surround,False,False,8,14,False,10.0,0.8176267586939209,broker,Albert Cardona / J. Vogelstein,2,/Users/wgray13/projects/connectomics-survey/postanalysis/pdfs/files/doi_10.1523_eneuro.0053-22.2022.pdf
work_510f1f5d7f3a7c0c,Multiscale imaging informs translational mouse modeling of neurological disease.,2022,10.1016/j.neuron.2022.09.006,Neuron,role_bridge,surround,False,False,8,0,False,,,no_graph,Xiaoyin Chen / Yonggang Wang,3,/Users/wgray13/projects/connectomics-survey/postanalysis/pdfs/files/doi_10.1016_j.neuron.2022.09.006.pdf
work_55ce3fd567669f6c,Edge-colored directed subgraph enumeration on the connectome,2022,10.1038/s41598-022-15027-7,Scientific Reports,core_relevant,surround,False,False,8,21,False,11.0,0.8516060525617202,broker,J. Lichtman / Hanspeter Pfister,7,/Users/wgray13/projects/connectomics-survey/postanalysis/pdfs/files/doi_10.1038_s41598-022-15027-7.pdf
work_8ef597d9b53d5869,Future Directions for Chemosensory Connectomes: Best Practices and Specific Challenges,2022,10.3389/fnsys.2022.885304,Frontiers in Systems Neuroscience,adjacent_relevant,surround,False,False,8,0,False,,,no_graph,M. Veldhuizen / F. Fischmeister,9,/Users/wgray13/projects/connectomics-survey/postanalysis/pdfs/files/doi_10.3389_fnsys.2022.885304.pdf
work_8f475f90f98f68ee,Anatomical and Functional Differences in the Sex-Shared Neurons of the Nematode C. elegans,2022,10.3389/fnana.2022.906090,Frontiers in Neuroanatomy,adjacent_relevant,surround,False,False,8,3,False,3.0,0.5375630475179187,only_out,Xiaoyin Chen / Yonggang Wang,2,/Users/wgray13/projects/connectomics-survey/postanalysis/pdfs/files/doi_10.3389_fnana.2022.906090.pdf
work_ce20d5febf49f18c,Excessive local host-graft connectivity in aging and amyloid-loaded brain,2022,10.1126/sciadv.abg9287,Science Advances,adjacent_relevant,surround,False,False,8,1,False,1.0,0.3713830634457127,only_out,Sofia Grade / Judith Thomas,8,/Users/wgray13/projects/connectomics-survey/postanalysis/pdfs/files/doi_10.1126_sciadv.abg9287.pdf
work_d87e860e88894b04,Circuit analysis of the Drosophila brain using connectivity-based neuronal classification reveals organization of key communication pathways,2022,10.1162/netn_a_00283,Network Neuroscience,core_relevant,surround,False,False,8,7,False,6.0,0.7602867002920095,broker,Albert Cardona / J. Vogelstein,3,/Users/wgray13/projects/connectomics-survey/postanalysis/pdfs/files/doi_10.1162_netn_a_00283.pdf
work_6bbd9315846fb6b3,Circuit analysis reveals a neural pathway for light avoidance in Drosophila larvae,2022,10.1038/s41467-022-33059-5,Nature Communications,adjacent_relevant,surround,False,False,7,1,False,1.0,0.0156623307671887,only_out,Albert Cardona / J. Vogelstein,5,/Users/wgray13/projects/connectomics-survey/postanalysis/pdfs/files/doi_10.1038_s41467-022-33059-5.pdf
work_dd660fdf69e31563,Computational Inference of Synaptic Polarities in Neuronal Networks,2022,10.1002/advs.202104906,Advancement of science,core_relevant,surround,False,False,7,8,False,7.0,0.7204672152906823,broker,Oliver Hobert / Steven J. Cook,3,/Users/wgray13/projects/connectomics-survey/postanalysis/pdfs/files/doi_10.1002_advs.202104906.pdf
work_e0262b9bd70f1d77,In vivo extracellular recordings of thalamic and cortical visual responses reveal V1 connectivity rules,2022,10.1073/pnas.2207032119,Proceedings of the National Academy of Sciences of the United States of America,adjacent_relevant,surround,False,False,7,2,False,2.0,0.8064773028935492,broker,N. Kraynyukova / T. Tchumatchenko,8,/Users/wgray13/projects/connectomics-survey/postanalysis/pdfs/files/doi_10.1073_pnas.2207032119.pdf
work_fee3a782a01f757d,Electrophysiological Validation of Monosynaptic Connectivity between Premotor Interneurons and the aCC Motoneuron in the Drosophila Larval CNS,2022,10.1523/jneurosci.2463-21.2022,Journal of Neuroscience,adjacent_relevant,surround,False,False,7,1,False,1.0,0.8781523758959384,only_in,Albert Cardona / J. Vogelstein,13,/Users/wgray13/projects/connectomics-survey/postanalysis/pdfs/files/doi_10.1523_jneurosci.2463-21.2022.pdf
work_0fcb56dd30085155,Neural model generating klinotaxis behavior accompanied by a random walk based on C. elegans connectome,2022,10.1038/s41598-022-06988-w,Scientific Reports,core_relevant,surround,False,False,6,6,False,3.0,0.7199362888239978,broker,Xiaoyin Chen / Yonggang Wang,5,/Users/wgray13/projects/connectomics-survey/postanalysis/pdfs/files/doi_10.1038_s41598-022-06988-w.pdf
work_1ca9f4c078a6f043,Impairing one sensory modality enhances another by reconfiguring peptidergic signalling in Caenorhabditis elegans,2022,10.7554/elife.68040,eLife,adjacent_relevant,surround,False,False,6,1,False,1.0,0.5168569153172285,only_out,Giulio Valperga / M. de Bono,2,/Users/wgray13/projects/connectomics-survey/postanalysis/pdfs/files/doi_10.7554_elife.68040.pdf
work_2a3d2820efed2cfe,Saturated reconstruction of living brain tissue,2022,10.1101/2022.03.16.484431,bioRxiv,adjacent_relevant,surround,False,False,6,0,False,,,no_graph,Javier DeFelipe / Michael W. Reimann,19,/Users/wgray13/projects/connectomics-survey/postanalysis/pdfs/files/doi_10.1101_2022.03.16.484431.pdf
work_44b8302d72044c47,Instance Segmentation of Unlabeled Modalities via Cyclic Segmentation GAN,2022,10.48550/arxiv.2204.03082,arXiv.org,core_relevant,surround,False,False,6,2,False,2.0,0.0307937350676931,only_out,J. Lichtman / Hanspeter Pfister,9,/Users/wgray13/projects/connectomics-survey/postanalysis/pdfs/files/doi_10.48550_arxiv.2204.03082.pdf
work_7a1fd8b2f1f89a04,Classifying Drosophila olfactory projection neuron boutons by quantitative analysis of electron microscopic reconstruction,2022,10.1016/j.isci.2022.104180,iScience,core_relevant,surround,False,False,6,0,False,,,no_graph,Xiaoyin Chen / Yonggang Wang,16,/Users/wgray13/projects/connectomics-survey/postanalysis/pdfs/files/doi_10.1016_j.isci.2022.104180.pdf
work_80846559d1313185,Deep residual contextual and subpixel convolution network for automated neuronal structure segmentation in micro-connectomics,2022,10.1016/j.cmpb.2022.106759,Comput. Methods Programs Biomed.,core_relevant,surround,False,False,6,8,False,6.0,0.6809131935226971,broker,Xiaoyin Chen / Yonggang Wang,6,/Users/wgray13/projects/connectomics-survey/postanalysis/pdfs/files/doi_10.1016_j.cmpb.2022.106759.pdf
work_b3215adb59984e49,Using Connectome Features to Constrain Echo State Networks,2022,10.1109/ijcnn54540.2023.10191832,IEEE International Joint Conference on Neural Network,adjacent_relevant,surround,False,False,6,2,False,2.0,0.8255906556941863,only_in,Jacob J. Morra / M. Daley,2,/Users/wgray13/projects/connectomics-survey/postanalysis/pdfs/files/doi_10.1109_ijcnn54540.2023.10191832.pdf
work_b40a22a2240776e3,Enhancing Student Research Experiences with Open Data from the Allen Brain Map.,2022,10.59390/nwxo4043,"Journal of undergraduate neuroscience education : JUNE : a publication of FUN, Faculty for Undergraduate Neuroscience",role_bridge,surround,False,False,6,0,False,,,no_graph,Kaitlyn Casimo,1,/Users/wgray13/projects/connectomics-survey/postanalysis/pdfs/files/doi_10.59390_nwxo4043.pdf
work_bea312df1da35b92,Sequential addition of neuronal stem cell temporal cohorts generates a feed-forward circuit in the Drosophila larval nerve cord,2022,10.1101/2022.04.05.487221,bioRxiv,core_relevant,surround,False,False,6,3,False,3.0,0.7353331563578445,broker,Xiaoyin Chen / Yonggang Wang,6,/Users/wgray13/projects/connectomics-survey/postanalysis/pdfs/files/doi_10.1101_2022.04.05.487221.pdf
work_c8b06e9c51abaf4e,Automated Synapse Detection Method for Cerebellar Connectomics,2022,10.3389/fnana.2022.760279,Frontiers in Neuroanatomy,core_relevant,surround,False,False,6,17,False,11.0,0.902309530130077,broker,Xiaoyin Chen / Yonggang Wang,5,/Users/wgray13/projects/connectomics-survey/postanalysis/pdfs/files/doi_10.3389_fnana.2022.760279.pdf
work_025c5ef05489ba3c,Diffusion MRI Connections in the Octopus Brain,2022,10.5607/en21047,Experimental Neurobiology,adjacent_relevant,surround,False,False,5,7,False,3.0,0.5126095035837537,only_out,Xiaoyin Chen / Yonggang Wang,1,/Users/wgray13/projects/connectomics-survey/postanalysis/pdfs/files/doi_10.5607_en21047.pdf
work_03f019b1ea59c828,The 3D ultrastructure of the chordotonal organs in the antenna of a microwasp remains complex although simplified,2022,10.1038/s41598-022-24390-4,Scientific Reports,adjacent_relevant,surround,False,False,5,2,False,2.0,0.1425537563047517,only_out,J. Lichtman / Hanspeter Pfister,6,/Users/wgray13/projects/connectomics-survey/postanalysis/pdfs/files/doi_10.1038_s41598-022-24390-4.pdf
work_6a673ad711320968,Scalable graph analysis tools for the connectomics community,2022,10.1101/2022.06.01.494307,bioRxiv,core_relevant,surround,False,False,5,13,False,10.0,0.838332890894611,broker,Albert Cardona / J. Vogelstein,4,/Users/wgray13/projects/connectomics-survey/postanalysis/pdfs/files/doi_10.1101_2022.06.01.494307.pdf
work_749e4968411ae37d,Invited review: Unearthing the mechanisms of age-related neurodegenerative disease using Caenorhabditis elegans.,2022,10.1016/j.cbpa.2022.111166,"Comparative biochemistry and physiology. Part A, Molecular & integrative physiology",role_bridge,surround,False,False,5,0,False,,,no_graph,Ashley N. Hayden / Rachel N. Arey,3,/Users/wgray13/projects/connectomics-survey/postanalysis/pdfs/files/doi_10.1016_j.cbpa.2022.111166.pdf
work_791ccba206b1bbdc,Neural signal propagation atlas of C. elegans,2022,,,core_relevant,surround,False,False,5,10,False,9.0,0.3992567029466419,only_out,Olaf Sporns / B. Mišić,4,/Users/wgray13/projects/connectomics-survey/postanalysis/pdfs/files/arxiv_2208.0479.pdf
work_bff85c7a83fb9eac,Nonsynaptic Transmission Mediates Light Context-Dependent Odor Responses in Drosophila melanogaster,2022,10.1523/jneurosci.1106-22.2022,Journal of Neuroscience,adjacent_relevant,surround,False,False,5,1,False,1.0,0.2171489248739049,only_out,Kazuaki Ikeda / N. Tanaka,3,/Users/wgray13/projects/connectomics-survey/postanalysis/pdfs/files/doi_10.1523_jneurosci.1106-22.2022.pdf
work_0f90d8b78e7b6522,Automatic classification and neurotransmitter prediction of synapses in electron microscopy,2022,10.1017/s2633903x2200006x,Biological Imaging,core_relevant,surround,False,False,4,4,False,3.0,0.8200159277940006,broker,Xiaoyin Chen / Yonggang Wang,9,/Users/wgray13/projects/connectomics-survey/postanalysis/pdfs/files/doi_10.1017_s2633903x2200006x.pdf
work_2fec1e83fce4a3a0,A graph network model for neural connection prediction and connection strength estimation,2022,10.1088/1741-2552/ac69bd,Journal of Neural Engineering,core_relevant,surround,False,False,4,6,False,6.0,0.2675869392089195,only_out,Xiaoyin Chen / Yonggang Wang,14,postanalysis/pdfs/files/doi_10.1088_1741-2552_ac69bd.pdf
work_c6d55d0de76f71ec,Dynamic Oscillations Evoked by Subcallosal Cingulate Deep Brain Stimulation,2022,10.3389/fnins.2022.768355,Frontiers in Neuroscience,role_bridge,surround,False,False,4,0,False,,,no_graph,Xiaoyin Chen / Yonggang Wang,6,/Users/wgray13/projects/connectomics-survey/postanalysis/pdfs/files/doi_10.3389_fnins.2022.768355.pdf
work_c9cd7a8eaf536fcc,The brainstem connectome database,2022,10.1038/s41597-022-01219-3,Scientific Data,role_bridge,surround,False,False,4,5,False,5.0,0.688080700822936,broker,Albert Cardona / J. Vogelstein,6,/Users/wgray13/projects/connectomics-survey/postanalysis/pdfs/files/doi_10.1038_s41597-022-01219-3.pdf
work_ee63135ebdac98b8,Rewarding Capacity of Optogenetically Activating a Giant GABAergic Central-Brain Interneuron in Larval Drosophila,2022,10.1101/2022.12.19.521052,Journal of Neuroscience,adjacent_relevant,surround,False,False,4,11,False,8.0,0.809131935226971,broker,Albert Cardona / J. Vogelstein,19,/Users/wgray13/projects/connectomics-survey/postanalysis/pdfs/files/doi_10.1101_2022.12.19.521052.pdf
work_233791307c27b82f,U-RISC: An Annotated Ultra-High-Resolution Electron Microscopy Dataset Challenging the Existing Deep Learning Algorithms,2022,10.3389/fncom.2022.842760,Frontiers in Computational Neuroscience,core_relevant,surround,False,False,3,4,False,4.0,0.0453942129015131,only_out,Xiaoyin Chen / Yonggang Wang,9,/Users/wgray13/projects/connectomics-survey/postanalysis/pdfs/files/doi_10.3389_fncom.2022.842760.pdf
work_3a65e3433ca551c8,Unusual Mathematical Approaches Untangle Nervous Dynamics,2022,10.3390/biomedicines10102581,Biomedicines,adjacent_relevant,surround,False,False,3,7,False,4.0,0.301831696310061,only_out,Arturo Tozzi / L. Mariniello,2,/Users/wgray13/projects/connectomics-survey/postanalysis/pdfs/files/doi_10.3390_biomedicines10102581.pdf
work_4eeefad5ede282bc,Single-Neuron Labeling in Fixed Tissue and Targeted Volume Electron Microscopy,2022,10.3389/fnana.2022.852057,Frontiers in Neuroanatomy,core_relevant,surround,False,False,3,2,False,2.0,0.4847358640828245,only_out,Javier DeFelipe / Michael W. Reimann,6,/Users/wgray13/projects/connectomics-survey/postanalysis/pdfs/files/doi_10.3389_fnana.2022.852057.pdf
work_5985ee7f25014d98,Connectomics Annotation Metadata Standardization for Increased Accessibility and Queryability,2022,10.3389/fninf.2022.828458,Frontiers in Neuroinformatics,role_bridge,surround,False,False,3,7,False,7.0,0.6649853995221662,only_out,J. Lichtman / Hanspeter Pfister,6,/Users/wgray13/projects/connectomics-survey/postanalysis/pdfs/files/doi_10.3389_fninf.2022.828458.pdf
work_81c3af9943fafccc,Uncovering brain tissue architecture across scales with super-resolution light microscopy,2022,10.1101/2022.08.17.504272,bioRxiv,adjacent_relevant,surround,False,False,3,3,False,3.0,0.7196708255906556,broker,Javier DeFelipe / Michael W. Reimann,14,/Users/wgray13/projects/connectomics-survey/postanalysis/pdfs/files/doi_10.1101_2022.08.17.504272.pdf
work_e84e63b37ea89c53,"RealNeuralNetworks.jl: An Integrated Julia Package for Skeletonization, Morphological Analysis, and Synaptic Connectivity Analysis of Terabyte-Scale 3D Neural Segmentations",2022,10.3389/fninf.2022.828169,Frontiers in Neuroinformatics,core_relevant,surround,False,False,3,6,False,6.0,0.2370586673745686,only_out,H. Sebastian Seung / G. Jefferis,6,/Users/wgray13/projects/connectomics-survey/postanalysis/pdfs/files/doi_10.3389_fninf.2022.828169.pdf
work_1bc550704e02bb7c,Expansion Sequencing of RNA Barcoded Neurons in the Mammalian Brain: Progress and Implications for Molecularly Annotated Connectomics,2022,10.1101/2022.07.31.502046,bioRxiv,core_relevant,surround,False,False,2,1,False,1.0,0.3729758428457658,only_out,Xiaoyin Chen / Yonggang Wang,18,/Users/wgray13/projects/connectomics-survey/postanalysis/pdfs/files/doi_10.1101_2022.07.31.502046.pdf
work_4a82596aff271554,Complex topological features of reservoirs shape learning performances in bio-inspired recurrent neural networks,2022,,,adjacent_relevant,surround,False,False,2,3,False,3.0,0.6055216352535174,only_out,Valeria d'Andrea / 35131 Padova,10,/Users/wgray13/projects/connectomics-survey/postanalysis/pdfs/files/arxiv_2211.00161.pdf
work_5a544ca02f2eeb6f,Research trends and hotspots on connectomes from 2005 to 2021: A bibliometric and latent Dirichlet allocation application study,2022,10.3389/fnins.2022.1046562,Frontiers in Neuroscience,role_bridge,surround,False,False,2,0,False,,,no_graph,Xiaoyin Chen / Yonggang Wang,4,/Users/wgray13/projects/connectomics-survey/postanalysis/pdfs/files/doi_10.3389_fnins.2022.1046562.pdf
work_79a23415110e1412,Systems neuroscience: Auditory processing at synaptic resolution.,2022,10.1016/j.cub.2022.07.001,Current Biology,core_relevant,surround,False,False,2,4,False,3.0,0.8205468542606849,broker,H. Sebastian Seung / G. Jefferis,2,postanalysis/pdfs/files/doi_10.1016_j.cub.2022.07.001.pdf
work_850cb29d47fc3dc9,Scalable Biologically-Aware Skeleton Generation for Connectomic Volumes,2022,10.1109/tmi.2022.3164343,IEEE Transactions on Medical Imaging,core_relevant,surround,False,False,2,6,False,6.0,0.6819750464560659,broker,J. Lichtman / Hanspeter Pfister,8,postanalysis/pdfs/files/doi_10.1109_tmi.2022.3164343.pdf
work_fd6f2aa9a63d2293,Joint reconstruction of neuron and ultrastructure via connectivity consensus in electron microscope volumes,2022,10.1186/s12859-022-04991-6,BMC Bioinformatics,core_relevant,surround,False,False,2,15,False,11.0,0.1513140430050438,only_out,Xiaoyin Chen / Yonggang Wang,8,/Users/wgray13/projects/connectomics-survey/postanalysis/pdfs/files/doi_10.1186_s12859-022-04991-6.pdf
work_528bb07484e5be14,Anomaly Detection in EM Images - A Zero-Shot Learning Approach,2022,10.1109/isbi52829.2022.9761659,IEEE International Symposium on Biomedical Imaging,core_relevant,surround,False,False,1,2,False,2.0,0.5710114149190337,only_out,H. Sebastian Seung / G. Jefferis,12,postanalysis/pdfs/files/doi_10.1109_isbi52829.2022.9761659.pdf
work_6d00499bc1daf535,Connectomics: Relating synaptic connectivity to physiology.,2022,10.1016/j.cub.2021.12.037,Current Biology,adjacent_relevant,surround,False,False,1,4,False,4.0,0.4518184231483939,only_out,Albert Cardona / J. Vogelstein,2,postanalysis/pdfs/files/doi_10.1016_j.cub.2021.12.037.pdf
work_8cca6106a84d43d6,Symmetry and Network Topology in Neuronal Circuits: Complicity of Form and Function,2022,10.1142/s0218127422300336,International Journal of Bifurcation and Chaos in Applied Sciences and Engineering,adjacent_relevant,surround,False,False,1,0,False,,,no_graph,Oliver Hobert / Steven J. Cook,1,/Users/wgray13/projects/connectomics-survey/postanalysis/pdfs/files/doi_10.1142_s0218127422300336.pdf
work_ab37741d2cf051d8,Neuronal Morphological Model-Driven Image Registration for Serial Electron Microscopy Sections,2022,10.3389/fnhum.2022.846599,Frontiers in Human Neuroscience,core_relevant,surround,False,False,1,2,False,2.0,0.2389169100079639,only_out,Xiaoyin Chen / Yonggang Wang,4,/Users/wgray13/projects/connectomics-survey/postanalysis/pdfs/files/doi_10.3389_fnhum.2022.846599.pdf
work_126c6fe9a5058aa2,Ordering in heterogeneous connectome weights for visual information processing,2022,10.1073/pnas.2216092119,Proceedings of the National Academy of Sciences of the United States of America,adjacent_relevant,surround,False,False,0,3,False,2.0,0.2330767188744359,only_out,T. Toyoizumi,1,/Users/wgray13/projects/connectomics-survey/postanalysis/pdfs/files/doi_10.1073_pnas.2216092119.pdf
work_270d1e87908e8ca8,The Understanding of ON-Edge Motion Detection Through the Simulation Based on the Connectome of Drosophila's Optic Lobe,2022,10.20965/jrm.2022.p0795,J. Robotics Mechatronics,core_relevant,surround,False,False,0,1,False,1.0,0.3984603132466153,only_out,Munehiro Hayashi / R. Kanzaki,4,postanalysis/pdfs/files/doi_10.20965_jrm.2022.p0795.pdf
work_2e7057c9bdb34818,Bisected graph matching improves automated pairing of bilaterally homologous neurons from connectomes,2022,10.1101/2022.05.19.492713,bioRxiv,core_relevant,surround,False,False,0,11,False,9.0,0.0002654632333421,only_out,Albert Cardona / J. Vogelstein,4,/Users/wgray13/projects/connectomics-survey/postanalysis/pdfs/files/doi_10.1101_2022.05.19.492713.pdf
work_3f0421e54f4413e8,The synaptic organization in the C. elegans neural network suggests significant local compartmentalized computations,2022,10.1101/2021.12.30.474568,bioRxiv,core_relevant,surround,False,False,0,7,False,5.0,0.0568091319352269,only_out,Oliver Hobert / Steven J. Cook,4,/Users/wgray13/projects/connectomics-survey/postanalysis/pdfs/files/doi_10.1101_2021.12.30.474568.pdf
work_c47d226b15590ce5,CELR: Cloud Enhanced Local Reconstruction from low-dose sparse Scanning Electron Microscopy images,2022,10.1109/dsd57027.2022.00083,Euromicro Symposium on Digital Systems Design,adjacent_relevant,surround,False,False,0,0,False,,,no_graph,J. Lichtman / Hanspeter Pfister,5,/Users/wgray13/projects/connectomics-survey/postanalysis/pdfs/files/doi_10.1109_dsd57027.2022.00083.pdf
work_ecc5f261115a2fe0,Architectures of Neuronal Circuits,2021,10.1126/science.abg7285,Science,adjacent_relevant,surround,False,False,357,5,False,4.0,0.8083355455269445,broker,Albert Cardona / J. Vogelstein,1,/Users/wgray13/projects/connectomics-survey/postanalysis/pdfs/files/doi_10.1126_science.abg7285.pdf
work_37de4cdb46f24752,The mouse cortico–basal ganglia–thalamic network,2021,10.1038/s41586-021-03993-3,Nature,adjacent_relevant,surround,False,False,261,2,False,2.0,0.7090522962569684,broker,Xiaoyin Chen / Yonggang Wang,66,/Users/wgray13/projects/connectomics-survey/postanalysis/pdfs/files/doi_10.1038_s41586-021-03993-3.pdf
work_029643354bb1e658,Untangling the cortico-thalamo-cortical loop: cellular pieces of a knotty circuit puzzle,2021,10.1038/s41583-021-00459-3,Nature Reviews Neuroscience,adjacent_relevant,surround,False,False,180,1,False,1.0,0.3899654897796655,only_out,Albert Cardona / J. Vogelstein,2,/Users/wgray13/projects/connectomics-survey/postanalysis/pdfs/files/doi_10.1038_s41583-021-00459-3.pdf
work_71f6011a0d89b1ef,Prefrontal connectomics: from anatomy to human imaging,2021,10.1038/s41386-021-01156-6,Neuropsychopharmacology,adjacent_relevant,surround,False,False,107,27,False,6.0,0.9615078311653836,broker,Albert Cardona / J. Vogelstein,4,/Users/wgray13/projects/connectomics-survey/postanalysis/pdfs/files/doi_10.1038_s41386-021-01156-6.pdf
work_ae35dcbe4ee37384,An Open MRI Dataset For Multiscale Neuroscience,2021,10.1038/s41597-022-01682-y,bioRxiv,adjacent_relevant,surround,False,False,101,0,False,,,no_graph,Olaf Sporns / B. Mišić,17,/Users/wgray13/projects/connectomics-survey/postanalysis/pdfs/files/doi_10.1038_s41597-022-01682-y.pdf
work_aebd692d3a9ff7ca,Connectomic Deep Brain Stimulation for Obsessive-Compulsive Disorder.,2021,10.1016/j.biopsych.2021.07.010,Biological Psychiatry,role_bridge,surround,False,False,96,0,False,,,no_graph,Albert Cardona / J. Vogelstein,20,/Users/wgray13/projects/connectomics-survey/postanalysis/pdfs/files/doi_10.1016_j.biopsych.2021.07.010.pdf
work_4fe68bf7b16d89dc,The nonhuman primate neuroimaging and neuroanatomy project,2021,10.1016/j.neuroimage.2021.117726,NeuroImage,adjacent_relevant,surround,False,False,94,0,False,,,no_graph,Albert Cardona / J. Vogelstein,11,/Users/wgray13/projects/connectomics-survey/postanalysis/pdfs/files/doi_10.1016_j.neuroimage.2021.117726.pdf
work_2023cc62cedb365a,Cross-modal coherent registration of whole mouse brains,2021,10.1038/s41592-021-01334-w,Nature Methods,adjacent_relevant,surround,False,False,81,0,False,,,no_graph,Xiaoyin Chen / Yonggang Wang,22,/Users/wgray13/projects/connectomics-survey/postanalysis/pdfs/files/doi_10.1038_s41592-021-01334-w.pdf
work_e4bc57c6de51abe9,Altered synaptic connectivity and brain function in mice lacking microglial adapter protein Iba1,2021,10.1101/2021.04.23.441023,Proceedings of the National Academy of Sciences of the United States of America,adjacent_relevant,surround,False,False,78,1,False,1.0,0.7539155826917971,only_in,Pablo J. Lituma / Sayan Nandi,6,/Users/wgray13/projects/connectomics-survey/postanalysis/pdfs/files/doi_10.1101_2021.04.23.441023.pdf
work_1f5d00869279e1e0,A whole-brain monosynaptic input connectome to neuron classes in mouse visual cortex,2021,10.1038/s41593-022-01219-x,bioRxiv,adjacent_relevant,surround,False,False,69,5,False,5.0,0.7292275019909743,broker,Xiaoyin Chen / Yonggang Wang,51,/Users/wgray13/projects/connectomics-survey/postanalysis/pdfs/files/doi_10.1038_s41593-022-01219-x.pdf
work_56c6cf090809380d,The Nereid on the rise: Platynereis as a model system,2021,10.1186/s13227-021-00180-3,EvoDevo,adjacent_relevant,surround,False,False,63,8,False,7.0,0.8170958322272365,broker,Albert Cardona / J. Vogelstein,24,/Users/wgray13/projects/connectomics-survey/postanalysis/pdfs/files/doi_10.1186_s13227-021-00180-3.pdf
work_613efecbf34a6d82,Neuronal circuits integrating visual motion information in Drosophila,2021,10.1101/2021.12.20.473513,bioRxiv,core_relevant,surround,False,False,57,9,False,9.0,0.9041677727634724,broker,J. Lichtman / Hanspeter Pfister,5,/Users/wgray13/projects/connectomics-survey/postanalysis/pdfs/files/doi_10.1101_2021.12.20.473513.pdf
work_853fa92c78e2f996,Where the genome meets the connectome: Understanding how genes shape human brain connectivity,2021,10.31234/osf.io/hqgz7,NeuroImage,adjacent_relevant,surround,False,False,55,8,False,5.0,0.8362091850278737,broker,Olaf Sporns / B. Mišić,4,/Users/wgray13/projects/connectomics-survey/postanalysis/pdfs/files/doi_10.31234_osf.io_hqgz7.pdf
work_e0545291b21b26cf,Local and long-distance organization of prefrontal cortex circuits in the marmoset brain,2021,10.1016/j.neuron.2023.04.028,bioRxiv,adjacent_relevant,surround,False,False,54,3,False,2.0,0.880541544996018,broker,Hideyuki Okano / Alexander Woodward,16,/Users/wgray13/projects/connectomics-survey/postanalysis/pdfs/files/doi_10.1016_j.neuron.2023.04.028.pdf
work_be3603a175b093a4,Petascale neural circuit reconstruction: automated methods,2021,10.1101/2021.08.04.455162,bioRxiv,core_relevant,surround,False,False,53,29,False,11.0,0.947438279798248,broker,H. Sebastian Seung / G. Jefferis,46,/Users/wgray13/projects/connectomics-survey/postanalysis/pdfs/files/doi_10.1101_2021.08.04.455162.pdf
work_3dbce6aa5261fb05,Circuits for integrating learned and innate valences in the insect brain,2021,10.7554/elife.62567,eLife,core_relevant,surround,False,False,48,23,False,11.0,0.9466418900982214,broker,Albert Cardona / J. Vogelstein,17,/Users/wgray13/projects/connectomics-survey/postanalysis/pdfs/files/doi_10.7554_elife.62567.pdf
work_717baf719ad94026,Neuropeptides and Behaviors: How Small Peptides Regulate Nervous System Function and Behavioral Outputs,2021,10.3389/fnmol.2021.786471,Frontiers in Molecular Neuroscience,adjacent_relevant,surround,False,False,47,3,False,3.0,0.8290416777276347,broker,U. S. Bhat / Kavita Babu,4,/Users/wgray13/projects/connectomics-survey/postanalysis/pdfs/files/doi_10.3389_fnmol.2021.786471.pdf
work_54b48e88cbc2ee28,High-precision targeting workflow for volume electron microscopy,2021,10.1083/jcb.202104069,Journal of Cell Biology,role_bridge,surround,False,False,44,0,False,,,no_graph,Javier DeFelipe / Michael W. Reimann,13,/Users/wgray13/projects/connectomics-survey/postanalysis/pdfs/files/doi_10.1083_jcb.202104069.pdf
work_994933ce77707057,Dopamine modulation of sensory processing and adaptive behavior in flies,2021,10.1007/s00441-020-03371-x,Cell and Tissue Research,adjacent_relevant,surround,False,False,43,12,False,8.0,0.833820015927794,broker,K. Siju / Ilona C. Grunwald Kadow,3,/Users/wgray13/projects/connectomics-survey/postanalysis/pdfs/files/doi_10.1007_s00441-020-03371-x.pdf
work_c5ee0f332484814e,NucMM Dataset: 3D Neuronal Nuclei Instance Segmentation at Sub-Cubic Millimeter Scale,2021,10.1007/978-3-030-87193-2_16,International Conference on Medical Image Computing and Computer-Assisted Intervention,adjacent_relevant,surround,False,False,41,6,False,4.0,0.8972657286965755,broker,J. Lichtman / Hanspeter Pfister,15,/Users/wgray13/projects/connectomics-survey/postanalysis/pdfs/files/doi_10.1007_978-3-030-87193-2_16.pdf
work_cdb7dbf4ec350268,"Dopamine Neurons That Cotransmit Glutamate, From Synapses to Circuits to Behavior",2021,10.3389/fncir.2021.665386,Frontiers in Neural Circuits,adjacent_relevant,surround,False,False,41,2,False,2.0,0.7079904433235997,broker,N. Chuhma / S. Rayport,8,/Users/wgray13/projects/connectomics-survey/postanalysis/pdfs/files/doi_10.3389_fncir.2021.665386.pdf
work_743eabd3892ae7b4,FIB-SEM as a Volume Electron Microscopy Approach to Study Cellular Architectures in SARS-CoV-2 and Other Viral Infections: A Practical Primer for a Virologist,2021,10.3390/v13040611,Viruses,role_bridge,surround,False,False,40,0,False,,,no_graph,Xiaoyin Chen / Yonggang Wang,10,/Users/wgray13/projects/connectomics-survey/postanalysis/pdfs/files/doi_10.3390_v13040611.pdf
work_dea4521ee619918d,PyTorch Connectomics: A Scalable and Flexible Segmentation Framework for EM Connectomics,2021,,arXiv.org,core_relevant,surround,False,False,37,25,False,11.0,0.94770374303159,broker,J. Lichtman / Hanspeter Pfister,4,/Users/wgray13/projects/connectomics-survey/postanalysis/pdfs/files/arxiv_2112.05754.pdf
work_db01207f4943cee6,The organization of the zebrafish pallium from a hodological perspective,2021,10.1002/cne.25268,The Journal of comparative neurology,adjacent_relevant,surround,False,False,35,1,False,1.0,0.4573931510485797,only_out,J. Yáñez / R. Anadón,4,/Users/wgray13/projects/connectomics-survey/postanalysis/pdfs/files/doi_10.1002_cne.25268.pdf
work_bf528ba1c278b6b4,"Small, correlated changes in synaptic connectivity may facilitate rapid motor learning",2021,10.1038/s41467-022-32646-w,Nature Communications,adjacent_relevant,surround,False,False,34,1,False,1.0,0.7138306344571277,only_in,Bradly Alicea / Matteo Cantarelli,6,/Users/wgray13/projects/connectomics-survey/postanalysis/pdfs/files/doi_10.1038_s41467-022-32646-w.pdf
work_7047d97957cd06a4,Connectomic features underlying diverse synaptic connection strengths and subcellular computation,2021,10.1101/2021.08.19.456845,bioRxiv,core_relevant,surround,False,False,32,35,False,11.0,0.9485001327316168,broker,Kristyn M. Lizbinski / James M. Jeanne,4,/Users/wgray13/projects/connectomics-survey/postanalysis/pdfs/files/doi_10.1101_2021.08.19.456845.pdf
work_b5084356dd64493c,Unveiling the sensory and interneuronal pathways of the neuroendocrine connectome in Drosophila,2021,10.7554/elife.65745,eLife,core_relevant,surround,False,False,32,14,False,9.0,0.865941067162198,broker,Albert Cardona / J. Vogelstein,11,/Users/wgray13/projects/connectomics-survey/postanalysis/pdfs/files/doi_10.7554_elife.65745.pdf
work_f9058445fb301eac,Integration of signals from different cortical areas in higher order thalamic neurons,2021,10.1073/pnas.2104137118,Proceedings of the National Academy of Sciences of the United States of America,core_relevant,surround,False,False,32,1,False,1.0,0.7074595168569153,only_in,M. Helmstaedter / Winfried Denk,4,/Users/wgray13/projects/connectomics-survey/postanalysis/pdfs/files/doi_10.1073_pnas.2104137118.pdf
work_ffab4a04f3882e28,Model simulations unveil the structure-function-dynamics relationship of the cerebellar cortical microcircuit,2021,10.1038/s42003-022-04213-y,Communications Biology,adjacent_relevant,surround,False,False,32,5,False,2.0,0.8810724714627024,broker,Alice Geminiani / A. Antonietti,7,/Users/wgray13/projects/connectomics-survey/postanalysis/pdfs/files/doi_10.1038_s42003-022-04213-y.pdf
work_8a5bdc50ed94a369,The Prop1-like homeobox gene unc-42 specifies the identity of synaptically connected neurons,2021,10.7554/elife.64903,eLife,adjacent_relevant,surround,False,False,30,6,False,6.0,0.7374568622245818,broker,Oliver Hobert / Steven J. Cook,17,/Users/wgray13/projects/connectomics-survey/postanalysis/pdfs/files/doi_10.7554_elife.64903.pdf
work_8347b1b95882d657,Partial connectomes of labeled dopaminergic circuits reveal non-synaptic communication and axonal remodeling after exposure to cocaine,2021,10.7554/elife.71981,eLife,core_relevant,surround,False,False,29,18,False,9.0,0.794531457393151,broker,J. Lichtman / Hanspeter Pfister,9,/Users/wgray13/projects/connectomics-survey/postanalysis/pdfs/files/doi_10.7554_elife.71981.pdf
work_1e45d26255aa5210,Petabyte-Scale Multi-Morphometry of Single Neurons for Whole Brains,2021,10.1007/s12021-022-09569-4,Neuroinformatics,core_relevant,surround,False,False,28,2,False,2.0,0.7552428988585081,only_in,Xiaoyin Chen / Yonggang Wang,14,/Users/wgray13/projects/connectomics-survey/postanalysis/pdfs/files/doi_10.1007_s12021-022-09569-4.pdf
work_c92a0fc5d845cc35,A scalable and modular automated pipeline for stitching of large electron microscopy datasets,2021,10.1101/2021.11.24.469932,bioRxiv,core_relevant,surround,False,False,28,21,False,11.0,0.9352269710645076,broker,H. Sebastian Seung / G. Jefferis,22,/Users/wgray13/projects/connectomics-survey/postanalysis/pdfs/files/doi_10.1101_2021.11.24.469932.pdf
work_f30031f2d37b416e,"Multi-scale light microscopy/electron microscopy neuronal imaging from brain to synapse with a tissue clearing method, ScaleSF",2021,10.1016/j.isci.2021.103601,iScience,adjacent_relevant,surround,False,False,28,6,False,6.0,0.7772763472259092,broker,Megumu Takahashi / Masato Koike,13,/Users/wgray13/projects/connectomics-survey/postanalysis/pdfs/files/doi_10.1016_j.isci.2021.103601.pdf
work_d2598eb05d29450d,AxonEM Dataset: 3D Axon Instance Segmentation of Brain Cortical Regions,2021,10.1007/978-3-030-87193-2_17,International Conference on Medical Image Computing and Computer-Assisted Intervention,core_relevant,surround,False,False,27,18,False,11.0,0.8712503318290417,broker,J. Lichtman / Hanspeter Pfister,16,/Users/wgray13/projects/connectomics-survey/postanalysis/pdfs/files/doi_10.1007_978-3-030-87193-2_17.pdf
work_d184679749aabc6f,Protocol for preparation of heterogeneous biological samples for 3D electron microscopy: a case study for insects,2021,10.1038/s41598-021-83936-0,Scientific Reports,adjacent_relevant,surround,False,False,24,7,False,6.0,0.8561189275285372,broker,J. Lichtman / Hanspeter Pfister,5,/Users/wgray13/projects/connectomics-survey/postanalysis/pdfs/files/doi_10.1038_s41598-021-83936-0.pdf
work_f6974b7e8ee475f8,The Drosophila Larval Locomotor Circuit Provides a Model to Understand Neural Circuit Development and Function,2021,10.3389/fncir.2021.684969,Frontiers in Neural Circuits,adjacent_relevant,surround,False,False,24,6,False,4.0,0.8470931775949031,broker,Albert Cardona / J. Vogelstein,4,/Users/wgray13/projects/connectomics-survey/postanalysis/pdfs/files/doi_10.3389_fncir.2021.684969.pdf
work_4880cacffadd6077,Drosophila gustatory projections are segregated by taste modality and connectivity,2021,10.7554/elife.78110,bioRxiv,core_relevant,surround,False,False,23,9,False,7.0,0.8492168834616406,broker,H. Sebastian Seung / G. Jefferis,4,/Users/wgray13/projects/connectomics-survey/postanalysis/pdfs/files/doi_10.7554_elife.78110.pdf
work_b889b7bbc3c4d76b,Small brains for big science.,2021,10.1016/j.conb.2021.09.007,Current Opinion in Neurobiology,adjacent_relevant,surround,False,False,23,6,False,5.0,0.7491372444916379,broker,J. Lichtman / Hanspeter Pfister,3,/Users/wgray13/projects/connectomics-survey/postanalysis/pdfs/files/doi_10.1016_j.conb.2021.09.007.pdf
work_d336a05923d05f7e,Conserved Circuits for Direction Selectivity in the Primate Retina,2021,10.1101/2021.07.21.453225,bioRxiv,core_relevant,surround,False,False,23,4,False,4.0,0.679320414122644,broker,James R. Anderson / Bryan William Jones,7,/Users/wgray13/projects/connectomics-survey/postanalysis/pdfs/files/doi_10.1101_2021.07.21.453225.pdf
work_6cd7e5cb19e5195e,Brain research challenges supercomputing,2021,10.1126/science.abl8519,Science,adjacent_relevant,surround,False,False,22,2,False,2.0,0.8343509423944784,broker,Olaf Sporns / B. Mišić,2,/Users/wgray13/projects/connectomics-survey/postanalysis/pdfs/files/doi_10.1126_science.abl8519.pdf
work_7bdad385499dc937,Imaging Three-Dimensional Brain Organoid Architecture from Meso- to Nanoscale across Development,2021,10.1101/2021.12.03.471084,bioRxiv,role_bridge,surround,False,False,22,1,False,1.0,0.7576320679585877,only_in,M. Helmstaedter / Winfried Denk,8,/Users/wgray13/projects/connectomics-survey/postanalysis/pdfs/files/doi_10.1101_2021.12.03.471084.pdf
work_9ec0e96a45077d8a,Neural architectures in the light of comparative connectomics,2021,10.1016/j.conb.2021.10.006,Current Opinion in Neurobiology,adjacent_relevant,surround,False,False,22,15,False,11.0,0.8667374568622246,broker,Albert Cardona / J. Vogelstein,3,/Users/wgray13/projects/connectomics-survey/postanalysis/pdfs/files/doi_10.1016_j.conb.2021.10.006.pdf
work_a94eb0820c4c98b1,High-throughput segmentation of unmyelinated axons by deep learning,2021,10.1038/s41598-022-04854-3,Scientific Reports,core_relevant,surround,False,False,22,3,False,3.0,0.7363950092912132,broker,Emanuele Plebani / M. M. Dundar,10,/Users/wgray13/projects/connectomics-survey/postanalysis/pdfs/files/doi_10.1038_s41598-022-04854-3.pdf
work_726e4e2ab35a1839,Dense Circuit Reconstruction to Understand Neuronal Computation: Focus on Zebrafish.,2021,10.1146/annurev-neuro-110220-013050,Annual Review of Neuroscience,core_relevant,surround,False,False,21,3,False,3.0,0.8449694717281656,only_in,M. Helmstaedter / Winfried Denk,2,/Users/wgray13/projects/connectomics-survey/postanalysis/pdfs/files/doi_10.1146_annurev-neuro-110220-013050.pdf
work_170ec61729592c44,Forward and backward locomotion patterns in C. elegans generated by a connectome-based model simulation,2021,10.1038/s41598-021-92690-2,Scientific Reports,core_relevant,surround,False,False,19,4,False,3.0,0.820812317494027,broker,Kazuma Sakamoto / T. Tsuji,5,/Users/wgray13/projects/connectomics-survey/postanalysis/pdfs/files/doi_10.1038_s41598-021-92690-2.pdf
work_e8cebe37a51009b5,Establishment and Maintenance of Neural Circuit Architecture,2021,10.1523/jneurosci.1143-20.2020,Journal of Neuroscience,adjacent_relevant,surround,False,False,19,14,False,5.0,0.8407220599946907,broker,Albert Cardona / J. Vogelstein,2,/Users/wgray13/projects/connectomics-survey/postanalysis/pdfs/files/doi_10.1523_jneurosci.1143-20.2020.pdf
work_b4c2e7661a5e5142,Large-scale image segmentation based on distributed clustering algorithms,2021,,arXiv.org,core_relevant,surround,False,False,18,0,False,,,no_graph,H. Sebastian Seung / G. Jefferis,3,/Users/wgray13/projects/connectomics-survey/postanalysis/pdfs/files/arxiv_2106.10795.pdf
work_d8788bf65765aa22,Synaptic recognition molecules in development and disease,2021,10.1016/bs.ctdb.2020.12.009,Current Topics in Developmental Biology,adjacent_relevant,surround,False,False,18,1,False,1.0,0.3129811521104327,only_out,Xiaoyin Chen / Yonggang Wang,3,/Users/wgray13/projects/connectomics-survey/postanalysis/pdfs/files/doi_10.1016_bs.ctdb.2020.12.009.pdf
work_14777efdec1861e5,Quantitative skills in undergraduate neuroscience education in the age of big data.,2021,10.1016/j.neulet.2021.136074,Neuroscience Letters,role_bridge,surround,False,False,17,0,False,,,no_graph,R. Hoy,1,/Users/wgray13/projects/connectomics-survey/postanalysis/pdfs/files/doi_10.1016_j.neulet.2021.136074.pdf
work_18a630f143863a39,A specialized spinal circuit for command amplification and directionality during escape behavior,2021,10.1073/pnas.2106785118,Proceedings of the National Academy of Sciences of the United States of America,core_relevant,surround,False,False,17,2,False,2.0,0.5646402973188214,only_out,Xiaoyin Chen / Yonggang Wang,12,/Users/wgray13/projects/connectomics-survey/postanalysis/pdfs/files/doi_10.1073_pnas.2106785118.pdf
work_70f9a69534438a69,A connectome is not enough - what is still needed to understand the brain of Drosophila?,2021,10.1242/jeb.242740,Journal of Experimental Biology,adjacent_relevant,surround,False,False,17,19,False,10.0,0.9458455003981948,broker,J. Lichtman / Hanspeter Pfister,2,/Users/wgray13/projects/connectomics-survey/postanalysis/pdfs/files/doi_10.1242_jeb.242740.pdf
work_7355482a2bfdf04b,Normative and mechanistic model of an adaptive circuit for efficient encoding and feature extraction,2021,10.1073/pnas.2117484120,bioRxiv,core_relevant,surround,False,False,16,4,False,3.0,0.3652774090788426,only_out,J. Lichtman / Hanspeter Pfister,3,/Users/wgray13/projects/connectomics-survey/postanalysis/pdfs/files/doi_10.1073_pnas.2117484120.pdf
work_d8903c75ab0f5c33,Sequential Semi-supervised Segmentation for Serial Electron Microscopy Image with Small Number of Labels.,2021,10.1016/j.jneumeth.2021.109066,Journal of Neuroscience Methods,role_bridge,surround,False,False,15,0,False,,,no_graph,Eichi Takaya / Yusuke Takeichi,4,/Users/wgray13/projects/connectomics-survey/postanalysis/pdfs/files/doi_10.1016_j.jneumeth.2021.109066.pdf
work_01c85c45ede98837,VICE: Visual Identification and Correction of Neural Circuit Errors,2021,10.1111/cgf.14320,Computer graphics forum (Print),core_relevant,surround,False,False,14,0,False,,,no_graph,J. Lichtman / Hanspeter Pfister,6,/Users/wgray13/projects/connectomics-survey/postanalysis/pdfs/files/doi_10.1111_cgf.14320.pdf
work_24bfd39410f98c5d,"Optical volumetric brain imaging: speed, depth, and resolution enhancement",2021,10.1088/1361-6463/abff7b,Journal of Physics D: Applied Physics,adjacent_relevant,surround,False,False,14,1,False,1.0,0.5067693124502256,only_out,James R. Anderson / Bryan William Jones,11,/Users/wgray13/projects/connectomics-survey/postanalysis/pdfs/files/doi_10.1088_1361-6463_abff7b.pdf
work_2f6b66120e640199,Synaptic inputs to broad thorny ganglion cells in macaque retina,2021,10.1002/cne.25156,The Journal of comparative neurology,core_relevant,surround,False,False,14,9,False,5.0,0.852667905495089,broker,James R. Anderson / Bryan William Jones,16,/Users/wgray13/projects/connectomics-survey/postanalysis/pdfs/files/doi_10.1002_cne.25156.pdf
work_43f9ddf96b1a7595,Methods for analyzing neuronal structure and activity in Caenorhabditis elegans.,2021,10.1093/genetics/iyab072,Genetics,adjacent_relevant,surround,False,False,14,12,False,10.0,0.7371913989912398,broker,Oliver Hobert / Steven J. Cook,3,/Users/wgray13/projects/connectomics-survey/postanalysis/pdfs/files/doi_10.1093_genetics_iyab072.pdf
work_66332aa713bfcad2,Pyramidal Neurons of the Zebrafish Tectum Receive Highly Convergent Input From Torus Longitudinalis,2021,10.3389/fnana.2021.636683,Frontiers in Neuroanatomy,adjacent_relevant,surround,False,False,14,1,False,1.0,0.7727634722590921,only_in,Elisabeth C. DeMarco / Estuardo Robles,5,/Users/wgray13/projects/connectomics-survey/postanalysis/pdfs/files/doi_10.3389_fnana.2021.636683.pdf
work_79a10d3d8a82b5d5,NeuroConstruct: 3D Reconstruction and Visualization of Neurites in Optical Microscopy Brain Images,2021,10.1109/tvcg.2021.3109460,IEEE Transactions on Visualization and Computer Graphics,role_bridge,surround,False,False,14,0,False,,,no_graph,J. Lichtman / Hanspeter Pfister,8,/Users/wgray13/projects/connectomics-survey/postanalysis/pdfs/files/doi_10.1109_tvcg.2021.3109460.pdf
work_2503c00ea4586a10,Ascaris suum Informs Extrasynaptic Volume Transmission in Nematodes,2021,10.1021/acschemneuro.1c00281,ACS Chemical Neuroscience,adjacent_relevant,surround,False,False,13,4,False,4.0,0.810459251393682,broker,Xiaoyin Chen / Yonggang Wang,15,/Users/wgray13/projects/connectomics-survey/postanalysis/pdfs/files/doi_10.1021_acschemneuro.1c00281.pdf
work_32632f2c4700ef08,Three-Dimensional Structure of Dendritic Spines Revealed by Volume Electron Microscopy Techniques,2021,10.3389/fnana.2021.627368,Frontiers in Neuroanatomy,adjacent_relevant,surround,False,False,13,12,False,7.0,0.8821343243960711,broker,Megumu Takahashi / Masato Koike,2,/Users/wgray13/projects/connectomics-survey/postanalysis/pdfs/files/doi_10.3389_fnana.2021.627368.pdf
work_d4793789155c9aab,"NEST Desktop, an Educational Application for Neuroscience",2021,10.1523/eneuro.0274-21.2021,eNeuro,role_bridge,surround,False,False,13,0,False,,,no_graph,Olaf Sporns / B. Mišić,5,/Users/wgray13/projects/connectomics-survey/postanalysis/pdfs/files/doi_10.1523_eneuro.0274-21.2021.pdf
work_3763d0d7b8bb342e,Model-based Comparison of Current Flow in Rod Bipolar Cells of Healthy and Early-Stage Degenerated Retina,2021,10.1016/j.exer.2021.108554,Experimental Eye Research,core_relevant,surround,False,False,11,9,False,4.0,0.8439076187947969,broker,James R. Anderson / Bryan William Jones,9,/Users/wgray13/projects/connectomics-survey/postanalysis/pdfs/files/doi_10.1016_j.exer.2021.108554.pdf
work_e92887424b019d71,Denoising-based Image Compression for Connectomics,2021,10.1101/2021.05.29.445828,bioRxiv,core_relevant,surround,False,False,11,2,False,2.0,0.771170692859039,broker,J. Lichtman / Hanspeter Pfister,7,/Users/wgray13/projects/connectomics-survey/postanalysis/pdfs/files/doi_10.1101_2021.05.29.445828.pdf
work_0954491569c0a9da,"CONFIRMS: A Toolkit for Scalable, Black Box Connectome Assessment and Investigation",2021,10.1109/embc46164.2021.9630109,Annual International Conference of the IEEE Engineering in Medicine and Biology Society,core_relevant,surround,False,False,10,14,False,10.0,0.9007167507300239,broker,Albert Cardona / J. Vogelstein,8,/Users/wgray13/projects/connectomics-survey/postanalysis/pdfs/files/doi_10.1109_embc46164.2021.9630109.pdf
work_896ff9e7f90795c5,The role of spatial embedding in mouse brain networks constructed from diffusion tractography and tracer injections,2021,10.1016/j.neuroimage.2021.118576,NeuroImage,adjacent_relevant,surround,False,False,10,0,False,,,no_graph,J. Lichtman / Hanspeter Pfister,5,/Users/wgray13/projects/connectomics-survey/postanalysis/pdfs/files/doi_10.1016_j.neuroimage.2021.118576.pdf
work_e1dcb9a05897ad2e,Interpreting the Entire Connectivity of Individual Neurons in Micropatterned Neural Culture With an Integrated Connectome Analyzer of a Neuronal Network (iCANN),2021,10.3389/fnana.2021.746057,Frontiers in Neuroanatomy,adjacent_relevant,surround,False,False,10,0,False,,,no_graph,Olaf Sporns / B. Mišić,8,/Users/wgray13/projects/connectomics-survey/postanalysis/pdfs/files/doi_10.3389_fnana.2021.746057.pdf
work_e68322887b81111b,Sparse imaging and reconstruction tomography for high-speed high-resolution whole-brain imaging,2021,10.1016/j.crmeth.2021.100089,Cell Reports Methods,core_relevant,surround,False,False,10,1,False,1.0,0.2298911600743297,only_out,Xiaoyin Chen / Yonggang Wang,10,/Users/wgray13/projects/connectomics-survey/postanalysis/pdfs/files/doi_10.1016_j.crmeth.2021.100089.pdf
work_5c848fe333e4e93e,A Novel and Functionally Diverse Class of Acetylcholine-Gated Ion Channels,2021,10.1523/jneurosci.1516-22.2022,Journal of Neuroscience,adjacent_relevant,surround,False,False,9,4,False,4.0,0.6883461640562782,broker,Oliver Hobert / Steven J. Cook,4,/Users/wgray13/projects/connectomics-survey/postanalysis/pdfs/files/doi_10.1523_jneurosci.1516-22.2022.pdf
work_f51a122abe38a644,An effective AI integrated system for neuron tracing on anisotropic electron microscopy volume,2021,10.1016/j.bspc.2021.102829,Biomedical Signal Processing and Control,core_relevant,surround,False,False,9,8,False,7.0,0.7366604725245554,broker,Xiaoyin Chen / Yonggang Wang,6,postanalysis/pdfs/files/doi_10.1016_j.bspc.2021.102829.pdf
work_4f76473c66f9d125,Wired For Insight- Recent Advance in C. elegans Neural Circuits,2021,10.1016/j.conb.2021.02.009,Current Opinion in Neurobiology,adjacent_relevant,surround,False,False,8,4,False,4.0,0.5463233342182108,only_out,Xiaoyin Chen / Yonggang Wang,2,/Users/wgray13/projects/connectomics-survey/postanalysis/pdfs/files/doi_10.1016_j.conb.2021.02.009.pdf
work_a628309307d9443f,Promisomics and the Short-Circuiting of Mind,2021,10.1523/eneuro.0521-20.2021,eNeuro,role_bridge,surround,False,False,8,4,False,4.0,0.2036102999734536,only_out,A. Gomez-Marin,1,/Users/wgray13/projects/connectomics-survey/postanalysis/pdfs/files/doi_10.1523_eneuro.0521-20.2021.pdf
work_e4ddb9363ec5d96d,A quick and versatile protocol for the 3D visualization of transgene expression across the whole body of larval Drosophila,2021,10.1080/01677063.2021.1892096,bioRxiv,role_bridge,surround,False,False,8,0,False,,,no_graph,Albert Cardona / J. Vogelstein,6,/Users/wgray13/projects/connectomics-survey/postanalysis/pdfs/files/doi_10.1080_01677063.2021.1892096.pdf
work_03b8b6340a7756de,Analysis of segmentation ontology reveals the similarities and differences in connectivity onto L2/3 neurons in mouse V1,2021,10.1038/s41598-021-82353-7,Scientific Reports,adjacent_relevant,surround,False,False,7,2,False,2.0,0.0164587204672152,only_out,M. Helmstaedter / Winfried Denk,6,/Users/wgray13/projects/connectomics-survey/postanalysis/pdfs/files/doi_10.1038_s41598-021-82353-7.pdf
work_09c0fa76b2cfac78,A Unified Framework for Neuroscience Morphological Data Visualization,2021,10.3390/app11104652,Applied Sciences,role_bridge,surround,False,False,7,0,False,,,no_graph,L. Pastor / S. Galindo,13,/Users/wgray13/projects/connectomics-survey/postanalysis/pdfs/files/doi_10.3390_app11104652.pdf
work_bfcb690c6bb8af37,Mechanisms Underlying Target Selectivity for Cell Types and Subcellular Domains in Developing Neocortical Circuits,2021,10.3389/fncir.2021.728832,Frontiers in Neural Circuits,adjacent_relevant,surround,False,False,7,5,False,5.0,0.5476506503849217,only_out,J. Lichtman / Hanspeter Pfister,2,/Users/wgray13/projects/connectomics-survey/postanalysis/pdfs/files/doi_10.3389_fncir.2021.728832.pdf
work_df634905a7230317,Symmetry-driven network reconstruction through pseudobalanced coloring optimization,2021,10.1088/1742-5468/ac7a26,Journal of Statistical Mechanics: Theory and Experiment,adjacent_relevant,surround,False,False,7,5,False,3.0,0.909742500663658,broker,Oliver Hobert / Steven J. Cook,4,/Users/wgray13/projects/connectomics-survey/postanalysis/pdfs/files/doi_10.1088_1742-5468_ac7a26.pdf
work_0b670a6c52756d20,Bridging the Gap: Point Clouds for Merging Neurons in Connectomics,2021,,International Conference on Medical Imaging with Deep Learning,core_relevant,surround,False,False,6,11,False,11.0,0.7950623838598354,broker,J. Lichtman / Hanspeter Pfister,3,/Users/wgray13/projects/connectomics-survey/postanalysis/pdfs/files/arxiv_2112.02039.pdf
work_7dfc100d5e4e218b,Circuit motifs and graph properties of connectome development in C. elegans,2021,10.1101/2021.07.11.451911,bioRxiv,core_relevant,surround,False,False,6,12,False,9.0,0.8399256702946641,broker,Albert Cardona / J. Vogelstein,5,/Users/wgray13/projects/connectomics-survey/postanalysis/pdfs/files/doi_10.1101_2021.07.11.451911.pdf
work_b02a08a25205f85d,RLCorrector: Reinforced Proofreading for Cell-level Microscopy Image Segmentation,2021,,,core_relevant,surround,False,False,6,11,False,9.0,0.8139102734271303,broker,Oliver Hobert / Steven J. Cook,4,/Users/wgray13/projects/connectomics-survey/postanalysis/pdfs/files/arxiv_2106.05487.pdf
work_c9c64b1685159a5b,Neuromuscular connectomes across development reveal synaptic ordering rules,2021,10.1101/2021.09.20.460480,bioRxiv,core_relevant,surround,False,False,6,6,False,5.0,0.8861162728962039,broker,J. Lichtman / Hanspeter Pfister,15,/Users/wgray13/projects/connectomics-survey/postanalysis/pdfs/files/doi_10.1101_2021.09.20.460480.pdf
work_dc636942ecf1da4b,Efficient and Accurate Synapse Detection With Selective Structured Illumination Microscopy on the Putative Regions of Interest of Ultrathin Serial Sections,2021,10.3389/fnana.2021.759816,Frontiers in Neuroanatomy,adjacent_relevant,surround,False,False,6,2,False,2.0,0.272630740642421,only_out,Xiaoyin Chen / Yonggang Wang,6,/Users/wgray13/projects/connectomics-survey/postanalysis/pdfs/files/doi_10.3389_fnana.2021.759816.pdf
work_0f234ec8ef48d336,Bayesian reconstruction of memories stored in neural networks from their connectivity,2021,10.1371/journal.pcbi.1010813,PLoS Comput. Biol.,adjacent_relevant,surround,False,False,5,8,False,8.0,0.2673214759755773,only_out,N. Brunel / Heather K Titley,4,/Users/wgray13/projects/connectomics-survey/postanalysis/pdfs/files/doi_10.1371_journal.pcbi.1010813.pdf
work_170409dc0271c103,A Programmable Ontology Encompassing the Functional Logic of the Drosophila Brain,2021,10.1101/2021.12.28.474399,bioRxiv,role_bridge,surround,False,False,5,6,False,6.0,0.7066631271568887,broker,Xiaoyin Chen / Yonggang Wang,3,/Users/wgray13/projects/connectomics-survey/postanalysis/pdfs/files/doi_10.1101_2021.12.28.474399.pdf
work_21f9f7a18c9fab22,Dendritic domain-specific sampling of long-range axons shapes feedforward and feedback connectivity of L5 neurons,2021,10.1523/jneurosci.1620-21.2022,Journal of Neuroscience,adjacent_relevant,surround,False,False,5,1,False,1.0,0.2431643217414388,only_out,M. Helmstaedter / Winfried Denk,3,/Users/wgray13/projects/connectomics-survey/postanalysis/pdfs/files/doi_10.1523_jneurosci.1620-21.2022.pdf
work_230753987e2feb16,Reducing Manual Operation Time to Obtain a Segmentation Learning Model for Volume Electron Microscopy Using Stepwise Deep Learning With Manual Correction.,2021,10.1093/jmicro/dfab025,Microscopy,role_bridge,surround,False,False,5,0,False,,,no_graph,Makoto Someya / H. Kazama,6,/Users/wgray13/projects/connectomics-survey/postanalysis/pdfs/files/doi_10.1093_jmicro_dfab025.pdf
work_3356ffe4646dbcae,"The conserved core of the nereid brain: Circular CNS, apical nervous system and lhx6-arx-dlx neurons.",2021,10.1016/j.conb.2021.11.008,Current Opinion in Neurobiology,core_relevant,surround,False,False,5,5,False,5.0,0.6910007963897,broker,Albert Cardona / J. Vogelstein,3,/Users/wgray13/projects/connectomics-survey/postanalysis/pdfs/files/doi_10.1016_j.conb.2021.11.008.pdf
work_d1ee10513299706b,Diffusion profile embedding as a basis for graph vertex similarity,2021,10.1017/nws.2021.11,Network Science,adjacent_relevant,surround,False,False,5,2,False,2.0,0.180780461906026,only_out,James R. Anderson / Bryan William Jones,4,/Users/wgray13/projects/connectomics-survey/postanalysis/pdfs/files/doi_10.1017_nws.2021.11.pdf
work_1865ce7d1dd17a8d,A Brief History of Wires in the Brain,2021,10.3389/fevo.2021.760269,Frontiers in Ecology and Evolution,adjacent_relevant,surround,False,False,4,2,False,2.0,0.245022564374834,only_out,M. Cobb,1,/Users/wgray13/projects/connectomics-survey/postanalysis/pdfs/files/doi_10.3389_fevo.2021.760269.pdf
work_290cd41d89217d98,Uncovering Statistical Links Between Gene Expression and Structural Connectivity Patterns in the Mouse Brain,2021,10.1007/s12021-021-09511-0,Neuroinformatics,adjacent_relevant,surround,False,False,4,2,False,2.0,0.3214759755773825,only_out,Olaf Sporns / B. Mišić,3,/Users/wgray13/projects/connectomics-survey/postanalysis/pdfs/files/doi_10.1007_s12021-021-09511-0.pdf
work_d9d5c34144dd335b,What connectomics can learn from genomics,2021,10.1371/journal.pgen.1009692,PLoS Genetics,role_bridge,surround,False,False,4,5,False,5.0,0.6410937085213698,only_out,Patrick B. Chen / J. Flint,2,/Users/wgray13/projects/connectomics-survey/postanalysis/pdfs/files/doi_10.1371_journal.pgen.1009692.pdf
work_01fc48c8442aa598,Convergent developmental principles between Caenorhabditis elegans and human connectomes.,2021,10.1016/j.tics.2021.10.001,Trends in Cognitive Sciences,adjacent_relevant,surround,False,False,3,2,False,2.0,0.4027077249800903,only_out,Xiaoyin Chen / Yonggang Wang,3,/Users/wgray13/projects/connectomics-survey/postanalysis/pdfs/files/doi_10.1016_j.tics.2021.10.001.pdf
work_7b0d0494a4639719,ZeVis: A Visual Analytics System for Exploration of a Larval Zebrafish Brain in Serial-Section Electron Microscopy Images,2021,10.1109/access.2021.3084066,IEEE Access,core_relevant,surround,False,False,3,11,False,8.0,0.6992301566233077,broker,J. Lichtman / Hanspeter Pfister,7,/Users/wgray13/projects/connectomics-survey/postanalysis/pdfs/files/doi_10.1109_access.2021.3084066.pdf
work_d0cb089a1b552d5f,A Transcriptome Community-and-Module Approach of the Human Mesoconnectome,2021,10.3390/e23081031,Entropy,adjacent_relevant,surround,False,False,3,3,False,3.0,0.6214494292540483,only_out,O. Paredes / J. A. Morales,6,/Users/wgray13/projects/connectomics-survey/postanalysis/pdfs/files/doi_10.3390_e23081031.pdf
work_ea2cf10c91de2f4e,Goodness of fit for log-linear ERGMs,2021,,,adjacent_relevant,surround,False,False,3,2,False,2.0,0.1600743297053358,only_out,Elizabeth Gross / Despina Stasi,3,/Users/wgray13/projects/connectomics-survey/postanalysis/pdfs/files/arxiv_2104.03167.pdf
work_1dd7c9a9eb85ed50,Large-scale dendritic spine extraction and analysis through petascale computing,2021,10.1101/2021.07.29.454371,bioRxiv,core_relevant,surround,False,False,2,5,False,5.0,0.5049110698168303,only_out,J. Lichtman / Hanspeter Pfister,6,/Users/wgray13/projects/connectomics-survey/postanalysis/pdfs/files/doi_10.1101_2021.07.29.454371.pdf
work_2a895c41d7dc42a3,"Title: Multi-Scale LM/EM Neuronal Imaging from Brain to Synapse with a Tissue Clearing Method, ScaleSF",2021,10.1101/2021.04.02.438164,bioRxiv,core_relevant,surround,False,False,2,5,False,5.0,0.1606052561720201,only_out,Megumu Takahashi / Masato Koike,13,/Users/wgray13/projects/connectomics-survey/postanalysis/pdfs/files/doi_10.1101_2021.04.02.438164.pdf
work_2df8be6327964093,Desmosomal connectomics of all somatic muscles in an annelid larva,2021,10.1101/2021.06.09.447732,bioRxiv,core_relevant,surround,False,False,2,10,False,9.0,0.6912662596230422,broker,Albert Cardona / J. Vogelstein,7,/Users/wgray13/projects/connectomics-survey/postanalysis/pdfs/files/doi_10.1101_2021.06.09.447732.pdf
work_4590b0e98877a3a3,Functional Connectome Analysis of the Striatum with Optogenetics.,2021,10.1007/978-981-15-8763-4_27,Advances in Experimental Medicine and Biology,adjacent_relevant,surround,False,False,2,2,False,2.0,0.8845234934961508,broker,N. Chuhma / S. Rayport,1,/Users/wgray13/projects/connectomics-survey/postanalysis/pdfs/files/doi_10.1007_978-981-15-8763-4_27.pdf
work_48cfa5f3aa4b5d20,Sex-specific topology of the nociceptive circuit shapes dimorphic behavior in C. elegans,2021,10.1101/2021.12.14.472335,bioRxiv,adjacent_relevant,surround,False,False,2,0,False,,,no_graph,Oliver Hobert / Steven J. Cook,13,/Users/wgray13/projects/connectomics-survey/postanalysis/pdfs/files/doi_10.1101_2021.12.14.472335.pdf
work_4e83dd54ab62f570,SynCoPa: Visualizing Connectivity Paths and Synapses Over Detailed Morphologies,2021,10.3389/fninf.2021.753997,Frontiers in Neuroinformatics,adjacent_relevant,surround,False,False,2,8,False,4.0,0.8816033979293868,broker,L. Pastor / S. Galindo,4,/Users/wgray13/projects/connectomics-survey/postanalysis/pdfs/files/doi_10.3389_fninf.2021.753997.pdf
work_687d2510f540339e,A weighted network analysis framework for the hourglass effect—And its application in the C. elegans connectome,2021,10.1371/journal.pone.0249846,bioRxiv,core_relevant,surround,False,False,2,8,False,6.0,0.1823732413060791,only_out,Olaf Sporns / B. Mišić,4,/Users/wgray13/projects/connectomics-survey/postanalysis/pdfs/files/doi_10.1371_journal.pone.0249846.pdf
work_7c688ddd3be395b9,A historical perspective on training students to create standardized maps of novel brain structure: Newly-uncovered resonances between past and present research-based neuroanatomy curricula,2021,10.1016/j.neulet.2021.136052,Neuroscience Letters,adjacent_relevant,surround,False,False,2,0,False,,,no_graph,Arshad M. Khan / Christina E. D’Arcy,3,/Users/wgray13/projects/connectomics-survey/postanalysis/pdfs/files/doi_10.1016_j.neulet.2021.136052.pdf
work_f7ecc587c80f537e,Leveraging semantically similar queries for ranking via combining representations,2021,,arXiv.org,adjacent_relevant,surround,False,False,2,0,False,,,no_graph,Albert Cardona / J. Vogelstein,11,/Users/wgray13/projects/connectomics-survey/postanalysis/pdfs/files/arxiv_2106.12621.pdf
work_15637f799663d649,A Geometric Chung Lu model and the Drosophila Medulla connectome,2021,10.1093/comnet/cnad010,J. Complex Networks,core_relevant,surround,False,False,1,0,False,,,no_graph,S. Agarwala / Franklin Kenter,2,/Users/wgray13/projects/connectomics-survey/postanalysis/pdfs/files/doi_10.1093_comnet_cnad010.pdf
work_72b1d33f49042f77,Multi-Scale Imaging of Connectomes With Photons and Electrons,2021,10.1017/s1431927621009168,Microscopy and Microanalysis,core_relevant,surround,False,False,1,1,False,1.0,0.3820015927794,only_out,H. Sebastian Seung / G. Jefferis,1,postanalysis/pdfs/files/doi_10.1017_s1431927621009168.pdf
work_8c35e7441dc483b1,Hippocampus-striatum wiring diagram revealed by directed stepwise polysynaptic tracing,2021,10.1101/2021.10.12.464132,bioRxiv,adjacent_relevant,surround,False,False,1,2,False,2.0,0.0565436687018847,only_out,Xiaoyin Chen / Yonggang Wang,9,/Users/wgray13/projects/connectomics-survey/postanalysis/pdfs/files/doi_10.1101_2021.10.12.464132.pdf
work_b28a841efc5f158e,Connectomic mapping of brain-spinal cord neural networks: future directions in assessing spinal cord injury at rest.,2021,10.1016/j.neures.2021.10.008,Neurosciences research,role_bridge,surround,False,False,1,0,False,,,no_graph,Xiaoyin Chen / Yonggang Wang,6,/Users/wgray13/projects/connectomics-survey/postanalysis/pdfs/files/doi_10.1016_j.neures.2021.10.008.pdf
work_cea033bf4ba903e5,Analyzing neural degeneration of the retina with connectomics,2021,10.4103/1673-5374.314307,Neural Regeneration Research,adjacent_relevant,surround,False,False,1,2,False,2.0,0.4433235996814441,only_out,J. Lichtman / Hanspeter Pfister,2,/Users/wgray13/projects/connectomics-survey/postanalysis/pdfs/files/doi_10.4103_1673-5374.314307.pdf
work_04bc672be1766531,Neurodevelopment: Comparative connectomics and the study of circuit assembly.,2021,10.1016/j.cub.2021.03.053,Current Biology,adjacent_relevant,surround,False,False,0,5,False,5.0,0.5134058932837802,only_out,J. Lichtman / Hanspeter Pfister,2,postanalysis/pdfs/files/doi_10.1016_j.cub.2021.03.053.pdf
work_128b379bcd5dd487,A distributed dopamine-gated circuit underpins reproductive state-dependent behavior in Drosophila females,2021,10.1101/2021.07.24.453623,,core_relevant,surround,False,False,0,1,False,1.0,0.0252190071675073,only_out,K. Siju / Ilona C. Grunwald Kadow,10,/Users/wgray13/projects/connectomics-survey/postanalysis/pdfs/files/doi_10.1101_2021.07.24.453623.pdf
work_1363cb9e1703f6be,Ultrastructural readout of in vivo synaptic activity for functional connectomics,2021,10.1101/2021.07.07.451278,bioRxiv,core_relevant,surround,False,False,0,4,False,4.0,0.0637111760021237,only_out,M. Helmstaedter / Winfried Denk,9,/Users/wgray13/projects/connectomics-survey/postanalysis/pdfs/files/doi_10.1101_2021.07.07.451278.pdf
work_688ee240e903f7e8,Why is neural connection weight a weak predictor of correlated neural activity?,2021,,,adjacent_relevant,surround,False,False,0,1,False,1.0,0.5412795327847093,only_out,Xiaoyin Chen / Yonggang Wang,1,/Users/wgray13/projects/connectomics-survey/postanalysis/pdfs/files/arxiv_2103.15032.pdf
work_726f94c3a68b3ac1,Evidence of wiring development processes from the connectome of adult Drosophila,2021,10.1101/2021.05.15.444029,bioRxiv,core_relevant,surround,False,False,0,1,False,1.0,0.2636049907087868,only_out,J. Lichtman / Hanspeter Pfister,1,/Users/wgray13/projects/connectomics-survey/postanalysis/pdfs/files/doi_10.1101_2021.05.15.444029.pdf
work_8e59f780b29835c3,Correction of topological errors in automated traces of neurites,2021,10.1117/12.2581247,Medical Imaging,core_relevant,surround,False,False,0,1,False,1.0,0.2718343509423945,only_out,Xiaoyin Chen / Yonggang Wang,3,/Users/wgray13/projects/connectomics-survey/postanalysis/pdfs/files/doi_10.1117_12.2581247.pdf
work_bb4a58bb9fae0ea0,Neurobiology: From genome and connectome to understanding behavior,2021,10.1016/j.cub.2021.08.055,Current Biology,adjacent_relevant,surround,False,False,0,1,False,1.0,0.4273958056809132,only_out,Alex J. Yu / C. Rankin,2,postanalysis/pdfs/files/doi_10.1016_j.cub.2021.08.055.pdf
work_f564e747dd483712,Multimodal Magnetic Resonance Histology and Light Sheet Imaging for Quantitative Neurogenetics of the Mouse,2021,10.1101/2021.10.08.463660,bioRxiv,adjacent_relevant,surround,False,False,0,0,False,,,no_graph,Xiaoyin Chen / Yonggang Wang,12,/Users/wgray13/projects/connectomics-survey/postanalysis/pdfs/files/doi_10.1101_2021.10.08.463660.pdf
work_ab693beb93fb50a7,Molecular topography of an entire nervous system,2020,10.1101/2020.12.15.422897,bioRxiv,adjacent_relevant,surround,False,False,580,23,False,11.0,0.9044332359968144,broker,Oliver Hobert / Steven J. Cook,23,/Users/wgray13/projects/connectomics-survey/postanalysis/pdfs/files/doi_10.1101_2020.12.15.422897.pdf
work_8987d1a10ada16ff,Macroscopic gradients of synaptic excitation and inhibition in the neocortex,2020,10.1038/s41583-020-0262-x,Nature Reviews Neuroscience,adjacent_relevant,surround,False,False,277,3,False,2.0,0.8569153172285638,only_in,J. Lichtman / Hanspeter Pfister,1,/Users/wgray13/projects/connectomics-survey/postanalysis/pdfs/files/doi_10.1038_s41583-020-0262-x.pdf
work_aa4ac55bf3d997c2,The Mind of a Mouse.,2020,10.1016/j.cell.2020.08.010,Cell,adjacent_relevant,surround,False,False,175,32,False,11.0,0.960711441465357,broker,Albert Cardona / J. Vogelstein,25,/Users/wgray13/projects/connectomics-survey/postanalysis/pdfs/files/doi_10.1016_j.cell.2020.08.010.pdf
work_e2f8e06c9049f5f3,"The natverse, a versatile toolbox for combining and analysing neuroanatomical data",2020,10.7554/elife.53350,eLife,role_bridge,surround,False,False,173,35,False,11.0,0.9670825590655694,broker,H. Sebastian Seung / G. Jefferis,7,/Users/wgray13/projects/connectomics-survey/postanalysis/pdfs/files/doi_10.7554_elife.53350.pdf
work_58b0ab7aaaf040d3,Neuronal circuits in barrel cortex for whisker sensory perception.,2020,10.1152/physrev.00019.2019,Physiological Reviews,adjacent_relevant,surround,False,False,131,3,False,3.0,0.084682771436156,only_out,J. Staiger / C. Petersen,2,/Users/wgray13/projects/connectomics-survey/postanalysis/pdfs/files/doi_10.1152_physrev.00019.2019.pdf
work_e637eb4dddea0bfc,Rapid mesoscale volumetric imaging of neural activity with synaptic resolution,2020,10.1038/s41592-020-0760-9,Nature Methods,adjacent_relevant,surround,False,False,124,1,False,1.0,0.8502787363950093,only_in,H. Sebastian Seung / G. Jefferis,7,/Users/wgray13/projects/connectomics-survey/postanalysis/pdfs/files/doi_10.1038_s41592-020-0760-9.pdf
work_187ee083be688884,Network structure of the mouse brain connectome with voxel resolution,2020,10.1126/sciadv.abb7187,bioRxiv,adjacent_relevant,surround,False,False,121,6,False,6.0,0.7233873108574462,broker,Olaf Sporns / B. Mišić,6,/Users/wgray13/projects/connectomics-survey/postanalysis/pdfs/files/doi_10.1126_sciadv.abb7187.pdf
work_6902b71a851fc6e1,Determinants of seeding and spreading of α-synuclein pathology in the brain,2020,10.1126/sciadv.abc2487,Science Advances,role_bridge,surround,False,False,93,1,False,1.0,0.5240244226174675,only_out,Martin T. Henrich / D. Surmeier,10,/Users/wgray13/projects/connectomics-survey/postanalysis/pdfs/files/doi_10.1126_sciadv.abc2487.pdf
work_53888fee46356d3b,Systematic errors in connectivity inferred from activity in strongly recurrent networks,2020,10.1038/s41593-020-0699-2,Nature Neuroscience,adjacent_relevant,surround,False,False,91,6,False,6.0,0.8462967878948766,broker,Albert Cardona / J. Vogelstein,2,/Users/wgray13/projects/connectomics-survey/postanalysis/pdfs/files/doi_10.1038_s41593-020-0699-2.pdf
work_27e18aa6bae94e96,Postnatal connectomic development of inhibition in mouse barrel cortex,2020,10.1126/science.abb4534,Science,core_relevant,surround,False,False,75,14,False,8.0,0.9681444119989382,broker,M. Helmstaedter / Winfried Denk,7,/Users/wgray13/projects/connectomics-survey/postanalysis/pdfs/files/doi_10.1126_science.abb4534.pdf
work_0da43b963c6e7486,neuPrint: Analysis Tools for EM Connectomics,2020,10.1101/2020.01.16.909465,bioRxiv,core_relevant,surround,False,False,73,33,False,11.0,0.975311919299177,broker,J. Lichtman / Hanspeter Pfister,7,/Users/wgray13/projects/connectomics-survey/postanalysis/pdfs/files/doi_10.1101_2020.01.16.909465.pdf
work_4763c86ef9823a58,Structured sampling of olfactory input by the fly mushroom body,2020,10.1101/2020.04.17.047167,bioRxiv,core_relevant,surround,False,False,71,39,False,11.0,0.9747809928324928,broker,H. Sebastian Seung / G. Jefferis,15,/Users/wgray13/projects/connectomics-survey/postanalysis/pdfs/files/doi_10.1101_2020.04.17.047167.pdf
work_b395677d1fbdcaee,Cell-type specific innervation of cortical pyramidal cells at their apical dendrites,2020,10.7554/elife.46876,eLife,core_relevant,surround,False,False,60,8,False,8.0,0.91850278736395,broker,M. Helmstaedter / Winfried Denk,5,/Users/wgray13/projects/connectomics-survey/postanalysis/pdfs/files/doi_10.7554_elife.46876.pdf
work_043907deaaf11bc4,A Color Vision Circuit for Non-Image-Forming Vision in the Primate Retina,2020,10.1016/j.cub.2020.01.040,Current Biology,adjacent_relevant,surround,False,False,58,10,False,5.0,0.8685956994956199,broker,James R. Anderson / Bryan William Jones,4,/Users/wgray13/projects/connectomics-survey/postanalysis/pdfs/files/doi_10.1016_j.cub.2020.01.040.pdf
work_001c0f01391e19c4,Estimation of the number of synapses in the hippocampus and brain-wide by volume electron microscopy and genetic labeling,2020,10.1038/s41598-020-70859-5,Scientific Reports,core_relevant,surround,False,False,53,0,False,,,no_graph,Javier DeFelipe / Michael W. Reimann,9,/Users/wgray13/projects/connectomics-survey/postanalysis/pdfs/files/doi_10.1038_s41598-020-70859-5.pdf
work_f0afa8050fa1b3ad,Analysis of Synaptic Microcircuits in the Mushroom Bodies of the Honeybee,2020,10.3390/insects11010043,Insects,adjacent_relevant,surround,False,False,53,1,False,1.0,0.4175736660472524,only_out,Claudia Groh / W. Rössler,2,/Users/wgray13/projects/connectomics-survey/postanalysis/pdfs/files/doi_10.3390_insects11010043.pdf
work_3fc32d8b6b292ea4,The connectome,2020,10.1093/med/9780198713005.003.0013,New Oxford Textbook of Psychiatry,adjacent_relevant,surround,False,False,49,6,False,4.0,0.9224847358640827,only_in,Olaf Sporns / B. Mišić,1,/Users/wgray13/projects/connectomics-survey/postanalysis/pdfs/files/doi_10.1093_med_9780198713005.003.0013.pdf
work_463ae7b1129e918a,"CEM500K, a large-scale heterogeneous unlabeled cellular electron microscopy image dataset for deep learning",2020,10.7554/elife.65894,bioRxiv,adjacent_relevant,surround,False,False,48,0,False,,,no_graph,Xiaoyin Chen / Yonggang Wang,2,/Users/wgray13/projects/connectomics-survey/postanalysis/pdfs/files/doi_10.7554_elife.65894.pdf
work_e537b8e00c039417,Light microscopy based approach for mapping connectivity with molecular specificity,2020,10.1038/s41467-020-18422-8,Nature Communications,adjacent_relevant,surround,False,False,48,13,False,11.0,0.8962038757632068,broker,Dongming Cai / Logan A. Walker,6,/Users/wgray13/projects/connectomics-survey/postanalysis/pdfs/files/doi_10.1038_s41467-020-18422-8.pdf
work_9ea9181c0d4620fd,Whole-animal connectome and cell-type complement of the three-segmented Platynereis dumerilii larva,2020,10.1101/2020.08.21.260984,bioRxiv,core_relevant,surround,False,False,47,40,False,11.0,0.9498274488983276,broker,Albert Cardona / J. Vogelstein,11,/Users/wgray13/projects/connectomics-survey/postanalysis/pdfs/files/doi_10.1101_2020.08.21.260984.pdf
work_4ed8dbe602f5a391,Drifting assemblies for persistent memory: Neuron transitions and unsupervised compensation,2020,10.1101/2020.08.31.276147,Proceedings of the National Academy of Sciences of the United States of America,adjacent_relevant,surround,False,False,45,1,False,1.0,0.7130342447571011,only_in,Yaroslav Felipe Kalle Kossio / Raoul-Martin Memmesheimer,4,/Users/wgray13/projects/connectomics-survey/postanalysis/pdfs/files/doi_10.1101_2020.08.31.276147.pdf
work_cffa3ab0187dba21,An interactive ImageJ plugin for semi-automated image denoising in electron microscopy,2020,10.1038/s41467-020-14529-0,Nature Communications,adjacent_relevant,surround,False,False,45,0,False,,,no_graph,Javier DeFelipe / Michael W. Reimann,10,/Users/wgray13/projects/connectomics-survey/postanalysis/pdfs/files/doi_10.1038_s41467-020-14529-0.pdf
work_ae696024feaf530f,A Pathoconnectome of Early Neurodegeneration: Network changes in retinal degeneration,2020,10.1101/2020.01.31.929265,bioRxiv,core_relevant,surround,False,False,44,6,False,5.0,0.7908149721263605,broker,James R. Anderson / Bryan William Jones,13,/Users/wgray13/projects/connectomics-survey/postanalysis/pdfs/files/doi_10.1101_2020.01.31.929265.pdf
work_f82bf71973d40a91,"Comparative Connectomics Reveals How Partner Identity, Location, and Activity Specify Synaptic Connectivity in Drosophila",2020,10.1016/j.neuron.2020.10.004,Neuron,core_relevant,surround,False,False,44,27,False,11.0,0.941863551898062,broker,Albert Cardona / J. Vogelstein,9,/Users/wgray13/projects/connectomics-survey/postanalysis/pdfs/files/doi_10.1016_j.neuron.2020.10.004.pdf
work_60a23a2cc829104f,Useful road maps: studying Drosophila larva’s central nervous system with the help of connectomics,2020,10.1016/j.conb.2020.09.008,Current Opinion in Neurobiology,core_relevant,surround,False,False,43,10,False,8.0,0.9031059198301036,broker,Albert Cardona / J. Vogelstein,2,/Users/wgray13/projects/connectomics-survey/postanalysis/pdfs/files/doi_10.1016_j.conb.2020.09.008.pdf
work_6c644898f337026e,Cellular and circuit mechanisms of olfactory associative learning in Drosophila,2020,10.1080/01677063.2020.1715971,Journal of neurogenetics,adjacent_relevant,surround,False,False,43,0,False,,,no_graph,Xiaoyin Chen / Yonggang Wang,3,/Users/wgray13/projects/connectomics-survey/postanalysis/pdfs/files/doi_10.1080_01677063.2020.1715971.pdf
work_5c2b6a3221e4435d,DotMotif: an open-source tool for connectome subgraph isomorphism search and graph queries,2020,10.1101/2020.06.08.140533,Scientific Reports,core_relevant,surround,False,False,41,33,False,11.0,0.9373506769312452,broker,Albert Cardona / J. Vogelstein,7,/Users/wgray13/projects/connectomics-survey/postanalysis/pdfs/files/doi_10.1101_2020.06.08.140533.pdf
work_31955c620b12a810,An efficient analytical reduction of detailed nonlinear neuron models,2020,10.1038/s41467-019-13932-6,Nature Communications,core_relevant,surround,False,False,38,1,False,1.0,0.2309530130076984,only_out,Javier DeFelipe / Michael W. Reimann,7,/Users/wgray13/projects/connectomics-survey/postanalysis/pdfs/files/doi_10.1038_s41467-019-13932-6.pdf
work_a75ff1aaf09bfb13,Computational synthesis of cortical dendritic morphologies,2020,10.1101/2020.04.15.040410,bioRxiv,adjacent_relevant,surround,False,False,35,5,False,2.0,0.8040881337934696,broker,Javier DeFelipe / Michael W. Reimann,8,/Users/wgray13/projects/connectomics-survey/postanalysis/pdfs/files/doi_10.1101_2020.04.15.040410.pdf
work_42387a380ebe88f6,Uncovering the genetic blueprint of the C. elegans nervous system,2020,10.1101/2020.05.04.076315,Proceedings of the National Academy of Sciences of the United States of America,adjacent_relevant,surround,False,False,34,8,False,7.0,0.8141757366604725,broker,Oliver Hobert / Steven J. Cook,3,/Users/wgray13/projects/connectomics-survey/postanalysis/pdfs/files/doi_10.1101_2020.05.04.076315.pdf
work_bbba095fdc38c6d5,SEQUIN multiscale imaging of mammalian central synapses reveals loss of synaptic connectivity resulting from diffuse traumatic brain injury,2020,10.1016/j.neuron.2020.04.012,Neuron,adjacent_relevant,surround,False,False,34,1,False,1.0,0.5534908415184497,only_out,Albert Cardona / J. Vogelstein,12,/Users/wgray13/projects/connectomics-survey/postanalysis/pdfs/files/doi_10.1016_j.neuron.2020.04.012.pdf
work_068ce671d4050e17,EM-net: Deep learning for electron microscopy image segmentation,2020,10.1109/icpr48806.2021.9413098,bioRxiv,adjacent_relevant,surround,False,False,33,0,False,,,no_graph,Afshin Khadangi / V. Rajagopal,3,/Users/wgray13/projects/connectomics-survey/postanalysis/pdfs/files/doi_10.1109_icpr48806.2021.9413098.pdf
work_2521d618f4568e57,The connectome predicts resting state functional connectivity across the Drosophila brain,2020,10.1101/2020.12.11.422105,bioRxiv,core_relevant,surround,False,False,33,25,False,11.0,0.921422882930714,broker,Xiaoyin Chen / Yonggang Wang,3,/Users/wgray13/projects/connectomics-survey/postanalysis/pdfs/files/doi_10.1101_2020.12.11.422105.pdf
work_59d22903e5457a0a,Network Architecture of Gap Junctional Coupling among Parallel Processing Channels in the Mammalian Retina,2020,10.1523/jneurosci.1810-19.2020,Journal of Neuroscience,core_relevant,surround,False,False,32,3,False,3.0,0.7191398991239714,broker,James R. Anderson / Bryan William Jones,13,/Users/wgray13/projects/connectomics-survey/postanalysis/pdfs/files/doi_10.1523_jneurosci.1810-19.2020.pdf
work_0c62223b980049c1,The connectome of the adult Drosophila mushroom body: implications for function,2020,10.1101/2020.08.29.273276,bioRxiv,core_relevant,surround,False,False,31,22,False,11.0,0.9469073533315636,broker,H. Sebastian Seung / G. Jefferis,24,/Users/wgray13/projects/connectomics-survey/postanalysis/pdfs/files/doi_10.1101_2020.08.29.273276.pdf
work_67d70830cad7154c,Graphical-model framework for automated annotation of cell identities in dense cellular images,2020,10.7554/elife.60321,bioRxiv,role_bridge,surround,False,False,30,0,False,,,no_graph,Javier DeFelipe / Michael W. Reimann,5,/Users/wgray13/projects/connectomics-survey/postanalysis/pdfs/files/doi_10.7554_elife.60321.pdf
work_b554a7548201df2f,DIP/Dpr interactions and the evolutionary design of specificity in protein families,2020,10.1038/s41467-020-15981-8,Nature Communications,adjacent_relevant,surround,False,False,29,1,False,1.0,0.7252455534908415,only_in,Oliver Hobert / Steven J. Cook,8,/Users/wgray13/projects/connectomics-survey/postanalysis/pdfs/files/doi_10.1038_s41467-020-15981-8.pdf
work_c6e23170a4ea8354,The Wiring Logic of an Identified Serotonergic Neuron That Spans Sensory Networks,2020,10.1101/2020.02.24.963660,Journal of Neuroscience,core_relevant,surround,False,False,29,9,False,8.0,0.8537297584284577,broker,M. Helmstaedter / Winfried Denk,10,/Users/wgray13/projects/connectomics-survey/postanalysis/pdfs/files/doi_10.1101_2020.02.24.963660.pdf
work_fb8fe1ff9bb623ea,"BAcTrace, a tool for retrograde tracing of neuronal circuits in Drosophila",2020,10.1038/s41592-020-00989-1,Nature Methods,adjacent_relevant,surround,False,False,28,2,False,2.0,0.83089992036103,broker,H. Sebastian Seung / G. Jefferis,10,postanalysis/pdfs/files/doi_10.1038_s41592-020-00989-1__work_fb8fe1ff9bb623ea.pdf
work_de68efd39b87d510,Geometric framework to predict structure from function in neural networks,2020,10.1103/physrevresearch.4.023255,Physical Review Research,adjacent_relevant,surround,False,False,27,5,False,5.0,0.7358640828245288,broker,M. Helmstaedter / Winfried Denk,2,/Users/wgray13/projects/connectomics-survey/postanalysis/pdfs/files/doi_10.1103_physrevresearch.4.023255.pdf
work_f071283c3295aa52,Permeabilization-free en bloc immunohistochemistry for correlative microscopy,2020,10.7554/elife.63392,bioRxiv,core_relevant,surround,False,False,27,17,False,10.0,0.9275285372975844,broker,M. Helmstaedter / Winfried Denk,2,/Users/wgray13/projects/connectomics-survey/postanalysis/pdfs/files/doi_10.7554_elife.63392.pdf
work_20710f84520e8e6f,Ubiquitin-dependent regulation of a conserved DMRT protein controls sexually dimorphic synaptic connectivity and behavior,2020,10.7554/elife.59614,eLife,adjacent_relevant,surround,False,False,26,1,False,1.0,0.4159808866471993,only_out,Oliver Hobert / Steven J. Cook,10,/Users/wgray13/projects/connectomics-survey/postanalysis/pdfs/files/doi_10.7554_elife.59614.pdf
work_2cd8a8967328e13a,A perspective on C. elegans neurodevelopment: from early visionaries to a booming neuroscience research,2020,10.1080/01677063.2020.1837799,Journal of neurogenetics,adjacent_relevant,surround,False,False,26,5,False,5.0,0.730289354924343,broker,Georgia Rapti,1,/Users/wgray13/projects/connectomics-survey/postanalysis/pdfs/files/doi_10.1080_01677063.2020.1837799.pdf
work_dba0d0b696c23844,Synaptic polarity and sign-balance prediction using gene expression data in the Caenorhabditis elegans chemical synapse neuronal connectome network,2020,10.1371/journal.pcbi.1007974,bioRxiv,core_relevant,surround,False,False,26,23,False,9.0,0.899389434563313,broker,Gábor S. Szilágyi / Zsolt Vassy,5,/Users/wgray13/projects/connectomics-survey/postanalysis/pdfs/files/doi_10.1371_journal.pcbi.1007974.pdf
work_97fef5d2214981f3,Circuit reorganization shapes the developing human foveal midget connectome towards single-cone resolution,2020,10.1016/j.neuron.2020.09.014,Neuron,core_relevant,surround,False,False,25,9,False,5.0,0.9121316697637376,broker,H. Sebastian Seung / G. Jefferis,7,/Users/wgray13/projects/connectomics-survey/postanalysis/pdfs/files/doi_10.1016_j.neuron.2020.09.014.pdf
work_e2add1edf5ce4563,Multilayer network analysis of C. elegans: Looking into the locomotory circuitry,2020,10.1016/j.neucom.2020.11.015,Neurocomputing,core_relevant,surround,False,False,23,14,False,6.0,0.8739049641624635,broker,Philipp Hövel / Jorge Ruiz,4,/Users/wgray13/projects/connectomics-survey/postanalysis/pdfs/files/doi_10.1016_j.neucom.2020.11.015.pdf
work_f6317afac7cb4ae0,Connectomic analysis reveals an interneuron with an integral role in the retinal circuit for night vision,2020,10.1101/2020.02.24.963868,bioRxiv,core_relevant,surround,False,False,23,3,False,3.0,0.7183435094239448,broker,M. Helmstaedter / Winfried Denk,12,/Users/wgray13/projects/connectomics-survey/postanalysis/pdfs/files/doi_10.1101_2020.02.24.963868.pdf
work_2e8cffa3e3b6ba52,Activity regulates brain development in the fly.,2020,10.1016/j.gde.2020.04.005,Current Opinion in Genetics and Development,adjacent_relevant,surround,False,False,22,3,False,3.0,0.7255110167241837,broker,James R. Anderson / Bryan William Jones,2,/Users/wgray13/projects/connectomics-survey/postanalysis/pdfs/files/doi_10.1016_j.gde.2020.04.005.pdf
work_6acb043eb4685374,Two Stream Active Query Suggestion for Active Learning in Connectomics,2020,10.1007/978-3-030-58523-5_7,European Conference on Computer Vision,core_relevant,surround,False,False,22,8,False,8.0,0.8622245818954075,broker,J. Lichtman / Hanspeter Pfister,17,/Users/wgray13/projects/connectomics-survey/postanalysis/pdfs/files/doi_10.1007_978-3-030-58523-5_7.pdf
work_6c53d7ba6dfeda13,Network topology of the marmoset connectome,2020,10.1162/netn_a_00159,Network Neuroscience,adjacent_relevant,surround,False,False,22,7,False,6.0,0.7432970533581099,broker,H. Sebastian Seung / G. Jefferis,3,/Users/wgray13/projects/connectomics-survey/postanalysis/pdfs/files/doi_10.1162_netn_a_00159.pdf
work_b3c92e5d910843af,Automatic whole cell organelle segmentation in volumetric electron microscopy,2020,10.1101/2020.11.14.382143,bioRxiv,adjacent_relevant,surround,False,False,22,0,False,,,no_graph,J. Lichtman / Hanspeter Pfister,15,/Users/wgray13/projects/connectomics-survey/postanalysis/pdfs/files/doi_10.1101_2020.11.14.382143.pdf
work_acbd113b39b3e9ee,Synaptic counts approximate synaptic contact area in Drosophila,2020,10.1371/journal.pone.0266064,bioRxiv,core_relevant,surround,False,False,20,18,False,11.0,0.9235465887974516,broker,Albert Cardona / J. Vogelstein,3,/Users/wgray13/projects/connectomics-survey/postanalysis/pdfs/files/doi_10.1371_journal.pone.0266064.pdf
work_cbbe61f406dbaa9a,Gap junctions: historical discoveries and new findings in the Caenorhabditis elegans nervous system,2020,10.1242/bio.053983,Biology Open,adjacent_relevant,surround,False,False,20,0,False,,,no_graph,Xiaoyin Chen / Yonggang Wang,4,/Users/wgray13/projects/connectomics-survey/postanalysis/pdfs/files/doi_10.1242_bio.053983.pdf
work_14ac87ba48283ac0,Neuronal Subcompartment Classification and Merge Error Correction,2020,10.1101/2020.04.16.043398,bioRxiv,core_relevant,surround,False,False,19,0,False,,,no_graph,J. Lichtman / Hanspeter Pfister,4,/Users/wgray13/projects/connectomics-survey/postanalysis/pdfs/files/doi_10.1101_2020.04.16.043398.pdf
work_199b7e289ee6a42e,Graph Properties of the Adult Drosophila Central Brain,2020,10.1101/2020.05.18.102061,bioRxiv,core_relevant,surround,False,False,18,9,False,9.0,0.936023360764534,broker,J. Lichtman / Hanspeter Pfister,1,/Users/wgray13/projects/connectomics-survey/postanalysis/pdfs/files/doi_10.1101_2020.05.18.102061.pdf
work_5154da21800bd010,The hourglass organization of the Caenorhabditis elegans connectome,2020,10.1371/journal.pcbi.1007526,PLoS Comput. Biol.,core_relevant,surround,False,False,18,13,False,7.0,0.9004512874966817,broker,Olaf Sporns / B. Mišić,4,/Users/wgray13/projects/connectomics-survey/postanalysis/pdfs/files/doi_10.1371_journal.pcbi.1007526.pdf
work_9f1aee5bf41f83bb,A connectomics approach to understanding a retinal disease,2020,10.1073/pnas.2011532117,Proceedings of the National Academy of Sciences of the United States of America,core_relevant,surround,False,False,18,0,False,,,no_graph,J. Lichtman / Hanspeter Pfister,5,/Users/wgray13/projects/connectomics-survey/postanalysis/pdfs/files/doi_10.1073_pnas.2011532117.pdf
work_0a1427cd13f43c85,Multiscale ATUM-FIB Microscopy Enables Targeted Ultrastructural Analysis at Isotropic Resolution,2020,10.1016/j.isci.2020.101290,bioRxiv,core_relevant,surround,False,False,16,4,False,4.0,0.3153703212105123,only_out,Albert Cardona / J. Vogelstein,6,/Users/wgray13/projects/connectomics-survey/postanalysis/pdfs/files/doi_10.1016_j.isci.2020.101290.pdf
work_239dd3ff619a0a41,An anatomical substrate of credit assignment in reinforcement learning,2020,10.1101/2020.02.18.954354,bioRxiv,core_relevant,surround,False,False,16,8,False,7.0,0.8009025749933634,broker,M. Helmstaedter / Winfried Denk,6,/Users/wgray13/projects/connectomics-survey/postanalysis/pdfs/files/doi_10.1101_2020.02.18.954354.pdf
work_6d6bf1bdee0fecf9,Unsupervised learning of control signals and their encodings in Caenorhabditis elegans whole-brain recordings,2020,10.1098/rsif.2020.0459,Journal of the Royal Society Interface,core_relevant,surround,False,False,16,3,False,3.0,0.7640031855588001,broker,Oliver Hobert / Steven J. Cook,4,/Users/wgray13/projects/connectomics-survey/postanalysis/pdfs/files/doi_10.1098_rsif.2020.0459.pdf
work_96a09e61135848a7,What would a synthetic connectome look like?,2020,10.1016/j.plrev.2019.06.005,Physics of Life Reviews,adjacent_relevant,surround,False,False,16,10,False,8.0,0.7318821343243961,broker,Oliver Hobert / Steven J. Cook,1,/Users/wgray13/projects/connectomics-survey/postanalysis/pdfs/files/doi_10.1016_j.plrev.2019.06.005.pdf
work_b3d2f4a1d8b054ae,A recurrent neural network model of C. elegans responses to aversive stimuli,2020,10.1016/j.neucom.2020.11.067,Neurocomputing,core_relevant,surround,False,False,16,3,False,3.0,0.8401911335280063,only_in,Enrico Lanza / G. Ruocco,5,postanalysis/pdfs/files/doi_10.1016_j.neucom.2020.11.067.pdf
work_e8314ab1e0afa564,Learning the architectural features that predict functional similarity of neural networks,2020,10.1101/2020.04.27.057752,bioRxiv,adjacent_relevant,surround,False,False,16,6,False,6.0,0.7823201486594107,broker,M. Helmstaedter / Winfried Denk,2,/Users/wgray13/projects/connectomics-survey/postanalysis/pdfs/files/doi_10.1101_2020.04.27.057752.pdf
work_7e9a704c6d18622d,Flexible annotation atlas of the mouse brain: combining and dividing brain structures of the Allen Brain Atlas while maintaining anatomical hierarchy,2020,10.1101/2020.02.17.953547,Scientific Reports,role_bridge,surround,False,False,15,0,False,,,no_graph,Hideyuki Okano / Alexander Woodward,5,/Users/wgray13/projects/connectomics-survey/postanalysis/pdfs/files/doi_10.1101_2020.02.17.953547.pdf
work_2ebee200d32da75a,Raising the Connectome: The Emergence of Neuronal Activity and Behavior in Caenorhabditis elegans,2020,10.3389/fncel.2020.524791,bioRxiv,adjacent_relevant,surround,False,False,13,13,False,9.0,0.8006371117600213,broker,Bradly Alicea / Matteo Cantarelli,1,/Users/wgray13/projects/connectomics-survey/postanalysis/pdfs/files/doi_10.3389_fncel.2020.524791.pdf
work_42add33f0ddb0eba,Testing biological network motif significance with exponential random graph models,2020,10.1007/s41109-021-00434-y,Applied Network Science,role_bridge,surround,False,False,11,0,False,,,no_graph,A. Stivala / A. Lomi,2,/Users/wgray13/projects/connectomics-survey/postanalysis/pdfs/files/doi_10.1007_s41109-021-00434-y.pdf
work_432ed361ab9274cc,"The Mixture Graph-A Data Structure for Compressing, Rendering, and Querying Segmentation Histograms",2020,10.1109/tvcg.2020.3030451,IEEE Transactions on Visualization and Computer Graphics,adjacent_relevant,surround,False,False,11,0,False,,,no_graph,J. Lichtman / Hanspeter Pfister,3,/Users/wgray13/projects/connectomics-survey/postanalysis/pdfs/files/doi_10.1109_tvcg.2020.3030451.pdf
work_4ab664454d56c724,Toward an Automated HPC Pipeline for Processing Large Scale Electron Microscopy Data,2020,10.1109/xloop51963.2020.00008,Annual Workshop on Large-scale Experiment-in-the-Loop Computing,core_relevant,surround,False,False,10,0,False,,,no_graph,J. Lichtman / Hanspeter Pfister,8,/Users/wgray13/projects/connectomics-survey/postanalysis/pdfs/files/doi_10.1109_xloop51963.2020.00008.pdf
work_79c1db67453e2c88,A semi-automated approach to dense segmentation of 3D white matter electron microscopy,2020,10.1101/2020.03.19.979393,bioRxiv,core_relevant,surround,False,False,10,0,False,,,no_graph,Albert Cardona / J. Vogelstein,5,/Users/wgray13/projects/connectomics-survey/postanalysis/pdfs/files/doi_10.1101_2020.03.19.979393.pdf
work_91bc5337106c81dc,The growing topology of the C. elegans connectome,2020,10.1101/2020.12.31.424985,bioRxiv,core_relevant,surround,False,False,10,15,False,7.0,0.8436421555614547,broker,Albert Cardona / J. Vogelstein,3,/Users/wgray13/projects/connectomics-survey/postanalysis/pdfs/files/doi_10.1101_2020.12.31.424985.pdf
work_e3fe7b657f85f0ee,Accelerated EM Connectome Reconstruction using 3D Visualization and Segmentation Graphs,2020,10.1101/2020.01.17.909572,bioRxiv,core_relevant,surround,False,False,10,13,False,11.0,0.921157419697372,broker,J. Lichtman / Hanspeter Pfister,10,/Users/wgray13/projects/connectomics-survey/postanalysis/pdfs/files/doi_10.1101_2020.01.17.909572.pdf
work_e7676ec5b393ef86,Sparse Scanning Electron Microscopy Data Acquisition and Deep Neural Networks for Automated Segmentation in Connectomics,2020,10.1017/s1431927620001361,Microscopy and Microanalysis,core_relevant,surround,False,False,10,4,False,3.0,0.8423148393947438,broker,J. Lichtman / Hanspeter Pfister,5,/Users/wgray13/projects/connectomics-survey/postanalysis/pdfs/files/doi_10.1017_s1431927620001361.pdf
work_0552194b80de37f0,"Topology of synaptic connectivity constrains neuronal stimulus representation, predicting two complementary coding strategies",2020,10.1371/journal.pone.0261702,bioRxiv,adjacent_relevant,surround,False,False,9,1,False,1.0,0.7541810459251393,only_in,Javier DeFelipe / Michael W. Reimann,6,/Users/wgray13/projects/connectomics-survey/postanalysis/pdfs/files/doi_10.1371_journal.pone.0261702.pdf
work_47dbb1ae5c861feb,Beyond the connectome: A map of a brain architecture derived from whole-brain volumetric reconstructions,2020,10.1101/2020.05.24.112870,bioRxiv,core_relevant,surround,False,False,8,6,False,6.0,0.795858773559862,broker,Oliver Hobert / Steven J. Cook,5,/Users/wgray13/projects/connectomics-survey/postanalysis/pdfs/files/doi_10.1101_2020.05.24.112870.pdf
work_638148a6bb51d092,Proposal-Free Volumetric Instance Segmentation from Latent Single-Instance Masks,2020,10.1007/978-3-030-71278-5_24,German Conference on Pattern Recognition,core_relevant,surround,False,False,8,0,False,,,no_graph,Javier DeFelipe / Michael W. Reimann,5,/Users/wgray13/projects/connectomics-survey/postanalysis/pdfs/files/doi_10.1007_978-3-030-71278-5_24.pdf
work_06e3942d0f902996,An ultrastructural connectomic analysis of a higher‐order thalamocortical circuit in the mouse,2020,10.1111/ejn.15092,European Journal of Neuroscience,core_relevant,surround,False,False,7,3,False,3.0,0.7077249800902575,broker,M. Helmstaedter / Winfried Denk,4,/Users/wgray13/projects/connectomics-survey/postanalysis/pdfs/files/doi_10.1111_ejn.15092.pdf
work_67af47ece63db8f0,Microtubule Tracking in Electron Microscopy Volumes,2020,10.1007/978-3-030-59722-1_10,International Conference on Medical Image Computing and Computer-Assisted Intervention,adjacent_relevant,surround,False,False,7,0,False,,,no_graph,H. Sebastian Seung / G. Jefferis,4,/Users/wgray13/projects/connectomics-survey/postanalysis/pdfs/files/doi_10.1007_978-3-030-59722-1_10.pdf
work_cc93f37d9cda41ed,Neuronal classification from network connectivity via adjacency spectral embedding,2020,10.1162/netn_a_00195,bioRxiv,adjacent_relevant,surround,False,False,7,0,False,,,no_graph,Albert Cardona / J. Vogelstein,6,/Users/wgray13/projects/connectomics-survey/postanalysis/pdfs/files/doi_10.1162_netn_a_00195.pdf
work_2839d159b329c51e,Graph Matching Based Connectomic Biomarker with Learning for Brain Disorders,2020,10.1007/978-3-030-60365-6_13,UNSURE/GRAIL@MICCAI,role_bridge,surround,False,False,6,0,False,,,no_graph,D. Parker / R. Verma,6,/Users/wgray13/projects/connectomics-survey/postanalysis/pdfs/files/doi_10.1007_978-3-030-60365-6_13.pdf
work_fa80aaa0decb21f5,Correcting a nonparametric two-sample graph hypothesis test for graphs with different numbers of vertices with applications to connectomics,2020,10.1007/s41109-023-00607-x,Applied Network Science,adjacent_relevant,surround,False,False,6,0,False,,,no_graph,Albert Cardona / J. Vogelstein,4,/Users/wgray13/projects/connectomics-survey/postanalysis/pdfs/files/doi_10.1007_s41109-023-00607-x.pdf
work_1672afc156639677,"Citizen science, cells and CNNs – deep learning for automatic segmentation of the nuclear envelope in electron microscopy data, trained with volunteer segmentations",2020,10.1101/2020.07.28.223024,bioRxiv,role_bridge,surround,False,False,5,0,False,,,no_graph,Xiaoyin Chen / Yonggang Wang,12,/Users/wgray13/projects/connectomics-survey/postanalysis/pdfs/files/doi_10.1101_2020.07.28.223024.pdf
work_26258e955007b315,Modelling the impact of structural directionality on connectome-based models of neural activity,2020,10.1093/comnet/cnaa033,J. Complex Networks,adjacent_relevant,surround,False,False,5,1,False,1.0,0.4499601805149987,only_out,A. Padmore / J. Crofts,4,postanalysis/pdfs/files/doi_10.1093_comnet_cnaa033.pdf
work_77081160559213d2,"CONNECTIONS, TRACTS, FRACTALS, AND THE REST: A WORKING GUIDE TO NETWORK AND CONNECTIVITY STUDIES IN NEUROSURGERY.",2020,10.1016/j.wneu.2020.03.116,World Neurosurgery,adjacent_relevant,surround,False,False,5,0,False,,,no_graph,Oliver Hobert / Steven J. Cook,5,/Users/wgray13/projects/connectomics-survey/postanalysis/pdfs/files/doi_10.1016_j.wneu.2020.03.116.pdf
work_357cbef074c8c0cb,Prediction of a Cell-Class-Specific Mouse Mesoconnectome Using Gene Expression Data,2020,10.1007/s12021-020-09471-x,Neuroinformatics,adjacent_relevant,surround,False,False,4,4,False,4.0,0.5022564374834085,only_out,Olaf Sporns / B. Mišić,3,/Users/wgray13/projects/connectomics-survey/postanalysis/pdfs/files/doi_10.1007_s12021-020-09471-x.pdf
work_79f974e385905be1,Electrophysiological validation of premotor interneurons monosynaptically connected to the aCC motoneuron in the Drosophila larval CNS,2020,10.1101/2020.06.17.156430,bioRxiv,core_relevant,surround,False,False,4,3,False,3.0,0.8155030528271834,broker,Albert Cardona / J. Vogelstein,7,/Users/wgray13/projects/connectomics-survey/postanalysis/pdfs/files/doi_10.1101_2020.06.17.156430.pdf
work_8a6ce05393695c68,Latent Feature Representation via Unsupervised Learning for Pattern Discovery in Massive Electron Microscopy Image Volumes,2020,,arXiv.org,role_bridge,surround,False,False,4,0,False,,,no_graph,J. Lichtman / Hanspeter Pfister,5,/Users/wgray13/projects/connectomics-survey/postanalysis/pdfs/files/arxiv_2012.12175.pdf
work_97f80d18931aae82,"Toward a scalable framework for reproducible processing of volumetric, nanoscale neuroimaging datasets",2020,10.1093/gigascience/giaa147,GigaScience,core_relevant,surround,False,False,4,12,False,10.0,0.8457658614281922,broker,Albert Cardona / J. Vogelstein,17,/Users/wgray13/projects/connectomics-survey/postanalysis/pdfs/files/doi_10.1093_gigascience_giaa147.pdf
work_9cfe282e43639758,Towards a functional connectome in Drosophila,2020,10.1080/01677063.2020.1712598,Journal of neurogenetics,adjacent_relevant,surround,False,False,4,4,False,4.0,0.7608176267586939,broker,Albert Cardona / J. Vogelstein,1,/Users/wgray13/projects/connectomics-survey/postanalysis/pdfs/files/doi_10.1080_01677063.2020.1712598.pdf
work_d84d5d03b612cbd8,Computing Temporal Sequences Associated With Dynamic Patterns on the C. elegans Connectome,2020,10.3389/fnsys.2021.564124,bioRxiv,adjacent_relevant,surround,False,False,4,14,False,7.0,0.1199893814706663,only_out,V. George / G. Silva,3,/Users/wgray13/projects/connectomics-survey/postanalysis/pdfs/files/doi_10.3389_fnsys.2021.564124.pdf
work_dfec357d43d6ed5e,Massive Data Management and Sharing Module for Connectome Reconstruction,2020,10.3390/brainsci10050314,Brain Science,role_bridge,surround,False,False,4,15,False,11.0,0.5768516060525617,only_out,Xiaoyin Chen / Yonggang Wang,6,/Users/wgray13/projects/connectomics-survey/postanalysis/pdfs/files/doi_10.3390_brainsci10050314.pdf
work_c70de20978c86410,High-throughput whole-brain mapping of rhesus monkey at micron resolution,2020,10.1101/2020.09.25.313395,bioRxiv,adjacent_relevant,surround,False,False,3,1,False,1.0,0.4263339527475445,only_out,Xiaoyin Chen / Yonggang Wang,19,/Users/wgray13/projects/connectomics-survey/postanalysis/pdfs/files/doi_10.1101_2020.09.25.313395.pdf
work_a7e11f7da01cff90,Connectomics: Bringing Fly Neural Circuits into Focus.,2020,10.1016/j.cub.2020.06.068,Current Biology,core_relevant,surround,False,False,2,2,False,2.0,0.2495354393416511,only_out,Kristyn M. Lizbinski / James M. Jeanne,2,/Users/wgray13/projects/connectomics-survey/postanalysis/pdfs/files/doi_10.1016_j.cub.2020.06.068.pdf
work_aace58d8981653c0,"Relating quantitative 7T MRI across cortical depths to cytoarchitectonics, gene expression and connectomics: a framework for tracking neurodegenerative disease",2020,10.1101/2020.02.05.935080,bioRxiv,adjacent_relevant,surround,False,False,2,0,False,,,no_graph,Olaf Sporns / B. Mišić,13,/Users/wgray13/projects/connectomics-survey/postanalysis/pdfs/files/doi_10.1101_2020.02.05.935080.pdf
work_e6d2fbd781fb7769,Excitatory and inhibitory L2/3 neurons in mouse primary visual cortex are balanced in their input connectivity,2020,10.1101/2020.04.21.053504,bioRxiv,adjacent_relevant,surround,False,False,2,1,False,1.0,0.4767719670825591,only_out,M. Helmstaedter / Winfried Denk,3,/Users/wgray13/projects/connectomics-survey/postanalysis/pdfs/files/doi_10.1101_2020.04.21.053504.pdf
work_fe499165039bbf2f,"Leveraging Tools from Autonomous Navigation for Rapid, Robust Neuron Connectivity",2020,10.1101/2020.04.30.070755,bioRxiv,core_relevant,surround,False,False,2,5,False,5.0,0.8157685160605256,broker,Albert Cardona / J. Vogelstein,8,/Users/wgray13/projects/connectomics-survey/postanalysis/pdfs/files/doi_10.1101_2020.04.30.070755.pdf
work_1990e5836bafed46,Extrasynaptic volume transmission: A novel route for neuropeptide signaling in nematodes,2020,10.1101/2020.08.07.240440,bioRxiv,adjacent_relevant,surround,False,False,1,3,False,3.0,0.711441465357048,broker,Xiaoyin Chen / Yonggang Wang,14,/Users/wgray13/projects/connectomics-survey/postanalysis/pdfs/files/doi_10.1101_2020.08.07.240440.pdf
work_5f688ca781118001,Neuronal circuitry underlying female aggression in Drosophila,2020,10.1101/2020.05.27.118810,bioRxiv,core_relevant,surround,False,False,1,1,False,1.0,0.6387045394212901,only_out,J. Lichtman / Hanspeter Pfister,10,/Users/wgray13/projects/connectomics-survey/postanalysis/pdfs/files/doi_10.1101_2020.05.27.118810.pdf
work_88c223f0b82f20de,High-Throughput Image Alignment for Connectomics using Frugal Snap Judgments,2020,10.1109/hpec43674.2020.9286243,IEEE Conference on High Performance Extreme Computing,core_relevant,surround,False,False,1,1,False,1.0,0.3618263870453942,only_out,J. Lichtman / Hanspeter Pfister,3,postanalysis/pdfs/files/doi_10.1109_hpec43674.2020.9286243.pdf
work_0f210c53d8261375,Multiscale comparative connectomics,2020,10.1162/imag.a.2,Imaging neuroscience,adjacent_relevant,surround,False,False,0,0,False,,,no_graph,Albert Cardona / J. Vogelstein,11,/Users/wgray13/projects/connectomics-survey/postanalysis/pdfs/files/doi_10.1162_imag.a.2.pdf
work_1f27324e7bc99178,Combined membrane potential imaging and connectome of behavioral circuits in an annelid worm,2020,10.1101/2020.03.09.984013,,core_relevant,surround,False,False,0,19,False,11.0,0.0212370586673745,only_out,Xiaoyin Chen / Yonggang Wang,7,/Users/wgray13/projects/connectomics-survey/postanalysis/pdfs/files/doi_10.1101_2020.03.09.984013.pdf
work_4d8693046463c36c,Capillary-Based and Stokes-Based Trapping of Serial Sections for Scalable 3D-EM Connectomics,2020,10.1523/eneuro.0328-19.2019,eNeuro,core_relevant,surround,False,False,0,9,False,7.0,0.1319352269710645,only_out,H. Sebastian Seung / G. Jefferis,7,/Users/wgray13/projects/connectomics-survey/postanalysis/pdfs/files/doi_10.1523_eneuro.0328-19.2019.pdf
work_4e304075a32337e8,Deep multilevel contextual networks for biomedical image segmentation,2020,10.1016/b978-0-12-816176-0.00015-6,,adjacent_relevant,surround,False,False,0,0,False,,,no_graph,Xiaoyin Chen / Yonggang Wang,5,postanalysis/pdfs/files/doi_10.1016_b978-0-12-816176-0.00015-6.pdf
work_a320701d0a564ec0,FlyBrainLab: Accelerating the Discovery of the Functional Logic of the Drosophila Brain in the Connectomic/Synaptomic Era,2020,10.1101/2020.06.23.168161,bioRxiv,core_relevant,surround,False,False,0,5,False,5.0,0.3421821077780727,only_out,Xiaoyin Chen / Yonggang Wang,4,/Users/wgray13/projects/connectomics-survey/postanalysis/pdfs/files/doi_10.1101_2020.06.23.168161.pdf
work_ce654d123974b672,Statistical analysis of unidirectional and reciprocal chemical connections in the C. elegans connectome,2020,10.1111/ejn.14988,European Journal of Neuroscience,core_relevant,surround,False,False,0,3,False,3.0,0.6132200690204407,only_out,E. A. P. Wright / A. Goltsev,2,postanalysis/pdfs/files/doi_10.1111_ejn.14988.pdf
work_a7ac590f096a331d,"Reconstruction of 1,000 projection neurons reveals new cell types and organization of long-range connectivity in the mouse brain",2019,10.1101/537233,bioRxiv,adjacent_relevant,surround,False,False,460,0,False,,,no_graph,Xiaoyin Chen / Yonggang Wang,30,/Users/wgray13/projects/connectomics-survey/postanalysis/pdfs/files/doi_10.1101_537233.pdf
work_6d7152bc3042d92f,Correlative three-dimensional super-resolution and block face electron microscopy of whole vitreously frozen cells,2019,10.1126/science.aaz5357,Science,role_bridge,surround,False,False,304,0,False,,,no_graph,J. Lichtman / Hanspeter Pfister,22,/Users/wgray13/projects/connectomics-survey/postanalysis/pdfs/files/doi_10.1126_science.aaz5357.pdf
work_17f8a533cf7cabc4,A Cellular-Resolution Atlas of the Larval Zebrafish Brain.,2019,10.1016/j.neuron.2019.04.034,Neuron,adjacent_relevant,surround,False,False,239,5,False,5.0,0.8593044863286435,broker,M. Helmstaedter / Winfried Denk,5,/Users/wgray13/projects/connectomics-survey/postanalysis/pdfs/files/doi_10.1016_j.neuron.2019.04.034.pdf
work_e3277619bfed476c,Mapping brain asymmetry in health and disease through the ENIGMA consortium,2019,10.1002/hbm.25033,Human Brain Mapping,role_bridge,surround,False,False,174,0,False,,,no_graph,Olaf Sporns / B. Mišić,22,/Users/wgray13/projects/connectomics-survey/postanalysis/pdfs/files/doi_10.1002_hbm.25033.pdf
work_7bbb57ed1549b5bc,Methods for analysis of brain connectivity: An IFCN-sponsored review.,2019,10.1016/j.clinph.2019.06.006,Clinical Neurophysiology,adjacent_relevant,surround,False,False,148,0,False,,,no_graph,Franco Pestilli / P. Rossini,18,/Users/wgray13/projects/connectomics-survey/postanalysis/pdfs/files/doi_10.1016_j.clinph.2019.06.006.pdf
work_89f08707e2ff8e73,A Student’s Guide to Neural Circuit Tracing,2019,10.3389/fnins.2019.00897,Frontiers in Neuroscience,adjacent_relevant,surround,False,False,129,26,False,8.0,0.9596495885319885,broker,M. Helmstaedter / Winfried Denk,5,/Users/wgray13/projects/connectomics-survey/postanalysis/pdfs/files/doi_10.3389_fnins.2019.00897.pdf
work_a60d58482fdb3bfa,Holographic Reconstruction of Axonal Pathways in the Human Brain,2019,10.1016/j.neuron.2019.09.030,Neuron,adjacent_relevant,surround,False,False,121,0,False,,,no_graph,Albert Cardona / J. Vogelstein,8,/Users/wgray13/projects/connectomics-survey/postanalysis/pdfs/files/doi_10.1016_j.neuron.2019.09.030.pdf
work_c5d4203ffdbb350d,Multiplexed peroxidase-based electron microscopy labeling enables simultaneous visualization of multiple cell types,2019,10.1038/s41593-019-0358-7,Nature Neuroscience,adjacent_relevant,surround,False,False,80,0,False,,,no_graph,H. Sebastian Seung / G. Jefferis,4,/Users/wgray13/projects/connectomics-survey/postanalysis/pdfs/files/doi_10.1038_s41593-019-0358-7.pdf
work_f1ed26fe9610f418,A blueprint of mammalian cortical connectomes,2019,10.1371/journal.pbio.2005346,PLoS Biology,adjacent_relevant,surround,False,False,77,22,False,6.0,0.9739846031324662,broker,Olaf Sporns / B. Mišić,4,/Users/wgray13/projects/connectomics-survey/postanalysis/pdfs/files/doi_10.1371_journal.pbio.2005346.pdf
work_32e52d5bd99d53cf,Perfusion fixation in brain banking: a systematic review,2019,10.1186/s40478-019-0799-y,Acta Neuropathologica Communications,adjacent_relevant,surround,False,False,74,2,False,2.0,0.6222458189540748,only_out,Andrew T. McKenzie / John F. Crary,9,/Users/wgray13/projects/connectomics-survey/postanalysis/pdfs/files/doi_10.1186_s40478-019-0799-y.pdf
work_047847ced0c96ed0,The head direction circuit of two insect species,2019,10.1101/854521,bioRxiv,adjacent_relevant,surround,False,False,72,0,False,,,no_graph,H. Sebastian Seung / G. Jefferis,3,/Users/wgray13/projects/connectomics-survey/postanalysis/pdfs/files/doi_10.1101_854521.pdf
work_ffcaf70a49cba62b,Connectomics and function of a memory network: the mushroom body of larval Drosophila.,2019,10.1016/j.conb.2018.10.007,Current Opinion in Neurobiology,adjacent_relevant,surround,False,False,71,6,False,6.0,0.8412529864613751,broker,Albert Cardona / J. Vogelstein,2,/Users/wgray13/projects/connectomics-survey/postanalysis/pdfs/files/doi_10.1016_j.conb.2018.10.007.pdf
work_5e64c286909b658b,Evolution of neuronal anatomy and circuitry in two highly divergent nematode species,2019,10.7554/elife.47155,bioRxiv,adjacent_relevant,surround,False,False,62,2,False,2.0,0.733209450491107,broker,Oliver Hobert / Steven J. Cook,12,/Users/wgray13/projects/connectomics-survey/postanalysis/pdfs/files/doi_10.7554_elife.47155.pdf
work_da9bb861ea28c94b,Neuronal cell types in the fly: single-cell anatomy meets single-cell genomics.,2019,10.1016/j.conb.2018.12.012,Current Opinion in Neurobiology,adjacent_relevant,surround,False,False,62,11,False,9.0,0.9177063976639236,broker,H. Sebastian Seung / G. Jefferis,4,/Users/wgray13/projects/connectomics-survey/postanalysis/pdfs/files/doi_10.1016_j.conb.2018.12.012.pdf
work_e0129a80e8df81ba,Serial-section electron microscopy using Automated Tape-Collecting Ultramicrotome (ATUM),2019,10.1016/bs.mcb.2019.04.004,Methods in Cell Biology,adjacent_relevant,surround,False,False,59,9,False,5.0,0.9389434563312982,broker,J. Lichtman / Hanspeter Pfister,4,/Users/wgray13/projects/connectomics-survey/postanalysis/pdfs/files/doi_10.1016_bs.mcb.2019.04.004.pdf
work_4fb2c3ab06796246,Expression profiling of the mature C. elegans nervous system by single-cell RNA-Sequencing,2019,10.1101/737577,bioRxiv,adjacent_relevant,surround,False,False,56,2,False,2.0,0.8258561189275285,only_in,Oliver Hobert / Steven J. Cook,19,/Users/wgray13/projects/connectomics-survey/postanalysis/pdfs/files/doi_10.1101_737577.pdf
work_6068f1e615a91237,A Genetic Model of the Connectome,2019,10.1016/j.neuron.2019.10.031,Neuron,core_relevant,surround,False,False,56,42,False,11.0,0.9599150517653304,broker,Oliver Hobert / Steven J. Cook,2,/Users/wgray13/projects/connectomics-survey/postanalysis/pdfs/files/doi_10.1016_j.neuron.2019.10.031.pdf
work_de69d8974ed67b3a,Serial block face scanning electron microscopy in cell biology: Applications and technology.,2019,10.1016/j.tice.2018.08.011,Tissue & Cell,adjacent_relevant,surround,False,False,56,4,False,4.0,0.2736925935757897,only_out,David J. Smith / T. Starborg,2,/Users/wgray13/projects/connectomics-survey/postanalysis/pdfs/files/doi_10.1016_j.tice.2018.08.011.pdf
work_6372283e97fc942b,Microstructure-Informed Connectomics: Enriching Large-Scale Descriptions of Healthy and Diseased Brains,2019,10.1089/brain.2018.0587,Brain Connectivity,role_bridge,surround,False,False,55,0,False,,,no_graph,Olaf Sporns / B. Mišić,9,/Users/wgray13/projects/connectomics-survey/postanalysis/pdfs/files/doi_10.1089_brain.2018.0587.pdf
work_a03a07a6d277a87e,Convolutional nets for reconstructing neural circuits from brain images acquired by serial section electron microscopy,2019,10.1016/j.conb.2019.04.001,Current Opinion in Neurobiology,core_relevant,surround,False,False,55,29,False,11.0,0.9163790814972126,broker,H. Sebastian Seung / G. Jefferis,6,/Users/wgray13/projects/connectomics-survey/postanalysis/pdfs/files/doi_10.1016_j.conb.2019.04.001.pdf
work_ce404f1256e58715,The hippocampus of birds in a view of evolutionary connectomics.,2019,10.1016/j.cortex.2018.09.025,Cortex; a journal devoted to the study of the nervous system and behavior,adjacent_relevant,surround,False,False,55,0,False,0.0,0.2997079904433236,isolate,Olaf Sporns / B. Mišić,6,/Users/wgray13/projects/connectomics-survey/postanalysis/pdfs/files/doi_10.1016_j.cortex.2018.09.025.pdf
work_791a1f8bfcc43bc6,A null model of the mouse whole-neocortex micro-connectome,2019,10.1038/s41467-019-11630-x,Nature Communications,adjacent_relevant,surround,False,False,44,3,False,2.0,0.8038226705601275,broker,Javier DeFelipe / Michael W. Reimann,6,/Users/wgray13/projects/connectomics-survey/postanalysis/pdfs/files/doi_10.1038_s41467-019-11630-x.pdf
work_ad7e31aa5c15b233,A developmental framework linking neurogenesis and circuit formation in the Drosophila CNS,2019,10.7554/elife.67510,eLife,core_relevant,surround,False,False,44,12,False,8.0,0.9192991770639768,broker,Albert Cardona / J. Vogelstein,9,/Users/wgray13/projects/connectomics-survey/postanalysis/pdfs/files/doi_10.7554_elife.67510.pdf
work_a067ff2b158f0bbb,The connectome of the Caenorhabditis elegans pharynx,2019,10.1002/cne.24932,bioRxiv,core_relevant,surround,False,False,43,10,False,7.0,0.9195646402973188,broker,Oliver Hobert / Steven J. Cook,6,/Users/wgray13/projects/connectomics-survey/postanalysis/pdfs/files/doi_10.1002_cne.24932.pdf
work_6e6d74dd4f3c6069,Expansion Microscopy of Lipid Membranes,2019,10.1101/829903,bioRxiv,adjacent_relevant,surround,False,False,42,1,False,1.0,0.8417839129280594,only_in,Xiaoyin Chen / Yonggang Wang,10,/Users/wgray13/projects/connectomics-survey/postanalysis/pdfs/files/doi_10.1101_829903.pdf
work_cc31e996b2ec9309,Synaptic Partner Assignment Using Attentional Voxel Association Networks,2019,10.1109/isbi45749.2020.9098489,IEEE International Symposium on Biomedical Imaging,core_relevant,surround,False,False,42,37,False,11.0,0.9551367135651712,broker,H. Sebastian Seung / G. Jefferis,6,/Users/wgray13/projects/connectomics-survey/postanalysis/pdfs/files/doi_10.1109_isbi45749.2020.9098489.pdf
work_c1d0772b3b89eba2,UNI-EM: An Environment for Deep Neural Network-Based Automated Segmentation of Neuronal Electron Microscopic Images,2019,10.1038/s41598-019-55431-0,Scientific Reports,core_relevant,surround,False,False,41,19,False,11.0,0.8948765595964959,broker,Hideyuki Okano / Alexander Woodward,5,/Users/wgray13/projects/connectomics-survey/postanalysis/pdfs/files/doi_10.1038_s41598-019-55431-0.pdf
work_6add9ee0fce41ea3,Iron-sequestering nanocompartments as multiplexed Electron Microscopy gene reporters,2019,10.1101/516955,bioRxiv,role_bridge,surround,False,False,40,0,False,,,no_graph,Albert Cardona / J. Vogelstein,11,/Users/wgray13/projects/connectomics-survey/postanalysis/pdfs/files/doi_10.1101_516955.pdf
work_3d25f36feef3f4d0,Neural mechanisms of contextual modulation in the retinal direction selective circuit,2019,10.1038/s41467-019-10268-z,Nature Communications,core_relevant,surround,False,False,39,1,False,1.0,0.6790549508893018,only_in,Xiaoyin Chen / Yonggang Wang,4,/Users/wgray13/projects/connectomics-survey/postanalysis/pdfs/files/doi_10.1038_s41467-019-10268-z.pdf
work_3237794822a671c6,Modality-specific circuits for skylight orientation in the fly visual system,2019,10.1101/638171,bioRxiv,adjacent_relevant,surround,False,False,38,3,False,3.0,0.7634722590921157,broker,H. Sebastian Seung / G. Jefferis,9,/Users/wgray13/projects/connectomics-survey/postanalysis/pdfs/files/doi_10.1101_638171.pdf
work_798e413af36b6f31,Biologically-Constrained Graphs for Global Connectomics Reconstruction,2019,10.1109/cvpr.2019.00219,Computer Vision and Pattern Recognition,core_relevant,surround,False,False,37,26,False,11.0,0.9166445447305548,broker,J. Lichtman / Hanspeter Pfister,6,/Users/wgray13/projects/connectomics-survey/postanalysis/pdfs/files/doi_10.1109_cvpr.2019.00219.pdf
work_21e3eb788432ac70,Molecular basis of synaptic specificity by immunoglobulin superfamily receptors in Drosophila,2019,10.7554/elife.41028,eLife,adjacent_relevant,surround,False,False,36,1,False,1.0,0.7241837005574728,only_in,Olaf Sporns / B. Mišić,7,/Users/wgray13/projects/connectomics-survey/postanalysis/pdfs/files/doi_10.7554_elife.41028.pdf
work_9bc341caddd144e5,DVID: Distributed Versioned Image-Oriented Dataservice,2019,10.3389/fncir.2019.00005,Front. Neural Circuits,core_relevant,surround,False,False,34,28,False,11.0,0.9631006105654368,broker,J. Lichtman / Hanspeter Pfister,2,/Users/wgray13/projects/connectomics-survey/postanalysis/pdfs/files/doi_10.3389_fncir.2019.00005.pdf
work_7ab3302f7f8fd0a5,Learning and Segmenting Dense Voxel Embeddings for 3D Neuron Reconstruction,2019,10.1109/tmi.2021.3097826,IEEE Transactions on Medical Imaging,core_relevant,surround,False,False,33,11,False,10.0,0.8001061852933369,broker,H. Sebastian Seung / G. Jefferis,4,/Users/wgray13/projects/connectomics-survey/postanalysis/pdfs/files/doi_10.1109_tmi.2021.3097826.pdf
work_c0291cd6d5d32157,BRAIN Initiative: Cutting-Edge Tools and Resources for the Community,2019,10.1523/jneurosci.1169-19.2019,Journal of Neuroscience,role_bridge,surround,False,False,32,0,False,,,no_graph,Albert Cardona / J. Vogelstein,17,/Users/wgray13/projects/connectomics-survey/postanalysis/pdfs/files/doi_10.1523_jneurosci.1169-19.2019.pdf
work_e91f8fec13f96681,Fluorescence-Based Quantitative Synapse Analysis for Cell Type-Specific Connectomics,2019,10.1523/eneuro.0193-19.2019,eNeuro,core_relevant,surround,False,False,31,2,False,2.0,0.7178125829572605,broker,Albert Cardona / J. Vogelstein,7,/Users/wgray13/projects/connectomics-survey/postanalysis/pdfs/files/doi_10.1523_eneuro.0193-19.2019.pdf
work_b5032a3a9543fe0c,Impact of higher order network structure on emergent cortical activity,2019,10.1162/netn_a_00124,bioRxiv,adjacent_relevant,surround,False,False,29,2,False,2.0,0.7817892221927263,only_in,Javier DeFelipe / Michael W. Reimann,4,/Users/wgray13/projects/connectomics-survey/postanalysis/pdfs/files/doi_10.1162_netn_a_00124.pdf
work_20e028bfe929110a,"Big data in nanoscale connectomics, and the greed for training labels.",2019,10.1016/j.conb.2019.03.012,Current Opinion in Neurobiology,core_relevant,surround,False,False,26,21,False,11.0,0.884788956729493,broker,M. Helmstaedter / Winfried Denk,4,/Users/wgray13/projects/connectomics-survey/postanalysis/pdfs/files/doi_10.1016_j.conb.2019.03.012.pdf
work_7709c0de232cbe41,Synaptic Specializations of Melanopsin-Retinal Ganglion Cells in Multiple Brain Regions Revealed by Genetic Label for Light and Electron Microscopy,2019,10.1016/j.celrep.2019.09.006,Cell Reports,role_bridge,surround,False,False,26,0,False,,,no_graph,Xiaoyin Chen / Yonggang Wang,18,/Users/wgray13/projects/connectomics-survey/postanalysis/pdfs/files/doi_10.1016_j.celrep.2019.09.006.pdf
work_4888d0293b40ce35,Constraining computational models using electron microscopy wiring diagrams.,2019,10.1016/j.conb.2019.07.007,Current Opinion in Neurobiology,adjacent_relevant,surround,False,False,25,18,False,11.0,0.9413326254313776,broker,Albert Cardona / J. Vogelstein,2,/Users/wgray13/projects/connectomics-survey/postanalysis/pdfs/files/doi_10.1016_j.conb.2019.07.007.pdf
work_64f7b9e478002d6b,Segmentation-Enhanced CycleGAN,2019,10.1101/548081,bioRxiv,core_relevant,surround,False,False,25,9,False,6.0,0.9370852136979028,broker,J. Lichtman / Hanspeter Pfister,2,/Users/wgray13/projects/connectomics-survey/postanalysis/pdfs/files/doi_10.1101_548081.pdf
work_eb960daf190dabc6,Inhibiting mGluR5 activity by AFQ056/Mavoglurant rescues circuit‐specific functional connectivity in Fmr1 knockout mice,2019,10.1016/j.neuroimage.2019.02.051,NeuroImage,role_bridge,surround,False,False,25,0,False,,,no_graph,V. Zerbi / N. Wenderoth,6,/Users/wgray13/projects/connectomics-survey/postanalysis/pdfs/files/doi_10.1016_j.neuroimage.2019.02.051.pdf
work_a420712d6b601b7b,Enabling FIB-SEM Systems for Large Volume Connectomics and Cell Biology,2019,10.1101/852863,bioRxiv,core_relevant,surround,False,False,24,18,False,11.0,0.943190868064773,broker,J. Lichtman / Hanspeter Pfister,4,/Users/wgray13/projects/connectomics-survey/postanalysis/pdfs/files/doi_10.1101_852863.pdf
work_be994e78601aefa2,Gotta Trace ‘em All: A Mini-Review on Tools and Procedures for Segmenting Single Neurons Toward Deciphering the Structural Connectome,2019,10.3389/fbioe.2019.00202,Frontiers in Bioengineering and Biotechnology,adjacent_relevant,surround,False,False,24,0,False,,,no_graph,C. Magliaro / A. Ahluwalia,4,/Users/wgray13/projects/connectomics-survey/postanalysis/pdfs/files/doi_10.3389_fbioe.2019.00202.pdf
work_de90f3f542a40fe0,Correlated states in balanced neuronal networks.,2019,10.1103/physreve.99.052414,Physical Review E,adjacent_relevant,surround,False,False,23,1,False,1.0,0.7563047517918768,only_in,H. Sebastian Seung / G. Jefferis,4,/Users/wgray13/projects/connectomics-survey/postanalysis/pdfs/files/doi_10.1103_physreve.99.052414.pdf
work_ed43e8259dc6cab9,En bloc preparation of Drosophila brains enables high-throughput FIB-SEM connectomics,2019,10.1101/855130,bioRxiv,core_relevant,surround,False,False,22,32,False,11.0,0.9514202282983808,broker,J. Lichtman / Hanspeter Pfister,11,/Users/wgray13/projects/connectomics-survey/postanalysis/pdfs/files/doi_10.1101_855130.pdf
work_022f4537397531be,"MagC, magnetic collection of ultrathin sections for volumetric correlative light and electron microscopy",2019,10.7554/elife.45696,bioRxiv,adjacent_relevant,surround,False,False,21,0,False,,,no_graph,J. Lichtman / Hanspeter Pfister,1,/Users/wgray13/projects/connectomics-survey/postanalysis/pdfs/files/doi_10.7554_elife.45696.pdf
work_dc4993b941bc6e35,Leveraging Domain Knowledge to Improve Microscopy Image Segmentation With Lifted Multicuts,2019,10.3389/fcomp.2019.00006,Front. Comput. Sci.,adjacent_relevant,surround,False,False,21,0,False,,,no_graph,Javier DeFelipe / Michael W. Reimann,10,/Users/wgray13/projects/connectomics-survey/postanalysis/pdfs/files/doi_10.3389_fcomp.2019.00006.pdf
work_c764381e47cfb56e,Compartmentalized distributions of neuronal and glial cell-surface proteins pattern the synaptic network.,2019,10.1016/j.conb.2019.01.025,Current Opinion in Neurobiology,adjacent_relevant,surround,False,False,20,1,False,1.0,0.4749137244491638,only_out,Oliver Hobert / Steven J. Cook,2,/Users/wgray13/projects/connectomics-survey/postanalysis/pdfs/files/doi_10.1016_j.conb.2019.01.025.pdf
work_4b37a6f905cdcd31,Novel Technological Advances in Functional Connectomics in C. elegans,2019,10.3390/jdb7020008,Journal of Developmental Biology,adjacent_relevant,surround,False,False,16,4,False,4.0,0.762410406158747,broker,Elizabeth M. DiLoreto / Christopher Chute,4,/Users/wgray13/projects/connectomics-survey/postanalysis/pdfs/files/doi_10.3390_jdb7020008.pdf
work_9b23efa50c50392e,Diverse Community Structures in the Neuronal-Level Connectome of the Drosophila Brain,2019,10.1007/s12021-019-09443-w,Neuroinformatics,adjacent_relevant,surround,False,False,16,9,False,6.0,0.896469338996549,broker,Xiaoyin Chen / Yonggang Wang,8,/Users/wgray13/projects/connectomics-survey/postanalysis/pdfs/files/doi_10.1007_s12021-019-09443-w.pdf
work_20aa11e350125328,Weakly Supervised Learning in Deformable EM Image Registration Using Slice Interpolation,2019,10.1109/isbi.2019.8759290,IEEE International Symposium on Biomedical Imaging,core_relevant,surround,False,False,15,1,False,1.0,0.6402973188213432,only_out,M. Helmstaedter / Winfried Denk,6,postanalysis/pdfs/files/doi_10.1109_isbi.2019.8759290.pdf
work_784400c91f3cd26f,Accelerated redevelopment of vocal skills is preceded by lasting reorganization of the song motor circuitry,2019,10.7554/elife.43194,eLife,adjacent_relevant,surround,False,False,15,1,False,1.0,0.0347756835678258,only_out,M. Vellema / Mariana Diales Rocha,9,/Users/wgray13/projects/connectomics-survey/postanalysis/pdfs/files/doi_10.7554_elife.43194.pdf
work_e5e95009073d075b,Neuronal cell types in the annelid Platynereis dumerilii.,2019,10.1016/j.conb.2018.12.008,Current Opinion in Neurobiology,adjacent_relevant,surround,False,False,15,5,False,5.0,0.7820546854260685,broker,Albert Cardona / J. Vogelstein,2,/Users/wgray13/projects/connectomics-survey/postanalysis/pdfs/files/doi_10.1016_j.conb.2018.12.008.pdf
work_92631910468cb6fc,A Drosophila larval premotor/motor neuron connectome generating two behaviors via distinct spatio-temporal muscle activity,2019,10.1101/617977,bioRxiv,core_relevant,surround,False,False,14,5,False,5.0,0.8295726041943191,broker,Albert Cardona / J. Vogelstein,5,/Users/wgray13/projects/connectomics-survey/postanalysis/pdfs/files/doi_10.1101_617977.pdf
work_b60d03383c437391,Wide-field amacrine cell inputs to ON parasol ganglion cells in macaque retina,2019,10.1002/cne.24840,The Journal of comparative neurology,core_relevant,surround,False,False,14,8,False,5.0,0.8885054419962836,broker,James R. Anderson / Bryan William Jones,17,/Users/wgray13/projects/connectomics-survey/postanalysis/pdfs/files/doi_10.1002_cne.24840.pdf
work_e3992b6f698e0c1a,Pathoconnectome Analysis of Müller Cells in Early Retinal Remodeling,2019,10.1007/978-3-030-27378-1_60,Advances in Experimental Medicine and Biology,core_relevant,surround,False,False,14,3,False,3.0,0.7764799575258826,broker,James R. Anderson / Bryan William Jones,14,/Users/wgray13/projects/connectomics-survey/postanalysis/pdfs/files/doi_10.1007_978-3-030-27378-1_60.pdf
work_50ff4d262c166d92,Culling for Extreme-Scale Segmentation Volumes: A Hybrid Deterministic and Probabilistic Approach,2019,10.1109/tvcg.2018.2864847,IEEE Transactions on Visualization and Computer Graphics,role_bridge,surround,False,False,13,0,False,,,no_graph,J. Lichtman / Hanspeter Pfister,6,postanalysis/pdfs/files/doi_10.1109_tvcg.2018.2864847.pdf
work_8460da8caf6a72dd,Viral labeling of neurons synaptically connected to nucleus accumbens somatostatin interneurons,2019,10.1371/journal.pone.0213476,PLoS ONE,adjacent_relevant,surround,False,False,13,1,False,1.0,0.361560923812052,only_out,Efrain A. Ribeiro / E. Nestler,6,/Users/wgray13/projects/connectomics-survey/postanalysis/pdfs/files/doi_10.1371_journal.pone.0213476.pdf
work_30755daec3a98a3c,Spectral peculiarity and criticality of a human connectome.,2019,10.1016/j.plrev.2019.07.003,Physics of Life Reviews,adjacent_relevant,surround,False,False,12,5,False,4.0,0.7876294133262544,broker,N. Pospelov / A. Gorsky,9,/Users/wgray13/projects/connectomics-survey/postanalysis/pdfs/files/doi_10.1016_j.plrev.2019.07.003.pdf
work_3d98d18aeb1fdbbf,Synchronization Patterns in Modular Neuronal Networks: A Case Study of C. elegans,2019,10.3389/fams.2019.00052,Frontiers in Applied Mathematics and Statistics,core_relevant,surround,False,False,12,7,False,5.0,0.9001858242633395,broker,Philipp Hövel / Jorge Ruiz,6,/Users/wgray13/projects/connectomics-survey/postanalysis/pdfs/files/doi_10.3389_fams.2019.00052.pdf
work_28104a254c26cffb,Synaptic inputs from identified bipolar and amacrine cells to a sparsely branched ganglion cell in rabbit retina,2019,10.1017/s0952523819000014,Visual Neuroscience,core_relevant,surround,False,False,11,10,False,5.0,0.8908946110963631,broker,James R. Anderson / Bryan William Jones,8,/Users/wgray13/projects/connectomics-survey/postanalysis/pdfs/files/doi_10.1017_s0952523819000014.pdf
work_b3c14d15399812d4,Rabies virus-mediated connectivity tracing from single neurons.,2019,10.1016/j.jneumeth.2019.108365,Journal of Neuroscience Methods,adjacent_relevant,surround,False,False,11,1,False,1.0,0.0557472790018582,only_out,M. Helmstaedter / Winfried Denk,2,/Users/wgray13/projects/connectomics-survey/postanalysis/pdfs/files/doi_10.1016_j.jneumeth.2019.108365.pdf
work_256bc6e4bfbd9156,Dynamic Computational Model of the Human Spinal Cord Connectome,2019,10.1162/neco_a_01159,Neural Computation,adjacent_relevant,surround,False,False,10,4,False,4.0,0.6102999734536767,only_out,J. Arle / Kristen W. Carlson,5,/Users/wgray13/projects/connectomics-survey/postanalysis/pdfs/files/doi_10.1162_neco_a_01159.pdf
work_3167944ed8876ef1,Multilevel feedback architecture for adaptive regulation of learning in the insect brain,2019,10.1101/649731,bioRxiv,core_relevant,surround,False,False,10,3,False,3.0,0.2428988585080966,only_out,Albert Cardona / J. Vogelstein,16,/Users/wgray13/projects/connectomics-survey/postanalysis/pdfs/files/doi_10.1101_649731.pdf
work_83ea881830d1ee9b,Connection strength of the macaque connectome augments topological and functional network attributes,2019,10.1162/netn_a_00101,Network Neuroscience,adjacent_relevant,surround,False,False,10,0,False,,,no_graph,Olaf Sporns / B. Mišić,3,/Users/wgray13/projects/connectomics-survey/postanalysis/pdfs/files/doi_10.1162_netn_a_00101.pdf
work_961403604355e4a7,Deep Connectomics Networks: Neural Network Architectures Inspired by Neuronal Networks,2019,,arXiv.org,adjacent_relevant,surround,False,False,10,0,False,,,no_graph,Nicholas Roberts / Vinay Uday Prabhu,3,/Users/wgray13/projects/connectomics-survey/postanalysis/pdfs/files/arxiv_1912.08986.pdf
work_24c9d58c113a2b86,"Toward A Reproducible, Scalable Framework for Processing Large Neuroimaging Datasets",2019,10.1101/615161,bioRxiv,core_relevant,surround,False,False,9,10,False,8.0,0.823732413060791,broker,Albert Cardona / J. Vogelstein,17,/Users/wgray13/projects/connectomics-survey/postanalysis/pdfs/files/doi_10.1101_615161.pdf
work_a1490cd29bdf5713,Community correlations and testing independence between binary graphs,2019,10.1007/s41109-026-00791-6,Applied Network Science,adjacent_relevant,surround,False,False,9,0,False,,,no_graph,Albert Cardona / J. Vogelstein,4,/Users/wgray13/projects/connectomics-survey/postanalysis/pdfs/files/doi_10.1007_s41109-026-00791-6.pdf
work_0f028df4c1bb42a4,GCIB-SEM: A path to 10 nm isotropic imaging of cubic millimeter volumes,2019,10.1101/563239,bioRxiv,core_relevant,surround,False,False,7,5,False,5.0,0.8226705601274223,broker,J. Lichtman / Hanspeter Pfister,7,/Users/wgray13/projects/connectomics-survey/postanalysis/pdfs/files/doi_10.1101_563239.pdf
work_35ff62d34b104b23,An Effective Encoder-Decoder Network for Neural Cell Bodies and Cell Nucleus Segmentation of EM Images,2019,10.1109/embc.2019.8857887,Annual International Conference of the IEEE Engineering in Medicine and Biology Society,core_relevant,surround,False,False,7,2,False,2.0,0.6814441199893815,broker,Xiaoyin Chen / Yonggang Wang,6,/Users/wgray13/projects/connectomics-survey/postanalysis/pdfs/files/doi_10.1109_embc.2019.8857887.pdf
work_4488387d1a4d2480,Toric Spines at a Site of Learning,2019,10.1523/eneuro.0197-19.2019,eNeuro,core_relevant,surround,False,False,7,2,False,2.0,0.7589593841252986,broker,Xiaoyin Chen / Yonggang Wang,15,/Users/wgray13/projects/connectomics-survey/postanalysis/pdfs/files/doi_10.1523_eneuro.0197-19.2019.pdf
work_ae71590815fb9a2b,A Review of Intrinsic Optical Imaging Serial Blockface Histology (ICI-SBH) for Whole Rodent Brain Imaging,2019,10.3390/photonics6020066,Photonics,role_bridge,surround,False,False,7,0,False,,,no_graph,Joël Lefebvre / F. Lesage,3,/Users/wgray13/projects/connectomics-survey/postanalysis/pdfs/files/doi_10.3390_photonics6020066.pdf
work_036e22a15502fd7e,Strip the Stripes: Artifact Detection and Removal for Scanning Electron Microscopy Imaging,2019,10.1109/icassp.2019.8683119,"IEEE International Conference on Acoustics, Speech, and Signal Processing",adjacent_relevant,surround,False,False,6,1,False,1.0,0.66179984072206,only_out,J. Lichtman / Hanspeter Pfister,4,postanalysis/pdfs/files/doi_10.1109_icassp.2019.8683119.pdf
work_0faabd73a0b69ddd,Valid two‐sample graph testing via optimal transport Procrustes and multiscale graph correlation with applications in connectomics,2019,10.1002/sta4.429,,adjacent_relevant,surround,False,False,6,0,False,,,no_graph,Albert Cardona / J. Vogelstein,8,/Users/wgray13/projects/connectomics-survey/postanalysis/pdfs/files/doi_10.1002_sta4.429.pdf
work_a0074df622a55228,Connectome verification: inter-rater and connection reliability of tract-tracing-based intrinsic hypothalamic connectivity,2019,10.1093/bib/bby048,Briefings Bioinform.,adjacent_relevant,surround,False,False,6,5,False,4.0,0.6878152375895938,broker,Albert Cardona / J. Vogelstein,12,/Users/wgray13/projects/connectomics-survey/postanalysis/pdfs/files/doi_10.1093_bib_bby048.pdf
work_bb6f2ee139c463af,Flexible neural connectivity under constraints on total connection strength,2019,10.1101/603027,bioRxiv,core_relevant,surround,False,False,6,2,False,2.0,0.4953543934165118,only_out,Xiaoyin Chen / Yonggang Wang,2,/Users/wgray13/projects/connectomics-survey/postanalysis/pdfs/files/doi_10.1101_603027.pdf
work_aae964936915e1a3,Deciphering neural circuits for Caenorhabditis elegans behavior by computations and perturbations to genome and connectome,2019,10.1016/j.coisb.2018.09.008,Current Opinion in Systems Biology,adjacent_relevant,surround,False,False,5,4,False,4.0,0.3395274754446509,only_out,J. Karbowski / F. Rakowski,1,/Users/wgray13/projects/connectomics-survey/postanalysis/pdfs/files/doi_10.1016_j.coisb.2018.09.008.pdf
work_fb8e3c22cffe2204,"Modular integration of neural connectomics, dynamics and biomechanics for identification of behavioral sensorimotor pathways in Caenorhabditis elegans",2019,10.1101/724328,bioRxiv,adjacent_relevant,surround,False,False,5,12,False,7.0,0.7220599946907353,broker,H. Sebastian Seung / G. Jefferis,4,/Users/wgray13/projects/connectomics-survey/postanalysis/pdfs/files/doi_10.1101_724328.pdf
work_01a371d322fa7848,Optical Imaging in Brainsmatics,2019,10.3390/photonics6030098,Photonics,adjacent_relevant,surround,False,False,4,4,False,4.0,0.0390230953013007,only_out,Xiaoyin Chen / Yonggang Wang,4,/Users/wgray13/projects/connectomics-survey/postanalysis/pdfs/files/doi_10.3390_photonics6030098.pdf
work_5068984fac4abafd,DNA sequencing in high-throughput neuroanatomy.,2019,10.1016/j.jchemneu.2019.101653,Journal of Chemical Neuroanatomy,adjacent_relevant,surround,False,False,4,1,False,1.0,0.5967613485532254,only_out,Xiaoyin Chen / Yonggang Wang,1,/Users/wgray13/projects/connectomics-survey/postanalysis/pdfs/files/doi_10.1016_j.jchemneu.2019.101653.pdf
work_aaf9287e58c3106d,A Topological Nomenclature for 3D Shape Analysis in Connectomics,2019,10.1109/cvprw50498.2020.00501,2020 IEEE/CVF Conference on Computer Vision and Pattern Recognition Workshops (CVPRW),core_relevant,surround,False,False,4,1,False,1.0,0.8393947438279799,only_in,J. Lichtman / Hanspeter Pfister,10,/Users/wgray13/projects/connectomics-survey/postanalysis/pdfs/files/doi_10.1109_cvprw50498.2020.00501.pdf
work_1358cc4e6d15d0c8,Refined parcellation of the nervous system by algorithmic detection of hidden features within communities.,2019,10.1103/physreve.100.012301,Physical Review E,adjacent_relevant,surround,False,False,3,11,False,6.0,0.6886116272896204,broker,Dongmei Shi / H. Noori,3,/Users/wgray13/projects/connectomics-survey/postanalysis/pdfs/files/doi_10.1103_physreve.100.012301.pdf
work_2d23fc156da4f7ce,TraceMontage: a Method for Merging Multiple Independent Neuronal Traces,2019,10.1101/703900,bioRxiv,role_bridge,surround,False,False,2,0,False,,,no_graph,Dongming Cai / Logan A. Walker,3,/Users/wgray13/projects/connectomics-survey/postanalysis/pdfs/files/doi_10.1101_703900.pdf
work_a20ba66636876b3e,Multiscale and Multimodal Imaging for Connectomics,2019,10.1007/978-981-10-9020-2_1,,adjacent_relevant,surround,False,False,2,9,False,5.0,0.3034244757101141,only_out,James R. Anderson / Bryan William Jones,4,postanalysis/pdfs/files/doi_10.1007_978-981-10-9020-2_1.pdf
work_37e566981828c484,Semi-Supervised Learning for Electron Microscopy Image Segmentation,2019,10.1609/aaai.v33i01.330110047,AAAI Conference on Artificial Intelligence,core_relevant,surround,False,False,1,2,False,2.0,0.1566233076718874,only_out,Eichi Takaya / Yusuke Takeichi,4,/Users/wgray13/projects/connectomics-survey/postanalysis/pdfs/files/doi_10.1609_aaai.v33i01.330110047.pdf
work_67ec217a66cb4c18,Integration of Odor-Induced Activity of Kenyon Cells in an Electrotonically Compact Drosophila Mushroom Body Output Neuron (MBON),2019,10.1101/847244,bioRxiv,core_relevant,surround,False,False,1,1,False,1.0,0.2200690204406689,only_out,Omar A. Hafez / Benjamin Escribano,4,/Users/wgray13/projects/connectomics-survey/postanalysis/pdfs/files/doi_10.1101_847244.pdf
work_740d0cb24a85d1c1,Optimization Algorithms in Reconstructions of Neuron Morphology: An Overview,2019,10.1109/ithings/greencom/cpscom/smartdata.2019.00069,"2019 International Conference on Internet of Things (iThings) and IEEE Green Computing and Communications (GreenCom) and IEEE Cyber, Physical and Social Computing (CPSCom) and IEEE Smart Data (SmartData)",adjacent_relevant,surround,False,False,1,0,False,,,no_graph,Xiaoyin Chen / Yonggang Wang,3,postanalysis/pdfs/files/doi_10.1109_ithings_greencom_cpscom_smartdata.2019.00069.pdf
work_af5e34e38d50302d,Whitening of odor representations by specific network connectivity,2019,10.1101/515411,bioRxiv,core_relevant,surround,False,False,1,2,False,2.0,0.7794000530926467,broker,M. Helmstaedter / Winfried Denk,2,/Users/wgray13/projects/connectomics-survey/postanalysis/pdfs/files/doi_10.1101_515411.pdf
work_bf862b81ed6fc4d9,Revealing the Synaptic Hodology of Mammalian Neural Circuits With Multiscale Neurocartography,2019,10.3389/fninf.2019.00052,Front. Neuroinform.,adjacent_relevant,surround,False,False,1,15,False,8.0,0.4637642686487921,only_out,Xiaoyin Chen / Yonggang Wang,2,/Users/wgray13/projects/connectomics-survey/postanalysis/pdfs/files/doi_10.3389_fninf.2019.00052.pdf
work_ef1b30a572169947,Hierarchies & Lower Bounds in Theoretical Connectomics,2019,10.1101/559260,bioRxiv,adjacent_relevant,surround,False,False,1,3,False,3.0,0.6360499070878683,only_out,Venkatakrishnan Ramaswamy,1,/Users/wgray13/projects/connectomics-survey/postanalysis/pdfs/files/doi_10.1101_559260.pdf
work_aa67a7c25f2f435b,Lead-DBS v2: Towards a comprehensive pipeline for deep brain stimulation imaging,2018,10.1016/j.neuroimage.2018.08.068,bioRxiv,role_bridge,surround,False,False,698,0,False,,,no_graph,Albert Cardona / J. Vogelstein,19,/Users/wgray13/projects/connectomics-survey/postanalysis/pdfs/files/doi_10.1016_j.neuroimage.2018.08.068.pdf
work_fb288126909ecad7,Mitochondria at the neuronal presynapse in health and disease,2018,10.1038/nrn.2017.170,Nature Reviews Neuroscience,adjacent_relevant,surround,False,False,522,0,False,,,no_graph,J. Lichtman / Hanspeter Pfister,2,/Users/wgray13/projects/connectomics-survey/postanalysis/pdfs/files/doi_10.1038_nrn.2017.170.pdf
work_fb45709dc6d705c9,The importance of the whole: Topological data analysis for the network neuroscientist,2018,10.1162/netn_a_00073,Network Neuroscience,adjacent_relevant,surround,False,False,240,17,False,6.0,0.9729227501990976,broker,Albert Cardona / J. Vogelstein,4,/Users/wgray13/projects/connectomics-survey/postanalysis/pdfs/files/doi_10.1162_netn_a_00073.pdf
work_81b57bb8bd076686,Architecture of the Mouse Brain Synaptome,2018,10.1016/j.neuron.2018.07.007,Neuron,adjacent_relevant,surround,False,False,219,3,False,3.0,0.7581629944252721,broker,Javier DeFelipe / Michael W. Reimann,11,/Users/wgray13/projects/connectomics-survey/postanalysis/pdfs/files/doi_10.1016_j.neuron.2018.07.007.pdf
work_43f9348b8e8dc3dc,Neuron-specific signatures in the chromosomal connectome associated with schizophrenia risk,2018,10.1126/science.aat4311,Science,adjacent_relevant,surround,False,False,212,2,False,1.0,0.9145208388638174,only_in,Xiaoyin Chen / Yonggang Wang,24,/Users/wgray13/projects/connectomics-survey/postanalysis/pdfs/files/doi_10.1126_science.aat4311.pdf
work_b3ee57aade123586,The Mouse Cortical Connectome Characterized by an Ultra Dense Cortical Graph Maintains Specificity by Distinct Connectivity Profiles,2018,10.1016/j.neuron.2017.12.037,Neuron,adjacent_relevant,surround,False,False,190,0,False,,,no_graph,Albert Cardona / J. Vogelstein,7,/Users/wgray13/projects/connectomics-survey/postanalysis/pdfs/files/doi_10.1016_j.neuron.2017.12.037.pdf
work_d3be9b5edaedfc45,A Survey of Methods for 3D Histology Reconstruction,2018,10.1016/j.media.2018.02.004,Medical Image Anal.,role_bridge,surround,False,False,184,0,False,,,no_graph,Jonas Pichat / M. Modat,5,/Users/wgray13/projects/connectomics-survey/postanalysis/pdfs/files/doi_10.1016_j.media.2018.02.004.pdf
work_f8eabb08474bb993,CDeep3M - Plug-and-Play cloud based deep learning for image segmentation,2018,10.1038/s41592-018-0106-z,Nature Methods,adjacent_relevant,surround,False,False,163,0,False,,,no_graph,Xiaoyin Chen / Yonggang Wang,11,postanalysis/pdfs/files/doi_10.1038_s41592-018-0106-z.pdf
work_d333aa68266feb1b,Exploring early human brain development with structural and physiological neuroimaging,2018,10.1016/j.neuroimage.2018.07.041,NeuroImage,adjacent_relevant,surround,False,False,148,1,False,1.0,0.8032917440934431,only_in,L. Vasung / P. Grant,8,/Users/wgray13/projects/connectomics-survey/postanalysis/pdfs/files/doi_10.1016_j.neuroimage.2018.07.041.pdf
work_fefe636e68acdb8a,Plasticity of the electrical connectome of C. elegans,2018,10.1101/406207,bioRxiv,adjacent_relevant,surround,False,False,147,27,False,10.0,0.9580568091319352,broker,Oliver Hobert / Steven J. Cook,4,/Users/wgray13/projects/connectomics-survey/postanalysis/pdfs/files/doi_10.1101_406207.pdf
work_53f15f1014414aec,Building a functional connectome of the Drosophila central complex,2018,10.7554/elife.37017,eLife,adjacent_relevant,surround,False,False,112,8,False,7.0,0.8853198831961774,broker,H. Sebastian Seung / G. Jefferis,3,/Users/wgray13/projects/connectomics-survey/postanalysis/pdfs/files/doi_10.7554_elife.37017.pdf
work_d9d49941f0fd1f60,Synaptic Cleft Segmentation in Non-Isotropic Volume Electron Microscopy of the Complete Drosophila Brain,2018,10.1007/978-3-030-00934-2_36,International Conference on Medical Image Computing and Computer-Assisted Intervention,core_relevant,surround,False,False,104,24,False,11.0,0.9543403238651448,broker,J. Lichtman / Hanspeter Pfister,5,/Users/wgray13/projects/connectomics-survey/postanalysis/pdfs/files/doi_10.1007_978-3-030-00934-2_36.pdf
work_0d0f6db3af67525b,Neural Mechanisms of Motion Processing in the Mammalian Retina.,2018,10.1146/annurev-vision-091517-034048,Annual Review of Vision Science,adjacent_relevant,surround,False,False,102,0,False,,,no_graph,Xiaoyin Chen / Yonggang Wang,1,/Users/wgray13/projects/connectomics-survey/postanalysis/pdfs/files/doi_10.1146_annurev-vision-091517-034048.pdf
work_2b60bd560e430bed,OpenWorm: overview and recent advances in integrative biological simulation of Caenorhabditis elegans,2018,10.1098/rstb.2017.0382,Philosophical Transactions of the Royal Society of London. Biological Sciences,adjacent_relevant,surround,False,False,101,0,False,,,no_graph,Bradly Alicea / Matteo Cantarelli,19,/Users/wgray13/projects/connectomics-survey/postanalysis/pdfs/files/doi_10.1098_rstb.2017.0382.pdf
work_6a7a572d2c3c7c09,Rewiring the connectome: Evidence and effects,2018,10.1016/j.neubiorev.2018.03.001,Neuroscience and Biobehavioral Reviews,adjacent_relevant,surround,False,False,93,4,False,4.0,0.6854260684895142,broker,Sophie Bennett / G. Finnerty,3,/Users/wgray13/projects/connectomics-survey/postanalysis/pdfs/files/doi_10.1016_j.neubiorev.2018.03.001.pdf
work_e30a6d4c2698e359,A Disinhibitory Circuit Motif and Flexible Information Routing in the Brain,2018,10.1016/j.conb.2018.01.002,Current Opinion in Neurobiology,role_bridge,surround,False,False,92,0,False,,,no_graph,J. Lichtman / Hanspeter Pfister,2,/Users/wgray13/projects/connectomics-survey/postanalysis/pdfs/files/doi_10.1016_j.conb.2018.01.002.pdf
work_85d1d319bbb8229c,A macaque connectome for large-scale network simulations in TheVirtualBrain,2018,10.1038/s41597-019-0129-z,Scientific Data,adjacent_relevant,surround,False,False,82,0,False,,,no_graph,K. Shen / D. Fair,4,/Users/wgray13/projects/connectomics-survey/postanalysis/pdfs/files/doi_10.1038_s41597-019-0129-z.pdf
work_4d35d34b923b60d1,"Hub connectivity, neuronal diversity, and gene expression in the Caenorhabditis elegans connectome",2018,10.1371/journal.pcbi.1005989,PLoS Comput. Biol.,core_relevant,surround,False,False,80,48,False,9.0,0.9745155295991506,broker,Olaf Sporns / B. Mišić,4,/Users/wgray13/projects/connectomics-survey/postanalysis/pdfs/files/doi_10.1371_journal.pcbi.1005989.pdf
work_c5aa0e100cacef51,Visual physiology of the layer 4 cortical circuit in silico,2018,10.1371/journal.pcbi.1006535,bioRxiv,adjacent_relevant,surround,False,False,75,2,False,2.0,0.7536501194584551,broker,Xiaoyin Chen / Yonggang Wang,30,/Users/wgray13/projects/connectomics-survey/postanalysis/pdfs/files/doi_10.1371_journal.pcbi.1006535.pdf
work_816ef4846a8b44e3,Mesoscale Connectomics,2018,10.1016/j.conb.2018.03.003,Current Opinion in Neurobiology,adjacent_relevant,surround,False,False,70,6,False,5.0,0.7780727369259357,broker,Xiaoyin Chen / Yonggang Wang,1,/Users/wgray13/projects/connectomics-survey/postanalysis/pdfs/files/doi_10.1016_j.conb.2018.03.003.pdf
work_fb4bc9a9581bb231,Whole Mouse Brain Structural Connectomics using Magnetic Resonance Histology,2018,10.1007/s00429-018-1750-x,Brain Structure and Function,adjacent_relevant,surround,False,False,68,0,False,,,no_graph,Xiaoyin Chen / Yonggang Wang,7,postanalysis/pdfs/files/doi_10.1007_s00429-018-1750-x.pdf
work_7a7ede8e181b212c,Segregated Subnetworks of Intracortical Projection Neurons in Primary Visual Cortex.,2018,10.1016/j.neuron.2018.10.023,Neuron,adjacent_relevant,surround,False,False,65,2,False,2.0,0.7621449429254048,broker,M. Helmstaedter / Winfried Denk,4,/Users/wgray13/projects/connectomics-survey/postanalysis/pdfs/files/doi_10.1016_j.neuron.2018.10.023.pdf
work_4eaf3f68c7cc6dce,Spatiotemporal ontogeny of brain wiring,2018,10.1126/sciadv.aav9694,Science Advances,adjacent_relevant,surround,False,False,62,0,False,,,no_graph,Olaf Sporns / B. Mišić,3,/Users/wgray13/projects/connectomics-survey/postanalysis/pdfs/files/doi_10.1126_sciadv.aav9694.pdf
work_fd78e90e878648d1,The effects of aging on neuropil structure in mouse somatosensory cortex—A 3D electron microscopy analysis of layer 1,2018,10.1371/journal.pone.0198131,PLoS ONE,core_relevant,surround,False,False,61,7,False,5.0,0.9564640297318822,broker,Javier DeFelipe / Michael W. Reimann,11,/Users/wgray13/projects/connectomics-survey/postanalysis/pdfs/files/doi_10.1371_journal.pone.0198131.pdf
work_2e89582f1e165cd3,Convergence of monosynaptic and polysynaptic sensory paths onto common motor outputs in a Drosophila feeding connectome,2018,10.7554/elife.40247,eLife,core_relevant,surround,False,False,57,14,False,11.0,0.8919564640297318,broker,Albert Cardona / J. Vogelstein,10,/Users/wgray13/projects/connectomics-survey/postanalysis/pdfs/files/doi_10.7554_elife.40247.pdf
work_bb38c758171f3527,NeuroMorphoVis: a collaborative framework for analysis and visualization of neuronal morphology skeletons reconstructed from microscopy stacks,2018,10.1093/bioinformatics/bty231,Bioinform.,adjacent_relevant,surround,False,False,56,0,False,,,no_graph,Javier DeFelipe / Michael W. Reimann,7,/Users/wgray13/projects/connectomics-survey/postanalysis/pdfs/files/doi_10.1093_bioinformatics_bty231.pdf
work_ca8fb7dc725d860f,Synaptic transfer between rod and cone pathways mediated by AII amacrine cells in the mouse retina,2018,10.1016/j.cub.2018.06.063,Current Biology,core_relevant,surround,False,False,53,2,False,2.0,0.718608972657287,only_in,M. Helmstaedter / Winfried Denk,6,/Users/wgray13/projects/connectomics-survey/postanalysis/pdfs/files/doi_10.1016_j.cub.2018.06.063.pdf
work_f5d846d2c23df26f,"Deficit of corpus callosum axons, reduced axon diameter and decreased area are markers of abnormal development of interhemispheric connections in autistic subjects",2018,10.1186/s40478-018-0645-7,Acta Neuropathologica Communications,adjacent_relevant,surround,False,False,51,1,False,1.0,0.8797451552959915,only_in,J. Wegiel,8,/Users/wgray13/projects/connectomics-survey/postanalysis/pdfs/files/doi_10.1186_s40478-018-0645-7.pdf
work_3af5c3b4454d1441,Domain Adaptive Segmentation In Volume Electron Microscopy Imaging,2018,10.1109/isbi.2019.8759383,IEEE International Symposium on Biomedical Imaging,adjacent_relevant,surround,False,False,49,0,False,,,no_graph,Javier DeFelipe / Michael W. Reimann,5,/Users/wgray13/projects/connectomics-survey/postanalysis/pdfs/files/doi_10.1109_isbi.2019.8759383.pdf
work_8eb544cf75eb1e58,Of what use is connectomics? A personal perspective on the Drosophila connectome,2018,10.1242/jeb.164954,Journal of Experimental Biology,role_bridge,surround,False,False,49,35,False,11.0,0.973719139899124,broker,J. Lichtman / Hanspeter Pfister,1,/Users/wgray13/projects/connectomics-survey/postanalysis/pdfs/files/doi_10.1242_jeb.164954.pdf
work_de4d7cf37dfad297,Multi-Beam Scanning Electron Microscopy for High-Throughput Imaging in Connectomics Research,2018,10.3389/fnana.2018.00112,Frontiers in Neuroanatomy,adjacent_relevant,surround,False,False,49,29,False,11.0,0.9612423679320414,broker,D. Zeidler / Lucy Ngo,2,/Users/wgray13/projects/connectomics-survey/postanalysis/pdfs/files/doi_10.3389_fnana.2018.00112.pdf
work_5aef76fa06c704a5,A Pipeline for Volume Electron Microscopy of the Caenorhabditis elegans Nervous System,2018,10.3389/fncir.2018.00094,Front. Neural Circuits,core_relevant,surround,False,False,48,25,False,11.0,0.9338996548977968,broker,J. Lichtman / Hanspeter Pfister,8,/Users/wgray13/projects/connectomics-survey/postanalysis/pdfs/files/doi_10.3389_fncir.2018.00094.pdf
work_1af9ec78dbce9759,"t-GRASP, a targeted GRASP for assessing neuronal connectivity",2018,10.1016/j.jneumeth.2018.05.014,Journal of Neuroscience Methods,adjacent_relevant,surround,False,False,47,7,False,6.0,0.8874435890629148,broker,Harold K. Shearin / R. Stowers,5,/Users/wgray13/projects/connectomics-survey/postanalysis/pdfs/files/doi_10.1016_j.jneumeth.2018.05.014.pdf
work_1e988d999cd5be4e,Neural Circuits of Sexual Behavior in Caenorhabditis elegans.,2018,10.1146/annurev-neuro-070815-014056,Annual Review of Neuroscience,core_relevant,surround,False,False,47,2,False,2.0,0.9487655959649588,broker,Oliver Hobert / Steven J. Cook,1,/Users/wgray13/projects/connectomics-survey/postanalysis/pdfs/files/doi_10.1146_annurev-neuro-070815-014056.pdf
work_3a8e55c0032e0c3d,Connectomic Identification and Three-Dimensional Color Tuning of S-OFF Midget Ganglion Cells in the Primate Retina,2018,10.1523/jneurosci.0778-19.2019,Journal of Neuroscience,core_relevant,surround,False,False,45,8,False,5.0,0.9246084417308202,broker,M. Helmstaedter / Winfried Denk,4,/Users/wgray13/projects/connectomics-survey/postanalysis/pdfs/files/doi_10.1523_jneurosci.0778-19.2019.pdf
work_5347d2a55426a9b6,Ciliary and rhabdomeric photoreceptor-cell circuits form a spectral depth gauge in marine zooplankton,2018,10.7554/elife.36440,bioRxiv,core_relevant,surround,False,False,45,9,False,7.0,0.8415184496947172,broker,Albert Cardona / J. Vogelstein,12,/Users/wgray13/projects/connectomics-survey/postanalysis/pdfs/files/doi_10.7554_elife.36440.pdf
work_726c0c1ef7c520da,"NeuTu: Software for Collaborative, Large-Scale, Segmentation-Based Connectome Reconstruction",2018,10.3389/fncir.2018.00101,Front. Neural Circuits,core_relevant,surround,False,False,45,25,False,11.0,0.9657552428988584,broker,J. Lichtman / Hanspeter Pfister,4,/Users/wgray13/projects/connectomics-survey/postanalysis/pdfs/files/doi_10.3389_fncir.2018.00101.pdf
work_82d6e0fcb7d01d1c,Volume EM Reconstruction of Spinal Cord Reveals Wiring Specificity in Speed-Related Motor Circuits.,2018,10.1016/j.celrep.2018.05.023,Cell Reports,core_relevant,surround,False,False,44,4,False,3.0,0.8831961773294399,only_in,M. Helmstaedter / Winfried Denk,4,/Users/wgray13/projects/connectomics-survey/postanalysis/pdfs/files/doi_10.1016_j.celrep.2018.05.023.pdf
work_85e90cad98b9be25,Neural circuit basis of aversive odour processing in Drosophila from sensory input to descending output,2018,10.1101/394403,,core_relevant,surround,False,False,44,8,False,8.0,0.9437217945314574,broker,H. Sebastian Seung / G. Jefferis,21,/Users/wgray13/projects/connectomics-survey/postanalysis/pdfs/files/doi_10.1101_394403.pdf
work_d1dfe00be00c93cb,Connectomics of the zebrafish's lateral-line neuromast reveals wiring and miswiring in a simple microcircuit,2018,10.7554/elife.33988,bioRxiv,core_relevant,surround,False,False,43,1,False,1.0,0.7722325457924077,only_in,E. Dow / A. Hudspeth,6,/Users/wgray13/projects/connectomics-survey/postanalysis/pdfs/files/doi_10.7554_elife.33988.pdf
work_513dc388c55b10f8,Caenorhabditis elegans excitatory ventral cord motor neurons derive rhythm for body undulation,2018,10.1098/rstb.2017.0370,Philosophical Transactions of the Royal Society B: Biological Sciences,adjacent_relevant,surround,False,False,42,0,False,,,no_graph,Xiaoyin Chen / Yonggang Wang,3,/Users/wgray13/projects/connectomics-survey/postanalysis/pdfs/files/doi_10.1098_rstb.2017.0370.pdf
work_810e10ac7d2c5311,Estimating the impact of structural directionality: How reliable are undirected connectomes?,2018,10.1162/netn_a_00040,Network Neuroscience,adjacent_relevant,surround,False,False,41,28,False,7.0,0.9660207061322008,broker,Olaf Sporns / B. Mišić,3,/Users/wgray13/projects/connectomics-survey/postanalysis/pdfs/files/doi_10.1162_netn_a_00040.pdf
work_d3260d4a80ed1193,Cross-Classification Clustering: An Efficient Multi-Object Tracking Technique for 3-D Instance Segmentation in Connectomics,2018,10.1109/cvpr.2019.00862,Computer Vision and Pattern Recognition,adjacent_relevant,surround,False,False,41,29,False,11.0,0.9450491106981684,broker,J. Lichtman / Hanspeter Pfister,7,/Users/wgray13/projects/connectomics-survey/postanalysis/pdfs/files/doi_10.1109_cvpr.2019.00862.pdf
work_4b7413fa018067cf,"Neuronal Identity: The neuron types of a simple chordate sibling, the tadpole larva of Ciona intestinalis.",2018,10.1016/j.conb.2018.10.015,Current Opinion in Neurobiology,adjacent_relevant,surround,False,False,39,4,False,3.0,0.8903636846296787,broker,Xiaoyin Chen / Yonggang Wang,2,/Users/wgray13/projects/connectomics-survey/postanalysis/pdfs/files/doi_10.1016_j.conb.2018.10.015.pdf
work_8c54f7481fa31618,A resource for the Drosophila antennal lobe provided by the connectome of glomerulus VA1v,2018,10.7554/elife.37550,eLife,core_relevant,surround,False,False,39,14,False,11.0,0.8728431112290947,broker,J. Lichtman / Hanspeter Pfister,12,/Users/wgray13/projects/connectomics-survey/postanalysis/pdfs/files/doi_10.7554_elife.37550.pdf
work_85dc631f2a56b21e,Sexually dimorphic unc-6/Netrin expression controls sex-specific maintenance of synaptic connectivity,2018,10.1016/j.cub.2018.01.002,Current Biology,adjacent_relevant,surround,False,False,38,1,False,1.0,0.7271037961242368,only_in,Oliver Hobert / Steven J. Cook,4,/Users/wgray13/projects/connectomics-survey/postanalysis/pdfs/files/doi_10.1016_j.cub.2018.01.002.pdf
work_800bea12e5b9660d,Caenorhabditis elegans and the network control framework—FAQs,2018,10.1098/rstb.2017.0372,Philosophical Transactions of the Royal Society B: Biological Sciences,adjacent_relevant,surround,False,False,37,6,False,5.0,0.9078842580302628,broker,Oliver Hobert / Steven J. Cook,7,/Users/wgray13/projects/connectomics-survey/postanalysis/pdfs/files/doi_10.1098_rstb.2017.0372.pdf
work_c671c689a7c0f659,"Neuropeptides encoded by nlp-49 modulate locomotion, arousal and egg-laying behaviours in Caenorhabditis elegans via the receptor SEB-3",2018,10.1098/rstb.2017.0368,Philosophical Transactions of the Royal Society B: Biological Sciences,adjacent_relevant,surround,False,False,37,10,False,6.0,0.9323068754977436,broker,Oliver Hobert / Steven J. Cook,5,/Users/wgray13/projects/connectomics-survey/postanalysis/pdfs/files/doi_10.1098_rstb.2017.0368.pdf
work_cccecad214653fb7,Sensorimotor integration in Caenorhabditis elegans: a reappraisal towards dynamic and distributed computations,2018,10.1098/rstb.2017.0371,Philosophical Transactions of the Royal Society B: Biological Sciences,adjacent_relevant,surround,False,False,37,0,False,,,no_graph,Oliver Hobert / Steven J. Cook,3,/Users/wgray13/projects/connectomics-survey/postanalysis/pdfs/files/doi_10.1098_rstb.2017.0371.pdf
work_7c0dbfe2630320dd,Comparative Primate Connectomics,2018,10.1159/000488886,"Brain, Behavior and Evolution",adjacent_relevant,surround,False,False,35,0,False,,,no_graph,Olaf Sporns / B. Mišić,2,/Users/wgray13/projects/connectomics-survey/postanalysis/pdfs/files/doi_10.1159_000488886.pdf
work_7af331d8bd9da513,Increasing Electrical Stimulation Efficacy in Degenerated Retina: Stimulus Waveform Design in a Multiscale Computational Model,2018,10.1109/tnsre.2018.2832055,IEEE transactions on neural systems and rehabilitation engineering,adjacent_relevant,surround,False,False,33,2,False,2.0,0.7719670825590655,broker,James R. Anderson / Bryan William Jones,6,/Users/wgray13/projects/connectomics-survey/postanalysis/pdfs/files/doi_10.1109_tnsre.2018.2832055.pdf
work_8c996063abb76253,"FluoEM, virtual labeling of axons in three-dimensional electron microscopy data for long-range connectomics",2018,10.7554/elife.38976,eLife,core_relevant,surround,False,False,31,11,False,9.0,0.8494823466949828,broker,M. Helmstaedter / Winfried Denk,4,/Users/wgray13/projects/connectomics-survey/postanalysis/pdfs/files/doi_10.7554_elife.38976.pdf
work_821224fc69c175d5,Geppetto: a reusable modular open platform for exploring neuroscience data and models,2018,10.1098/rstb.2017.0380,Philosophical Transactions of the Royal Society B: Biological Sciences,role_bridge,surround,False,False,30,0,False,,,no_graph,Bradly Alicea / Matteo Cantarelli,10,/Users/wgray13/projects/connectomics-survey/postanalysis/pdfs/files/doi_10.1098_rstb.2017.0380.pdf
work_a492bc69201dabab,Automatic navigation system for the mouse brain,2018,10.1002/cne.24635,bioRxiv,adjacent_relevant,surround,False,False,28,0,False,,,no_graph,Xiaoyin Chen / Yonggang Wang,11,/Users/wgray13/projects/connectomics-survey/postanalysis/pdfs/files/doi_10.1002_cne.24635.pdf
work_7ed8d73ae2a0bf85,Analyzing Image Segmentation for Connectomics,2018,10.3389/fncir.2018.00102,Front. Neural Circuits,core_relevant,surround,False,False,26,15,False,11.0,0.8826652508627555,broker,J. Lichtman / Hanspeter Pfister,2,/Users/wgray13/projects/connectomics-survey/postanalysis/pdfs/files/doi_10.3389_fncir.2018.00102.pdf
work_e4ccbb28296db5fd,A Single-Cell Level and Connectome-Derived Computational Model of the Drosophila Brain,2018,10.3389/fninf.2018.00099,bioRxiv,adjacent_relevant,surround,False,False,26,13,False,7.0,0.9060260153968676,broker,Xiaoyin Chen / Yonggang Wang,7,/Users/wgray13/projects/connectomics-survey/postanalysis/pdfs/files/doi_10.3389_fninf.2018.00099.pdf
work_14854a717397137b,Strategies for assembling columns and layers in the Drosophila visual system,2018,10.1186/s13064-018-0106-9,Neural Development,adjacent_relevant,surround,False,False,24,2,False,2.0,0.6907353331563578,broker,J. Lichtman / Hanspeter Pfister,2,/Users/wgray13/projects/connectomics-survey/postanalysis/pdfs/files/doi_10.1186_s13064-018-0106-9.pdf
work_5612dfe54fad9918,Multidimensional Connectomics and Treatment-Resistant Schizophrenia: Linking Phenotypic Circuits to Targeted Therapeutics,2018,10.3389/fpsyt.2018.00537,Frontiers in Psychiatry,role_bridge,surround,False,False,24,5,False,2.0,0.8752322803291744,broker,Mary-Anne B. MacKay / S. Dursun,6,/Users/wgray13/projects/connectomics-survey/postanalysis/pdfs/files/doi_10.3389_fpsyt.2018.00537.pdf
work_e6ba1120353d949e,Tracing in 2D to Reduce the Annotation Effort for 3D Deep Delineation,2018,10.1016/j.media.2019.101590,Medical Image Anal.,role_bridge,surround,False,False,24,0,False,,,no_graph,Javier DeFelipe / Michael W. Reimann,4,/Users/wgray13/projects/connectomics-survey/postanalysis/pdfs/files/doi_10.1016_j.media.2019.101590.pdf
work_e800b66bb72f8f5f,Cellular switches orchestrate rhythmic circuits,2018,10.1007/s00422-018-0778-6,Biological cybernetics,adjacent_relevant,surround,False,False,24,1,False,1.0,0.8354127953278471,only_in,Alessio Franci / G. Drion,3,/Users/wgray13/projects/connectomics-survey/postanalysis/pdfs/files/doi_10.1007_s00422-018-0778-6.pdf
work_1d55827a54abb8bd,Schaffer Collateral Inputs to CA1 Excitatory and Inhibitory Neurons Follow Different Connectivity Rules,2018,10.1523/jneurosci.0155-18.2018,Journal of Neuroscience,adjacent_relevant,surround,False,False,23,4,False,4.0,0.6986992301566233,broker,Xiaoyin Chen / Yonggang Wang,4,/Users/wgray13/projects/connectomics-survey/postanalysis/pdfs/files/doi_10.1523_jneurosci.0155-18.2018.pdf
work_45c2bb988725056f,Three-dimensional simulation of the Caenorhabditis elegans body and muscle cells in liquid and gel environments for behavioural analysis,2018,10.1098/rstb.2017.0376,Philosophical Transactions of the Royal Society B: Biological Sciences,adjacent_relevant,surround,False,False,23,0,False,,,no_graph,Bradly Alicea / Matteo Cantarelli,3,/Users/wgray13/projects/connectomics-survey/postanalysis/pdfs/files/doi_10.1098_rstb.2017.0376.pdf
work_812f29e1e804830c,NeuroCave: A web-based immersive visualization platform for exploring connectome datasets,2018,10.1162/netn_a_00044,Network Neuroscience,role_bridge,surround,False,False,23,0,False,,,no_graph,Xiaoyin Chen / Yonggang Wang,5,/Users/wgray13/projects/connectomics-survey/postanalysis/pdfs/files/doi_10.1162_netn_a_00044.pdf
work_22a069f788d55d8d,The Allen Brain Atlas as a Resource for Teaching Undergraduate Neuroscience.,2018,,"Journal of undergraduate neuroscience education : JUNE : a publication of FUN, Faculty for Undergraduate Neuroscience",role_bridge,surround,False,False,22,0,False,,,no_graph,Terri L. Gilbert,1,/Users/wgray13/projects/connectomics-survey/postanalysis/pdfs/files/pmid_30254541.pdf
work_7d109ac5ec7ba974,Functional connectomics from neural dynamics: probabilistic graphical models for neuronal network of Caenorhabditis elegans,2018,10.1098/rstb.2017.0377,Philosophical Transactions of the Royal Society B: Biological Sciences,adjacent_relevant,surround,False,False,22,0,False,,,no_graph,Xiaoyin Chen / Yonggang Wang,3,/Users/wgray13/projects/connectomics-survey/postanalysis/pdfs/files/doi_10.1098_rstb.2017.0377.pdf
work_f6d37f1af73ffaef,Clues to basis of exploratory behaviour of the C. elegans snout from head somatotropy,2018,10.1098/rstb.2017.0367,Philosophical Transactions of the Royal Society B: Biological Sciences,adjacent_relevant,surround,False,False,20,0,False,,,no_graph,Oliver Hobert / Steven J. Cook,1,/Users/wgray13/projects/connectomics-survey/postanalysis/pdfs/files/doi_10.1098_rstb.2017.0367.pdf
work_07c7b0397ccdb7f6,Heterocellular Coupling Between Amacrine Cells and Ganglion Cells,2018,10.3389/fncir.2018.00090,bioRxiv,adjacent_relevant,surround,False,False,18,3,False,3.0,0.6795858773559862,broker,James R. Anderson / Bryan William Jones,6,/Users/wgray13/projects/connectomics-survey/postanalysis/pdfs/files/doi_10.3389_fncir.2018.00090.pdf
work_0a5d0f7d668ab071,The Worm Connectome: Back to the Future.,2018,10.1016/j.tins.2018.09.002,Trends in Neurosciences,adjacent_relevant,surround,False,False,18,4,False,4.0,0.7289620387576321,broker,Oliver Hobert / Steven J. Cook,1,/Users/wgray13/projects/connectomics-survey/postanalysis/pdfs/files/doi_10.1016_j.tins.2018.09.002.pdf
work_0e238b06daf60ae4,Effective automated pipeline for 3D reconstruction of synapses based on deep learning,2018,10.1186/s12859-018-2232-0,BMC Bioinformatics,core_relevant,surround,False,False,18,4,False,4.0,0.7762144942925405,broker,Xiaoyin Chen / Yonggang Wang,7,/Users/wgray13/projects/connectomics-survey/postanalysis/pdfs/files/doi_10.1186_s12859-018-2232-0.pdf
work_6fefee1e1bf17068,Fast Mitochondria Segmentation for Connectomics,2018,,arXiv.org,core_relevant,surround,False,False,18,3,False,3.0,0.6275550836209185,only_out,J. Lichtman / Hanspeter Pfister,4,/Users/wgray13/projects/connectomics-survey/postanalysis/pdfs/files/arxiv_1812.06024.pdf
work_7fce0617a583457f,Robust Associative Learning Is Sufficient to Explain the Structural and Dynamical Properties of Local Cortical Circuits,2018,10.1523/jneurosci.3218-18.2019,Journal of Neuroscience,adjacent_relevant,surround,False,False,18,1,False,1.0,0.7132997079904433,only_in,Xiaoyin Chen / Yonggang Wang,3,/Users/wgray13/projects/connectomics-survey/postanalysis/pdfs/files/doi_10.1523_jneurosci.3218-18.2019.pdf
work_defa2a69fe777671,Volumetric reconstruction of main Caenorhabditis elegans neuropil at two different time points,2018,10.1101/485771,,core_relevant,surround,False,False,18,5,False,5.0,0.8330236262277675,broker,Oliver Hobert / Steven J. Cook,5,/Users/wgray13/projects/connectomics-survey/postanalysis/pdfs/files/doi_10.1101_485771.pdf
work_e69d67566d2e09de,A Proposed Mechanism for Spontaneous Transitions between Interictal and Ictal Activity,2018,10.1523/jneurosci.0719-17.2018,Journal of Neuroscience,adjacent_relevant,surround,False,False,18,1,False,1.0,0.2190071675073002,only_out,Xiaoyin Chen / Yonggang Wang,6,postanalysis/pdfs/files/doi_10.1523_jneurosci.0719-17.2018.pdf
work_14715d8bc1c76d41,Synaptic partner prediction from point annotations in insect brains,2018,10.1007/978-3-030-00934-2_35,International Conference on Medical Image Computing and Computer-Assisted Intervention,core_relevant,surround,False,False,17,7,False,7.0,0.9161136182638704,broker,M. Helmstaedter / Winfried Denk,7,/Users/wgray13/projects/connectomics-survey/postanalysis/pdfs/files/doi_10.1007_978-3-030-00934-2_35.pdf
work_2722e2d5037a3f42,Normalised degree variance,2018,10.1007/s41109-020-00273-3,Applied Network Science,role_bridge,surround,False,False,17,0,False,,,no_graph,Keith M. Smith / J. Escudero,2,/Users/wgray13/projects/connectomics-survey/postanalysis/pdfs/files/doi_10.1007_s41109-020-00273-3.pdf
work_8f2ad7a7d6c55a54,Guided graph spectral embedding: Application to the C. elegans connectome,2018,10.1162/netn_a_00084,Network Neuroscience,core_relevant,surround,False,False,17,10,False,4.0,0.9508893018316964,broker,D. Ville / M. Preti,5,/Users/wgray13/projects/connectomics-survey/postanalysis/pdfs/files/doi_10.1162_netn_a_00084.pdf
work_6a858df52678b5b3,Combining mGRASP and Optogenetics Enables High-Resolution Functional Mapping of Descending Cortical Projections,2018,10.1016/j.celrep.2018.06.076,Cell Reports,adjacent_relevant,surround,False,False,16,2,False,2.0,0.7172816564905761,broker,Xiaoyin Chen / Yonggang Wang,8,/Users/wgray13/projects/connectomics-survey/postanalysis/pdfs/files/doi_10.1016_j.celrep.2018.06.076.pdf
work_81da438199f08eec,Joint Deformable Registration of Large EM Image Volumes: A Matrix Solver Approach,2018,,arXiv.org,core_relevant,surround,False,False,16,14,False,10.0,0.9381470666312716,broker,J. Lichtman / Hanspeter Pfister,3,/Users/wgray13/projects/connectomics-survey/postanalysis/pdfs/files/arxiv_1804.10019.pdf
work_e84ef641502e9841,Robust neural circuit reconstruction from serial electron microscopy with convolutional recurrent networks,2018,,arXiv.org,core_relevant,surround,False,False,16,9,False,6.0,0.8704539421290152,broker,M. Helmstaedter / Winfried Denk,4,/Users/wgray13/projects/connectomics-survey/postanalysis/pdfs/files/arxiv_1811.11356.pdf
work_00f9b510d0a91b47,Detecting Synapse Location and Connectivity by Signed Proximity Estimation and Pruning with Deep Nets,2018,10.1007/978-3-030-11024-6_25,ECCV Workshops,core_relevant,surround,False,False,14,8,False,8.0,0.8550570745951686,broker,J. Lichtman / Hanspeter Pfister,8,/Users/wgray13/projects/connectomics-survey/postanalysis/pdfs/files/doi_10.1007_978-3-030-11024-6_25.pdf
work_2053a4edc9ac5a70,Emulation of chemical stimulus triggered head movement in the C. elegans nematode,2018,10.1016/j.neucom.2018.02.024,Neurocomputing,core_relevant,surround,False,False,13,1,False,1.0,0.774090788425803,only_in,Javier DeFelipe / Michael W. Reimann,9,/Users/wgray13/projects/connectomics-survey/postanalysis/pdfs/files/doi_10.1016_j.neucom.2018.02.024.pdf
work_ce17e09a6e3fc0d4,"Cross-Species Evidence of Interplay Between Neural Connectivity at the Micro- and Macroscale of Connectome Organization in Human, Mouse, and Rat Brain",2018,10.1089/brain.2018.0622,Brain Connectivity,adjacent_relevant,surround,False,False,13,5,False,5.0,0.7101141491903371,broker,Olaf Sporns / B. Mišić,3,/Users/wgray13/projects/connectomics-survey/postanalysis/pdfs/files/doi_10.1089_brain.2018.0622.pdf
work_eada8ed09ddd9307,Methods for Mapping Neuronal Activity to Synaptic Connectivity: Lessons From Larval Zebrafish,2018,10.3389/fncir.2018.00089,Front. Neural Circuits,adjacent_relevant,surround,False,False,11,5,False,5.0,0.9248739049641624,broker,M. Helmstaedter / Winfried Denk,2,/Users/wgray13/projects/connectomics-survey/postanalysis/pdfs/files/doi_10.3389_fncir.2018.00089.pdf
work_c651e11769e268da,An Adversarial and Densely Dilated Network for Connectomes Segmentation,2018,10.3390/sym10100467,Symmetry,core_relevant,surround,False,False,8,6,False,5.0,0.2593575789753119,only_out,Xiaoyin Chen / Yonggang Wang,4,/Users/wgray13/projects/connectomics-survey/postanalysis/pdfs/files/doi_10.3390_sym10100467.pdf
work_50251da9874c88ce,Multilayer adaptive networks in neuronal processing,2018,10.1140/epjst/e2018-800037-y,The European Physical Journal Special Topics,adjacent_relevant,surround,False,False,6,9,False,6.0,0.5264135917175471,only_out,Adrián Hernández / J. Amigó,2,/Users/wgray13/projects/connectomics-survey/postanalysis/pdfs/files/doi_10.1140_epjst_e2018-800037-y.pdf
work_87d28c8980f8ca9b,Maggot Instructor: Semi-Automated Analysis of Learning and Memory in Drosophila Larvae,2018,10.3389/fpsyg.2018.01010,Frontiers in Psychology,adjacent_relevant,surround,False,False,6,1,False,1.0,0.2678524024422617,only_out,Albert Cardona / J. Vogelstein,3,/Users/wgray13/projects/connectomics-survey/postanalysis/pdfs/files/doi_10.3389_fpsyg.2018.01010.pdf
work_5c5d92bdd3c97984,Learning neural connectivity from firing activity: efficient algorithms with provable guarantees on topology,2018,10.1007/s10827-018-0678-8,Journal of Computational Neuroscience,adjacent_relevant,surround,False,False,5,3,False,2.0,0.3076718874435891,only_out,Amin Karbasi / M. Vetterli,3,/Users/wgray13/projects/connectomics-survey/postanalysis/pdfs/files/doi_10.1007_s10827-018-0678-8.pdf
work_ab5ed7d2da38a631,From Matrices to Knowledge: Using Semantic Networks to Annotate the Connectome,2018,10.3389/fnana.2018.00111,Frontiers in Neuroanatomy,adjacent_relevant,surround,False,False,5,0,False,,,no_graph,Sebastian J. Kopetzky / Markus Butz-Ostendorf,2,/Users/wgray13/projects/connectomics-survey/postanalysis/pdfs/files/doi_10.3389_fnana.2018.00111.pdf
work_d90f43209def3e2b,Structure-based Intensity Propagation for 3D Brain Reconstruction with Multilayer Section Microscopy,2018,10.1109/tmi.2018.2878488,IEEE Transactions on Medical Imaging,role_bridge,surround,False,False,5,0,False,,,no_graph,Haoyi Liang / D. Weller,4,/Users/wgray13/projects/connectomics-survey/postanalysis/pdfs/files/doi_10.1109_tmi.2018.2878488.pdf
work_73f655c300b2c7a4,"Verifying, Challenging, and Discovering New Synapses Among Fully EM-Reconstructed Neurons in the Leech Ganglion",2018,10.3389/fnana.2018.00095,bioRxiv,core_relevant,surround,False,False,3,16,False,11.0,0.0361029997345367,only_out,Xiaoyin Chen / Yonggang Wang,4,/Users/wgray13/projects/connectomics-survey/postanalysis/pdfs/files/doi_10.3389_fnana.2018.00095.pdf
work_75c6fb7f1776db5a,Analysis Tools for Large Connectomes,2018,10.3389/fncir.2018.00085,Front. Neural Circuits,adjacent_relevant,surround,False,False,3,6,False,5.0,0.5845500398194851,only_out,J. Lichtman / Hanspeter Pfister,1,/Users/wgray13/projects/connectomics-survey/postanalysis/pdfs/files/doi_10.3389_fncir.2018.00085.pdf
work_c6c7c7be755bd0ff,Eigenvector-based community detection for identifying information hubs in neuronal networks,2018,10.1101/457143,bioRxiv,role_bridge,surround,False,False,3,0,False,,,no_graph,Xiaoyin Chen / Yonggang Wang,2,/Users/wgray13/projects/connectomics-survey/postanalysis/pdfs/files/doi_10.1101_457143.pdf
work_324fa11700fbfc52,Breaking Barriers of FIB-SEM for Large Volume Connectomics and Cell Biology,2018,10.1017/s1431927618006621,Microscopy and Microanalysis,core_relevant,surround,False,False,1,1,False,1.0,0.2628086010087603,only_out,J. Lichtman / Hanspeter Pfister,5,postanalysis/pdfs/files/doi_10.1017_s1431927618006621.pdf
work_c1f1de8c92a47673,Vocal motor experiences consolidate the vocal motor circuitry and accelerate future vocal skill development,2018,10.1101/440388,,adjacent_relevant,surround,False,False,1,1,False,1.0,0.1247677196708255,only_out,M. Vellema / Mariana Diales Rocha,9,/Users/wgray13/projects/connectomics-survey/postanalysis/pdfs/files/doi_10.1101_440388.pdf
work_caded82b4ff6f38b,The Feeding Connectome: Convergence of Monosynaptic and Polysynaptic Sensory Paths onto Common Motor Outputs,2018,10.1101/368878,bioRxiv,core_relevant,surround,False,False,1,6,False,6.0,0.2253782851075126,only_out,Albert Cardona / J. Vogelstein,10,/Users/wgray13/projects/connectomics-survey/postanalysis/pdfs/files/doi_10.1101_368878.pdf
work_a5f954f4563fcfc9,Flexible Learning-Free Segmentation and Reconstruction for Sparse Neuronal Circuit Tracing,2018,10.1101/278515,bioRxiv,core_relevant,surround,False,False,0,0,False,,,no_graph,Xiaoyin Chen / Yonggang Wang,12,/Users/wgray13/projects/connectomics-survey/postanalysis/pdfs/files/doi_10.1101_278515.pdf
work_bb8d8f33589a21a6,Functional Connectomics in C. elegans,2018,10.20944/preprints201811.0038.v1,,adjacent_relevant,surround,False,False,0,9,False,5.0,0.4491637908149721,only_out,Elizabeth M. DiLoreto / Christopher Chute,4,/Users/wgray13/projects/connectomics-survey/postanalysis/pdfs/files/doi_10.20944_preprints201811.0038.v1.pdf
work_8b8134900025d035,Cell biology of astrocyte-synapse interactions,2017,10.1016/j.neuron.2017.09.056,Neuron,adjacent_relevant,surround,False,False,869,1,False,1.0,0.7509954871250332,only_in,C. Eroglu / W. C. Risher,2,/Users/wgray13/projects/connectomics-survey/postanalysis/pdfs/files/doi_10.1016_j.neuron.2017.09.056.pdf
work_e0e948e508cda1e4,Suggestive Annotation: A Deep Active Learning Framework for Biomedical Image Segmentation,2017,10.1007/978-3-319-66179-7_46,International Conference on Medical Image Computing and Computer-Assisted Intervention,role_bridge,surround,False,False,565,0,False,,,no_graph,Xiaoyin Chen / Yonggang Wang,5,/Users/wgray13/projects/connectomics-survey/postanalysis/pdfs/files/doi_10.1007_978-3-319-66179-7_46.pdf
work_154b100f4204e27c,Optimal degrees of synaptic connectivity,2017,10.1016/j.neuron.2017.01.030,Neuron,adjacent_relevant,surround,False,False,345,9,False,7.0,0.930183169631006,only_in,Albert Cardona / J. Vogelstein,7,/Users/wgray13/projects/connectomics-survey/postanalysis/pdfs/files/doi_10.1016_j.neuron.2017.01.030.pdf
work_0b58677ca30e94c9,Statistical Inference on Random Dot Product Graphs: a Survey,2017,,Journal of machine learning research,role_bridge,surround,False,False,292,0,False,,,no_graph,Albert Cardona / J. Vogelstein,10,/Users/wgray13/projects/connectomics-survey/postanalysis/pdfs/files/arxiv_1709.05454.pdf
work_60a930908d22f374,Pyramidal cell-interneuron circuit architecture and dynamics in hippocampal networks,2017,10.1016/j.neuron.2017.09.033,Neuron,adjacent_relevant,surround,False,False,251,1,False,1.0,0.7924077515264136,only_in,Xiaoyin Chen / Yonggang Wang,6,/Users/wgray13/projects/connectomics-survey/postanalysis/pdfs/files/doi_10.1016_j.neuron.2017.09.033.pdf
work_b8ae78f1fd8ae67a,Synaptic organization of visual space in primary visual cortex,2017,10.1038/nature23019,Nature,adjacent_relevant,surround,False,False,213,4,False,4.0,0.8168303689938944,broker,M. Helmstaedter / Winfried Denk,3,/Users/wgray13/projects/connectomics-survey/postanalysis/pdfs/files/doi_10.1038_nature23019.pdf
work_25acfacf034337ac,Toward a neurocentric view of learning,2017,10.1016/j.neuron.2017.05.021,Neuron,adjacent_relevant,surround,False,False,187,1,False,1.0,0.7257764799575259,only_in,N. Brunel / Heather K Titley,3,/Users/wgray13/projects/connectomics-survey/postanalysis/pdfs/files/doi_10.1016_j.neuron.2017.05.021.pdf
work_872019d711145384,The comprehensive connectome of a neural substrate for ‘ON’ motion detection in Drosophila,2017,10.7554/elife.24394,eLife,core_relevant,surround,False,False,184,17,False,11.0,0.9617732943987258,broker,J. Lichtman / Hanspeter Pfister,6,/Users/wgray13/projects/connectomics-survey/postanalysis/pdfs/files/doi_10.7554_elife.24394.pdf
work_7c9431dcfcc3ff31,webKnossos: efficient online 3D data annotation for connectomics,2017,10.1038/nmeth.4331,Nature Methods,core_relevant,surround,False,False,180,0,False,,,no_graph,M. Helmstaedter / Winfried Denk,14,/Users/wgray13/projects/connectomics-survey/postanalysis/pdfs/files/doi_10.1038_nmeth.4331.pdf
work_3cf5d4c3be86004c,A Semiparametric Two-Sample Hypothesis Testing Problem for Random Graphs,2017,10.1080/10618600.2016.1193505,,adjacent_relevant,surround,False,False,159,0,False,,,no_graph,Albert Cardona / J. Vogelstein,6,postanalysis/pdfs/files/doi_10.1080_10618600.2016.1193505.pdf
work_fcea4967fb2a807b,Sparse synaptic connectivity is required for decorrelation and pattern separation in feedforward networks,2017,10.1038/s41467-017-01109-y,Nature Communications,adjacent_relevant,surround,False,False,156,1,False,1.0,0.6894080169896469,only_in,Bradly Alicea / Matteo Cantarelli,3,/Users/wgray13/projects/connectomics-survey/postanalysis/pdfs/files/doi_10.1038_s41467-017-01109-y.pdf
work_6c16ccac03d903e6,Automated synaptic connectivity inference for volume electron microscopy,2017,10.1038/nmeth.4206,Nature Methods,core_relevant,surround,False,False,138,28,False,11.0,0.9763737722325458,broker,M. Helmstaedter / Winfried Denk,7,/Users/wgray13/projects/connectomics-survey/postanalysis/pdfs/files/doi_10.1038_nmeth.4206.pdf
work_b0f4170db02ee937,Role of Graph Architecture in Controlling Dynamical Networks with Applications to Neural Systems,2017,10.1038/nphys4268,Nature Physics,adjacent_relevant,surround,False,False,137,0,False,,,no_graph,Albert Cardona / J. Vogelstein,6,/Users/wgray13/projects/connectomics-survey/postanalysis/pdfs/files/doi_10.1038_nphys4268.pdf
work_4deb27b42801f710,"Proximodistal heterogeneity of hippocampal CA3 pyramidal neuron intrinsic properties, connectivity and reactivation during memory recall",2017,10.1016/j.neuron.2017.07.012,Neuron,adjacent_relevant,surround,False,False,133,2,False,2.0,0.7454207592248474,only_in,Xiaoyin Chen / Yonggang Wang,6,/Users/wgray13/projects/connectomics-survey/postanalysis/pdfs/files/doi_10.1016_j.neuron.2017.07.012.pdf
work_a35b2a0f4328b341,Skull optical clearing window for in vivo imaging of the mouse cortex at synaptic resolution,2017,10.1038/lsa.2017.153,Light: Science & Applications,adjacent_relevant,surround,False,False,128,0,False,0.0,0.0222989116007432,isolate,Xiaoyin Chen / Yonggang Wang,7,/Users/wgray13/projects/connectomics-survey/postanalysis/pdfs/files/doi_10.1038_lsa.2017.153.pdf
work_f144bf9a5935462c,Micro-connectomics: probing the organization of neuronal networks at the cellular scale,2017,10.1038/nrn.2016.182,Nature Reviews Neuroscience,adjacent_relevant,surround,False,False,117,19,False,11.0,0.9232811255641094,broker,Oliver Hobert / Steven J. Cook,3,/Users/wgray13/projects/connectomics-survey/postanalysis/pdfs/files/doi_10.1038_nrn.2016.182.pdf
work_61b9f3ef5f831055,Mechanisms of Connectome Development.,2017,10.1016/j.tics.2017.05.010,Trends in Cognitive Sciences,adjacent_relevant,surround,False,False,96,6,False,5.0,0.8099283249269976,broker,Marcus Kaiser / Sreedevi Varier,1,/Users/wgray13/projects/connectomics-survey/postanalysis/pdfs/files/doi_10.1016_j.tics.2017.05.010.pdf
work_c1722fdc8b5a9189,Efferents of anterior cingulate areas 24a and 24b and midcingulate areas 24aʹ and 24bʹ in the mouse,2017,10.1007/s00429-017-1585-x,Brain Structure and Function,adjacent_relevant,surround,False,False,94,1,False,1.0,0.0873374037695779,only_out,C. Fillinger / P. Veinante,4,/Users/wgray13/projects/connectomics-survey/postanalysis/pdfs/files/doi_10.1007_s00429-017-1585-x.pdf
work_caed8e9015be8439,Conserved neural circuit structure across Drosophila larval development revealed by comparative connectomics,2017,10.1101/143727,bioRxiv,core_relevant,surround,False,False,90,37,False,11.0,0.97690469869923,broker,H. Sebastian Seung / G. Jefferis,5,/Users/wgray13/projects/connectomics-survey/postanalysis/pdfs/files/doi_10.1101_143727.pdf
work_fbbefa269e5d69ec,EM connectomics reveals axonal target variation in a sequence-generating network,2017,10.7554/elife.24364,eLife,core_relevant,surround,False,False,86,28,False,11.0,0.9806211839660208,broker,M. Helmstaedter / Winfried Denk,8,/Users/wgray13/projects/connectomics-survey/postanalysis/pdfs/files/doi_10.7554_elife.24364.pdf
work_94ff9e171c976c2c,Synaptic and peptidergic connectome of a neurosecretory center in the annelid brain,2017,10.7554/elife.26349,eLife,core_relevant,surround,False,False,80,28,False,11.0,0.9511547650650384,broker,Albert Cardona / J. Vogelstein,8,/Users/wgray13/projects/connectomics-survey/postanalysis/pdfs/files/doi_10.7554_elife.26349.pdf
work_234f011d0b64af9d,Scalable volumetric imaging for ultrahigh-speed brain mapping at synaptic resolution,2017,10.1093/nsr/nwz053,bioRxiv,adjacent_relevant,surround,False,False,69,1,False,1.0,0.5617202017520574,only_out,Xiaoyin Chen / Yonggang Wang,22,/Users/wgray13/projects/connectomics-survey/postanalysis/pdfs/files/doi_10.1093_nsr_nwz053.pdf
work_b5c2e87af273e9a7,Multi-stage Multi-recursive-input Fully Convolutional Networks for Neuronal Boundary Detection,2017,10.1109/iccv.2017.262,IEEE International Conference on Computer Vision,core_relevant,surround,False,False,66,7,False,6.0,0.8707194053623574,broker,Xiaoyin Chen / Yonggang Wang,5,/Users/wgray13/projects/connectomics-survey/postanalysis/pdfs/files/doi_10.1109_iccv.2017.262.pdf
work_7f1202eef0e8289e,"SynEM, automated synapse detection for connectomics",2017,10.7554/elife.26414,eLife,core_relevant,surround,False,False,64,0,False,,,no_graph,M. Helmstaedter / Winfried Denk,6,/Users/wgray13/projects/connectomics-survey/postanalysis/pdfs/files/doi_10.7554_elife.26414.pdf
work_053a6d2ad8e9d69a,An intersectional gene regulatory strategy defines subclass diversity of C. elegans motor neurons,2017,10.7554/elife.25751,eLife,adjacent_relevant,surround,False,False,53,1,False,1.0,0.5726041943190868,only_out,Oliver Hobert / Steven J. Cook,12,/Users/wgray13/projects/connectomics-survey/postanalysis/pdfs/files/doi_10.7554_elife.25751.pdf
work_6a3a8e971190fafd,Mapping and Analysis of the Connectome of Sympathetic Premotor Neurons in the Rostral Ventrolateral Medulla of the Rat Using a Volumetric Brain Atlas,2017,10.3389/fncir.2017.00009,Front. Neural Circuits,adjacent_relevant,surround,False,False,52,3,False,3.0,0.8115211043270507,broker,M. Helmstaedter / Winfried Denk,11,/Users/wgray13/projects/connectomics-survey/postanalysis/pdfs/files/doi_10.3389_fncir.2017.00009.pdf
work_ad4d87e6341de8b6,An Error Detection and Correction Framework for Connectomics,2017,,Neural Information Processing Systems,core_relevant,surround,False,False,51,28,False,11.0,0.962038757632068,broker,H. Sebastian Seung / G. Jefferis,4,/Users/wgray13/projects/connectomics-survey/postanalysis/pdfs/files/arxiv_1708.02599.pdf
work_9bbd63f1aa177d2c,Learning from connectomics on the fly.,2017,10.1016/j.cois.2017.09.011,Current Opinion in Insect Science,adjacent_relevant,surround,False,False,47,38,False,11.0,0.9715954340323864,broker,H. Sebastian Seung / G. Jefferis,3,/Users/wgray13/projects/connectomics-survey/postanalysis/pdfs/files/doi_10.1016_j.cois.2017.09.011.pdf
work_ca230af7d754805e,"Structural and functional, empirical and modeled connectivity in the cerebral cortex of the rat",2017,10.1016/j.neuroimage.2017.07.046,NeuroImage,adjacent_relevant,surround,False,False,44,0,False,,,no_graph,Olaf Sporns / B. Mišić,5,/Users/wgray13/projects/connectomics-survey/postanalysis/pdfs/files/doi_10.1016_j.neuroimage.2017.07.046.pdf
work_50d4ca5184367aa3,Q&A: Why use synchrotron x-ray tomography for multi-scale connectome mapping?,2017,10.1186/s12915-017-0461-8,BMC Biology,adjacent_relevant,surround,False,False,42,0,False,0.0,0.5250862755508362,isolate,James R. Anderson / Bryan William Jones,3,/Users/wgray13/projects/connectomics-survey/postanalysis/pdfs/files/doi_10.1186_s12915-017-0461-8.pdf
work_d63b7e8e8a10ac20,Identified Serotonergic Modulatory Neurons Have Heterogeneous Synaptic Connectivity within the Olfactory System of Drosophila,2017,10.1523/jneurosci.0192-17.2017,Journal of Neuroscience,adjacent_relevant,surround,False,False,41,3,False,3.0,0.7730289354924343,broker,M. Helmstaedter / Winfried Denk,7,/Users/wgray13/projects/connectomics-survey/postanalysis/pdfs/files/doi_10.1523_jneurosci.0192-17.2017.pdf
work_f4edb80932b50e64,Using high-throughput barcode sequencing to efficiently map connectomes,2017,10.1093/nar/gkx292,bioRxiv,adjacent_relevant,surround,False,False,41,2,False,2.0,0.3689938943456331,only_out,Xiaoyin Chen / Yonggang Wang,9,/Users/wgray13/projects/connectomics-survey/postanalysis/pdfs/files/doi_10.1093_nar_gkx292.pdf
work_83e89a4273c66762,Predictive Model of Spread of Progressive Supranuclear Palsy Using Directional Network Diffusion,2017,10.3389/fneur.2017.00692,Frontiers in Neurology,adjacent_relevant,surround,False,False,40,2,False,2.0,0.7998407220599947,broker,Xiaoyin Chen / Yonggang Wang,3,/Users/wgray13/projects/connectomics-survey/postanalysis/pdfs/files/doi_10.3389_fneur.2017.00692.pdf
work_6f4d01222606c947,Neuromodulatory connectivity defines the structure of a behavioral neural network,2017,10.7554/elife.29797,eLife,adjacent_relevant,surround,False,False,33,1,False,1.0,0.8316963100610566,only_in,Feici Diao / B. White,5,/Users/wgray13/projects/connectomics-survey/postanalysis/pdfs/files/doi_10.7554_elife.29797.pdf
work_b027c6fad384156d,"Pavlovian Conditioning of Larval Drosophila: An Illustrated, Multilingual, Hands-On Manual for Odor-Taste Associative Learning in Maggots",2017,10.3389/fnbeh.2017.00045,Frontiers in Behavioral Neuroscience,role_bridge,surround,False,False,32,3,False,3.0,0.7427661268914255,broker,Albert Cardona / J. Vogelstein,16,/Users/wgray13/projects/connectomics-survey/postanalysis/pdfs/files/doi_10.3389_fnbeh.2017.00045.pdf
work_f7a38202b00ec79c,Graffinity: Visualizing Connectivity in Large Graphs,2017,10.1111/cgf.13184,Computer graphics forum (Print),adjacent_relevant,surround,False,False,32,0,False,,,no_graph,James R. Anderson / Bryan William Jones,7,/Users/wgray13/projects/connectomics-survey/postanalysis/pdfs/files/doi_10.1111_cgf.13184.pdf
work_fbae4e123c64163d,Single- and Multiple-Shell Uniform Sampling Schemes for Diffusion MRI Using Spherical Codes,2017,10.1109/tmi.2017.2756072,IEEE Transactions on Medical Imaging,adjacent_relevant,surround,False,False,32,0,False,,,no_graph,Xiaoyin Chen / Yonggang Wang,4,/Users/wgray13/projects/connectomics-survey/postanalysis/pdfs/files/doi_10.1109_tmi.2017.2756072.pdf
work_afb5ff09ed0db00c,Guided Proofreading of Automatic Segmentations for Connectomics,2017,10.1109/cvpr.2018.00971,2018 IEEE/CVF Conference on Computer Vision and Pattern Recognition,core_relevant,surround,False,False,31,22,False,11.0,0.9089461109636316,broker,J. Lichtman / Hanspeter Pfister,5,/Users/wgray13/projects/connectomics-survey/postanalysis/pdfs/files/doi_10.1109_cvpr.2018.00971.pdf
work_ff1a59ad465469d2,Semiparametric spectral modeling of the Drosophila connectome,2017,,,core_relevant,surround,False,False,31,4,False,4.0,0.7929386779930979,broker,Albert Cardona / J. Vogelstein,11,/Users/wgray13/projects/connectomics-survey/postanalysis/pdfs/files/arxiv_1705.03297.pdf
work_3caddbc3b20ff02f,Modelling plasticity in dendrites: from single cells to networks.,2017,10.1016/j.conb.2017.08.013,Current Opinion in Neurobiology,adjacent_relevant,surround,False,False,30,2,False,2.0,0.712768781523759,broker,Bradly Alicea / Matteo Cantarelli,3,/Users/wgray13/projects/connectomics-survey/postanalysis/pdfs/files/doi_10.1016_j.conb.2017.08.013.pdf
work_a21cf530db60bdf7,Sexual modulation of sex-shared neurons and circuits in C. elegans,2017,10.1002/jnr.23912,Journal of Neuroscience Research,adjacent_relevant,surround,False,False,30,1,False,1.0,0.4895142022829838,only_out,Oliver Hobert / Steven J. Cook,1,/Users/wgray13/projects/connectomics-survey/postanalysis/pdfs/files/doi_10.1002_jnr.23912.pdf
work_d81e3f399756a9fe,Morphological Error Detection in 3D Segmentations,2017,,arXiv.org,core_relevant,surround,False,False,29,11,False,11.0,0.9439872577647996,broker,J. Lichtman / Hanspeter Pfister,8,/Users/wgray13/projects/connectomics-survey/postanalysis/pdfs/files/arxiv_1705.10882.pdf
work_ae9a3ca349c79d5b,Scalable Interactive Visualization for Connectomics,2017,10.3390/informatics4030029,Informatics,core_relevant,surround,False,False,28,25,False,11.0,0.9203610299973454,broker,J. Lichtman / Hanspeter Pfister,19,/Users/wgray13/projects/connectomics-survey/postanalysis/pdfs/files/doi_10.3390_informatics4030029.pdf
work_0344c5d0298b1c78,Neural Interactome: Interactive Simulation of a Neuronal System,2017,10.3389/fncom.2019.00008,bioRxiv,adjacent_relevant,surround,False,False,27,0,False,,,no_graph,H. Sebastian Seung / G. Jefferis,3,/Users/wgray13/projects/connectomics-survey/postanalysis/pdfs/files/doi_10.3389_fncom.2019.00008.pdf
work_6dfd679b90335d75,A Deep Structured Learning Approach Towards Automating Connectome Reconstruction from 3D Electron Micrographs,2017,,arXiv.org,core_relevant,surround,False,False,27,9,False,8.0,0.9426599415980886,broker,M. Helmstaedter / Winfried Denk,7,/Users/wgray13/projects/connectomics-survey/postanalysis/pdfs/files/arxiv_1709.02974.pdf
work_43b8f0d68020f509,New dimensions of connectomics and network plasticity in the central nervous system,2017,10.1515/revneuro-2016-0051,Reviews in the Neurosciences,adjacent_relevant,surround,False,False,25,0,False,,,no_graph,D. Guidolin / M. Marcoli,4,/Users/wgray13/projects/connectomics-survey/postanalysis/pdfs/files/doi_10.1515_revneuro-2016-0051.pdf
work_c3acb4802f98e9c8,A Multicore Path to Connectomics-on-Demand,2017,10.1145/3018743.3018766,ACM SIGPLAN Symposium on Principles & Practice of Parallel Programming,core_relevant,surround,False,False,23,20,False,11.0,0.9646933899654898,broker,J. Lichtman / Hanspeter Pfister,9,/Users/wgray13/projects/connectomics-survey/postanalysis/pdfs/files/doi_10.1145_3018743.3018766.pdf
work_93a7c9cf869575ac,Correlated Light-Serial Scanning Electron Microscopy (CoLSSEM) for ultrastructural visualization of single neurons in vivo,2017,10.1038/s41598-018-32820-5,Scientific Reports,core_relevant,surround,False,False,19,9,False,6.0,0.8242633395274754,broker,Oliver Hobert / Steven J. Cook,3,/Users/wgray13/projects/connectomics-survey/postanalysis/pdfs/files/doi_10.1038_s41598-018-32820-5.pdf
work_abcbb3997816efa3,Optimal synaptic signaling connectome for locomotory behavior in Caenorhabditis elegans: Design minimizing energy cost,2017,10.1371/journal.pcbi.1005834,PLoS Comput. Biol.,core_relevant,surround,False,False,19,13,False,7.0,0.9354924342978498,broker,J. Karbowski / F. Rakowski,2,/Users/wgray13/projects/connectomics-survey/postanalysis/pdfs/files/doi_10.1371_journal.pcbi.1005834.pdf
work_4cb5df5727006bd0,Digital tissue and what it may reveal about the brain,2017,10.1186/s12915-017-0436-9,BMC Biology,adjacent_relevant,surround,False,False,16,0,False,,,no_graph,J. Lichtman / Hanspeter Pfister,2,/Users/wgray13/projects/connectomics-survey/postanalysis/pdfs/files/doi_10.1186_s12915-017-0436-9.pdf
work_e5648adb68d2b733,Multichannel activity propagation across an engineered axon network,2017,10.1088/1741-2552/aa5ccd,Journal of Neural Engineering,adjacent_relevant,surround,False,False,15,8,False,5.0,0.4969471728165649,only_out,Xiaoyin Chen / Yonggang Wang,3,/Users/wgray13/projects/connectomics-survey/postanalysis/pdfs/files/doi_10.1088_1741-2552_aa5ccd.pdf
work_cc59ab91c7115bfb,Deep Learning Improves Template Matching by Normalized Cross Correlation,2017,,arXiv.org,core_relevant,surround,False,False,14,3,False,3.0,0.7902840456596761,broker,H. Sebastian Seung / G. Jefferis,5,/Users/wgray13/projects/connectomics-survey/postanalysis/pdfs/files/arxiv_1705.08593.pdf
work_db6e1fc5db501b2d,Generating Executable Models of the Drosophila Central Complex,2017,10.3389/fnbeh.2017.00102,Frontiers in Behavioral Neuroscience,core_relevant,surround,False,False,14,1,False,1.0,0.192460844173082,only_out,Xiaoyin Chen / Yonggang Wang,3,/Users/wgray13/projects/connectomics-survey/postanalysis/pdfs/files/doi_10.3389_fnbeh.2017.00102.pdf
work_d3a28ecbfb6e7ac0,Methods to investigate the structure and connectivity of the nervous system,2017,10.1080/19336934.2017.1295189,Fly,adjacent_relevant,surround,False,False,13,0,False,,,no_graph,J. Lichtman / Hanspeter Pfister,5,/Users/wgray13/projects/connectomics-survey/postanalysis/pdfs/files/doi_10.1080_19336934.2017.1295189.pdf
work_25d9bf42bedbc0f2,FIJI Macro 3D ART VeSElecT: 3D Automated Reconstruction Tool for Vesicle Structures of Electron Tomograms,2017,10.1371/journal.pcbi.1005317,PLoS Comput. Biol.,role_bridge,surround,False,False,12,0,False,,,no_graph,J. Lichtman / Hanspeter Pfister,6,/Users/wgray13/projects/connectomics-survey/postanalysis/pdfs/files/doi_10.1371_journal.pcbi.1005317.pdf
work_bfb1ab1a97c0b3f6,Organization of the Drosophila larval visual circuit,2017,10.7554/elife.28387,bioRxiv,core_relevant,surround,False,False,12,6,False,6.0,0.8404565967613485,broker,Albert Cardona / J. Vogelstein,10,/Users/wgray13/projects/connectomics-survey/postanalysis/pdfs/files/doi_10.7554_elife.28387.pdf
work_37dddd285c63a03f,Toward Streaming Synapse Detection with Compositional ConvNets,2017,,arXiv.org,core_relevant,surround,False,False,11,14,False,11.0,0.927263074064242,broker,J. Lichtman / Hanspeter Pfister,7,/Users/wgray13/projects/connectomics-survey/postanalysis/pdfs/files/arxiv_1702.07386.pdf
work_4f8595c70c667637,A computational approach towards the microscale mouse brain connectome from the mesoscale.,2017,10.3233/jin-170019,Journal of Integrative Neuroscience,adjacent_relevant,surround,False,False,11,3,False,3.0,0.766657817892222,broker,Xiaoyin Chen / Yonggang Wang,3,/Users/wgray13/projects/connectomics-survey/postanalysis/pdfs/files/doi_10.3233_jin-170019.pdf
work_8e52111f0a169403,Connectomics of synaptic microcircuits: lessons from the outer retina,2017,10.1113/jp273671,Journal of Physiology,core_relevant,surround,False,False,9,3,False,3.0,0.6787894876559597,broker,M. Helmstaedter / Winfried Denk,5,/Users/wgray13/projects/connectomics-survey/postanalysis/pdfs/files/doi_10.1113_jp273671.pdf
work_69275cd1098e62e8,Guiding network analysis using graph slepians: an illustration for the C. Elegans connectome,2017,10.1117/12.2274814,Optical Engineering + Applications,adjacent_relevant,surround,False,False,8,0,False,,,no_graph,D. Ville / M. Preti,3,/Users/wgray13/projects/connectomics-survey/postanalysis/pdfs/files/doi_10.1117_12.2274814.pdf
work_5cacc375519272f8,Functional Connectomics from Data: Probabilistic Graphical Models for Neuronal Network of C. elegans,2017,10.1101/212423,bioRxiv,adjacent_relevant,surround,False,False,5,0,False,,,no_graph,Xiaoyin Chen / Yonggang Wang,3,/Users/wgray13/projects/connectomics-survey/postanalysis/pdfs/files/doi_10.1101_212423.pdf
work_7946dbb6802bb908,Complexity and Vulnerability Analysis of the C. Elegans Gap Junction Connectome,2017,10.3390/e19030104,Entropy,core_relevant,surround,False,False,5,7,False,4.0,0.2710379612423679,only_out,James M. Kunert-Graf / D. Galas,3,/Users/wgray13/projects/connectomics-survey/postanalysis/pdfs/files/doi_10.3390_e19030104.pdf
work_f9c28870a0787e53,Simulating extracted connectomes,2017,10.1101/177113,bioRxiv,adjacent_relevant,surround,False,False,5,3,False,3.0,0.8662065303955402,broker,J. Lichtman / Hanspeter Pfister,2,/Users/wgray13/projects/connectomics-survey/postanalysis/pdfs/files/doi_10.1101_177113.pdf
work_e582425de06520de,Exclusive functional subnetworks of intracortical projections neurons in primary visual cortex,2017,10.1101/153247,bioRxiv,adjacent_relevant,surround,False,False,3,1,False,1.0,0.0196442792673214,only_out,M. Helmstaedter / Winfried Denk,4,/Users/wgray13/projects/connectomics-survey/postanalysis/pdfs/files/doi_10.1101_153247.pdf
work_e70f6ec0a66ccab2,Connectomics of extrasynaptic signalling: applications to the nervous system of Caenorhabditis elegans,2017,10.17863/cam.16873,,core_relevant,surround,False,False,2,1,False,1.0,0.7560392885585346,only_in,Oliver Hobert / Steven J. Cook,1,postanalysis/pdfs/files/doi_10.17863_cam.16873.pdf
work_ea8522586569e367,A connectomic approach to the lateral geniculate nucleus,2017,10.1017/s0952523817000116,Visual Neuroscience,adjacent_relevant,surround,False,False,2,3,False,3.0,0.5444650915848155,only_out,J. Lichtman / Hanspeter Pfister,1,/Users/wgray13/projects/connectomics-survey/postanalysis/pdfs/files/doi_10.1017_s0952523817000116.pdf
work_a4f3f68ef4156dee,Inferring Functional Neural Connectivity with Deep Residual Convolutional Networks,2017,10.1101/141010,bioRxiv,adjacent_relevant,surround,False,False,1,2,False,1.0,0.8749668170958322,broker,Timothy W. Dunn / Peter K. Koo,2,/Users/wgray13/projects/connectomics-survey/postanalysis/pdfs/files/doi_10.1101_141010.pdf
work_d1b5cbfd0840a3bb,Optogenetic Mapping of Synaptic Connections in Mouse Brain Slices to Definethe Functional Connectome of Identified Neuronal Populations.,2017,10.21769/bioprotoc.2090,Bio-protocol,adjacent_relevant,surround,False,False,0,0,False,0.0,0.1916644544730555,isolate,N. Chuhma / S. Rayport,3,/Users/wgray13/projects/connectomics-survey/postanalysis/pdfs/files/doi_10.21769_bioprotoc.2090.pdf
work_030d659739b83f09,Community detection in networks: A user guide,2016,10.1016/j.physrep.2016.09.002,arXiv.org,role_bridge,surround,False,False,2082,0,False,,,no_graph,S. Fortunato / Darko Hric,2,/Users/wgray13/projects/connectomics-survey/postanalysis/pdfs/files/doi_10.1016_j.physrep.2016.09.002.pdf
work_0902ad628efcc7dd,Cliques of Neurons Bound into Cavities Provide a Missing Link between Structure and Function,2016,10.3389/fncom.2017.00048,Frontiers in Computational Neuroscience,adjacent_relevant,surround,False,False,423,3,False,3.0,0.9222192726307408,only_in,Javier DeFelipe / Michael W. Reimann,10,/Users/wgray13/projects/connectomics-survey/postanalysis/pdfs/files/doi_10.3389_fncom.2017.00048.pdf
work_e00a7fb6feedbf91,A platform for brain-wide imaging and reconstruction of individual neurons,2016,10.7554/elife.10566,eLife,adjacent_relevant,surround,False,False,392,0,False,,,no_graph,Xiaoyin Chen / Yonggang Wang,7,/Users/wgray13/projects/connectomics-survey/postanalysis/pdfs/files/doi_10.7554_elife.10566.pdf
work_2cc0677e9c1d540a,Vision and Locomotion Shape the Interactions between Neuron Types in Mouse Visual Cortex,2016,10.1101/058396,bioRxiv,adjacent_relevant,surround,False,False,293,1,False,1.0,0.8991239713299708,only_in,M. Helmstaedter / Winfried Denk,6,/Users/wgray13/projects/connectomics-survey/postanalysis/pdfs/files/doi_10.1101_058396.pdf
work_4b3bfeede41c04c0,Super-Resolution Mapping of Neuronal Circuitry With an Index-Optimized Clearing Agent.,2016,10.1016/j.celrep.2016.02.057,Cell Reports,adjacent_relevant,surround,False,False,244,1,False,1.0,0.2882930714096097,only_out,Meng-Tsen Ke / Takeshi Imai,8,/Users/wgray13/projects/connectomics-survey/postanalysis/pdfs/files/doi_10.1016_j.celrep.2016.02.057.pdf
work_4e599e7a45cded14,The rhesus monkey connectome predicts disrupted functional networks resulting from pharmacogenetic inactivation of the amygdala,2016,10.1016/j.neuron.2016.06.005,Neuron,adjacent_relevant,surround,False,False,162,1,False,1.0,0.6947172816564906,only_in,K. Shen / D. Fair,8,/Users/wgray13/projects/connectomics-survey/postanalysis/pdfs/files/doi_10.1016_j.neuron.2016.06.005.pdf
work_96ef255db3db218e,Deep Contextual Networks for Neuronal Structure Segmentation,2016,10.1609/aaai.v30i1.10141,AAAI Conference on Artificial Intelligence,core_relevant,surround,False,False,162,12,False,6.0,0.9291213166976374,broker,Xiaoyin Chen / Yonggang Wang,4,/Users/wgray13/projects/connectomics-survey/postanalysis/pdfs/files/doi_10.1609_aaai.v30i1.10141.pdf
work_2b1f5c4232c107d1,Cell type-specific long-range connections of basal forebrain circuit,2016,10.7554/elife.13214,eLife,adjacent_relevant,surround,False,False,158,1,False,1.0,0.1446774621714892,only_out,Albert Cardona / J. Vogelstein,11,/Users/wgray13/projects/connectomics-survey/postanalysis/pdfs/files/doi_10.7554_elife.13214.pdf
work_2dd964b0e399a1fe,From Cajal to Connectome and Beyond.,2016,10.1146/annurev-neuro-071714-033954,Annual Review of Neuroscience,adjacent_relevant,surround,False,False,157,39,False,11.0,0.9814175736660472,broker,Xiaoyin Chen / Yonggang Wang,2,/Users/wgray13/projects/connectomics-survey/postanalysis/pdfs/files/doi_10.1146_annurev-neuro-071714-033954.pdf
work_cd1ed09029d2ef12,Synaptic transmission parallels neuromodulation in a central food-intake circuit,2016,10.1101/044990,bioRxiv,core_relevant,surround,False,False,134,13,False,10.0,0.950623838598354,broker,Albert Cardona / J. Vogelstein,13,/Users/wgray13/projects/connectomics-survey/postanalysis/pdfs/files/doi_10.1101_044990.pdf
work_9fd52e39fdad0d0d,Functional complexity emerging from anatomical constraints in the brain: the significance of network modularity and rich-clubs,2016,10.1038/srep38424,Scientific Reports,core_relevant,surround,False,False,126,0,False,,,no_graph,Olaf Sporns / B. Mišić,5,/Users/wgray13/projects/connectomics-survey/postanalysis/pdfs/files/doi_10.1038_srep38424.pdf
work_4c202403940ee964,Sex-specific pruning of neuronal synapses in Caenorhabditis elegans,2016,10.1038/nature17977,Nature,adjacent_relevant,surround,False,False,121,3,False,3.0,0.950358375365012,only_in,Oliver Hobert / Steven J. Cook,3,/Users/wgray13/projects/connectomics-survey/postanalysis/pdfs/files/doi_10.1038_nature17977.pdf
work_30b9fcdedb89207a,Quantifying Mesoscale Neuroanatomy Using X-Ray Microtomography,2016,10.1523/eneuro.0195-17.2017,eNeuro,adjacent_relevant,surround,False,False,87,6,False,6.0,0.8303689938943456,broker,Albert Cardona / J. Vogelstein,12,/Users/wgray13/projects/connectomics-survey/postanalysis/pdfs/files/doi_10.1523_eneuro.0195-17.2017.pdf
work_406c25e780e295c9,Reconstruction of genetically identified neurons imaged by serial-section electron microscopy,2016,10.7554/elife.15015,eLife,core_relevant,surround,False,False,78,10,False,8.0,0.8879745155295992,broker,Xiaoyin Chen / Yonggang Wang,10,/Users/wgray13/projects/connectomics-survey/postanalysis/pdfs/files/doi_10.7554_elife.15015.pdf
work_90a7b61f851fbefe,Sexually dimorphic differentiation of a C. elegans hub neuron is cell-autonomously controlled by a conserved transcription factor,2016,10.1101/081083,bioRxiv,adjacent_relevant,surround,False,False,70,2,False,2.0,0.7284311122909477,broker,Oliver Hobert / Steven J. Cook,4,/Users/wgray13/projects/connectomics-survey/postanalysis/pdfs/files/doi_10.1101_081083.pdf
work_90122b36b9362b91,ON Bipolar Cells in Macaque Retina: Type-Specific Synaptic Connectivity with Special Reference to OFF Counterparts,2016,10.3389/fnana.2016.00104,Frontiers in Neuroanatomy,adjacent_relevant,surround,False,False,62,6,False,5.0,0.916910007963897,only_in,M. Helmstaedter / Winfried Denk,2,/Users/wgray13/projects/connectomics-survey/postanalysis/pdfs/files/doi_10.3389_fnana.2016.00104.pdf
work_ee4535711d4eeb37,Fully-Automatic Synapse Prediction and Validation on a Large Data Set,2016,10.3389/fncir.2018.00087,Front. Neural Circuits,core_relevant,surround,False,False,55,40,False,11.0,0.9790284045659676,broker,J. Lichtman / Hanspeter Pfister,3,/Users/wgray13/projects/connectomics-survey/postanalysis/pdfs/files/doi_10.3389_fncir.2018.00087.pdf
work_c608ded31d0a89bd,A Multi-Pass Approach to Large-Scale Connectomics,2016,,arXiv.org,core_relevant,surround,False,False,49,20,False,11.0,0.9575258826652508,broker,J. Lichtman / Hanspeter Pfister,11,/Users/wgray13/projects/connectomics-survey/postanalysis/pdfs/files/arxiv_1612.0212.pdf
work_9b32917a4d853259,2015 Brainhack Proceedings,2016,10.1186/s13742-016-0147-0,GigaScience,role_bridge,surround,False,False,44,0,False,,,no_graph,Olaf Sporns / B. Mišić,70,/Users/wgray13/projects/connectomics-survey/postanalysis/pdfs/files/doi_10.1186_s13742-016-0147-0.pdf
work_cda2a76c443e1ca4,NeuroBlocks – Visual Tracking of Segmentation and Proofreading for Large Connectomics Projects,2016,10.1109/tvcg.2015.2467441,IEEE Transactions on Visualization and Computer Graphics,core_relevant,surround,False,False,44,14,False,9.0,0.959118662065304,broker,J. Lichtman / Hanspeter Pfister,7,/Users/wgray13/projects/connectomics-survey/postanalysis/pdfs/files/doi_10.1109_tvcg.2015.2467441.pdf
work_3de0825b6d9efa49,Flood-Filling Networks,2016,,arXiv.org,core_relevant,surround,False,False,43,18,False,11.0,0.9848685956994956,broker,J. Lichtman / Hanspeter Pfister,6,/Users/wgray13/projects/connectomics-survey/postanalysis/pdfs/files/arxiv_1611.00421.pdf
work_c25a5e51b5abfb6d,Filling the gap: adding super-resolution to array tomography for correlated ultrastructural and molecular identification of electrical synapses at the C. elegans connectome,2016,10.1117/1.nph.3.4.041802,Neurophotonics,adjacent_relevant,surround,False,False,42,5,False,4.0,0.8489514202282984,broker,J. Lichtman / Hanspeter Pfister,10,/Users/wgray13/projects/connectomics-survey/postanalysis/pdfs/files/doi_10.1117_1.nph.3.4.041802.pdf
work_b19047241efae5aa,Gap junctions in C. elegans: Their roles in behavior and development,2016,10.1002/dneu.22408,Developmental Neurobiology,adjacent_relevant,surround,False,False,41,0,False,,,no_graph,Oliver Hobert / Steven J. Cook,1,/Users/wgray13/projects/connectomics-survey/postanalysis/pdfs/files/doi_10.1002_dneu.22408.pdf
work_c9ece14438e09298,"Structural Plasticity, Effectual Connectivity, and Memory in Cortex",2016,10.3389/fnana.2016.00063,Frontiers in Neuroanatomy,adjacent_relevant,surround,False,False,41,4,False,1.0,0.9293867799309796,broker,A. Knoblauch / F. Sommer,2,/Users/wgray13/projects/connectomics-survey/postanalysis/pdfs/files/doi_10.3389_fnana.2016.00063.pdf
work_cd465daed14f5ff7,Progress Towards Mammalian Whole-Brain Cellular Connectomics,2016,10.3389/fnana.2016.00062,Frontiers in Neuroanatomy,adjacent_relevant,surround,False,False,41,24,False,11.0,0.9208919564640298,broker,M. Helmstaedter / Winfried Denk,1,/Users/wgray13/projects/connectomics-survey/postanalysis/pdfs/files/doi_10.3389_fnana.2016.00062.pdf
work_d3efc2c41f0790db,3-dimensional electron microscopic imaging of the zebrafish olfactory bulb and dense reconstruction of neurons,2016,10.1038/sdata.2016.100,Scientific Data,core_relevant,surround,False,False,37,16,False,11.0,0.9641624634988054,broker,M. Helmstaedter / Winfried Denk,3,/Users/wgray13/projects/connectomics-survey/postanalysis/pdfs/files/doi_10.1038_sdata.2016.100.pdf
work_0c913304a5fb2574,Registering large volume serial-section electron microscopy image sets for neural circuit reconstruction using FFT signal whitening,2016,10.1109/aipr.2016.8010595,International Conference on Artificial Intelligence and Pattern Recognition,core_relevant,surround,False,False,35,17,False,10.0,0.9546057870984868,broker,J. Lichtman / Hanspeter Pfister,6,/Users/wgray13/projects/connectomics-survey/postanalysis/pdfs/files/doi_10.1109_aipr.2016.8010595.pdf
work_15ae850b7d2a05bb,Synapse biology in the 'circuit-age' - paths towards molecular connectomics,2016,10.1016/j.conb.2016.12.004,Current Opinion in Neurobiology,adjacent_relevant,surround,False,False,32,8,False,3.0,0.949031059198301,broker,Oliver Hobert / Steven J. Cook,5,/Users/wgray13/projects/connectomics-survey/postanalysis/pdfs/files/doi_10.1016_j.conb.2016.12.004.pdf
work_6bf9891cc0c28628,Transgenic FingRs for Live Mapping of Synaptic Dynamics in Genetically-Defined Neurons,2016,10.1038/srep18734,Scientific Reports,adjacent_relevant,surround,False,False,32,2,False,2.0,0.7175471197239183,broker,Jong-Hyun Son / J. Bonkowsky,8,/Users/wgray13/projects/connectomics-survey/postanalysis/pdfs/files/doi_10.1038_srep18734.pdf
work_70f3ebdd9a099832,"Statistical Analysis of Tract-Tracing Experiments Demonstrates a Dense, Complex Cortical Network in the Mouse",2016,10.1371/journal.pcbi.1005104,PLoS Comput. Biol.,adjacent_relevant,surround,False,False,31,0,False,,,no_graph,Oliver Hobert / Steven J. Cook,2,/Users/wgray13/projects/connectomics-survey/postanalysis/pdfs/files/doi_10.1371_journal.pcbi.1005104.pdf
work_c0c6e627665cfab2,Rod-Cone Crossover Connectome of Mammalian Bipolar Cells,2016,10.1002/cne.24084,The Journal of comparative neurology,core_relevant,surround,False,False,31,6,False,5.0,0.8239978762941332,broker,James R. Anderson / Bryan William Jones,12,/Users/wgray13/projects/connectomics-survey/postanalysis/pdfs/files/doi_10.1002_cne.24084.pdf
work_4ba1c97ceb43aab4,Genetically targeted 3D visualisation of Drosophila neurons under Electron Microscopy and X-Ray Microscopy using miniSOG,2016,10.1038/srep38863,Scientific Reports,core_relevant,surround,False,False,30,7,False,7.0,0.8197504645606584,broker,Xiaoyin Chen / Yonggang Wang,6,/Users/wgray13/projects/connectomics-survey/postanalysis/pdfs/files/doi_10.1038_srep38863.pdf
work_7df753477b31a600,Connectomic Analysis of Brain Networks: Novel Techniques and Future Directions,2016,10.3389/fnana.2016.00110,Frontiers in Neuroanatomy,adjacent_relevant,surround,False,False,27,5,False,5.0,0.7709052296256969,broker,Olaf Sporns / B. Mišić,6,/Users/wgray13/projects/connectomics-survey/postanalysis/pdfs/files/doi_10.3389_fnana.2016.00110.pdf
work_2566caf4396eb201,Toward Whole-Body Connectomics,2016,10.1523/jneurosci.2930-16.2016,Journal of Neuroscience,adjacent_relevant,surround,False,False,25,0,False,,,no_graph,Xiaoyin Chen / Yonggang Wang,2,/Users/wgray13/projects/connectomics-survey/postanalysis/pdfs/files/doi_10.1523_jneurosci.2930-16.2016.pdf
work_d54780d9b943a8b2,Graph Theoretic and Motif Analyses of the Hippocampal Neuron Type Potential Connectome,2016,10.1523/eneuro.0205-16.2016,eNeuro,adjacent_relevant,surround,False,False,25,13,False,7.0,0.9341651181311388,broker,Xiaoyin Chen / Yonggang Wang,6,/Users/wgray13/projects/connectomics-survey/postanalysis/pdfs/files/doi_10.1523_eneuro.0205-16.2016.pdf
work_29f2f0197383d513,RhoanaNet Pipeline: Dense Automatic Neural Annotation,2016,,arXiv.org,core_relevant,surround,False,False,23,15,False,11.0,0.9421290151314043,broker,J. Lichtman / Hanspeter Pfister,10,/Users/wgray13/projects/connectomics-survey/postanalysis/pdfs/files/arxiv_1611.06973.pdf
work_4a8c664faa8c1c13,The Brain in Space,2016,10.1007/978-3-319-27777-6_5,,adjacent_relevant,surround,False,False,23,0,False,,,no_graph,Albert Cardona / J. Vogelstein,4,/Users/wgray13/projects/connectomics-survey/postanalysis/pdfs/files/doi_10.1007_978-3-319-27777-6_5.pdf
work_e4159e66a30cf379,"Vulnerability-Based Critical Neurons, Synapses, and Pathways in the Caenorhabditis elegans Connectome",2016,10.1371/journal.pcbi.1005084,PLoS Comput. Biol.,core_relevant,surround,False,False,20,18,False,7.0,0.9304486328643484,broker,J. Lichtman / Hanspeter Pfister,4,/Users/wgray13/projects/connectomics-survey/postanalysis/pdfs/files/doi_10.1371_journal.pcbi.1005084.pdf
work_77f7a01eb5b8c41e,Connectome studies on Drosophila: a short perspective on a tiny brain,2016,10.3109/01677063.2016.1166224,Journal of neurogenetics,adjacent_relevant,surround,False,False,19,21,False,11.0,0.9684098752322804,broker,J. Lichtman / Hanspeter Pfister,1,/Users/wgray13/projects/connectomics-survey/postanalysis/pdfs/files/doi_10.3109_01677063.2016.1166224.pdf
work_8d259f8c6f69999e,Advanced Fluorescence Protein-Based Synapse-Detectors,2016,10.3389/fnsyn.2016.00016,Frontiers in Synaptic Neuroscience,adjacent_relevant,surround,False,False,16,1,False,1.0,0.1998938147066631,only_out,Xiaoyin Chen / Yonggang Wang,4,/Users/wgray13/projects/connectomics-survey/postanalysis/pdfs/files/doi_10.3389_fnsyn.2016.00016.pdf
work_5646fd682952c8b6,A Large Deformation Diffeomorphic Approach to Registration of CLARITY Images via Mutual Information,2016,10.1007/978-3-319-66182-7_32,International Conference on Medical Image Computing and Computer-Assisted Intervention,role_bridge,surround,False,False,15,0,False,,,no_graph,Albert Cardona / J. Vogelstein,10,/Users/wgray13/projects/connectomics-survey/postanalysis/pdfs/files/doi_10.1007_978-3-319-66182-7_32.pdf
work_c6568c6c741d28e9,Large-Scale Electron Microscopy Image Segmentation in Spark,2016,,arXiv.org,core_relevant,surround,False,False,15,10,False,8.0,0.9601805149986726,broker,J. Lichtman / Hanspeter Pfister,2,/Users/wgray13/projects/connectomics-survey/postanalysis/pdfs/files/arxiv_1604.00385.pdf
work_bc5e6ceb3ec3c528,Recent advancement in the challenges to connectomics.,2016,10.1093/jmicro/dfv371,Microscopy,adjacent_relevant,surround,False,False,14,8,False,5.0,0.8792142288293071,broker,Nobuhiko Ohno / Mitsuhiko Katoh,4,/Users/wgray13/projects/connectomics-survey/postanalysis/pdfs/files/doi_10.1093_jmicro_dfv371.pdf
work_b14a68cb105480d1,"CONNECTOMICS, THE FINAL FRONTIER",2016,10.1016/bs.ctdb.2015.11.001,Current Topics in Developmental Biology,adjacent_relevant,surround,False,False,12,7,False,3.0,0.9567294929652244,broker,Oliver Hobert / Steven J. Cook,1,/Users/wgray13/projects/connectomics-survey/postanalysis/pdfs/files/doi_10.1016_bs.ctdb.2015.11.001.pdf
work_ec0d16c2c9384c0f,Patterns and distribution of presynaptic and postsynaptic elements within serial electron microscopic reconstructions of neuronal arbors from the medicinal leech Hirudo verbana,2016,10.1002/cne.24120,The Journal of comparative neurology,core_relevant,surround,False,False,11,14,False,11.0,0.8136448101937882,broker,Xiaoyin Chen / Yonggang Wang,4,/Users/wgray13/projects/connectomics-survey/postanalysis/pdfs/files/doi_10.1002_cne.24120.pdf
work_cb964ec21532f053,Further Insight into the Brain's Rich-Club Architecture,2016,10.1523/jneurosci.0754-16.2016,Journal of Neuroscience,role_bridge,surround,False,False,10,0,False,,,no_graph,M. Pedersen / Amir H. Omidvarnia,2,/Users/wgray13/projects/connectomics-survey/postanalysis/pdfs/files/doi_10.1523_jneurosci.0754-16.2016.pdf
work_6d8210bd121bf345,Eye-Trace: Segmentation of Volumetric Microscopy Images with Eyegaze,2016,10.1145/2858036.2858578,International Conference on Human Factors in Computing Systems,role_bridge,surround,False,False,7,0,False,,,no_graph,J. Lichtman / Hanspeter Pfister,3,/Users/wgray13/projects/connectomics-survey/postanalysis/pdfs/files/doi_10.1145_2858036.2858578.pdf
work_b0604b15b1df15d9,Network Analysis and Visualization of Mouse Retina Connectivity Data,2016,10.1371/journal.pone.0158626,PLoS ONE,adjacent_relevant,surround,False,False,4,0,False,,,no_graph,B. Pailthorpe,1,/Users/wgray13/projects/connectomics-survey/postanalysis/pdfs/files/doi_10.1371_journal.pone.0158626.pdf
work_0a33489ddde95484,A distance constrained synaptic plasticity model of C. elegans neuronal network,2016,10.1016/j.physa.2016.11.055,,core_relevant,surround,False,False,3,2,False,2.0,0.3814706663127157,only_out,R. Badhwar / Ganesh Bagler,2,/Users/wgray13/projects/connectomics-survey/postanalysis/pdfs/files/doi_10.1016_j.physa.2016.11.055.pdf
work_32508f097eb3c1ce,Reconstruction of Neural Circuits Using Serial Block-Face Scanning Electron Microscopy,2016,10.9729/am.2016.46.2.100,,core_relevant,surround,False,False,3,4,False,3.0,0.5258826652508628,only_out,Xiaoyin Chen / Yonggang Wang,3,/Users/wgray13/projects/connectomics-survey/postanalysis/pdfs/files/doi_10.9729_am.2016.46.2.100.pdf
work_e7c74c02d0c73cf1,Connectomics at cellular precision,2016,10.1007/s13295-016-0030-6,e-Neuroforum,adjacent_relevant,surround,False,False,2,5,False,5.0,0.723121847624104,broker,M. Helmstaedter / Winfried Denk,1,/Users/wgray13/projects/connectomics-survey/postanalysis/pdfs/files/doi_10.1007_s13295-016-0030-6.pdf
work_6f3fa2fad7e314ab,Strong connectivity and its applications,2016,,arXiv.org,core_relevant,surround,False,False,1,2,False,2.0,0.221661799840722,only_out,P. Daugulis,1,/Users/wgray13/projects/connectomics-survey/postanalysis/pdfs/files/arxiv_1609.07355.pdf
work_7881b883406a7ba1,SANTIAGO: Spine Association for Neuron Topology Improvement and Graph Optimization,2016,,arXiv.org,core_relevant,surround,False,False,1,5,False,5.0,0.4597823201486594,only_out,Albert Cardona / J. Vogelstein,4,/Users/wgray13/projects/connectomics-survey/postanalysis/pdfs/files/arxiv_1608.02307.pdf
work_0b3368a59ac0d45c,Application of the radial distribution functions for quantitative analysis of neuropil microstructure in stratum radiatum of CA1 region in hippocampus,2016,10.18103/mra.v4i4.604,,adjacent_relevant,surround,False,False,0,1,False,1.0,0.0836209185027873,only_out,Albert Cardona / J. Vogelstein,1,/Users/wgray13/projects/connectomics-survey/postanalysis/pdfs/files/doi_10.18103_mra.v4i4.604.pdf
work_413a3d616a7afef8,Light-Microscopy-Based Sparse Neural Circuit Reconstruction: Array Tomography and Other Methods,2016,10.9729/am.2016.46.4.176,,adjacent_relevant,surround,False,False,0,1,False,1.0,0.3023626227767454,only_out,Xiaoyin Chen / Yonggang Wang,1,/Users/wgray13/projects/connectomics-survey/postanalysis/pdfs/files/doi_10.9729_am.2016.46.4.176.pdf
work_6bef1584a99628b5,A Multicore Path to Connectomics-on-Demand,2016,10.1145/2935764.2935825,ACM Symposium on Parallelism in Algorithms and Architectures,adjacent_relevant,surround,False,False,0,0,False,0.0,0.0488452349349615,isolate,J. Lichtman / Hanspeter Pfister,1,/Users/wgray13/projects/connectomics-survey/postanalysis/pdfs/files/doi_10.1145_2935764.2935825.pdf
work_d2abedfe2fe8e9a8,The connectomics of brain disorders,2015,10.1038/nrn3901,Nature Reviews Neuroscience,role_bridge,surround,False,False,1632,0,False,,,no_graph,Olaf Sporns / B. Mišić,3,/Users/wgray13/projects/connectomics-survey/postanalysis/pdfs/files/doi_10.1038_nrn3901.pdf
work_4d5f8126d96042c6,Resting-state functional connectivity in major depressive disorder: A review.,2015,10.1016/j.neubiorev.2015.07.014,Neuroscience and Biobehavioral Reviews,role_bridge,surround,False,False,840,0,False,,,no_graph,P. Mulders / I. Tendolkar,5,/Users/wgray13/projects/connectomics-survey/postanalysis/pdfs/files/doi_10.1016_j.neubiorev.2015.07.014.pdf
work_2a2fe8f95bb73f03,Principles of connectivity among morphologically defined cell types in adult neocortex,2015,10.1126/science.aac9462,Science,adjacent_relevant,surround,False,False,838,9,False,7.0,0.944518184231484,only_in,M. Helmstaedter / Winfried Denk,8,/Users/wgray13/projects/connectomics-survey/postanalysis/pdfs/files/doi_10.1126_science.aac9462.pdf
work_0a7ba8ffe545833c,Diverse coupling of neurons to populations in sensory cortex,2015,10.1038/nature14273,Nature,adjacent_relevant,surround,False,False,451,1,False,1.0,0.7632067958587736,only_in,M. Helmstaedter / Winfried Denk,11,/Users/wgray13/projects/connectomics-survey/postanalysis/pdfs/files/doi_10.1038_nature14273.pdf
work_4a065afca6719b79,Specification of synaptic connectivity by cell surface interactions,2015,10.1038/nrn.2015.3,Nature Reviews Neuroscience,adjacent_relevant,surround,False,False,388,8,False,4.0,0.9609769046986992,broker,Xiaoyin Chen / Yonggang Wang,2,/Users/wgray13/projects/connectomics-survey/postanalysis/pdfs/files/doi_10.1038_nrn.2015.3.pdf
work_d93655b739e2e89d,A cellular and regulatory map of the cholinergic nervous system of C. elegans,2015,10.7554/elife.12432,eLife,adjacent_relevant,surround,False,False,329,47,False,11.0,0.9875232280329176,broker,Oliver Hobert / Steven J. Cook,11,/Users/wgray13/projects/connectomics-survey/postanalysis/pdfs/files/doi_10.7554_elife.12432.pdf
work_c85ce51f03374702,neuTube 1.0: A New Design for Efficient Neuron Reconstruction Software Based on the SWC Format,2015,10.1523/eneuro.0049-14.2014,eNeuro,role_bridge,surround,False,False,272,0,False,,,no_graph,Xiaoyin Chen / Yonggang Wang,3,/Users/wgray13/projects/connectomics-survey/postanalysis/pdfs/files/doi_10.1523_eneuro.0049-14.2014.pdf
work_790c4fa540195de1,High-performance probes for light and electron microscopy,2015,10.1038/nmeth.3365,Nature Methods,adjacent_relevant,surround,False,False,263,9,False,5.0,0.9219538093973983,broker,Xiaoyin Chen / Yonggang Wang,19,/Users/wgray13/projects/connectomics-survey/postanalysis/pdfs/files/doi_10.1038_nmeth.3365.pdf
work_1a16b4de189373e1,Wiring cost and topological participation of the mouse brain connectome,2015,10.1073/pnas.1420315112,Proceedings of the National Academy of Sciences of the United States of America,adjacent_relevant,surround,False,False,215,62,False,8.0,0.994425272099814,hub,Oliver Hobert / Steven J. Cook,4,/Users/wgray13/projects/connectomics-survey/postanalysis/pdfs/files/doi_10.1073_pnas.1420315112.pdf
work_071108fd660498ef,Fast Approximate Quadratic Programming for Graph Matching,2015,10.1371/journal.pone.0121002,PLoS ONE,role_bridge,surround,False,False,190,0,False,,,no_graph,Albert Cardona / J. Vogelstein,9,/Users/wgray13/projects/connectomics-survey/postanalysis/pdfs/files/doi_10.1371_journal.pone.0121002.pdf
work_eb8b627996721a7c,Neuroinformatics of the Allen Mouse Brain Connectivity Atlas.,2015,10.1016/j.ymeth.2014.12.013,Methods,adjacent_relevant,surround,False,False,184,0,False,,,no_graph,Xiaoyin Chen / Yonggang Wang,10,/Users/wgray13/projects/connectomics-survey/postanalysis/pdfs/files/doi_10.1016_j.ymeth.2014.12.013.pdf
work_e0e81619d590d5f9,Chimera-like States in Modular Neural Networks,2015,10.1038/srep19845,Scientific Reports,adjacent_relevant,surround,False,False,183,6,False,3.0,0.9349615078311654,broker,Philipp Hövel / Jorge Ruiz,5,/Users/wgray13/projects/connectomics-survey/postanalysis/pdfs/files/doi_10.1038_srep19845.pdf
work_2df062ae66c16e94,Community Detection and Classification in Hierarchical Stochastic Blockmodels,2015,10.1109/tnse.2016.2634322,IEEE Transactions on Network Science and Engineering,adjacent_relevant,surround,False,False,162,0,False,,,no_graph,Albert Cardona / J. Vogelstein,5,/Users/wgray13/projects/connectomics-survey/postanalysis/pdfs/files/doi_10.1109_tnse.2016.2634322.pdf
work_5bef28b8ac0b334f,Control of synaptic connectivity by a network of Drosophila IgSF cell surface proteins,2015,10.1016/j.cell.2015.11.022,Cell,adjacent_relevant,surround,False,False,154,3,False,3.0,0.8181576851606053,broker,Olaf Sporns / B. Mišić,12,/Users/wgray13/projects/connectomics-survey/postanalysis/pdfs/files/doi_10.1016_j.cell.2015.11.022.pdf
work_f4f91c156929709a,Glial Regulation of the Neuronal Connectome through Local and Long-Distant Communication,2015,10.1016/j.neuron.2015.01.014,Neuron,adjacent_relevant,surround,False,False,154,3,False,2.0,0.8579771701619325,only_in,Xiaoyin Chen / Yonggang Wang,3,postanalysis/pdfs/files/doi_10.1016_j.neuron.2015.01.014.pdf
work_c295eac10773de92,Ultrastructurally-smooth thick partitioning and volume stitching for larger-scale connectomics,2015,10.1038/nmeth.3292,Nature Methods,core_relevant,surround,False,False,148,50,False,11.0,0.9893814706663128,broker,J. Lichtman / Hanspeter Pfister,9,/Users/wgray13/projects/connectomics-survey/postanalysis/pdfs/files/doi_10.1038_nmeth.3292.pdf
work_c33ff1707c3c1df6,The Secreted Protein C1QL1 and Its Receptor BAI3 Control the Synaptic Connectivity of Excitatory Inputs Converging on Cerebellar Purkinje Cells.,2015,10.1016/j.celrep.2015.01.034,Cell Reports,adjacent_relevant,surround,False,False,142,1,False,1.0,0.919830103530661,only_in,S. Sigoillot / F. Selimi,8,/Users/wgray13/projects/connectomics-survey/postanalysis/pdfs/files/doi_10.1016_j.celrep.2015.01.034.pdf
work_d17b4ee773b57bde,Connectomics and graph theory analyses: Novel insights into network abnormalities in epilepsy,2015,10.1111/epi.13133,Epilepsia,role_bridge,surround,False,False,131,0,False,,,no_graph,Olaf Sporns / B. Mišić,3,/Users/wgray13/projects/connectomics-survey/postanalysis/pdfs/files/doi_10.1111_epi.13133.pdf
work_a22edcbd132ca34a,Comparison of diffusion tractography and tract‐tracing measures of connectivity strength in rhesus macaque connectome,2015,10.1002/hbm.22828,Human Brain Mapping,adjacent_relevant,surround,False,False,124,0,False,,,no_graph,Olaf Sporns / B. Mišić,9,/Users/wgray13/projects/connectomics-survey/postanalysis/pdfs/files/doi_10.1002_hbm.22828.pdf
work_eb7a08eefe6aa87f,An algorithm to predict the connectome of neural microcircuits,2015,10.3389/fncom.2015.00120,Frontiers in Computational Neuroscience,adjacent_relevant,surround,False,False,119,10,False,7.0,0.9758428457658614,broker,Javier DeFelipe / Michael W. Reimann,5,/Users/wgray13/projects/connectomics-survey/postanalysis/pdfs/files/doi_10.3389_fncom.2015.00120.pdf
work_161efa6714c403ba,ConnectomeDB – Sharing Human Brain Connectivity Data,2015,10.1016/j.neuroimage.2015.04.046,NeuroImage,role_bridge,surround,False,False,104,0,False,,,no_graph,Albert Cardona / J. Vogelstein,20,/Users/wgray13/projects/connectomics-survey/postanalysis/pdfs/files/doi_10.1016_j.neuroimage.2015.04.046.pdf
work_c9c465720a1c8c5a,Extracellular space preservation aids the connectomic analysis of neural circuits,2015,10.7554/elife.08206,eLife,adjacent_relevant,surround,False,False,93,25,False,11.0,0.9662861693655428,broker,M. Helmstaedter / Winfried Denk,5,/Users/wgray13/projects/connectomics-survey/postanalysis/pdfs/files/doi_10.7554_elife.08206.pdf
work_d4b63535644c8a10,Challenges of microtome‐based serial block‐face scanning electron microscopy in neuroscience,2015,10.1111/jmi.12244,Journal of Microscopy,adjacent_relevant,surround,False,False,71,16,False,10.0,0.9572604194319086,broker,M. Helmstaedter / Winfried Denk,3,/Users/wgray13/projects/connectomics-survey/postanalysis/pdfs/files/doi_10.1111_jmi.12244.pdf
work_dd76efe78afe7f10,Flow-Based Network Analysis of the Caenorhabditis elegans Connectome,2015,10.1371/journal.pcbi.1005055,PLoS Comput. Biol.,core_relevant,surround,False,False,67,12,False,5.0,0.9179718608972656,broker,Xiaoyin Chen / Yonggang Wang,5,/Users/wgray13/projects/connectomics-survey/postanalysis/pdfs/files/doi_10.1371_journal.pcbi.1005055.pdf
work_ac9f66d6d45899c4,Recursive Training of 2D-3D Convolutional Networks for Neuronal Boundary Detection,2015,,Neural Information Processing Systems,core_relevant,surround,False,False,59,10,False,7.0,0.9100079638970002,broker,H. Sebastian Seung / G. Jefferis,4,/Users/wgray13/projects/connectomics-survey/postanalysis/pdfs/files/arxiv_1508.04843.pdf
work_72ea6e613ea36486,Topological organization of connectivity strength in the rat connectome,2015,10.1007/s00429-015-0999-6,Brain Structure and Function,adjacent_relevant,surround,False,False,55,31,False,6.0,0.953278470931776,broker,Olaf Sporns / B. Mišić,3,/Users/wgray13/projects/connectomics-survey/postanalysis/pdfs/files/doi_10.1007_s00429-015-0999-6.pdf
work_47ccbd8bc04d1dc3,Image Segmentation by Size-Dependent Single Linkage Clustering of a Watershed Basin Graph,2015,,arXiv.org,core_relevant,surround,False,False,51,0,False,,,no_graph,H. Sebastian Seung / G. Jefferis,2,/Users/wgray13/projects/connectomics-survey/postanalysis/pdfs/files/arxiv_1505.00249.pdf
work_1be607ebbabecd91,A serial multiplex immunogold labeling method for identifying peptidergic neurons in connectomes,2015,10.7554/elife.11147,bioRxiv,core_relevant,surround,False,False,49,22,False,11.0,0.9312450225643748,broker,Albert Cardona / J. Vogelstein,8,/Users/wgray13/projects/connectomics-survey/postanalysis/pdfs/files/doi_10.7554_elife.11147.pdf
work_9eefccb796e15566,The beginning of connectomics: a commentary on White et al. (1986) ‘The structure of the nervous system of the nematode Caenorhabditis elegans’,2015,10.1098/rstb.2014.0309,Philosophical Transactions of the Royal Society B: Biological Sciences,adjacent_relevant,surround,False,False,49,6,False,5.0,0.9307140960976904,broker,Oliver Hobert / Steven J. Cook,1,/Users/wgray13/projects/connectomics-survey/postanalysis/pdfs/files/doi_10.1098_rstb.2014.0309.pdf
work_f0209d7bdfe6efad,A resource from 3D electron microscopy of hippocampal neuropil for user training and tool development,2015,10.1038/sdata.2015.46,Scientific Data,core_relevant,surround,False,False,47,18,False,9.0,0.9569949561985664,broker,Albert Cardona / J. Vogelstein,8,/Users/wgray13/projects/connectomics-survey/postanalysis/pdfs/files/doi_10.1038_sdata.2015.46.pdf
work_7fe8ac21d730c5c5,Inter-individual stereotypy of the Platynereis larval visual connectome,2015,10.7554/elife.08069,eLife,core_relevant,surround,False,False,46,30,False,11.0,0.9869923015662332,broker,Albert Cardona / J. Vogelstein,6,/Users/wgray13/projects/connectomics-survey/postanalysis/pdfs/files/doi_10.7554_elife.08069.pdf
work_1de3e706afcc6b0d,Optimization of Large-scale Mouse Brain Connectome via Joint Evaluation of DTI and Neuron Tracing Data,2015,10.1016/j.neuroimage.2015.04.050,NeuroImage,adjacent_relevant,surround,False,False,40,0,False,,,no_graph,Xiaoyin Chen / Yonggang Wang,11,/Users/wgray13/projects/connectomics-survey/postanalysis/pdfs/files/doi_10.1016_j.neuroimage.2015.04.050.pdf
work_38787b35074da840,Three-dimensional volume imaging with electron microscopy toward connectome.,2015,10.1093/jmicro/dfu112,Microscopy,adjacent_relevant,surround,False,False,38,3,False,3.0,0.7961242367932041,broker,Nobuhiko Ohno / Mitsuhiko Katoh,5,/Users/wgray13/projects/connectomics-survey/postanalysis/pdfs/files/doi_10.1093_jmicro_dfu112.pdf
work_205b4deb6da9f5bb,A joint graph inference case study: the C. elegans chemical and electrical connectomes,2015,10.1080/21624054.2016.1142041,Worm,core_relevant,surround,False,False,34,1,False,1.0,0.2744889832758163,only_out,Albert Cardona / J. Vogelstein,4,/Users/wgray13/projects/connectomics-survey/postanalysis/pdfs/files/doi_10.1080_21624054.2016.1142041.pdf
work_606f12169fdb3452,Aldehyde-stabilized cryopreservation.,2015,10.1016/j.cryobiol.2015.09.003,Cryobiology,adjacent_relevant,surround,False,False,33,6,False,3.0,0.9187682505972924,broker,R. L. McIntyre / G. Fahy,2,/Users/wgray13/projects/connectomics-survey/postanalysis/pdfs/files/doi_10.1016_j.cryobiol.2015.09.003.pdf
work_dac6806b697ff0a2,Possum—A Framework for Three-Dimensional Reconstruction of Brain Images from Serial Sections,2015,10.1007/s12021-015-9286-1,Neuroinformatics,role_bridge,surround,False,False,32,0,False,,,no_graph,Olaf Sporns / B. Mišić,2,/Users/wgray13/projects/connectomics-survey/postanalysis/pdfs/files/doi_10.1007_s12021-015-9286-1.pdf
work_85e12c3bfbfa6e39,Connectomics: comprehensive approaches for whole-brain mapping.,2015,10.1093/jmicro/dfu103,Microscopy,adjacent_relevant,surround,False,False,26,0,False,,,no_graph,Hideyuki Okano / Alexander Woodward,6,/Users/wgray13/projects/connectomics-survey/postanalysis/pdfs/files/doi_10.1093_jmicro_dfu103.pdf
work_79d3436af1375244,Image-based correction of continuous and discontinuous non-planar axial distortion in serial section microscopy,2015,10.1093/bioinformatics/btw794,Bioinform.,core_relevant,surround,False,False,25,13,False,10.0,0.9548712503318292,broker,J. Lichtman / Hanspeter Pfister,3,/Users/wgray13/projects/connectomics-survey/postanalysis/pdfs/files/doi_10.1093_bioinformatics_btw794.pdf
work_de1e49d97a9a4436,Efficient Semi-Automatic 3D Segmentation for Neuron Tracing in Electron Microscopy Images,2015,10.1016/j.jneumeth.2015.03.005,Journal of Neuroscience Methods,core_relevant,surround,False,False,19,8,False,5.0,0.8282452880276082,broker,James R. Anderson / Bryan William Jones,5,/Users/wgray13/projects/connectomics-survey/postanalysis/pdfs/files/doi_10.1016_j.jneumeth.2015.03.005.pdf
work_59c99b603e8a4641,Connectome of the fly visual circuitry.,2015,10.1093/jmicro/dfu102,Microscopy,adjacent_relevant,surround,False,False,18,0,False,,,no_graph,J. Lichtman / Hanspeter Pfister,1,/Users/wgray13/projects/connectomics-survey/postanalysis/pdfs/files/doi_10.1093_jmicro_dfu102.pdf
work_5d26acb54be70f9d,From a meso- to micro-scale connectome: array tomography and mGRASP,2015,10.3389/fnana.2015.00078,Frontiers in Neuroanatomy,adjacent_relevant,surround,False,False,16,2,False,2.0,0.1189275285372975,only_out,Xiaoyin Chen / Yonggang Wang,5,/Users/wgray13/projects/connectomics-survey/postanalysis/pdfs/files/doi_10.3389_fnana.2015.00078.pdf
work_aa666fd9d2c29faa,Object-based representation and analysis of light and electron microscopic volume data using Blender,2015,10.1186/s12859-015-0652-7,BMC Bioinformatics,core_relevant,surround,False,False,16,9,False,7.0,0.9692062649323068,broker,Albert Cardona / J. Vogelstein,5,/Users/wgray13/projects/connectomics-survey/postanalysis/pdfs/files/doi_10.1186_s12859-015-0652-7.pdf
work_1959a19d27f98c7b,An Iterative Convolutional Neural Network Algorithm Improves Electron Microscopy Image Segmentation,2015,,arXiv.org,core_relevant,surround,False,False,14,7,False,6.0,0.8725776479957525,broker,Xundong Wu,1,/Users/wgray13/projects/connectomics-survey/postanalysis/pdfs/files/arxiv_1506.05849.pdf
work_f1fc09a6b364de70,Dynamic range in the C. elegans brain network.,2015,10.1063/1.4939837,Chaos,adjacent_relevant,surround,False,False,14,0,False,,,no_graph,Philipp Hövel / Jorge Ruiz,1,/Users/wgray13/projects/connectomics-survey/postanalysis/pdfs/files/doi_10.1063_1.4939837.pdf
work_0b2eff5011904b68,Engineering new synaptic connections in the C. elegans connectome,2015,10.4161/21624054.2014.992668,Worm,adjacent_relevant,surround,False,False,13,2,False,2.0,0.6923281125564109,broker,Oliver Hobert / Steven J. Cook,2,/Users/wgray13/projects/connectomics-survey/postanalysis/pdfs/files/doi_10.4161_21624054.2014.992668.pdf
work_15c1e28270c671f9,Integrated Visualization of Human Brain Connectome Data,2015,10.1007/978-3-319-23344-4_29,Brain Informatics and Health,role_bridge,surround,False,False,7,0,False,,,no_graph,Xiaoyin Chen / Yonggang Wang,12,/Users/wgray13/projects/connectomics-survey/postanalysis/pdfs/files/doi_10.1007_978-3-319-23344-4_29.pdf
work_ff6ced605a46204e,Modeling brain circuitry over a wide range of scales,2015,10.3389/fnana.2015.00042,Frontiers in Neuroanatomy,adjacent_relevant,surround,False,False,7,1,False,1.0,0.4510220334483674,only_out,Javier DeFelipe / Michael W. Reimann,2,/Users/wgray13/projects/connectomics-survey/postanalysis/pdfs/files/doi_10.3389_fnana.2015.00042.pdf
work_c2ad8b023ed86e9e,Closing the loop: optimal stimulation of C. elegans neuronal network via adaptive control to exhibit full body movements,2015,10.1186/1471-2202-16-s1-o14,BMC Neuroscience,core_relevant,surround,False,False,5,1,False,1.0,0.0634457127687815,only_out,Xiaoyin Chen / Yonggang Wang,2,/Users/wgray13/projects/connectomics-survey/postanalysis/pdfs/files/doi_10.1186_1471-2202-16-s1-o14.pdf
work_c359e0f8d709c787,What Properties are Desirable from an Electron Microscopy Segmentation Algorithm,2015,,arXiv.org,role_bridge,surround,False,False,3,0,False,,,no_graph,J. Lichtman / Hanspeter Pfister,1,/Users/wgray13/projects/connectomics-survey/postanalysis/pdfs/files/arxiv_1503.05430.pdf
work_26581c4cc7535660,Development of a Big Data Framework for Connectomic Research,2015,,arXiv.org,core_relevant,surround,False,False,2,2,False,2.0,0.4106716219803557,only_out,Terrence Adams,1,/Users/wgray13/projects/connectomics-survey/postanalysis/pdfs/files/arxiv_1501.06102.pdf
work_ada5825461aa0d49,Large-scale EM Analysis of the Drosophila Antennal Lobe with Automatically Computed Synapse Point Clouds,2015,,,core_relevant,surround,False,False,1,5,False,5.0,0.7706397663923547,broker,J. Lichtman / Hanspeter Pfister,10,/Users/wgray13/projects/connectomics-survey/postanalysis/pdfs/files/arxiv_1508.06232.pdf
work_9487955aca364a01,A mesoscale connectome of the mouse brain,2014,10.1038/nature13186,Nature,adjacent_relevant,surround,False,False,2480,284,False,11.0,0.9997345367666578,hub,Xiaoyin Chen / Yonggang Wang,34,/Users/wgray13/projects/connectomics-survey/postanalysis/pdfs/files/doi_10.1038_nature13186.pdf
work_36162776d7c53766,Multilayer Analysis and Visualization of Networks,2014,10.1093/comnet/cnu038,J. Complex Networks,role_bridge,surround,False,False,406,0,False,,,no_graph,M. Domenico / A. Arenas,3,/Users/wgray13/projects/connectomics-survey/postanalysis/pdfs/files/doi_10.1093_comnet_cnu038.pdf
work_38b49edc6e3d2483,Exploring the third dimension: volume electron microscopy comes of age.,2014,10.1016/j.micron.2014.01.009,Micron,adjacent_relevant,surround,False,False,331,0,False,,,no_graph,Xiaoyin Chen / Yonggang Wang,2,/Users/wgray13/projects/connectomics-survey/postanalysis/pdfs/files/doi_10.1016_j.micron.2014.01.009.pdf
work_c285a4f34f98067b,The huge plastic potential of adult brain and the role of connectomics: new insights provided by serial mappings in glioma surgery.,2014,10.1016/j.cortex.2013.08.005,Cortex; a journal devoted to the study of the nervous system and behavior,role_bridge,surround,False,False,316,0,False,,,no_graph,H. Duffau / P. Valdes,1,/Users/wgray13/projects/connectomics-survey/postanalysis/pdfs/files/doi_10.1016_j.cortex.2013.08.005.pdf
work_8bffa66c1a57a9aa,Rapid Golgi Analysis Method for Efficient and Unbiased Classification of Dendritic Spines,2014,10.1371/journal.pone.0107591,PLoS ONE,adjacent_relevant,surround,False,False,307,1,False,1.0,0.7504645606583488,only_in,C. Eroglu / W. C. Risher,5,/Users/wgray13/projects/connectomics-survey/postanalysis/pdfs/files/doi_10.1371_journal.pone.0107591.pdf
work_41a8c234a5f33895,The big data challenges of connectomics,2014,10.1038/nn.3837,Nature Neuroscience,adjacent_relevant,surround,False,False,258,28,False,11.0,0.97079904433236,broker,J. Lichtman / Hanspeter Pfister,3,/Users/wgray13/projects/connectomics-survey/postanalysis/pdfs/files/doi_10.1038_nn.3837.pdf
work_3cce75d511ef6842,Structured synaptic connectivity between hippocampal regions.,2014,10.1016/j.neuron.2013.11.026,Neuron,adjacent_relevant,surround,False,False,183,5,False,5.0,0.8510751260950359,broker,Xiaoyin Chen / Yonggang Wang,7,/Users/wgray13/projects/connectomics-survey/postanalysis/pdfs/files/doi_10.1016_j.neuron.2013.11.026.pdf
work_2d9db6a73a195b1d,Generation of dense statistical connectomes from sparse morphological data,2014,10.3389/fnana.2014.00129,Frontiers in Neuroanatomy,adjacent_relevant,surround,False,False,172,9,False,7.0,0.9230156623307672,broker,M. Helmstaedter / Winfried Denk,5,/Users/wgray13/projects/connectomics-survey/postanalysis/pdfs/files/doi_10.3389_fnana.2014.00129.pdf
work_f6ea4c18473a14ac,Graph Matching: Relax at Your Own Risk,2014,10.1109/tpami.2015.2424894,IEEE Transactions on Pattern Analysis and Machine Intelligence,adjacent_relevant,surround,False,False,165,0,False,,,no_graph,Albert Cardona / J. Vogelstein,6,/Users/wgray13/projects/connectomics-survey/postanalysis/pdfs/files/doi_10.1109_tpami.2015.2424894.pdf
work_b60404473cbd854e,The Stimulus Selectivity and Connectivity of Layer Six Principal Cells Reveals Cortical Microcircuits Underlying Visual Processing,2014,10.1016/j.neuron.2014.08.001,Neuron,adjacent_relevant,surround,False,False,127,2,False,2.0,0.8117865675603929,broker,M. Helmstaedter / Winfried Denk,8,/Users/wgray13/projects/connectomics-survey/postanalysis/pdfs/files/doi_10.1016_j.neuron.2014.08.001.pdf
work_72265483ca325cf9,Identification of Important Nodes in Directed Biological Networks: A Network Motif Approach,2014,10.1371/journal.pone.0106132,PLoS ONE,role_bridge,surround,False,False,115,0,False,,,no_graph,James R. Anderson / Bryan William Jones,3,/Users/wgray13/projects/connectomics-survey/postanalysis/pdfs/files/doi_10.1371_journal.pone.0106132.pdf
work_af593e0b9662ba81,Frustrated hierarchical synchronization and emergent complexity in the human connectome network,2014,10.1038/srep05990,Scientific Reports,adjacent_relevant,surround,False,False,106,0,False,,,no_graph,Javier DeFelipe / Michael W. Reimann,3,/Users/wgray13/projects/connectomics-survey/postanalysis/pdfs/files/doi_10.1038_srep05990.pdf
work_ddf7c8ffd5f4396b,Neuronal connectome of a sensory-motor circuit for visual navigation,2014,10.7554/elife.02730,eLife,core_relevant,surround,False,False,106,33,False,11.0,0.9888505441996284,broker,Albert Cardona / J. Vogelstein,8,/Users/wgray13/projects/connectomics-survey/postanalysis/pdfs/files/doi_10.7554_elife.02730.pdf
work_c4b37b7d968ecae8,The AII amacrine cell connectome: a dense network hub,2014,10.3389/fncir.2014.00104,Front. Neural Circuits,core_relevant,surround,False,False,101,6,False,5.0,0.8497478099283249,broker,James R. Anderson / Bryan William Jones,5,/Users/wgray13/projects/connectomics-survey/postanalysis/pdfs/files/doi_10.3389_fncir.2014.00104.pdf
work_354bd14e8f435b6f,Toward large-scale connectome reconstructions.,2014,10.1016/j.conb.2014.01.019,Current Opinion in Neurobiology,adjacent_relevant,surround,False,False,88,34,False,11.0,0.9896469338996547,broker,J. Lichtman / Hanspeter Pfister,3,/Users/wgray13/projects/connectomics-survey/postanalysis/pdfs/files/doi_10.1016_j.conb.2014.01.019.pdf
work_a4d54fcd6dd11d2c,NeuroMorph: A Toolset for the Morphometric Analysis and Visualization of 3D Models Derived from Electron Microscopy Image Stacks,2014,10.1007/s12021-014-9242-5,Neuroinformatics,core_relevant,surround,False,False,84,0,False,,,no_graph,Javier DeFelipe / Michael W. Reimann,6,/Users/wgray13/projects/connectomics-survey/postanalysis/pdfs/files/doi_10.1007_s12021-014-9242-5.pdf
work_71a75ab0de08abf0,A genetically specified connectomics approach applied to long-range feeding regulatory circuits,2014,10.1038/nn.3854,Nature Neuroscience,core_relevant,surround,False,False,81,16,False,8.0,0.9535439341651182,broker,Xiaoyin Chen / Yonggang Wang,9,/Users/wgray13/projects/connectomics-survey/postanalysis/pdfs/files/doi_10.1038_nn.3854.pdf
work_9fcf57e381b11acb,Automated Detection of Synapses in Serial Section Transmission Electron Microscopy Image Stacks,2014,10.1371/journal.pone.0087351,PLoS ONE,core_relevant,surround,False,False,65,0,False,,,no_graph,Javier DeFelipe / Michael W. Reimann,5,/Users/wgray13/projects/connectomics-survey/postanalysis/pdfs/files/doi_10.1371_journal.pone.0087351.pdf
work_78203103685e9d4e,Automatic discovery of cell types and microcircuitry from neural connectomics,2014,10.7554/elife.04250,eLife,core_relevant,surround,False,False,63,6,False,6.0,0.9705335810990178,only_in,Albert Cardona / J. Vogelstein,2,/Users/wgray13/projects/connectomics-survey/postanalysis/pdfs/files/doi_10.7554_elife.04250.pdf
work_b5ff748c577ee45c,Design and Evaluation of Interactive Proofreading Tools for Connectomics,2014,10.1109/tvcg.2014.2346371,IEEE Transactions on Visualization and Computer Graphics,core_relevant,surround,False,False,60,21,False,11.0,0.9811521104327052,broker,J. Lichtman / Hanspeter Pfister,7,/Users/wgray13/projects/connectomics-survey/postanalysis/pdfs/files/doi_10.1109_tvcg.2014.2346371.pdf
work_aa243bbb4279b65b,Graph-based active learning of agglomeration (GALA): a Python library to segment 2D and 3D neuroimages,2014,10.3389/fninf.2014.00034,Front. Neuroinform.,core_relevant,surround,False,False,58,22,False,11.0,0.992832492699761,broker,J. Lichtman / Hanspeter Pfister,5,/Users/wgray13/projects/connectomics-survey/postanalysis/pdfs/files/doi_10.3389_fninf.2014.00034.pdf
work_8ba1309e39ad81af,The Budapest Reference Connectome Server v2.0.,2014,10.1016/j.neulet.2015.03.071,Neuroscience Letters,role_bridge,surround,False,False,47,0,False,,,no_graph,B. Szalkai / V. Grolmusz,4,/Users/wgray13/projects/connectomics-survey/postanalysis/pdfs/files/doi_10.1016_j.neulet.2015.03.071.pdf
work_6b5b79f0d0fe1451,"From Caenorhabditis elegans to the human connectome: a specific modular organization increases metabolic, functional and developmental efficiency",2014,10.1098/rstb.2013.0529,Philosophical Transactions of the Royal Society B: Biological Sciences,adjacent_relevant,surround,False,False,40,13,False,5.0,0.944783647464826,broker,H. Sebastian Seung / G. Jefferis,2,/Users/wgray13/projects/connectomics-survey/postanalysis/pdfs/files/doi_10.1098_rstb.2013.0529.pdf
work_4cf725eac3b48f0e,"Wiring patterns in the mouse retina: collecting evidence across the connectome, physiology and light microscopy",2014,10.1113/jphysiol.2014.277228,Journal of Physiology,adjacent_relevant,surround,False,False,37,0,False,,,no_graph,M. Helmstaedter / Winfried Denk,2,/Users/wgray13/projects/connectomics-survey/postanalysis/pdfs/files/doi_10.1113_jphysiol.2014.277228.pdf
work_02c77af0d554feec,A Context-Aware Delayed Agglomeration Framework for Electron Microscopy Segmentation,2014,10.1371/journal.pone.0125825,PLoS ONE,core_relevant,surround,False,False,35,23,False,11.0,0.9819485001327316,broker,J. Lichtman / Hanspeter Pfister,4,/Users/wgray13/projects/connectomics-survey/postanalysis/pdfs/files/doi_10.1371_journal.pone.0125825.pdf
work_ad4b69a298ffc313,Engrailed Alters the Specificity of Synaptic Connections of Drosophila Auditory Neurons with the Giant Fiber,2014,10.1523/jneurosci.1939-14.2014,Journal of Neuroscience,adjacent_relevant,surround,False,False,30,1,False,1.0,0.7194053623573136,only_in,H. Sebastian Seung / G. Jefferis,4,/Users/wgray13/projects/connectomics-survey/postanalysis/pdfs/files/doi_10.1523_jneurosci.1939-14.2014.pdf
work_4396bf2e9890909a,The natverse: a versatile computational toolbox to combine and analyse neuroanatomical data,2014,10.1101/006353,bioRxiv,adjacent_relevant,surround,False,False,28,13,False,11.0,0.9365542872312184,broker,H. Sebastian Seung / G. Jefferis,7,/Users/wgray13/projects/connectomics-survey/postanalysis/pdfs/files/doi_10.1101_006353.pdf
work_ac41925112f24658,Using mammalian GFP reconstitution across synaptic partners (mGRASP) to map synaptic connectivity in the mouse brain,2014,10.1038/nprot.2014.166,Nature Protocols,adjacent_relevant,surround,False,False,28,1,False,1.0,0.2001592779400053,only_out,Xiaoyin Chen / Yonggang Wang,5,/Users/wgray13/projects/connectomics-survey/postanalysis/pdfs/files/doi_10.1038_nprot.2014.166.pdf
work_a56b40449cfa0f07,Automatic Neuron Type Identification by Neurite Localization in the Drosophila Medulla,2014,,arXiv.org,core_relevant,surround,False,False,27,3,False,3.0,0.7239182373241306,broker,J. Lichtman / Hanspeter Pfister,2,/Users/wgray13/projects/connectomics-survey/postanalysis/pdfs/files/arxiv_1409.1892.pdf
work_9de42838001f372f,An automated images-to-graphs framework for high resolution connectomics,2014,10.3389/fninf.2015.00020,Front. Neuroinform.,core_relevant,surround,False,False,26,22,False,10.0,0.959384125298646,broker,Albert Cardona / J. Vogelstein,11,/Users/wgray13/projects/connectomics-survey/postanalysis/pdfs/files/doi_10.3389_fninf.2015.00020.pdf
work_8807986533ec5350,Annotating Synapses in Large EM Datasets,2014,,arXiv.org,core_relevant,surround,False,False,25,20,False,11.0,0.9816830368993894,broker,J. Lichtman / Hanspeter Pfister,6,/Users/wgray13/projects/connectomics-survey/postanalysis/pdfs/files/arxiv_1409.1801.pdf
work_dbd4531530e79a48,"Motif-Role-Fingerprints: The Building-Blocks of Motifs, Clustering-Coefficients and Transitivities in Directed Networks",2014,10.1371/journal.pone.0114503,PLoS ONE,adjacent_relevant,surround,False,False,21,4,False,4.0,0.6872843111229094,broker,M. McDonnell / L. M. Ward,5,/Users/wgray13/projects/connectomics-survey/postanalysis/pdfs/files/doi_10.1371_journal.pone.0114503.pdf
work_e72522d83aedc294,From cosmos to connectomes: the evolution of data-intensive science.,2014,10.1016/j.neuron.2014.08.045,Neuron,role_bridge,surround,False,False,21,0,False,,,no_graph,Albert Cardona / J. Vogelstein,3,/Users/wgray13/projects/connectomics-survey/postanalysis/pdfs/files/doi_10.1016_j.neuron.2014.08.045.pdf
work_2241b9b401acc9e2,The Big Data Problem: Turning Maps into Knowledge,2014,10.1016/j.neuron.2014.09.008,Neuron,adjacent_relevant,surround,False,False,19,2,False,2.0,0.2951951154765065,only_out,J. Lichtman / Hanspeter Pfister,1,/Users/wgray13/projects/connectomics-survey/postanalysis/pdfs/files/doi_10.1016_j.neuron.2014.09.008.pdf
work_eccb631270c7418f,Focused Proofreading: Efficiently Extracting Connectomes from Segmented EM Images,2014,,arXiv.org,core_relevant,surround,False,False,16,7,False,6.0,0.946110963631537,broker,J. Lichtman / Hanspeter Pfister,1,/Users/wgray13/projects/connectomics-survey/postanalysis/pdfs/files/arxiv_1409.1199.pdf
work_81c0fdc6a538cfed,Mapping circuits beyond the models: integrating connectomics and comparative neuroscience.,2014,10.1016/j.neuron.2014.08.032,Neuron,adjacent_relevant,surround,False,False,15,0,False,,,no_graph,Melina E. Hale,1,/Users/wgray13/projects/connectomics-survey/postanalysis/pdfs/files/doi_10.1016_j.neuron.2014.08.032.pdf
work_14d220daa1425835,"Dissecting a neuron network: FIB-SEM-based 3D-reconstruction of the visual neuropils in the sea spider Achelia langi (Dohrn, 1881) (Pycnogonida)",2014,10.1186/s12915-014-0059-3,BMC Biology,core_relevant,surround,False,False,13,7,False,6.0,0.0031855588001061,only_out,M. Heß / G. Wanner,4,/Users/wgray13/projects/connectomics-survey/postanalysis/pdfs/files/doi_10.1186_s12915-014-0059-3.pdf
work_fc893d85a8e35b6b,Post-acquisition image based compensation for thickness variation in microscopy section series,2014,10.1109/isbi.2015.7163922,IEEE International Symposium on Biomedical Imaging,core_relevant,surround,False,False,13,3,False,3.0,0.9423944783647464,broker,J. Lichtman / Hanspeter Pfister,3,/Users/wgray13/projects/connectomics-survey/postanalysis/pdfs/files/doi_10.1109_isbi.2015.7163922.pdf
work_4c57aec0d5a67e11,Polarity-specific high-level information propagation in neural networks,2014,10.3389/fninf.2014.00027,Front. Neuroinform.,adjacent_relevant,surround,False,False,9,0,False,,,no_graph,James R. Anderson / Bryan William Jones,4,/Users/wgray13/projects/connectomics-survey/postanalysis/pdfs/files/doi_10.3389_fninf.2014.00027.pdf
work_411b979fc16bbb2d,Volumetric Exploitation of Synaptic Information using Context Localization and Evaluation,2014,,arXiv.org,core_relevant,surround,False,False,6,3,False,3.0,0.8654101406955137,broker,Albert Cardona / J. Vogelstein,10,/Users/wgray13/projects/connectomics-survey/postanalysis/pdfs/files/arxiv_1403.3724.pdf
work_a5ffdcdb193e952c,CoCoTools: Open-source Software for Building Connectomes Using the CoCoMac Anatomical Database,2014,10.1162/jocn_a_00498,Journal of Cognitive Neuroscience,adjacent_relevant,surround,False,False,4,0,False,,,no_graph,Olaf Sporns / B. Mišić,4,/Users/wgray13/projects/connectomics-survey/postanalysis/pdfs/files/doi_10.1162_jocn_a_00498.pdf
work_b9bc79c1007d6364,A Modular Hierarchical Approach to 3D Electron Microscopy Image Segmentation,2014,10.1016/j.jneumeth.2014.01.022,Journal of Neuroscience Methods,core_relevant,surround,False,False,2,1,False,1.0,0.4852667905495089,only_out,James R. Anderson / Bryan William Jones,4,/Users/wgray13/projects/connectomics-survey/postanalysis/pdfs/files/doi_10.1016_j.jneumeth.2014.01.022.pdf
work_19484211ce0ace31,Automatic Annotation of Axoplasmic Reticula in Pursuit of Connectomes using High-Resolution Neural EM Data,2014,,arXiv.org,core_relevant,surround,False,False,1,1,False,1.0,0.6663127156888771,only_out,Albert Cardona / J. Vogelstein,11,/Users/wgray13/projects/connectomics-survey/postanalysis/pdfs/files/arxiv_1405.1965.pdf
work_308f5478abdb4fa4,Two-sample Hypothesis Testing for Random Dot Product Graphs via Adjacency Spectral Embedding,2014,,,adjacent_relevant,surround,False,False,1,0,False,,,no_graph,Albert Cardona / J. Vogelstein,5,/Users/wgray13/projects/connectomics-survey/postanalysis/pdfs/files/arxiv_1403.7249.pdf
work_8e8573ac5d1bbfd7,Common Connectome Constraints: From C. elegans and Drosophila to Homo sapiens,2014,,,adjacent_relevant,surround,False,False,1,0,False,,,no_graph,Marcus Kaiser / Sreedevi Varier,1,/Users/wgray13/projects/connectomics-survey/postanalysis/pdfs/files/arxiv_1405.3334.pdf
work_fa051e7c13eddea6,The micron-scale structural organization of hippocampal area CA1 neuropil,2014,10.1101/003863,,core_relevant,surround,False,False,0,1,False,1.0,0.1847624104061587,only_out,Albert Cardona / J. Vogelstein,1,/Users/wgray13/projects/connectomics-survey/postanalysis/pdfs/files/doi_10.1101_003863.pdf
work_b394d6859daf9fc2,BrainNet Viewer: A Network Visualization Tool for Human Brain Connectomics,2013,10.1371/journal.pone.0068910,PLoS ONE,role_bridge,surround,False,False,4094,0,False,,,no_graph,Xiaoyin Chen / Yonggang Wang,3,/Users/wgray13/projects/connectomics-survey/postanalysis/pdfs/files/doi_10.1371_journal.pone.0068910.pdf
work_0a6f89f17fb7c4a5,"Graph analysis of the human connectome: Promise, progress, and pitfalls",2013,10.1016/j.neuroimage.2013.04.087,NeuroImage,adjacent_relevant,surround,False,False,752,0,False,,,no_graph,Olaf Sporns / B. Mišić,3,/Users/wgray13/projects/connectomics-survey/postanalysis/pdfs/files/doi_10.1016_j.neuroimage.2013.04.087.pdf
work_1afd0f5b17737035,From the connectome to brain function,2013,10.1038/nmeth.2451,Nature Methods,adjacent_relevant,surround,False,False,567,41,False,11.0,0.992567029466419,broker,E. Marder / Cori Bargmann,2,/Users/wgray13/projects/connectomics-survey/postanalysis/pdfs/files/doi_10.1038_nmeth.2451.pdf
work_403be6bf6a79f219,"Human Connectome Project Informatics: quality control, database services, and data visualization",2013,10.1016/j.neuroimage.2013.05.077,NeuroImage,role_bridge,surround,False,False,459,0,False,,,no_graph,Albert Cardona / J. Vogelstein,24,/Users/wgray13/projects/connectomics-survey/postanalysis/pdfs/files/doi_10.1016_j.neuroimage.2013.05.077.pdf
work_2c6fe44c1be1c300,Cellular-resolution connectomics: challenges of dense neural circuit reconstruction,2013,10.1038/nmeth.2476,Nature Methods,adjacent_relevant,surround,False,False,305,0,False,,,no_graph,M. Helmstaedter / Winfried Denk,1,/Users/wgray13/projects/connectomics-survey/postanalysis/pdfs/files/doi_10.1038_nmeth.2476.pdf
work_679e6fe231f7c345,Connectomics and epilepsy,2013,10.1097/wco.0b013e32835ee5b8,Current Opinion in Neurology,role_bridge,surround,False,False,253,0,False,,,no_graph,Olaf Sporns / B. Mišić,6,/Users/wgray13/projects/connectomics-survey/postanalysis/pdfs/files/doi_10.1097_wco.0b013e32835ee5b8.pdf
work_a09956f2846bbe45,Large-scale network organization in the avian forebrain: a connectivity matrix and theoretical analysis,2013,10.3389/fncom.2013.00089,Frontiers in Computational Neuroscience,adjacent_relevant,surround,False,False,227,0,False,,,no_graph,O. Güntürkün / Roland Pusch,5,/Users/wgray13/projects/connectomics-survey/postanalysis/pdfs/files/doi_10.3389_fncom.2013.00089.pdf
work_6e526e10c76c2156,Deconstructing Complexity: Serial Block-Face Electron Microscopic Analysis of the Hippocampal Mossy Fiber Synapse,2013,10.1523/jneurosci.1600-12.2013,Journal of Neuroscience,core_relevant,surround,False,False,163,4,False,3.0,0.8468277143615609,broker,Xiaoyin Chen / Yonggang Wang,9,/Users/wgray13/projects/connectomics-survey/postanalysis/pdfs/files/doi_10.1523_jneurosci.1600-12.2013.pdf
work_a811ceacfcca68a7,Why not connectomics?,2013,10.1038/nmeth.2480,Nature Methods,role_bridge,surround,False,False,149,21,False,11.0,0.9774356251659144,broker,J. Lichtman / Hanspeter Pfister,2,/Users/wgray13/projects/connectomics-survey/postanalysis/pdfs/files/doi_10.1038_nmeth.2480.pdf
work_975468f3186a2d44,Large-Scale Automatic Reconstruction of Neuronal Processes from Electron Microscopy Images,2013,10.1016/j.media.2015.02.001,Medical Image Anal.,core_relevant,surround,False,False,138,0,False,,,no_graph,J. Lichtman / Hanspeter Pfister,9,/Users/wgray13/projects/connectomics-survey/postanalysis/pdfs/files/doi_10.1016_j.media.2015.02.001.pdf
work_0c53b6e2719558ce,Visualizing the human connectome,2013,10.1016/j.neuroimage.2013.04.111,NeuroImage,adjacent_relevant,surround,False,False,106,0,False,,,no_graph,Olaf Sporns / B. Mišić,4,/Users/wgray13/projects/connectomics-survey/postanalysis/pdfs/files/doi_10.1016_j.neuroimage.2013.04.111.pdf
work_bd659575fd047af2,Conditional Ablation of Neuroprogenitor Cells in Adult Mice Impedes Recovery of Poststroke Cognitive Function and Reduces Synaptic Connectivity in the Perforant Pathway,2013,10.1523/jneurosci.2129-13.2013,Journal of Neuroscience,adjacent_relevant,surround,False,False,89,1,False,1.0,0.851340589328378,only_in,James R. Anderson / Bryan William Jones,8,/Users/wgray13/projects/connectomics-survey/postanalysis/pdfs/files/doi_10.1523_jneurosci.2129-13.2013.pdf
work_6ab1a546945ea8a5,Connectomic approaches before the connectome,2013,10.1016/j.neuroimage.2013.05.109,NeuroImage,adjacent_relevant,surround,False,False,82,0,False,,,no_graph,M. Catani / F. Dell’Acqua,4,/Users/wgray13/projects/connectomics-survey/postanalysis/pdfs/files/doi_10.1016_j.neuroimage.2013.05.109.pdf
work_c52eb93ad06102ec,ConnectomeExplorer: Query-Guided Visual Analysis of Large Volumetric Neuroscience Data,2013,10.1109/tvcg.2013.142,IEEE Transactions on Visualization and Computer Graphics,core_relevant,surround,False,False,80,18,False,9.0,0.9755773825325192,broker,J. Lichtman / Hanspeter Pfister,6,/Users/wgray13/projects/connectomics-survey/postanalysis/pdfs/files/doi_10.1109_tvcg.2013.142.pdf
work_45cef90e755de84c,Functional allocation of synaptic contacts in microcircuits from rods via rod bipolar to AII amacrine cells in the mouse retina,2013,10.1002/cne.23370,The Journal of comparative neurology,core_relevant,surround,False,False,78,3,False,3.0,0.8473586408282453,only_in,M. Helmstaedter / Winfried Denk,2,/Users/wgray13/projects/connectomics-survey/postanalysis/pdfs/files/doi_10.1002_cne.23370.pdf
work_d8dbac1449fbb6d8,A modeling framework for deriving the structural and functional architecture of a short-term memory microcircuit,2013,10.1016/j.neuron.2013.06.041,Neuron,adjacent_relevant,surround,False,False,78,4,False,4.0,0.8186886116272897,only_in,Albert Cardona / J. Vogelstein,5,/Users/wgray13/projects/connectomics-survey/postanalysis/pdfs/files/doi_10.1016_j.neuron.2013.06.041.pdf
work_5045439101c78123,Analyzing the structure and function of neuronal circuits in zebrafish,2013,10.3389/fncir.2013.00071,Front. Neural Circuits,adjacent_relevant,surround,False,False,75,0,False,,,no_graph,M. Helmstaedter / Winfried Denk,3,/Users/wgray13/projects/connectomics-survey/postanalysis/pdfs/files/doi_10.3389_fncir.2013.00071.pdf
work_bc2a2e1a0560d061,Automated Transmission-Mode Scanning Electron Microscopy (tSEM) for Large Volume Analysis at Nanoscale Resolution,2013,10.1371/journal.pone.0059573,PLoS ONE,core_relevant,surround,False,False,71,6,False,5.0,0.8651446774621715,broker,Albert Cardona / J. Vogelstein,4,/Users/wgray13/projects/connectomics-survey/postanalysis/pdfs/files/doi_10.1371_journal.pone.0059573.pdf
work_da35586ff18e6e97,The Open Connectome Project Data Cluster: Scalable Analysis and Vision for High-Throughput Neuroscience,2013,10.1145/2484838.2484870,International Conference on Statistical and Scientific Database Management,role_bridge,surround,False,False,63,24,False,9.0,0.9803557207326784,broker,Albert Cardona / J. Vogelstein,20,/Users/wgray13/projects/connectomics-survey/postanalysis/pdfs/files/doi_10.1145_2484838.2484870.pdf
work_9d96b84703d1ad10,Computer Assisted Assembly of Connectomes from Electron Micrographs: Application to Caenorhabditis elegans,2013,10.1371/journal.pone.0054050,PLoS ONE,core_relevant,surround,False,False,52,2,False,2.0,0.9540748606318024,only_in,Oliver Hobert / Steven J. Cook,6,/Users/wgray13/projects/connectomics-survey/postanalysis/pdfs/files/doi_10.1371_journal.pone.0054050.pdf
work_9d0a8110aa5c5e21,Exploring the Connectome,2013,10.1109/mcg.2013.55,IEEE Computer Graphics and Applications,core_relevant,surround,False,False,48,6,False,6.0,0.9522166179984072,broker,J. Lichtman / Hanspeter Pfister,7,/Users/wgray13/projects/connectomics-survey/postanalysis/pdfs/files/doi_10.1109_mcg.2013.55.pdf
work_7a72a1edac8e6c06,Deep and Wide Multiscale Recursive Networks for Robust Image Labeling,2013,,International Conference on Learning Representations,role_bridge,surround,False,False,45,9,False,7.0,0.9822139633660738,broker,J. Lichtman / Hanspeter Pfister,2,/Users/wgray13/projects/connectomics-survey/postanalysis/pdfs/files/arxiv_1310.0354.pdf
work_f6d59143f867369b,ON Cone Bipolar Cell Axonal Synapses in the OFF Inner Plexiform Layer of the Rabbit Retina,2013,10.1002/cne.23244,The Journal of comparative neurology,core_relevant,surround,False,False,37,4,False,4.0,0.8165649057605522,broker,James R. Anderson / Bryan William Jones,7,/Users/wgray13/projects/connectomics-survey/postanalysis/pdfs/files/doi_10.1002_cne.23244.pdf
work_c3d2ff5751f373b9,The history of CoCoMac,2013,10.1016/j.neuroimage.2013.03.016,NeuroImage,role_bridge,surround,False,False,35,0,False,,,no_graph,K. Stephan,1,/Users/wgray13/projects/connectomics-survey/postanalysis/pdfs/files/doi_10.1016_j.neuroimage.2013.03.016.pdf
work_ce7ad39365f63884,neuroMAP — Interactive graph-visualization of the fruit fly's neural circuit,2013,10.1109/biovis.2013.6664349,IEEE Symposium on Biological Data Visualization,role_bridge,surround,False,False,35,0,False,,,no_graph,Xiaoyin Chen / Yonggang Wang,5,/Users/wgray13/projects/connectomics-survey/postanalysis/pdfs/files/doi_10.1109_biovis.2013.6664349.pdf
work_440fb4477db86d46,VolRoverN: Enhancing surface and volumetric reconstruction for realistic dynamical simulation of cellular and subcellular function,2013,10.1007/s12021-013-9205-2,Neuroinformatics,role_bridge,surround,False,False,25,0,False,,,no_graph,Albert Cardona / J. Vogelstein,8,/Users/wgray13/projects/connectomics-survey/postanalysis/pdfs/files/doi_10.1007_s12021-013-9205-2.pdf
work_2713518d047c5d83,DP2: Distributed 3D image segmentation using micro-labor workforce,2013,10.1093/bioinformatics/btt154,Bioinform.,role_bridge,surround,False,False,23,0,False,,,no_graph,James R. Anderson / Bryan William Jones,3,/Users/wgray13/projects/connectomics-survey/postanalysis/pdfs/files/doi_10.1093_bioinformatics_btt154.pdf
work_69eab38f3c80cc87,Mapping mammalian synaptic connectivity,2013,10.1007/s00018-013-1417-y,Cellular and Molecular Life Sciences,adjacent_relevant,surround,False,False,19,1,False,1.0,0.0217679851340589,only_out,Xiaoyin Chen / Yonggang Wang,3,/Users/wgray13/projects/connectomics-survey/postanalysis/pdfs/files/doi_10.1007_s00018-013-1417-y.pdf
work_363f7d32a40b6f99,Structural and functional analysis of single neurons to correlate synaptic connectivity with grooming behavior,2013,10.1038/nprot.2013.157,Nature Protocols,adjacent_relevant,surround,False,False,16,2,False,2.0,0.7966551632598885,only_in,Xiaoyin Chen / Yonggang Wang,3,/Users/wgray13/projects/connectomics-survey/postanalysis/pdfs/files/doi_10.1038_nprot.2013.157.pdf
work_06fed2e30ee196ac,The connectomics challenge.,2013,10.11138/fneur/2013.28.3.167,Functional Neurology,adjacent_relevant,surround,False,False,15,0,False,,,no_graph,L. Silvestri / F. Pavone,3,/Users/wgray13/projects/connectomics-survey/postanalysis/pdfs/files/doi_10.11138_fneur_2013.28.3.167.pdf
work_93d2ee6696b78490,WATERSHED MERGE FOREST CLASSIFICATION FOR ELECTRON MICROSCOPY IMAGE STACK SEGMENTATION,2013,10.1109/icip.2013.6738838,2013 IEEE International Conference on Image Processing,core_relevant,surround,False,False,15,3,False,3.0,0.9216883461640564,broker,Xiaoyin Chen / Yonggang Wang,4,/Users/wgray13/projects/connectomics-survey/postanalysis/pdfs/files/doi_10.1109_icip.2013.6738838.pdf
work_fd85858fb226a2fb,Mojo 2.0: Connectome Annotation Tool,2013,10.3389/conf.fninf.2013.09.00060,,core_relevant,surround,False,False,15,10,False,9.0,0.9588531988319616,broker,K. Seymour / Lichtman Jeff,6,postanalysis/pdfs/files/doi_10.3389_conf.fninf.2013.09.00060.pdf
work_0dedb1df42525fe9,How do you wire a brain?,2013,10.3389/fnana.2013.00014,Frontiers in Neuroanatomy,adjacent_relevant,surround,False,False,7,2,False,2.0,0.3042208654101407,only_out,Olaf Sporns / B. Mišić,2,/Users/wgray13/projects/connectomics-survey/postanalysis/pdfs/files/doi_10.3389_fnana.2013.00014.pdf
work_f7cf39ff629c4544,"Retinal Connectomics: Towards Complete, Accurate Networks",2013,10.1016/j.preteyeres.2013.08.002,Progress in retinal and eye research,adjacent_relevant,surround,False,False,6,0,False,,,no_graph,James R. Anderson / Bryan William Jones,6,postanalysis/pdfs/files/doi_10.1016_j.preteyeres.2013.08.002.pdf
work_452c63f080d3a726,Connectomics: The dense reconstruction of neuronal circuits using volume electron microscopy,2013,10.1017/s1431927613003991,Microscopy and Microanalysis,adjacent_relevant,surround,False,False,1,0,False,0.0,0.4685426068489514,isolate,M. Helmstaedter / Winfried Denk,1,postanalysis/pdfs/files/doi_10.1017_s1431927613003991.pdf
work_79637f99f0c0390e,NEUROMODULATION OF NEURONAL CIRCUITS: BACK TO THE FUTURE,2012,10.1016/j.neuron.2012.09.010,Neuron,adjacent_relevant,surround,False,False,899,16,False,10.0,0.9731882134324396,only_in,E. Marder / Cori Bargmann,1,/Users/wgray13/projects/connectomics-survey/postanalysis/pdfs/files/doi_10.1016_j.neuron.2012.09.010.pdf
work_d2df514fdb3df8f0,Volume electron microscopy for neuronal circuit reconstruction.,2012,10.1016/j.conb.2011.10.022,Current Opinion in Neurobiology,adjacent_relevant,surround,False,False,359,33,False,11.0,0.98539952216618,broker,M. Helmstaedter / Winfried Denk,2,/Users/wgray13/projects/connectomics-survey/postanalysis/pdfs/files/doi_10.1016_j.conb.2011.10.022.pdf
work_bd78895f1e68ded3,Visualizing Neuromodulation In Vivo: TANGO-Mapping of Dopamine Signaling Reveals Appeptite Control of Sugar Sensing,2012,10.1016/j.cell.2011.12.022,Cell,adjacent_relevant,surround,False,False,317,4,False,4.0,0.9479692062649324,only_in,Albert Cardona / J. Vogelstein,9,/Users/wgray13/projects/connectomics-survey/postanalysis/pdfs/files/doi_10.1016_j.cell.2011.12.022.pdf
work_be80d8a355c9f3bc,Large scale brain models of epilepsy: dynamics meets connectomics,2012,10.1136/jnnp-2011-301944,Journal of Neurology Neurosurgery & Psychiatry,adjacent_relevant,surround,False,False,297,0,False,,,no_graph,M. Helmstaedter / Winfried Denk,1,/Users/wgray13/projects/connectomics-survey/postanalysis/pdfs/files/doi_10.1136_jnnp-2011-301944.pdf
work_5cafb08614aad0c5,Spatial profile of excitatory and inhibitory synaptic connectivity in mouse primary auditory cortex,2012,10.1523/jneurosci.5158-11.2012,Journal of Neuroscience,adjacent_relevant,surround,False,False,225,2,False,2.0,0.8319617732943987,only_in,Robert B. Levy / A. Reyes,2,/Users/wgray13/projects/connectomics-survey/postanalysis/pdfs/files/doi_10.1523_jneurosci.5158-11.2012.pdf
work_8126c1ea07c45313,From simple graphs to the connectome: Networks in neuroimaging,2012,10.1016/j.neuroimage.2011.08.085,NeuroImage,adjacent_relevant,surround,False,False,173,0,False,,,no_graph,Olaf Sporns / B. Mišić,1,/Users/wgray13/projects/connectomics-survey/postanalysis/pdfs/files/doi_10.1016_j.neuroimage.2011.08.085.pdf
work_cc98657871401e23,CoCoMac 2.0 and the future of tract-tracing databases,2012,10.3389/fninf.2012.00030,Front. Neuroinform.,role_bridge,surround,False,False,172,29,False,5.0,0.9864613750995488,broker,Olaf Sporns / B. Mišić,3,/Users/wgray13/projects/connectomics-survey/postanalysis/pdfs/files/doi_10.3389_fninf.2012.00030.pdf
work_8940c7ec97850be8,The UCLA multimodal connectivity database: a web-based platform for brain connectivity matrix sharing and analysis,2012,10.3389/fninf.2012.00028,Front. Neuroinform.,role_bridge,surround,False,False,144,0,False,,,no_graph,S. Bookheimer / M. Díaz-Santos,5,/Users/wgray13/projects/connectomics-survey/postanalysis/pdfs/files/doi_10.3389_fninf.2012.00028.pdf
work_6d75c7ef9c4a7b7e,Interactive Volume Exploration of Petascale Microscopy Data Streams Using a Visualization-Driven Virtual Memory Approach,2012,10.1109/tvcg.2012.240,IEEE Transactions on Visualization and Computer Graphics,role_bridge,surround,False,False,103,0,False,,,no_graph,J. Lichtman / Hanspeter Pfister,4,/Users/wgray13/projects/connectomics-survey/postanalysis/pdfs/files/doi_10.1109_tvcg.2012.240.pdf
work_6212be61070586b3,From functional architecture to functional connectomics,2012,10.1016/j.neuron.2012.06.031,Neuron,adjacent_relevant,surround,False,False,82,0,False,,,no_graph,H. Sebastian Seung / G. Jefferis,1,/Users/wgray13/projects/connectomics-survey/postanalysis/pdfs/files/doi_10.1016_j.neuron.2012.06.031.pdf
work_bfa5881831a8dcff,Morphology and Physiology of Excitatory Neurons in Layer 6b of the Somatosensory Rat Barrel Cortex,2012,10.1093/cercor/bhs254,Cerebral Cortex,adjacent_relevant,surround,False,False,78,1,False,1.0,0.7985134058932838,only_in,M. Marx / D. Feldmeyer,2,/Users/wgray13/projects/connectomics-survey/postanalysis/pdfs/files/doi_10.1093_cercor_bhs254.pdf
work_ddf9e040f87db575,Computational Methods and Challenges for Large-Scale Circuit Mapping,2012,10.1016/j.conb.2011.11.010,Current Opinion in Neurobiology,adjacent_relevant,surround,False,False,76,0,False,,,no_graph,M. Helmstaedter / Winfried Denk,2,/Users/wgray13/projects/connectomics-survey/postanalysis/pdfs/files/doi_10.1016_j.conb.2011.11.010.pdf
work_d3cf22e003428382,Statistical Inference on Errorfully Observed Graphs,2012,10.1080/10618600.2014.951049,,adjacent_relevant,surround,False,False,59,0,False,,,no_graph,Albert Cardona / J. Vogelstein,4,/Users/wgray13/projects/connectomics-survey/postanalysis/pdfs/files/doi_10.1080_10618600.2014.951049.pdf
work_570ccc0ab045e65e,Comprehensive connectivity of the mouse main olfactory bulb: analysis and online digital atlas,2012,10.3389/fnana.2012.00030,Frontiers in Neuroanatomy,adjacent_relevant,surround,False,False,52,0,False,,,no_graph,Xiaoyin Chen / Yonggang Wang,10,/Users/wgray13/projects/connectomics-survey/postanalysis/pdfs/files/doi_10.3389_fnana.2012.00030.pdf
work_59719b09bf6b2511,Meeting the Memory Challenges of Brain-Scale Network Simulation,2012,10.3389/fninf.2011.00035,Front. Neuroinform.,role_bridge,surround,False,False,48,1,False,1.0,0.838067427661269,only_in,Olaf Sporns / B. Mišić,6,/Users/wgray13/projects/connectomics-survey/postanalysis/pdfs/files/doi_10.3389_fninf.2011.00035.pdf
work_0133b141f368655b,Combining collation and annotation efforts toward completion of the rat and mouse connectomes in BAMS,2012,10.3389/fninf.2012.00002,Front. Neuroinform.,role_bridge,surround,False,False,46,0,False,,,no_graph,Xiaoyin Chen / Yonggang Wang,3,/Users/wgray13/projects/connectomics-survey/postanalysis/pdfs/files/doi_10.3389_fninf.2012.00002.pdf
work_61f679ca5be263a0,Beyond counts and shapes: Studying pathology of dendritic spines in the context of the surrounding neuropil through serial section electron microscopy,2012,10.1016/j.neuroscience.2012.04.061,Neuroscience,core_relevant,surround,False,False,41,3,False,3.0,0.8247942659941598,broker,Albert Cardona / J. Vogelstein,3,/Users/wgray13/projects/connectomics-survey/postanalysis/pdfs/files/doi_10.1016_j.neuroscience.2012.04.061.pdf
work_10625a8cbeb96224,Visualization in Connectomics,2012,10.1007/978-1-4471-6497-5_21,Scientific Visualization,adjacent_relevant,surround,False,False,36,0,False,,,no_graph,J. Lichtman / Hanspeter Pfister,7,/Users/wgray13/projects/connectomics-survey/postanalysis/pdfs/files/doi_10.1007_978-1-4471-6497-5_21.pdf
work_37030834c8ad719e,Stability of Presynaptic Vesicle Pools and Changes in Synapse Morphology in the Amygdala Following Fear Learning in Adult Rats,2012,10.1002/cne.22691,The Journal of comparative neurology,adjacent_relevant,surround,False,False,35,1,False,1.0,0.825059729227502,only_in,Linnaea E. Ostroff / Joseph E LeDoux,5,/Users/wgray13/projects/connectomics-survey/postanalysis/pdfs/files/doi_10.1002_cne.22691.pdf
work_90e33b2656540dc8,'The genetic analysis of functional connectomics in Drosophila',2012,10.1016/b978-0-12-404742-6.00003-x,Advances in Genetics,adjacent_relevant,surround,False,False,31,8,False,6.0,0.9835412795327848,broker,J. Lichtman / Hanspeter Pfister,2,/Users/wgray13/projects/connectomics-survey/postanalysis/pdfs/files/doi_10.1016_b978-0-12-404742-6.00003-x.pdf
work_6793e5e1077fc6ef,The Intrinsic Connectome of the Rat Amygdala,2012,10.3389/fncir.2012.00081,Front. Neural Circuits,adjacent_relevant,surround,False,False,30,0,False,,,no_graph,Albert Cardona / J. Vogelstein,6,/Users/wgray13/projects/connectomics-survey/postanalysis/pdfs/files/doi_10.3389_fncir.2012.00081.pdf
work_9b0affa5a4f9b682,Graph Theoretical Model of a Sensorimotor Connectome in Zebrafish,2012,10.1371/journal.pone.0037292,PLoS ONE,adjacent_relevant,surround,False,False,26,12,False,5.0,0.9453145739315104,broker,Michael T Stobb / E. Gahtan,4,/Users/wgray13/projects/connectomics-survey/postanalysis/pdfs/files/doi_10.1371_journal.pone.0037292.pdf
work_6c89dbe883bbd590,Analyzing Self-Similar and Fractal Properties of the C. elegans Neural Network,2012,10.1371/journal.pone.0040483,PLoS ONE,adjacent_relevant,surround,False,False,22,0,False,,,no_graph,Tyler Reese / D. Kelleher,4,/Users/wgray13/projects/connectomics-survey/postanalysis/pdfs/files/doi_10.1371_journal.pone.0040483.pdf
work_143f618b404b400b,Building Retinal Connectomes,2012,10.1016/j.conb.2012.03.011,Current Opinion in Neurobiology,core_relevant,surround,False,False,21,20,False,6.0,0.957791345898593,broker,James R. Anderson / Bryan William Jones,5,/Users/wgray13/projects/connectomics-survey/postanalysis/pdfs/files/doi_10.1016_j.conb.2012.03.011.pdf
work_fbb0bef8a2519be4,An open architecture for the massively parallel emulation of the Drosophila brain on multiple GPUs,2012,10.1186/1471-2202-13-s1-p99,BMC Neuroscience,adjacent_relevant,surround,False,False,3,0,False,0.0,0.3897000265463233,isolate,Xiaoyin Chen / Yonggang Wang,2,/Users/wgray13/projects/connectomics-survey/postanalysis/pdfs/files/doi_10.1186_1471-2202-13-s1-p99.pdf
work_b729320814493b09,Serial section registration of axonal confocal microscopy datasets for long-range neural circuit reconstruction,2012,10.1016/j.jneumeth.2012.03.002,Journal of Neuroscience Methods,adjacent_relevant,surround,False,False,1,1,False,1.0,0.5694186355189806,only_out,James R. Anderson / Bryan William Jones,11,/Users/wgray13/projects/connectomics-survey/postanalysis/pdfs/files/doi_10.1016_j.jneumeth.2012.03.002.pdf
work_6f4a1e86d4d301f0,Lethality of complex neuronal network in Caenorhabditis elegans nervous system based on cell attacks,2012,10.1186/1471-2202-13-s1-p110,BMC Neuroscience,core_relevant,surround,False,False,0,1,False,1.0,0.3241306079108043,only_out,J. Lichtman / Hanspeter Pfister,3,/Users/wgray13/projects/connectomics-survey/postanalysis/pdfs/files/doi_10.1186_1471-2202-13-s1-p110.pdf
work_31e342d0d3149cd8,Functional specificity of local synaptic connections in neocortical networks,2011,10.1038/nature09880,Nature,adjacent_relevant,surround,False,False,868,5,False,5.0,0.9771701619325724,only_in,M. Helmstaedter / Winfried Denk,6,/Users/wgray13/projects/connectomics-survey/postanalysis/pdfs/files/doi_10.1038_nature09880.pdf
work_fe96a7e42abafd4b,"Dense, Unspecific Connectivity of Neocortical Parvalbumin-Positive Interneurons: A Canonical Microcircuit for Inhibition?",2011,10.1523/jneurosci.3131-11.2011,Journal of Neuroscience,adjacent_relevant,surround,False,False,512,3,False,3.0,0.8218741704273959,only_in,Xiaoyin Chen / Yonggang Wang,2,/Users/wgray13/projects/connectomics-survey/postanalysis/pdfs/files/doi_10.1523_jneurosci.3131-11.2011.pdf
work_11d1cfcde84e9410,A tutorial in connectome analysis: Topological and spatial features of brain networks,2011,10.1016/j.neuroimage.2011.05.025,NeuroImage,adjacent_relevant,surround,False,False,362,0,False,,,no_graph,Marcus Kaiser / Sreedevi Varier,1,/Users/wgray13/projects/connectomics-survey/postanalysis/pdfs/files/doi_10.1016_j.neuroimage.2011.05.025.pdf
work_d63621d00ed628b6,Cell Type–Specific Three-Dimensional Structure of Thalamocortical Circuits in a Column of Rat Vibrissal Cortex,2011,10.1093/cercor/bhr317,Cerebral Cortex,adjacent_relevant,surround,False,False,300,3,False,3.0,0.9129280594637644,broker,M. Helmstaedter / Winfried Denk,8,/Users/wgray13/projects/connectomics-survey/postanalysis/pdfs/files/doi_10.1093_cercor_bhr317.pdf
work_abf215762dd88bd3,The Retrosplenial Cortex: Intrinsic Connectivity and Connections with the (Para)Hippocampal Region in the Rat. An Interactive Connectome,2011,10.3389/fninf.2011.00007,Front. Neuroinform.,adjacent_relevant,surround,False,False,226,0,False,,,no_graph,Jørgen Sugar / Natalie L. M. Cappaert,4,/Users/wgray13/projects/connectomics-survey/postanalysis/pdfs/files/doi_10.3389_fninf.2011.00007.pdf
work_c16301195b3d564c,Challenges and Opportunities in Mining Neuroscience Data,2011,10.1126/science.1199305,Science,adjacent_relevant,surround,False,False,191,2,False,2.0,0.887709052296257,only_in,Hideyuki Okano / Alexander Woodward,3,/Users/wgray13/projects/connectomics-survey/postanalysis/pdfs/files/doi_10.1126_science.1199305.pdf
work_ad7b99d70c070146,Exploring the retinal connectome,2011,,Molecular Vision,core_relevant,surround,False,False,184,44,False,9.0,0.9946907353331564,broker,James R. Anderson / Bryan William Jones,15,/Users/wgray13/projects/connectomics-survey/postanalysis/pdfs/files/pmid_21311605.pdf
work_a39f22332623fe9d,Anterograde or retrograde transsynaptic labeling of CNS neurons with vesicular stomatitis virus vectors,2011,10.1073/pnas.1110854108,Proceedings of the National Academy of Sciences of the United States of America,adjacent_relevant,surround,False,False,182,2,False,2.0,0.8977966551632599,only_in,Albert Cardona / J. Vogelstein,9,/Users/wgray13/projects/connectomics-survey/postanalysis/pdfs/files/doi_10.1073_pnas.1110854108.pdf
work_65b6394c205e8eb9,Large-scale automated histology in the pursuit of connectomes,2011,10.1523/jneurosci.4077-11.2011,Journal of Neuroscience,adjacent_relevant,surround,False,False,154,4,False,4.0,0.9604459782320148,only_in,M. Helmstaedter / Winfried Denk,19,/Users/wgray13/projects/connectomics-survey/postanalysis/pdfs/files/doi_10.1523_jneurosci.4077-11.2011.pdf
work_e967f552dce67b5b,Automated Detection and Segmentation of Synaptic Contacts in Nearly Isotropic Serial Electron Microscopy Images,2011,10.1371/journal.pone.0024899,PLoS ONE,core_relevant,surround,False,False,148,0,False,,,no_graph,Javier DeFelipe / Michael W. Reimann,7,/Users/wgray13/projects/connectomics-survey/postanalysis/pdfs/files/doi_10.1371_journal.pone.0024899.pdf
work_7aacccf8f2da1b54,"Transfection via whole-cell recording in vivo: bridging single-cell physiology, genetics and connectomics",2011,10.1038/nn.2765,Nature Neuroscience,adjacent_relevant,surround,False,False,135,1,False,1.0,0.8123174940270772,only_in,M. Helmstaedter / Winfried Denk,6,/Users/wgray13/projects/connectomics-survey/postanalysis/pdfs/files/doi_10.1038_nn.2765.pdf
work_58ffddc9a1570bdd,Specificity of Synaptic Connectivity between Layer 1 Inhibitory Interneurons and Layer 2/3 Pyramidal Neurons in the Rat Neocortex,2011,10.1093/cercor/bhq257,Cerebral Cortex,adjacent_relevant,surround,False,False,131,1,False,1.0,0.7544465091584815,only_in,C. Wozny / Stephen R. Williams,2,/Users/wgray13/projects/connectomics-survey/postanalysis/pdfs/files/doi_10.1093_cercor_bhq257.pdf
work_7f2045fbc2f9c317,Segmentation fusion for connectomics,2011,10.1109/iccv.2011.6126240,Vision,core_relevant,surround,False,False,89,5,False,5.0,0.9800902574993364,only_in,J. Lichtman / Hanspeter Pfister,6,/Users/wgray13/projects/connectomics-survey/postanalysis/pdfs/files/doi_10.1109_iccv.2011.6126240.pdf
work_57c24704856cf86c,Topological Cluster Analysis Reveals the Systemic Organization of the Caenorhabditis elegans Connectome,2011,10.1371/journal.pcbi.1001139,PLoS Comput. Biol.,core_relevant,surround,False,False,78,22,False,7.0,0.9686753384656224,broker,Jaeseung Jeong / Jerald D. Kralik,5,/Users/wgray13/projects/connectomics-survey/postanalysis/pdfs/files/doi_10.1371_journal.pcbi.1001139.pdf
work_7c3d9ac93c390d36,The Viking viewer for connectomics: scalable multi-user annotation and summarization of large volume data sets,2011,10.1111/j.1365-2818.2010.03402.x,Journal of Microscopy,core_relevant,surround,False,False,70,12,False,6.0,0.9856649853995222,only_in,James R. Anderson / Bryan William Jones,9,/Users/wgray13/projects/connectomics-survey/postanalysis/pdfs/files/doi_10.1111_j.1365-2818.2010.03402.x.pdf
work_68df48cb796785a5,A Bottom-up Approach to Data Annotation in Neurophysiology,2011,10.3389/fninf.2011.00016,Front. Neuroinform.,role_bridge,surround,False,False,61,0,False,,,no_graph,Olaf Sporns / B. Mišić,3,/Users/wgray13/projects/connectomics-survey/postanalysis/pdfs/files/doi_10.3389_fninf.2011.00016.pdf
work_092ab2e11895f53a,Neuronal Tracing for Connectomic Studies,2011,10.1007/s12021-011-9101-6,Neuroinformatics,adjacent_relevant,surround,False,False,53,0,False,,,no_graph,J. Lichtman / Hanspeter Pfister,1,/Users/wgray13/projects/connectomics-survey/postanalysis/pdfs/files/doi_10.1007_s12021-011-9101-6.pdf
work_121114411163d845,Three-Dimensional Reconstruction of Serial Mouse Brain Sections: Solution for Flattening High-Resolution Large-Scale Mosaics,2011,10.3389/fnana.2011.00017,Frontiers in Neuroanatomy,role_bridge,surround,False,False,42,0,False,,,no_graph,Xiaoyin Chen / Yonggang Wang,11,/Users/wgray13/projects/connectomics-survey/postanalysis/pdfs/files/doi_10.3389_fnana.2011.00017.pdf
work_5bc304fcee3828a1,Detection of Neuron Membranes in Electron Microscopy Images using Multi-scale Context and Radon-like Features,2011,10.1007/978-3-642-23623-5_84,International Conference on Medical Image Computing and Computer-Assisted Intervention,core_relevant,surround,False,False,40,2,False,2.0,0.7517918768250598,broker,James R. Anderson / Bryan William Jones,7,/Users/wgray13/projects/connectomics-survey/postanalysis/pdfs/files/doi_10.1007_978-3-642-23623-5_84.pdf
work_debbc351f815dcdc,Potential Synaptic Connectivity of Different Neurons onto Pyramidal Cells in a 3D Reconstruction of the Rat Hippocampus,2011,10.3389/fninf.2011.00005,Front. Neuroinform.,adjacent_relevant,surround,False,False,37,2,False,2.0,0.836740111494558,broker,Xiaoyin Chen / Yonggang Wang,2,/Users/wgray13/projects/connectomics-survey/postanalysis/pdfs/files/doi_10.3389_fninf.2011.00005.pdf
work_21a6d978640a88d8,Multiscale Exploration of Mouse Brain Microstructures Using the Knife-Edge Scanning Microscope Brain Atlas,2011,10.3389/fninf.2011.00029,Front. Neuroinform.,core_relevant,surround,False,False,28,4,False,4.0,0.8370055747279002,broker,Albert Cardona / J. Vogelstein,9,/Users/wgray13/projects/connectomics-survey/postanalysis/pdfs/files/doi_10.3389_fninf.2011.00029.pdf
work_92853f562a6d19dd,Specificity and randomness: structure-function relationships in neural circuits,2011,10.1016/j.conb.2011.07.004,Current Opinion in Neurobiology,adjacent_relevant,surround,False,False,28,4,False,4.0,0.8088664719936289,broker,H. Sebastian Seung / G. Jefferis,2,/Users/wgray13/projects/connectomics-survey/postanalysis/pdfs/files/doi_10.1016_j.conb.2011.07.004.pdf
work_d675c18cdf8bdc6a,Modeling the Connectome of a Simple Spinal Cord,2011,10.3389/fninf.2011.00020,Front. Neuroinform.,adjacent_relevant,surround,False,False,25,2,False,2.0,0.84550039819485,only_in,R. Borisyuk / D. Conte,5,/Users/wgray13/projects/connectomics-survey/postanalysis/pdfs/files/doi_10.3389_fninf.2011.00020.pdf
work_2ff20dedc643aaf0,Inferring Synaptic Connectivity from Spatio-Temporal Spike Patterns,2011,10.3389/fncom.2011.00003,Frontiers in Computational Neuroscience,adjacent_relevant,surround,False,False,21,1,False,1.0,0.8051499867268384,only_in,F. V. Bussel / Marc Timme,3,/Users/wgray13/projects/connectomics-survey/postanalysis/pdfs/files/doi_10.3389_fncom.2011.00003.pdf
work_3ac30b4e3160787e,Reconstruction of complete connectivity matrix for connectomics by sampling neural connectivity with fluorescent synaptic markers.,2011,10.1016/j.jneumeth.2011.01.021,Journal of Neuroscience Methods,adjacent_relevant,surround,False,False,11,3,False,3.0,0.8531988319617733,broker,Albert Cardona / J. Vogelstein,1,/Users/wgray13/projects/connectomics-survey/postanalysis/pdfs/files/doi_10.1016_j.jneumeth.2011.01.021.pdf
work_f4bec50e6c6ea50f,Optimizing the Quantity/Quality Trade-Off in Connectome Inference,2011,10.1080/03610926.2011.630768,,adjacent_relevant,surround,False,False,10,0,False,0.0,0.1218476241040616,isolate,Albert Cardona / J. Vogelstein,3,/Users/wgray13/projects/connectomics-survey/postanalysis/pdfs/files/doi_10.1080_03610926.2011.630768.pdf
work_39cd5f0563d3d522,Macaque structural connectivity revisited: CoCoMac 2.0,2011,10.1186/1471-2202-12-s1-p72,BMC Neuroscience,adjacent_relevant,surround,False,False,7,0,False,,,no_graph,Olaf Sporns / B. Mišić,4,/Users/wgray13/projects/connectomics-survey/postanalysis/pdfs/files/doi_10.1186_1471-2202-12-s1-p72.pdf
work_8d47ebd6cf769730,A Multiscale Parallel Computing Architecture for Automated Segmentation of the Brain Connectome,2011,10.1109/tbme.2011.2168396,IEEE Transactions on Biomedical Engineering,adjacent_relevant,surround,False,False,7,0,False,,,no_graph,H. Sebastian Seung / G. Jefferis,6,/Users/wgray13/projects/connectomics-survey/postanalysis/pdfs/files/doi_10.1109_tbme.2011.2168396.pdf
work_f27f20d5a5121194,Q&A: What is the Open Connectome Project?,2011,10.1186/2042-1001-1-16,Neural Systems & Circuits,adjacent_relevant,surround,False,False,3,5,False,4.0,0.1438810724714627,only_out,Albert Cardona / J. Vogelstein,1,/Users/wgray13/projects/connectomics-survey/postanalysis/pdfs/files/doi_10.1186_2042-1001-1-16.pdf
work_2e135d4ee49a93d1,From the Connectome to the Synaptome: An Epic Love Story,2010,10.1126/science.1193378,Science,adjacent_relevant,surround,False,False,171,0,False,,,no_graph,Javier DeFelipe / Michael W. Reimann,1,/Users/wgray13/projects/connectomics-survey/postanalysis/pdfs/files/doi_10.1126_science.1193378.pdf
work_cd86799292e61a9a,Machines that learn to segment images: a crucial technology for connectomics.,2010,10.1016/j.conb.2010.07.004,Current Opinion in Neurobiology,adjacent_relevant,surround,False,False,170,13,False,9.0,0.9901778603663391,broker,J. Lichtman / Hanspeter Pfister,3,/Users/wgray13/projects/connectomics-survey/postanalysis/pdfs/files/doi_10.1016_j.conb.2010.07.004.pdf
work_61ced5e9670903c3,Automated Reconstruction of Neuronal Morphology: An Overview,2010,10.1016/j.brainresrev.2010.11.003,Brain Research Reviews,adjacent_relevant,surround,False,False,165,0,False,,,no_graph,Xiaoyin Chen / Yonggang Wang,2,/Users/wgray13/projects/connectomics-survey/postanalysis/pdfs/files/doi_10.1016_j.brainresrev.2010.11.003.pdf
work_4785092574ee1f39,As-rigid-as-possible mosaicking and serial section registration of large ssTEM datasets,2010,10.1093/bioinformatics/btq219,Bioinform.,core_relevant,surround,False,False,151,11,False,10.0,0.964958853198832,only_in,J. Lichtman / Hanspeter Pfister,4,/Users/wgray13/projects/connectomics-survey/postanalysis/pdfs/files/doi_10.1093_bioinformatics_btq219.pdf
work_b8d1a760494a9230,Beyond the wiring diagram: signalling through complex neuromodulator networks,2010,10.1098/rstb.2010.0105,Philosophical Transactions of the Royal Society B: Biological Sciences,adjacent_relevant,surround,False,False,120,0,False,,,no_graph,V. Brezina,1,/Users/wgray13/projects/connectomics-survey/postanalysis/pdfs/files/doi_10.1098_rstb.2010.0105.pdf
work_b9629434b4af47f4,Detection of Neuron Membranes in Electron Microscopy Images using a Serial Neural Network Architecture,2010,10.1016/j.media.2010.06.002,Medical Image Anal.,core_relevant,surround,False,False,114,18,False,6.0,0.9877886912662596,broker,James R. Anderson / Bryan William Jones,9,/Users/wgray13/projects/connectomics-survey/postanalysis/pdfs/files/doi_10.1016_j.media.2010.06.002.pdf
work_92a573e17ee62f83,Ssecrett and NeuroTrace: Interactive Visualization and Analysis Tools for Large-Scale Neuroscience Data Sets,2010,10.1109/mcg.2010.56,IEEE Computer Graphics and Applications,core_relevant,surround,False,False,74,0,False,,,no_graph,J. Lichtman / Hanspeter Pfister,8,/Users/wgray13/projects/connectomics-survey/postanalysis/pdfs/files/doi_10.1109_mcg.2010.56.pdf
work_757346f4701e0b9d,Cocaine- and Morphine-Induced Synaptic Plasticity in the Nucleus Accumbens,2010,10.1002/syn.20849,Synapse,adjacent_relevant,surround,False,False,54,1,False,1.0,0.708521369790284,only_in,Albert Cardona / J. Vogelstein,7,/Users/wgray13/projects/connectomics-survey/postanalysis/pdfs/files/doi_10.1002_syn.20849.pdf
work_c2c3f5afbff287bb,Specificity of Sensory-Motor Connections Encoded by Sema3e-PlexinD1 Recognition,2009,10.1038/nature08000,Nature,adjacent_relevant,surround,False,False,180,2,False,2.0,0.8253251924608441,only_in,Eline Pecho-Vrieseling / S. Arber,5,/Users/wgray13/projects/connectomics-survey/postanalysis/pdfs/files/doi_10.1038_nature08000.pdf
work_5b3cc3d12b85117b,A Computational Framework for Ultrastructural Mapping of Neural Circuitry,2009,10.1371/journal.pbio.1000074,PLoS Biology,core_relevant,surround,False,False,162,9,False,6.0,0.9957525882665252,only_in,James R. Anderson / Bryan William Jones,13,/Users/wgray13/projects/connectomics-survey/postanalysis/pdfs/files/doi_10.1371_journal.pbio.1000074.pdf
work_a8983572ae1cc884,The Interscutularis Muscle Connectome,2009,10.1371/journal.pbio.1000032,PLoS Biology,adjacent_relevant,surround,False,False,124,4,False,4.0,0.9718608972657288,only_in,J. Lichtman / Hanspeter Pfister,4,/Users/wgray13/projects/connectomics-survey/postanalysis/pdfs/files/doi_10.1371_journal.pbio.1000032.pdf
work_a76161ef8ea1dd6b,Scalable and Interactive Segmentation and Visualization of Neural Processes in EM Datasets,2009,10.1109/tvcg.2009.178,IEEE Transactions on Visualization and Computer Graphics,core_relevant,surround,False,False,79,0,False,,,no_graph,J. Lichtman / Hanspeter Pfister,6,/Users/wgray13/projects/connectomics-survey/postanalysis/pdfs/files/doi_10.1109_tvcg.2009.178.pdf
work_c3b0d29497a3dbf7,Reconstruction of Sparse Circuits Using Multi-neuronal Excitation (RESCUME),2009,,Neural Information Processing Systems,adjacent_relevant,surround,False,False,31,0,False,0.0,0.4988054154499601,isolate,Albert Cardona / J. Vogelstein,3,/Users/wgray13/projects/connectomics-survey/postanalysis/pdfs/files/arxiv_1210.1544.pdf
work_b01bce564ce2e416,X-ray microscopy for neural circuit reconstruction,2009,10.1088/1742-6596/186/1/012092,,adjacent_relevant,surround,False,False,0,0,False,,,no_graph,Haruo Mizutani / Toshihisa Takagi,5,/Users/wgray13/projects/connectomics-survey/postanalysis/pdfs/files/doi_10.1088_1742-6596_186_1_012092.pdf
work_9cce9112b143d3f9,A technicolour approach to the connectome,2008,10.1038/nrn2391,Nature Reviews Neuroscience,adjacent_relevant,surround,False,False,335,0,False,,,no_graph,J. Lichtman / Hanspeter Pfister,3,/Users/wgray13/projects/connectomics-survey/postanalysis/pdfs/files/doi_10.1038_nrn2391.pdf
work_440fdfad4902f6ae,Ome sweet ome: what can the genome tell us about the connectome?,2008,10.1016/j.conb.2008.08.010,Current Opinion in Neurobiology,adjacent_relevant,surround,False,False,203,0,False,,,no_graph,J. Lichtman / Hanspeter Pfister,2,/Users/wgray13/projects/connectomics-survey/postanalysis/pdfs/files/doi_10.1016_j.conb.2008.08.010.pdf
work_b690ec4d0c358a16,"The Neuroanatomist's Dream, the Problems and Solutions, and the Ultimate Aim",2008,10.3389/neuro.01.018.2008,Frontiers in Neuroscience,adjacent_relevant,surround,False,False,46,0,False,0.0,0.6363153703212105,isolate,Javier DeFelipe / Michael W. Reimann,1,/Users/wgray13/projects/connectomics-survey/postanalysis/pdfs/files/doi_10.3389_neuro.01.018.2008.pdf
work_12ba8e6479fb9eac,Using Expression Profiles of Caenorhabditis elegans Neurons To Identify Genes That Mediate Synaptic Connectivity,2008,10.1371/journal.pcbi.1000120,PLoS Comput. Biol.,adjacent_relevant,surround,False,False,32,3,False,3.0,0.8656756039288559,only_in,Leehod Baruch / E. Segal,5,/Users/wgray13/projects/connectomics-survey/postanalysis/pdfs/files/doi_10.1371_journal.pcbi.1000120.pdf
work_e2ae1abc294095e6,From Structure to Function: Mapping the Connection Matrix of the Human Brain,2008,10.1371/journal.pbio.0060164,PLoS Biology,adjacent_relevant,surround,False,False,11,1,False,1.0,0.8762941332625431,only_in,Liza Gross,1,/Users/wgray13/projects/connectomics-survey/postanalysis/pdfs/files/doi_10.1371_journal.pbio.0060164.pdf
work_d60ca2d1beaf845b,Characterization and synaptic connectivity of melanopsin‐containing ganglion cells in the primate retina,2007,10.1111/j.1460-9568.2007.05924.x,European Journal of Neuroscience,adjacent_relevant,surround,False,False,130,1,False,1.0,0.7940005309264667,only_in,M. Helmstaedter / Winfried Denk,4,/Users/wgray13/projects/connectomics-survey/postanalysis/pdfs/files/doi_10.1111_j.1460-9568.2007.05924.x.pdf
work_17ed44014244fb80,3D Axon Structure Extraction and Analysis in Confocal Fluorescence Microscopy Images,2007,10.1162/neco.2008.05-07-519,Neural Computation,adjacent_relevant,surround,False,False,21,1,False,1.0,0.8871781258295726,only_in,J. Lichtman / Hanspeter Pfister,6,/Users/wgray13/projects/connectomics-survey/postanalysis/pdfs/files/doi_10.1162_neco.2008.05-07-519.pdf
work_28c6a067561d25a1,Towards neural circuit reconstruction with volume electron microscopy techniques.,2006,10.1016/j.conb.2006.08.010,Current Opinion in Neurobiology,adjacent_relevant,surround,False,False,298,6,False,6.0,0.9936288823997876,only_in,M. Helmstaedter / Winfried Denk,2,/Users/wgray13/projects/connectomics-survey/postanalysis/pdfs/files/doi_10.1016_j.conb.2006.08.010.pdf
work_7b173df5e3f0b797,Computational inference of the molecular logic for synaptic connectivity in C. elegans,2006,10.1093/bioinformatics/btl224,Intelligent Systems in Molecular Biology,core_relevant,surround,False,False,68,3,False,3.0,0.8624900451287497,only_in,Oliver Hobert / Steven J. Cook,3,/Users/wgray13/projects/connectomics-survey/postanalysis/pdfs/files/doi_10.1093_bioinformatics_btl224.pdf
work_dd4a631420d19510,Synaptic connectivity in the midget‐parvocellular pathway of primate central retina,2006,10.1002/cne.20804,The Journal of comparative neurology,adjacent_relevant,surround,False,False,63,3,False,3.0,0.9227501990974252,only_in,M. Helmstaedter / Winfried Denk,3,/Users/wgray13/projects/connectomics-survey/postanalysis/pdfs/files/doi_10.1002_cne.20804.pdf
work_fc5029f7b2497692,Gene Expression of Caenorhabditis elegans Neurons Carries Information on Their Synaptic Connectivity,2006,10.1371/journal.pcbi.0020167,PLoS Comput. Biol.,core_relevant,surround,False,False,61,6,False,5.0,0.9264666843642156,only_in,J. Lichtman / Hanspeter Pfister,4,/Users/wgray13/projects/connectomics-survey/postanalysis/pdfs/files/doi_10.1371_journal.pcbi.0020167.pdf
work_186acb8763d28840,The Human Connectome: A Structural Description of the Human Brain,2005,10.1371/journal.pcbi.0010042,PLoS Comput. Biol.,adjacent_relevant,surround,False,False,3307,0,False,,,no_graph,Olaf Sporns / B. Mišić,3,/Users/wgray13/projects/connectomics-survey/postanalysis/pdfs/files/doi_10.1371_journal.pcbi.0010042.pdf
work_fd6353a8d1e9547e,Highly Nonrandom Features of Synaptic Connectivity in Local Cortical Circuits,2005,10.1371/journal.pbio.0030068,PLoS Biology,adjacent_relevant,surround,False,False,1605,17,False,10.0,0.9968144411998938,only_in,Xiaoyin Chen / Yonggang Wang,5,/Users/wgray13/projects/connectomics-survey/postanalysis/pdfs/files/doi_10.1371_journal.pbio.0030068.pdf
work_ef2fffba97b01cff,Neurogeometry and potential synaptic connectivity.,2005,10.1016/j.tins.2005.05.006,Trends in Neurosciences,adjacent_relevant,surround,False,False,257,6,False,6.0,0.9920361029997344,only_in,Xiaoyin Chen / Yonggang Wang,2,/Users/wgray13/projects/connectomics-survey/postanalysis/pdfs/files/doi_10.1016_j.tins.2005.05.006.pdf
work_f4eab2ff424ba24f,Search for computational modules in the C. elegans brain,2004,10.1186/1741-7007-2-25,BMC Biology,core_relevant,surround,False,False,110,0,False,,,no_graph,Oliver Hobert / Steven J. Cook,3,/Users/wgray13/projects/connectomics-survey/postanalysis/pdfs/files/doi_10.1186_1741-7007-2-25.pdf
work_7b69c0d654c6eb2e,Geometry and structural plasticity of synaptic connectivity.,2002,10.1016/s0896-6273(02)00652-9,Neuron,adjacent_relevant,surround,False,False,320,0,False,0.0,0.3320945049110698,isolate,Xiaoyin Chen / Yonggang Wang,3,/Users/wgray13/projects/connectomics-survey/postanalysis/pdfs/files/doi_10.1016_s0896-6273_02_00652-9.pdf
work_f3f6007060acf515,Specificity of cortical synaptic connectivity: Emphasis on perspectives gained from quantitative electron microscopy,2002,10.1023/a:1024109606722,Journal of Neurocytology,adjacent_relevant,surround,False,False,23,1,False,1.0,0.991239713299708,only_in,E. White,1,/Users/wgray13/projects/connectomics-survey/postanalysis/pdfs/files/doi_10.1023_a_1024109606722.pdf
work_001454df91336514,Role of neural activity during synaptogenesis in Drosophila,1995,10.1523/jneurosci.15-12-08177.1995,Journal of Neuroscience,adjacent_relevant,surround,False,False,91,1,False,1.0,0.7249800902574993,only_in,Olaf Sporns / B. Mišić,10,/Users/wgray13/projects/connectomics-survey/postanalysis/pdfs/files/doi_10.1523_jneurosci.15-12-08177.1995.pdf
