work_id,year,decision,datasets,stages,title
work_001454df91336514,1995.0,adjacent_relevant,,,Role of neural activity during synaptogenesis in Drosophila
work_0016f2020218fbe5,2025.0,adjacent_relevant,DS14 H01 human cortex,,Connectivity in the Human Cerebral Cortex: A Fundamental Problem and a Possible Explanation for the Cognitive Power of Vertebrates
work_001c0f01391e19c4,2020.0,core_relevant,,sectioning,Estimation of the number of synapses in the hippocampus and brain-wide by volume electron microscopy and genetic labeling
work_00c9ebcec8853471,2026.0,core_relevant,,synapses;graph_analysis,Physical contact reveals a hidden layer of cortical architecture
work_00d72fd3c4223cd5,2026.0,core_relevant,DS07 VNC (FANC/MANC),,Distributed control circuits across a brain-and-cord connectome.
work_00f9b510d0a91b47,2018.0,core_relevant,,synapses;graph_analysis,Detecting Synapse Location and Connectivity by Signed Proximity Estimation and Pruning with Deep Nets
work_0128137052dec3e0,2026.0,adjacent_relevant,,,Functional Synaptic Interactions and Inhibitory Circuitry of the PreBötzinger Complex in the Rhythmic Slice
work_0133b141f368655b,2012.0,role_bridge,,proofreading;graph_analysis,Combining collation and annotation efforts toward completion of the rat and mouse connectomes in BAMS
work_01a371d322fa7848,2019.0,adjacent_relevant,,proofreading,Optical Imaging in Brainsmatics
work_01a98f721c115b3c,2015.0,adjacent_relevant,,graph_analysis,Cortical microcircuit determination through global perturbation and sparse sampling in grid cells
work_01ba46e87d766569,2023.0,role_bridge,,graph_analysis,Odor Discrimination as a Marker of Early Alzheimer’s Disease
work_01c85c45ede98837,2021.0,core_relevant,,segmentation;proofreading;synapses;infrastructure;graph_analysis,VICE: Visual Identification and Correction of Neural Circuit Errors
work_01fc48c8442aa598,2021.0,adjacent_relevant,DS01 C. elegans (White+),graph_analysis,Convergent developmental principles between Caenorhabditis elegans and human connectomes.
work_020893805fee7188,2026.0,adjacent_relevant,,preparation;graph_analysis,The Connectome and the Quest for the Functional Logic of the Drosophila Early Olfactory System
work_020e3982c01153ed,2023.0,adjacent_relevant,,segmentation;proofreading;graph_analysis,An efficient 3D extraction and reconstruction method for myelinated axons of mouse cerebral cortex based on mixed intelligence
work_022f4537397531be,2019.0,adjacent_relevant,,preparation,"MagC, magnetic collection of ultrathin sections for volumetric correlative light and electron microscopy"
work_025c5ef05489ba3c,2022.0,adjacent_relevant,DS21 octopus,preparation;segmentation;proofreading;graph_analysis,Diffusion MRI Connections in the Octopus Brain
work_029643354bb1e658,2021.0,adjacent_relevant,,preparation;infrastructure,Untangling the cortico-thalamo-cortical loop: cellular pieces of a knotty circuit puzzle
work_02bef5f71001dccb,2023.0,adjacent_relevant,,graph_analysis;modeling,Tau trajectory in Alzheimer's disease: Evidence from the connectome-based computational models.
work_02c20c311fe2787b,2020.0,adjacent_relevant,DS01 C. elegans (White+),infrastructure;modeling,Deep Reinforcement Learning for Neural Control
work_02c77af0d554feec,2014.0,core_relevant,,segmentation;infrastructure,A Context-Aware Delayed Agglomeration Framework for Electron Microscopy Segmentation
work_02c7b46148a6c4a5,1998.0,core_relevant,,segmentation,Three-Dimensional Structure and Composition of CA3→CA1 Axons in Rat Hippocampal Slices: Implications for Presynaptic Connectivity and Compar
work_02da51be986693aa,2019.0,adjacent_relevant,,graph_analysis,PTEN Activity Defines an Axis for Plasticity at Cortico-Amygdala Synapses and Influences Social Behavior.
work_03006500ac944fb3,2023.0,adjacent_relevant,DS01 C. elegans (White+),graph_analysis,Caenorhabditis elegans Connectomes of both Sexes as Image Classifiers
work_0308d268ca38e94f,2026.0,adjacent_relevant,,infrastructure;graph_analysis,Intrinsic elaboration of prefrontal modularity: a dual-control model of axon bundling and synaptic docking
work_030d659739b83f09,2016.0,role_bridge,,,Community detection in networks: A user guide
work_0331df396f545e68,2023.0,core_relevant,,acquisition;segmentation,Improving the Neural Segmentation of Blurry Serial SEM Images by Blind Deblurring
work_0344c5d0298b1c78,2017.0,adjacent_relevant,DS01 C. elegans (White+),infrastructure;graph_analysis;modeling,Neural Interactome: Interactive Simulation of a Neuronal System
work_036e22a15502fd7e,2019.0,adjacent_relevant,,sectioning;acquisition;modeling,Strip the Stripes: Artifact Detection and Removal for Scanning Electron Microscopy Imaging
work_03b8b6340a7756de,2021.0,adjacent_relevant,,segmentation,Analysis of segmentation ontology reveals the similarities and differences in connectivity onto L2/3 neurons in mouse V1
work_03c23d6e53a2fa11,2022.0,adjacent_relevant,,preparation,All-optical visualization of specific molecules in the ultrastructural context of brain tissue
work_03f019b1ea59c828,2022.0,adjacent_relevant,,,The 3D ultrastructure of the chordotonal organs in the antenna of a microwasp remains complex although simplified
work_03f185e6c6909898,2025.0,adjacent_relevant,,infrastructure;graph_analysis,"Integrative analysis of single-neuron projectomes links connectome, transcriptome, and function in the mouse cortex."
work_043907deaaf11bc4,2020.0,adjacent_relevant,DS09/DS10 mouse retina,,A Color Vision Circuit for Non-Image-Forming Vision in the Primate Retina
work_043d6cf6b22999a9,2026.0,adjacent_relevant,DS01 C. elegans (White+),infrastructure;graph_analysis,A Digital Neural Array IC for Real-Time Neural Network Replication from Spike Activities
work_047847ced0c96ed0,2019.0,adjacent_relevant,,graph_analysis,The head direction circuit of two insect species
work_047e0665d50b50ba,2015.0,core_relevant,,segmentation;proofreading,Crowdsourcing the creation of image segmentation algorithms for connectomics
work_04bc672be1766531,2021.0,adjacent_relevant,,,Neurodevelopment: Comparative connectomics and the study of circuit assembly.
work_0506cf0b9cfdf1f4,2024.0,adjacent_relevant,DS01 C. elegans (White+),,"Experience-dependent, sexually dimorphic synaptic connectivity defined by sex-specific cadherin expression"
work_053a6d2ad8e9d69a,2017.0,adjacent_relevant,DS01 C. elegans (White+);DS07 VNC (FANC/MANC),,An intersectional gene regulatory strategy defines subclass diversity of C. elegans motor neurons
work_0552194b80de37f0,2020.0,adjacent_relevant,,graph_analysis;modeling,"Topology of synaptic connectivity constrains neuronal stimulus representation, predicting two complementary coding strategies"
work_05e7be51adf6e08a,2026.0,adjacent_relevant,,,Multisensory learning recruits visual neurons into an olfactory memory engram
work_06030491fabc9e9d,2004.0,core_relevant,,,Synaptic connectivity and neuronal morphology: two sides of the same coin.
work_0641fb974f5264cf,2011.0,core_relevant,DS01 C. elegans (White+),synapses,mGRASP enables mapping mammalian synaptic connectivity with light microscopy
work_068034b20857f28d,2023.0,adjacent_relevant,,,Shallow networks run deep: Peripheral preprocessing facilitates odor classification
work_068ce671d4050e17,2020.0,adjacent_relevant,,sectioning;acquisition;segmentation;proofreading;infrastructure,EM-net: Deep learning for electron microscopy image segmentation
work_06a819921125fd5b,2017.0,core_relevant,DS03 Drosophila larva,graph_analysis,The complete connectome of a learning and memory centre in an insect brain
work_06d988a94f52ce61,2020.0,adjacent_relevant,DS09/DS10 mouse retina,modeling,System Identification with Biophysical Constraints: A Circuit Model of the Inner Retina
work_06e1c60eb86ba22d,2025.0,adjacent_relevant,,,Neural evolution of complex motor behaviors: insights from Drosophila courtship song.
work_06e3942d0f902996,2020.0,core_relevant,DS12 L4 barrel cortex,,An ultrastructural connectomic analysis of a higher‐order thalamocortical circuit in the mouse
work_06fe6252132bc249,2022.0,core_relevant,,,"Percolation may explain efficiency, robustness, and economy of the brain"
work_06fed2e30ee196ac,2013.0,adjacent_relevant,,,The connectomics challenge.
work_071108fd660498ef,2015.0,role_bridge,DS01 C. elegans (White+),graph_analysis,Fast Approximate Quadratic Programming for Graph Matching
work_075bd479e1fdf07b,2026.0,role_bridge,,graph_analysis,Evidence for a Functional Proximity Law in Multilayer Networks
work_07aa0164f902c8fb,2019.0,adjacent_relevant,,graph_analysis,Cell type composition and circuit organization of neocortical radial clones
work_07aa86ea8851c550,2012.0,adjacent_relevant,,segmentation;synapses,Improved synapse detection for mGRASP-assisted brain connectivity mapping
work_07c7b0397ccdb7f6,2018.0,adjacent_relevant,DS09/DS10 mouse retina,,Heterocellular Coupling Between Amacrine Cells and Ganglion Cells
work_07cf5b18e1597373,2026.0,adjacent_relevant,,modeling,Spine-neck electrical bottlenecks tune temporal precision and inhibitory gating in cortical pyramidal neurons: A connectomics-based biophysi
work_07da33548167bb21,2019.0,core_relevant,,sectioning,3D Electron Microscopy Study of Synaptic Organization of the Normal Human Transentorhinal Cortex and Its Possible Alterations in Alzheimer’s
work_07ec6ddd071dafbb,2023.0,adjacent_relevant,DS01 C. elegans (White+),,Toolkits for detailed and high-throughput interrogation of synapses in C. elegans
work_07f25302c0da9745,2024.0,role_bridge,,graph_analysis,Graphs and the idiographic brain.
work_08619b07a36cc83e,2024.0,adjacent_relevant,,,A split-GAL4 driver line resource for Drosophila neuron types
work_08675beb12687867,2024.0,adjacent_relevant,,graph_analysis,"Self-organized emergence of modularity, hierarchy, and mirror reversals from competitive synaptic growth in a developmental model of the vis"
work_087e18b9051261d3,2013.0,core_relevant,,,A visual motion detection circuit suggested by Drosophila connectomics
work_0895071c07a2d46b,2023.0,adjacent_relevant,,proofreading,Toward Morphologic Atlasing of the Human Whole Brain at the Nanoscale
work_08f274f7f7744af5,2025.0,adjacent_relevant,,graph_analysis,Synaptic loss pattern is constrained by brain connectome and modulated by phosphorylated tau in Alzheimer’s disease
work_0902ad628efcc7dd,2016.0,adjacent_relevant,,graph_analysis,Cliques of Neurons Bound into Cavities Provide a Missing Link between Structure and Function
work_090e08748ee7dd3e,2013.0,adjacent_relevant,,preparation;proofreading;infrastructure;modeling,Integrating multi-scale data for a network model of macaque visual cortex
work_092ab2e11895f53a,2011.0,adjacent_relevant,,segmentation;proofreading;graph_analysis,Neuronal Tracing for Connectomic Studies
work_0954491569c0a9da,2021.0,core_relevant,,alignment;segmentation;proofreading;infrastructure;graph_analysis,"CONFIRMS: A Toolkit for Scalable, Black Box Connectome Assessment and Investigation"
work_095f897bd5661727,2007.0,adjacent_relevant,DS01 C. elegans (White+),,Cell-specific microarray profiling experiments reveal a comprehensive picture of gene expression in the C. elegans nervous system
work_09c0fa76b2cfac78,2021.0,role_bridge,,infrastructure,A Unified Framework for Neuroscience Morphological Data Visualization
work_0a1427cd13f43c85,2020.0,core_relevant,,sectioning,Multiscale ATUM-FIB Microscopy Enables Targeted Ultrastructural Analysis at Isotropic Resolution
work_0a33489ddde95484,2016.0,core_relevant,DS01 C. elegans (White+),infrastructure;graph_analysis,A distance constrained synaptic plasticity model of C. elegans neuronal network
work_0a5d0f7d668ab071,2018.0,adjacent_relevant,DS01 C. elegans (White+),graph_analysis,The Worm Connectome: Back to the Future.
work_0a6f89f17fb7c4a5,2013.0,adjacent_relevant,,graph_analysis,"Graph analysis of the human connectome: Promise, progress, and pitfalls"
work_0a7ba8ffe545833c,2015.0,adjacent_relevant,,,Diverse coupling of neurons to populations in sensory cortex
work_0a7bfb8c21dd8879,2026.0,adjacent_relevant,DS09/DS10 mouse retina,graph_analysis;modeling,Impact of Aii Amacrine Cell Rewiring in a Pathoconnectome-Based Computational Model of Early Retinal Degeneration
work_0ac82de3efe180e8,2025.0,core_relevant,,,Connectomics of predicted Sst transcriptomic types in mouse visual cortex
work_0aeb7bcccf17d282,2026.0,adjacent_relevant,,preparation,Perfusion quality does not necessarily predict ultrastructural preservation after hyperosmotic brain perfusion
work_0b2eff5011904b68,2015.0,adjacent_relevant,DS01 C. elegans (White+),,Engineering new synaptic connections in the C. elegans connectome
work_0b3368a59ac0d45c,2016.0,adjacent_relevant,,infrastructure,Application of the radial distribution functions for quantitative analysis of neuropil microstructure in stratum radiatum of CA1 region in h
work_0b58677ca30e94c9,2017.0,role_bridge,,preparation;graph_analysis,Statistical Inference on Random Dot Product Graphs: a Survey
work_0b670a6c52756d20,2021.0,core_relevant,,segmentation;proofreading;infrastructure,Bridging the Gap: Point Clouds for Merging Neurons in Connectomics
work_0b9b3970f5ad15af,2023.0,core_relevant,DS06 FlyWire,,Diversity of visual inputs to Kenyon cells of the Drosophila mushroom body
work_0bb5111744eb309f,2026.0,adjacent_relevant,,graph_analysis,Photomapping electrically coupled networks of the mature thalamus and cortex
work_0bb92ce5d7d6f573,2025.0,core_relevant,,acquisition,Analysis of smart imaging runtime
work_0c32ed27e86551f0,2020.0,core_relevant,DS05 hemibrain,segmentation;proofreading,A Connectome of the Adult Drosophila Central Brain
work_0c53b6e2719558ce,2013.0,adjacent_relevant,,graph_analysis,Visualizing the human connectome
work_0c62223b980049c1,2020.0,core_relevant,,,The connectome of the adult Drosophila mushroom body: implications for function
work_0c913304a5fb2574,2016.0,core_relevant,DS13 MICrONS;DS15 zebrafish,sectioning;alignment;segmentation,Registering large volume serial-section electron microscopy image sets for neural circuit reconstruction using FFT signal whitening
work_0d0f6db3af67525b,2018.0,adjacent_relevant,DS09/DS10 mouse retina,,Neural Mechanisms of Motion Processing in the Mammalian Retina.
work_0d6070f19ac2ba89,2024.0,core_relevant,,sectioning;acquisition;graph_analysis,ATUM-Tomo: A multi-scale approach to cellular ultrastructure by combined volume scanning electron microscopy and electron tomography
work_0d8d0f74d4acd55d,2022.0,adjacent_relevant,,,A theory of learning with constrained weight-distribution
work_0da43b963c6e7486,2020.0,core_relevant,,infrastructure;graph_analysis,neuPrint: Analysis Tools for EM Connectomics
work_0da77aa3fcf687df,2024.0,role_bridge,,proofreading;infrastructure;graph_analysis,Nanoscale Connectomics Annotation Standards Framework
work_0dbd0aa2e5e7f828,2022.0,core_relevant,,graph_analysis,Taste quality and hunger interactions in a feeding sensorimotor circuit
work_0dc9ade7576f1fda,2016.0,adjacent_relevant,,,Connectome Networks: From Cells to Systems
work_0dedb1df42525fe9,2013.0,adjacent_relevant,,proofreading,How do you wire a brain?
work_0e238b06daf60ae4,2018.0,core_relevant,,segmentation;synapses,Effective automated pipeline for 3D reconstruction of synapses based on deep learning
work_0e4e42b0cb08974f,2023.0,adjacent_relevant,,,The evolution of Big Data in neuroscience and neurology
work_0e66a351d16a93f6,2018.0,core_relevant,,preparation;sectioning;acquisition,Serial Thick Section Gas Cluster Ion Beam Scanning Electron Microscopy
work_0e82b896b4b49d23,2024.0,adjacent_relevant,,,Driver lines for studying associative learning in Drosophila
work_0f028df4c1bb42a4,2019.0,core_relevant,DS13 MICrONS,sectioning;acquisition;segmentation;proofreading,GCIB-SEM: A path to 10 nm isotropic imaging of cubic millimeter volumes
work_0f210c53d8261375,2020.0,adjacent_relevant,,graph_analysis;modeling,Multiscale comparative connectomics
work_0f234ec8ef48d336,2021.0,adjacent_relevant,,graph_analysis,Bayesian reconstruction of memories stored in neural networks from their connectivity
work_0f2e576ce4d24d6a,2026.0,adjacent_relevant,,graph_analysis,Mapping Connectomic Structure to Function(s) in Cerebellar-like Networks using Kernel Regression
work_0f3c0c692dba28f7,2026.0,adjacent_relevant,,infrastructure,In silico neuronal morphology classification: A systematic review.
work_0f41f2b9ac638657,2022.0,core_relevant,,,Identifying Inputs to Visual Projection Neurons in Drosophila Lobula by Analyzing Connectomic Data
work_0f667472c3c0d4cd,2026.0,adjacent_relevant,,proofreading;infrastructure;graph_analysis,Bridging Histology and Tractography: First In Vivo Visualization of Short‐Range Prefrontal Connections Informed by Primate Tract‐Tracing
work_0f90d8b78e7b6522,2022.0,core_relevant,,,Automatic classification and neurotransmitter prediction of synapses in electron microscopy
work_0faabd73a0b69ddd,2019.0,adjacent_relevant,DS03 Drosophila larva,preparation;alignment;infrastructure;graph_analysis;modeling,Valid two‐sample graph testing via optimal transport Procrustes and multiscale graph correlation with applications in connectomics
work_0fcb56dd30085155,2022.0,core_relevant,DS01 C. elegans (White+),modeling,Neural model generating klinotaxis behavior accompanied by a random walk based on C. elegans connectome
work_0fec0014dc0379d0,2025.0,core_relevant,,segmentation;graph_analysis,Inhibitory specificity from a connectomic census of mouse visual cortex
work_100b21e95a944e1e,2026.0,role_bridge,,infrastructure;graph_analysis,iBrAVE: a unified framework for 3D interactive and integrative analysis of brain atlas data across modalities and scales
work_104e54f2c4601a53,2025.0,adjacent_relevant,DS03 Drosophila larva;DS05 hemibrain;DS15 zebrafish,proofreading;infrastructure;graph_analysis,A method for extracting an approximated connectome from libraries of single cell anatomical reconstructions
work_10625a8cbeb96224,2012.0,adjacent_relevant,,modeling,Visualization in Connectomics
work_10a0b035f8a594bc,2024.0,core_relevant,,,Connectomic reconstruction predicts visual features used for navigation
work_11708302632c43f1,2025.0,core_relevant,DS06 FlyWire,infrastructure;graph_analysis,Unveiling and Steering Connectome Organization with Interpretable Latent Variables
work_118a0b13d2e80966,2026.0,core_relevant,DS15 zebrafish,segmentation;proofreading;graph_analysis,ConnectomeBench2: A Unified Benchmark for Automated Connectomic Proofreading
work_11a1d7d7074f9adc,2026.0,core_relevant,DS07 VNC (FANC/MANC),modeling,Connectome simulations identify a central pattern generator circuit for fly walking
work_11b6d0203fd3730b,2025.0,core_relevant,,infrastructure;graph_analysis,MoMo - Combining Neuron Morphology and Connectivity for Interactive Motif Analysis in Connectomes
work_11bd92b465e2aaf3,2025.0,adjacent_relevant,,graph_analysis,Rocket-crane algorithm for the Feedback Arc Set problem
work_11d1cfcde84e9410,2011.0,adjacent_relevant,,graph_analysis,A tutorial in connectome analysis: Topological and spatial features of brain networks
work_121114411163d845,2011.0,role_bridge,,preparation;sectioning;infrastructure,Three-Dimensional Reconstruction of Serial Mouse Brain Sections: Solution for Flattening High-Resolution Large-Scale Mosaics
work_122af998e627d537,2018.0,adjacent_relevant,,,Multimodal Connectomics in Psychiatry: Bridging Scales From Micro to Macro.
work_126c6fe9a5058aa2,2022.0,adjacent_relevant,DS01 C. elegans (White+),graph_analysis,Ordering in heterogeneous connectome weights for visual information processing
work_1270a34816664cc4,2024.0,core_relevant,,sectioning;acquisition;graph_analysis,"IMPACT OF ALZHEIMER’S DISEASE ON SUPRACHIASMATIC NUCLEUS CONNECTIVITY, SLEEP REGULATION, AND CIRCADIAN RHYTHM"
work_128b379bcd5dd487,2021.0,core_relevant,,,A distributed dopamine-gated circuit underpins reproductive state-dependent behavior in Drosophila females
work_12ba8e6479fb9eac,2008.0,adjacent_relevant,DS01 C. elegans (White+),synapses,Using Expression Profiles of Caenorhabditis elegans Neurons To Identify Genes That Mediate Synaptic Connectivity
work_1358cc4e6d15d0c8,2019.0,adjacent_relevant,DS01 C. elegans (White+),graph_analysis;modeling,Refined parcellation of the nervous system by algorithmic detection of hidden features within communities.
work_1363cb9e1703f6be,2021.0,core_relevant,,acquisition;segmentation;graph_analysis,Ultrastructural readout of in vivo synaptic activity for functional connectomics
work_138205744e23415e,2025.0,core_relevant,,preparation;sectioning;acquisition;segmentation;proofreading;infrastructure,"Volume Electron Microscopy of Cortical Organoids: Methods for Region Identification, Connectome Reconstruction, and Organelle Segmentation"
work_13a5924450d152cf,2024.0,core_relevant,DS03 Drosophila larva,proofreading;graph_analysis,Hierarchical communities in the larval Drosophila connectome: Links to cellular annotations and network topology
work_13df857c596640ee,2022.0,core_relevant,,graph_analysis,A functionally ordered visual feature map in the Drosophila brain.
work_13ee78a548c160ad,2025.0,adjacent_relevant,DS01 C. elegans (White+),infrastructure;graph_analysis,Building the connectome of a small brain with a simple stochastic developmental generative model
work_13fda9927df18461,2024.0,role_bridge,,,Neural Control of Naturalistic Behavior Choices.
work_1425f3d37ad68edc,2024.0,adjacent_relevant,,,High-throughput mapping of single-neuron projection and molecular features by retrograde barcoded labeling
work_143f618b404b400b,2012.0,core_relevant,DS09/DS10 mouse retina,acquisition;proofreading;infrastructure;graph_analysis,Building Retinal Connectomes
work_1443f24616d459b6,2024.0,core_relevant,DS01 C. elegans (White+);DS09/DS10 mouse retina,graph_analysis,Deciphering the genetic code of neuronal type connectivity through bilinear modeling
work_14715d8bc1c76d41,2018.0,core_relevant,,segmentation;proofreading;synapses;graph_analysis,Synaptic partner prediction from point annotations in insect brains
work_14777efdec1861e5,2021.0,role_bridge,,graph_analysis,Quantitative skills in undergraduate neuroscience education in the age of big data.
work_14854a717397137b,2018.0,adjacent_relevant,,infrastructure,Strategies for assembling columns and layers in the Drosophila visual system
work_1494588f60af3042,2025.0,role_bridge,,,"Learning brains: educational neuroscience, neurotechnology and neuropedagogy"
work_14a97091f2e2dc94,2024.0,adjacent_relevant,,proofreading,Rabies virus-based barcoded neuroanatomy resolved by single-cell RNA and in situ sequencing
work_14ac87ba48283ac0,2020.0,core_relevant,,proofreading,Neuronal Subcompartment Classification and Merge Error Correction
work_14b6d5aa74ac49e7,2025.0,core_relevant,DS09/DS10 mouse retina,segmentation;graph_analysis;modeling,Connectome of a human foveal retina
work_14d220daa1425835,2014.0,core_relevant,DS01 C. elegans (White+),sectioning;acquisition,"Dissecting a neuron network: FIB-SEM-based 3D-reconstruction of the visual neuropils in the sea spider Achelia langi (Dohrn, 1881) (Pycnogon"
work_14dc972439b8037e,2024.0,adjacent_relevant,,preparation,Connectome Projects and Mentality
work_154b100f4204e27c,2017.0,adjacent_relevant,,,Optimal degrees of synaptic connectivity
work_15637f799663d649,2021.0,core_relevant,,graph_analysis,A Geometric Chung Lu model and the Drosophila Medulla connectome
work_15832f977411772d,2021.0,core_relevant,,modeling,Structure and function of axo-axonic inhibition
work_15ac2c50e04c11f3,2018.0,adjacent_relevant,,graph_analysis,When tractography meets tracer injections: a systematic study of trends and variation sources of diffusion-based connectivity
work_15ae850b7d2a05bb,2016.0,adjacent_relevant,,,Synapse biology in the 'circuit-age' - paths towards molecular connectomics
work_15c1e28270c671f9,2015.0,role_bridge,,,Integrated Visualization of Human Brain Connectome Data
work_161efa6714c403ba,2015.0,role_bridge,,infrastructure;graph_analysis,ConnectomeDB – Sharing Human Brain Connectivity Data
work_164ab99ff38576f9,2021.0,adjacent_relevant,,,Comparative connectomics of the primate social brain
work_1658132c7599e2bd,2016.0,core_relevant,,preparation;sectioning;acquisition;graph_analysis,Nano-Resolution Connectomics Using Large-Volume Electron Microscopy
work_1667817033df6601,2018.0,adjacent_relevant,,,Novel insights into the spatial and temporal complexity of hypothalamic organization through precision methods allowing nanoscale resolution
work_1672afc156639677,2020.0,role_bridge,,sectioning;segmentation;proofreading,"Citizen science, cells and CNNs – deep learning for automatic segmentation of the nuclear envelope in electron microscopy data, trained with"
work_16956a138acecbe4,2026.0,role_bridge,,proofreading;infrastructure;graph_analysis,"CLABTOOLKIT: An Open-Source Toolkit for Routine Processing, Manipulation, and Visualization of Neuroimaging Data"
work_16b9df3949da837d,2023.0,core_relevant,,modeling,A leaky integrate-and-fire computational model based on the connectome of the entire adult Drosophila brain reveals insights into sensorimot
work_16c36532bd417889,2014.0,adjacent_relevant,,modeling,Axonal and dendritic density field estimation from incomplete single-slice neuronal reconstructions
work_16ee371b07754d0f,2025.0,core_relevant,DS06 FlyWire,infrastructure;modeling,Neuromorphic Simulation of Drosophila Melanogaster Brain Connectome on Loihi 2
work_170409dc0271c103,2021.0,role_bridge,,infrastructure;graph_analysis,A Programmable Ontology Encompassing the Functional Logic of the Drosophila Brain
work_170ec61729592c44,2021.0,core_relevant,DS01 C. elegans (White+),modeling,Forward and backward locomotion patterns in C. elegans generated by a connectome-based model simulation
work_17509aa737f1ddf4,2026.0,adjacent_relevant,,infrastructure;graph_analysis;modeling,From synapse to system: mechanistic pathways of neural signaling dysfunction in psychiatric disorders
work_17515b46569c966d,2026.0,core_relevant,,sectioning;acquisition;infrastructure,Volumetric denoising enables high-throughput volume electron microscopy and efficient downstream analysis.
work_17a397689c02868a,2022.0,adjacent_relevant,,graph_analysis;modeling,Differences in the critical dynamics underlying the human and fruit-fly connectome
work_17aff448044a0745,2014.0,adjacent_relevant,,graph_analysis,Connexel visualization: a software implementation of glyphs and edge-bundling for dense connectivity data using brainGL
work_17ed44014244fb80,2007.0,adjacent_relevant,,,3D Axon Structure Extraction and Analysis in Confocal Fluorescence Microscopy Images
work_17f8a533cf7cabc4,2019.0,adjacent_relevant,DS03 Drosophila larva;DS15 zebrafish,proofreading;infrastructure;graph_analysis,A Cellular-Resolution Atlas of the Larval Zebrafish Brain.
work_182b571db8a7ae88,2026.0,adjacent_relevant,,graph_analysis,From local motifs to global dynamical stability in the mouse brain connectome
work_1865ce7d1dd17a8d,2021.0,adjacent_relevant,,graph_analysis,A Brief History of Wires in the Brain
work_186acb8763d28840,2005.0,adjacent_relevant,,infrastructure,The Human Connectome: A Structural Description of the Human Brain
work_1870559fa982c641,2026.0,core_relevant,,segmentation;graph_analysis,Connectomic analysis reveals the axial circuit for self-righting posture control in Drosophila
work_187ee083be688884,2020.0,adjacent_relevant,,graph_analysis,Network structure of the mouse brain connectome with voxel resolution
work_18a630f143863a39,2021.0,core_relevant,DS15 zebrafish,sectioning;segmentation;graph_analysis,A specialized spinal circuit for command amplification and directionality during escape behavior
work_18e897cfbf7dee38,2023.0,core_relevant,,,3D reconstruction of the cerebellar germinal layer reveals tunneling connections between developing granule cells
work_19484211ce0ace31,2014.0,core_relevant,,segmentation;proofreading;graph_analysis,Automatic Annotation of Axoplasmic Reticula in Pursuit of Connectomes using High-Resolution Neural EM Data
work_1959a19d27f98c7b,2015.0,core_relevant,,segmentation,An Iterative Convolutional Neural Network Algorithm Improves Electron Microscopy Image Segmentation
work_195db71f4514fb42,2026.0,core_relevant,DS13 MICrONS,graph_analysis,Topological Origin of the Diversity of Timescales in Recurrent Neural Circuits
work_1990e5836bafed46,2020.0,adjacent_relevant,DS01 C. elegans (White+),,Extrasynaptic volume transmission: A novel route for neuropeptide signaling in nematodes
work_199b7e289ee6a42e,2020.0,core_relevant,,graph_analysis,Graph Properties of the Adult Drosophila Central Brain
work_19ff016fd83b93ac,2015.0,adjacent_relevant,,infrastructure,Effects of homeostatic constraints on associative memory storage and synaptic connectivity of cortical circuits
work_1a10fe21b6152804,2025.0,core_relevant,,proofreading;infrastructure,The organization of visual pathways in the Drosophila brain
work_1a16b4de189373e1,2015.0,adjacent_relevant,,preparation;proofreading;graph_analysis,Wiring cost and topological participation of the mouse brain connectome
work_1abefbc844f53786,2023.0,core_relevant,,sectioning,Multiplexed volumetric CLEM enabled by antibody derivatives provides new insights into the cytology of the mouse cerebellar cortex
work_1af9ec78dbce9759,2018.0,adjacent_relevant,DS03 Drosophila larva,synapses,"t-GRASP, a targeted GRASP for assessing neuronal connectivity"
work_1afd0f5b17737035,2013.0,adjacent_relevant,DS09/DS10 mouse retina,,From the connectome to brain function
work_1b42023217df315c,2025.0,adjacent_relevant,,infrastructure;graph_analysis,Connectomics: Mapping the Brain's Complex Networks
work_1b446a5a091f94da,2022.0,adjacent_relevant,,graph_analysis,Alzheimer’s disease rewires gene coexpression networks coupling different brain regions
work_1b719c6ba34d2ed3,2018.0,adjacent_relevant,,synapses;graph_analysis,Teneurin-3 controls topographic circuit assembly in the hippocampus
work_1b7d3ac1442704d3,2026.0,adjacent_relevant,,infrastructure;graph_analysis,Whole-neuron morphology and genetic identity define cell types and reveal principles of brain-wide connectivity.
work_1bbb53ecdb123215,2018.0,adjacent_relevant,DS01 C. elegans (White+),,Aberrant information transfer interferes with functional axon regeneration
work_1bc550704e02bb7c,2022.0,core_relevant,,preparation;infrastructure,Expansion Sequencing of RNA Barcoded Neurons in the Mammalian Brain: Progress and Implications for Molecularly Annotated Connectomics
work_1be607ebbabecd91,2015.0,core_relevant,DS22 Platynereis,sectioning;acquisition,A serial multiplex immunogold labeling method for identifying peptidergic neurons in connectomes
work_1bfad71fdf4de90f,2022.0,role_bridge,,,Olfactory Evaluation in Alzheimer’s Disease Model Mice
work_1c3c5fd2357f6e90,2022.0,adjacent_relevant,,,Unraveling Functional Diversity of Cortical Synaptic Architecture Through the Lens of Population Coding
work_1c447d78a514ecfa,2018.0,adjacent_relevant,,graph_analysis;modeling,Matched Filters for Noisy Induced Subgraph Detection
work_1c4e68a0ac51bff8,2024.0,core_relevant,,acquisition,Serotonergic modulation of swallowing in a complete fly vagus nerve connectome
work_1c84d680f7b87889,2022.0,adjacent_relevant,,,Visualizing synaptic dopamine efflux with a 2D composite nanofilm
work_1ca9f4c078a6f043,2022.0,adjacent_relevant,DS01 C. elegans (White+),,Impairing one sensory modality enhances another by reconfiguring peptidergic signalling in Caenorhabditis elegans
work_1cfdfea1840c6888,2021.0,adjacent_relevant,,proofreading,Distributed processing for action control by prelimbic circuits targeting anterior-posterior dorsal striatal subregions
work_1d22c9e3717e855b,2022.0,core_relevant,DS09/DS10 mouse retina,sectioning;acquisition,Ultrastructure of synaptic connectivity within sub-regions of the SCN revealed by genetically encoded EM tag and SBEM
work_1d4b6e5375da0fe3,2022.0,core_relevant,,graph_analysis,Synaptic wiring motifs in posterior parietal cortex support decision-making
work_1d55827a54abb8bd,2018.0,adjacent_relevant,,synapses,Schaffer Collateral Inputs to CA1 Excitatory and Inhibitory Neurons Follow Different Connectivity Rules
work_1d6abaf611b14dde,2018.0,adjacent_relevant,,,Glial mechanisms underlying substance use disorders
work_1d7b3131ed780fc1,2025.0,core_relevant,,,Measuring the functional complexity of nanoscale connectomes: polarity matters
work_1d7cd4ffd7696c84,2025.0,core_relevant,DS03 Drosophila larva,preparation,Ascending nociceptive pathways drive rapid escape and sustained avoidance in adult Drosophila
work_1d85f875391d041a,2021.0,core_relevant,,sectioning;acquisition,Selective Regional Loss of Cortical Synapses Lacking Presynaptic Mitochondria in the 5xFAD Mouse Model
work_1d87c152cf48058c,2017.0,core_relevant,,sectioning;acquisition;alignment;proofreading,Enhanced FIB-SEM systems for large-volume 3D imaging
work_1dd7c9a9eb85ed50,2021.0,core_relevant,,segmentation;infrastructure,Large-scale dendritic spine extraction and analysis through petascale computing
work_1de3e706afcc6b0d,2015.0,adjacent_relevant,,proofreading;infrastructure;graph_analysis,Optimization of Large-scale Mouse Brain Connectome via Joint Evaluation of DTI and Neuron Tracing Data
work_1ded1883d45ddd82,2023.0,core_relevant,,graph_analysis,Insights into vision from interpretation of a neuronal wiring diagram
work_1dff25f1fbe84889,2010.0,adjacent_relevant,DS09/DS10 mouse retina,,Assembly of the outer retina in the absence of GABA synthesis in horizontal cells
work_1e1cdc1d337adcda,2026.0,core_relevant,,modeling,Synchronous climbing fiber activity enables instructive signaling for cerebellar learning through modulation of disinhibitory circuits
work_1e2e923eebdef150,2023.0,adjacent_relevant,,,Phospholipid scramblase Xkr8 is required for developmental axon pruning via phosphatidylserine exposure
work_1e45d26255aa5210,2021.0,core_relevant,,infrastructure;modeling,Petabyte-Scale Multi-Morphometry of Single Neurons for Whole Brains
work_1e6634edd433800d,2016.0,role_bridge,,,Olfactory dysfunction in Alzheimer’s disease
work_1e6c336c97062212,2025.0,adjacent_relevant,,proofreading,One-step approach producing barcoded rabies virus with optimized diversity
work_1e988d999cd5be4e,2018.0,core_relevant,DS01 C. elegans (White+),,Neural Circuits of Sexual Behavior in Caenorhabditis elegans.
work_1eee1624223a684e,2024.0,adjacent_relevant,,infrastructure,Intracellular magnesium optimizes transmission efficiency and plasticity of hippocampal synapses by reconfiguring their connectivity
work_1f27324e7bc99178,2020.0,core_relevant,DS22 Platynereis,preparation;sectioning;segmentation;synapses,Combined membrane potential imaging and connectome of behavioral circuits in an annelid worm
work_1f2d549356fe466e,2024.0,core_relevant,,acquisition;segmentation;proofreading;infrastructure;graph_analysis,Systematic annotation of a complete adult male Drosophila nerve cord connectome reveals principles of functional organisation
work_1f4e6682ef491cf4,2024.0,core_relevant,,proofreading;infrastructure;graph_analysis;modeling,A simulated annealing algorithm for randomizing weighted networks
work_1f5bc11fd70f625f,2024.0,core_relevant,DS13 MICrONS;DS14 H01 human cortex,sectioning;segmentation;proofreading;infrastructure,A petavoxel fragment of human cerebral cortex reconstructed at nanoscale resolution
work_1f5d00869279e1e0,2021.0,adjacent_relevant,,proofreading;graph_analysis,A whole-brain monosynaptic input connectome to neuron classes in mouse visual cortex
work_2023cc62cedb365a,2021.0,adjacent_relevant,,preparation;alignment;infrastructure;graph_analysis,Cross-modal coherent registration of whole mouse brains
work_2053a4edc9ac5a70,2018.0,core_relevant,DS01 C. elegans (White+),infrastructure;modeling,Emulation of chemical stimulus triggered head movement in the C. elegans nematode
work_205b4deb6da9f5bb,2015.0,core_relevant,DS01 C. elegans (White+),graph_analysis,A joint graph inference case study: the C. elegans chemical and electrical connectomes
work_20710f84520e8e6f,2020.0,adjacent_relevant,DS01 C. elegans (White+),,Ubiquitin-dependent regulation of a conserved DMRT protein controls sexually dimorphic synaptic connectivity and behavior
work_209d8965d2e80500,2016.0,core_relevant,,infrastructure;graph_analysis;modeling,NeuroGFX: a graphical functional explorer for fruit fly brain circuits
work_20aa11e350125328,2019.0,core_relevant,,sectioning;alignment,Weakly Supervised Learning in Deformable EM Image Registration Using Slice Interpolation
work_20b1e77216429111,2025.0,role_bridge,,graph_analysis;modeling,Extended reality in the changing landscape of cranial neurosurgery: Role of image fusions and connectomics in precision and safety.
work_20e028bfe929110a,2019.0,core_relevant,,,"Big data in nanoscale connectomics, and the greed for training labels."
work_20ff525d6c1a00df,2024.0,adjacent_relevant,,,Transient Impairment in Microglial Function Causes Sex-Specific Deficits in Synaptic and Hippocampal Function in Mice Exposed to Early Adver
work_212bf25a53f211bd,2025.0,core_relevant,DS06 FlyWire,infrastructure;graph_analysis,Polyadic synapses introduce unique wiring architectures in T5 cells of Drosophila
work_213bd181973034b5,2020.0,adjacent_relevant,,graph_analysis;modeling,Creative destruction: Sparse activity emerges on the mammal connectome under a simulated communication strategy with collisions and redundan
work_217b1be6afe9759a,2023.0,adjacent_relevant,,,Gap junctions desynchronize a neural circuit to stabilize insect flight
work_21a0251222df4d10,2025.0,adjacent_relevant,,proofreading;synapses,Cracking the cadherin codes that wire the nervous system.
work_21a6d978640a88d8,2011.0,core_relevant,,sectioning;infrastructure,Multiscale Exploration of Mouse Brain Microstructures Using the Knife-Edge Scanning Microscope Brain Atlas
work_21e3eb788432ac70,2019.0,adjacent_relevant,,segmentation,Molecular basis of synaptic specificity by immunoglobulin superfamily receptors in Drosophila
work_21f9f7a18c9fab22,2021.0,adjacent_relevant,,proofreading,Dendritic domain-specific sampling of long-range axons shapes feedforward and feedback connectivity of L5 neurons
work_21faf952fda7708d,2021.0,adjacent_relevant,,infrastructure;graph_analysis;modeling,Progress towards a cellularly resolved mouse mesoconnectome is empowered by data fusion and new neuroanatomy techniques.
work_2215daaba2871f1f,2023.0,core_relevant,,acquisition;alignment;segmentation,X-Ray2EM: Uncertainty-Aware Cross-Modality Image Reconstruction from X-Ray to Electron Microscopy in Connectomics
work_222a233df7db45f4,2020.0,adjacent_relevant,DS01 C. elegans (White+),graph_analysis,Detecting structural perturbations from time series with deep learning
work_2241814d12e83665,2024.0,core_relevant,,segmentation;proofreading;infrastructure;graph_analysis,Gossamer: Scaling Image Processing and Reconstruction to Whole Brains
work_2241b9b401acc9e2,2014.0,adjacent_relevant,,,The Big Data Problem: Turning Maps into Knowledge
work_226671ea5a46bda3,2024.0,core_relevant,,modeling,The fly connectome reveals a path to the effectome
work_22a069f788d55d8d,2018.0,role_bridge,,infrastructure,The Allen Brain Atlas as a Resource for Teaching Undergraduate Neuroscience.
work_230753987e2feb16,2021.0,role_bridge,,sectioning;segmentation;proofreading,Reducing Manual Operation Time to Obtain a Segmentation Learning Model for Volume Electron Microscopy Using Stepwise Deep Learning With Manu
work_233791307c27b82f,2022.0,core_relevant,,segmentation;proofreading,U-RISC: An Annotated Ultra-High-Resolution Electron Microscopy Dataset Challenging the Existing Deep Learning Algorithms
work_233d52315fe236ff,2013.0,core_relevant,DS01 C. elegans (White+),graph_analysis,The Rich Club of the C. elegans Neuronal Connectome
work_234f011d0b64af9d,2017.0,adjacent_relevant,,acquisition;infrastructure,Scalable volumetric imaging for ultrahigh-speed brain mapping at synaptic resolution
work_239dd3ff619a0a41,2020.0,core_relevant,DS19 songbird,modeling,An anatomical substrate of credit assignment in reinforcement learning
work_241b54c819ff405b,2020.0,core_relevant,DS06 FlyWire,acquisition;segmentation;proofreading;infrastructure;graph_analysis,FlyWire: Online community for whole-brain connectomics
work_241c36d5a902c316,2023.0,core_relevant,DS03 Drosophila larva,sectioning;segmentation;proofreading,High-Speed Automated Reconstruction of Drosophila Larval Brain from Volumetric EM Data
work_24591202ea00f970,2026.0,adjacent_relevant,,modeling,From Connectome to Cognition: Building the First Digital Organism
work_249e338ceaff8555,2025.0,core_relevant,DS13 MICrONS,preparation;alignment;segmentation;graph_analysis,Predicting Neural Activity from Connectome Embedding Spaces
work_24bd85a7ab47ee4f,2024.0,core_relevant,DS01 C. elegans (White+),,Asymmetry in synaptic connectivity balances redundancy and reachability in the Caenorhabditis elegans connectome
work_24bfd39410f98c5d,2021.0,adjacent_relevant,,acquisition,"Optical volumetric brain imaging: speed, depth, and resolution enhancement"
work_24c9d58c113a2b86,2019.0,core_relevant,,infrastructure;graph_analysis,"Toward A Reproducible, Scalable Framework for Processing Large Neuroimaging Datasets"
work_24db0b13f227c74f,2024.0,role_bridge,,infrastructure;graph_analysis,The emergence of multiscale connectomics-based approaches in stroke recovery.
work_2503c00ea4586a10,2021.0,adjacent_relevant,DS01 C. elegans (White+),,Ascaris suum Informs Extrasynaptic Volume Transmission in Nematodes
work_2521d618f4568e57,2020.0,core_relevant,,graph_analysis,The connectome predicts resting state functional connectivity across the Drosophila brain
work_2528fed4e090c0a8,2026.0,role_bridge,,,"Brain-wide mapping of oligodendrocyte organization, oligodendrogenesis, and myelin injury"
work_252fbf1a961aaf60,2023.0,core_relevant,,graph_analysis,Efficient Search for Circuit Structure by ‘Smooth-Index’ Matrix-Reordering
work_2547e9b9bab8dbf7,2025.0,role_bridge,,acquisition,Histopathological and ultrastructural changes in different cell types during ischemic and hemorrhagic stroke.
work_2566caf4396eb201,2016.0,adjacent_relevant,DS01 C. elegans (White+),,Toward Whole-Body Connectomics
work_256bc6e4bfbd9156,2019.0,adjacent_relevant,,segmentation;modeling,Dynamic Computational Model of the Human Spinal Cord Connectome
work_25acfacf034337ac,2017.0,adjacent_relevant,,,Toward a neurocentric view of learning
work_25b09c5094797891,2026.0,adjacent_relevant,DS03 Drosophila larva,graph_analysis,Structure of the Beat–Side complex reveals their interaction is required for neuromuscular system wiring
work_25d6e525c1c72a92,2023.0,role_bridge,,,Editorial: Neurobiology of Drosophila: the 19th NeuroFly-2022 meeting
work_25d6f758bfb64d9f,2026.0,adjacent_relevant,DS01 C. elegans (White+),infrastructure;graph_analysis;modeling,Synchronization properties in C. elegans: Relating behavioral circuits to structural and functional neuronal connectivity
work_25d9bf42bedbc0f2,2017.0,role_bridge,DS01 C. elegans (White+);DS15 zebrafish,alignment;segmentation;proofreading,FIJI Macro 3D ART VeSElecT: 3D Automated Reconstruction Tool for Vesicle Structures of Electron Tomograms
work_26258e955007b315,2020.0,adjacent_relevant,DS01 C. elegans (White+),proofreading;graph_analysis,Modelling the impact of structural directionality on connectome-based models of neural activity
work_26581c4cc7535660,2015.0,core_relevant,DS11 Kasthuri neocortex,infrastructure,Development of a Big Data Framework for Connectomic Research
work_26da5d45d3f7fc2c,2023.0,core_relevant,DS01 C. elegans (White+),graph_analysis,Neuronal motifs reveal backbone structure and influential neurons of neural network in C. elegans
work_270d1e87908e8ca8,2022.0,core_relevant,,modeling,The Understanding of ON-Edge Motion Detection Through the Simulation Based on the Connectome of Drosophila's Optic Lobe
work_2713518d047c5d83,2013.0,role_bridge,,segmentation;proofreading;infrastructure,DP2: Distributed 3D image segmentation using micro-labor workforce
work_2722e2d5037a3f42,2018.0,role_bridge,,graph_analysis,Normalised degree variance
work_2732032b9e6241eb,2025.0,core_relevant,DS14 H01 human cortex,alignment;infrastructure,Cross-modal cell nucleus point clouds non-rigid registration for multiscale brain structure analysis
work_27862cae1d42d251,2025.0,adjacent_relevant,,preparation,Evaluating ultrastructural preservation quality in banked brain tissue
work_27e18aa6bae94e96,2020.0,core_relevant,DS12 L4 barrel cortex,segmentation,Postnatal connectomic development of inhibition in mouse barrel cortex
work_27e88a0ccdbba06d,2023.0,adjacent_relevant,,graph_analysis,A hierarchy index for networks in the brain reveals a complex entangled organizational structure
work_27fb2a0d9d1c342f,2009.0,role_bridge,,proofreading;infrastructure,CATMAID: collaborative annotation toolkit for massive amounts of image data
work_28104a254c26cffb,2019.0,core_relevant,DS09/DS10 mouse retina,acquisition,Synaptic inputs from identified bipolar and amacrine cells to a sparsely branched ganglion cell in rabbit retina
work_2839d159b329c51e,2020.0,role_bridge,,graph_analysis,Graph Matching Based Connectomic Biomarker with Learning for Brain Disorders
work_28c6a067561d25a1,2006.0,adjacent_relevant,,acquisition;graph_analysis,Towards neural circuit reconstruction with volume electron microscopy techniques.
work_28f6b028bce5063b,2024.0,core_relevant,,,Synaptic architecture of leg and wing premotor control networks in Drosophila
work_2907fb4fa059c6fc,2014.0,adjacent_relevant,,,Impaired activity-dependent neural circuit assembly and refinement in autism spectrum disorder genetic models
work_290cd41d89217d98,2021.0,adjacent_relevant,,proofreading,Uncovering Statistical Links Between Gene Expression and Structural Connectivity Patterns in the Mouse Brain
work_299eb90aaf78a3aa,2011.0,role_bridge,DS01 C. elegans (White+),preparation;sectioning;acquisition;graph_analysis,"A Genetically Encoded Tag for Correlated Light and Electron Microscopy of Intact Cells, Tissues, and Organisms"
work_29a46ffc83e815f5,2024.0,core_relevant,DS01 C. elegans (White+),infrastructure;graph_analysis,NeuroSC: Exploring Neurodevelopment via Spatiotemporal Collation of Anatomical Networks
work_29f2f0197383d513,2016.0,core_relevant,DS11 Kasthuri neocortex;DS13 MICrONS,segmentation;proofreading;infrastructure;graph_analysis,RhoanaNet Pipeline: Dense Automatic Neural Annotation
work_2a2fe8f95bb73f03,2015.0,adjacent_relevant,,preparation;graph_analysis,Principles of connectivity among morphologically defined cell types in adult neocortex
work_2a3d2820efed2cfe,2022.0,adjacent_relevant,DS11 Kasthuri neocortex,,Saturated reconstruction of living brain tissue
work_2a895c41d7dc42a3,2021.0,core_relevant,,,"Title: Multi-Scale LM/EM Neuronal Imaging from Brain to Synapse with a Tissue Clearing Method, ScaleSF"
work_2a92ba160393c193,2025.0,core_relevant,DS07 VNC (FANC/MANC),infrastructure;graph_analysis,From Sensory Detection to Motor Action: The Comprehensive Drosophila Taste-Feeding Connectome
work_2aa86c956dc4b3e6,2026.0,core_relevant,DS04 FAFB,sectioning;synapses,A comprehensive mechanosensory connectome reveals a somatotopically organized neural circuit architecture controlling stimulus-aimed groomin
work_2ac6946a28922c27,2026.0,core_relevant,,infrastructure;modeling,"Deep-learning-assisted simulation of a cortical circuit: integrating anatomy, physiology and function"
work_2b1f5c4232c107d1,2016.0,adjacent_relevant,,proofreading;graph_analysis,Cell type-specific long-range connections of basal forebrain circuit
work_2b21fd53a734b207,2025.0,adjacent_relevant,,graph_analysis,Integrated Classification of Cortical Cells and Quantitative Projectomic Mapping Unveil Organizational Principles of Brain-Wide Connectomes 
work_2b4f63e6ecb953d1,1985.0,core_relevant,DS01 C. elegans (White+),sectioning;graph_analysis,The neural circuit for touch sensitivity in Caenorhabditis elegans
work_2b60bd560e430bed,2018.0,adjacent_relevant,DS01 C. elegans (White+),infrastructure;modeling,OpenWorm: overview and recent advances in integrative biological simulation of Caenorhabditis elegans
work_2b726124d8738bea,2022.0,adjacent_relevant,,,Heavy-tailed neuronal connectivity arises from Hebbian self-organization
work_2b7b16a895c2f46c,2006.0,role_bridge,,graph_analysis,Statistical mechanics of community detection.
work_2b7e525a9a17d163,2023.0,core_relevant,DS01 C. elegans (White+);DS15 zebrafish,infrastructure;graph_analysis;modeling,The structure and function of neural connectomes are shaped by a small number of design principles
work_2c23ff2f9ed14485,2022.0,core_relevant,,segmentation;proofreading;synapses,Multi-layered maps of neuropil with segmentation-guided contrastive learning
work_2c3d7740e61c43c2,2025.0,core_relevant,,proofreading,Decoding neuronal wiring by joint inference of cell identity and synaptic connectivity
work_2c6fe44c1be1c300,2013.0,adjacent_relevant,,acquisition;proofreading;graph_analysis,Cellular-resolution connectomics: challenges of dense neural circuit reconstruction
work_2c8025ad84de41d1,2026.0,adjacent_relevant,,graph_analysis,FLYNN: Robust Neural Network for Robot Navigation using Fly Brain Topology
work_2cc0677e9c1d540a,2016.0,adjacent_relevant,,,Vision and Locomotion Shape the Interactions between Neuron Types in Mouse Visual Cortex
work_2cc3229a1ee783db,2024.0,core_relevant,DS01 C. elegans (White+),graph_analysis,FUNCTIONS OF C. ELEGANS NEURONS FROM SYNAPTIC CONNECTIVITY
work_2cd8a8967328e13a,2020.0,adjacent_relevant,DS01 C. elegans (White+),,A perspective on C. elegans neurodevelopment: from early visionaries to a booming neuroscience research
work_2d23fc156da4f7ce,2019.0,role_bridge,,preparation;proofreading;graph_analysis,TraceMontage: a Method for Merging Multiple Independent Neuronal Traces
work_2d5170d4591ffa30,2007.0,role_bridge,,graph_analysis,Ultramicroscopy: three-dimensional visualization of neuronal networks in the whole mouse brain
work_2d64fdbc21798739,2023.0,adjacent_relevant,DS01 C. elegans (White+),acquisition;graph_analysis,Data-driven motif discovery in biological neural networks
work_2d9db6a73a195b1d,2014.0,adjacent_relevant,,,Generation of dense statistical connectomes from sparse morphological data
work_2dd964b0e399a1fe,2016.0,adjacent_relevant,,,From Cajal to Connectome and Beyond.
work_2df062ae66c16e94,2015.0,adjacent_relevant,,preparation;infrastructure;graph_analysis;modeling,Community Detection and Classification in Hierarchical Stochastic Blockmodels
work_2df8be6327964093,2021.0,core_relevant,DS22 Platynereis,segmentation;proofreading;graph_analysis,Desmosomal connectomics of all somatic muscles in an annelid larva
work_2e135d4ee49a93d1,2010.0,adjacent_relevant,,,From the Connectome to the Synaptome: An Epic Love Story
work_2e7057c9bdb34818,2022.0,core_relevant,,graph_analysis;modeling,Bisected graph matching improves automated pairing of bilaterally homologous neurons from connectomes
work_2e89582f1e165cd3,2018.0,core_relevant,DS03 Drosophila larva,,Convergence of monosynaptic and polysynaptic sensory paths onto common motor outputs in a Drosophila feeding connectome
work_2e8cffa3e3b6ba52,2020.0,adjacent_relevant,,,Activity regulates brain development in the fly.
work_2ebee200d32da75a,2020.0,adjacent_relevant,DS01 C. elegans (White+),modeling,Raising the Connectome: The Emergence of Neuronal Activity and Behavior in Caenorhabditis elegans
work_2edafa9fb5f29e82,2022.0,adjacent_relevant,DS15 zebrafish,segmentation;proofreading,A single-cell resolution gene expression atlas of the larval zebrafish brain
work_2f0f73920e21ef45,2026.0,core_relevant,DS01 C. elegans (White+),,Mitotic lineage adds predictive information beyond cell type in the C. elegans connectome
work_2f3e497ffaa5e9d7,2022.0,adjacent_relevant,,preparation;sectioning;acquisition;segmentation;graph_analysis,Volume electron microscopy: taking the measure of cells in 3D
work_2f409874ec73fe00,2013.0,adjacent_relevant,,infrastructure;graph_analysis,Toward the Drosophila connectome: structural analysis of the brain network
work_2f4a13ea9aef920f,2023.0,core_relevant,DS09/DS10 mouse retina,modeling,Impact of Retinal Degeneration on Response of ON and OFF Cone Bipolar Cells to Electrical Stimulation
work_2f671ade1d1c2e2c,2025.0,core_relevant,DS06 FlyWire,,Sexually-dimorphic neurons in the Drosophila whole-brain connectome
work_2f6b66120e640199,2021.0,core_relevant,DS09/DS10 mouse retina,sectioning;acquisition,Synaptic inputs to broad thorny ganglion cells in macaque retina
work_2f968b5df6b0dd3d,2022.0,core_relevant,DS03 Drosophila larva,graph_analysis,The connectome of an insect brain
work_2fe794228645ab5f,2025.0,core_relevant,DS01 C. elegans (White+),,Emergence of clustered synapses during the development of a nervous system
work_2fec1e83fce4a3a0,2022.0,core_relevant,DS01 C. elegans (White+),graph_analysis,A graph network model for neural connection prediction and connection strength estimation
work_2ff133b450151f26,2023.0,adjacent_relevant,,acquisition,"Architectural organization of ∼1,500-neuron modular minicolumnar disinhibitory circuits in healthy and Alzheimer's cortices."
work_2ff20dedc643aaf0,2011.0,adjacent_relevant,,graph_analysis,Inferring Synaptic Connectivity from Spatio-Temporal Spike Patterns
work_30755daec3a98a3c,2019.0,adjacent_relevant,,graph_analysis,Spectral peculiarity and criticality of a human connectome.
work_308f5478abdb4fa4,2014.0,adjacent_relevant,DS01 C. elegans (White+),preparation;graph_analysis,Two-sample Hypothesis Testing for Random Dot Product Graphs via Adjacency Spectral Embedding
work_30981973267aabd1,2024.0,core_relevant,DS09/DS10 mouse retina,graph_analysis,A circuit motif for color in the human foveal retina
work_30a1ebdb4c3baaba,2024.0,core_relevant,DS14 H01 human cortex,segmentation;infrastructure,EM-Compressor: Electron Microscopy Image Compression in Connectomics with Variational Autoencoders
work_30ab633401383953,2026.0,role_bridge,,proofreading;graph_analysis;modeling,Semi-Automatic Correction of 3D Tubular Structure Skeletons via Component-Wise MST and Filtered Delaunay Triangulation
work_30b183a150c2351a,2025.0,role_bridge,,infrastructure;graph_analysis,Controlling Reciprocity in Binary and Weighted Networks: A Novel Density-Conserving Approach
work_30b9fcdedb89207a,2016.0,adjacent_relevant,,preparation;segmentation;graph_analysis,Quantifying Mesoscale Neuroanatomy Using X-Ray Microtomography
work_3124a20f92cb886a,2024.0,adjacent_relevant,,preparation;infrastructure;graph_analysis,Cell type-specific connectome predicts distributed working memory activity in the mouse brain
work_31486f2a35f6fd01,2024.0,role_bridge,,infrastructure;graph_analysis,Connectome-based prediction of functional impairment in experimental stroke models
work_3167944ed8876ef1,2019.0,core_relevant,DS03 Drosophila larva,graph_analysis,Multilevel feedback architecture for adaptive regulation of learning in the insect brain
work_318843cf74d33350,2023.0,role_bridge,,,New Challenges for Anatomists in the Era of Omics
work_31955c620b12a810,2020.0,core_relevant,,infrastructure;modeling,An efficient analytical reduction of detailed nonlinear neuron models
work_31d1fee6f2ffabfe,2020.0,core_relevant,,,The connectome of the adult Drosophila mushroom body provides insights into function
work_31e342d0d3149cd8,2011.0,adjacent_relevant,,,Functional specificity of local synaptic connections in neocortical networks
work_3237794822a671c6,2019.0,adjacent_relevant,,,Modality-specific circuits for skylight orientation in the fly visual system
work_324fa11700fbfc52,2018.0,core_relevant,,sectioning;acquisition;alignment;proofreading,Breaking Barriers of FIB-SEM for Large Volume Connectomics and Cell Biology
work_3250041480d5bfbb,2024.0,core_relevant,,sectioning;infrastructure;graph_analysis,Scalable electron tomography for connectomics
work_32508f097eb3c1ce,2016.0,core_relevant,,sectioning;acquisition;alignment;segmentation,Reconstruction of Neural Circuits Using Serial Block-Face Scanning Electron Microscopy
work_32511d828fc70ade,2026.0,core_relevant,DS06 FlyWire,preparation;proofreading;synapses;infrastructure;graph_analysis,Connectome-scale self-supervised representation learning reveals neuronal organization beyond canonical labels
work_325cae202b91894a,2016.0,adjacent_relevant,DS01 C. elegans (White+),acquisition;proofreading,TrakEM 2 software for neural circuit reconstructions
work_32632f2c4700ef08,2021.0,adjacent_relevant,,sectioning;segmentation;graph_analysis,Three-Dimensional Structure of Dendritic Spines Revealed by Volume Electron Microscopy Techniques
work_32b0dddba5ca9668,2010.0,adjacent_relevant,,alignment;segmentation;proofreading;infrastructure,A high-level 3D visualization API for Java and ImageJ
work_32bc69744c269989,2023.0,core_relevant,DS04 FAFB;DS06 FlyWire,graph_analysis,Heterogeneity of synaptic connectivity in the fly visual system
work_32be8e2e7620bbea,2020.0,adjacent_relevant,,sectioning;acquisition;alignment;infrastructure,Transforming FIB-SEM for Large Volume Imaging: A Powerful Discovery Platform for Biological Sciences
work_32e52d5bd99d53cf,2019.0,adjacent_relevant,,preparation;proofreading;infrastructure,Perfusion fixation in brain banking: a systematic review
work_33349c24be53087b,2026.0,adjacent_relevant,,preparation;proofreading;infrastructure;graph_analysis,Optimized genetic tracers for viral mediated neuronal projection mapping
work_333df38005e93b84,2025.0,core_relevant,,segmentation;proofreading;infrastructure;graph_analysis,A distribution-aware semi-supervised pipeline for cost-effective neuron segmentation
work_3356ffe4646dbcae,2021.0,core_relevant,DS22 Platynereis,acquisition,"The conserved core of the nereid brain: Circular CNS, apical nervous system and lhx6-arx-dlx neurons."
work_339286588e4c34ee,2025.0,core_relevant,,synapses,Connectomic analysis of astrocyte-synapse interactions in the cerebral cortex
work_34a1d7dbc52da5e7,2022.0,role_bridge,,graph_analysis,Identifying vulnerable brain networks associated with Alzheimer's disease risk.
work_34ba253c7ecb3c96,2014.0,adjacent_relevant,DS12 L4 barrel cortex,proofreading;modeling,Tracing evolution of spatio-temporal dynamics of the cerebral cortex: cortico-cortical communication dynamics
work_34df5eb3d913abe2,2024.0,core_relevant,DS01 C. elegans (White+),graph_analysis,Discovering motifs to fingerprint multi-layer networks: a case study on the connectome of C. Elegans
work_34eca68ee456ee93,2020.0,adjacent_relevant,,graph_analysis,"Explosive, continuous and frustrated synchronization transition in spiking Hodgkin–Huxley neural networks: The role of topology and synaptic"
work_354bd14e8f435b6f,2014.0,adjacent_relevant,,segmentation,Toward large-scale connectome reconstructions.
work_354df85e2024b100,2025.0,core_relevant,DS03 Drosophila larva,,Descending neurons integrate learnt information from mushroom body with context to promote escape behaviour
work_357cbef074c8c0cb,2020.0,adjacent_relevant,,,Prediction of a Cell-Class-Specific Mouse Mesoconnectome Using Gene Expression Data
work_35c1ecb5d4fa2f12,2022.0,role_bridge,,,Advancing the Science of Recruitment and Retention in Alzheimer’s disease Clinical Studies among Spanish‐speaking immigrant Latino/Hispanic 
work_35ff62d34b104b23,2019.0,core_relevant,,segmentation;infrastructure,An Effective Encoder-Decoder Network for Neural Cell Bodies and Cell Nucleus Segmentation of EM Images
work_36162776d7c53766,2014.0,role_bridge,,graph_analysis,Multilayer Analysis and Visualization of Networks
work_363f7d32a40b6f99,2013.0,adjacent_relevant,,,Structural and functional analysis of single neurons to correlate synaptic connectivity with grooming behavior
work_36602f0170e09b02,2024.0,core_relevant,,modeling,A Drosophila computational brain model reveals sensorimotor processing
work_36cfd0a40b9962e3,2023.0,core_relevant,,,Integrating EM and Patch-seq data: Synaptic connectivity and target specificity of predicted Sst transcriptomic types
work_37030834c8ad719e,2012.0,adjacent_relevant,,sectioning;acquisition;infrastructure,Stability of Presynaptic Vesicle Pools and Changes in Synapse Morphology in the Amygdala Following Fear Learning in Adult Rats
work_3763d0d7b8bb342e,2021.0,core_relevant,DS09/DS10 mouse retina,sectioning;acquisition;modeling,Model-based Comparison of Current Flow in Rod Bipolar Cells of Healthy and Early-Stage Degenerated Retina
work_37c69c4f5cf51e0f,2026.0,adjacent_relevant,,segmentation;graph_analysis,Probing molecular diversity and ultrastructure of brain cells with fluorescent aptamers
work_37dddd285c63a03f,2017.0,core_relevant,,segmentation;synapses;graph_analysis,Toward Streaming Synapse Detection with Compositional ConvNets
work_37de4cdb46f24752,2021.0,adjacent_relevant,,graph_analysis,The mouse cortico–basal ganglia–thalamic network
work_37e566981828c484,2019.0,core_relevant,,segmentation,Semi-Supervised Learning for Electron Microscopy Image Segmentation
work_37f1613cec20c6f3,2018.0,core_relevant,,preparation;sectioning,Optimal Preparation of Drosophila Brain Samples for FIB-SEM
work_381cfb0ab7dee493,2016.0,adjacent_relevant,,proofreading,The connectome of rostral ventrolateral medulla C1 neurons
work_38787b35074da840,2015.0,adjacent_relevant,,sectioning;acquisition;segmentation,Three-dimensional volume imaging with electron microscopy toward connectome.
work_38b49edc6e3d2483,2014.0,adjacent_relevant,,sectioning;acquisition,Exploring the third dimension: volume electron microscopy comes of age.
work_394d3760042a2c10,2019.0,core_relevant,DS03 Drosophila larva,segmentation;graph_analysis,A multilayer circuit architecture for the generation of distinct locomotor behaviors in Drosophila
work_397f26a63b62d9c9,2026.0,core_relevant,DS09/DS10 mouse retina,alignment;proofreading;graph_analysis,Eyewire II – A connectomic resource for resolving cell types and circuits of the mouse retina
work_39a3b67a9fbfbeff,2023.0,core_relevant,,,Overlap and divergence of neural circuits mediating distinct behavioral responses to sugar
work_39cd5f0563d3d522,2011.0,adjacent_relevant,,proofreading;infrastructure;graph_analysis;modeling,Macaque structural connectivity revisited: CoCoMac 2.0
work_3a04d60d1153548a,2019.0,adjacent_relevant,,graph_analysis,Single‐neuron axonal reconstruction: The search for a wiring diagram of the brain
work_3a523e380e464fb1,2023.0,adjacent_relevant,DS15 zebrafish,infrastructure,Tensor formalism for predicting synaptic connections with ensemble modeling or optimization
work_3a65e3433ca551c8,2022.0,adjacent_relevant,,infrastructure;graph_analysis,Unusual Mathematical Approaches Untangle Nervous Dynamics
work_3a7d7c9c03116da4,2023.0,core_relevant,,infrastructure;graph_analysis,Compression-based inference of network motif sets
work_3a8e55c0032e0c3d,2018.0,core_relevant,DS09/DS10 mouse retina,sectioning,Connectomic Identification and Three-Dimensional Color Tuning of S-OFF Midget Ganglion Cells in the Primate Retina
work_3a9691a3258cc3e4,2016.0,role_bridge,,proofreading;graph_analysis,Explicitly Linking Regional Activation and Function Connectivity: Community Structure of Weighted Networks with Continuous Annotation
work_3ab4cb0af089d3c4,2024.0,adjacent_relevant,DS15 zebrafish,,Geometry and dynamics of representations in a precisely balanced memory network related to olfactory cortex
work_3ab7d874f89ab83f,2024.0,core_relevant,DS01 C. elegans (White+),graph_analysis;modeling,Wavenumber-dependent transmission of subthreshold waves on electrical synapses network model of Caenorhabditis elegans
work_3ac30b4e3160787e,2011.0,adjacent_relevant,DS01 C. elegans (White+),graph_analysis;modeling,Reconstruction of complete connectivity matrix for connectomics by sampling neural connectivity with fluorescent synaptic markers.
work_3ac7168aedad246c,2022.0,role_bridge,,,Neuroimaging and thalamic connectomics in epilepsy neuromodulation.
work_3af5c3b4454d1441,2018.0,adjacent_relevant,,sectioning;segmentation;proofreading;graph_analysis,Domain Adaptive Segmentation In Volume Electron Microscopy Imaging
work_3bbd2ba2336e3d65,2026.0,core_relevant,DS03 Drosophila larva,,The larval Drosophila mushroom body balances lateralized sensing and interhemispheric integration
work_3beb8aa4ca1a3268,2025.0,adjacent_relevant,,,Developmental Connectomics of the Mouse Cerebellum
work_3caddbc3b20ff02f,2017.0,adjacent_relevant,,modeling,Modelling plasticity in dendrites: from single cells to networks.
work_3cc21ebfdfd82947,2024.0,adjacent_relevant,,acquisition,Two- and three-dimensional electron microscopy techniques: powerful tools for studying the brain under physiological and pathological condit
work_3cce75d511ef6842,2014.0,adjacent_relevant,,infrastructure,Structured synaptic connectivity between hippocampal regions.
work_3cdeb09bc05869a4,2026.0,adjacent_relevant,,,Uncovering the Basis of Human Connectome Complexity: The Role of Neuronal Morphology
work_3cf5d4c3be86004c,2017.0,adjacent_relevant,DS01 C. elegans (White+),graph_analysis,A Semiparametric Two-Sample Hypothesis Testing Problem for Random Graphs
work_3cfb4552d0463ce3,2021.0,core_relevant,DS13 MICrONS;DS14 H01 human cortex,preparation;acquisition;segmentation;proofreading;synapses,A connectomic study of a petascale fragment of human cerebral cortex
work_3d25f36feef3f4d0,2019.0,core_relevant,DS09/DS10 mouse retina,graph_analysis,Neural mechanisms of contextual modulation in the retinal direction selective circuit
work_3d4f459dce5d0c1b,2022.0,core_relevant,DS01 C. elegans (White+),,Dynamic Functional Connectivity in the Static Connectome of C. elegans
work_3d61aeab949bc36b,2024.0,core_relevant,,synapses;infrastructure;graph_analysis,Synaptic connectome of a neurosecretory network in the Drosophila brain
work_3d98d18aeb1fdbbf,2019.0,core_relevant,DS01 C. elegans (White+),graph_analysis,Synchronization Patterns in Modular Neuronal Networks: A Case Study of C. elegans
work_3dbce6aa5261fb05,2021.0,core_relevant,DS03 Drosophila larva,,Circuits for integrating learned and innate valences in the insect brain
work_3de0825b6d9efa49,2016.0,core_relevant,,segmentation,Flood-Filling Networks
work_3e58e01b1b6afbaf,2024.0,role_bridge,,graph_analysis,Brain Network Fingerprints of Alzheimer’s Disease Risk Factors in Mouse Models with Humanized APOE Alleles
work_3f0421e54f4413e8,2022.0,core_relevant,DS01 C. elegans (White+),graph_analysis,The synaptic organization in the C. elegans neural network suggests significant local compartmentalized computations
work_3f148a970f4d8675,2026.0,core_relevant,,,Proprioceptive limit detectors contribute to sensorimotor control of the Drosophila leg
work_3f1826f13366209a,2026.0,adjacent_relevant,,infrastructure,Toward a foundational brain model of intelligence.
work_3f33a09c75f65755,2025.0,core_relevant,DS13 MICrONS,,Perisomatic ultrastructure efficiently classifies cells in mouse cortex
work_3f85fd1498cd4c6b,2023.0,adjacent_relevant,DS09/DS10 mouse retina,proofreading,Re-formation of synaptic connectivity in dissociated human stem cell-derived retinal organoid cultures
work_3f8ff97d903089c8,2025.0,core_relevant,,segmentation;proofreading,Autoproof: Automated Segmentation Proofreading for Connectomics
work_3f9932d1eb0e6de5,2026.0,core_relevant,DS01 C. elegans (White+),preparation;infrastructure;graph_analysis,Thermodynamic connectivity reveals functional specialization and multiplex organization of extrasynaptic signaling
work_3fc32d8b6b292ea4,2020.0,adjacent_relevant,,graph_analysis,The connectome
work_3fd452a2623069a1,2026.0,role_bridge,,preparation;modeling,Dopamine Depletion Drives Whole-Brain Oscillatory Disruptions via Cortico–Subcortical Resonance: A Multiscale Model of Parkinson’s Disease i
work_3fddccfee3181b91,2022.0,core_relevant,DS19 songbird,infrastructure,SyConn2: dense synaptic connectivity inference for volume electron microscopy
work_3ff2d8d7b19a260c,2014.0,adjacent_relevant,DS15 zebrafish,,Fast gene transfer into the adult zebrafish brain by herpes simplex virus 1 (HSV-1) and electroporation: methods and optogenetic application
work_401ad4f230d2edb4,2024.0,adjacent_relevant,,synapses,Synaptic promiscuity in brain development
work_403be6bf6a79f219,2013.0,role_bridge,,infrastructure,"Human Connectome Project Informatics: quality control, database services, and data visualization"
work_404e1398f29ac566,2026.0,adjacent_relevant,,infrastructure;graph_analysis,Multiple coexisting pathways to synchronization shape seizure dynamics in a mesoscale mouse brain model
work_4056ab75c914db70,2013.0,adjacent_relevant,,graph_analysis,Vertex nomination schemes for membership prediction
work_406c25e780e295c9,2016.0,core_relevant,,sectioning;acquisition;segmentation;graph_analysis,Reconstruction of genetically identified neurons imaged by serial-section electron microscopy
work_4115864d71311555,2010.0,core_relevant,,segmentation;graph_analysis;modeling,Radon-Like features and their application to connectomics
work_411b979fc16bbb2d,2014.0,core_relevant,,segmentation;synapses;graph_analysis,Volumetric Exploitation of Synaptic Information using Context Localization and Evaluation
work_413a3d616a7afef8,2016.0,adjacent_relevant,,sectioning;synapses;graph_analysis,Light-Microscopy-Based Sparse Neural Circuit Reconstruction: Array Tomography and Other Methods
work_41a8c234a5f33895,2014.0,adjacent_relevant,,,The big data challenges of connectomics
work_41c505683a24216d,2025.0,core_relevant,,preparation;graph_analysis;modeling,Differential temporal filtering in the fly optic lobe
work_41fd01a3460815f1,2025.0,adjacent_relevant,,proofreading;infrastructure,Brain-wide monosynaptic single-neuron connectivity with ROInet-seq
work_4236ab9af81677cb,2026.0,core_relevant,,proofreading;graph_analysis,Weight distributions in the fruit-fly and the mouse connectomes
work_42387a380ebe88f6,2020.0,adjacent_relevant,DS01 C. elegans (White+),infrastructure,Uncovering the genetic blueprint of the C. elegans nervous system
work_424344120bcd28bd,2025.0,adjacent_relevant,,,Distinguish risk genes functioning at presynaptic or postsynaptic regions and key connectomes associated with pathological α-synuclein sprea
work_42ac0b1d50535d45,2026.0,core_relevant,DS01 C. elegans (White+),infrastructure;graph_analysis,Signed motif analysis of the Caenorhabditis elegans neuronal network reveals positive feedforward and negative feedback loops
work_42add33f0ddb0eba,2020.0,role_bridge,,graph_analysis,Testing biological network motif significance with exponential random graph models
work_432ed361ab9274cc,2020.0,adjacent_relevant,,segmentation;graph_analysis,"The Mixture Graph-A Data Structure for Compressing, Rendering, and Querying Segmentation Histograms"
work_434673087d1709d7,2017.0,core_relevant,,sectioning;acquisition;infrastructure,A connectome of a learning and memory center in the adult Drosophila brain
work_43701c72bf8d7450,2025.0,core_relevant,,infrastructure,Cross-species comparative connectomics reveals the evolution of an olfactory circuit
work_4396bf2e9890909a,2014.0,adjacent_relevant,,alignment;infrastructure;graph_analysis,The natverse: a versatile computational toolbox to combine and analyse neuroanatomical data
work_43b7faaf8820340a,2025.0,adjacent_relevant,,infrastructure;graph_analysis,Symmetries of Living Systems: Symmetry Fibrations and Synchronization in Biological Networks
work_43b8f0d68020f509,2017.0,adjacent_relevant,,acquisition,New dimensions of connectomics and network plasticity in the central nervous system
work_43cffa0131a4b3c8,2020.0,adjacent_relevant,,,Imaging voltage and brain chemistry with genetically encoded sensors and modulators.
work_43de2b21d37088ef,2026.0,core_relevant,,graph_analysis,A Computational Perspective on the No-Strong-Loops Principle in Brain Networks
work_43f9348b8e8dc3dc,2018.0,adjacent_relevant,,graph_analysis,Neuron-specific signatures in the chromosomal connectome associated with schizophrenia risk
work_43f9ddf96b1a7595,2021.0,adjacent_relevant,DS01 C. elegans (White+),infrastructure,Methods for analyzing neuronal structure and activity in Caenorhabditis elegans.
work_440fb4477db86d46,2013.0,role_bridge,,proofreading;modeling,VolRoverN: Enhancing surface and volumetric reconstruction for realistic dynamical simulation of cellular and subcellular function
work_440fdfad4902f6ae,2008.0,adjacent_relevant,,acquisition;graph_analysis,Ome sweet ome: what can the genome tell us about the connectome?
work_4422d2e92d67043e,2025.0,adjacent_relevant,,segmentation;proofreading;infrastructure;graph_analysis,"Deep learning for brain electron microscopy segmentation: Advances, challenges, and future directions in connectomics and ultrastructure ana"
work_4488387d1a4d2480,2019.0,core_relevant,,infrastructure;graph_analysis,Toric Spines at a Site of Learning
work_44b42b742b2087f0,2023.0,adjacent_relevant,,graph_analysis,Predicting distributed working memory activity in a large-scale mouse brain: the importance of the cell type-specific connectome
work_44b8302d72044c47,2022.0,core_relevant,,segmentation;proofreading;infrastructure;graph_analysis,Instance Segmentation of Unlabeled Modalities via Cyclic Segmentation GAN
work_4514cd847994dcc7,2020.0,core_relevant,,graph_analysis,A connectome of the Drosophila central complex reveals network motifs suitable for flexible navigation and context-dependent action selectio
work_4520228f7f3302c2,2023.0,core_relevant,,graph_analysis,Network Community Detection in Connectomics Data using Graph Theory
work_452c63f080d3a726,2013.0,adjacent_relevant,,,Connectomics: The dense reconstruction of neuronal circuits using volume electron microscopy
work_4590b0e98877a3a3,2021.0,adjacent_relevant,,,Functional Connectome Analysis of the Striatum with Optogenetics.
work_459f1826c547937f,2025.0,core_relevant,DS06 FlyWire,infrastructure;graph_analysis,Feedforward Ordering in Neural Connectomes via Feedback Arc Minimization
work_45b96d662a877736,2025.0,adjacent_relevant,DS01 C. elegans (White+),,Prediction of functional neural circuits in caenorhabditis elegans based on overlapping community detection
work_45c2bb988725056f,2018.0,adjacent_relevant,DS01 C. elegans (White+),graph_analysis;modeling,Three-dimensional simulation of the Caenorhabditis elegans body and muscle cells in liquid and gel environments for behavioural analysis
work_45cef90e755de84c,2013.0,core_relevant,DS09/DS10 mouse retina,graph_analysis,Functional allocation of synaptic contacts in microcircuits from rods via rod bipolar to AII amacrine cells in the mouse retina
work_463ae7b1129e918a,2020.0,adjacent_relevant,,segmentation;proofreading,"CEM500K, a large-scale heterogeneous unlabeled cellular electron microscopy image dataset for deep learning"
work_467a6cc67c703560,2023.0,core_relevant,DS13 MICrONS,preparation;alignment,BIFROST: a method for registering diverse imaging datasets
work_46bdc3971bd8649f,2019.0,core_relevant,,preparation,Electron Microscopy Sample Preparation Protocol Enabling Nano-to-mesoscopic Mapping of Cellular Connectomes and Their Habitats in Human Tiss
work_4705ee19f49ae2b4,2022.0,adjacent_relevant,,,A global timing mechanism regulates cell-type-specific wiring programmes
work_473c2b2f7d586069,2015.0,adjacent_relevant,,graph_analysis;modeling,Cerebral cartography and connectomics
work_4763c86ef9823a58,2020.0,core_relevant,,preparation;modeling,Structured sampling of olfactory input by the fly mushroom body
work_47806917552684d8,2011.0,role_bridge,DS09/DS10 mouse retina,graph_analysis,The retinal hypercircuit: a repeating synaptic interactive motif underlying visual function
work_4785092574ee1f39,2010.0,core_relevant,DS03 Drosophila larva,preparation;sectioning;acquisition;alignment,As-rigid-as-possible mosaicking and serial section registration of large ssTEM datasets
work_4799561fb5fe8c10,2026.0,adjacent_relevant,,infrastructure;modeling,Ultrastructural preservation of a whole large mammal brain with a protocol compatible with human physician-assisted death
work_47a95169180f7b39,2019.0,adjacent_relevant,,modeling,Inference of synaptic connectivity and external variability in neural microcircuits
work_47ccbd8bc04d1dc3,2015.0,core_relevant,,segmentation;graph_analysis,Image Segmentation by Size-Dependent Single Linkage Clustering of a Watershed Basin Graph
work_47dbb1ae5c861feb,2020.0,core_relevant,DS01 C. elegans (White+),preparation;infrastructure,Beyond the connectome: A map of a brain architecture derived from whole-brain volumetric reconstructions
work_484939fab9ad128d,2023.0,role_bridge,DS15 zebrafish,graph_analysis,Neural dynamics and architecture of the heading direction circuit in zebrafish
work_4880cacffadd6077,2021.0,core_relevant,,,Drosophila gustatory projections are segregated by taste modality and connectivity
work_4888d0293b40ce35,2019.0,adjacent_relevant,,graph_analysis;modeling,Constraining computational models using electron microscopy wiring diagrams.
work_48cfa5f3aa4b5d20,2021.0,adjacent_relevant,DS01 C. elegans (White+),graph_analysis,Sex-specific topology of the nociceptive circuit shapes dimorphic behavior in C. elegans
work_49cdb39886a56ede,2026.0,core_relevant,DS01 C. elegans (White+),infrastructure;graph_analysis,Developmental patterns of the C. elegans neural circuits using community detection.
work_4a065afca6719b79,2015.0,adjacent_relevant,,,Specification of synaptic connectivity by cell surface interactions
work_4a0e8435e3699a88,2023.0,adjacent_relevant,,acquisition;infrastructure,Sleep benefits different stages of memory in Drosophila
work_4a3e75dfbab9096e,2026.0,adjacent_relevant,,,Adult Clock Neuron Somatic Neuropeptide Release and Cytonemes Regulate Sleep
work_4a82596aff271554,2022.0,adjacent_relevant,,graph_analysis,Complex topological features of reservoirs shape learning performances in bio-inspired recurrent neural networks
work_4a882767161927d6,2019.0,adjacent_relevant,DS19 songbird,acquisition,Author response: Accelerated redevelopment of vocal skills is preceded by lasting reorganization of the song motor circuitry
work_4a8c664faa8c1c13,2016.0,adjacent_relevant,,preparation;proofreading;graph_analysis,The Brain in Space
work_4aacd75f73cf971f,2025.0,core_relevant,DS15 zebrafish,infrastructure;graph_analysis;modeling,Correlative light and electron microscopy reveals the fine circuit structure underlying evidence accumulation in larval zebrafish
work_4ab664454d56c724,2020.0,core_relevant,,acquisition;segmentation;infrastructure,Toward an Automated HPC Pipeline for Processing Large Scale Electron Microscopy Data
work_4b37a6f905cdcd31,2019.0,adjacent_relevant,DS01 C. elegans (White+),graph_analysis;modeling,Novel Technological Advances in Functional Connectomics in C. elegans
work_4b3bfeede41c04c0,2016.0,adjacent_relevant,,,Super-Resolution Mapping of Neuronal Circuitry With an Index-Optimized Clearing Agent.
work_4b7413fa018067cf,2018.0,adjacent_relevant,DS20 Ciona,,"Neuronal Identity: The neuron types of a simple chordate sibling, the tadpole larva of Ciona intestinalis."
work_4b8e24bb37ad66d1,2026.0,adjacent_relevant,DS09/DS10 mouse retina,preparation,UNSOLVED RETINAL QUESTIONS.
work_4b92ca8485717239,2024.0,core_relevant,,,Functional imaging and connectome analyses reveal organizing principles of taste circuits in Drosophila
work_4ba1c97ceb43aab4,2016.0,core_relevant,,preparation;acquisition;segmentation;proofreading,Genetically targeted 3D visualisation of Drosophila neurons under Electron Microscopy and X-Ray Microscopy using miniSOG
work_4bc689f7d81f71a8,2023.0,adjacent_relevant,,synapses,Brain wiring determinants uncovered by integrating connectomes and transcriptomes.
work_4c202403940ee964,2016.0,adjacent_relevant,DS01 C. elegans (White+),,Sex-specific pruning of neuronal synapses in Caenorhabditis elegans
work_4c48150f43cdafa3,2025.0,adjacent_relevant,,alignment;proofreading,Reconstruction of Single-Neuron Projectomes in Mice
work_4c544b6c1513bcca,2026.0,core_relevant,,,Connectome analysis reveals brainwide visual processing in Drosophila
work_4c57aec0d5a67e11,2014.0,adjacent_relevant,DS01 C. elegans (White+),,Polarity-specific high-level information propagation in neural networks
work_4c9a911feecbe13c,2025.0,adjacent_relevant,,,Enriched experience increases reciprocal synaptic connectivity and coding sparsity in higher-order cortex
work_4cb5df5727006bd0,2017.0,adjacent_relevant,,infrastructure;graph_analysis,Digital tissue and what it may reveal about the brain
work_4cd80a02170f62bd,2026.0,core_relevant,,alignment;graph_analysis;modeling,Energy-efficient information processing and eligibility-trace plasticity in the Drosophila optic lobe connectome
work_4ced3a721c9acbc2,2026.0,adjacent_relevant,,infrastructure;graph_analysis;modeling,Neuromodulation supports robust rhythmic pattern transitions in degenerate central pattern generators with fixed connectivity
work_4cf725eac3b48f0e,2014.0,adjacent_relevant,DS09/DS10 mouse retina,,"Wiring patterns in the mouse retina: collecting evidence across the connectome, physiology and light microscopy"
work_4cf7859925bc6f52,2023.0,core_relevant,,sectioning;acquisition;infrastructure;graph_analysis,Real-time Image Deblurring to Improve Throughput of Serial-Section Volume Electron Microscopy for Neural Connectomic Studies.
work_4d00298c33d3d45c,2024.0,core_relevant,,preparation;infrastructure;modeling,Recurrent connections enable point attractor dynamics and dimensionality reduction in a connectome-constrained model of the insect learning 
work_4d0bb2dac32d5f80,2024.0,role_bridge,,,Clinical parameters affect the structure and function of superficial pyramidal neurons in the adult human neocortex
work_4d35d34b923b60d1,2018.0,core_relevant,DS01 C. elegans (White+),graph_analysis,"Hub connectivity, neuronal diversity, and gene expression in the Caenorhabditis elegans connectome"
work_4d5f8126d96042c6,2015.0,role_bridge,,,Resting-state functional connectivity in major depressive disorder: A review.
work_4d7d498bf3d21669,2013.0,adjacent_relevant,,alignment;proofreading;infrastructure;graph_analysis;modeling,Connecting connectomes
work_4d8693046463c36c,2020.0,core_relevant,,sectioning;infrastructure,Capillary-Based and Stokes-Based Trapping of Serial Sections for Scalable 3D-EM Connectomics
work_4d88921e492f9434,2022.0,core_relevant,,infrastructure;graph_analysis,neuPrint: An open access tool for EM connectomics
work_4de777fd03b81fa4,2024.0,adjacent_relevant,,graph_analysis,An algorithm for identifying task-specific brain subnetworks using the visuomotor system as an example
work_4deb27b42801f710,2017.0,adjacent_relevant,,,"Proximodistal heterogeneity of hippocampal CA3 pyramidal neuron intrinsic properties, connectivity and reactivation during memory recall"
work_4e304075a32337e8,2020.0,adjacent_relevant,,segmentation;proofreading,Deep multilevel contextual networks for biomedical image segmentation
work_4e3b5ec4297fcae3,2024.0,core_relevant,,infrastructure;graph_analysis;modeling,A lightweight data-driven spiking neuronal network model of Drosophila olfactory nervous system with dedicated hardware support
work_4e599e7a45cded14,2016.0,adjacent_relevant,,graph_analysis;modeling,The rhesus monkey connectome predicts disrupted functional networks resulting from pharmacogenetic inactivation of the amygdala
work_4e83dd54ab62f570,2021.0,adjacent_relevant,,infrastructure;graph_analysis;modeling,SynCoPa: Visualizing Connectivity Paths and Synapses Over Detailed Morphologies
work_4eaf3f68c7cc6dce,2018.0,adjacent_relevant,,proofreading;graph_analysis;modeling,Spatiotemporal ontogeny of brain wiring
work_4ed8dbe602f5a391,2020.0,adjacent_relevant,,infrastructure,Drifting assemblies for persistent memory: Neuron transitions and unsupervised compensation
work_4eeefad5ede282bc,2022.0,core_relevant,,preparation;sectioning;acquisition;segmentation,Single-Neuron Labeling in Fixed Tissue and Targeted Volume Electron Microscopy
work_4f1a3d9f690cb72b,2024.0,adjacent_relevant,,,Creating Efficient Workflows for Electron Microscopy Laboratories with Automated Specimen Preparation
work_4f76473c66f9d125,2021.0,adjacent_relevant,DS01 C. elegans (White+),,Wired For Insight- Recent Advance in C. elegans Neural Circuits
work_4f78bbf96074b734,2025.0,adjacent_relevant,,,Gradients of Cell Recognition Molecules Wire Visuomotor Transformation
work_4f8595c70c667637,2017.0,adjacent_relevant,,graph_analysis;modeling,A computational approach towards the microscale mouse brain connectome from the mesoscale.
work_4f923dc785f0b321,2019.0,core_relevant,DS01 C. elegans (White+),graph_analysis,Structure and function of a neocortical synapse
work_4f9fd44c9f438ee3,2020.0,adjacent_relevant,DS07 VNC (FANC/MANC),,Visual circuits in arthropod brains
work_4fa3a9808ba6a3df,2024.0,adjacent_relevant,,,Comparative prospects of imaging methods for whole-brain mammalian connectomics
work_4fb2c3ab06796246,2019.0,adjacent_relevant,DS01 C. elegans (White+),graph_analysis,Expression profiling of the mature C. elegans nervous system by single-cell RNA-Sequencing
work_4fbc226ee1288c01,2023.0,core_relevant,,segmentation;proofreading;graph_analysis,mEMbrain: an interactive deep learning MATLAB tool for connectomic segmentation on commodity desktops
work_4fe68bf7b16d89dc,2021.0,adjacent_relevant,,preparation;proofreading;graph_analysis,The nonhuman primate neuroimaging and neuroanatomy project
work_50251da9874c88ce,2018.0,adjacent_relevant,,infrastructure;graph_analysis,Multilayer adaptive networks in neuronal processing
work_502f3fcda5afe2ef,2023.0,adjacent_relevant,,infrastructure;graph_analysis,Exercise alters cortico-basal ganglia network functional connectivity: A mesoscopic level analysis informed by anatomic parcellation defined
work_5045439101c78123,2013.0,adjacent_relevant,DS15 zebrafish,graph_analysis,Analyzing the structure and function of neuronal circuits in zebrafish
work_505328557dd7dca8,2022.0,adjacent_relevant,,,Glassy phase in dynamically-balanced neuronal networks
work_505838ecf6e68bb5,2023.0,adjacent_relevant,DS05 hemibrain,graph_analysis,Neural-circuit basis of song preference learning in fruit flies
work_5068984fac4abafd,2019.0,adjacent_relevant,,,DNA sequencing in high-throughput neuroanatomy.
work_5092343a6dff0855,2024.0,adjacent_relevant,,graph_analysis,Markov Processes and Brain Network Hubs
work_50997c68f9311844,2026.0,core_relevant,DS13 MICrONS,segmentation;proofreading;infrastructure;graph_analysis,Hippocampal CA3 connectomics reveals a gradient of mossy fiber inputs and selective feedforward inhibition onto pyramidal cells.
work_50d091001b66a2d0,2025.0,adjacent_relevant,,acquisition;graph_analysis,Scaling up X-ray holographic nanotomography for neuronal tissue imaging
work_50d4ca5184367aa3,2017.0,adjacent_relevant,,graph_analysis,Q&A: Why use synchrotron x-ray tomography for multi-scale connectome mapping?
work_50ff4d262c166d92,2019.0,role_bridge,,segmentation;infrastructure,Culling for Extreme-Scale Segmentation Volumes: A Hybrid Deterministic and Probabilistic Approach
work_510f1f5d7f3a7c0c,2022.0,role_bridge,,,Multiscale imaging informs translational mouse modeling of neurological disease.
work_513dc388c55b10f8,2018.0,adjacent_relevant,DS01 C. elegans (White+);DS07 VNC (FANC/MANC),,Caenorhabditis elegans excitatory ventral cord motor neurons derive rhythm for body undulation
work_5154da21800bd010,2020.0,core_relevant,DS01 C. elegans (White+),infrastructure;graph_analysis,The hourglass organization of the Caenorhabditis elegans connectome
work_51a3a4f48b8908a3,2023.0,role_bridge,,segmentation;infrastructure,Fast Compressed Segmentation Volumes for Scientific Visualization
work_51c880b1d507bd3d,2021.0,adjacent_relevant,,infrastructure,The effects of microglia on tauopathy progression can be quantified using Nexopathy in silico (Nexis) models
work_52349a07a8609609,2023.0,adjacent_relevant,,preparation;proofreading;graph_analysis,Regional and cell-type-specific afferent and efferent projections of the mouse claustrum
work_528bb07484e5be14,2022.0,core_relevant,,sectioning;alignment;segmentation;proofreading;graph_analysis,Anomaly Detection in EM Images - A Zero-Shot Learning Approach
work_529425ff530a893f,2014.0,adjacent_relevant,,graph_analysis,Structured Connectivity in Cerebellar Inhibitory Networks
work_52b53476f8279557,2025.0,core_relevant,DS07 VNC (FANC/MANC),,Divergent neural circuits for proprioceptive and exteroceptive sensing of the Drosophila leg
work_52b580bc3bd18b49,2024.0,adjacent_relevant,,synapses,Combinatorial expression of γ-protocadherins regulates synaptic connectivity in the mouse neocortex
work_52b939fbc87f459e,2025.0,adjacent_relevant,,graph_analysis,Fluctuation-dissipation of the Kuramoto model on fruit-fly connectomes
work_52c3157475b348eb,2024.0,core_relevant,DS09/DS10 mouse retina,,Subcellular pathways through VGluT3-expressing mouse amacrine cells provide locally tuned object-motion-selective signals in the retina
work_52ec108909a440ab,2025.0,adjacent_relevant,,graph_analysis;modeling,Brain volume predicts survival of colliding-spreading messages on mammal brain networks
work_5304e37cc665ceab,2023.0,adjacent_relevant,,segmentation;proofreading;synapses;infrastructure;graph_analysis,Domain Adaptive Synapse Detection with Weak Point Annotations
work_530500d5198cf600,2024.0,adjacent_relevant,,graph_analysis,Structural changes shaping the Drosophila ellipsoid body ER-neurons during development and aging.
work_5347d2a55426a9b6,2018.0,core_relevant,DS22 Platynereis,,Ciliary and rhabdomeric photoreceptor-cell circuits form a spectral depth gauge in marine zooplankton
work_535320495abd46fc,2026.0,core_relevant,,modeling,"Deep conservation of head direction circuits in bees, ants and flies"
work_5358e3a3d6b06625,2025.0,role_bridge,DS01 C. elegans (White+),,Ce -NeRV3D - a C. elegans Neuron RNA-seq Visualization tool in 3D
work_53718a1849dde13e,2023.0,core_relevant,DS21 octopus,segmentation;proofreading,Learning to Correct Sloppy Annotations in Electron Microscopy Volumes
work_53888fee46356d3b,2020.0,adjacent_relevant,,graph_analysis,Systematic errors in connectivity inferred from activity in strongly recurrent networks
work_53a975ca4457a801,2016.0,adjacent_relevant,,,Insulin-like Growth Factor 1 for Healthy Spines and Healthy Minds?
work_53f15f1014414aec,2018.0,adjacent_relevant,,graph_analysis,Building a functional connectome of the Drosophila central complex
work_541335ae5cacedf3,2018.0,adjacent_relevant,,graph_analysis,Sizing complex networks
work_5424739399820eb4,2026.0,core_relevant,DS07 VNC (FANC/MANC),preparation;segmentation;synapses;graph_analysis,Peripheral anatomy and central connectivity of proprioceptive sensory neurons in the Drosophila wing
work_542d289b1df8abc6,2023.0,core_relevant,DS07 VNC (FANC/MANC),graph_analysis,A Connectome of the Male Drosophila Ventral Nerve Cord
work_5436166536896437,2024.0,adjacent_relevant,DS01 C. elegans (White+),graph_analysis,Brain functions emerge as thermal equilibrium states of the connectome
work_544c5eb927deccab,2025.0,core_relevant,DS15 zebrafish,sectioning;segmentation;proofreading;infrastructure,A connectomic resource for neural cataloguing and circuit dissection of the larval zebrafish brain
work_54b48e88cbc2ee28,2021.0,role_bridge,,acquisition,High-precision targeting workflow for volume electron microscopy
work_54c833a2b3464360,2025.0,adjacent_relevant,,synapses,Synaptic Targets of Circadian Clock Neurons Influence Core Clock Parameters
work_54f36a6977427544,2023.0,core_relevant,,modeling,A cerebellar disinhibitory circuit supports synaptic plasticity
work_554b7819a83e2fe3,2025.0,core_relevant,DS04 FAFB;DS05 hemibrain;DS07 VNC (FANC/MANC),preparation;sectioning;acquisition;proofreading;synapses,Synapse Detection Efficiency in EM Drosophila Connectomics
work_55546f314d441530,2024.0,adjacent_relevant,DS03 Drosophila larva;DS07 VNC (FANC/MANC),segmentation;synapses,A two-layer neural circuit controls fast forward locomotion in Drosophila.
work_55710d158a1a37b5,2024.0,adjacent_relevant,,,Compensatory enhancement of input maintains aversive dopaminergic reinforcement in hungry Drosophila
work_55a31c8884d2dba2,2023.0,core_relevant,,segmentation;graph_analysis,Cell-type-specific inhibitory circuitry from a connectomic census of mouse visual cortex
work_55a637a99f2abc58,2024.0,adjacent_relevant,,alignment;graph_analysis;modeling,vEMstitch: an algorithm for fully automatic image stitching of volume electron microscopy
work_55afa73b6c08e935,2019.0,adjacent_relevant,,infrastructure,Ultrastructural Changes in Brain Stem Pathways in a Patient with Ataxia Associated with SPG7 Mutations (P1.8-006)
work_55ce3fd567669f6c,2022.0,core_relevant,,acquisition;segmentation;synapses;graph_analysis,Edge-colored directed subgraph enumeration on the connectome
work_5612dfe54fad9918,2018.0,role_bridge,,,Multidimensional Connectomics and Treatment-Resistant Schizophrenia: Linking Phenotypic Circuits to Targeted Therapeutics
work_5646fd682952c8b6,2016.0,role_bridge,,alignment;proofreading;infrastructure,A Large Deformation Diffeomorphic Approach to Registration of CLARITY Images via Mutual Information
work_5672c64d21c23a39,2024.0,role_bridge,,,Updates on mouse models of Alzheimer’s disease
work_56c6cf090809380d,2021.0,adjacent_relevant,DS22 Platynereis,segmentation;proofreading,The Nereid on the rise: Platynereis as a model system
work_570ccc0ab045e65e,2012.0,adjacent_relevant,,proofreading;graph_analysis,Comprehensive connectivity of the mouse main olfactory bulb: analysis and online digital atlas
work_572916312979ffde,2025.0,core_relevant,,infrastructure;graph_analysis,Comparative Connectomics Highlights Conserved Architectural Synaptic Motifs in the Drosophila Mushroom Body
work_576d4811bf1e3849,2025.0,role_bridge,,acquisition;segmentation;proofreading;infrastructure,Universal consensus 3D segmentation of cells from 2D segmented stacks
work_57773d09a9c531fa,2023.0,adjacent_relevant,,graph_analysis;modeling,Connecting Connectomes to Physiology
work_5784c477e1d3dc50,2026.0,adjacent_relevant,,preparation;infrastructure;modeling,A Connectome-Constrained Jansen–Rit Framework for Inferring Cortical Gain Control and Ensemble Stability
work_579bab55f1835737,2023.0,core_relevant,DS13 MICrONS,preparation,Immersion fixation and staining of multi-cubic millimeter volumes for electron microscopy-based connectomics of human brain biopsies
work_57c24704856cf86c,2011.0,core_relevant,DS01 C. elegans (White+),graph_analysis,Topological Cluster Analysis Reveals the Systemic Organization of the Caenorhabditis elegans Connectome
work_58007cb591ca3f75,2024.0,core_relevant,DS01 C. elegans (White+),graph_analysis,From Worms to Mice: Homeostasis Maybe All You Need
work_582b4134fbc951cc,2024.0,core_relevant,,,Social state alters vision using three circuit mechanisms in Drosophila
work_582e1c76adbb758d,2021.0,adjacent_relevant,,,Excess interictal activity marks seizure prone cortical areas and mice in a genetic epilepsy model
work_58718abbeb7e6146,2024.0,role_bridge,,segmentation;proofreading;infrastructure,Sparse Annotation is Sufficient for Bootstrapping Dense Segmentation
work_58719b3caaf87f3c,2026.0,role_bridge,,proofreading;infrastructure;modeling,A Systematic Study of Behavioral Cloning for Scientific Data Annotation
work_5881c31b6290ea43,2024.0,adjacent_relevant,,preparation,OsO2 as the Contrast‐Generating Chemical Species of Osmium‐Stained Biological Tissues in Electron Microscopy
work_58a01d3dacde814f,2024.0,adjacent_relevant,,,Experience-Dependent Remodeling of Juvenile Brain Olfactory Sensory Neuron Synaptic Connectivity in an Early-Life Critical Period
work_58b0ab7aaaf040d3,2020.0,adjacent_relevant,DS12 L4 barrel cortex,,Neuronal circuits in barrel cortex for whisker sensory perception.
work_58ffddc9a1570bdd,2011.0,adjacent_relevant,,,Specificity of Synaptic Connectivity between Layer 1 Inhibitory Interneurons and Layer 2/3 Pyramidal Neurons in the Rat Neocortex
work_593e9ed3ab744e30,2020.0,adjacent_relevant,,graph_analysis,Axo-axonic Synapses: Diversity in Neural Circuit Function
work_59719b09bf6b2511,2012.0,role_bridge,,modeling,Meeting the Memory Challenges of Brain-Scale Network Simulation
work_5985ee7f25014d98,2022.0,role_bridge,,proofreading;infrastructure;graph_analysis,Connectomics Annotation Metadata Standardization for Increased Accessibility and Queryability
work_59c99b603e8a4641,2015.0,adjacent_relevant,,,Connectome of the fly visual circuitry.
work_59d22903e5457a0a,2020.0,core_relevant,DS09/DS10 mouse retina,graph_analysis,Network Architecture of Gap Junctional Coupling among Parallel Processing Channels in the Mammalian Retina
work_59e0aae4c48bf275,2026.0,adjacent_relevant,,infrastructure,Overcoming Perfusion Impairment in the Ischemic Brain: A Review
work_59eb82e841081e1f,2020.0,adjacent_relevant,DS09/DS10 mouse retina,infrastructure;graph_analysis,Retinal Connectomics
work_5a150d031329b4d0,2015.0,core_relevant,,,Nanoconnectomic upper bound on the variability of synaptic plasticity
work_5a217fc9180eb033,2023.0,adjacent_relevant,,graph_analysis,Long-range connectome of pyramidal neurons in the sensorimotor cortex
work_5a544ca02f2eeb6f,2022.0,role_bridge,,infrastructure;graph_analysis,Research trends and hotspots on connectomes from 2005 to 2021: A bibliometric and latent Dirichlet allocation application study
work_5a5bf6e6db192920,2023.0,core_relevant,DS05 hemibrain;DS06 FlyWire,proofreading;infrastructure,A consensus cell type atlas from multiple connectomes reveals principles of circuit stereotypy and variation
work_5a6c5487632f1a79,2022.0,adjacent_relevant,DS01 C. elegans (White+);DS15 zebrafish,graph_analysis,Imaging whole-brain activity to understand behavior
work_5ab2880288b11e04,2025.0,adjacent_relevant,,preparation;proofreading,P02.15.B GLIOBLASTOMA IN THE CONNECTOME: NEURAL PHENOTYPES PREDICT TUMOR INTEGRATION AND CONNECTIVITY
work_5abec42a57c2d02e,2025.0,core_relevant,DS12 L4 barrel cortex;DS13 MICrONS,infrastructure;modeling,Probing circuit mechanisms of feature selectivity in mouse visual cortex through synaptic-resolution connectomics
work_5ad30986684078d8,2026.0,role_bridge,,alignment;segmentation;infrastructure;modeling,A High-Performance Computing Portal Applied to 3D Electron Microscopy
work_5aef76fa06c704a5,2018.0,core_relevant,DS01 C. elegans (White+),graph_analysis,A Pipeline for Volume Electron Microscopy of the Caenorhabditis elegans Nervous System
work_5b3cc3d12b85117b,2009.0,core_relevant,DS09/DS10 mouse retina,preparation;sectioning;acquisition;alignment;proofreading;infrastructure;graph_analysis,A Computational Framework for Ultrastructural Mapping of Neural Circuitry
work_5b4312b985894934,2010.0,core_relevant,,sectioning;acquisition,Ultrastructural analysis of hippocampal neuropil from the connectomics perspective
work_5b77410c83eb9025,2023.0,core_relevant,,,Organization of an Ascending Circuit that Conveys Flight Motor State
work_5bc304fcee3828a1,2011.0,core_relevant,,infrastructure,Detection of Neuron Membranes in Electron Microscopy Images using Multi-scale Context and Radon-like Features
work_5bef28b8ac0b334f,2015.0,adjacent_relevant,,,Control of synaptic connectivity by a network of Drosophila IgSF cell surface proteins
work_5bfc38b589932564,2018.0,role_bridge,DS01 C. elegans (White+),graph_analysis,Connectomics: A pharmacologic viewpoint
work_5c2b6a3221e4435d,2020.0,core_relevant,,infrastructure;graph_analysis;modeling,DotMotif: an open-source tool for connectome subgraph isomorphism search and graph queries
work_5c30de2792e919de,2024.0,core_relevant,,proofreading,Somatotopic organization among parallel sensory pathways that promote a grooming sequence in Drosophila
work_5c5d92bdd3c97984,2018.0,adjacent_relevant,,infrastructure;graph_analysis,Learning neural connectivity from firing activity: efficient algorithms with provable guarantees on topology
work_5c848fe333e4e93e,2021.0,adjacent_relevant,DS01 C. elegans (White+),,A Novel and Functionally Diverse Class of Acetylcholine-Gated Ion Channels
work_5c9f2aea432a60e2,2022.0,adjacent_relevant,,acquisition;segmentation;proofreading;graph_analysis,A Survey of Visualization and Analysis in High‐Resolution Connectomics
work_5cacc375519272f8,2017.0,adjacent_relevant,DS01 C. elegans (White+),graph_analysis,Functional Connectomics from Data: Probabilistic Graphical Models for Neuronal Network of C. elegans
work_5cafb08614aad0c5,2012.0,adjacent_relevant,,,Spatial profile of excitatory and inhibitory synaptic connectivity in mouse primary auditory cortex
work_5cc273635dda9bdd,2018.0,adjacent_relevant,,,A regularity index for dendrites - local statistics of a neuron's input space
work_5d14dfa16e4b8cf3,2024.0,core_relevant,,infrastructure;modeling,Prediction of neural activity in connectome-constrained recurrent networks
work_5d2328dee0464668,2021.0,adjacent_relevant,,acquisition,Ultrafast Focus Detection for Automated Microscopy
work_5d26acb54be70f9d,2015.0,adjacent_relevant,,synapses;graph_analysis,From a meso- to micro-scale connectome: array tomography and mGRASP
work_5dc288699a486219,2023.0,adjacent_relevant,DS15 zebrafish,,Molecular logic of neuromodulatory systems in the zebrafish telencephalon
work_5e622c00658a3d32,2025.0,core_relevant,DS01 C. elegans (White+),,A data-driven biology-based network model reproduces C. elegans premotor neural dynamics
work_5e64c286909b658b,2019.0,adjacent_relevant,DS01 C. elegans (White+),synapses;graph_analysis,Evolution of neuronal anatomy and circuitry in two highly divergent nematode species
work_5e7b528bcdd9a495,2024.0,core_relevant,,,Comparative connectomics of dauer reveals developmental plasticity
work_5e8c3be0c96f3f97,2026.0,adjacent_relevant,,infrastructure,A Physics-Inspired Neural Network Framework for Nanoscale Biological Slice Thickness Measurement
work_5e9c168380b2ea05,2022.0,core_relevant,DS01 C. elegans (White+),segmentation;synapses,Neuronal contact predicts connectivity in the C. elegans brain
work_5eac4903bf9cd936,2020.0,adjacent_relevant,,,"NIMG-13. GENETIC, CELLULAR, AND CONNECTOMIC CHARACTERIZATION OF THE ADULT HUMAN BRAIN REGIONS COMMONLY PLAGUED BY GLIOMA"
work_5eb65354dc79e83b,2025.0,core_relevant,,graph_analysis;modeling,From Synapses to Dynamics: Obtaining Function from Structure in a Connectome Constrained Model of the Head Direction Circuit
work_5eda7d6b28adcf3f,2024.0,adjacent_relevant,,segmentation;modeling,The effects of axonal beading and undulation on axonal diameter estimation from diffusion MRI: Insights from simulations in human axons segm
work_5ef81a0210f02d50,2024.0,core_relevant,,proofreading;infrastructure,Tracing nerve fibers with volume electron microscopy to quantitatively analyze brain connectivity
work_5f55fd6af01886b4,2026.0,core_relevant,DS07 VNC (FANC/MANC),alignment;graph_analysis,Uncovering Sex Differences in the Drosophila Ventral Nerve Cord Through Connectome Alignment
work_5f688ca781118001,2020.0,core_relevant,,,Neuronal circuitry underlying female aggression in Drosophila
work_5fab3e4a6f687f3d,2026.0,core_relevant,DS01 C. elegans (White+),graph_analysis,Developmental Continuity of Brain Network Core Organization in C. elegans
work_5fce6ceceeaa09c7,2016.0,core_relevant,,graph_analysis,Comparative Connectomics.
work_5fe231444b013ff7,2023.0,core_relevant,,sectioning;infrastructure,Regional and LTP-Dependent Variation of Synaptic Information Storage Capacity in Rat Hippocampus
work_5ffdfd4866eae431,2026.0,role_bridge,,modeling,From Pixels to Minds: Mapping & Understanding the Brain with AI
work_600f533bc97ab74c,2026.0,core_relevant,,,Convergence-divergence circuits for multimodal integration of innate and learned opponent valences
work_601a56be8326088e,2026.0,adjacent_relevant,,,Long-range axon branching: contributions to brain network plasticity and repair
work_603f7f3189279d00,2021.0,adjacent_relevant,,,Avian pallial circuits and cognition: A comparison to mammals.
work_6068f1e615a91237,2019.0,core_relevant,,infrastructure;graph_analysis,A Genetic Model of the Connectome
work_606f12169fdb3452,2015.0,adjacent_relevant,,preparation;sectioning;acquisition;infrastructure,Aldehyde-stabilized cryopreservation.
work_60a23a2cc829104f,2020.0,core_relevant,DS03 Drosophila larva,,Useful road maps: studying Drosophila larva’s central nervous system with the help of connectomics
work_60a930908d22f374,2017.0,adjacent_relevant,,graph_analysis,Pyramidal cell-interneuron circuit architecture and dynamics in hippocampal networks
work_61024db383dded81,2025.0,core_relevant,,infrastructure,Physical Network Constraints Define the Multiplicative Architecture of the Brain’s Connectome
work_613efecbf34a6d82,2021.0,core_relevant,,synapses;graph_analysis,Neuronal circuits integrating visual motion information in Drosophila
work_6194ff64e893458d,2020.0,adjacent_relevant,,,Synaptic diversity naturally arises from neural decoding of heterogeneous populations
work_61b9f3ef5f831055,2017.0,adjacent_relevant,,modeling,Mechanisms of Connectome Development.
work_61ced5e9670903c3,2010.0,adjacent_relevant,,acquisition;proofreading;modeling,Automated Reconstruction of Neuronal Morphology: An Overview
work_61f679ca5be263a0,2012.0,core_relevant,,sectioning;synapses,Beyond counts and shapes: Studying pathology of dendritic spines in the context of the surrounding neuropil through serial section electron 
work_6207409da4d43379,2023.0,core_relevant,,proofreading;synapses,An Out-of-Domain Synapse Detection Challenge for Microwasp Brain Connectomes
work_6212be61070586b3,2012.0,adjacent_relevant,,graph_analysis,From functional architecture to functional connectomics
work_62b57eb8352efa0c,2026.0,adjacent_relevant,,segmentation;proofreading;infrastructure;graph_analysis;modeling,Precise kinematic and muscle recording in freely behaving flies enabled by closed-loop tracking and annotation-free pose estimation
work_62baf6bf40a9cb50,2016.0,core_relevant,DS09/DS10 mouse retina,infrastructure,Species-specific wiring for direction selectivity in the mammalian retina
work_632600d5b9961b96,2025.0,adjacent_relevant,,graph_analysis,Neural Networks of the Mouse Primary Visceromotor Cortex
work_6337f24f35656c22,2024.0,adjacent_relevant,,,Inference technique for the synaptic conductances in rhythmically active networks and application to respiratory central pattern generation 
work_6372283e97fc942b,2019.0,role_bridge,,graph_analysis,Microstructure-Informed Connectomics: Enriching Large-Scale Descriptions of Healthy and Diseased Brains
work_638148a6bb51d092,2020.0,core_relevant,,segmentation;graph_analysis,Proposal-Free Volumetric Instance Segmentation from Latent Single-Instance Masks
work_638e126362e1417b,2017.0,adjacent_relevant,DS01 C. elegans (White+),graph_analysis;modeling,A descending pathway through electrical coupling facilitates undulatory wave propagation in C. elegans
work_63ac75098fea704e,2022.0,adjacent_relevant,,graph_analysis,The mouse claustrum synaptically connects cortical network motifs
work_63d1c71c6b4843f4,2023.0,core_relevant,,,Hunger- and thirst-sensing neurons modulate a neuroendocrine network to coordinate sugar and water ingestion
work_63ec5ea7fbf83d9e,2019.0,core_relevant,,synapses,Comparisons between the ON- and OFF-edge motion pathways in the Drosophila brain
work_641578dd51d3aa3a,2020.0,adjacent_relevant,,graph_analysis;modeling,Graph Signal Processing of Indefinite and Complex Graphs using Directed Variation
work_644d61d09d1a8fb3,2025.0,core_relevant,DS13 MICrONS,segmentation;proofreading;infrastructure;graph_analysis,Connectomic reconstruction from hippocampal CA3 reveals spatially graded mossy fiber inputs and selective feedforward inhibition to pyramida
work_64c06ffb8fbbfee6,2024.0,adjacent_relevant,,preparation;segmentation,Wrapped up: advancements in volume electron microscopy and application in myelin research
work_64f7b9e478002d6b,2019.0,core_relevant,,segmentation;proofreading,Segmentation-Enhanced CycleGAN
work_651457fdb2bf9ce4,2022.0,role_bridge,,graph_analysis,EMPIAR: the Electron Microscopy Public Image Archive
work_651bbd48b5d55dba,2024.0,adjacent_relevant,,infrastructure;graph_analysis;modeling,Ensemble learning and ground-truth validation of synaptic connectivity inferred from spike trains
work_65b6394c205e8eb9,2011.0,adjacent_relevant,,graph_analysis,Large-scale automated histology in the pursuit of connectomes
work_65dc9c4fe37faed4,2023.0,core_relevant,,,From connectome to effectome: learning the causal interaction map of the fly brain
work_662430ab8a8ed612,2021.0,core_relevant,,,Electron Microscopic Reconstruction of Neural Circuitry in the Cochlea.
work_66332aa713bfcad2,2021.0,adjacent_relevant,DS15 zebrafish,graph_analysis,Pyramidal Neurons of the Zebrafish Tectum Receive Highly Convergent Input From Torus Longitudinalis
work_666a9d8f90c80a7c,2018.0,adjacent_relevant,DS01 C. elegans (White+),,Past experience shapes sexually dimorphic neuronal wiring through monoaminergic signaling
work_667376031f1d99c8,2023.0,adjacent_relevant,,preparation;synapses,Imaging brain tissue architecture across millimeter to nanometer scales
work_670d152db316d10c,2026.0,adjacent_relevant,,,Physiology of oligodendroglia.
work_671e972c0bf9c3e6,2026.0,core_relevant,DS01 C. elegans (White+);DS15 zebrafish,synapses;infrastructure,Scalable Comparative Connectomics: Interpretable Machine Learning Reveals Evolutionary Signatures and Reconstruction Artifacts
work_6779fed0fab266f1,2026.0,adjacent_relevant,,infrastructure;graph_analysis;modeling,Topological Sensitivity in Connectome-Constrained Neural Networks
work_6793e5e1077fc6ef,2012.0,adjacent_relevant,,proofreading;graph_analysis,The Intrinsic Connectome of the Rat Amygdala
work_679e6fe231f7c345,2013.0,role_bridge,,graph_analysis,Connectomics and epilepsy
work_67af47ece63db8f0,2020.0,adjacent_relevant,,graph_analysis,Microtubule Tracking in Electron Microscopy Volumes
work_67d70830cad7154c,2020.0,role_bridge,DS01 C. elegans (White+),proofreading;infrastructure;graph_analysis;modeling,Graphical-model framework for automated annotation of cell identities in dense cellular images
work_67d8721fe0e5d09a,2025.0,adjacent_relevant,,,Profiling presynaptic scaffolds using split-GFP reconstitution reveals cell-type-specific spatial configurations in the fly brain
work_67ec217a66cb4c18,2019.0,core_relevant,,modeling,Integration of Odor-Induced Activity of Kenyon Cells in an Electrotonically Compact Drosophila Mushroom Body Output Neuron (MBON)
work_687d2510f540339e,2021.0,core_relevant,DS01 C. elegans (White+),infrastructure;graph_analysis,A weighted network analysis framework for the hourglass effect—And its application in the C. elegans connectome
work_688b4a2626c16814,2024.0,adjacent_relevant,,infrastructure;graph_analysis,On human nanoscale synaptome: Morphology modeling and storage estimation
work_688ee240e903f7e8,2021.0,adjacent_relevant,DS01 C. elegans (White+),infrastructure;graph_analysis,Why is neural connection weight a weak predictor of correlated neural activity?
work_6892183b6e8966a6,2018.0,adjacent_relevant,,graph_analysis,Topology of the mesoscale connectome of the mouse brain
work_68a8183e525d9bb3,2015.0,adjacent_relevant,DS01 C. elegans (White+),infrastructure;graph_analysis;modeling,The OpenWorm Project: currently available resources and future plans
work_68b4bcecab20e9f8,2022.0,adjacent_relevant,,,Fast z-focus controlling and multiplexing strategies for multiplane two-photon imaging of neural dynamics.
work_68c16753f9b50e6c,2024.0,core_relevant,DS07 VNC (FANC/MANC),proofreading,Comparative connectomics of the descending and ascending neurons of the Drosophila nervous system: stereotypy and sexual dimorphism
work_68df48cb796785a5,2011.0,role_bridge,,acquisition;proofreading,A Bottom-up Approach to Data Annotation in Neurophysiology
work_6902b71a851fc6e1,2020.0,role_bridge,,,Determinants of seeding and spreading of α-synuclein pathology in the brain
work_69275cd1098e62e8,2017.0,adjacent_relevant,DS01 C. elegans (White+),graph_analysis,Guiding network analysis using graph slepians: an illustration for the C. Elegans connectome
work_695aac6693bdee15,2026.0,adjacent_relevant,DS01 C. elegans (White+),alignment;graph_analysis,Inferring Active Neural Circuits Using Diffusion Scores
work_69a73378c605c293,2026.0,core_relevant,DS01 C. elegans (White+);DS15 zebrafish;DS22 Platynereis,graph_analysis,Geometric developmental principles for the emergence of brain-like weighted and directed neuronal networks
work_69a812a079debc62,2025.0,core_relevant,DS13 MICrONS,segmentation;proofreading;infrastructure,CAVE: Connectome Annotation Versioning Engine
work_69cca0faa382822e,2023.0,adjacent_relevant,DS09/DS10 mouse retina,sectioning;acquisition;infrastructure;graph_analysis,Electrical synapses for a pooling layer of the convolutional neural network in retinas
work_69eab38f3c80cc87,2013.0,adjacent_relevant,,,Mapping mammalian synaptic connectivity
work_69f2e6e2a29366b5,2025.0,core_relevant,DS09/DS10 mouse retina,sectioning;acquisition;segmentation,Horizontal cell connectivity in the anchovy retina—a 3D electron microscopic study
work_6a0535f78a5e6555,2024.0,adjacent_relevant,,infrastructure;graph_analysis,"The meso-connectomes of mouse, marmoset, and macaque: network organization and the emergence of higher cognition"
work_6a3a8e971190fafd,2017.0,adjacent_relevant,,alignment;proofreading;infrastructure;graph_analysis,Mapping and Analysis of the Connectome of Sympathetic Premotor Neurons in the Rostral Ventrolateral Medulla of the Rat Using a Volumetric Br
work_6a4062cfbeae56d4,2013.0,core_relevant,DS01 C. elegans (White+),modeling,Investigating dynamical properties of the Caenorhabditis elegans connectome through full-network simulations
work_6a673ad711320968,2022.0,core_relevant,,proofreading;infrastructure;graph_analysis,Scalable graph analysis tools for the connectomics community
work_6a7a572d2c3c7c09,2018.0,adjacent_relevant,,,Rewiring the connectome: Evidence and effects
work_6a858df52678b5b3,2018.0,adjacent_relevant,,,Combining mGRASP and Optogenetics Enables High-Resolution Functional Mapping of Descending Cortical Projections
work_6ab1a546945ea8a5,2013.0,adjacent_relevant,,preparation,Connectomic approaches before the connectome
work_6acb043eb4685374,2020.0,core_relevant,,segmentation;proofreading;synapses;infrastructure;graph_analysis,Two Stream Active Query Suggestion for Active Learning in Connectomics
work_6add9ee0fce41ea3,2019.0,role_bridge,,preparation;acquisition;infrastructure,Iron-sequestering nanocompartments as multiplexed Electron Microscopy gene reporters
work_6b01449f8fe56fb3,2022.0,core_relevant,,sectioning;infrastructure,Circuit remodeling during development shapes the human foveal midget connectome for high visual acuity.
work_6b1e50c7fd263430,2026.0,adjacent_relevant,,,Deciphering intercellular communication in the cerebellar external granule layer: Insights into non-classical connections in neural developm
work_6b5b79f0d0fe1451,2014.0,adjacent_relevant,DS01 C. elegans (White+),graph_analysis,"From Caenorhabditis elegans to the human connectome: a specific modular organization increases metabolic, functional and developmental effic"
work_6b6ad2c0b18afc7e,2026.0,role_bridge,,sectioning;segmentation;proofreading;infrastructure,SparseSeg: Target-Conditioned Discovery Segmentation of Cryo-Volume Electron Microscopy Under Sparse Annotation
work_6b8720ef71aace28,2022.0,core_relevant,,sectioning;alignment;modeling,Performance analysis in serial-section electron microscopy image registration of neuronal tissue
work_6ba447188c08afe1,2025.0,adjacent_relevant,,infrastructure;graph_analysis,Neuromorphic hierarchical modular reservoirs
work_6bbd9315846fb6b3,2022.0,adjacent_relevant,DS03 Drosophila larva,proofreading,Circuit analysis reveals a neural pathway for light avoidance in Drosophila larvae
work_6bd814770dd59274,2020.0,adjacent_relevant,,,"Astroglia-specific contributions to the regulation of synapses, cognition and behaviour."
work_6bef1584a99628b5,2016.0,adjacent_relevant,,infrastructure;graph_analysis,A Multicore Path to Connectomics-on-Demand
work_6bf9891cc0c28628,2016.0,adjacent_relevant,DS15 zebrafish,,Transgenic FingRs for Live Mapping of Synaptic Dynamics in Genetically-Defined Neurons
work_6c16ccac03d903e6,2017.0,core_relevant,DS15 zebrafish;DS19 songbird,sectioning;proofreading;infrastructure;graph_analysis,Automated synaptic connectivity inference for volume electron microscopy
work_6c1b78bf4b4d5d75,2023.0,adjacent_relevant,DS01 C. elegans (White+),,Anatomical restructuring of a lateralized neural circuit during associative learning by asymmetric insulin signaling
work_6c53d7ba6dfeda13,2020.0,adjacent_relevant,,proofreading;graph_analysis,Network topology of the marmoset connectome
work_6c644898f337026e,2020.0,adjacent_relevant,,,Cellular and circuit mechanisms of olfactory associative learning in Drosophila
work_6c667e4590ab2a67,2023.0,core_relevant,DS01 C. elegans (White+),graph_analysis,Converting Biological Neural Networks to DAGs: Evaluation of Customized Algorithms on C. Elegans
work_6c78664b0abdcff2,2026.0,core_relevant,,preparation;acquisition;alignment;segmentation;proofreading;synapses;infrastructure,A multi-resolution imaging and analysis pipeline for comparative circuit reconstruction in insects
work_6c89dbe883bbd590,2012.0,adjacent_relevant,DS01 C. elegans (White+),graph_analysis,Analyzing Self-Similar and Fractal Properties of the C. elegans Neural Network
work_6cb6b38366a67f63,2024.0,core_relevant,,infrastructure;graph_analysis,Combined topological and spatial constraints are required to capture the structure of neural connectomes
work_6cd7e5cb19e5195e,2021.0,adjacent_relevant,DS01 C. elegans (White+),infrastructure,Brain research challenges supercomputing
work_6d00499bc1daf535,2022.0,adjacent_relevant,,graph_analysis,Connectomics: Relating synaptic connectivity to physiology.
work_6d6bf1bdee0fecf9,2020.0,core_relevant,DS01 C. elegans (White+),infrastructure,Unsupervised learning of control signals and their encodings in Caenorhabditis elegans whole-brain recordings
work_6d7152bc3042d92f,2019.0,role_bridge,,sectioning;acquisition;alignment;segmentation;proofreading;infrastructure,Correlative three-dimensional super-resolution and block face electron microscopy of whole vitreously frozen cells
work_6d75c7ef9c4a7b7e,2012.0,role_bridge,,acquisition;infrastructure,Interactive Volume Exploration of Petascale Microscopy Data Streams Using a Visualization-Driven Virtual Memory Approach
work_6d8210bd121bf345,2016.0,role_bridge,,segmentation;proofreading,Eye-Trace: Segmentation of Volumetric Microscopy Images with Eyegaze
work_6d9c40189ef26091,2019.0,core_relevant,DS13 MICrONS,preparation;sectioning;segmentation;graph_analysis,Using MicroCT to evaluate stain penetration and establish fiducial marks for high throughput electron microscopy.
work_6db95f64553b035d,2022.0,core_relevant,DS15 zebrafish,sectioning;acquisition;segmentation;synapses,Automated synapse-level reconstruction of neural circuits in the larval zebrafish brain
work_6dfd679b90335d75,2017.0,core_relevant,,segmentation;graph_analysis,A Deep Structured Learning Approach Towards Automating Connectome Reconstruction from 3D Electron Micrographs
work_6e1dc2d9574819bb,2025.0,role_bridge,,graph_analysis,Practitioner forecasts of technological progress in biostasis
work_6e526e10c76c2156,2013.0,core_relevant,,sectioning,Deconstructing Complexity: Serial Block-Face Electron Microscopic Analysis of the Hippocampal Mossy Fiber Synapse
work_6e58cd7663b2ca89,2023.0,core_relevant,DS15 zebrafish,segmentation;proofreading;graph_analysis,3D Domain Adaptive Instance Segmentation via Cyclic Segmentation GANs
work_6e6d74dd4f3c6069,2019.0,adjacent_relevant,,,Expansion Microscopy of Lipid Membranes
work_6e6f3f5c12eedea0,2025.0,core_relevant,,segmentation;proofreading,Accelerating Neuron Reconstruction with PATHFINDER
work_6f3fa2fad7e314ab,2016.0,core_relevant,,graph_analysis,Strong connectivity and its applications
work_6f4a1e86d4d301f0,2012.0,core_relevant,DS01 C. elegans (White+),graph_analysis;modeling,Lethality of complex neuronal network in Caenorhabditis elegans nervous system based on cell attacks
work_6f4d01222606c947,2017.0,adjacent_relevant,,graph_analysis,Neuromodulatory connectivity defines the structure of a behavioral neural network
work_6f59f36ba7767917,2025.0,adjacent_relevant,,preparation,"Taking flight, the use of Drosophila melanogaster for neuroscience research in Uruguay."
work_6f86d20c9bf6e84d,2024.0,core_relevant,DS05 hemibrain;DS06 FlyWire,proofreading;infrastructure,Whole-brain annotation and multi-connectome cell typing of Drosophila
work_6f9a7974a1b12683,2026.0,core_relevant,DS07 VNC (FANC/MANC),preparation;graph_analysis,The Drosophila connectome reveals axo-axonic synapses on descending neurons
work_6fa69d42fe148f72,2011.0,adjacent_relevant,DS01 C. elegans (White+),graph_analysis,Large (Brain) Graph Matching via Fast Approximate Quadratic Programming
work_6fb7df42094ab826,2026.0,core_relevant,,modeling,From the fly connectome to exact ring attractor dynamics
work_6fefee1e1bf17068,2018.0,core_relevant,,acquisition;segmentation;graph_analysis,Fast Mitochondria Segmentation for Connectomics
work_700ac102f4fb80b1,2025.0,adjacent_relevant,,infrastructure;modeling,"How tp1, an indirect wing steering muscle, stabilizes Drosophila’s flight"
work_701eda426af92362,2017.0,adjacent_relevant,,graph_analysis,Versatility of nodal affiliation to communities
work_7047d97957cd06a4,2021.0,core_relevant,,graph_analysis;modeling,Connectomic features underlying diverse synaptic connection strengths and subcellular computation
work_705030ef2bfb656f,2024.0,core_relevant,,preparation;proofreading;synapses,WASPSYN: A Challenge for Domain Adaptive Synapse Detection in Microwasp Brain Connectomes
work_70cc9d94126a37c3,2021.0,role_bridge,,,Brain atrophy progression in Parkinson’s disease is shaped by connectivity and local vulnerability
work_70f3ebdd9a099832,2016.0,adjacent_relevant,,proofreading;infrastructure;graph_analysis,"Statistical Analysis of Tract-Tracing Experiments Demonstrates a Dense, Complex Cortical Network in the Mouse"
work_70f9a69534438a69,2021.0,adjacent_relevant,,,A connectome is not enough - what is still needed to understand the brain of Drosophila?
work_7132143987cc6229,2025.0,adjacent_relevant,DS03 Drosophila larva,segmentation;infrastructure;graph_analysis;modeling,Inhibitory circuit motifs in Drosophila larvae generate motor program diversity and variability
work_717baf719ad94026,2021.0,adjacent_relevant,DS01 C. elegans (White+),,Neuropeptides and Behaviors: How Small Peptides Regulate Nervous System Function and Behavioral Outputs
work_71a75ab0de08abf0,2014.0,core_relevant,,sectioning,A genetically specified connectomics approach applied to long-range feeding regulatory circuits
work_71be772adf71f5b5,2023.0,role_bridge,,preparation,Genomic Exploration of the Brain in People Infected with HIV—Recent Progress and the Road Ahead
work_71dbb3089cc06ddf,2024.0,adjacent_relevant,,modeling,A Differentiable Approach to Multi-scale Brain Modeling
work_71f6011a0d89b1ef,2021.0,adjacent_relevant,,proofreading;graph_analysis,Prefrontal connectomics: from anatomy to human imaging
work_7216e2255c3134f7,2018.0,adjacent_relevant,,graph_analysis,On Estimation and Inference in Latent Structure Random Graphs
work_7225417aa5d4c255,2018.0,adjacent_relevant,,,Emergence of V1 connectivity pattern and Hebbian rule in a performance-optimized artificial neural network
work_72265483ca325cf9,2014.0,role_bridge,,graph_analysis,Identification of Important Nodes in Directed Biological Networks: A Network Motif Approach
work_726c0c1ef7c520da,2018.0,core_relevant,,segmentation;proofreading;infrastructure,"NeuTu: Software for Collaborative, Large-Scale, Segmentation-Based Connectome Reconstruction"
work_726e4e2ab35a1839,2021.0,core_relevant,DS15 zebrafish,infrastructure;graph_analysis,Dense Circuit Reconstruction to Understand Neuronal Computation: Focus on Zebrafish.
work_726f94c3a68b3ac1,2021.0,core_relevant,,,Evidence of wiring development processes from the connectome of adult Drosophila
work_7277de2c14cca629,2025.0,adjacent_relevant,,,Anti-diuretic hormone ITP signals via a guanylate cyclase receptor to modulate systemic homeostasis in Drosophila
work_728e612eebfab5fc,2023.0,role_bridge,DS07 VNC (FANC/MANC),graph_analysis,Flexible circuit mechanisms for context-dependent song sequencing
work_72b1d33f49042f77,2021.0,core_relevant,,segmentation,Multi-Scale Imaging of Connectomes With Photons and Electrons
work_72b520361c1b81dc,2025.0,adjacent_relevant,DS01 C. elegans (White+),,"Sexually dimorphic neural circuits underlying mating behaviors: Insights from worms, flies, and mice."
work_72ea6e613ea36486,2015.0,adjacent_relevant,,proofreading;infrastructure;graph_analysis,Topological organization of connectivity strength in the rat connectome
work_7355482a2bfdf04b,2021.0,core_relevant,DS03 Drosophila larva,infrastructure;graph_analysis,Normative and mechanistic model of an adaptive circuit for efficient encoding and feature extraction
work_73f655c300b2c7a4,2018.0,core_relevant,,sectioning;synapses,"Verifying, Challenging, and Discovering New Synapses Among Fully EM-Reconstructed Neurons in the Leech Ganglion"
work_740d0cb24a85d1c1,2019.0,adjacent_relevant,,proofreading;infrastructure,Optimization Algorithms in Reconstructions of Neuron Morphology: An Overview
work_74206fd085d4b317,2022.0,adjacent_relevant,DS01 C. elegans (White+),,Multisensory Integration in Caenorhabditis elegans in Comparison to Mammals
work_743bbcc514e88bfd,2025.0,adjacent_relevant,DS06 FlyWire,graph_analysis,"The Drosophila adult brain: short overview of structure, function, and resources Graphical Review Paper"
work_743eabd3892ae7b4,2021.0,role_bridge,DS13 MICrONS,sectioning;acquisition,FIB-SEM as a Volume Electron Microscopy Approach to Study Cellular Architectures in SARS-CoV-2 and Other Viral Infections: A Practical Prime
work_74525f86a420804b,2025.0,adjacent_relevant,,infrastructure;modeling,Learning and criticality in a self-organizing model of connectome growth
work_749e4968411ae37d,2022.0,role_bridge,DS01 C. elegans (White+),,Invited review: Unearthing the mechanisms of age-related neurodegenerative disease using Caenorhabditis elegans.
work_74ae11cddb4ef3c5,2024.0,role_bridge,DS13 MICrONS,preparation;segmentation;proofreading;graph_analysis,Cell nuclei segmentation in mm-scale x-ray holographic nanotomography images of mouse brain tissue
work_75014d39a0c4236c,2026.0,adjacent_relevant,DS15 zebrafish,acquisition;infrastructure;graph_analysis;modeling,Optimal photostimulation selection for iterative activity maps
work_75041ede2653fad3,2025.0,core_relevant,,graph_analysis,Distinct circuit motifs evaluate opposing innate values of odors.
work_7519484d8a64bfa5,1996.0,adjacent_relevant,,sectioning;graph_analysis,Computer visualization of three-dimensional image data using IMOD.
work_75371f7313f33c66,2025.0,adjacent_relevant,,,Synaptic-resolution connectomics: towards large brains and connectomic screening
work_757346f4701e0b9d,2010.0,adjacent_relevant,,,Cocaine- and Morphine-Induced Synaptic Plasticity in the Nucleus Accumbens
work_7599ba180a4cf46f,2024.0,adjacent_relevant,,graph_analysis;modeling,Centralized brain networks underlie body part coordination during grooming
work_75ab574f93891fc1,2022.0,adjacent_relevant,,infrastructure;graph_analysis;modeling,Brain chains as topological signatures for Alzheimer’s disease
work_75c6fb7f1776db5a,2018.0,adjacent_relevant,,infrastructure;modeling,Analysis Tools for Large Connectomes
work_75cb74969bc98615,2024.0,adjacent_relevant,,segmentation;proofreading,Disrupted basolateral amygdala circuits supports negative valence bias in depressive states
work_75f60831e1632c27,2019.0,adjacent_relevant,,,Feedforward Thalamocortical Connectivity Preserves Stimulus Timing Information in Sensory Pathways
work_76ab8bc031d7769d,2025.0,core_relevant,,,Neuronal connectomics: Hydra's non-synaptic nerve net.
work_76cde91826ef7dba,2023.0,adjacent_relevant,DS09/DS10 mouse retina;DS15 zebrafish,,Ancient origin of the rod bipolar cell pathway in the vertebrate retina
work_76cf86007e3f5baf,2025.0,adjacent_relevant,,infrastructure;graph_analysis,Visualizing Drosophila connectome with multiview light-sheet macrophotography and iterative expansion microscopy
work_77081160559213d2,2020.0,adjacent_relevant,,alignment,"CONNECTIONS, TRACTS, FRACTALS, AND THE REST: A WORKING GUIDE TO NETWORK AND CONNECTIVITY STUDIES IN NEUROSURGERY."
work_7709c0de232cbe41,2019.0,role_bridge,DS09/DS10 mouse retina,,Synaptic Specializations of Melanopsin-Retinal Ganglion Cells in Multiple Brain Regions Revealed by Genetic Label for Light and Electron Mic
work_77303c6ebe2e7573,2023.0,adjacent_relevant,DS20 Ciona,,"Development and circuitry of the tunicate larval Motor Ganglion, a putative hindbrain/spinal cord homolog"
work_773cdf88a2616296,2025.0,adjacent_relevant,,modeling,Multiscale brain modeling: bridging microscopic and macroscopic brain dynamics for clinical and technological applications
work_775afee7564bfdda,2009.0,adjacent_relevant,,sectioning;graph_analysis;modeling,"Dendrodendritic synapses: past, present and future"
work_7761782e46e5beac,2022.0,adjacent_relevant,,infrastructure;graph_analysis;modeling,Statistical perspective on functional and causal neural connectomics: The Time-Aware PC algorithm
work_77733aed5786f1e1,2026.0,core_relevant,,segmentation;infrastructure;modeling,Isotropic Reconstruction of Anisotropic vEM Volumes with ViT-Guided Diffusion
work_7773a3cd24b3497d,2020.0,core_relevant,,segmentation;proofreading;graph_analysis,A connectome and analysis of the adult Drosophila central brain
work_77f7a01eb5b8c41e,2016.0,adjacent_relevant,DS01 C. elegans (White+);DS09/DS10 mouse retina,sectioning;acquisition;synapses;graph_analysis,Connectome studies on Drosophila: a short perspective on a tiny brain
work_780f8546d561bbc9,2014.0,role_bridge,,,Altered expression of Alzheimer's disease-related genes in the cerebellum of autistic patients: a model for disrupted brain connectome and t
work_78203103685e9d4e,2014.0,core_relevant,DS01 C. elegans (White+);DS09/DS10 mouse retina,,Automatic discovery of cell types and microcircuitry from neural connectomics
work_78258f2526b35036,2025.0,role_bridge,DS09/DS10 mouse retina,segmentation;proofreading;graph_analysis,RETINA: Reconstruction-based pre-trained enhanced TransUNet for electron microscopy segmentation on the CEM500K dataset
work_783a1dd4e73fe636,2024.0,adjacent_relevant,,,Multiplexed volumetric CLEM enabled by scFvs provides insights into the cytology of cerebellar cortex
work_784400c91f3cd26f,2019.0,adjacent_relevant,DS19 songbird,acquisition,Accelerated redevelopment of vocal skills is preceded by lasting reorganization of the song motor circuitry
work_7881b883406a7ba1,2016.0,core_relevant,,segmentation;graph_analysis,SANTIAGO: Spine Association for Neuron Topology Improvement and Graph Optimization
work_78bb0e063acbccb4,2026.0,core_relevant,,graph_analysis,A Complex Network-Based Approach for Detecting and Characterizing Power Neurons in Drosophila
work_78c6e57b544b9fe2,2024.0,adjacent_relevant,,segmentation;graph_analysis,A generative model of the connectome with dynamic axon growth
work_78e78bc14a78941e,2023.0,role_bridge,DS01 C. elegans (White+),graph_analysis,Inferring Neuron-level Brain Circuit Connection via Graph Neural Network Amidst Small Established Connections
work_790c4fa540195de1,2015.0,adjacent_relevant,,graph_analysis,High-performance probes for light and electron microscopy
work_791a1f8bfcc43bc6,2019.0,adjacent_relevant,,graph_analysis;modeling,A null model of the mouse whole-neocortex micro-connectome
work_791ccba206b1bbdc,2022.0,core_relevant,DS01 C. elegans (White+),,Neural signal propagation atlas of C. elegans
work_793b3b98c8e44d43,2023.0,core_relevant,DS01 C. elegans (White+),graph_analysis,MCMC sampling of directed flag complexes with fixed undirected graphs
work_7946dbb6802bb908,2017.0,core_relevant,DS01 C. elegans (White+),,Complexity and Vulnerability Analysis of the C. Elegans Gap Junction Connectome
work_79637f99f0c0390e,2012.0,adjacent_relevant,,,NEUROMODULATION OF NEURONAL CIRCUITS: BACK TO THE FUTURE
work_796386b4ebec693b,2016.0,core_relevant,DS20 Ciona,sectioning;graph_analysis,The CNS connectome of a tadpole larva of Ciona intestinalis (L.) highlights sidedness in the brain of a chordate sibling
work_798e413af36b6f31,2019.0,core_relevant,,segmentation;proofreading;graph_analysis,Biologically-Constrained Graphs for Global Connectomics Reconstruction
work_79981ad4ed5b69f7,2024.0,core_relevant,DS06 FlyWire,,Temperature cues are integrated in a flexible circadian neuropeptidergic feedback circuit to remodel sleep-wake patterns in flies
work_79a10d3d8a82b5d5,2021.0,role_bridge,,alignment;segmentation;proofreading,NeuroConstruct: 3D Reconstruction and Visualization of Neurites in Optical Microscopy Brain Images
work_79a23415110e1412,2022.0,core_relevant,,,Systems neuroscience: Auditory processing at synaptic resolution.
work_79c1db67453e2c88,2020.0,core_relevant,,sectioning;acquisition;segmentation;proofreading,A semi-automated approach to dense segmentation of 3D white matter electron microscopy
work_79d3436af1375244,2015.0,core_relevant,,preparation;sectioning;graph_analysis,Image-based correction of continuous and discontinuous non-planar axial distortion in serial section microscopy
work_79f974e385905be1,2020.0,core_relevant,DS03 Drosophila larva,,Electrophysiological validation of premotor interneurons monosynaptically connected to the aCC motoneuron in the Drosophila larval CNS
work_7a094f6e7f331df0,2025.0,core_relevant,DS01 C. elegans (White+),infrastructure;graph_analysis,Whole-brain chemosensory responses of both C. elegans sexes
work_7a1562d871a3be12,2019.0,adjacent_relevant,,graph_analysis,The human connectome from an evolutionary perspective.
work_7a1fd8b2f1f89a04,2022.0,core_relevant,,sectioning;acquisition,Classifying Drosophila olfactory projection neuron boutons by quantitative analysis of electron microscopic reconstruction
work_7a4e052848e9ed49,2024.0,adjacent_relevant,,graph_analysis;modeling,Directed and acyclic synaptic connectivity in the human layer 2-3 cortical microcircuit
work_7a72a1edac8e6c06,2013.0,role_bridge,,segmentation,Deep and Wide Multiscale Recursive Networks for Robust Image Labeling
work_7a79d9fb47ef2201,2023.0,role_bridge,,segmentation;proofreading,Current Progress and Challenges in Large-Scale 3D Mitochondria Instance Segmentation
work_7a7ede8e181b212c,2018.0,adjacent_relevant,,synapses,Segregated Subnetworks of Intracortical Projection Neurons in Primary Visual Cortex.
work_7a9ee048a1e92b21,2025.0,adjacent_relevant,,,"An integrated anatomical, functional and evolutionary view of the Drosophila olfactory system"
work_7aacccf8f2da1b54,2011.0,adjacent_relevant,,proofreading,"Transfection via whole-cell recording in vivo: bridging single-cell physiology, genetics and connectomics"
work_7ab3302f7f8fd0a5,2019.0,core_relevant,,preparation;sectioning;segmentation;graph_analysis,Learning and Segmenting Dense Voxel Embeddings for 3D Neuron Reconstruction
work_7aea9f3f486f8e03,2021.0,adjacent_relevant,,graph_analysis,Whole-Brain Reconstruction of Neurons in the Ventral Pallidum Reveals Diverse Projection Patterns
work_7af331d8bd9da513,2018.0,adjacent_relevant,DS09/DS10 mouse retina,infrastructure;modeling,Increasing Electrical Stimulation Efficacy in Degenerated Retina: Stimulus Waveform Design in a Multiscale Computational Model
work_7afda5ab9166c6fb,2011.0,core_relevant,,graph_analysis,Network anatomy and in vivo physiology of visual cortical neurons
work_7b0d0494a4639719,2021.0,core_relevant,DS15 zebrafish,sectioning;segmentation;graph_analysis,ZeVis: A Visual Analytics System for Exploration of a Larval Zebrafish Brain in Serial-Section Electron Microscopy Images
work_7b173df5e3f0b797,2006.0,core_relevant,DS01 C. elegans (White+),graph_analysis,Computational inference of the molecular logic for synaptic connectivity in C. elegans
work_7b3b7858df07f36b,2014.0,adjacent_relevant,,modeling,"Physics, emergence, and the connectome."
work_7b69c0d654c6eb2e,2002.0,adjacent_relevant,,,Geometry and structural plasticity of synaptic connectivity.
work_7b7df59297ebd4a0,2012.0,adjacent_relevant,DS01 C. elegans (White+),preparation;proofreading;graph_analysis,"Imaging cellular structure across scales with correlated light, superresolution, and electron microscopy"
work_7bbb57ed1549b5bc,2019.0,adjacent_relevant,,graph_analysis,Methods for analysis of brain connectivity: An IFCN-sponsored review.
work_7bd29d9809ae56eb,2015.0,core_relevant,,preparation;graph_analysis,Large-volume en-bloc staining for electron microscopy-based connectomics
work_7bdad385499dc937,2021.0,role_bridge,,alignment,Imaging Three-Dimensional Brain Organoid Architecture from Meso- to Nanoscale across Development
work_7bf4cfb87937a38b,2026.0,adjacent_relevant,,preparation;infrastructure;graph_analysis,Learning the wiring rules of a mammalian cortical column
work_7c0b6a0c16147a76,2025.0,adjacent_relevant,,,Direct dependencies between neurons explain activity
work_7c0dbfe2630320dd,2018.0,adjacent_relevant,,proofreading;graph_analysis,Comparative Primate Connectomics
work_7c2aa766f501961b,2023.0,adjacent_relevant,DS09/DS10 mouse retina,,New insights into retinal circuits through EM connectomics: what we have learnt and what remains to be learned
work_7c3d9ac93c390d36,2011.0,core_relevant,DS09/DS10 mouse retina,proofreading;infrastructure,The Viking viewer for connectomics: scalable multi-user annotation and summarization of large volume data sets
work_7c6166a6cee7212b,2024.0,adjacent_relevant,,infrastructure;graph_analysis,High-Complexity Barcoded Rabies Virus for Scalable Circuit Mapping Using Single-Cell and Single-Nucleus Sequencing
work_7c688ddd3be395b9,2021.0,adjacent_relevant,,,A historical perspective on training students to create standardized maps of novel brain structure: Newly-uncovered resonances between past 
work_7c9431dcfcc3ff31,2017.0,core_relevant,,proofreading,webKnossos: efficient online 3D data annotation for connectomics
work_7cce1ef85776dc84,2014.0,adjacent_relevant,,proofreading;graph_analysis,Functional connectivity-based parcellation and connectome of cortical midline structures in the mouse: a perfusion autoradiography study
work_7ccfffa27b0f0285,2025.0,core_relevant,,graph_analysis,Aggression across sexes from a contextual- and circuit-based perspective.
work_7d109ac5ec7ba974,2018.0,adjacent_relevant,DS01 C. elegans (White+),graph_analysis,Functional connectomics from neural dynamics: probabilistic graphical models for neuronal network of Caenorhabditis elegans
work_7d1ccb8d643fe44b,2013.0,adjacent_relevant,,infrastructure;graph_analysis,Computing scalable multivariate glocal invariants of large (brain-) graphs
work_7d516680b10a2d2b,2013.0,adjacent_relevant,,,Mapping Connectivity in the Developing Brain
work_7d84e7f7fdec51d5,2025.0,role_bridge,,segmentation;proofreading,"Dense, continuous membrane labeling and expansion microscopy visualization of ultrastructure in tissues"
work_7dd7962792f95bf5,2024.0,adjacent_relevant,,,Volume Electron Microscopy for Genetically and Molecularly Defined Neural Circuits.
work_7df753477b31a600,2016.0,adjacent_relevant,,,Connectomic Analysis of Brain Networks: Novel Techniques and Future Directions
work_7dfc100d5e4e218b,2021.0,core_relevant,DS01 C. elegans (White+),graph_analysis,Circuit motifs and graph properties of connectome development in C. elegans
work_7e2f34287e7eb3ad,2021.0,adjacent_relevant,,,Developmental mechanisms underlying circuit wiring: Novel insights and challenges ahead
work_7e9a704c6d18622d,2020.0,role_bridge,,proofreading,Flexible annotation atlas of the mouse brain: combining and dividing brain structures of the Allen Brain Atlas while maintaining anatomical 
work_7ea8cdfa5d969915,2022.0,adjacent_relevant,,,Astrocyte-neuron crosstalk through Hedgehog signaling mediates cortical synapse development
work_7eaece935269f9eb,2024.0,core_relevant,DS01 C. elegans (White+),graph_analysis;modeling,Fibration symmetries and cluster synchronization in the Caenorhabditis elegans connectome
work_7ed8d73ae2a0bf85,2018.0,core_relevant,,segmentation;infrastructure,Analyzing Image Segmentation for Connectomics
work_7edbf75269bec8b3,2024.0,adjacent_relevant,DS03 Drosophila larva,graph_analysis,"Cognitive limits of larval Drosophila: testing for conditioned inhibition, sensory preconditioning, and second-order conditioning"
work_7ee1f288ebd5d281,2016.0,core_relevant,,,Anatomy and function of an excitatory network in the visual cortex
work_7f1202eef0e8289e,2017.0,core_relevant,,preparation;segmentation;proofreading;synapses,"SynEM, automated synapse detection for connectomics"
work_7f2045fbc2f9c317,2011.0,core_relevant,,segmentation,Segmentation fusion for connectomics
work_7f99dc37a1c7d869,2025.0,adjacent_relevant,,,The many lives of an oligodendrocyte precursor cell
work_7fc3e9d7cd85be30,2026.0,adjacent_relevant,,graph_analysis,Bridging the microstructural gap in human connectomics using hierarchical phase-contrast tomography as a reference for diffusion MRI in the 
work_7fc5d3b2b2fb4fec,2025.0,core_relevant,DS19 songbird,,Songbird connectome reveals tunneling of migratory neurons in the adult striatum
work_7fce0617a583457f,2018.0,adjacent_relevant,,preparation;infrastructure;graph_analysis,Robust Associative Learning Is Sufficient to Explain the Structural and Dynamical Properties of Local Cortical Circuits
work_7fd39b6d64027898,2025.0,core_relevant,DS01 C. elegans (White+),acquisition;segmentation,SmartEM: machine-learning guided electron microscopy
work_7fe8ac21d730c5c5,2015.0,core_relevant,DS22 Platynereis,sectioning;acquisition,Inter-individual stereotypy of the Platynereis larval visual connectome
work_800bea12e5b9660d,2018.0,adjacent_relevant,DS01 C. elegans (White+),infrastructure,Caenorhabditis elegans and the network control framework—FAQs
work_804f9d846f9416e6,2026.0,core_relevant,,,State-Dependent Organization of Microscale Functional Circuitry in Visual Cortex
work_80841cd8df129e85,2023.0,adjacent_relevant,DS01 C. elegans (White+),infrastructure,Connectomes: from a sparsity of networks to large-scale databases
work_80846559d1313185,2022.0,core_relevant,,segmentation,Deep residual contextual and subpixel convolution network for automated neuronal structure segmentation in micro-connectomics
work_80928a99db9d25e0,2025.0,role_bridge,,graph_analysis;modeling,A neural circuit for context-dependent multimodal signaling in Drosophila
work_80a6a14187c03885,2026.0,core_relevant,DS06 FlyWire,,Applying functional MRI analysis techniques to whole-brain calcium-imaging data to investigate structural and functional relationships in Dr
work_810e10ac7d2c5311,2018.0,adjacent_relevant,DS01 C. elegans (White+),graph_analysis,Estimating the impact of structural directionality: How reliable are undirected connectomes?
work_8126c1ea07c45313,2012.0,adjacent_relevant,,infrastructure;graph_analysis,From simple graphs to the connectome: Networks in neuroimaging
work_812f29e1e804830c,2018.0,role_bridge,,infrastructure;graph_analysis,NeuroCave: A web-based immersive visualization platform for exploring connectome datasets
work_816ef4846a8b44e3,2018.0,adjacent_relevant,,proofreading;graph_analysis,Mesoscale Connectomics
work_81b57bb8bd076686,2018.0,adjacent_relevant,,graph_analysis,Architecture of the Mouse Brain Synaptome
work_81c0fdc6a538cfed,2014.0,adjacent_relevant,,,Mapping circuits beyond the models: integrating connectomics and comparative neuroscience.
work_81c3af9943fafccc,2022.0,adjacent_relevant,,preparation;synapses,Uncovering brain tissue architecture across scales with super-resolution light microscopy
work_81d0b831996369a5,2023.0,adjacent_relevant,DS01 C. elegans (White+),proofreading;infrastructure;graph_analysis,Semantic representation of neural circuit knowledge in Caenorhabditis elegans
work_81da438199f08eec,2018.0,core_relevant,,alignment,Joint Deformable Registration of Large EM Image Volumes: A Matrix Solver Approach
work_821224fc69c175d5,2018.0,role_bridge,DS01 C. elegans (White+),segmentation;infrastructure;graph_analysis;modeling,Geppetto: a reusable modular open platform for exploring neuroscience data and models
work_827a33de3049b04b,2023.0,adjacent_relevant,,proofreading,Postsynaptic cell type and synaptic distance do not determine efficiency of monosynaptic rabies virus spread measured at synaptic resolution
work_82d6e0fcb7d01d1c,2018.0,core_relevant,DS15 zebrafish,sectioning;segmentation,Volume EM Reconstruction of Spinal Cord Reveals Wiring Specificity in Speed-Related Motor Circuits.
work_82ea545966f8fa3e,2016.0,adjacent_relevant,,graph_analysis,Modern Methods for Interrogating the Human Connectome
work_82eacacced51b0d9,2022.0,core_relevant,DS12 L4 barrel cortex,,Connectomic analysis of thalamus-driven disinhibition in cortical layer 4
work_82f50d96861b845b,2023.0,core_relevant,,modeling,A complete reconstruction of the early visual system of an adult insect.
work_82ff344c3a29691d,2025.0,core_relevant,,preparation;graph_analysis;modeling,Graph embeddings for identifying symmetries in Connectomes
work_82ff9898cca049ee,2020.0,adjacent_relevant,,graph_analysis;modeling,Persistence of hierarchical network organization and emergent topologies in models of functional connectivity
work_830cdb2e94e90639,2026.0,role_bridge,,preparation;graph_analysis,NeuroMArVL: An interactive and collaborative web-based tool for visualizing brain networks
work_8347b1b95882d657,2021.0,core_relevant,,,Partial connectomes of labeled dopaminergic circuits reveal non-synaptic communication and axonal remodeling after exposure to cocaine
work_83525f01067dd39e,2026.0,core_relevant,DS03 Drosophila larva,sectioning;infrastructure,Combining brain-wide activity imaging with electron microscopy reveals a distributed brain network for processing threatening somatosensory 
work_83589c03b0e33617,2026.0,core_relevant,DS01 C. elegans (White+),sectioning;graph_analysis,Comparative connectomics of parasite esophagus suggests evolutionary simplification of a nervous system
work_83e89a4273c66762,2017.0,adjacent_relevant,,graph_analysis,Predictive Model of Spread of Progressive Supranuclear Palsy Using Directional Network Diffusion
work_83ea881830d1ee9b,2019.0,adjacent_relevant,,proofreading;graph_analysis;modeling,Connection strength of the macaque connectome augments topological and functional network attributes
work_83fb52fa81473035,2013.0,role_bridge,DS03 Drosophila larva,proofreading,JAABA: interactive machine learning for automatic annotation of animal behavior
work_841b345088ab28bd,2018.0,adjacent_relevant,,synapses,Control of synaptic specificity by limiting promiscuous synapse formation
work_8443aa3a33e10095,2025.0,core_relevant,,sectioning;acquisition;graph_analysis,The unique synaptic circuitry of specialized olfactory glomeruli in Drosophila melanogaster
work_8460da8caf6a72dd,2019.0,adjacent_relevant,,proofreading,Viral labeling of neurons synaptically connected to nucleus accumbens somatostatin interneurons
work_8470676def87adc9,2026.0,adjacent_relevant,,graph_analysis,POINTseq: cell-type-specific barcoding reveals single-cell projection architecture of the mouse dopaminergic system
work_8484909b8e4314f6,2024.0,core_relevant,,preparation;sectioning;alignment;segmentation;proofreading;infrastructure,A scalable and modular computational pipeline for axonal connectomics: automated tracing and assembly of axons across serial sections
work_84abe72fb4e55607,2020.0,adjacent_relevant,,infrastructure,Network neuroscience and the connectomics revolution
work_850cb29d47fc3dc9,2022.0,core_relevant,,segmentation;proofreading;infrastructure;graph_analysis,Scalable Biologically-Aware Skeleton Generation for Connectomic Volumes
work_853362dc6ff9c35b,2025.0,adjacent_relevant,,,Key Connectomes and Synaptic‐Compartment‐Specific Risk Genes Drive Pathological α‐Synuclein Spreading
work_853a67f3b3bce4e6,2018.0,adjacent_relevant,,,Preparation of Acute Brain Slices Using an Optimized N-Methyl-D-glucamine Protective Recovery Method
work_853fa92c78e2f996,2021.0,adjacent_relevant,,infrastructure,Where the genome meets the connectome: Understanding how genes shape human brain connectivity
work_85819a51b095ee27,2026.0,core_relevant,,synapses;graph_analysis,Axonal ensembles repeatedly cluster and order synapses along dendrites in mouse cortex
work_859356168bf1abd8,2024.0,adjacent_relevant,,proofreading,Experience-dependent glial pruning of synaptic glomeruli during the critical period
work_85d1d319bbb8229c,2018.0,adjacent_relevant,,proofreading;infrastructure;graph_analysis;modeling,A macaque connectome for large-scale network simulations in TheVirtualBrain
work_85dc631f2a56b21e,2018.0,adjacent_relevant,DS01 C. elegans (White+),,Sexually dimorphic unc-6/Netrin expression controls sex-specific maintenance of synaptic connectivity
work_85df1ad0a08ba192,2023.0,adjacent_relevant,,infrastructure;graph_analysis,Brain connectomics: time for a molecular imaging perspective?
work_85e12c3bfbfa6e39,2015.0,adjacent_relevant,DS01 C. elegans (White+),acquisition;graph_analysis,Connectomics: comprehensive approaches for whole-brain mapping.
work_85e90cad98b9be25,2018.0,core_relevant,,,Neural circuit basis of aversive odour processing in Drosophila from sensory input to descending output
work_861d13773b8b6e2d,2019.0,adjacent_relevant,,graph_analysis;modeling,A Brief History of Simulation Neuroscience
work_8627e5369ab9b3fe,2026.0,core_relevant,DS05 hemibrain,synapses;infrastructure,Connectomic Analysis of Mitochondria in the Central Brain of Drosophila
work_86327903c00368f6,2010.0,core_relevant,,graph_analysis,Reconstruction of the neuromuscular junction connectome
work_863949ff6ec36ab6,2023.0,core_relevant,DS04 FAFB,segmentation;proofreading;graph_analysis,A Soma Segmentation Benchmark in Full Adult Fly Brain
work_868a0c3e30075587,2025.0,adjacent_relevant,,,Formation of sensory maps: New tools reveal novel insights into neural development.
work_86ba4bfd64350171,2024.0,core_relevant,DS06 FlyWire,proofreading;graph_analysis,Neuronal wiring diagram of an adult brain
work_86c1f0dec2fe2b88,2020.0,core_relevant,,graph_analysis,"Connectomics Analysis Reveals First-, Second-, and Third-Order Thermosensory and Hygrosensory Neurons in the Adult Drosophila Brain"
work_86cd31cad4541bb3,2022.0,core_relevant,DS09/DS10 mouse retina,sectioning;acquisition,The S-cone connectome of the primate retina.
work_86e1de14f17fce4c,2026.0,core_relevant,DS07 VNC (FANC/MANC),proofreading,Organization of circuits linking descending input to motor output in the Drosophila Male Adult Nerve Cord connectome
work_872019d711145384,2017.0,core_relevant,,modeling,The comprehensive connectome of a neural substrate for ‘ON’ motion detection in Drosophila
work_87579702ea1165f6,2022.0,core_relevant,,,Connectome of the lamina reveals the circuit for early color processing in the visual pathway of a butterfly.
work_8772a05028b4521d,2016.0,role_bridge,,infrastructure;graph_analysis,NeuroNLP: a natural language portal for aggregated fruit fly brain data
work_87c076771ae6ecb0,2025.0,adjacent_relevant,,modeling,Brain connectivity drives tau presence while regional vulnerability drives tau load in Alzheimer's disease
work_87d28c8980f8ca9b,2018.0,adjacent_relevant,DS03 Drosophila larva,,Maggot Instructor: Semi-Automated Analysis of Learning and Memory in Drosophila Larvae
work_87f5ebaf52106e04,2026.0,core_relevant,DS03 Drosophila larva,infrastructure;graph_analysis;modeling,"A frozen rate operator from the complete larval connectome: degree and weight govern the gross response, exact wiring governs input routing "
work_8807986533ec5350,2014.0,core_relevant,,proofreading,Annotating Synapses in Large EM Datasets
work_8836d9b46d1f1126,2024.0,core_relevant,DS06 FlyWire,,Synaptic connectome of the Drosophila circadian clock
work_8848e6db059151a5,2024.0,adjacent_relevant,,,Brain stars take the lead during critical periods of early postnatal brain development: relevance of astrocytes in health and mental disorde
work_885fd04a0c9e3cfa,2026.0,adjacent_relevant,,infrastructure;graph_analysis;modeling,DigiMus: a connectome-informed spiking framework for multi-region mouse neural-behavior modeling
work_8891f2f24aa7086a,2022.0,adjacent_relevant,DS01 C. elegans (White+);DS15 zebrafish;DS20 Ciona,preparation;proofreading,Towards a Comprehensive Optical Connectome at Single Synapse Resolution via Expansion Microscopy
work_88ba0a670054d7b9,2009.0,adjacent_relevant,,,The Fragile X Mental Retardation Protein in Circadian Rhythmicity and Memory Consolidation
work_88c223f0b82f20de,2020.0,core_relevant,,alignment,High-Throughput Image Alignment for Connectomics using Frugal Snap Judgments
work_8940c7ec97850be8,2012.0,role_bridge,,infrastructure;graph_analysis,The UCLA multimodal connectivity database: a web-based platform for brain connectivity matrix sharing and analysis
work_894a7ff84d58ec7c,2021.0,adjacent_relevant,,,Synaptogenic activity of the axon guidance molecule Robo2 underlies hippocampal circuit function
work_896ff9e7f90795c5,2021.0,adjacent_relevant,,preparation;graph_analysis,The role of spatial embedding in mouse brain networks constructed from diffusion tractography and tracer injections
work_8987d1a10ada16ff,2020.0,adjacent_relevant,,,Macroscopic gradients of synaptic excitation and inhibition in the neocortex
work_89b546868af40e06,2026.0,role_bridge,DS04 FAFB;DS13 MICrONS,segmentation;proofreading;infrastructure;graph_analysis,NuGraph: Graph-Based Reasoning over 3D Primitives for Nucleus Segmentation Correction
work_89c2f99a9775bf5b,2025.0,adjacent_relevant,DS01 C. elegans (White+),graph_analysis,Divergence in neuronal signaling pathways despite conserved neuronal identity among Caenorhabditis species
work_89f08707e2ff8e73,2019.0,adjacent_relevant,,proofreading,A Student’s Guide to Neural Circuit Tracing
work_8a5bdc50ed94a369,2021.0,adjacent_relevant,DS01 C. elegans (White+),,The Prop1-like homeobox gene unc-42 specifies the identity of synaptically connected neurons
work_8a6ce05393695c68,2020.0,role_bridge,,,Latent Feature Representation via Unsupervised Learning for Pattern Discovery in Massive Electron Microscopy Image Volumes
work_8a9b4070c9c7d960,2012.0,adjacent_relevant,,,Discovering the Human Connectome
work_8a9f36433b0e7803,2023.0,core_relevant,DS09/DS10 mouse retina,graph_analysis,Synaptic gradients transform object location to action
work_8b8134900025d035,2017.0,adjacent_relevant,,,Cell biology of astrocyte-synapse interactions
work_8ba1309e39ad81af,2014.0,role_bridge,,proofreading;graph_analysis,The Budapest Reference Connectome Server v2.0.
work_8baeeb71436bfd26,2026.0,adjacent_relevant,DS03 Drosophila larva,synapses,Functional Characterization of Individual Pre- and Postsynaptic Partners In the Drosophila Larval Central Nervous System Using CaMPARI.
work_8bdf85c08ec8653d,2023.0,core_relevant,DS09/DS10 mouse retina,graph_analysis,Invited Session III: Diversity in chromatic processing across the animal kingdom: Comparative connectomics reveals noncanonical wiring for c
work_8bfb466bf9210767,2022.0,role_bridge,,proofreading,"Measuring Annotator Agreement Generally across Complex Structured, Multi-object, and Free-text Annotation Tasks"
work_8bffa66c1a57a9aa,2014.0,adjacent_relevant,,preparation,Rapid Golgi Analysis Method for Efficient and Unbiased Classification of Dendritic Spines
work_8c35e7441dc483b1,2021.0,adjacent_relevant,,proofreading;graph_analysis,Hippocampus-striatum wiring diagram revealed by directed stepwise polysynaptic tracing
work_8c54f7481fa31618,2018.0,core_relevant,,sectioning,A resource for the Drosophila antennal lobe provided by the connectome of glomerulus VA1v
work_8c552c741c234d42,2026.0,adjacent_relevant,,graph_analysis,Partners in plasticity: serotonergic glial interactions in brain circuit remodeling
work_8c996063abb76253,2018.0,core_relevant,,,"FluoEM, virtual labeling of axons in three-dimensional electron microscopy data for long-range connectomics"
work_8cba212f6e7b83ad,2017.0,core_relevant,,proofreading;infrastructure,A Complete Electron Microscopy Volume of the Brain of Adult Drosophila melanogaster
work_8cca6106a84d43d6,2022.0,adjacent_relevant,DS01 C. elegans (White+),graph_analysis;modeling,Symmetry and Network Topology in Neuronal Circuits: Complicity of Form and Function
work_8ce856dac0188a93,2026.0,core_relevant,,graph_analysis,Organizational principles governing synapse types in a whole-brain connectome
work_8d04af73e3e2c144,2023.0,adjacent_relevant,,,Asymmetric Presynaptic Depletion of Dopamine Neurons in a Drosophila Model of Parkinson’s Disease
work_8d259f8c6f69999e,2016.0,adjacent_relevant,,,Advanced Fluorescence Protein-Based Synapse-Detectors
work_8d360f62130e5f09,2025.0,core_relevant,,infrastructure;graph_analysis,Barcoded Rabies In Situ Connectomics for high-throughput reconstruction of neural circuits
work_8d47ebd6cf769730,2011.0,adjacent_relevant,,segmentation;proofreading;graph_analysis,A Multiscale Parallel Computing Architecture for Automated Segmentation of the Brain Connectome
work_8d553c90fb7e2b6e,2022.0,adjacent_relevant,,graph_analysis,LRRTM3 regulates activity-dependent synchronization of synapse properties in topographically connected hippocampal neural circuits
work_8dd2b03520aa147e,2026.0,core_relevant,,segmentation;proofreading;infrastructure,CURVATURE-BASED MACHINE LEARNING METHOD FOR AUTOMATED SEGMENTATION OF DENDRITIC SPINES
work_8e26d958532e6691,2025.0,core_relevant,,graph_analysis,The Connectome Interpreter Toolkit
work_8e52111f0a169403,2017.0,core_relevant,DS09/DS10 mouse retina,graph_analysis,Connectomics of synaptic microcircuits: lessons from the outer retina
work_8e59f780b29835c3,2021.0,core_relevant,,proofreading;graph_analysis,Correction of topological errors in automated traces of neurites
work_8e67364505d22b4a,2022.0,core_relevant,DS09/DS10 mouse retina,,Center-surround interactions underlie bipolar cell motion sensitivity in the mouse retina
work_8e8573ac5d1bbfd7,2014.0,adjacent_relevant,DS01 C. elegans (White+),graph_analysis,Common Connectome Constraints: From C. elegans and Drosophila to Homo sapiens
work_8eb544cf75eb1e58,2018.0,role_bridge,DS03 Drosophila larva,sectioning;acquisition;alignment;segmentation,Of what use is connectomics? A personal perspective on the Drosophila connectome
work_8ef597d9b53d5869,2022.0,adjacent_relevant,,,Future Directions for Chemosensory Connectomes: Best Practices and Specific Challenges
work_8f2ad7a7d6c55a54,2018.0,core_relevant,DS01 C. elegans (White+),preparation;graph_analysis,Guided graph spectral embedding: Application to the C. elegans connectome
work_8f2d73f1d0e0367a,2025.0,adjacent_relevant,,,Four neurons pattern brain-wide developmental activity through neuropeptide signaling
work_8f475f90f98f68ee,2022.0,adjacent_relevant,DS01 C. elegans (White+),,Anatomical and Functional Differences in the Sex-Shared Neurons of the Nematode C. elegans
work_8f57fcadbe445368,2025.0,adjacent_relevant,,segmentation;proofreading;infrastructure,Scalable automated segmentation quantifies mitochondrial proteins and morphology at the nanoscale
work_8fd6124f2a3e58a1,2026.0,adjacent_relevant,,preparation;graph_analysis,A First Step for Expansion X-Ray Microscopy: Achieving Contrast in Expanded Tissues Sufficient to Reveal Cell Bodies
work_8fd725d2118803e2,2019.0,core_relevant,DS13 MICrONS,acquisition,A petascale automated imaging pipeline for mapping neuronal circuits with high-throughput transmission electron microscopy
work_8fdabecbe4e2c04e,2024.0,core_relevant,DS19 songbird,segmentation;proofreading;infrastructure,UniSPAC: A Unified Segmentation Framework for Proofreading and Annotation in Connectomics
work_90122b36b9362b91,2016.0,adjacent_relevant,DS09/DS10 mouse retina,sectioning,ON Bipolar Cells in Macaque Retina: Type-Specific Synaptic Connectivity with Special Reference to OFF Counterparts
work_902cf6d1376f15b8,2024.0,core_relevant,,segmentation;proofreading;infrastructure;graph_analysis,Self-Supervised Edge Detection Reconstruction for Topology-Informed 3D Axon Segmentation and Centerline Detection
work_908f9dfa68a849c9,2020.0,core_relevant,,acquisition;segmentation;proofreading;graph_analysis,Visual Correspondences for Unsupervised Domain Adaptation on Electron Microscopy Images
work_90a7b61f851fbefe,2016.0,adjacent_relevant,DS01 C. elegans (White+),graph_analysis,Sexually dimorphic differentiation of a C. elegans hub neuron is cell-autonomously controlled by a conserved transcription factor
work_90c276cad38cdf4d,2021.0,core_relevant,,,High speed volumetric imaging for brain connectomics
work_90e33b2656540dc8,2012.0,adjacent_relevant,,,'The genetic analysis of functional connectomics in Drosophila'
work_9189f72c98e4bc63,2025.0,adjacent_relevant,,segmentation;infrastructure;modeling,Modeling and simulation of electrodiffusion in dense reconstructions of cerebral tissue
work_91bc5337106c81dc,2020.0,core_relevant,DS01 C. elegans (White+),preparation;graph_analysis,The growing topology of the C. elegans connectome
work_9224f576c520ade6,2023.0,role_bridge,,segmentation;proofreading;infrastructure,Online citizen science with the Zooniverse for analysis of biological volumetric data
work_925c3e324896606e,2016.0,core_relevant,,segmentation;infrastructure,Microscopy Image Browser: A Platform for Segmentation and Analysis of Multidimensional Datasets
work_92631910468cb6fc,2019.0,core_relevant,DS03 Drosophila larva,graph_analysis,A Drosophila larval premotor/motor neuron connectome generating two behaviors via distinct spatio-temporal muscle activity
work_92853f562a6d19dd,2011.0,adjacent_relevant,DS09/DS10 mouse retina,graph_analysis,Specificity and randomness: structure-function relationships in neural circuits
work_92a24ba81c8e5978,2017.0,adjacent_relevant,,,Mapping the connectome in awake surgery for gliomas: an update.
work_92a573e17ee62f83,2010.0,core_relevant,,,Ssecrett and NeuroTrace: Interactive Visualization and Analysis Tools for Large-Scale Neuroscience Data Sets
work_92cd6d4932ed3a2c,2024.0,adjacent_relevant,,infrastructure;modeling,A Differentiable Model for Optimizing the Genetic Drivers of Synaptogenesis
work_92dec379d1c56f26,2024.0,core_relevant,,graph_analysis,"Modularity, Hierarchical Flows and Symmetry of the Drosophila Connectome"
work_92f0ed50dd791967,2024.0,adjacent_relevant,,,Generating brain-wide connectome using synthetic axonal morphologies
work_932e9c86e6b77869,2024.0,core_relevant,DS01 C. elegans (White+),graph_analysis,Diverging network architecture of the C. elegans connectome and signaling network
work_9388ccb7e7e830c1,2021.0,adjacent_relevant,,,Confocal Bessel Beam Light-sheet and Expansion Microscopy for Axonal Connectomics of Mammalian Brains
work_938db2c7232708be,2025.0,core_relevant,DS03 Drosophila larva,proofreading;synapses;infrastructure,Towards Generalized Synapse Detection Across Invertebrate Species
work_93a7c9cf869575ac,2017.0,core_relevant,,sectioning;acquisition,Correlated Light-Serial Scanning Electron Microscopy (CoLSSEM) for ultrastructural visualization of single neurons in vivo
work_93d2ee6696b78490,2013.0,core_relevant,,segmentation,WATERSHED MERGE FOREST CLASSIFICATION FOR ELECTRON MICROSCOPY IMAGE STACK SEGMENTATION
work_9487955aca364a01,2014.0,adjacent_relevant,DS01 C. elegans (White+),alignment;graph_analysis;modeling,A mesoscale connectome of the mouse brain
work_94d4d1383861b33a,2022.0,core_relevant,,sectioning;infrastructure,Building a Volume EM Atlas of Whole Cells and Tissues with Enhanced FIB-SEM
work_94ff9e171c976c2c,2017.0,core_relevant,DS22 Platynereis,,Synaptic and peptidergic connectome of a neurosecretory center in the annelid brain
work_9525e09acddf866e,2023.0,core_relevant,,graph_analysis,Multilevel visual motion opponency in Drosophila
work_954de58c49ad957a,2026.0,core_relevant,DS07 VNC (FANC/MANC),,A central somatotopic map of the fly leg supports spatially targeted grooming
work_958be63650186414,2025.0,core_relevant,DS13 MICrONS,sectioning;alignment;segmentation;proofreading,"PyReconstruct: A fully open-source, collaborative successor to Reconstruct"
work_95938bf4e63558ad,2026.0,adjacent_relevant,DS15 zebrafish,graph_analysis,Advances in brain connectomics: integrating light and electron microscopy for multiscale neural mapping
work_961403604355e4a7,2019.0,adjacent_relevant,DS01 C. elegans (White+),graph_analysis,Deep Connectomics Networks: Neural Network Architectures Inspired by Neuronal Networks
work_9678d39054f8cb2b,2019.0,core_relevant,DS20 Ciona,,Antagonistic inhibitory circuits integrate visual and gravitactic behaviors
work_96a09e61135848a7,2020.0,adjacent_relevant,,infrastructure,What would a synthetic connectome look like?
work_96ef255db3db218e,2016.0,core_relevant,,segmentation;proofreading,Deep Contextual Networks for Neuronal Structure Segmentation
work_97016b4155ddb0c4,2023.0,core_relevant,DS01 C. elegans (White+),,Dissecting the Functional Organization of the C. elegans Serotonergic System at Whole-Brain Scale
work_971a4ba72345218e,2026.0,adjacent_relevant,,graph_analysis;modeling,Inferring state-dependent functional circuit motifs using higher-order interactions analysis
work_975468f3186a2d44,2013.0,core_relevant,,preparation;acquisition;segmentation;proofreading;infrastructure,Large-Scale Automatic Reconstruction of Neuronal Processes from Electron Microscopy Images
work_97623cd3af206ac9,2024.0,adjacent_relevant,DS09/DS10 mouse retina,graph_analysis,Retinal Connectomics: A Review.
work_97db5339b48de23b,2024.0,adjacent_relevant,,,What do the mushroom bodies do for the insect brain? Twenty-five years of progress
work_97df1219325db407,2024.0,role_bridge,,proofreading;graph_analysis,EM and XRM Connectomics Imaging and Experimental Metadata Standards
work_97f41e44e771df3f,2022.0,adjacent_relevant,,graph_analysis,Simplex Closing Probabilities in Directed Graphs
work_97f48fe8229c5ca1,2024.0,adjacent_relevant,,,Future avenues in Drosophila mushroom body research
work_97f80d18931aae82,2020.0,core_relevant,,infrastructure;graph_analysis,"Toward a scalable framework for reproducible processing of volumetric, nanoscale neuroimaging datasets"
work_97fef5d2214981f3,2020.0,core_relevant,DS09/DS10 mouse retina,,Circuit reorganization shapes the developing human foveal midget connectome towards single-cone resolution
work_991f78c0915f23f3,2023.0,core_relevant,,,Presynaptic inhibition selectively suppresses leg proprioception in behaving Drosophila
work_994933ce77707057,2021.0,adjacent_relevant,,,Dopamine modulation of sensory processing and adaptive behavior in flies
work_9952e1421e932a54,2025.0,adjacent_relevant,,segmentation;infrastructure,CochleaNet: deep learning-based image analysis for cochlear connectomics and gene therapy
work_9a21d8fa753f5a6a,2023.0,core_relevant,DS07 VNC (FANC/MANC),,Mechanosensory and command contributions to the Drosophila grooming sequence
work_9a4cc4ec5c4fadb0,2023.0,adjacent_relevant,DS15 zebrafish,,Molecular organization of neuronal cell types and neuromodulatory systems in the zebrafish telencephalon
work_9ae9d632f2fcbc12,2023.0,core_relevant,DS03 Drosophila larva,segmentation,Distinctive features of the central synaptic organization of Drosophila larval proprioceptors
work_9b04387f1c164376,2025.0,adjacent_relevant,,proofreading;graph_analysis,Critical Regions and Connections Form Pathways and Clusters in the Mouse Brain
work_9b0affa5a4f9b682,2012.0,adjacent_relevant,DS15 zebrafish,infrastructure;graph_analysis,Graph Theoretical Model of a Sensorimotor Connectome in Zebrafish
work_9b23efa50c50392e,2019.0,adjacent_relevant,,infrastructure;graph_analysis,Diverse Community Structures in the Neuronal-Level Connectome of the Drosophila Brain
work_9b2bee51208c52e0,2024.0,adjacent_relevant,,segmentation;proofreading;graph_analysis,FISBe: A Real-World Benchmark Dataset for Instance Segmentation of Long-Range thin Filamentous Structures
work_9b32917a4d853259,2016.0,role_bridge,,infrastructure;graph_analysis,2015 Brainhack Proceedings
work_9b3e284c74fcc4ce,2024.0,core_relevant,,segmentation;infrastructure,A gut-brain-gut interoceptive circuit loop gates sugar ingestion in Drosophila
work_9b482c9ad48d212f,2014.0,adjacent_relevant,DS12 L4 barrel cortex,preparation;graph_analysis,Synaptic molecular imaging in spared and deprived columns of mouse barrel cortex with array tomography
work_9bbd63f1aa177d2c,2017.0,adjacent_relevant,,segmentation;infrastructure,Learning from connectomics on the fly.
work_9bc341caddd144e5,2019.0,core_relevant,,segmentation;proofreading;infrastructure;graph_analysis,DVID: Distributed Versioned Image-Oriented Dataservice
work_9be41e9459df8595,2026.0,core_relevant,DS01 C. elegans (White+),infrastructure;graph_analysis,DevoTG: Temporal Graph Neural Networks for Modeling C. elegans Developmental Connectomics
work_9c0fed59f7a0812e,2023.0,core_relevant,DS09/DS10 mouse retina,,Regional variation in the organization and connectivity of the first synapse in the primate night vision pathway
work_9c703df2a489f7a3,2026.0,core_relevant,,graph_analysis;modeling,Centralized brain networks controlling antennal grooming coordination
work_9c892cfd1d3dbe01,2026.0,core_relevant,,infrastructure;graph_analysis;modeling,VEMamba: Efficient Isotropic Reconstruction of Volume Electron Microscopy with Axial-Lateral Consistent Mamba
work_9ca6628105d0c4ad,2023.0,adjacent_relevant,,,Technical report: surgical preparation of human brain tissue for clinical and basic research
work_9ca8460cc0327e9f,2020.0,adjacent_relevant,,infrastructure,Brain Connectomes Come of Age
work_9cce9112b143d3f9,2008.0,adjacent_relevant,,graph_analysis,A technicolour approach to the connectome
work_9cfe282e43639758,2020.0,adjacent_relevant,DS01 C. elegans (White+),infrastructure;graph_analysis,Towards a functional connectome in Drosophila
work_9d0a8110aa5c5e21,2013.0,core_relevant,,segmentation;infrastructure,Exploring the Connectome
work_9d8ce18df11df9cc,2025.0,core_relevant,,,Light-microscopy-based connectomic reconstruction of mammalian brain tissue
work_9d96b84703d1ad10,2013.0,core_relevant,DS01 C. elegans (White+),acquisition;graph_analysis,Computer Assisted Assembly of Connectomes from Electron Micrographs: Application to Caenorhabditis elegans
work_9de42838001f372f,2014.0,core_relevant,,infrastructure;graph_analysis,An automated images-to-graphs framework for high resolution connectomics
work_9e3d9326ebd1b0f4,2020.0,core_relevant,,infrastructure;graph_analysis,Complete Connectomic Reconstruction of Olfactory Projection Neurons in the Fly Brain
work_9ea9181c0d4620fd,2020.0,core_relevant,DS22 Platynereis,segmentation,Whole-animal connectome and cell-type complement of the three-segmented Platynereis dumerilii larva
work_9ec0e96a45077d8a,2021.0,adjacent_relevant,,infrastructure,Neural architectures in the light of comparative connectomics
work_9eefccb796e15566,2015.0,adjacent_relevant,DS01 C. elegans (White+),,The beginning of connectomics: a commentary on White et al. (1986) ‘The structure of the nervous system of the nematode Caenorhabditis elega
work_9f1aee5bf41f83bb,2020.0,core_relevant,DS09/DS10 mouse retina,,A connectomics approach to understanding a retinal disease
work_9f1fa6649aef5d3c,2025.0,adjacent_relevant,,infrastructure;graph_analysis;modeling,Organization and Community Usage of a Neuron Type Circuitry Knowledge Base of the Hippocampal Formation
work_9f2bd795e155d80b,2023.0,core_relevant,,,Heterogeneous receptor expression underlies non-uniform peptidergic modulation of olfaction in Drosophila
work_9f4de65ab9e29bbf,2026.0,adjacent_relevant,,proofreading;infrastructure,Mapping brain-wide monosynaptic inputs to single neurons with ROInet-seq.
work_9fcf57e381b11acb,2014.0,core_relevant,,sectioning;acquisition;segmentation;proofreading,Automated Detection of Synapses in Serial Section Transmission Electron Microscopy Image Stacks
work_9fd52e39fdad0d0d,2016.0,core_relevant,DS01 C. elegans (White+),graph_analysis;modeling,Functional complexity emerging from anatomical constraints in the brain: the significance of network modularity and rich-clubs
work_a0074df622a55228,2019.0,adjacent_relevant,,proofreading;infrastructure;graph_analysis,Connectome verification: inter-rater and connection reliability of tract-tracing-based intrinsic hypothalamic connectivity
work_a02235773a32ebeb,2026.0,core_relevant,,infrastructure;graph_analysis;modeling,Whole-Brain Connectomic Graph Model Enables Whole-Body Locomotion Control in Fruit Fly
work_a02f3fd1457de709,2025.0,core_relevant,,,Neural connectome of the ctenophore statocyst
work_a03a07a6d277a87e,2019.0,core_relevant,DS13 MICrONS,sectioning;synapses,Convolutional nets for reconstructing neural circuits from brain images acquired by serial section electron microscopy
work_a067ff2b158f0bbb,2019.0,core_relevant,DS01 C. elegans (White+),graph_analysis,The connectome of the Caenorhabditis elegans pharynx
work_a09956f2846bbe45,2013.0,adjacent_relevant,,graph_analysis,Large-scale network organization in the avian forebrain: a connectivity matrix and theoretical analysis
work_a0cdbefe311043d0,2025.0,adjacent_relevant,,segmentation;proofreading,"A deep learning pipeline for accurate and automated restoration, segmentation, and quantification of dendritic spines"
work_a1490cd29bdf5713,2019.0,adjacent_relevant,,preparation;graph_analysis;modeling,Community correlations and testing independence between binary graphs
work_a1904fa7e0f72eb3,2020.0,core_relevant,DS15 zebrafish,graph_analysis;modeling,Whitening of odor representations by the wiring diagram of the olfactory bulb
work_a1d7f92d9b93910a,2025.0,adjacent_relevant,,,Synaptic connectivity mapping among thousands of neurons via parallelized intracellular recording with a microhole electrode array
work_a1e7c7d72b96c595,2024.0,adjacent_relevant,,preparation;infrastructure;graph_analysis,Relation of connectome topology to brain volume across 103 mammalian species
work_a20080c9846f5043,2023.0,core_relevant,DS13 MICrONS,segmentation;proofreading;infrastructure,SynapseCLR: Uncovering features of synapses in primary visual cortex through contrastive representation learning
work_a20ba66636876b3e,2019.0,adjacent_relevant,,,Multiscale and Multimodal Imaging for Connectomics
work_a21cf530db60bdf7,2017.0,adjacent_relevant,DS01 C. elegans (White+),,Sexual modulation of sex-shared neurons and circuits in C. elegans
work_a22edcbd132ca34a,2015.0,adjacent_relevant,,proofreading;infrastructure;graph_analysis,Comparison of diffusion tractography and tract‐tracing measures of connectivity strength in rhesus macaque connectome
work_a23fdbf1a9ce14a7,2020.0,adjacent_relevant,,graph_analysis,Anatomy of nerve fiber bundles at micrometer-resolution in the vervet monkey visual system
work_a2407908e81f30b0,2024.0,adjacent_relevant,,acquisition;infrastructure;graph_analysis,Nature and nurture in fruit fly hearing
work_a276a8f78d1e7711,2023.0,adjacent_relevant,,graph_analysis,Integrating multimodal and multiscale connectivity blueprints of the human cerebral cortex in health and disease
work_a29df339a1fb0da5,2024.0,adjacent_relevant,,segmentation;infrastructure,NeuroVerse: Immersive exploration of 3D ultrastructural brain reconstructions for education and collaborative analysis
work_a2a4a9ee0540ed54,2024.0,adjacent_relevant,,infrastructure;modeling,A connectome manipulation framework for the systematic and reproducible study of structure–function relationships through simulations
work_a2c4868d3cf10794,2025.0,adjacent_relevant,,,Reconstruction of a connectome of single neurons in mouse brains by cross-validating multi-scale multi-modality data
work_a320701d0a564ec0,2020.0,core_relevant,,infrastructure;graph_analysis;modeling,FlyBrainLab: Accelerating the Discovery of the Functional Logic of the Drosophila Brain in the Connectomic/Synaptomic Era
work_a35b2a0f4328b341,2017.0,adjacent_relevant,,,Skull optical clearing window for in vivo imaging of the mouse cortex at synaptic resolution
work_a3723ea06299828e,2018.0,core_relevant,,segmentation,"A genetic, genomic, and computational resource for exploring neural circuit function"
work_a39f22332623fe9d,2011.0,adjacent_relevant,,proofreading,Anterograde or retrograde transsynaptic labeling of CNS neurons with vesicular stomatitis virus vectors
work_a420712d6b601b7b,2019.0,core_relevant,,sectioning,Enabling FIB-SEM Systems for Large Volume Connectomics and Cell Biology
work_a46f2b2358333423,2025.0,core_relevant,,modeling,Connectome analysis of a cerebellum-like circuit for sensory prediction
work_a492bc69201dabab,2018.0,adjacent_relevant,,proofreading;infrastructure;graph_analysis,Automatic navigation system for the mouse brain
work_a4d54fcd6dd11d2c,2014.0,core_relevant,,sectioning;acquisition;segmentation,NeuroMorph: A Toolset for the Morphometric Analysis and Visualization of 3D Models Derived from Electron Microscopy Image Stacks
work_a4f3f68ef4156dee,2017.0,adjacent_relevant,DS15 zebrafish,,Inferring Functional Neural Connectivity with Deep Residual Convolutional Networks
work_a56b40449cfa0f07,2014.0,core_relevant,DS01 C. elegans (White+),proofreading;graph_analysis,Automatic Neuron Type Identification by Neurite Localization in the Drosophila Medulla
work_a57783ce23fca41d,2025.0,adjacent_relevant,,infrastructure;graph_analysis,Controllability analysis of macaque structural connectome from an edge centric perspective
work_a5a5a1b66ee789bc,2021.0,adjacent_relevant,,graph_analysis,Topographic connectivity and cellular profiling reveal detailed input pathways and functionally distinct cell types in the subthalamic nucle
work_a5aafa50c460274e,2024.0,adjacent_relevant,,segmentation,"Modular segmentation, spatial analysis and visualization of volume electron microscopy datasets"
work_a5f954f4563fcfc9,2018.0,core_relevant,,acquisition;segmentation;proofreading;graph_analysis,Flexible Learning-Free Segmentation and Reconstruction for Sparse Neuronal Circuit Tracing
work_a5ffdcdb193e952c,2014.0,adjacent_relevant,,alignment;infrastructure;graph_analysis,CoCoTools: Open-source Software for Building Connectomes Using the CoCoMac Anatomical Database
work_a60d58482fdb3bfa,2019.0,adjacent_relevant,,infrastructure;graph_analysis,Holographic Reconstruction of Axonal Pathways in the Human Brain
work_a621029de816adc1,2024.0,core_relevant,,graph_analysis;modeling,Predicting visual function by interpreting a neuronal wiring diagram
work_a628309307d9443f,2021.0,role_bridge,,,Promisomics and the Short-Circuiting of Mind
work_a65fd84f5ad30482,2025.0,core_relevant,,segmentation;proofreading;infrastructure,Synthesis of Ground Truth for Neuronal Segmentation
work_a67d1faeea8c6a12,2025.0,adjacent_relevant,,proofreading,Brain-wide presynaptic networks of functionally distinct cortical neurons
work_a68a9d6ab83ca9c9,2024.0,core_relevant,,graph_analysis,Morphology and synapse topography optimize linear encoding of synapse numbers in Drosophila looming responsive descending neurons
work_a6b5e4a6d152f613,2024.0,adjacent_relevant,,proofreading,Dynamic encoding of temperature in the central circadian circuit coordinates physiological activities
work_a6e8ffd247b8379d,2025.0,core_relevant,,segmentation;infrastructure,Random Access Segmentation Volume Compression for Interactive Volume Rendering
work_a75ff1aaf09bfb13,2020.0,adjacent_relevant,,graph_analysis,Computational synthesis of cortical dendritic morphologies
work_a76161ef8ea1dd6b,2009.0,core_relevant,,segmentation;infrastructure,Scalable and Interactive Segmentation and Visualization of Neural Processes in EM Datasets
work_a77b316df3ecbc0e,2026.0,core_relevant,,sectioning;infrastructure,DRIFT-EM enables direct wafer retrieval of ultrathin serial sections for large-volume electron microscopy
work_a78bdc6891f8f9bd,2024.0,adjacent_relevant,,proofreading,Tango-seq: overlaying transcriptomics on connectomics to identify neurons downstream of Drosophila clock neurons
work_a79338d25cd0e172,2023.0,adjacent_relevant,,,Neural Networks for Navigation: From Connections to Computations.
work_a7ac590f096a331d,2019.0,adjacent_relevant,,infrastructure,"Reconstruction of 1,000 projection neurons reveals new cell types and organization of long-range connectivity in the mouse brain"
work_a7e11f7da01cff90,2020.0,core_relevant,,,Connectomics: Bringing Fly Neural Circuits into Focus.
work_a7f972fae6f1bf6b,2025.0,adjacent_relevant,,,Photoemission electron microscopy for connectomics
work_a811ceacfcca68a7,2013.0,role_bridge,,,Why not connectomics?
work_a821a1b9fb48df72,2022.0,role_bridge,,acquisition;graph_analysis,The Developing Human Connectome Project Neonatal Data Release
work_a8301f93442a5582,2021.0,adjacent_relevant,,infrastructure;graph_analysis;modeling,Subgraph nomination: query by example subgraph retrieval in networks
work_a83aea2e5aec23bc,2023.0,core_relevant,,segmentation,Mapping Alzheimer’s Molecular Pathologies in Large-Scale Connectomics Data: A Publicly Accessible Correlative Microscopy Resource
work_a8500957e8164024,2026.0,adjacent_relevant,,infrastructure;graph_analysis;modeling,Heterogeneous synaptic motifs bridge microscale structure and macroscale nonlinear dynamics
work_a8983572ae1cc884,2009.0,adjacent_relevant,DS01 C. elegans (White+),graph_analysis,The Interscutularis Muscle Connectome
work_a8f8c04de8f90a09,2025.0,core_relevant,,segmentation;proofreading;infrastructure;graph_analysis;modeling,MACS: Multi Domain Adaptation Enables Accurate Connectomics Segmentation
work_a900dd5838645dcc,2018.0,adjacent_relevant,,graph_analysis,Preserved Structural Network Organization Mediates Pathology Spread in Alzheimer’s Disease Spectrum Despite Loss of White Matter Tract Integ
work_a9283c4cc9510a89,2023.0,adjacent_relevant,,,Cellular and laminar architecture: A short history and commentary
work_a94eb0820c4c98b1,2021.0,core_relevant,,acquisition;segmentation;proofreading,High-throughput segmentation of unmyelinated axons by deep learning
work_a963144900531c77,2025.0,adjacent_relevant,DS03 Drosophila larva,graph_analysis,Biological Processing Units: Leveraging an Insect Connectome to Pioneer Biofidelic Neural Architectures
work_aa243bbb4279b65b,2014.0,core_relevant,,segmentation;proofreading;graph_analysis,Graph-based active learning of agglomeration (GALA): a Python library to segment 2D and 3D neuroimages
work_aa4ac55bf3d997c2,2020.0,adjacent_relevant,,,The Mind of a Mouse.
work_aa666fd9d2c29faa,2015.0,core_relevant,DS22 Platynereis,preparation;proofreading;infrastructure,Object-based representation and analysis of light and electron microscopic volume data using Blender
work_aa67a7c25f2f435b,2018.0,role_bridge,,alignment;segmentation;infrastructure;graph_analysis,Lead-DBS v2: Towards a comprehensive pipeline for deep brain stimulation imaging
work_aaa2b75389c9ea4f,2025.0,adjacent_relevant,,,Directionality bias underpins divergent spatiotemporal progression of Alzheimer‐related tauopathy in mouse models
work_aab3a84b00c63866,2025.0,core_relevant,DS04 FAFB;DS06 FlyWire,proofreading;synapses;graph_analysis,New Synapse Detection in the Whole-Brain Connectome of Drosophila
work_aace58d8981653c0,2020.0,adjacent_relevant,,preparation;acquisition;infrastructure;graph_analysis,"Relating quantitative 7T MRI across cortical depths to cytoarchitectonics, gene expression and connectomics: a framework for tracking neurod"
work_aae964936915e1a3,2019.0,adjacent_relevant,DS01 C. elegans (White+),,Deciphering neural circuits for Caenorhabditis elegans behavior by computations and perturbations to genome and connectome
work_aaf9287e58c3106d,2019.0,core_relevant,,preparation;segmentation;proofreading;infrastructure;graph_analysis,A Topological Nomenclature for 3D Shape Analysis in Connectomics
work_ab36762bb6325eed,2024.0,core_relevant,,modeling,Estimating orientation in natural scenes: A spiking neural network model of the insect central complex
work_ab37741d2cf051d8,2022.0,core_relevant,,sectioning;alignment;segmentation;infrastructure;modeling,Neuronal Morphological Model-Driven Image Registration for Serial Electron Microscopy Sections
work_ab5ed7d2da38a631,2018.0,adjacent_relevant,,infrastructure;graph_analysis,From Matrices to Knowledge: Using Semantic Networks to Annotate the Connectome
work_ab6296b9c563d6c0,2025.0,adjacent_relevant,,infrastructure;graph_analysis,Restoring Network Evolution from Static Structure
work_ab693beb93fb50a7,2020.0,adjacent_relevant,DS01 C. elegans (White+),graph_analysis,Molecular topography of an entire nervous system
work_ab6b317a17285c28,2022.0,core_relevant,,segmentation;proofreading,RoboEM: automated 3D flight tracing for synaptic-resolution connectomics
work_aba24ab36d2c1f77,2026.0,core_relevant,,,Hierarchical Community Structure of the Adult Drosophila Connectome Reveals Conserved Circuit Archetypes
work_abcbb3997816efa3,2017.0,core_relevant,DS01 C. elegans (White+),,Optimal synaptic signaling connectome for locomotory behavior in Caenorhabditis elegans: Design minimizing energy cost
work_abf215762dd88bd3,2011.0,adjacent_relevant,,,The Retrosplenial Cortex: Intrinsic Connectivity and Connections with the (Para)Hippocampal Region in the Rat. An Interactive Connectome
work_ac41925112f24658,2014.0,adjacent_relevant,,synapses,Using mammalian GFP reconstitution across synaptic partners (mGRASP) to map synaptic connectivity in the mouse brain
work_ac9f66d6d45899c4,2015.0,core_relevant,,sectioning;infrastructure,Recursive Training of 2D-3D Convolutional Networks for Neuronal Boundary Detection
work_acbd113b39b3e9ee,2020.0,core_relevant,DS03 Drosophila larva,,Synaptic counts approximate synaptic contact area in Drosophila
work_acc50851a93fccf9,2025.0,core_relevant,,acquisition;infrastructure;graph_analysis,Self-supervised image restoration in coherent X-ray neuronal microscopy
work_ad46a1f8c544946f,2006.0,role_bridge,,graph_analysis,FANMOD: a tool for fast network motif detection
work_ad4b69a298ffc313,2014.0,adjacent_relevant,,,Engrailed Alters the Specificity of Synaptic Connections of Drosophila Auditory Neurons with the Giant Fiber
work_ad4d87e6341de8b6,2017.0,core_relevant,,segmentation;infrastructure,An Error Detection and Correction Framework for Connectomics
work_ad7b99d70c070146,2011.0,core_relevant,DS09/DS10 mouse retina,acquisition;alignment;proofreading;infrastructure;graph_analysis,Exploring the retinal connectome
work_ad7e31aa5c15b233,2019.0,core_relevant,DS03 Drosophila larva,infrastructure,A developmental framework linking neurogenesis and circuit formation in the Drosophila CNS
work_ada5825461aa0d49,2015.0,core_relevant,,alignment;segmentation;proofreading;synapses;infrastructure,Large-scale EM Analysis of the Drosophila Antennal Lobe with Automatically Computed Synapse Point Clouds
work_adb2c7010353e31e,2026.0,core_relevant,DS13 MICrONS,preparation,"Harnessing cortical geometry, wiring, and function as inductive biases for recurrent neural networks"
work_adc47fb958b56981,2025.0,adjacent_relevant,,graph_analysis,Flexible Steering and Conflict Resolution: Pro-Goal/Anti-Goal Gating in Drosophila Lateral Accessory Lobes
work_ae2e6708ff5ab48d,2026.0,core_relevant,DS03 Drosophila larva;DS22 Platynereis,proofreading,"Annelid eye evolution revealed by developmental, ultrastructural, and connectome analyses of cerebral eyes in Malacoceros fuliginosus"
work_ae35dcbe4ee37384,2021.0,adjacent_relevant,,infrastructure;graph_analysis,An Open MRI Dataset For Multiscale Neuroscience
work_ae696024feaf530f,2020.0,core_relevant,DS09/DS10 mouse retina,graph_analysis,A Pathoconnectome of Early Neurodegeneration: Network changes in retinal degeneration
work_ae71590815fb9a2b,2019.0,role_bridge,,preparation;sectioning;acquisition,A Review of Intrinsic Optical Imaging Serial Blockface Histology (ICI-SBH) for Whole Rodent Brain Imaging
work_ae9a3ca349c79d5b,2017.0,core_relevant,,proofreading;infrastructure;graph_analysis,Scalable Interactive Visualization for Connectomics
work_aea20c42d6eebc8d,2023.0,role_bridge,DS15 zebrafish,,Studying zebrafish nervous system structure and function in health and disease with electron microscopy
work_aebd692d3a9ff7ca,2021.0,role_bridge,,,Connectomic Deep Brain Stimulation for Obsessive-Compulsive Disorder.
work_af073d72321fd44f,2024.0,adjacent_relevant,,graph_analysis,AD Pathology Spreading Detection Using Directional Motifs in Brain Connectomes
work_af593e0b9662ba81,2014.0,adjacent_relevant,,graph_analysis,Frustrated hierarchical synchronization and emergent complexity in the human connectome network
work_af5e34e38d50302d,2019.0,core_relevant,DS15 zebrafish,graph_analysis,Whitening of odor representations by specific network connectivity
work_af967f4e3e759889,2021.0,core_relevant,DS09/DS10 mouse retina,graph_analysis,Origins of direction selectivity in the primate retina
work_af9d7bb1093dfbff,2023.0,adjacent_relevant,,alignment;segmentation;proofreading;infrastructure;graph_analysis,Learning Multiscale Consistency for Self-Supervised Electron Microscopy Instance Segmentation
work_afad6093ed40df0c,2023.0,core_relevant,,segmentation;proofreading;graph_analysis,The XPRESS Challenge: Xray Projectomic Reconstruction - Extracting Segmentation with Skeletons
work_afb5ff09ed0db00c,2017.0,core_relevant,,segmentation;proofreading,Guided Proofreading of Automatic Segmentations for Connectomics
work_afc5847108c51ff0,2023.0,adjacent_relevant,DS12 L4 barrel cortex,alignment;segmentation;proofreading;infrastructure;graph_analysis,Analyzing Thalamocortical Tract-Tracing Experiments in a Common Reference Space
work_afdb95708e15961e,2014.0,adjacent_relevant,DS01 C. elegans (White+),,Rewiring neural circuits by the insertion of ectopic electrical synapses in transgenic C. elegans
work_afe0fbf6e9c35179,2024.0,core_relevant,,segmentation;proofreading;graph_analysis,Neuproofreader: An Interactive Proofreading System with Suggestive Prompts for Connectomics
work_aff22bed5643522c,2017.0,adjacent_relevant,,graph_analysis,Multi-transmitter neurons in the mammalian central nervous system
work_b00454c3eed4e13f,2025.0,core_relevant,DS01 C. elegans (White+),infrastructure;graph_analysis;modeling,Optimization of connectome weights for a neural network model generating both forward and backward locomotion in C. elegans
work_b0142f28782e124e,2022.0,adjacent_relevant,,sectioning;segmentation;infrastructure,Fear memory-associated synaptic and mitochondrial changes revealed by deep learning-based processing of electron microscopy data.
work_b01bce564ce2e416,2009.0,adjacent_relevant,,preparation;graph_analysis,X-ray microscopy for neural circuit reconstruction
work_b027c6fad384156d,2017.0,role_bridge,DS03 Drosophila larva,,"Pavlovian Conditioning of Larval Drosophila: An Illustrated, Multilingual, Hands-On Manual for Odor-Taste Associative Learning in Maggots"
work_b02a08a25205f85d,2021.0,core_relevant,,segmentation;proofreading;infrastructure,RLCorrector: Reinforced Proofreading for Cell-level Microscopy Image Segmentation
work_b03ba2eb24d3ca63,2025.0,adjacent_relevant,,,Selective presynaptic inhibition of leg proprioception in behaving Drosophila
work_b0604b15b1df15d9,2016.0,adjacent_relevant,DS09/DS10 mouse retina,graph_analysis,Network Analysis and Visualization of Mouse Retina Connectivity Data
work_b0a12b86ef1a815f,2025.0,core_relevant,,graph_analysis;modeling,Structural Heterogeneity of the Drosophila Brain Network
work_b0b12be54338c4b8,2025.0,core_relevant,,infrastructure,Connectomic traces of Hebbian plasticity in the entorhinal-hippocampal system
work_b0b913e89cd26d7c,2023.0,adjacent_relevant,,proofreading;graph_analysis,Directed stepwise tracing of polysynaptic neuronal circuits with replication-deficient pseudorabies virus
work_b0c9cb0670c3ec7d,2025.0,adjacent_relevant,,graph_analysis,Reconstructing the human brain’s wiring diagram from axons up
work_b0ddf4ae8c7faf63,2020.0,core_relevant,,graph_analysis,Neurotransmitter classification from electron microscopy images at synaptic sites in Drosophila melanogaster
work_b0e75fabcf46c3e0,2023.0,core_relevant,,segmentation;infrastructure,High-resolution volumetric imaging constrains compartmental models to explore synaptic integration and temporal processing by cochlear nucle
work_b0f4170db02ee937,2017.0,adjacent_relevant,,graph_analysis,Role of Graph Architecture in Controlling Dynamical Networks with Applications to Neural Systems
work_b0f78721c583f805,2024.0,adjacent_relevant,,,New rabies viral resources for multi-scale neural circuit mapping
work_b0fa465ba40b7ebd,2026.0,core_relevant,DS13 MICrONS;DS14 H01 human cortex,segmentation;infrastructure,A quantitative census of millions of postsynaptic structures in a large electron microscopy volume of mouse visual cortex
work_b10bac4e00e6d5c6,2026.0,adjacent_relevant,,,Surface optimization governs the local design of physical networks
work_b13274c306e3faaa,2025.0,core_relevant,DS04 FAFB;DS06 FlyWire,infrastructure;graph_analysis,Population Morphology Implies a Common Developmental Blueprint for Drosophila Motion Detectors
work_b14a68cb105480d1,2016.0,adjacent_relevant,DS01 C. elegans (White+),,"CONNECTOMICS, THE FINAL FRONTIER"
work_b19047241efae5aa,2016.0,adjacent_relevant,DS01 C. elegans (White+),,Gap junctions in C. elegans: Their roles in behavior and development
work_b1b2f343a95bfb4c,2026.0,core_relevant,DS05 hemibrain;DS15 zebrafish,segmentation;proofreading;graph_analysis,Connectome quality converges predictably to reveal optimal stopping points during proofreading
work_b1b5b863914460ab,2025.0,core_relevant,,modeling,Cascades and convergence: dynamic signal flow in a synapse-level brain network
work_b28a841efc5f158e,2021.0,role_bridge,,,Connectomic mapping of brain-spinal cord neural networks: future directions in assessing spinal cord injury at rest.
work_b2e3ca8af45bd44a,2026.0,core_relevant,,infrastructure;graph_analysis,Beyond Feedforward: Unveiling a Recurrent Core and Super-Hubs in the Drosophila Connectome
work_b3215adb59984e49,2022.0,adjacent_relevant,,graph_analysis,Using Connectome Features to Constrain Echo State Networks
work_b394d6859daf9fc2,2013.0,role_bridge,,graph_analysis,BrainNet Viewer: A Network Visualization Tool for Human Brain Connectomics
work_b395677d1fbdcaee,2020.0,core_relevant,,,Cell-type specific innervation of cortical pyramidal cells at their apical dendrites
work_b3c14d15399812d4,2019.0,adjacent_relevant,,proofreading;graph_analysis,Rabies virus-mediated connectivity tracing from single neurons.
work_b3c92e5d910843af,2020.0,adjacent_relevant,,sectioning;acquisition;segmentation,Automatic whole cell organelle segmentation in volumetric electron microscopy
work_b3d2f4a1d8b054ae,2020.0,core_relevant,DS01 C. elegans (White+),modeling,A recurrent neural network model of C. elegans responses to aversive stimuli
work_b3ee57aade123586,2018.0,adjacent_relevant,,graph_analysis,The Mouse Cortical Connectome Characterized by an Ultra Dense Cortical Graph Maintains Specificity by Distinct Connectivity Profiles
work_b40a22a2240776e3,2022.0,role_bridge,,,Enhancing Student Research Experiences with Open Data from the Allen Brain Map.
work_b4239a9a0f8af545,2023.0,adjacent_relevant,DS01 C. elegans (White+),infrastructure,Neural mechanisms of dopamine function in learning and memory in Caenorhabditis elegans
work_b4a11e45d1e24136,2022.0,adjacent_relevant,DS01 C. elegans (White+),graph_analysis;modeling,Reprogramming the topology of the nociceptive circuit in C. elegans reshapes sexual behavior
work_b4c2e7661a5e5142,2021.0,core_relevant,,segmentation;graph_analysis,Large-scale image segmentation based on distributed clustering algorithms
work_b5032a3a9543fe0c,2019.0,adjacent_relevant,,graph_analysis,Impact of higher order network structure on emergent cortical activity
work_b5084356dd64493c,2021.0,core_relevant,DS03 Drosophila larva,acquisition,Unveiling the sensory and interneuronal pathways of the neuroendocrine connectome in Drosophila
work_b53d942937a15cc8,2021.0,adjacent_relevant,,,Brain injury environment critically influences the connectivity of transplanted neurons
work_b554a7548201df2f,2020.0,adjacent_relevant,,segmentation,DIP/Dpr interactions and the evolutionary design of specificity in protein families
work_b5c2e87af273e9a7,2017.0,core_relevant,,segmentation,Multi-stage Multi-recursive-input Fully Convolutional Networks for Neuronal Boundary Detection
work_b5e5512fcf9be3fc,2026.0,role_bridge,,infrastructure;graph_analysis,VFB-MCP: Natural-Language Access to Drosophila Neuroscience Grounded by an Expert-Curated Ontology-Led Knowledgebase
work_b5ff748c577ee45c,2014.0,core_relevant,,segmentation;proofreading,Design and Evaluation of Interactive Proofreading Tools for Connectomics
work_b60404473cbd854e,2014.0,adjacent_relevant,,,The Stimulus Selectivity and Connectivity of Layer Six Principal Cells Reveals Cortical Microcircuits Underlying Visual Processing
work_b60d03383c437391,2019.0,core_relevant,DS09/DS10 mouse retina,sectioning;acquisition,Wide-field amacrine cell inputs to ON parasol ganglion cells in macaque retina
work_b615c7f2d7acb6f5,2021.0,adjacent_relevant,,,Anatomical and functional connectomes underlying hierarchical visual processing in mouse visual system
work_b64e797daab8dabf,2024.0,core_relevant,DS01 C. elegans (White+),graph_analysis,Bilateral Symmetry and Asymmetry in the C. elegans Connectome: A Graph-Theoretic Analysis based on Redundancy Measures
work_b67a92b47c45e7c3,2025.0,core_relevant,DS03 Drosophila larva,,The central complex of the larval fruit fly brain
work_b690ec4d0c358a16,2008.0,adjacent_relevant,,modeling,"The Neuroanatomist's Dream, the Problems and Solutions, and the Ultimate Aim"
work_b6c3b27d69c61fa3,2017.0,adjacent_relevant,,graph_analysis,Label-free volumetric optical imaging of intact murine brains
work_b6c64af3e1642d38,2025.0,adjacent_relevant,,preparation;infrastructure;graph_analysis,Community detection for directed networks revisited using bimodularity
work_b6f9d48dfa37f399,2025.0,core_relevant,,sectioning;acquisition;infrastructure,Connectome-driven neural inventory of a complete visual system
work_b729320814493b09,2012.0,adjacent_relevant,,sectioning;alignment;proofreading,Serial section registration of axonal confocal microscopy datasets for long-range neural circuit reconstruction
work_b7d729a2df85acdd,2015.0,role_bridge,,infrastructure,Commentary: Developmental connectomics to advance our understanding of typical and atypical brain development – Commentary on
work_b833458e7c3a0bc0,2021.0,adjacent_relevant,,infrastructure;graph_analysis,Statistical Perspective on Functional and Causal Neural Connectomics: A Comparative Study
work_b866698ca919a87c,2024.0,adjacent_relevant,DS16 calyx of Held,infrastructure;graph_analysis,"Structure, biophysics, and circuit function of a “giant” cortical presynaptic terminal"
work_b889b7bbc3c4d76b,2021.0,adjacent_relevant,DS01 C. elegans (White+);DS15 zebrafish,,Small brains for big science.
work_b8ad6936479c6e73,2022.0,adjacent_relevant,,,Genetically encoded sensors for analysing neurotransmission among synaptically-connected neurons
work_b8ae78f1fd8ae67a,2017.0,adjacent_relevant,,,Synaptic organization of visual space in primary visual cortex
work_b8d1a760494a9230,2010.0,adjacent_relevant,,graph_analysis,Beyond the wiring diagram: signalling through complex neuromodulator networks
work_b8d5a00c3d287d93,2021.0,adjacent_relevant,,graph_analysis,Dense functional and molecular readout of a circuit hub in sensory cortex
work_b8f2f5617e12eb28,2015.0,core_relevant,,proofreading;graph_analysis,Quantitative neuroanatomy for connectomics in Drosophila
work_b93454c723b2401e,2023.0,adjacent_relevant,,preparation;graph_analysis,Translating single-neuron axonal reconstructions into meso-scale connectivity statistics in the mouse somatosensory thalamus
work_b9427d82f30c52ed,2019.0,core_relevant,,graph_analysis,The neuroanatomical ultrastructure and function of a biological ring attractor
work_b9629434b4af47f4,2010.0,core_relevant,,segmentation;infrastructure,Detection of Neuron Membranes in Electron Microscopy Images using a Serial Neural Network Architecture
work_b9bc79c1007d6364,2014.0,core_relevant,,segmentation,A Modular Hierarchical Approach to 3D Electron Microscopy Image Segmentation
work_b9d08d3f470a376f,2023.0,adjacent_relevant,,,How Flies See Motion.
work_ba255a04a84e1e9c,2026.0,core_relevant,DS09/DS10 mouse retina,proofreading;graph_analysis,Approaching a connectome of the human foveal retina
work_ba33cffaec20fe30,2020.0,adjacent_relevant,,,Dopamine neuron synaptic connectivity defines physiological striatal domains
work_ba57f8894b215008,2025.0,adjacent_relevant,DS01 C. elegans (White+),infrastructure,C. elegans wired and wireless connectome: insights into principles of nervous system structure and function
work_bae91c1d9f178e4f,2022.0,adjacent_relevant,,infrastructure,From Photons to Behaviors: Neural Implementations of Visual Behaviors in Drosophila
work_bb2d4b0826e2349f,2016.0,adjacent_relevant,,graph_analysis,Discovering and deciphering relationships across disparate data modalities
work_bb38c758171f3527,2018.0,adjacent_relevant,,proofreading;infrastructure;graph_analysis;modeling,NeuroMorphoVis: a collaborative framework for analysis and visualization of neuronal morphology skeletons reconstructed from microscopy stac
work_bb4463044f5b072c,2012.0,core_relevant,DS01 C. elegans (White+),acquisition;proofreading,TrakEM2 Software for Neural Circuit Reconstruction
work_bb4a58bb9fae0ea0,2021.0,adjacent_relevant,DS01 C. elegans (White+),,Neurobiology: From genome and connectome to understanding behavior
work_bb6f2ee139c463af,2019.0,core_relevant,,synapses;graph_analysis,Flexible neural connectivity under constraints on total connection strength
work_bb8d8f33589a21a6,2018.0,adjacent_relevant,DS01 C. elegans (White+),,Functional Connectomics in C. elegans
work_bba81c892f47fd62,2026.0,core_relevant,,preparation;segmentation;proofreading;graph_analysis,Morphology-Embedded Graph Optimization for EM Neuron Tracing
work_bbba095fdc38c6d5,2020.0,adjacent_relevant,,,SEQUIN multiscale imaging of mammalian central synapses reveals loss of synaptic connectivity resulting from diffuse traumatic brain injury
work_bbd9387a25c87eb2,2025.0,role_bridge,,,An Advanced Undergraduate Laboratory Course: Calcium Imaging and Data Analysis – a Mini Graduate Research Experience
work_bbfd25e70010781f,2024.0,core_relevant,DS13 MICrONS,graph_analysis,Specific inhibition and disinhibition in the higher-order structure of a cortical connectome
work_bc2a2e1a0560d061,2013.0,core_relevant,,sectioning;acquisition;alignment;infrastructure;graph_analysis,Automated Transmission-Mode Scanning Electron Microscopy (tSEM) for Large Volume Analysis at Nanoscale Resolution
work_bc5e6ceb3ec3c528,2016.0,adjacent_relevant,,acquisition,Recent advancement in the challenges to connectomics.
work_bd22fb1f4a2ae2f2,2026.0,core_relevant,DS01 C. elegans (White+),infrastructure;graph_analysis,Bilateral Neuron Pairs Share Redundant Network Roles Despite Incomplete Connection Symmetry in Caenorhabditis elegans
work_bd659575fd047af2,2013.0,adjacent_relevant,,,Conditional Ablation of Neuroprogenitor Cells in Adult Mice Impedes Recovery of Poststroke Cognitive Function and Reduces Synaptic Connectiv
work_bd78895f1e68ded3,2012.0,adjacent_relevant,,,Visualizing Neuromodulation In Vivo: TANGO-Mapping of Dopamine Signaling Reveals Appeptite Control of Sugar Sensing
work_bdba9e4ffa08287b,2024.0,adjacent_relevant,DS01 C. elegans (White+),graph_analysis,Building and Integrating Brain-Wide Maps of Nervous System Function in Invertebrates
work_bde35d55d50cc5b1,2021.0,adjacent_relevant,,,Determinants of functional synaptic connectivity among amygdala-projecting prefrontal cortical neurons in male mice
work_bdf6f3371610db4c,2026.0,core_relevant,,acquisition;alignment;segmentation;proofreading;infrastructure;graph_analysis,ConnectoFM: A Foundation Model for Learning the Language of the Connectome
work_be15f7c0b74bcf9f,2015.0,adjacent_relevant,,preparation,Functional Connectome Analysis of Dopamine Neuron Glutamatergic Connections in Forebrain Regions
work_be300a95019327be,2025.0,core_relevant,DS07 VNC (FANC/MANC),proofreading,Transforming descending input into motor output: An analysis of the Drosophila Male Adult Nerve Cord connectome
work_be3603a175b093a4,2021.0,core_relevant,,sectioning;segmentation;infrastructure,Petascale neural circuit reconstruction: automated methods
work_be4e434079225987,2022.0,core_relevant,DS09/DS10 mouse retina,acquisition;proofreading,Reconstructing neural circuits using multiresolution correlated light and electron microscopy
work_be80d8a355c9f3bc,2012.0,adjacent_relevant,,modeling,Large scale brain models of epilepsy: dynamics meets connectomics
work_be884a73cedf8f72,2022.0,core_relevant,DS01 C. elegans (White+),graph_analysis,The neuropeptidergic connectome of C. elegans
work_be994e78601aefa2,2019.0,adjacent_relevant,,segmentation,Gotta Trace ‘em All: A Mini-Review on Tools and Procedures for Segmenting Single Neurons Toward Deciphering the Structural Connectome
work_bea312df1da35b92,2022.0,core_relevant,DS03 Drosophila larva,graph_analysis,Sequential addition of neuronal stem cell temporal cohorts generates a feed-forward circuit in the Drosophila larval nerve cord
work_beb149e7e1eaddc1,2024.0,core_relevant,,,Neurons Underlying Aggression-Like Actions That Are Shared by Both Males and Females in Drosophila
work_bebd197ae07871b0,2024.0,core_relevant,,graph_analysis,Geometric Scaling Law in Real Neuronal Networks.
work_bf26c692403dc5e3,2025.0,core_relevant,,acquisition;synapses,Synaptic architecture of a memory engram in the mouse hippocampus
work_bf528ba1c278b6b4,2021.0,adjacent_relevant,,modeling,"Small, correlated changes in synaptic connectivity may facilitate rapid motor learning"
work_bf80f6a759100ec2,2023.0,adjacent_relevant,,segmentation;graph_analysis,"Axonal energy metabolism, and the effects in aging and neurodegenerative diseases"
work_bf862b81ed6fc4d9,2019.0,adjacent_relevant,,preparation;graph_analysis,Revealing the Synaptic Hodology of Mammalian Neural Circuits With Multiscale Neurocartography
work_bf960a676e2587a3,2022.0,core_relevant,DS13 MICrONS,sectioning;alignment;segmentation,Petascale pipeline for precise alignment of images from serial section electron microscopy
work_bfa5881831a8dcff,2012.0,adjacent_relevant,DS12 L4 barrel cortex,,Morphology and Physiology of Excitatory Neurons in Layer 6b of the Somatosensory Rat Barrel Cortex
work_bfb1ab1a97c0b3f6,2017.0,core_relevant,DS03 Drosophila larva,graph_analysis,Organization of the Drosophila larval visual circuit
work_bfcb690c6bb8af37,2021.0,adjacent_relevant,,,Mechanisms Underlying Target Selectivity for Cell Types and Subcellular Domains in Developing Neocortical Circuits
work_bff85c7a83fb9eac,2022.0,adjacent_relevant,DS09/DS10 mouse retina,,Nonsynaptic Transmission Mediates Light Context-Dependent Odor Responses in Drosophila melanogaster
work_c0291cd6d5d32157,2019.0,role_bridge,,,BRAIN Initiative: Cutting-Edge Tools and Resources for the Community
work_c041abac1c482213,2026.0,core_relevant,DS03 Drosophila larva,proofreading,Beyond Agreement: Standardizing Crowdsourced Synapse Annotations through Proofreading in EM Connectomics
work_c0a8bda8715ea8bf,2021.0,adjacent_relevant,,,Hippocampal and thalamic afferents form distinct synaptic microcircuits in the mouse frontal cortex
work_c0c6e627665cfab2,2016.0,core_relevant,DS09/DS10 mouse retina,graph_analysis,Rod-Cone Crossover Connectome of Mammalian Bipolar Cells
work_c0da79108172b87a,2025.0,core_relevant,,segmentation;proofreading;infrastructure,FGNet: Leveraging Feature-Guided Attention to Refine SAM2 for 3D EM Neuron Segmentation
work_c100d45c17eea38c,2024.0,adjacent_relevant,,infrastructure;graph_analysis,VF2-PS: Parallel and Scalable Subgraph Monomorphism in Arachne
work_c16301195b3d564c,2011.0,adjacent_relevant,,acquisition;infrastructure;graph_analysis,Challenges and Opportunities in Mining Neuroscience Data
work_c1722fdc8b5a9189,2017.0,adjacent_relevant,,proofreading;graph_analysis,Efferents of anterior cingulate areas 24a and 24b and midcingulate areas 24aʹ and 24bʹ in the mouse
work_c1b2632765333e01,2022.0,adjacent_relevant,,graph_analysis;modeling,Scale matters: The nested human connectome
work_c1d0772b3b89eba2,2019.0,core_relevant,,segmentation;proofreading;infrastructure,UNI-EM: An Environment for Deep Neural Network-Based Automated Segmentation of Neuronal Electron Microscopic Images
work_c1f1de8c92a47673,2018.0,adjacent_relevant,DS19 songbird,acquisition,Vocal motor experiences consolidate the vocal motor circuitry and accelerate future vocal skill development
work_c201afe14f0e47be,2023.0,adjacent_relevant,DS03 Drosophila larva,segmentation;infrastructure,Linking neural circuits to the mechanics of animal behavior in Drosophila larval locomotion
work_c23677e9a896aab1,2025.0,core_relevant,,segmentation;proofreading;graph_analysis,SynAnno: Interactive Guided Proofreading of Synaptic Annotations
work_c25a5e51b5abfb6d,2016.0,adjacent_relevant,DS01 C. elegans (White+),acquisition;graph_analysis,Filling the gap: adding super-resolution to array tomography for correlated ultrastructural and molecular identification of electrical synap
work_c264471fa138e632,2020.0,core_relevant,DS03 Drosophila larva,synapses;graph_analysis;modeling,Recurrent architecture for adaptive regulation of learning in the insect brain
work_c2676d5e17644f9a,2019.0,adjacent_relevant,,,Synaptic Connectivity and Cortical Maturation Are Promoted by the ω-3 Fatty Acid Docosahexaenoic Acid.
work_c285a4f34f98067b,2014.0,role_bridge,,,The huge plastic potential of adult brain and the role of connectomics: new insights provided by serial mappings in glioma surgery.
work_c293467c574e8c22,2022.0,core_relevant,DS05 hemibrain,graph_analysis,Hierarchical Modular Structure of the Drosophila Connectome
work_c295eac10773de92,2015.0,core_relevant,,preparation;sectioning;acquisition;alignment;proofreading,Ultrastructurally-smooth thick partitioning and volume stitching for larger-scale connectomics
work_c2ac2ce5d1b91e39,2026.0,core_relevant,DS01 C. elegans (White+),alignment;infrastructure;modeling,Representational geometry as a fidelity metric for connectome-constrained networks: evidence from the Drosophila visual system
work_c2ad8b023ed86e9e,2015.0,core_relevant,DS01 C. elegans (White+),segmentation;modeling,Closing the loop: optimal stimulation of C. elegans neuronal network via adaptive control to exhibit full body movements
work_c2b70a013a556fea,2009.0,adjacent_relevant,,,Activity-Dependent Modulation of Neural Circuit Synaptic Connectivity
work_c2c3f5afbff287bb,2009.0,adjacent_relevant,,segmentation,Specificity of Sensory-Motor Connections Encoded by Sema3e-PlexinD1 Recognition
work_c2c927525ced25b9,2022.0,adjacent_relevant,,proofreading,Connectomics and the neural basis of behaviour
work_c2e4c49bfa73df15,2025.0,adjacent_relevant,,infrastructure,A Network of Biologically Inspired Rectified Spectral Units (ReSUs) Learns Hierarchical Features Without Error Backpropagation
work_c2eef6c0fa61c287,2025.0,adjacent_relevant,,proofreading,Brain-wide neuronal circuit connectome of human glioblastoma
work_c3138ffe0202a49e,2026.0,core_relevant,,segmentation;proofreading;graph_analysis,Neuron Segment Connectivity Prediction With Multimodal Features for Connectomics
work_c3155a4e84a6d48c,2024.0,adjacent_relevant,,segmentation;graph_analysis,Learning dynamic representations of the functional connectome in neurobiological networks
work_c33ff1707c3c1df6,2015.0,adjacent_relevant,,,The Secreted Protein C1QL1 and Its Receptor BAI3 Control the Synaptic Connectivity of Excitatory Inputs Converging on Cerebellar Purkinje Ce
work_c359e0f8d709c787,2015.0,role_bridge,,segmentation;proofreading;infrastructure,What Properties are Desirable from an Electron Microscopy Segmentation Algorithm
work_c36c4a98a2fae36f,2022.0,adjacent_relevant,,alignment;graph_analysis,Brain-wide analysis of the supraspinal connectome reveals anatomical correlates to functional recovery after spinal injury
work_c3acb4802f98e9c8,2017.0,core_relevant,,infrastructure;graph_analysis,A Multicore Path to Connectomics-on-Demand
work_c3af570cd83d4cfb,2009.0,core_relevant,DS01 C. elegans (White+),graph_analysis,Structural Properties of the Caenorhabditis elegans Neuronal Network
work_c3b0d29497a3dbf7,2009.0,adjacent_relevant,,modeling,Reconstruction of Sparse Circuits Using Multi-neuronal Excitation (RESCUME)
work_c3d2ff5751f373b9,2013.0,role_bridge,,proofreading;infrastructure,The history of CoCoMac
work_c422469eca54b052,2025.0,core_relevant,,infrastructure,Towards 1000-fold Electron Microscopy Image Compression for Connectomics via VQ-VAE with Transformer Prior
work_c472352d7f4b95e1,2025.0,core_relevant,,proofreading;graph_analysis,Building connectome analysis tools with representation learning on neuronal skeleton and circuit topology.
work_c47c1a58554dcf03,2026.0,role_bridge,,infrastructure;graph_analysis,"Gliomas as network diseases: Neuron-tumor interactions, connectome disruption, and clinical implications."
work_c47d226b15590ce5,2022.0,adjacent_relevant,,acquisition;infrastructure,CELR: Cloud Enhanced Local Reconstruction from low-dose sparse Scanning Electron Microscopy images
work_c4a1b205c0870b53,2023.0,role_bridge,,,Development of an educational method to rethink and learn oncological brain surgery in an “a la carte” connectome-based perspective
work_c4b37b7d968ecae8,2014.0,core_relevant,DS09/DS10 mouse retina,graph_analysis,The AII amacrine cell connectome: a dense network hub
work_c52eb93ad06102ec,2013.0,core_relevant,,segmentation;infrastructure,ConnectomeExplorer: Query-Guided Visual Analysis of Large Volumetric Neuroscience Data
work_c56c9bd6bb2d72c9,2025.0,core_relevant,,infrastructure;graph_analysis,The Drosophila Connectome as a Computational Reservoir for Time-Series Prediction
work_c5aa0e100cacef51,2018.0,adjacent_relevant,DS12 L4 barrel cortex,modeling,Visual physiology of the layer 4 cortical circuit in silico
work_c5ade922d4f4dd8f,2025.0,core_relevant,DS03 Drosophila larva,graph_analysis,Brain rewiring during development: A comparative analysis of larval and adult Drosophila melanogaster connectomes
work_c5d4203ffdbb350d,2019.0,adjacent_relevant,,,Multiplexed peroxidase-based electron microscopy labeling enables simultaneous visualization of multiple cell types
work_c5ee0f332484814e,2021.0,adjacent_relevant,DS13 MICrONS;DS15 zebrafish,segmentation;graph_analysis,NucMM Dataset: 3D Neuronal Nuclei Instance Segmentation at Sub-Cubic Millimeter Scale
work_c5ff70e75a7e41e0,2024.0,adjacent_relevant,,infrastructure;graph_analysis;modeling,The Syncytial Mesh Model: A Mesoscale Control-Field Framework for Scale-Dependent Coherence in the Brain
work_c608ded31d0a89bd,2016.0,core_relevant,DS11 Kasthuri neocortex;DS13 MICrONS,acquisition;segmentation;proofreading;graph_analysis,A Multi-Pass Approach to Large-Scale Connectomics
work_c61795d759331bd4,2024.0,core_relevant,DS03 Drosophila larva,,Modular organization of synapses within a neuromere for distinct axial locomotion in Drosophila larvae
work_c651e11769e268da,2018.0,core_relevant,,segmentation;infrastructure,An Adversarial and Densely Dilated Network for Connectomes Segmentation
work_c6568c6c741d28e9,2016.0,core_relevant,,segmentation;proofreading,Large-Scale Electron Microscopy Image Segmentation in Spark
work_c671c689a7c0f659,2018.0,adjacent_relevant,DS01 C. elegans (White+),,"Neuropeptides encoded by nlp-49 modulate locomotion, arousal and egg-laying behaviours in Caenorhabditis elegans via the receptor SEB-3"
work_c69a828cba4d708c,2021.0,adjacent_relevant,,,Multi-Scale Light-Sheet Fluorescence Microscopy for Fast Whole Brain Imaging
work_c6b4755fa98e0894,2018.0,core_relevant,DS12 L4 barrel cortex,acquisition;segmentation,Dense connectomic reconstruction in layer 4 of the somatosensory cortex
work_c6c7c7be755bd0ff,2018.0,role_bridge,DS01 C. elegans (White+),graph_analysis,Eigenvector-based community detection for identifying information hubs in neuronal networks
work_c6d55d0de76f71ec,2022.0,role_bridge,,infrastructure;graph_analysis,Dynamic Oscillations Evoked by Subcallosal Cingulate Deep Brain Stimulation
work_c6e23170a4ea8354,2020.0,core_relevant,,synapses,The Wiring Logic of an Identified Serotonergic Neuron That Spans Sensory Networks
work_c70de20978c86410,2020.0,adjacent_relevant,,sectioning;proofreading,High-throughput whole-brain mapping of rhesus monkey at micron resolution
work_c71bd1681aa3a6dd,2023.0,core_relevant,DS07 VNC (FANC/MANC),,Nested neural circuits generate distinct acoustic signals during Drosophila courtship
work_c75e4516d8791df4,2015.0,adjacent_relevant,,,Large-scale imaging in small brains
work_c764381e47cfb56e,2019.0,adjacent_relevant,,synapses,Compartmentalized distributions of neuronal and glial cell-surface proteins pattern the synaptic network.
work_c7afd5ff001a1245,2024.0,adjacent_relevant,,proofreading,Perineuronal Net Microscopy: From Brain Pathology to Artificial Intelligence
work_c7e9554f3a7935e3,2016.0,core_relevant,DS03 Drosophila larva,graph_analysis,The wiring diagram of a glomerular olfactory system
work_c824929fe19c5390,2022.0,role_bridge,,acquisition;segmentation;infrastructure;graph_analysis,P11.62.A The link between gliomas infiltrationandwhite matter architecture investigated with electron microscopy and diffusion tensor imagin
work_c85ce51f03374702,2015.0,role_bridge,,proofreading,neuTube 1.0: A New Design for Efficient Neuron Reconstruction Software Based on the SWC Format
work_c8852e9e01d3de87,2011.0,adjacent_relevant,DS01 C. elegans (White+),graph_analysis,Probing the connectivity of neural circuits at single-neuron resolution using high-throughput DNA sequencing
work_c8962279ab5d5ffa,2025.0,adjacent_relevant,,,How neural feedback enables flexible visual processing in Drosophila.
work_c8b06e9c51abaf4e,2022.0,core_relevant,,synapses,Automated Synapse Detection Method for Cerebellar Connectomics
work_c8b8ecbe6b58f77c,2026.0,core_relevant,DS01 C. elegans (White+),,Excitatory GABA receptors shape locomotor circuit organization in C. elegans
work_c9226e37cac96425,2013.0,core_relevant,,segmentation,Neuron Segmentation in Electron Microscopy Images Using Partial Differential Equations
work_c92a0fc5d845cc35,2021.0,core_relevant,DS13 MICrONS,sectioning;alignment;infrastructure;graph_analysis,A scalable and modular automated pipeline for stitching of large electron microscopy datasets
work_c9424ed42c88b962,2025.0,adjacent_relevant,,infrastructure;graph_analysis,Stochastic activity in low-rank recurrent neural networks
work_c9bf6cbc3f5f5e1f,2026.0,adjacent_relevant,,,vEMINR: Ultra‐Fast Isotropic Reconstruction for Volume Electron Microscopy With Implicit Neural Representation
work_c9c465720a1c8c5a,2015.0,adjacent_relevant,,preparation;segmentation;infrastructure,Extracellular space preservation aids the connectomic analysis of neural circuits
work_c9c64b1685159a5b,2021.0,core_relevant,,sectioning;acquisition;graph_analysis,Neuromuscular connectomes across development reveal synaptic ordering rules
work_c9cd7a8eaf536fcc,2022.0,role_bridge,,proofreading;infrastructure;graph_analysis;modeling,The brainstem connectome database
work_c9ece14438e09298,2016.0,adjacent_relevant,,infrastructure;modeling,"Structural Plasticity, Effectual Connectivity, and Memory in Cortex"
work_ca230af7d754805e,2017.0,adjacent_relevant,,proofreading;graph_analysis;modeling,"Structural and functional, empirical and modeled connectivity in the cerebral cortex of the rat"
work_ca8ca78f7057ee3b,2011.0,adjacent_relevant,,graph_analysis;modeling,Modelling human connectome development: precursors to neural circuits
work_ca8fb7dc725d860f,2018.0,core_relevant,DS09/DS10 mouse retina,sectioning,Synaptic transfer between rod and cone pathways mediated by AII amacrine cells in the mouse retina
work_ca9d3a99ca824241,2026.0,adjacent_relevant,DS01 C. elegans (White+),,From small brains to smart machines: translating Caenorhabditis elegans neural circuits into artificial intelligence
work_caba1149824d992a,2025.0,core_relevant,DS01 C. elegans (White+),graph_analysis,Comparative connectomics of two distantly related nematode species reveals patterns of nervous system evolution
work_cacfb8feebfeb873,2023.0,adjacent_relevant,,modeling,"Asynchronous and slow-wave oscillatory states in connectome-based models of mouse, monkey and human cerebral cortex"
work_caded82b4ff6f38b,2018.0,core_relevant,DS03 Drosophila larva,,The Feeding Connectome: Convergence of Monosynaptic and Polysynaptic Sensory Paths onto Common Motor Outputs
work_caed8e9015be8439,2017.0,core_relevant,DS03 Drosophila larva,sectioning;infrastructure;graph_analysis,Conserved neural circuit structure across Drosophila larval development revealed by comparative connectomics
work_cb964ec21532f053,2016.0,role_bridge,,,Further Insight into the Brain's Rich-Club Architecture
work_cbaba8fab497ba74,2022.0,adjacent_relevant,,sectioning;acquisition;segmentation;proofreading;modeling,Deep neural network automated segmentation of cellular structures in volume electron microscopy
work_cbbe61f406dbaa9a,2020.0,adjacent_relevant,DS01 C. elegans (White+),,Gap junctions: historical discoveries and new findings in the Caenorhabditis elegans nervous system
work_cbfb9642f5950bcf,2025.0,core_relevant,,proofreading,Sexual dimorphism in the complete connectome of the Drosophila male central nervous system
work_cc1516e30831abf8,2026.0,role_bridge,,infrastructure,Embracing the suboptimal organization of the human brain.
work_cc31e996b2ec9309,2019.0,core_relevant,,synapses,Synaptic Partner Assignment Using Attentional Voxel Association Networks
work_cc59ab91c7115bfb,2017.0,core_relevant,,sectioning,Deep Learning Improves Template Matching by Normalized Cross Correlation
work_cc91c8e0ef1cec88,2017.0,adjacent_relevant,,,Connectomics and other novel methods for examining neural systems.
work_cc93f37d9cda41ed,2020.0,adjacent_relevant,,preparation;segmentation;graph_analysis;modeling,Neuronal classification from network connectivity via adjacency spectral embedding
work_cc98657871401e23,2012.0,role_bridge,,sectioning;acquisition;proofreading;infrastructure;graph_analysis;modeling,CoCoMac 2.0 and the future of tract-tracing databases
work_cca2544e722815fe,2025.0,core_relevant,,segmentation;proofreading;infrastructure;graph_analysis,MExConn: A Mechanistically Interpretable Multi-Expert Framework for Multi-Organelle Segmentation in Connectomics
work_cca7664492c71a6f,2024.0,role_bridge,,infrastructure;graph_analysis,Topological communities in complex networks
work_ccbaaa9ecd746d77,2017.0,adjacent_relevant,,,Fragile X Mental Retardation Protein Requirements in Activity-Dependent Critical Period Neural Circuit Refinement
work_cccecad214653fb7,2018.0,adjacent_relevant,DS01 C. elegans (White+),,Sensorimotor integration in Caenorhabditis elegans: a reappraisal towards dynamic and distributed computations
work_cd1ed09029d2ef12,2016.0,core_relevant,DS03 Drosophila larva,,Synaptic transmission parallels neuromodulation in a central food-intake circuit
work_cd465daed14f5ff7,2016.0,adjacent_relevant,,preparation;acquisition;alignment,Progress Towards Mammalian Whole-Brain Cellular Connectomics
work_cd86799292e61a9a,2010.0,adjacent_relevant,DS01 C. elegans (White+),segmentation,Machines that learn to segment images: a crucial technology for connectomics.
work_cda2a76c443e1ca4,2016.0,core_relevant,,segmentation;proofreading;graph_analysis,NeuroBlocks – Visual Tracking of Segmentation and Proofreading for Large Connectomics Projects
work_cdaba67073fdedc2,2012.0,adjacent_relevant,,graph_analysis,Identifying behavioral circuits in Drosophila melanogaster: Moving targets in a flying insect
work_cdb7dbf4ec350268,2021.0,adjacent_relevant,,,"Dopamine Neurons That Cotransmit Glutamate, From Synapses to Circuits to Behavior"
work_cdc13855d8ed503c,2024.0,adjacent_relevant,,infrastructure;graph_analysis,Whole-brain spatial organization of hippocampal single-neuron projectomes
work_ce03d570e1504336,2025.0,core_relevant,,segmentation;proofreading,NeuroADDA: Active Discriminative Domain Adaptation in Connectomic
work_ce17e09a6e3fc0d4,2018.0,adjacent_relevant,,proofreading;infrastructure,"Cross-Species Evidence of Interplay Between Neural Connectivity at the Micro- and Macroscale of Connectome Organization in Human, Mouse, and"
work_ce20d5febf49f18c,2022.0,adjacent_relevant,,proofreading,Excessive local host-graft connectivity in aging and amyloid-loaded brain
work_ce3ce4f931b86f19,2011.0,adjacent_relevant,,,On the Estimation of Population-Specific Synaptic Currents from Laminar Multielectrode Recordings
work_ce404f1256e58715,2019.0,adjacent_relevant,,,The hippocampus of birds in a view of evolutionary connectomics.
work_ce654d123974b672,2020.0,core_relevant,DS01 C. elegans (White+),,Statistical analysis of unidirectional and reciprocal chemical connections in the C. elegans connectome
work_ce7ad39365f63884,2013.0,role_bridge,,infrastructure;graph_analysis,neuroMAP — Interactive graph-visualization of the fruit fly's neural circuit
work_ce9aa9b4ba4b8580,2025.0,role_bridge,,,Benchmarking overlapping community detection methods for applications in human connectomics
work_cea033bf4ba903e5,2021.0,adjacent_relevant,DS09/DS10 mouse retina;DS11 Kasthuri neocortex,sectioning,Analyzing neural degeneration of the retina with connectomics
work_ceb66b1db1935fdb,2024.0,core_relevant,DS15 zebrafish,graph_analysis;modeling,Predicting modular functions and neural coding of behavior from a synaptic wiring diagram
work_cee2e0b54cf36ce9,2011.0,adjacent_relevant,,proofreading;infrastructure;modeling,Spike distributions of a population based hierarchical network of the rat amygdaloid complex
work_cf039181a3d3d12c,2026.0,core_relevant,DS14 H01 human cortex,infrastructure,Spatial synaptic regularization stabilizes learning across biological and artificial neural networks
work_cf6c526fb507888e,2023.0,adjacent_relevant,,,Advanced Immunolabeling Method for Optical Volumetric Imaging Reveals Dystrophic Neurites of Dopaminergic Neurons in Alzheimer’s Disease Mou
work_cf8597f57b9fa631,2019.0,adjacent_relevant,,,Reprint of: Mapping human brain lesions and their functional consequences
work_cfa0e3eb48787eff,2019.0,core_relevant,DS01 C. elegans (White+),graph_analysis,Whole-animal connectomes of both Caenorhabditis elegans sexes
work_cffa3ab0187dba21,2020.0,adjacent_relevant,,acquisition;segmentation,An interactive ImageJ plugin for semi-automated image denoising in electron microscopy
work_d009d02c21871957,2016.0,role_bridge,,graph_analysis,Machine Learning on Human Connectome Data from MRI
work_d067523a41fd1ad1,2024.0,core_relevant,DS01 C. elegans (White+),graph_analysis,Comprehensive analysis of the C. elegans connectome reveals novel circuits and functions of previously unstudied neurons
work_d09866448cd69dbb,2023.0,role_bridge,,,Connectomic Networks and Their Impact on Clinical Outcomes in Glioma Treatment: A Review
work_d0ba9a68d64263c4,2026.0,core_relevant,,infrastructure,Random innervation of cerebellar Purkinje cells as a substrate for diverse representational learning
work_d0cb089a1b552d5f,2021.0,adjacent_relevant,,infrastructure;graph_analysis,A Transcriptome Community-and-Module Approach of the Human Mesoconnectome
work_d11f10e5a23d117e,2026.0,adjacent_relevant,,segmentation;proofreading;infrastructure;graph_analysis,Diffusion Model-Based Data Augmentation for Enhanced Neuron Segmentation
work_d14875b87853734d,2022.0,adjacent_relevant,,graph_analysis,Mapping brain-wide excitatory projectome of primate prefrontal cortex at submicron resolution and comparison with diffusion tractography
work_d15b5cef0700394c,2025.0,role_bridge,,infrastructure;graph_analysis,Analyzing Large Connectome Graphs With BossDB Network Tools
work_d16238626e8fd436,2025.0,adjacent_relevant,DS01 C. elegans (White+),infrastructure;graph_analysis;modeling,CeDNe: A multi-scale computational framework for modeling structure-function relationships in the C. elegans nervous system
work_d17b4ee773b57bde,2015.0,role_bridge,,graph_analysis,Connectomics and graph theory analyses: Novel insights into network abnormalities in epilepsy
work_d184679749aabc6f,2021.0,adjacent_relevant,,preparation;acquisition,Protocol for preparation of heterogeneous biological samples for 3D electron microscopy: a case study for insects
work_d1b5cbfd0840a3bb,2017.0,adjacent_relevant,,,Optogenetic Mapping of Synaptic Connections in Mouse Brain Slices to Definethe Functional Connectome of Identified Neuronal Populations.
work_d1c176b87a4825be,2019.0,adjacent_relevant,,infrastructure,Millisecond two-photon optical ribbon imaging for small-animal functional connectome study.
work_d1dfe00be00c93cb,2018.0,core_relevant,DS15 zebrafish,sectioning;acquisition,Connectomics of the zebrafish's lateral-line neuromast reveals wiring and miswiring in a simple microcircuit
work_d1ee10513299706b,2021.0,adjacent_relevant,DS01 C. elegans (White+);DS09/DS10 mouse retina,preparation;graph_analysis,Diffusion profile embedding as a basis for graph vertex similarity
work_d1f2442f6d43b0fa,2024.0,adjacent_relevant,,sectioning;acquisition,Unambiguous identification of asymmetric and symmetric synapses using volume electron microscopy
work_d21c268780bf38d6,2020.0,core_relevant,DS05 hemibrain,graph_analysis,"Information flow, cell types and stereotypy in a full olfactory connectome"
work_d2598eb05d29450d,2021.0,core_relevant,,segmentation;proofreading;graph_analysis,AxonEM Dataset: 3D Axon Instance Segmentation of Brain Cortical Regions
work_d2682f89b232ff86,2015.0,adjacent_relevant,DS09/DS10 mouse retina,,Morphology and connectivity of the small bistratified A8 amacrine cell in the mouse retina
work_d26c30f893f6a134,2026.0,adjacent_relevant,DS13 MICrONS,graph_analysis,BioNIC: Biologically Inspired Neural Network for Image Classification Using Connectomics Principles
work_d27171e633af746f,2022.0,role_bridge,,segmentation;proofreading;infrastructure,"Igneous: Distributed dense 3D segmentation meshing, neuron skeletonization, and hierarchical downsampling"
work_d2aa9ba75c9f5683,2019.0,adjacent_relevant,,,Surfaceome dynamics during neuronal development and synaptic plasticity reveal system-wide surfaceome reorganization independent of global p
work_d2abedfe2fe8e9a8,2015.0,role_bridge,,graph_analysis,The connectomics of brain disorders
work_d2b5a656b5988a70,2022.0,adjacent_relevant,,segmentation;proofreading;infrastructure;graph_analysis,PointNeuron: 3D Neuron Reconstruction via Geometry and Topology Learning of Point Clouds
work_d2c3bba07feec3fd,2025.0,role_bridge,,infrastructure,Buried Treasure? Overlooked and Newly Discovered Evolutionary Contributions to Human Brain Diseases
work_d2df514fdb3df8f0,2012.0,adjacent_relevant,,acquisition;graph_analysis,Volume electron microscopy for neuronal circuit reconstruction.
work_d3260d4a80ed1193,2018.0,adjacent_relevant,,segmentation,Cross-Classification Clustering: An Efficient Multi-Object Tracking Technique for 3-D Instance Segmentation in Connectomics
work_d333aa68266feb1b,2018.0,adjacent_relevant,,graph_analysis,Exploring early human brain development with structural and physiological neuroimaging
work_d336a05923d05f7e,2021.0,core_relevant,DS09/DS10 mouse retina,preparation,Conserved Circuits for Direction Selectivity in the Primate Retina
work_d39313692b727a1c,2025.0,core_relevant,DS22 Platynereis,segmentation;graph_analysis,Whole-body connectome of a segmented annelid larva
work_d3a28ecbfb6e7ac0,2017.0,adjacent_relevant,,graph_analysis,Methods to investigate the structure and connectivity of the nervous system
work_d3be9b5edaedfc45,2018.0,role_bridge,,preparation;sectioning;alignment;graph_analysis,A Survey of Methods for 3D Histology Reconstruction
work_d3cf22e003428382,2012.0,adjacent_relevant,DS01 C. elegans (White+),graph_analysis,Statistical Inference on Errorfully Observed Graphs
work_d3efc2c41f0790db,2016.0,core_relevant,DS15 zebrafish,preparation;sectioning;proofreading;graph_analysis,3-dimensional electron microscopic imaging of the zebrafish olfactory bulb and dense reconstruction of neurons
work_d4395c114414a2d9,2023.0,adjacent_relevant,DS01 C. elegans (White+),graph_analysis,Hypergraphs Demonstrate Anastomoses During Divergent Integration
work_d478e4e9b45418c2,2026.0,role_bridge,DS06 FlyWire,infrastructure;graph_analysis,Memory Trade-Offs in Neuromorphic Communication Strategies of the Flywire Connectome on Loihi 2
work_d4793789155c9aab,2021.0,role_bridge,,graph_analysis;modeling,"NEST Desktop, an Educational Application for Neuroscience"
work_d4b63535644c8a10,2015.0,adjacent_relevant,,preparation;sectioning;acquisition,Challenges of microtome‐based serial block‐face scanning electron microscopy in neuroscience
work_d4c66da026d7e292,2024.0,adjacent_relevant,,,Hue selectivity from recurrent circuitry in Drosophila
work_d4e79c82413eec90,2018.0,adjacent_relevant,,graph_analysis,On the number of limit cycles in asymmetric neural networks
work_d504b1ae6a472164,2025.0,adjacent_relevant,DS03 Drosophila larva,,"A multisensory, bidirectional, valence encoder guides behavioral decisions"
work_d50bcdbcd8489d51,2026.0,core_relevant,DS01 C. elegans (White+);DS06 FlyWire;DS13 MICrONS,alignment;proofreading;infrastructure;graph_analysis;modeling,From homeostasis to credit assignment: a signed-XOR connectomic motif for local directional error signalling
work_d54780d9b943a8b2,2016.0,adjacent_relevant,,infrastructure;graph_analysis,Graph Theoretic and Motif Analyses of the Hippocampal Neuron Type Potential Connectome
work_d552830c86eb491f,2019.0,core_relevant,,sectioning;segmentation;graph_analysis,Large Scale Image Segmentation with Structured Loss Based Deep Learning for Connectome Reconstruction
work_d585630845101835,2024.0,core_relevant,DS06 FlyWire,proofreading;graph_analysis,Network statistics of the whole-brain connectome of Drosophila
work_d5ad5ca1e8b7dce0,2014.0,role_bridge,,graph_analysis,On the Changing Roles of Neuroimaging in Rehabilitation Science
work_d5b1332c20a5f502,2026.0,role_bridge,DS01 C. elegans (White+),,Neuropeptide visualization using split GFP in live C. elegans
work_d5c8af4726aacdfa,2022.0,role_bridge,,,The Concept of «Peritumoral Zone» in Diffuse Low-Grade Gliomas: Oncological and Functional Implications for a Connectome-Guided Therapeutic 
work_d5cff44a593c99cb,2026.0,adjacent_relevant,,acquisition;infrastructure,Early life shifts in cortical inhibitory–excitatory balance underlies sensitive periods and skill development
work_d60ca2d1beaf845b,2007.0,adjacent_relevant,DS09/DS10 mouse retina,,Characterization and synaptic connectivity of melanopsin‐containing ganglion cells in the primate retina
work_d63621d00ed628b6,2011.0,adjacent_relevant,DS12 L4 barrel cortex,graph_analysis,Cell Type–Specific Three-Dimensional Structure of Thalamocortical Circuits in a Column of Rat Vibrissal Cortex
work_d63b7e8e8a10ac20,2017.0,adjacent_relevant,,infrastructure,Identified Serotonergic Modulatory Neurons Have Heterogeneous Synaptic Connectivity within the Olfactory System of Drosophila
work_d650e408871e043e,2026.0,adjacent_relevant,,preparation;segmentation;proofreading;infrastructure;graph_analysis,Long-range circuit of the mouse spinal trigeminal nucleus caudalis
work_d675c18cdf8bdc6a,2011.0,adjacent_relevant,DS01 C. elegans (White+),graph_analysis;modeling,Modeling the Connectome of a Simple Spinal Cord
work_d6ca901bd9155e1a,2026.0,adjacent_relevant,,,Learning using switching synaptic plasticity rules
work_d6f28c58b5507fa3,2023.0,adjacent_relevant,,infrastructure,Chemical cognition: chemoconnectomics and convergent evolution of integrative systems in animals
work_d6f6ea59fbc7ea83,2025.0,core_relevant,,,Spatial and morphological organization of mitochondria in neurons across a connectome
work_d778374ca7ad4ea7,2024.0,adjacent_relevant,,modeling,Discriminating neural ensemble patterns through dendritic computations in randomly connected feedforward networks
work_d791a3e80f872b81,2025.0,core_relevant,DS04 FAFB,,Connectomic mapping of pharyngeal and gut sensory circuits in adult Drosophila
work_d79abd393dc91975,2023.0,adjacent_relevant,,acquisition;segmentation;graph_analysis,Unpaired Image Enhancement for Neurite Segmentation in x-ray Tomography
work_d803ce4772a77dc8,2024.0,core_relevant,,preparation;segmentation;proofreading;infrastructure;graph_analysis,Global Neuron Shape Reasoning with Point Affinity Transformers
work_d818ff83c362d839,2022.0,role_bridge,,graph_analysis,Imposing Connectome-Derived Topology on an Echo State Network
work_d81e3f399756a9fe,2017.0,core_relevant,,segmentation,Morphological Error Detection in 3D Segmentations
work_d83cba345d7415bb,2025.0,core_relevant,DS13 MICrONS,,Functional connectomics reveals general wiring rule in mouse visual cortex
work_d84d5d03b612cbd8,2020.0,adjacent_relevant,DS01 C. elegans (White+),preparation;infrastructure;graph_analysis;modeling,Computing Temporal Sequences Associated With Dynamic Patterns on the C. elegans Connectome
work_d877a14b14e535c5,2026.0,adjacent_relevant,,modeling,Brain network dynamics determine tau presence while regional vulnerability governs tau load in Alzheimer’s disease
work_d8788bf65765aa22,2021.0,adjacent_relevant,DS09/DS10 mouse retina,synapses,Synaptic recognition molecules in development and disease
work_d87e860e88894b04,2022.0,core_relevant,,,Circuit analysis of the Drosophila brain using connectivity-based neuronal classification reveals organization of key communication pathways
work_d8903c75ab0f5c33,2021.0,role_bridge,,sectioning;segmentation;proofreading,Sequential Semi-supervised Segmentation for Serial Electron Microscopy Image with Small Number of Labels.
work_d8a087d71b64daff,2026.0,adjacent_relevant,DS01 C. elegans (White+),infrastructure,Caenorhabditis elegans in neuroscience: from neural communication to neurodegenerative disease modeling
work_d8b2bfa158091c64,2023.0,role_bridge,,infrastructure;graph_analysis;modeling,"Exploiting large neuroimaging datasets to create connectome-constrained approaches for more robust, efficient, and adaptable artificial inte"
work_d8c666468a7edf78,2022.0,role_bridge,,proofreading;graph_analysis,BrainViewer: interacting with spatial connectome data at the mesoscale
work_d8dbac1449fbb6d8,2013.0,adjacent_relevant,,infrastructure,A modeling framework for deriving the structural and functional architecture of a short-term memory microcircuit
work_d8e0189ccce2bc1e,2026.0,adjacent_relevant,DS15 zebrafish,infrastructure;graph_analysis;modeling,Nervous system-wide single-cell morphology atlas of excitatory and inhibitory neurons in larval zebrafish
work_d90ae797458f67e7,2025.0,core_relevant,,segmentation;proofreading;graph_analysis,VesiclePy: A machine learning vesicle analysis toolbox for volume electron microscopy
work_d90f43209def3e2b,2018.0,role_bridge,,preparation,Structure-based Intensity Propagation for 3D Brain Reconstruction with Multilayer Section Microscopy
work_d93655b739e2e89d,2015.0,adjacent_relevant,DS01 C. elegans (White+),preparation;graph_analysis,A cellular and regulatory map of the cholinergic nervous system of C. elegans
work_d954a4eb80000227,2022.0,adjacent_relevant,,,Rapid reconstruction of neural circuits using tissue expansion and light sheet microscopy
work_d9b7b7ed16c392bd,2023.0,adjacent_relevant,,graph_analysis;modeling,Inferring Causality from Time Series data based on Structural Causal Model and its application to Neural Connectomics
work_d9d49941f0fd1f60,2018.0,core_relevant,,segmentation;proofreading;synapses,Synaptic Cleft Segmentation in Non-Isotropic Volume Electron Microscopy of the Complete Drosophila Brain
work_d9d5c34144dd335b,2021.0,role_bridge,,infrastructure,What connectomics can learn from genomics
work_da35586ff18e6e97,2013.0,role_bridge,,proofreading;infrastructure,The Open Connectome Project Data Cluster: Scalable Analysis and Vision for High-Throughput Neuroscience
work_da68467af4f0e266,2024.0,adjacent_relevant,,preparation;modeling,The vitals for steady nucleation maps of spontaneous spiking coherence in autonomous two-dimensional neuronal networks
work_da7f87983ae403cb,2021.0,role_bridge,,,Neural Connectivity: How to Reinforce the Bidirectional Synapse Between Basic Neuroscience and Routine Neurosurgical Practice?
work_da9bb861ea28c94b,2019.0,adjacent_relevant,,graph_analysis,Neuronal cell types in the fly: single-cell anatomy meets single-cell genomics.
work_daa2fa8d0d038ecd,2024.0,adjacent_relevant,DS07 VNC (FANC/MANC),graph_analysis,Descending control and regulation of spontaneous flight turns in Drosophila
work_dac06fc9ca941af4,2025.0,role_bridge,DS14 H01 human cortex,infrastructure;graph_analysis,HiPerMotif: Novel Parallel Subgraph Isomorphism in Large-Scale Property Graphs
work_dac6806b697ff0a2,2015.0,role_bridge,,sectioning;alignment;infrastructure,Possum—A Framework for Three-Dimensional Reconstruction of Brain Images from Serial Sections
work_dae60e0b7681ea0c,2024.0,adjacent_relevant,,,Strategies to dissect microglia-synaptic interactions during aging and in Alzheimer's disease.
work_db01207f4943cee6,2021.0,adjacent_relevant,DS15 zebrafish,proofreading;graph_analysis,The organization of the zebrafish pallium from a hodological perspective
work_db1ba00589bc095a,2026.0,core_relevant,,,Connectomic evidence that ordered activity drives neuromuscular network formation
work_db6e1fc5db501b2d,2017.0,core_relevant,,,Generating Executable Models of the Drosophila Central Complex
work_db7575694236a1d7,2025.0,core_relevant,DS13 MICrONS,segmentation;proofreading;graph_analysis,ConnectomeBench: Can LLMs Proofread the Connectome?
work_db966a0bb6433a32,2024.0,adjacent_relevant,,proofreading;graph_analysis,Decomposing cortical activity through neuronal tracing connectome-eigenmodes in marmosets
work_dba0d0b696c23844,2020.0,core_relevant,DS01 C. elegans (White+),graph_analysis,Synaptic polarity and sign-balance prediction using gene expression data in the Caenorhabditis elegans chemical synapse neuronal connectome 
work_dbb180626b24dcbb,2020.0,adjacent_relevant,,alignment;graph_analysis,NIMG-69. PERSONALIZED CONNECTOMIC SIGNATURES: BRIDGING THE GAP BETWEEN NEURO-ONCOLOGY AND CONNECTOMICS
work_dbbbdb49a3ef71f8,2026.0,adjacent_relevant,DS01 C. elegans (White+),infrastructure;graph_analysis,Sexual dimorphism in the nervous system: Three principles from the nematode C. elegans
work_dbd4531530e79a48,2014.0,adjacent_relevant,,graph_analysis,"Motif-Role-Fingerprints: The Building-Blocks of Motifs, Clustering-Coefficients and Transitivities in Directed Networks"
work_dbf620e436498336,2020.0,adjacent_relevant,,graph_analysis,Mesoscopic architecture enhances communication across the macaque connectome revealing structure-function correspondence in the brain.
work_dc3bb8105fafef02,2022.0,core_relevant,,graph_analysis,Connectomic analysis of the Drosophila lateral neuron clock cells reveals the synaptic basis of functional pacemaker classes
work_dc4993b941bc6e35,2019.0,adjacent_relevant,,segmentation;proofreading;graph_analysis,Leveraging Domain Knowledge to Improve Microscopy Image Segmentation With Lifted Multicuts
work_dc636942ecf1da4b,2021.0,adjacent_relevant,DS12 L4 barrel cortex,preparation;sectioning;synapses;graph_analysis,Efficient and Accurate Synapse Detection With Selective Structured Illumination Microscopy on the Putative Regions of Interest of Ultrathin 
work_dcd4de5eef9c2d99,2024.0,role_bridge,DS01 C. elegans (White+),proofreading;graph_analysis,Homogenized $\textit{C. elegans}$ Neural Activity and Connectivity Data
work_dcd88e990cc33de5,2023.0,adjacent_relevant,,,Neural circuit regulation by identified modulatory projection neurons
work_dcf30967b3ef3766,2019.0,role_bridge,,,Neuroscience and education: Cerebral lateralization of networks and oscillations in dyslexia
work_dd4a631420d19510,2006.0,adjacent_relevant,DS09/DS10 mouse retina,,Synaptic connectivity in the midget‐parvocellular pathway of primate central retina
work_dd535adbc096d82f,2025.0,core_relevant,DS19 songbird,proofreading,The songbird basal ganglia connectome
work_dd660fdf69e31563,2022.0,core_relevant,DS01 C. elegans (White+),,Computational Inference of Synaptic Polarities in Neuronal Networks
work_dd76efe78afe7f10,2015.0,core_relevant,DS01 C. elegans (White+),graph_analysis,Flow-Based Network Analysis of the Caenorhabditis elegans Connectome
work_ddf7c8ffd5f4396b,2014.0,core_relevant,DS22 Platynereis,sectioning;acquisition;graph_analysis,Neuronal connectome of a sensory-motor circuit for visual navigation
work_ddf9e040f87db575,2012.0,adjacent_relevant,DS13 MICrONS,segmentation;infrastructure;graph_analysis,Computational Methods and Challenges for Large-Scale Circuit Mapping
work_de1e49d97a9a4436,2015.0,core_relevant,,acquisition;segmentation;proofreading,Efficient Semi-Automatic 3D Segmentation for Neuron Tracing in Electron Microscopy Images
work_de4d7cf37dfad297,2018.0,adjacent_relevant,DS13 MICrONS,preparation;sectioning;acquisition;graph_analysis,Multi-Beam Scanning Electron Microscopy for High-Throughput Imaging in Connectomics Research
work_de58c22dcfdaa6ef,2021.0,adjacent_relevant,,graph_analysis,Hierarchical timescales in the neocortex: Mathematical mechanism and biological insights
work_de68efd39b87d510,2020.0,adjacent_relevant,,infrastructure;graph_analysis,Geometric framework to predict structure from function in neural networks
work_de69d8974ed67b3a,2019.0,adjacent_relevant,,sectioning;acquisition;graph_analysis,Serial block face scanning electron microscopy in cell biology: Applications and technology.
work_de90f3f542a40fe0,2019.0,adjacent_relevant,,,Correlated states in balanced neuronal networks.
work_dea4521ee619918d,2021.0,core_relevant,,segmentation;proofreading;synapses;infrastructure,PyTorch Connectomics: A Scalable and Flexible Segmentation Framework for EM Connectomics
work_debbc351f815dcdc,2011.0,adjacent_relevant,,preparation;proofreading,Potential Synaptic Connectivity of Different Neurons onto Pyramidal Cells in a 3D Reconstruction of the Rat Hippocampus
work_defa2a69fe777671,2018.0,core_relevant,DS01 C. elegans (White+),sectioning;graph_analysis,Volumetric reconstruction of main Caenorhabditis elegans neuropil at two different time points
work_df04a73501872e4e,2023.0,adjacent_relevant,,infrastructure;modeling,The cellular architecture of memory modules in Drosophila supports stochastic input integration
work_df0e17331735c8e8,2023.0,role_bridge,,graph_analysis,ViMO - Visual Analysis of Neuronal Connectivity Motifs
work_df306d058308b052,2021.0,core_relevant,,sectioning;acquisition,Taste Bud Connectome: Implications for Taste Information Processing
work_df48e1069956b586,2024.0,core_relevant,,graph_analysis,Mapping of Multiple Neurotransmitter Receptor Subtypes and Distinct Protein Complexes to the Connectome
work_df634905a7230317,2021.0,adjacent_relevant,DS01 C. elegans (White+),graph_analysis,Symmetry-driven network reconstruction through pseudobalanced coloring optimization
work_dfec357d43d6ed5e,2020.0,role_bridge,,segmentation;infrastructure,Massive Data Management and Sharing Module for Connectome Reconstruction
work_e00a7fb6feedbf91,2016.0,adjacent_relevant,,infrastructure,A platform for brain-wide imaging and reconstruction of individual neurons
work_e00aa02a171f6969,2018.0,adjacent_relevant,,graph_analysis,The Nomenclature of Human White Matter Association Pathways: Proposal for a Systematic Taxonomic Anatomical Classification
work_e0129a80e8df81ba,2019.0,adjacent_relevant,,sectioning;acquisition,Serial-section electron microscopy using Automated Tape-Collecting Ultramicrotome (ATUM)
work_e0262b9bd70f1d77,2022.0,adjacent_relevant,,graph_analysis,In vivo extracellular recordings of thalamic and cortical visual responses reveal V1 connectivity rules
work_e0314a9ff9b02748,2023.0,adjacent_relevant,DS05 hemibrain,,Lineages to circuits: the developmental and evolutionary architecture of information channels into the central complex
work_e041f1f1b056645a,2023.0,core_relevant,,segmentation;proofreading;infrastructure,A Novel Semi-automated Proofreading and Mesh Error Detection Pipeline for Neuron Extension
work_e0545291b21b26cf,2021.0,adjacent_relevant,,,Local and long-distance organization of prefrontal cortex circuits in the marmoset brain
work_e0e81619d590d5f9,2015.0,adjacent_relevant,DS01 C. elegans (White+),modeling,Chimera-like States in Modular Neural Networks
work_e0e948e508cda1e4,2017.0,role_bridge,,segmentation;proofreading;infrastructure,Suggestive Annotation: A Deep Active Learning Framework for Biomedical Image Segmentation
work_e0fcd7be8bddea39,2025.0,adjacent_relevant,,preparation;infrastructure;graph_analysis;modeling,A dynamic bifurcation mechanism explains cortex-wide neural correlates of conscious access.
work_e143e75aec23746b,2025.0,adjacent_relevant,,proofreading;graph_analysis;modeling,Rethinking scale in network neuroscience: Contributions and opportunities at the nanoscale
work_e19cbdf063fc53c2,2026.0,adjacent_relevant,,infrastructure;graph_analysis,Biologically grounded on-chip model identifies selective topographic reorganization within hyperexcitable corticostriatal networks.
work_e1c8eaf7bf908172,2023.0,adjacent_relevant,DS01 C. elegans (White+),proofreading;graph_analysis,ElegansNet: a brief scientific report and initial experiments
work_e1dcb9a05897ad2e,2021.0,adjacent_relevant,,graph_analysis,Interpreting the Entire Connectivity of Individual Neurons in Micropatterned Neural Culture With an Integrated Connectome Analyzer of a Neur
work_e22e48c40029af5d,2026.0,core_relevant,,preparation;infrastructure;graph_analysis,Hidden symmetries in network connectivity support ring attractor dynamics in the fly’s neural compass
work_e2593bdd7b62aca2,2023.0,core_relevant,DS13 MICrONS,sectioning;acquisition;alignment;graph_analysis,msemalign: a pipeline for serial section multibeam scanning electron microscopy volume alignment
work_e2add1edf5ce4563,2020.0,core_relevant,DS01 C. elegans (White+),graph_analysis,Multilayer network analysis of C. elegans: Looking into the locomotory circuitry
work_e2ae1abc294095e6,2008.0,adjacent_relevant,,graph_analysis,From Structure to Function: Mapping the Connection Matrix of the Human Brain
work_e2c6961ec9c7fead,2024.0,adjacent_relevant,,,NPY-mediated synaptic plasticity in the extended amygdala prioritizes feeding during starvation
work_e2cb4f4ec9b85555,2010.0,role_bridge,,proofreading;infrastructure,V3D enables real-time 3D visualization and quantitative analysis of large-scale biological image data sets
work_e2cbde329dc5c463,2018.0,adjacent_relevant,,,A Review of Network Inference Techniques for Neural Activation Time Series
work_e2e885d60174dbaa,2025.0,adjacent_relevant,DS01 C. elegans (White+),preparation;infrastructure,"Sexual dimorphism in pheromone perception across worms, flies, and rodents."
work_e2f25ee5bf2bee47,2025.0,adjacent_relevant,DS07 VNC (FANC/MANC),proofreading,Comparative connectomics of Drosophila descending and ascending neurons
work_e2f8e06c9049f5f3,2020.0,role_bridge,,alignment;infrastructure;graph_analysis,"The natverse, a versatile toolbox for combining and analysing neuroanatomical data"
work_e30a6d4c2698e359,2018.0,role_bridge,,graph_analysis,A Disinhibitory Circuit Motif and Flexible Information Routing in the Brain
work_e31c5d57379f200a,2023.0,adjacent_relevant,DS01 C. elegans (White+);DS03 Drosophila larva,graph_analysis,The Intrinsic Similarity of Topological Structure in Biological Neural Networks
work_e323a05fc48f61c0,2020.0,core_relevant,DS07 VNC (FANC/MANC),sectioning;acquisition,Reconstruction of motor control circuits in adult Drosophila using automated transmission electron microscopy
work_e3277619bfed476c,2019.0,role_bridge,,,Mapping brain asymmetry in health and disease through the ENIGMA consortium
work_e38ae195f332be66,2023.0,core_relevant,DS13 MICrONS,sectioning,Mapping of Neuronal and Glial Primary Cilia Contactome and Connectome in the Human Cerebral Cortex
work_e38ce8eb753d5588,2016.0,core_relevant,,segmentation;infrastructure,FusionNet: A Deep Fully Residual Convolutional Neural Network for Image Segmentation in Connectomics
work_e3992b6f698e0c1a,2019.0,core_relevant,DS09/DS10 mouse retina,infrastructure,Pathoconnectome Analysis of Müller Cells in Early Retinal Remodeling
work_e3fe7b657f85f0ee,2020.0,core_relevant,,segmentation;proofreading;synapses;graph_analysis,Accelerated EM Connectome Reconstruction using 3D Visualization and Segmentation Graphs
work_e4159e66a30cf379,2016.0,core_relevant,DS01 C. elegans (White+),graph_analysis,"Vulnerability-Based Critical Neurons, Synapses, and Pathways in the Caenorhabditis elegans Connectome"
work_e4b57c3bbf92905b,2015.0,adjacent_relevant,,,Measuring macroscopic brain connections in vivo
work_e4bc57c6de51abe9,2021.0,adjacent_relevant,,,Altered synaptic connectivity and brain function in mice lacking microglial adapter protein Iba1
work_e4ccbb28296db5fd,2018.0,adjacent_relevant,,infrastructure;modeling,A Single-Cell Level and Connectome-Derived Computational Model of the Drosophila Brain
work_e4ddb9363ec5d96d,2021.0,role_bridge,DS03 Drosophila larva,infrastructure,A quick and versatile protocol for the 3D visualization of transgene expression across the whole body of larval Drosophila
work_e50b457cd2b8a4c8,2016.0,adjacent_relevant,,,Neural Elements for Predictive Coding
work_e537b8e00c039417,2020.0,adjacent_relevant,,preparation,Light microscopy based approach for mapping connectivity with molecular specificity
work_e55d932cde0c77af,2021.0,core_relevant,,,Connectomes across development reveal principles of brain maturation
work_e5648adb68d2b733,2017.0,adjacent_relevant,,,Multichannel activity propagation across an engineered axon network
work_e582425de06520de,2017.0,adjacent_relevant,,synapses,Exclusive functional subnetworks of intracortical projections neurons in primary visual cortex
work_e5e95009073d075b,2019.0,adjacent_relevant,DS01 C. elegans (White+);DS22 Platynereis,,Neuronal cell types in the annelid Platynereis dumerilii.
work_e637eb4dddea0bfc,2020.0,adjacent_relevant,,,Rapid mesoscale volumetric imaging of neural activity with synaptic resolution
work_e658e86f777c36d3,2024.0,core_relevant,,modeling,Connectome-constrained networks predict neural activity across the fly visual system
work_e68322887b81111b,2021.0,core_relevant,,graph_analysis,Sparse imaging and reconstruction tomography for high-speed high-resolution whole-brain imaging
work_e69d67566d2e09de,2018.0,adjacent_relevant,,preparation;modeling,A Proposed Mechanism for Spontaneous Transitions between Interictal and Ictal Activity
work_e6ba1120353d949e,2018.0,role_bridge,DS09/DS10 mouse retina,proofreading;infrastructure;graph_analysis,Tracing in 2D to Reduce the Annotation Effort for 3D Deep Delineation
work_e6d146b81f25027a,2026.0,adjacent_relevant,DS15 zebrafish,,Cross-species evidence for a developmental origin of adult hypersomnia with loss of synaptic adhesion molecules beat-Ia/CADM2
work_e6d2fbd781fb7769,2020.0,adjacent_relevant,,segmentation,Excitatory and inhibitory L2/3 neurons in mouse primary visual cortex are balanced in their input connectivity
work_e70f6ec0a66ccab2,2017.0,core_relevant,DS01 C. elegans (White+),graph_analysis,Connectomics of extrasynaptic signalling: applications to the nervous system of Caenorhabditis elegans
work_e72522d83aedc294,2014.0,role_bridge,,infrastructure,From cosmos to connectomes: the evolution of data-intensive science.
work_e7614371d25495f7,2019.0,role_bridge,,graph_analysis,Connectomics and Molecular Imaging in Neurodegeneration
work_e7676ec5b393ef86,2020.0,core_relevant,,acquisition;segmentation;modeling,Sparse Scanning Electron Microscopy Data Acquisition and Deep Neural Networks for Automated Segmentation in Connectomics
work_e76e6d50da9f6a6c,2025.0,core_relevant,DS03 Drosophila larva,graph_analysis,A complex network-based approach to detect and investigate connectome motifs in the larval Drosophila
work_e7abca7932ba3522,2013.0,adjacent_relevant,,sectioning;acquisition,In-vivo single neuron axotomy triggers axon regeneration to restore synaptic density in specific cortical circuits
work_e7c74c02d0c73cf1,2016.0,adjacent_relevant,,,Connectomics at cellular precision
work_e7eced2fd69b5614,2025.0,core_relevant,DS13 MICrONS,infrastructure,A connectomics-driven analysis reveals novel characterization of border regions in mouse visual cortex
work_e8008cd9a116e028,2022.0,core_relevant,,graph_analysis,A set of hub neurons and non-local connectivity features support global brain dynamics in C. elegans.
work_e800b66bb72f8f5f,2018.0,adjacent_relevant,,graph_analysis,Cellular switches orchestrate rhythmic circuits
work_e8031a18fbb0ced6,2011.0,role_bridge,DS15 zebrafish,graph_analysis,Spatial gradients and multidimensional dynamics in a neural integrator circuit
work_e8314ab1e0afa564,2020.0,adjacent_relevant,,graph_analysis;modeling,Learning the architectural features that predict functional similarity of neural networks
work_e839761dc3958429,2019.0,role_bridge,,infrastructure,Cognitive and non-cognitive outcomes associated with student engagement in a novel brain mapping and connectomics course-based undergraduate
work_e83e978ac3897c2f,2026.0,core_relevant,,infrastructure;graph_analysis,NTAC: Neuronal type assignment from connectivity
work_e84e63b37ea89c53,2022.0,core_relevant,DS15 zebrafish,segmentation;proofreading;synapses;infrastructure,"RealNeuralNetworks.jl: An Integrated Julia Package for Skeletonization, Morphological Analysis, and Synaptic Connectivity Analysis of Teraby"
work_e84ef641502e9841,2018.0,core_relevant,,segmentation,Robust neural circuit reconstruction from serial electron microscopy with convolutional recurrent networks
work_e88643373ef8c2b8,2017.0,role_bridge,,infrastructure,UpSetR: an R package for the visualization of intersecting sets and their properties
work_e8901c84d913a8ca,2025.0,core_relevant,,,Infrequent strong connections constrain connectomic predictions of neuronal function
work_e8cebe37a51009b5,2021.0,adjacent_relevant,,,Establishment and Maintenance of Neural Circuit Architecture
work_e8d35ac175deabda,2026.0,adjacent_relevant,,,Flexible circuits for visually guided flight control in Drosophila.
work_e8e5867174466a8b,2023.0,core_relevant,,sectioning;acquisition,Thickness Estimation of Biological Tissue Sections from Structural Deformation
work_e906fb28bca81676,2022.0,core_relevant,,,Mating-driven variability in olfactory local interneuron wiring
work_e91f8fec13f96681,2019.0,core_relevant,,,Fluorescence-Based Quantitative Synapse Analysis for Cell Type-Specific Connectomics
work_e92887424b019d71,2021.0,core_relevant,DS13 MICrONS,,Denoising-based Image Compression for Connectomics
work_e92f9c9a00060515,2017.0,adjacent_relevant,,graph_analysis,Cortical Circuits from Scratch: A Metaplastic Architecture for the Emergence of Lognormal Firing Rates and Realistic Topology
work_e967f552dce67b5b,2011.0,core_relevant,,sectioning;acquisition;segmentation;proofreading,Automated Detection and Segmentation of Synaptic Contacts in Nearly Isotropic Serial Electron Microscopy Images
work_e9d8ca26efe55228,2024.0,role_bridge,,graph_analysis,A recurrent neural circuit in Drosophila temporally sharpens visual inputs
work_ea0df73c9f835456,2013.0,adjacent_relevant,,,Courtship behavior in Drosophila melanogaster: towards a ‘courtship connectome’
work_ea2cf10c91de2f4e,2021.0,adjacent_relevant,DS01 C. elegans (White+),graph_analysis,Goodness of fit for log-linear ERGMs
work_ea8522586569e367,2017.0,adjacent_relevant,,graph_analysis,A connectomic approach to the lateral geniculate nucleus
work_eabf2ea20ba6564c,2004.0,adjacent_relevant,DS09/DS10 mouse retina,preparation,Synaptic connectivity of the diffuse bipolar cell type DB6 in the inner plexiform layer of primate retina
work_eada8ed09ddd9307,2018.0,adjacent_relevant,DS15 zebrafish,graph_analysis,Methods for Mapping Neuronal Activity to Synaptic Connectivity: Lessons From Larval Zebrafish
work_eb7a08eefe6aa87f,2015.0,adjacent_relevant,,infrastructure,An algorithm to predict the connectome of neural microcircuits
work_eb8b627996721a7c,2015.0,adjacent_relevant,,infrastructure,Neuroinformatics of the Allen Mouse Brain Connectivity Atlas.
work_eb960daf190dabc6,2019.0,role_bridge,,graph_analysis,Inhibiting mGluR5 activity by AFQ056/Mavoglurant rescues circuit‐specific functional connectivity in Fmr1 knockout mice
work_ec0d16c2c9384c0f,2016.0,core_relevant,,sectioning;acquisition;synapses;graph_analysis,Patterns and distribution of presynaptic and postsynaptic elements within serial electron microscopic reconstructions of neuronal arbors fro
work_ec203e98203cd559,2025.0,role_bridge,,,Olfactory Testing and Gray Matter Volume: A Combined Approach to Predict the Conversion to Alzheimer
work_ec28dff4b068dacf,2023.0,adjacent_relevant,DS01 C. elegans (White+),graph_analysis;modeling,Self-Organized Criticality in C. Elegans Neural Network
work_ecc5f261115a2fe0,2021.0,adjacent_relevant,,proofreading;infrastructure;graph_analysis;modeling,Architectures of Neuronal Circuits
work_eccb631270c7418f,2014.0,core_relevant,,segmentation;proofreading,Focused Proofreading: Efficiently Extracting Connectomes from Segmented EM Images
work_ed1105fea494cf4f,2024.0,adjacent_relevant,,graph_analysis,Where Top-Down Meets Bottom-Up: Cell-Type Specific Connectivity Map of the Whisker System
work_ed43e8259dc6cab9,2019.0,core_relevant,DS07 VNC (FANC/MANC),preparation;sectioning;acquisition;segmentation;synapses,En bloc preparation of Drosophila brains enables high-throughput FIB-SEM connectomics
work_ed758019e16d0616,2025.0,role_bridge,,infrastructure,AI-driven Large-scale Electron Microscopy enables Whole-tissue Subcellular Digitization
work_ee2750c4719d6ebb,2025.0,adjacent_relevant,DS13 MICrONS,graph_analysis;modeling,"Assemblies, synapse clustering, and network topology interact with plasticity to explain structure-function relationships of the cortical co"
work_ee4535711d4eeb37,2016.0,core_relevant,,segmentation;proofreading;synapses,Fully-Automatic Synapse Prediction and Validation on a Large Data Set
work_ee57126ff2ea8212,2016.0,role_bridge,,segmentation;proofreading,3D U-Net: Learning Dense Volumetric Segmentation from Sparse Annotation
work_ee5b7f908c56d881,2021.0,core_relevant,,proofreading;graph_analysis,Functional connectomics spanning multiple areas of mouse visual cortex
work_ee63135ebdac98b8,2022.0,adjacent_relevant,DS03 Drosophila larva,,Rewarding Capacity of Optogenetically Activating a Giant GABAergic Central-Brain Interneuron in Larval Drosophila
work_eeb0c8d7348a2bd4,2025.0,adjacent_relevant,,,Contribution of neurons that express fruitless and Clock transcription factors to behavioral rhythms and courtship
work_eef15d36f4fa729e,2025.0,adjacent_relevant,DS13 MICrONS,proofreading;infrastructure;graph_analysis,Synaptic MEMOIR: mapping individual synapses of neurons with protein barcodes
work_ef1b30a572169947,2019.0,adjacent_relevant,,infrastructure,Hierarchies & Lower Bounds in Theoretical Connectomics
work_ef2fffba97b01cff,2005.0,adjacent_relevant,,infrastructure,Neurogeometry and potential synaptic connectivity.
work_efc0158084170b5d,2026.0,role_bridge,,preparation;segmentation;graph_analysis,Digging Deep into Alzheimer Disease: How Electron Microscopy Helps Elucidating Its Pathogenesis
work_f0100b9066a02655,2022.0,adjacent_relevant,,infrastructure;graph_analysis,NeuronBridge: an intuitive web application for neuronal morphology search across large data sets
work_f0209d7bdfe6efad,2015.0,core_relevant,,sectioning;segmentation,A resource from 3D electron microscopy of hippocampal neuropil for user training and tool development
work_f042760cc79f80e4,2022.0,role_bridge,,preparation;acquisition;segmentation;proofreading,How innovations in methodology offer new prospects for volume electron microscopy
work_f0439b44f01e4c2f,2025.0,core_relevant,,segmentation;proofreading;infrastructure;graph_analysis,"Using BossDB Tools to Access, Visualize, and Share Volumetric Neuroscience Data"
work_f071283c3295aa52,2020.0,core_relevant,DS13 MICrONS,preparation,Permeabilization-free en bloc immunohistochemistry for correlative microscopy
work_f0afa8050fa1b3ad,2020.0,adjacent_relevant,,,Analysis of Synaptic Microcircuits in the Mushroom Bodies of the Honeybee
work_f0db5f459abbc488,2024.0,adjacent_relevant,DS01 C. elegans (White+),graph_analysis,Implementing engrams from a machine learning perspective: XOR as a basic motif
work_f0f189f0d384e1f8,2017.0,role_bridge,,preparation,Nanoscale imaging of clinical specimens using pathology-optimized expansion microscopy
work_f104e8c98ee2c0bf,2022.0,core_relevant,DS21 octopus,sectioning;acquisition;graph_analysis,Connectomics of the Octopus vulgaris vertical lobe provides insight into conserved and novel principles of a memory acquisition network
work_f144bf9a5935462c,2017.0,adjacent_relevant,,graph_analysis,Micro-connectomics: probing the organization of neuronal networks at the cellular scale
work_f19f3a96e8b3ed79,2026.0,adjacent_relevant,,,Imprecision in Vision: Lessons From Neural Circuits in the Fly
work_f1ac0655f883a197,2025.0,role_bridge,DS05 hemibrain,graph_analysis,The Oviposition Inhibitory Neuron is a Potential Hub of Multi-Circuit Integration in the Drosophila Brain
work_f1adda98b958f981,2026.0,adjacent_relevant,DS01 C. elegans (White+);DS03 Drosophila larva,infrastructure;graph_analysis,Coherent-resonant netting: disorder-enhanced selectivity from transient wave-like dynamics on biological connectomes
work_f1b0eaa20441d8c2,2023.0,adjacent_relevant,DS03 Drosophila larva,acquisition,Learning and memory using Drosophila melanogaster: a focus on advances made in the fifth decade of research
work_f1b81ab0f201501a,2025.0,core_relevant,,,Temporal and Notch identity determine layer targeting and synapse location of medulla neurons
work_f1ed26fe9610f418,2019.0,adjacent_relevant,,preparation;infrastructure,A blueprint of mammalian cortical connectomes
work_f1fc09a6b364de70,2015.0,adjacent_relevant,DS01 C. elegans (White+),,Dynamic range in the C. elegans brain network.
work_f2285f79d8778ed4,2020.0,adjacent_relevant,,acquisition;infrastructure,A simple method defines 3D morphology and axon projections of filled neurons in a small CNS volume: steps toward understanding functional ne
work_f25bf69244ee74b4,2026.0,role_bridge,DS01 C. elegans (White+),sectioning;infrastructure,RAEM: random-access electron microscopy for revisitable 3D imaging
work_f27f20d5a5121194,2011.0,adjacent_relevant,DS11 Kasthuri neocortex,,Q&A: What is the Open Connectome Project?
work_f29d7babf92878d9,2023.0,adjacent_relevant,,,Neural circuit mechanisms for transforming learned olfactory valences into wind-oriented movement
work_f2cb9330c22ec6c6,2019.0,role_bridge,,segmentation,Regularize Network Skip Connections by Gating Mechanisms for Electron Microscopy Image Segmentation
work_f30031f2d37b416e,2021.0,adjacent_relevant,,,"Multi-scale light microscopy/electron microscopy neuronal imaging from brain to synapse with a tissue clearing method, ScaleSF"
work_f309e0f9912def93,2025.0,adjacent_relevant,DS09/DS10 mouse retina,graph_analysis,The mysterious middlemen making your vision pop: understanding the function of amacrine cells
work_f32b6d4440c563fd,2023.0,adjacent_relevant,,,Brain Structure and Function: Insights from Chemical Neuroanatomy
work_f3534e571d79cff0,2014.0,adjacent_relevant,,infrastructure;graph_analysis,Self-organization of microcircuits in networks of neurons with plastic synapses
work_f38f15c57decbf30,2023.0,core_relevant,,sectioning;alignment;segmentation,Advancing Connectomics: High-Precision Neural Structure Segmentation Using U-Net-Based Model
work_f3948a51a59eef0c,2025.0,core_relevant,DS01 C. elegans (White+),,Symmetries and synchronization from whole-neural activity in the Caenorhabditis elegans connectome: Integration of functional and structural
work_f3bf613c4a35bd2f,2019.0,adjacent_relevant,,,Modular transcriptional programs separately define axon and dendrite connectivity
work_f3f6007060acf515,2002.0,adjacent_relevant,,,Specificity of cortical synaptic connectivity: Emphasis on perspectives gained from quantitative electron microscopy
work_f4089e71d372f0e5,2022.0,core_relevant,DS14 H01 human cortex,,Connectomic comparison of mouse and human cortex
work_f408a5a1c2e5bc4d,2023.0,adjacent_relevant,DS01 C. elegans (White+),,"Network inference from short, noisy, low time-resolution, partial measurements: Application to C. elegans neuronal calcium dynamics"
work_f41440be2c331b9e,2023.0,core_relevant,,proofreading;infrastructure;graph_analysis,Joint Learning Neuronal Skeleton and Brain Circuit Topology with Permutation Invariant Encoders for Neuron Classification
work_f424282892c8a07c,2020.0,adjacent_relevant,DS15 zebrafish,graph_analysis,High-throughput cellular-resolution synaptic connectivity mapping in vivo with concurrent two-photon optogenetics and volumetric Ca2+ imagin
work_f42de55cd8a25f9f,2026.0,core_relevant,,infrastructure,Connectome-seq: high-throughput mapping of neuronal connectivity at single-synapse resolution via barcode sequencing.
work_f4817c11c2011073,2024.0,adjacent_relevant,DS01 C. elegans (White+),graph_analysis,Molecular patterns of evolutionary changes throughout the whole nervous system of multiple nematode species
work_f4bec50e6c6ea50f,2011.0,adjacent_relevant,,graph_analysis,Optimizing the Quantity/Quality Trade-Off in Connectome Inference
work_f4eab2ff424ba24f,2004.0,core_relevant,DS01 C. elegans (White+),graph_analysis,Search for computational modules in the C. elegans brain
work_f4edb80932b50e64,2017.0,adjacent_relevant,,proofreading;graph_analysis,Using high-throughput barcode sequencing to efficiently map connectomes
work_f4f91c156929709a,2015.0,adjacent_relevant,,,Glial Regulation of the Neuronal Connectome through Local and Long-Distant Communication
work_f51a122abe38a644,2021.0,core_relevant,,alignment;proofreading,An effective AI integrated system for neuron tracing on anisotropic electron microscopy volume
work_f51ccaa326e0c171,2023.0,core_relevant,,synapses,Stimulus-Specific Modulation is Enabled by Differential Serotonin Receptor Expression
work_f547350e8b5ab482,2025.0,core_relevant,,synapses;infrastructure,Hunger Recruits a Parallel Circuit Encoding Alcohol Reward
work_f564e747dd483712,2021.0,adjacent_relevant,DS13 MICrONS,preparation;graph_analysis,Multimodal Magnetic Resonance Histology and Light Sheet Imaging for Quantitative Neurogenetics of the Mouse
work_f568e1792e2e09e3,2002.0,adjacent_relevant,,,Regulation of Synaptic Connectivity: Levels of Fasciclin II Influence Synaptic Growth in the Drosophila CNS
work_f56a7ec87aa3e03a,2018.0,core_relevant,,sectioning;segmentation;proofreading,VAST (Volume Annotation and Segmentation Tool): Efficient Manual and Semi-Automatic Labeling of Large 3D Image Stacks
work_f5d846d2c23df26f,2018.0,adjacent_relevant,,segmentation,"Deficit of corpus callosum axons, reduced axon diameter and decreased area are markers of abnormal development of interhemispheric connectio"
work_f5fd3ba3b38fed1d,2025.0,core_relevant,,segmentation;proofreading;graph_analysis,NEURD offers automated proofreading and feature extraction for connectomics
work_f61a827d3dfb1b1f,2010.0,adjacent_relevant,,proofreading;graph_analysis,Transgenic targeting of recombinant rabies virus reveals monosynaptic connectivity of specific neurons
work_f6317afac7cb4ae0,2020.0,core_relevant,DS09/DS10 mouse retina,,Connectomic analysis reveals an interneuron with an integral role in the retinal circuit for night vision
work_f6974b7e8ee475f8,2021.0,adjacent_relevant,DS01 C. elegans (White+);DS03 Drosophila larva,,The Drosophila Larval Locomotor Circuit Provides a Model to Understand Neural Circuit Development and Function
work_f6a724d5a8e21371,2024.0,adjacent_relevant,,acquisition,Do Perineuronal Nets Stabilize the Engram of a Synaptic Circuit?
work_f6d37f1af73ffaef,2018.0,adjacent_relevant,DS01 C. elegans (White+),,Clues to basis of exploratory behaviour of the C. elegans snout from head somatotropy
work_f6d59143f867369b,2013.0,core_relevant,DS09/DS10 mouse retina,acquisition;proofreading;graph_analysis,ON Cone Bipolar Cell Axonal Synapses in the OFF Inner Plexiform Layer of the Rabbit Retina
work_f6ea4c18473a14ac,2014.0,adjacent_relevant,,graph_analysis,Graph Matching: Relax at Your Own Risk
work_f7220e9a3d6d1732,2026.0,core_relevant,,acquisition;alignment;infrastructure;graph_analysis,FEABAS: A Stitching and Alignment Tool for Serial EM Data
work_f7a38202b00ec79c,2017.0,adjacent_relevant,,segmentation;infrastructure;graph_analysis,Graffinity: Visualizing Connectivity in Large Graphs
work_f7bc1bc6224c75c6,2026.0,core_relevant,DS15 zebrafish,sectioning;acquisition;proofreading;graph_analysis,Deep anatomical and ultrastructural classification of neurons in the zebrafish olfactory bulb
work_f7cf39ff629c4544,2013.0,adjacent_relevant,DS09/DS10 mouse retina,proofreading;graph_analysis,"Retinal Connectomics: Towards Complete, Accurate Networks"
work_f7d82000e0d7fff7,2020.0,adjacent_relevant,,graph_analysis;modeling,Neuro-PC: Causal Functional Connectivity from Neural Dynamics
work_f7de2c7e522ececa,2020.0,adjacent_relevant,,,Synapse type-specific proteomic dissection identifies IgSF8 as a hippocampal CA3 microcircuit organizer
work_f7ecc587c80f537e,2021.0,adjacent_relevant,DS03 Drosophila larva,graph_analysis;modeling,Leveraging semantically similar queries for ranking via combining representations
work_f82bf71973d40a91,2020.0,core_relevant,,synapses,"Comparative Connectomics Reveals How Partner Identity, Location, and Activity Specify Synaptic Connectivity in Drosophila"
work_f860e169d115e52a,2025.0,core_relevant,,graph_analysis,Connectivity Is All You Need: Inferring Neuronal Types with NTAC
work_f89235b38a4cc138,2025.0,adjacent_relevant,DS13 MICrONS,sectioning;acquisition;alignment;segmentation;proofreading;infrastructure;graph_analysis,"Volume Electron Microscopy: Imaging Principles, Computational Advances and Applications in Multi-Scale Biological System"
work_f8b43696a85f2146,2024.0,core_relevant,DS13 MICrONS,,Perisomatic Features Enable Efficient and Dataset Wide Cell-Type Classifications Across Large-Scale Electron Microscopy Volumes
work_f8eabb08474bb993,2018.0,adjacent_relevant,,segmentation;infrastructure,CDeep3M - Plug-and-Play cloud based deep learning for image segmentation
work_f8ee6d98ba276767,2007.0,adjacent_relevant,,proofreading;infrastructure;modeling,"Online retrieval, processing, and visualization of primate connectivity data from the CoCoMac Database"
work_f9058445fb301eac,2021.0,core_relevant,,,Integration of signals from different cortical areas in higher order thalamic neurons
work_f92a699ce1155d96,2026.0,adjacent_relevant,,proofreading;infrastructure;graph_analysis,The Cerebellar Connectome
work_f93e1f7592159c1e,2023.0,core_relevant,,preparation;sectioning;infrastructure,A Scalable Staining Strategy for Whole-Brain Connectomics
work_f957eea0477c4e04,2024.0,core_relevant,DS07 VNC (FANC/MANC),,Connectomic reconstruction of a female Drosophila ventral nerve cord
work_f96071f9be4b7008,2024.0,adjacent_relevant,DS01 C. elegans (White+),graph_analysis,Neuropeptide signaling network of Caenorhabditis elegans: from structure to behavior
work_f960fec2204ccebe,2025.0,core_relevant,,sectioning;graph_analysis,Sparse Graph Reconstruction and Seriation for Large-Scale Image Stacks
work_f9b44f50d727179b,2023.0,core_relevant,DS09/DS10 mouse retina,graph_analysis,Comparative connectomics reveals noncanonical wiring for color vision in human foveal retina
work_f9c28870a0787e53,2017.0,adjacent_relevant,,modeling,Simulating extracted connectomes
work_f9c6ae5203a2fdaf,2021.0,adjacent_relevant,,graph_analysis,Frozen algorithms: how the brain's wiring facilitates learning
work_f9ddb73f32d51989,2023.0,core_relevant,,synapses;infrastructure,Identifying determinants of synaptic specificity by integrating connectomes and transcriptomes
work_f9de684616d77e52,2019.0,adjacent_relevant,,,Multimodal cell type correspondence by intersectional mFISH in intact tissues
work_fa051e7c13eddea6,2014.0,core_relevant,,infrastructure,The micron-scale structural organization of hippocampal area CA1 neuropil
work_fa17b5d996649a23,2025.0,core_relevant,DS01 C. elegans (White+),graph_analysis,An entropic measure of diverse specialization highlights multifunctional neurons in annotated connectomes
work_fa80aaa0decb21f5,2020.0,adjacent_relevant,,preparation;graph_analysis;modeling,Correcting a nonparametric two-sample graph hypothesis test for graphs with different numbers of vertices with applications to connectomics
work_fac9c19041b2d700,2022.0,role_bridge,,infrastructure,A Personalized Longitudinal Strategy in Low-Grade Glioma Patients: Predicting Oncological and Neural Interindividual Variability and Its Cha
work_facd830890c864ef,2019.0,core_relevant,,proofreading,TeraVR empowers precise reconstruction of complete 3-D neuronal morphology in the whole brain
work_fad6bcb8cc06156d,2026.0,role_bridge,,infrastructure,Signaling Connectomics: A Brain-wide Framework for Intercellular Communication
work_faedde5590381df4,2026.0,core_relevant,DS15 zebrafish,alignment;segmentation;infrastructure;graph_analysis,A Transformer-based Framework for Large-Scale EM Segmentation Stitching
work_fafef48ad68a0f38,2023.0,adjacent_relevant,,modeling,Connectome-constrained deep mechanistic networks predict neural responses across the fly visual system at single-neuron resolution
work_fb24e2e7796cd54c,2019.0,core_relevant,,sectioning;alignment;proofreading,Skeleton-based image registration of serial electron microscopy sections
work_fb288126909ecad7,2018.0,adjacent_relevant,,,Mitochondria at the neuronal presynapse in health and disease
work_fb45709dc6d705c9,2018.0,adjacent_relevant,DS01 C. elegans (White+),graph_analysis,The importance of the whole: Topological data analysis for the network neuroscientist
work_fb4bc9a9581bb231,2018.0,adjacent_relevant,,acquisition;graph_analysis,Whole Mouse Brain Structural Connectomics using Magnetic Resonance Histology
work_fb8e3c22cffe2204,2019.0,adjacent_relevant,DS01 C. elegans (White+),infrastructure;modeling,"Modular integration of neural connectomics, dynamics and biomechanics for identification of behavioral sensorimotor pathways in Caenorhabdit"
work_fb8fe1ff9bb623ea,2020.0,adjacent_relevant,,proofreading,"BAcTrace, a tool for retrograde tracing of neuronal circuits in Drosophila"
work_fbae4e123c64163d,2017.0,adjacent_relevant,,acquisition;graph_analysis,Single- and Multiple-Shell Uniform Sampling Schemes for Diffusion MRI Using Spherical Codes
work_fbb0bef8a2519be4,2012.0,adjacent_relevant,,infrastructure;graph_analysis;modeling,An open architecture for the massively parallel emulation of the Drosophila brain on multiple GPUs
work_fbbefa269e5d69ec,2017.0,core_relevant,DS19 songbird,preparation;sectioning,EM connectomics reveals axonal target variation in a sequence-generating network
work_fbe2b89bf67be127,2023.0,core_relevant,DS06 FlyWire,,Connectomic reconstruction predicts the functional organization of visual inputs to the navigation center of the Drosophila brain
work_fbf91a06dcaae45b,2024.0,core_relevant,,preparation;graph_analysis,Inferring community architectures of multisensory pathways in Drosophila via unsupervised network embedding
work_fc1d8eba5a9fa0f2,2016.0,core_relevant,,segmentation,Rapid and Semi-Automated Extraction of Neuronal Cell Bodies and Nuclei from Electron Microscopy Image Stacks
work_fc2482a7f46c841c,2022.0,core_relevant,,segmentation;proofreading;graph_analysis,Semi-Supervised Neuron Segmentation via Reinforced Consistency Learning
work_fc4395dbd3ff1652,2022.0,adjacent_relevant,,,Networking of the Human Cerebellum: From Anatomo-Functional Development to Neurosurgical Implications
work_fc5029f7b2497692,2006.0,core_relevant,DS01 C. elegans (White+),,Gene Expression of Caenorhabditis elegans Neurons Carries Information on Their Synaptic Connectivity
work_fc7814746d37de43,2021.0,core_relevant,DS01 C. elegans (White+),preparation;infrastructure,A multiscale brain map derived from whole-brain volumetric reconstructions
work_fc893d85a8e35b6b,2014.0,core_relevant,,sectioning;acquisition,Post-acquisition image based compensation for thickness variation in microscopy section series
work_fc8b4c576ab75783,2018.0,adjacent_relevant,,,Molecular Architecture of the Mouse Nervous System
work_fc95ff3ab16691ff,2026.0,adjacent_relevant,,alignment,Experimental quality control induces changes in Allen mouse brain connectomes
work_fcb59c7f09a5ff4c,2023.0,core_relevant,DS09/DS10 mouse retina,sectioning;acquisition,Ultrastructure of Synaptic Connectivity within Subregions of the Suprachiasmatic Nucleus Revealed by a Genetically Encoded Tag and Serial Bl
work_fcbe6f1bc002cc56,2023.0,adjacent_relevant,,,Modulation of aversive value coding in the vertebrate and invertebrate brain.
work_fcde997651aa75de,2024.0,adjacent_relevant,,preparation;segmentation,Automated Specimen Preparation for Electron Microscopy
work_fcea4967fb2a807b,2017.0,adjacent_relevant,,,Sparse synaptic connectivity is required for decorrelation and pattern separation in feedforward networks
work_fd6353a8d1e9547e,2005.0,adjacent_relevant,,proofreading,Highly Nonrandom Features of Synaptic Connectivity in Local Cortical Circuits
work_fd6f2aa9a63d2293,2022.0,core_relevant,,segmentation;infrastructure;graph_analysis,Joint reconstruction of neuron and ultrastructure via connectivity consensus in electron microscope volumes
work_fd78e90e878648d1,2018.0,core_relevant,,,The effects of aging on neuropil structure in mouse somatosensory cortex—A 3D electron microscopy analysis of layer 1
work_fd85858fb226a2fb,2013.0,core_relevant,,segmentation;proofreading;infrastructure;graph_analysis,Mojo 2.0: Connectome Annotation Tool
work_fde970338418a1c7,2025.0,adjacent_relevant,,sectioning;acquisition;segmentation;proofreading;graph_analysis,Transfer learning improves performance in volumetric electron microscopy organelle segmentation across tissues
work_fe1fce3dcfc08199,2025.0,adjacent_relevant,DS19 songbird,proofreading;synapses;graph_analysis,Synaptic connectivity of sensorimotor circuits for vocal imitation in the songbird
work_fe3d0d3e10ff2dc4,2026.0,adjacent_relevant,DS01 C. elegans (White+),graph_analysis,The Whale That Outswam Evolution: Swarm Intelligence Maximises Memory in Connectome Reservoirs
work_fe499165039bbf2f,2020.0,core_relevant,,segmentation;proofreading;infrastructure;graph_analysis,"Leveraging Tools from Autonomous Navigation for Rapid, Robust Neuron Connectivity"
work_fe49e59ae535ce32,2010.0,adjacent_relevant,DS01 C. elegans (White+),,Developmental control of lateralized neuron size in the nematode Caenorhabditis elegans
work_fe4fbe0b28a2fe59,2023.0,role_bridge,,,Virtual Fly Brain—An interactive atlas of the Drosophila nervous system
work_fe515cb1dd582648,2025.0,core_relevant,,sectioning;acquisition,Recurrent connectivity supports carbon dioxide sensitivity in Aedes aegypti mosquitoes
work_fe96a7e42abafd4b,2011.0,adjacent_relevant,,,"Dense, Unspecific Connectivity of Neocortical Parvalbumin-Positive Interneurons: A Canonical Microcircuit for Inhibition?"
work_fe975f52ca253f7e,2016.0,core_relevant,DS01 C. elegans (White+),graph_analysis,The Multilayer Connectome of Caenorhabditis elegans
work_fee3a782a01f757d,2022.0,adjacent_relevant,DS03 Drosophila larva,sectioning;acquisition;synapses,Electrophysiological Validation of Monosynaptic Connectivity between Premotor Interneurons and the aCC Motoneuron in the Drosophila Larval C
work_fefe636e68acdb8a,2018.0,adjacent_relevant,DS01 C. elegans (White+),,Plasticity of the electrical connectome of C. elegans
work_ff1a59ad465469d2,2017.0,core_relevant,DS03 Drosophila larva,preparation;graph_analysis,Semiparametric spectral modeling of the Drosophila connectome
work_ff2e9f919f0cbaff,2023.0,core_relevant,DS01 C. elegans (White+);DS15 zebrafish,graph_analysis,Cyclic structure with cellular precision in a vertebrate sensorimotor neural circuit
work_ff5e6de5b0fc322e,2026.0,adjacent_relevant,DS13 MICrONS,preparation,Drosophila core circadian clock neurons peptidergically regulate activity of insulin-producing cells
work_ff6ced605a46204e,2015.0,adjacent_relevant,,segmentation;graph_analysis,Modeling brain circuitry over a wide range of scales
work_ff7b8e3b7dee18f2,2020.0,adjacent_relevant,,infrastructure,Drosophila Brain Functional Data Analysis: A Unified Framework
work_ffa35f4fc20ab175,2026.0,adjacent_relevant,,preparation;alignment;graph_analysis,Hierarchical X-ray microscopy and mesoscopic diffusion MRI in the same brain reveal the human connectome across scales
work_ffab4a04f3882e28,2021.0,adjacent_relevant,,infrastructure;modeling,Model simulations unveil the structure-function-dynamics relationship of the cerebellar cortical microcircuit
work_ffcaf70a49cba62b,2019.0,adjacent_relevant,DS03 Drosophila larva,,Connectomics and function of a memory network: the mushroom body of larval Drosophila.
work_ffd02d540e3fbbee,2025.0,adjacent_relevant,,modeling,Multi-output computation by single neuron biophysics in a visual system
work_39c260e37ed45039,1986.0,core_relevant,DS01 C. elegans (White+),sectioning;graph_analysis,The structure of the nervous system of the nematode Caenorhabditis elegans
work_21c10d8f3b695a0c,2004.0,core_relevant,,preparation;sectioning;acquisition,Serial Block-Face Scanning Electron Microscopy to Reconstruct Three-Dimensional Tissue Nanostructure
work_ab4936e9fe95de49,2015.0,core_relevant,DS11 Kasthuri neocortex,proofreading;infrastructure,Saturated Reconstruction of a Volume of Neocortex
work_5c2378945eccb27f,2013.0,core_relevant,DS09/DS10 mouse retina,sectioning;acquisition;segmentation;proofreading;graph_analysis,Connectomic reconstruction of the inner plexiform layer in the mouse retina
work_3cf844f488b27a48,2011.0,core_relevant,DS09/DS10 mouse retina,sectioning;acquisition,Wiring specificity in the direction-selectivity circuit of the retina
work_7b437ce3ba4d27c5,2017.0,core_relevant,DS19 songbird,sectioning;segmentation;proofreading,High-precision automated reconstruction of neurons with flood-filling networks
work_cf9199d8b0ccf668,2011.0,core_relevant,,preparation;acquisition;proofreading;graph_analysis,High-accuracy neurite reconstruction for high-throughput neuroanatomy
work_a83752a657d4ec4e,2014.0,core_relevant,DS09/DS10 mouse retina,proofreading,Space-time wiring specificity supports direction selectivity in the retina
