work_id,year,title,doi,on_topic,pipeline_stages,organisms,time_bin,time_role,in_degree,out_degree,cites,year_cites_percentile,k_core,decade_k_core,static_pagerank_pct,temporal_pagerank_pct,history_milestone,contemporary,sota_proving,sota_plus_history,why
work_001454df91336514,1995,Role of neural activity during synaptogenesis in Drosophila,10.1523/jneurosci.15-12-08177.1995,yes,,fly,pre-2005,history,1,0,91,38,1,0,58,0,,,,,history_below_bar
work_001c0f01391e19c4,2020,Estimation of the number of synapses in the hippocampus and brain-wide by volume electron micro…,10.1038/s41598-020-70859-5,yes,sectioning;acquisition,,2020,contemporary,1,1,53,81,2,1,58,48,,yes,,yes,contemporary_keep
work_00c9ebcec8853471,2026,Physical contact reveals a hidden layer of cortical architecture,10.64898/2026.05.08.723866,yes,synapses;graph_analysis,mouse,2026,sota,0,0,0,35,0,0,25,61,,,,,unproven_2026_low_out
work_00d72fd3c4223cd5,2026,Distributed control circuits across a brain-and-cord connectome.,10.1038/s41586-026-10735-w,yes,,fly,2026,sota,0,0,3,94,0,0,25,61,,,,,unproven_2026_low_out
work_00f9b510d0a91b47,2018,Detecting Synapse Location and Connectivity by Signed Proximity Estimation and Pruning with Dee…,10.1007/978-3-030-11024-6_25,yes,synapses;graph_analysis,fly,2016–2018,history,3,6,14,22,9,7,76,74,yes,,,yes,history_milestone
work_0128137052dec3e0,2026,Functional Synaptic Interactions and Inhibitory Circuitry of the PreBötzinger Complex in the Rh…,10.64898/2026.05.23.727419,yes,,,2026,sota,0,1,0,35,1,1,25,61,,,,,unproven_2026_low_out
work_0133b141f368655b,2012,Combining collation and annotation efforts toward completion of the rat and mouse connectomes i…,10.3389/fninf.2012.00002,yes,proofreading;graph_analysis,mouse,2010–2015,history,3,0,46,47,3,3,97,96,yes,,,yes,history_milestone
work_01a371d322fa7848,2019,Optical Imaging in Brainsmatics,10.3390/photonics6030098,yes,proofreading,,2019,contemporary,0,7,4,15,6,4,25,16,,yes,,yes,contemporary_keep
work_01c85c45ede98837,2021,VICE: Visual Identification and Correction of Neural Circuit Errors,10.1111/cgf.14320,yes,segmentation;proofreading;synapses;infrastructure;graph_analysis,,2021,contemporary,6,9,14,49,12,6,75,78,,yes,,yes,contemporary_keep
work_01fc48c8442aa598,2021,Convergent developmental principles between Caenorhabditis elegans and human connectomes.,10.1016/j.tics.2021.10.001,yes,graph_analysis,elegans,2021,contemporary,0,2,3,20,2,1,25,25,,,,,contemporary_below_bar
work_020893805fee7188,2026,The Connectome and the Quest for the Functional Logic of the Drosophila Early Olfactory System,,yes,preparation;graph_analysis,fly,2026,sota,0,14,0,35,10,7,25,61,,,yes,yes,sota_2026_out
work_020e3982c01153ed,2023,An efficient 3D extraction and reconstruction method for myelinated axons of mouse cerebral cor…,10.1051/bioconf/20235903017,yes,segmentation;proofreading;graph_analysis,mouse,2023,contemporary,0,1,0,6,1,0,25,37,,,,,contemporary_below_bar
work_022f4537397531be,2019,"MagC, magnetic collection of ultrathin sections for volumetric correlative light and electron m…",10.7554/elife.45696,yes,preparation,,2019,contemporary,2,2,21,47,4,2,68,40,,yes,,yes,contemporary_keep
work_025c5ef05489ba3c,2022,Diffusion MRI Connections in the Octopus Brain,10.5607/en21047,yes,preparation;segmentation;proofreading;graph_analysis,other,2022,contemporary,0,1,5,33,1,0,25,31,,,,,contemporary_below_bar
work_029643354bb1e658,2021,Untangling the cortico-thalamo-cortical loop: cellular pieces of a knotty circuit puzzle,10.1038/s41583-021-00459-3,yes,preparation;infrastructure,,2021,contemporary,0,1,180,97,1,0,25,25,,yes,,yes,contemporary_keep
work_02c77af0d554feec,2014,A Context-Aware Delayed Agglomeration Framework for Electron Microscopy Segmentation,10.1371/journal.pone.0125825,yes,segmentation;infrastructure,,2010–2015,history,18,7,35,52,12,9,96,95,yes,,,yes,history_milestone
work_02c7b46148a6c4a5,1998,Three-Dimensional Structure and Composition of CA3→CA1 Axons in Rat Hippocampal Slices: Implica…,10.1523/jneurosci.18-20-08300.1998,yes,segmentation,other,pre-2005,history,4,0,515,62,4,0,99,95,yes,,,yes,history_milestone
work_03006500ac944fb3,2023,Caenorhabditis elegans Connectomes of both Sexes as Image Classifiers,10.5607/en23004,yes,graph_analysis,elegans,2023,contemporary,1,1,4,35,2,1,61,70,,,,,contemporary_below_bar
work_030d659739b83f09,2016,Community detection in networks: A user guide,10.1016/j.physrep.2016.09.002,yes,,,2016–2018,history,2,0,2082,99,2,0,73,23,yes,,,yes,history_milestone
work_0344c5d0298b1c78,2017,Neural Interactome: Interactive Simulation of a Neuronal System,10.3389/fncom.2019.00008,yes,infrastructure;graph_analysis;modeling,elegans,2016–2018,history,2,1,27,34,3,1,61,18,yes,,,yes,history_milestone
work_036e22a15502fd7e,2019,Strip the Stripes: Artifact Detection and Removal for Scanning Electron Microscopy Imaging,10.1109/icassp.2019.8683119,yes,sectioning;acquisition;modeling,,2019,contemporary,0,1,6,22,1,1,25,16,,,,,contemporary_below_bar
work_03b8b6340a7756de,2021,Analysis of segmentation ontology reveals the similarities and differences in connectivity onto…,10.1038/s41598-021-82353-7,yes,segmentation,mouse,2021,contemporary,0,2,7,35,2,0,25,25,,,,,contemporary_below_bar
work_03c23d6e53a2fa11,2022,All-optical visualization of specific molecules in the ultrastructural context of brain tissue,10.1038/s41587-025-02905-4,yes,preparation,mouse,2022,contemporary,8,11,41,87,11,6,91,93,,yes,,yes,contemporary_keep
work_03f019b1ea59c828,2022,The 3D ultrastructure of the chordotonal organs in the antenna of a microwasp remains complex a…,10.1038/s41598-022-24390-4,yes,,,2022,contemporary,0,2,5,33,2,1,25,31,,,,,contemporary_below_bar
work_043907deaaf11bc4,2020,A Color Vision Circuit for Non-Image-Forming Vision in the Primate Retina,10.1016/j.cub.2020.01.040,yes,,other,2020,contemporary,4,8,58,82,6,3,79,80,,yes,,yes,contemporary_keep
work_047847ced0c96ed0,2019,The head direction circuit of two insect species,10.1101/854521,yes,graph_analysis,fly,2019,contemporary,5,0,72,85,5,0,79,74,,yes,,yes,contemporary_keep
work_047e0665d50b50ba,2015,Crowdsourcing the creation of image segmentation algorithms for connectomics,10.3389/fnana.2015.00142,yes,segmentation;proofreading,,2010–2015,history,13,2,370,91,12,9,90,86,yes,,,yes,history_milestone
work_04bc672be1766531,2021,Neurodevelopment: Comparative connectomics and the study of circuit assembly.,10.1016/j.cub.2021.03.053,yes,,fly,2021,contemporary,0,5,0,4,5,2,25,25,,yes,,yes,contemporary_keep
work_0506cf0b9cfdf1f4,2024,"Experience-dependent, sexually dimorphic synaptic connectivity defined by sex-specific cadherin…",10.1101/2024.05.08.593207,yes,,elegans,2024,contemporary,0,2,4,38,2,1,25,44,,,,,contemporary_below_bar
work_053a6d2ad8e9d69a,2017,An intersectional gene regulatory strategy defines subclass diversity of C. elegans motor neuro…,10.7554/elife.25751,yes,,elegans;fly,2016–2018,history,0,1,53,60,1,1,25,10,yes,,,yes,history_milestone
work_0552194b80de37f0,2020,"Topology of synaptic connectivity constrains neuronal stimulus representation, predicting two c…",10.1371/journal.pone.0261702,yes,graph_analysis;modeling,,2020,contemporary,0,0,9,34,0,0,25,20,,,,,contemporary_below_bar
work_05e7be51adf6e08a,2026,Multisensory learning recruits visual neurons into an olfactory memory engram,,yes,,fly,2026,sota,1,3,1,77,4,3,54,74,,,yes,yes,sota_2026_out
work_06030491fabc9e9d,2004,Synaptic connectivity and neuronal morphology: two sides of the same coin.,10.1016/s0896-6273(04)00498-2,yes,,,pre-2005,history,0,0,224,46,0,0,25,0,,,,,history_below_bar
work_0641fb974f5264cf,2011,mGRASP enables mapping mammalian synaptic connectivity with light microscopy,10.1038/nmeth.1784,yes,synapses,fly,2010–2015,history,5,1,275,80,6,4,77,15,yes,,,yes,history_milestone
work_068ce671d4050e17,2020,EM-net: Deep learning for electron microscopy image segmentation,10.1109/icpr48806.2021.9413098,yes,sectioning;acquisition;segmentation;proofreading;infrastructure,,2020,contemporary,0,2,33,67,2,0,25,20,,yes,,yes,contemporary_keep
work_06a819921125fd5b,2017,The complete connectome of a learning and memory centre in an insect brain,10.1101/141762,yes,graph_analysis,fly,2016–2018,history,36,3,480,95,13,8,96,97,yes,,,yes,history_milestone
work_06e1c60eb86ba22d,2025,Neural evolution of complex motor behaviors: insights from Drosophila courtship song.,10.1016/j.conb.2025.103131,yes,,fly,2025,sota,1,3,2,51,4,4,55,67,,,,,unproven_2025_low_inout
work_06e3942d0f902996,2020,An ultrastructural connectomic analysis of a higher‐order thalamocortical circuit in the mouse,10.1111/ejn.15092,yes,,mouse,2020,contemporary,1,2,7,30,3,1,54,29,,yes,,yes,contemporary_keep
work_06fe6252132bc249,2022,"Percolation may explain efficiency, robustness, and economy of the brain",10.1162/netn_a_00246,yes,,fly,2022,contemporary,0,2,14,60,2,1,25,31,,yes,,yes,contemporary_keep
work_06fed2e30ee196ac,2013,The connectomics challenge.,10.11138/fneur/2013.28.3.167,yes,,,2010–2015,history,0,1,15,20,1,1,25,3,,,,,history_below_bar
work_071108fd660498ef,2015,Fast Approximate Quadratic Programming for Graph Matching,10.1371/journal.pone.0121002,yes,graph_analysis,elegans,2010–2015,history,1,0,190,77,1,0,55,7,yes,,,yes,history_milestone
work_075bd479e1fdf07b,2026,Evidence for a Functional Proximity Law in Multilayer Networks,10.48550/arxiv.2604.23639,yes,graph_analysis,fly,2026,sota,0,3,1,77,3,0,25,61,,,yes,yes,sota_2026_out
work_07c7b0397ccdb7f6,2018,Heterocellular Coupling Between Amacrine Cells and Ganglion Cells,10.3389/fncir.2018.00090,yes,,mouse,2016–2018,history,1,1,18,31,2,1,51,15,,,,,history_below_bar
work_07cf5b18e1597373,2026,Spine-neck electrical bottlenecks tune temporal precision and inhibitory gating in cortical pyr…,10.64898/2026.02.16.706119,yes,modeling,,2026,sota,0,1,0,35,1,1,25,61,,,,,unproven_2026_low_out
work_07ec6ddd071dafbb,2023,Toolkits for detailed and high-throughput interrogation of synapses in C. elegans,10.1101/2023.09.12.557402,yes,,elegans,2023,contemporary,0,7,6,44,7,3,25,37,,yes,,yes,contemporary_keep
work_07f25302c0da9745,2024,Graphs and the idiographic brain.,10.1093/brain/awae044,yes,graph_analysis,,2024,contemporary,0,0,0,7,0,0,25,44,,,,,contemporary_below_bar
work_08619b07a36cc83e,2024,A split-GAL4 driver line resource for Drosophila neuron types,10.1101/2024.01.09.574419,yes,,fly,2024,contemporary,8,16,28,90,10,8,88,90,,yes,,yes,contemporary_keep
work_08675beb12687867,2024,"Self-organized emergence of modularity, hierarchy, and mirror reversals from competitive synapt…",10.1101/2024.01.07.574543,yes,graph_analysis,other,2024,contemporary,1,2,5,45,3,2,52,48,,yes,,yes,contemporary_keep
work_087e18b9051261d3,2013,A visual motion detection circuit suggested by Drosophila connectomics,10.1038/nature12450,yes,,fly,2010–2015,history,157,5,695,94,13,9,100,100,yes,,,yes,history_milestone
work_0895071c07a2d46b,2023,Toward Morphologic Atlasing of the Human Whole Brain at the Nanoscale,10.3390/bdcc7040179,yes,proofreading,,2023,contemporary,0,1,3,28,1,1,25,37,,,,,contemporary_below_bar
work_0902ad628efcc7dd,2016,Cliques of Neurons Bound into Cavities Provide a Missing Link between Structure and Function,10.3389/fncom.2017.00048,yes,graph_analysis,,2016–2018,history,2,0,423,96,2,1,79,74,yes,,,yes,history_milestone
work_092ab2e11895f53a,2011,Neuronal Tracing for Connectomic Studies,10.1007/s12021-011-9101-6,yes,segmentation;proofreading;graph_analysis,,2010–2015,history,1,3,53,44,3,2,81,34,yes,,,yes,history_milestone
work_0954491569c0a9da,2021,"CONFIRMS: A Toolkit for Scalable, Black Box Connectome Assessment and Investigation",10.1109/embc46164.2021.9630109,yes,alignment;segmentation;proofreading;infrastructure;graph_analysis,,2021,contemporary,5,12,10,40,12,8,82,86,,yes,,yes,contemporary_keep
work_09c0fa76b2cfac78,2021,A Unified Framework for Neuroscience Morphological Data Visualization,10.3390/app11104652,yes,infrastructure,,2021,contemporary,1,1,7,35,2,1,53,34,,,,,contemporary_below_bar
work_0a1427cd13f43c85,2020,Multiscale ATUM-FIB Microscopy Enables Targeted Ultrastructural Analysis at Isotropic Resolution,10.1016/j.isci.2020.101290,yes,sectioning;acquisition,mouse,2020,contemporary,0,4,16,44,4,0,25,20,,yes,,yes,contemporary_keep
work_0a33489ddde95484,2016,A distance constrained synaptic plasticity model of C. elegans neuronal network,10.1016/j.physa.2016.11.055,yes,infrastructure;graph_analysis,elegans,2016–2018,history,0,2,3,15,2,1,25,8,,,,,history_below_bar
work_0a5d0f7d668ab071,2018,The Worm Connectome: Back to the Future.,10.1016/j.tins.2018.09.002,yes,graph_analysis,elegans,2016–2018,history,1,3,18,31,4,3,58,29,yes,,,yes,history_milestone
work_0a6f89f17fb7c4a5,2013,"Graph analysis of the human connectome: Promise, progress, and pitfalls",10.1016/j.neuroimage.2013.04.087,yes,graph_analysis,,2010–2015,history,2,1,752,96,3,1,78,33,yes,,,yes,history_milestone
work_0a7ba8ffe545833c,2015,Diverse coupling of neurons to populations in sensory cortex,10.1038/nature14273,yes,,mouse;other,2010–2015,history,1,0,451,94,1,0,66,11,yes,,,yes,history_milestone
work_0a7bfb8c21dd8879,2026,Impact of Aii Amacrine Cell Rewiring in a Pathoconnectome-Based Computational Model of Early Re…,10.1101/2024.02.14.580149,yes,graph_analysis;modeling,mouse,2026,sota,0,3,0,35,3,1,25,61,,,yes,yes,sota_2026_out
work_0ac82de3efe180e8,2025,Connectomics of predicted Sst transcriptomic types in mouse visual cortex,10.1038/s41586-025-08805-6,yes,,mouse,2025,sota,2,5,23,95,6,4,65,85,,,yes,yes,sota_2025_out_and_in
work_0aeb7bcccf17d282,2026,Perfusion quality does not necessarily predict ultrastructural preservation after hyperosmotic …,10.64898/2026.07.27.741074,yes,preparation,,2026,sota,0,4,0,35,3,1,25,61,,,yes,yes,sota_2026_out
work_0b2eff5011904b68,2015,Engineering new synaptic connections in the C. elegans connectome,10.4161/21624054.2014.992668,yes,,elegans,2010–2015,history,1,1,13,17,2,1,53,7,,,,,history_below_bar
work_0b3368a59ac0d45c,2016,Application of the radial distribution functions for quantitative analysis of neuropil microstr…,10.18103/mra.v4i4.604,yes,infrastructure,other,2016–2018,history,0,1,0,4,1,1,25,8,,,,,history_below_bar
work_0b58677ca30e94c9,2017,Statistical Inference on Random Dot Product Graphs: a Survey,,yes,preparation;graph_analysis,fly,2016–2018,history,2,1,292,89,3,1,76,67,yes,,,yes,history_milestone
work_0b670a6c52756d20,2021,Bridging the Gap: Point Clouds for Merging Neurons in Connectomics,,yes,segmentation;proofreading;infrastructure,,2021,contemporary,5,7,6,31,11,7,69,56,,yes,,yes,contemporary_keep
work_0b9b3970f5ad15af,2023,Diversity of visual inputs to Kenyon cells of the Drosophila mushroom body,10.1038/s41467-024-49616-z,yes,,fly,2023,contemporary,4,4,17,77,8,7,74,79,,yes,,yes,contemporary_keep
work_0bb92ce5d7d6f573,2025,Analysis of smart imaging runtime,10.1186/s42649-025-00115-5,yes,acquisition,,2025,sota,0,2,2,51,2,2,25,52,,,,,unproven_2025_low_inout
work_0c32ed27e86551f0,2020,A Connectome of the Adult Drosophila Central Brain,10.1101/2020.01.21.911859,yes,segmentation;proofreading,fly,2020,contemporary,15,12,178,94,13,8,92,94,,yes,,yes,contemporary_keep
work_0c53b6e2719558ce,2013,Visualizing the human connectome,10.1016/j.neuroimage.2013.04.111,yes,graph_analysis,,2010–2015,history,1,0,106,69,1,1,60,7,yes,,,yes,history_milestone
work_0c62223b980049c1,2020,The connectome of the adult Drosophila mushroom body: implications for function,10.1101/2020.08.29.273276,yes,,fly,2020,contemporary,7,14,31,66,13,8,90,93,,yes,,yes,contemporary_keep
work_0c913304a5fb2574,2016,Registering large volume serial-section electron microscopy image sets for neural circuit recon…,10.1109/aipr.2016.8010595,yes,sectioning;alignment;segmentation,mouse;zebrafish,2016–2018,history,17,5,35,51,12,6,93,89,yes,,,yes,history_milestone
work_0d0f6db3af67525b,2018,Neural Mechanisms of Motion Processing in the Mammalian Retina.,10.1146/annurev-vision-091517-034048,yes,,mouse,2016–2018,history,3,0,102,85,2,0,79,77,yes,,,yes,history_milestone
work_0d6070f19ac2ba89,2024,ATUM-Tomo: A multi-scale approach to cellular ultrastructure by combined volume scanning electr…,10.1101/2023.07.12.547497,yes,sectioning;acquisition;graph_analysis,mouse,2024,contemporary,0,2,3,30,2,0,25,44,,,,,contemporary_below_bar
work_0da43b963c6e7486,2020,neuPrint: Analysis Tools for EM Connectomics,10.1101/2020.01.16.909465,yes,infrastructure;graph_analysis,fly,2020,contemporary,26,11,73,84,13,8,95,98,,yes,,yes,contemporary_keep
work_0da77aa3fcf687df,2024,Nanoscale Connectomics Annotation Standards Framework,,yes,proofreading;infrastructure;graph_analysis,,2024,contemporary,1,7,1,16,6,3,55,67,,yes,,yes,contemporary_keep
work_0dbd0aa2e5e7f828,2022,Taste quality and hunger interactions in a feeding sensorimotor circuit,10.7554/elife.79887,yes,graph_analysis,fly,2022,contemporary,2,3,36,82,5,5,64,56,,yes,,yes,contemporary_keep
work_0dedb1df42525fe9,2013,How do you wire a brain?,10.3389/fnana.2013.00014,yes,proofreading,,2010–2015,history,0,1,7,16,1,1,25,3,,,,,history_below_bar
work_0e238b06daf60ae4,2018,Effective automated pipeline for 3D reconstruction of synapses based on deep learning,10.1186/s12859-018-2232-0,yes,segmentation;synapses,,2016–2018,history,3,10,18,31,10,7,71,42,yes,,,yes,history_milestone
work_0e4e42b0cb08974f,2023,The evolution of Big Data in neuroscience and neurology,10.1186/s40537-023-00751-2,yes,,,2023,contemporary,0,3,30,89,3,2,25,37,,yes,,yes,contemporary_keep
work_0e82b896b4b49d23,2024,Driver lines for studying associative learning in Drosophila,10.1101/2023.09.15.557808,yes,,fly,2024,contemporary,3,18,16,80,13,9,79,85,,yes,,yes,contemporary_keep
work_0f028df4c1bb42a4,2019,GCIB-SEM: A path to 10 nm isotropic imaging of cubic millimeter volumes,10.1101/563239,yes,sectioning;acquisition;segmentation;proofreading,mouse,2019,contemporary,3,5,7,25,7,6,80,83,,yes,,yes,contemporary_keep
work_0f210c53d8261375,2020,Multiscale comparative connectomics,10.1162/imag.a.2,yes,graph_analysis;modeling,mouse,2020,contemporary,0,1,0,4,1,0,25,20,,,,,contemporary_below_bar
work_0f234ec8ef48d336,2021,Bayesian reconstruction of memories stored in neural networks from their connectivity,10.1371/journal.pcbi.1010813,yes,graph_analysis,,2021,contemporary,0,8,5,27,8,2,25,25,,yes,,yes,contemporary_keep
work_0f2e576ce4d24d6a,2026,Mapping Connectomic Structure to Function(s) in Cerebellar-like Networks using Kernel Regression,,yes,graph_analysis,mouse,2026,sota,0,2,0,35,2,2,25,61,,,,,unproven_2026_low_out
work_0f3c0c692dba28f7,2026,In silico neuronal morphology classification: A systematic review.,10.1016/j.neuroscience.2026.02.044,yes,infrastructure,,2026,sota,0,5,0,35,5,5,25,61,,,yes,yes,sota_2026_out
work_0f41f2b9ac638657,2022,Identifying Inputs to Visual Projection Neurons in Drosophila Lobula by Analyzing Connectomic D…,10.1523/eneuro.0053-22.2022,yes,,fly,2022,contemporary,2,12,8,49,10,4,72,72,,yes,,yes,contemporary_keep
work_0f667472c3c0d4cd,2026,Bridging Histology and Tractography: First In Vivo Visualization of Short‐Range Prefrontal Conn…,10.1002/hbm.70520,yes,proofreading;infrastructure;graph_analysis,other,2026,sota,0,0,1,77,0,0,25,61,,,,,unproven_2026_low_out
work_0f90d8b78e7b6522,2022,Automatic classification and neurotransmitter prediction of synapses in electron microscopy,10.1017/s2633903x2200006x,yes,,other,2022,contemporary,1,5,4,28,5,1,72,73,,yes,,yes,contemporary_keep
work_0faabd73a0b69ddd,2019,Valid two‐sample graph testing via optimal transport Procrustes and multiscale graph correlatio…,10.1002/sta4.429,yes,preparation;alignment;infrastructure;graph_analysis;modeling,fly,2019,contemporary,0,0,6,22,0,0,25,16,,,,,contemporary_below_bar
work_0fcb56dd30085155,2022,Neural model generating klinotaxis behavior accompanied by a random walk based on C. elegans co…,10.1038/s41598-022-06988-w,yes,modeling,elegans,2022,contemporary,1,6,6,39,4,2,57,40,,yes,,yes,contemporary_keep
work_0fec0014dc0379d0,2025,Inhibitory specificity from a connectomic census of mouse visual cortex,10.1038/s41586-024-07780-8,yes,segmentation;graph_analysis,mouse,2025,sota,18,23,61,99,13,8,89,95,,,yes,yes,sota_2025_out_and_in
work_100b21e95a944e1e,2026,iBrAVE: a unified framework for 3D interactive and integrative analysis of brain atlas data acr…,10.1101/2025.10.04.680445,yes,infrastructure;graph_analysis,,2026,sota,0,8,2,89,7,5,25,61,,,yes,yes,sota_2026_out
work_104e54f2c4601a53,2025,A method for extracting an approximated connectome from libraries of single cell anatomical rec…,10.1101/2023.05.21.541471,yes,proofreading;infrastructure;graph_analysis,fly;zebrafish,2025,sota,0,24,0,14,12,7,25,52,,,,,unproven_2025_low_inout
work_10625a8cbeb96224,2012,Visualization in Connectomics,10.1007/978-1-4471-6497-5_21,yes,modeling,,2010–2015,history,1,1,36,41,2,2,60,5,,,,,history_below_bar
work_10a0b035f8a594bc,2024,Connectomic reconstruction predicts visual features used for navigation,10.1038/s41586-024-07967-z,yes,,fly,2024,contemporary,5,5,28,90,8,7,78,85,,yes,,yes,contemporary_keep
work_11708302632c43f1,2025,Unveiling and Steering Connectome Organization with Interpretable Latent Variables,10.48550/arxiv.2505.13011,yes,infrastructure;graph_analysis,fly,2025,sota,0,1,0,14,1,1,25,52,,,,,unproven_2025_low_inout
work_118a0b13d2e80966,2026,ConnectomeBench2: A Unified Benchmark for Automated Connectomic Proofreading,10.48550/arxiv.2606.21116,yes,segmentation;proofreading;graph_analysis,zebrafish,2026,sota,0,25,0,35,12,8,25,61,,,yes,yes,sota_2026_out
work_11a1d7d7074f9adc,2026,Connectome simulations identify a central pattern generator circuit for fly walking,10.1101/2025.09.12.675944,yes,modeling,fly,2026,sota,2,9,12,100,9,7,68,80,,,yes,yes,sota_2026_out
work_11b6d0203fd3730b,2025,MoMo - Combining Neuron Morphology and Connectivity for Interactive Motif Analysis in Connectom…,10.1101/2025.07.02.662847,yes,infrastructure;graph_analysis,,2025,sota,1,21,2,51,12,8,70,76,,,,,unproven_2025_low_inout
work_11d1cfcde84e9410,2011,A tutorial in connectome analysis: Topological and spatial features of brain networks,10.1016/j.neuroimage.2011.05.025,yes,graph_analysis,,2010–2015,history,2,0,362,88,2,1,81,78,yes,,,yes,history_milestone
work_121114411163d845,2011,Three-Dimensional Reconstruction of Serial Mouse Brain Sections: Solution for Flattening High-R…,10.3389/fnana.2011.00017,yes,preparation;sectioning;infrastructure,mouse,2010–2015,history,2,0,42,41,2,2,81,41,,,,,history_below_bar
work_126c6fe9a5058aa2,2022,Ordering in heterogeneous connectome weights for visual information processing,10.1073/pnas.2216092119,yes,graph_analysis,elegans,2022,contemporary,0,3,0,5,2,1,25,31,,yes,,yes,contemporary_keep
work_128b379bcd5dd487,2021,A distributed dopamine-gated circuit underpins reproductive state-dependent behavior in Drosoph…,10.1101/2021.07.24.453623,yes,,fly,2021,contemporary,0,1,0,4,1,1,25,25,,,,,contemporary_below_bar
work_12ba8e6479fb9eac,2008,Using Expression Profiles of Caenorhabditis elegans Neurons To Identify Genes That Mediate Syna…,10.1371/journal.pcbi.1000120,yes,synapses,elegans,2005–2009,history,2,0,32,30,2,0,72,3,,,,,history_below_bar
work_1358cc4e6d15d0c8,2019,Refined parcellation of the nervous system by algorithmic detection of hidden features within c…,10.1103/physreve.100.012301,yes,graph_analysis;modeling,elegans,2019,contemporary,1,9,3,12,7,4,56,23,,yes,,yes,contemporary_keep
work_1363cb9e1703f6be,2021,Ultrastructural readout of in vivo synaptic activity for functional connectomics,10.1101/2021.07.07.451278,yes,sectioning;acquisition;segmentation;graph_analysis,,2021,contemporary,0,6,0,4,6,0,25,25,,yes,,yes,contemporary_keep
work_138205744e23415e,2025,"Volume Electron Microscopy of Cortical Organoids: Methods for Region Identification, Connectome…",10.64898/2025.12.31.697152,yes,preparation;sectioning;acquisition;segmentation;proofreading;infrastructure,,2025,sota,0,0,0,14,0,0,25,52,,,,,unproven_2025_low_inout
work_13a5924450d152cf,2024,Hierarchical communities in the larval Drosophila connectome: Links to cellular annotations and…,10.1101/2023.10.25.562730,yes,proofreading;graph_analysis,fly,2024,contemporary,11,13,20,85,13,8,81,84,,yes,,yes,contemporary_keep
work_13df857c596640ee,2022,A functionally ordered visual feature map in the Drosophila brain.,10.1016/j.neuron.2022.02.013,yes,graph_analysis,fly,2022,contemporary,6,0,81,94,6,6,77,77,,yes,,yes,contemporary_keep
work_13ee78a548c160ad,2025,Building the connectome of a small brain with a simple stochastic developmental generative model,10.1073/pnas.2504913122,yes,infrastructure;graph_analysis,elegans,2025,sota,1,16,3,61,11,7,52,66,,,,,unproven_2025_low_inout
work_13fda9927df18461,2024,Neural Control of Naturalistic Behavior Choices.,10.1146/annurev-neuro-111020-094019,yes,,fly,2024,contemporary,1,0,7,54,1,1,53,56,,yes,,yes,contemporary_keep
work_143f618b404b400b,2012,Building Retinal Connectomes,10.1016/j.conb.2012.03.011,yes,acquisition;proofreading;infrastructure;graph_analysis,mouse,2010–2015,history,10,14,21,17,8,6,92,89,yes,,,yes,history_milestone
work_1443f24616d459b6,2024,Deciphering the genetic code of neuronal type connectivity through bilinear modeling,10.1101/2023.08.01.551532,yes,graph_analysis,elegans;mouse,2024,contemporary,0,18,3,30,9,3,25,44,,yes,,yes,contemporary_keep
work_14715d8bc1c76d41,2018,Synaptic partner prediction from point annotations in insect brains,10.1007/978-3-030-00934-2_35,yes,segmentation;proofreading;synapses;graph_analysis,fly,2016–2018,history,4,4,17,27,8,5,85,83,yes,,,yes,history_milestone
work_14777efdec1861e5,2021,Quantitative skills in undergraduate neuroscience education in the age of big data.,10.1016/j.neulet.2021.136074,yes,graph_analysis,mouse,2021,contemporary,0,0,17,54,0,0,25,25,,yes,,yes,contemporary_keep
work_14854a717397137b,2018,Strategies for assembling columns and layers in the Drosophila visual system,10.1186/s13064-018-0106-9,yes,infrastructure,fly,2016–2018,history,1,1,24,43,2,1,53,15,,,,,history_below_bar
work_1494588f60af3042,2025,"Learning brains: educational neuroscience, neurotechnology and neuropedagogy",10.1080/14681366.2025.2521458,yes,,,2025,sota,0,0,13,88,0,0,25,52,,,,,unproven_2025_low_inout
work_14a97091f2e2dc94,2024,Rabies virus-based barcoded neuroanatomy resolved by single-cell RNA and in situ sequencing,10.7554/elife.87866,yes,proofreading,mouse,2024,contemporary,0,3,2,23,3,3,25,44,,yes,,yes,contemporary_keep
work_14ac87ba48283ac0,2020,Neuronal Subcompartment Classification and Merge Error Correction,10.1101/2020.04.16.043398,yes,proofreading,,2020,contemporary,9,5,19,50,11,7,87,90,,yes,,yes,contemporary_keep
work_14b6d5aa74ac49e7,2025,Connectome of a human foveal retina,10.1101/2025.04.05.647403,yes,segmentation;graph_analysis;modeling,mouse,2025,sota,1,9,3,61,9,5,53,69,,,,,unproven_2025_low_inout
work_14d220daa1425835,2014,Dissecting a neuron network: FIB-SEM-based 3D-reconstruction of the visual neuropils in the sea…,10.1186/s12915-014-0059-3,yes,sectioning;acquisition,elegans,2010–2015,history,0,11,13,26,9,6,25,4,yes,,,yes,history_milestone
work_14dc972439b8037e,2024,Connectome Projects and Mentality,10.33425/2641-4317.1199,yes,preparation,mouse,2024,contemporary,0,6,0,7,4,2,25,44,,yes,,yes,contemporary_keep
work_154b100f4204e27c,2017,Optimal degrees of synaptic connectivity,10.1016/j.neuron.2017.01.030,yes,,fly,2016–2018,history,9,0,345,90,7,0,88,83,yes,,,yes,history_milestone
work_15637f799663d649,2021,A Geometric Chung Lu model and the Drosophila Medulla connectome,10.1093/comnet/cnad010,yes,graph_analysis,fly,2021,contemporary,0,1,1,10,1,0,25,25,,,,,contemporary_below_bar
work_15832f977411772d,2021,Structure and function of axo-axonic inhibition,10.7554/elife.73783,yes,modeling,mouse,2021,contemporary,10,18,59,89,13,8,85,88,,yes,,yes,contemporary_keep
work_15ae850b7d2a05bb,2016,Synapse biology in the 'circuit-age' - paths towards molecular connectomics,10.1016/j.conb.2016.12.004,yes,,,2016–2018,history,6,2,32,48,3,2,92,88,yes,,,yes,history_milestone
work_15c1e28270c671f9,2015,Integrated Visualization of Human Brain Connectome Data,10.1007/978-3-319-23344-4_29,yes,,,2010–2015,history,0,0,7,13,0,0,25,6,,,,,history_below_bar
work_161efa6714c403ba,2015,ConnectomeDB – Sharing Human Brain Connectivity Data,10.1016/j.neuroimage.2015.04.046,yes,infrastructure;graph_analysis,,2010–2015,history,0,0,104,60,0,0,25,6,yes,,,yes,history_milestone
work_1672afc156639677,2020,"Citizen science, cells and CNNs – deep learning for automatic segmentation of the nuclear envel…",10.1101/2020.07.28.223024,yes,sectioning;acquisition;segmentation;proofreading,,2020,contemporary,0,1,5,25,1,0,25,20,,,,,contemporary_below_bar
work_16b9df3949da837d,2023,A leaky integrate-and-fire computational model based on the connectome of the entire adult Dros…,10.1101/2023.05.02.539144,yes,modeling,fly,2023,contemporary,3,6,21,82,8,7,77,81,,yes,,yes,contemporary_keep
work_16ee371b07754d0f,2025,Neuromorphic Simulation of Drosophila Melanogaster Brain Connectome on Loihi 2,10.48550/arxiv.2508.16792,yes,infrastructure;modeling,fly,2025,sota,0,1,3,61,1,1,25,52,,,,,unproven_2025_low_inout
work_170409dc0271c103,2021,A Programmable Ontology Encompassing the Functional Logic of the Drosophila Brain,10.1101/2021.12.28.474399,yes,infrastructure;graph_analysis,fly,2021,contemporary,1,5,5,27,6,5,54,29,,yes,,yes,contemporary_keep
work_170ec61729592c44,2021,Forward and backward locomotion patterns in C. elegans generated by a connectome-based model si…,10.1038/s41598-021-92690-2,yes,modeling,elegans,2021,contemporary,3,3,19,58,4,2,71,71,,yes,,yes,contemporary_keep
work_17509aa737f1ddf4,2026,From synapse to system: mechanistic pathways of neural signaling dysfunction in psychiatric dis…,10.3389/fcell.2026.1762930,yes,infrastructure;graph_analysis;modeling,,2026,sota,0,2,3,94,1,1,25,61,,,,,unproven_2026_low_out
work_17515b46569c966d,2026,Volumetric denoising enables high-throughput volume electron microscopy and efficient downstrea…,10.1016/j.crmeth.2026.101543,yes,sectioning;acquisition;infrastructure,,2026,sota,0,7,0,35,6,3,25,61,,,yes,yes,sota_2026_out
work_17a397689c02868a,2022,Differences in the critical dynamics underlying the human and fruit-fly connectome,10.1103/physrevresearch.4.023057,yes,graph_analysis;modeling,,2022,contemporary,1,0,12,56,1,1,64,47,,yes,,yes,contemporary_keep
work_17ed44014244fb80,2007,3D Axon Structure Extraction and Analysis in Confocal Fluorescence Microscopy Images,10.1162/neco.2008.05-07-519,yes,,,2005–2009,history,1,0,21,20,1,0,74,7,,,,,history_below_bar
work_17f8a533cf7cabc4,2019,A Cellular-Resolution Atlas of the Larval Zebrafish Brain.,10.1016/j.neuron.2019.04.034,yes,proofreading;infrastructure;graph_analysis,fly;zebrafish,2019,contemporary,4,1,239,98,5,1,77,73,,yes,,yes,contemporary_keep
work_182b571db8a7ae88,2026,From local motifs to global dynamical stability in the mouse brain connectome,10.64898/2026.02.27.708665,yes,graph_analysis,mouse,2026,sota,1,4,1,77,4,3,66,78,,,yes,yes,sota_2026_out
work_1865ce7d1dd17a8d,2021,A Brief History of Wires in the Brain,10.3389/fevo.2021.760269,yes,graph_analysis,,2021,contemporary,0,2,4,23,2,1,25,25,,,,,contemporary_below_bar
work_186acb8763d28840,2005,The Human Connectome: A Structural Description of the Human Brain,10.1371/journal.pcbi.0010042,yes,infrastructure,,2005–2009,history,42,0,3307,100,10,0,99,97,yes,,,yes,history_milestone
work_1870559fa982c641,2026,Connectomic analysis reveals the axial circuit for self-righting posture control in Drosophila,10.64898/2026.07.25.740718,yes,segmentation;graph_analysis,fly,2026,sota,0,3,0,35,3,2,25,61,,,yes,yes,sota_2026_out
work_187ee083be688884,2020,Network structure of the mouse brain connectome with voxel resolution,10.1126/sciadv.abb7187,yes,graph_analysis,mouse,2020,contemporary,1,5,121,89,6,1,61,47,,yes,,yes,contemporary_keep
work_18a630f143863a39,2021,A specialized spinal circuit for command amplification and directionality during escape behavior,10.1073/pnas.2106785118,yes,sectioning;segmentation;graph_analysis,zebrafish,2021,contemporary,2,3,17,54,4,2,63,47,,yes,,yes,contemporary_keep
work_18e897cfbf7dee38,2023,3D reconstruction of the cerebellar germinal layer reveals tunneling connections between develo…,10.1126/sciadv.adf3471,yes,sectioning;acquisition;segmentation,,2023,contemporary,3,5,17,77,6,3,82,82,,yes,,yes,contemporary_keep
work_19484211ce0ace31,2014,Automatic Annotation of Axoplasmic Reticula in Pursuit of Connectomes using High-Resolution Neu…,,yes,segmentation;proofreading;graph_analysis,,2010–2015,history,1,1,1,7,2,2,92,94,,,,,history_below_bar
work_1959a19d27f98c7b,2015,An Iterative Convolutional Neural Network Algorithm Improves Electron Microscopy Image Segmenta…,,yes,segmentation,,2010–2015,history,4,4,14,19,6,4,84,85,yes,,,yes,history_milestone
work_195db71f4514fb42,2026,Topological Origin of the Diversity of Timescales in Recurrent Neural Circuits,,yes,graph_analysis,mouse,2026,sota,0,4,0,35,2,1,25,61,,,yes,yes,sota_2026_out
work_1990e5836bafed46,2020,Extrasynaptic volume transmission: A novel route for neuropeptide signaling in nematodes,10.1101/2020.08.07.240440,yes,,elegans,2020,contemporary,1,2,1,10,3,1,55,23,,yes,,yes,contemporary_keep
work_199b7e289ee6a42e,2020,Graph Properties of the Adult Drosophila Central Brain,10.1101/2020.05.18.102061,yes,graph_analysis,fly,2020,contemporary,6,2,18,49,8,6,87,91,,yes,,yes,contemporary_keep
work_1a10fe21b6152804,2025,The organization of visual pathways in the Drosophila brain,10.64898/2025.12.22.696097,yes,proofreading;infrastructure,fly,2025,sota,0,11,2,51,8,7,25,52,,,,,unproven_2025_low_inout
work_1a16b4de189373e1,2015,Wiring cost and topological participation of the mouse brain connectome,10.1073/pnas.1420315112,yes,preparation;proofreading;graph_analysis,mouse,2010–2015,history,32,6,215,78,8,4,96,95,yes,,,yes,history_milestone
work_1abefbc844f53786,2023,Multiplexed volumetric CLEM enabled by antibody derivatives provides new insights into the cyto…,10.21203/rs.3.rs-3121892/v1,yes,sectioning,mouse,2023,contemporary,0,21,4,35,13,6,25,37,,yes,,yes,contemporary_keep
work_1af9ec78dbce9759,2018,"t-GRASP, a targeted GRASP for assessing neuronal connectivity",10.1016/j.jneumeth.2018.05.014,yes,synapses,fly,2016–2018,history,6,1,47,66,6,1,82,75,yes,,,yes,history_milestone
work_1afd0f5b17737035,2013,From the connectome to brain function,10.1038/nmeth.2451,yes,,mouse,2010–2015,history,34,2,567,90,13,7,98,98,yes,,,yes,history_milestone
work_1bc550704e02bb7c,2022,Expansion Sequencing of RNA Barcoded Neurons in the Mammalian Brain: Progress and Implications …,10.1101/2022.07.31.502046,yes,preparation;infrastructure,,2022,contemporary,0,1,2,17,1,1,25,31,,,,,contemporary_below_bar
work_1be607ebbabecd91,2015,A serial multiplex immunogold labeling method for identifying peptidergic neurons in connectomes,10.7554/elife.11147,yes,sectioning;acquisition,other,2010–2015,history,11,15,49,44,12,7,88,83,yes,,,yes,history_milestone
work_1bfad71fdf4de90f,2022,Olfactory Evaluation in Alzheimer’s Disease Model Mice,10.3390/brainsci12050607,yes,,mouse,2022,contemporary,0,0,15,62,0,0,25,31,,yes,,yes,contemporary_keep
work_1c4e68a0ac51bff8,2024,Serotonergic modulation of swallowing in a complete fly vagus nerve connectome,10.1016/j.cub.2024.08.025,yes,acquisition,fly,2024,contemporary,2,14,14,77,12,8,69,72,,yes,,yes,contemporary_keep
work_1ca9f4c078a6f043,2022,Impairing one sensory modality enhances another by reconfiguring peptidergic signalling in Caen…,10.7554/elife.68040,yes,,elegans,2022,contemporary,0,1,6,39,1,0,25,31,,,,,contemporary_below_bar
work_1d4b6e5375da0fe3,2022,Synaptic wiring motifs in posterior parietal cortex support decision-making,10.1038/s41586-024-07088-7,yes,graph_analysis,,2022,contemporary,5,7,59,90,11,6,78,85,,yes,,yes,contemporary_keep
work_1d55827a54abb8bd,2018,Schaffer Collateral Inputs to CA1 Excitatory and Inhibitory Neurons Follow Different Connectivi…,10.1523/jneurosci.0155-18.2018,yes,synapses,,2016–2018,history,1,3,23,39,4,4,53,18,yes,,,yes,history_milestone
work_1d7b3131ed780fc1,2025,Measuring the functional complexity of nanoscale connectomes: polarity matters,10.1101/2024.09.24.614724,yes,,,2025,sota,0,9,0,14,7,5,25,52,,,,,unproven_2025_low_inout
work_1d7cd4ffd7696c84,2025,Ascending nociceptive pathways drive rapid escape and sustained avoidance in adult Drosophila,10.1101/2025.10.28.684868,yes,preparation,fly,2025,sota,0,4,2,51,4,3,25,52,,,,,unproven_2025_low_inout
work_1d87c152cf48058c,2017,Enhanced FIB-SEM systems for large-volume 3D imaging,10.7554/elife.25916,yes,sectioning;acquisition;alignment;proofreading,fly,2016–2018,history,61,10,364,93,13,9,98,99,yes,,,yes,history_milestone
work_1dd7c9a9eb85ed50,2021,Large-scale dendritic spine extraction and analysis through petascale computing,10.1101/2021.07.29.454371,yes,segmentation;infrastructure,,2021,contemporary,0,5,2,15,5,1,25,25,,yes,,yes,contemporary_keep
work_1de3e706afcc6b0d,2015,Optimization of Large-scale Mouse Brain Connectome via Joint Evaluation of DTI and Neuron Traci…,10.1016/j.neuroimage.2015.04.050,yes,proofreading;infrastructure;graph_analysis,mouse,2010–2015,history,0,1,40,38,1,1,25,6,,,,,history_below_bar
work_1ded1883d45ddd82,2023,Insights into vision from interpretation of a neuronal wiring diagram,10.1101/2023.11.15.567126,yes,graph_analysis,fly,2023,contemporary,0,3,3,28,3,3,25,37,,yes,,yes,contemporary_keep
work_1e1cdc1d337adcda,2026,Synchronous climbing fiber activity enables instructive signaling for cerebellar learning throu…,10.1038/s41593-026-02268-2,yes,modeling,,2026,sota,0,2,2,89,2,2,25,61,,,,,unproven_2026_low_out
work_1e45d26255aa5210,2021,Petabyte-Scale Multi-Morphometry of Single Neurons for Whole Brains,10.1007/s12021-022-09569-4,yes,infrastructure;modeling,mouse,2021,contemporary,1,0,28,69,1,1,60,48,,yes,,yes,contemporary_keep
work_1e6c336c97062212,2025,One-step approach producing barcoded rabies virus with optimized diversity,10.1016/j.crmeth.2025.101245,yes,proofreading,,2025,sota,0,1,2,51,1,1,25,52,,,,,unproven_2025_low_inout
work_1e988d999cd5be4e,2018,Neural Circuits of Sexual Behavior in Caenorhabditis elegans.,10.1146/annurev-neuro-070815-014056,yes,,elegans,2016–2018,history,1,1,47,66,2,2,88,94,yes,,,yes,history_milestone
work_1f27324e7bc99178,2020,Combined membrane potential imaging and connectome of behavioral circuits in an annelid worm,10.1101/2020.03.09.984013,yes,preparation;sectioning;segmentation;synapses,mouse,2020,contemporary,0,22,0,4,13,6,25,20,,yes,,yes,contemporary_keep
work_1f2d549356fe466e,2024,Systematic annotation of a complete adult male Drosophila nerve cord connectome reveals princip…,10.1101/2023.06.05.543407,yes,acquisition;segmentation;proofreading;infrastructure;graph_analysis,fly,2024,contemporary,15,0,68,95,10,8,89,95,,yes,,yes,contemporary_keep
work_1f4e6682ef491cf4,2024,A simulated annealing algorithm for randomizing weighted networks,10.1038/s43588-024-00735-z,yes,proofreading;infrastructure;graph_analysis;modeling,,2024,contemporary,1,3,19,83,4,1,66,69,,yes,,yes,contemporary_keep
work_1f5bc11fd70f625f,2024,A petavoxel fragment of human cerebral cortex reconstructed at nanoscale resolution,10.1126/science.adk4858,yes,sectioning;segmentation;proofreading;infrastructure,mouse;human,2024,contemporary,79,22,295,100,13,8,97,99,,yes,,yes,contemporary_keep
work_1f5d00869279e1e0,2021,A whole-brain monosynaptic input connectome to neuron classes in mouse visual cortex,10.1038/s41593-022-01219-x,yes,proofreading;graph_analysis,mouse,2021,contemporary,2,3,69,91,5,3,58,40,,yes,,yes,contemporary_keep
work_2023cc62cedb365a,2021,Cross-modal coherent registration of whole mouse brains,10.1038/s41592-021-01334-w,yes,preparation;alignment;infrastructure;graph_analysis,mouse,2021,contemporary,1,1,81,93,2,1,60,48,,yes,,yes,contemporary_keep
work_2053a4edc9ac5a70,2018,Emulation of chemical stimulus triggered head movement in the C. elegans nematode,10.1016/j.neucom.2018.02.024,yes,infrastructure;modeling,elegans,2016–2018,history,1,0,13,21,1,0,63,23,,,,,history_below_bar
work_205b4deb6da9f5bb,2015,A joint graph inference case study: the C. elegans chemical and electrical connectomes,10.1080/21624054.2016.1142041,yes,graph_analysis,elegans,2010–2015,history,0,1,34,35,1,1,25,6,,,,,history_below_bar
work_20710f84520e8e6f,2020,Ubiquitin-dependent regulation of a conserved DMRT protein controls sexually dimorphic synaptic…,10.7554/elife.59614,yes,,elegans,2020,contemporary,0,1,26,59,1,0,25,20,,yes,,yes,contemporary_keep
work_20aa11e350125328,2019,Weakly Supervised Learning in Deformable EM Image Registration Using Slice Interpolation,10.1109/isbi.2019.8759290,yes,sectioning;alignment,,2019,contemporary,1,1,15,42,2,1,70,56,,,,,contemporary_below_bar
work_20e028bfe929110a,2019,"Big data in nanoscale connectomics, and the greed for training labels.",10.1016/j.conb.2019.03.012,yes,,,2019,contemporary,9,13,26,59,13,9,80,74,,yes,,yes,contemporary_keep
work_212bf25a53f211bd,2025,Polyadic synapses introduce unique wiring architectures in T5 cells of Drosophila,10.1101/2025.08.04.668437,yes,infrastructure;graph_analysis,fly,2025,sota,0,3,0,14,3,3,25,52,,,,,unproven_2025_low_inout
work_217b1be6afe9759a,2023,Gap junctions desynchronize a neural circuit to stabilize insect flight,10.1038/s41586-023-06099-0,yes,,fly,2023,contemporary,1,0,39,93,1,1,70,79,,yes,,yes,contemporary_keep
work_21a0251222df4d10,2025,Cracking the cadherin codes that wire the nervous system.,10.1016/j.conb.2025.103086,yes,proofreading;synapses,,2025,sota,0,2,2,51,2,2,25,52,,,,,unproven_2025_low_inout
work_21a6d978640a88d8,2011,Multiscale Exploration of Mouse Brain Microstructures Using the Knife-Edge Scanning Microscope …,10.3389/fninf.2011.00029,yes,sectioning;infrastructure,mouse,2010–2015,history,1,4,28,33,4,2,75,7,yes,,,yes,history_milestone
work_21c10d8f3b695a0c,2004,Serial Block-Face Scanning Electron Microscopy to Reconstruct Three-Dimensional Tissue Nanostru…,10.1371/journal.pbio.0020329,yes,preparation;sectioning;acquisition,,pre-2005,history,50,0,1627,85,13,0,99,98,yes,,,yes,history_milestone
work_21e3eb788432ac70,2019,Molecular basis of synaptic specificity by immunoglobulin superfamily receptors in Drosophila,10.7554/elife.41028,yes,segmentation,fly,2019,contemporary,1,0,36,65,1,0,58,23,,yes,,yes,contemporary_keep
work_21f9f7a18c9fab22,2021,Dendritic domain-specific sampling of long-range axons shapes feedforward and feedback connecti…,10.1523/jneurosci.1620-21.2022,yes,proofreading,,2021,contemporary,0,1,5,27,1,0,25,25,,,,,contemporary_below_bar
work_2215daaba2871f1f,2023,X-Ray2EM: Uncertainty-Aware Cross-Modality Image Reconstruction from X-Ray to Electron Microsco…,10.1109/isbi53787.2023.10230759,yes,acquisition;alignment;segmentation,,2023,contemporary,3,1,6,44,4,3,69,76,,yes,,yes,contemporary_keep
work_2241814d12e83665,2024,Gossamer: Scaling Image Processing and Reconstruction to Whole Brains,10.1101/2024.04.07.588466,yes,segmentation;proofreading;infrastructure;graph_analysis,mouse,2024,contemporary,0,5,1,16,3,1,25,44,,yes,,yes,contemporary_keep
work_2241b9b401acc9e2,2014,The Big Data Problem: Turning Maps into Knowledge,10.1016/j.neuron.2014.09.008,yes,,,2010–2015,history,0,2,19,34,2,2,25,4,,,,,history_below_bar
work_226671ea5a46bda3,2024,The fly connectome reveals a path to the effectome,10.1038/s41586-024-07982-0,yes,modeling,,2024,contemporary,10,14,36,92,13,8,84,90,,yes,,yes,contemporary_keep
work_22a069f788d55d8d,2018,The Allen Brain Atlas as a Resource for Teaching Undergraduate Neuroscience.,,yes,infrastructure,,2016–2018,history,0,1,22,37,1,1,25,13,,,,,history_below_bar
work_230753987e2feb16,2021,Reducing Manual Operation Time to Obtain a Segmentation Learning Model for Volume Electron Micr…,10.1093/jmicro/dfab025,yes,sectioning;acquisition;segmentation;proofreading,,2021,contemporary,0,2,5,27,2,0,25,25,,,,,contemporary_below_bar
work_233791307c27b82f,2022,U-RISC: An Annotated Ultra-High-Resolution Electron Microscopy Dataset Challenging the Existing…,10.3389/fncom.2022.842760,yes,segmentation;proofreading,,2022,contemporary,0,7,3,23,6,1,25,31,,yes,,yes,contemporary_keep
work_233d52315fe236ff,2013,The Rich Club of the C. elegans Neuronal Connectome,10.1523/jneurosci.3784-12.2013,yes,graph_analysis,elegans,2010–2015,history,74,3,330,86,13,5,98,98,yes,,,yes,history_milestone
work_234f011d0b64af9d,2017,Scalable volumetric imaging for ultrahigh-speed brain mapping at synaptic resolution,10.1093/nsr/nwz053,yes,acquisition;infrastructure,mouse,2016–2018,history,0,1,69,65,1,1,25,10,yes,,,yes,history_milestone
work_239dd3ff619a0a41,2020,An anatomical substrate of credit assignment in reinforcement learning,10.1101/2020.02.18.954354,yes,acquisition;modeling,other,2020,contemporary,5,9,16,44,11,5,84,87,,yes,,yes,contemporary_keep
work_241b54c819ff405b,2020,FlyWire: Online community for whole-brain connectomics,10.1038/s41592-021-01330-0,yes,acquisition;segmentation;proofreading;infrastructure;graph_analysis,fly,2020,contemporary,107,27,242,97,13,9,98,99,,yes,,yes,contemporary_keep
work_241c36d5a902c316,2023,High-Speed Automated Reconstruction of Drosophila Larval Brain from Volumetric EM Data,10.1109/embc40787.2023.10340599,yes,sectioning;segmentation;proofreading,fly,2023,contemporary,1,5,1,13,6,3,51,42,,yes,,yes,contemporary_keep
work_24591202ea00f970,2026,From Connectome to Cognition: Building the First Digital Organism,10.59973/ipil.361,yes,modeling,fly,2026,sota,0,0,0,35,0,0,25,61,,,,,unproven_2026_low_out
work_249e338ceaff8555,2025,Predicting Neural Activity from Connectome Embedding Spaces,10.1101/2025.05.09.653224,yes,preparation;alignment;segmentation;graph_analysis,mouse,2025,sota,0,6,0,14,5,4,25,52,,,,,unproven_2025_low_inout
work_24bd85a7ab47ee4f,2024,Asymmetry in synaptic connectivity balances redundancy and reachability in the Caenorhabditis e…,10.1016/j.isci.2024.110713,yes,synapses,elegans,2024,contemporary,1,5,2,23,6,5,54,67,,yes,,yes,contemporary_keep
work_24bfd39410f98c5d,2021,"Optical volumetric brain imaging: speed, depth, and resolution enhancement",10.1088/1361-6463/abff7b,yes,acquisition,,2021,contemporary,0,1,14,49,1,0,25,25,,,,,contemporary_below_bar
work_24c9d58c113a2b86,2019,"Toward A Reproducible, Scalable Framework for Processing Large Neuroimaging Datasets",10.1101/615161,yes,infrastructure;graph_analysis,,2019,contemporary,1,11,9,28,9,9,67,68,,yes,,yes,contemporary_keep
work_24db0b13f227c74f,2024,The emergence of multiscale connectomics-based approaches in stroke recovery.,10.1016/j.tins.2024.01.003,yes,infrastructure;graph_analysis,,2024,contemporary,0,3,20,85,3,1,25,44,,yes,,yes,contemporary_keep
work_2503c00ea4586a10,2021,Ascaris suum Informs Extrasynaptic Volume Transmission in Nematodes,10.1021/acschemneuro.1c00281,yes,,elegans,2021,contemporary,2,2,13,46,4,2,68,72,,yes,,yes,contemporary_keep
work_2521d618f4568e57,2020,The connectome predicts resting state functional connectivity across the Drosophila brain,10.1101/2020.12.11.422105,yes,graph_analysis,fly,2020,contemporary,10,16,33,67,13,8,82,81,,yes,,yes,contemporary_keep
work_2528fed4e090c0a8,2026,"Brain-wide mapping of oligodendrocyte organization, oligodendrogenesis, and myelin injury",10.1016/j.cell.2026.01.025,yes,,mouse,2026,sota,0,4,4,96,4,4,25,61,,,yes,yes,sota_2026_out
work_252fbf1a961aaf60,2023,Efficient Search for Circuit Structure by ‘Smooth-Index’ Matrix-Reordering,10.1101/2023.09.26.559501,yes,acquisition;graph_analysis,,2023,contemporary,0,10,0,6,8,2,25,37,,yes,,yes,contemporary_keep
work_2547e9b9bab8dbf7,2025,Histopathological and ultrastructural changes in different cell types during ischemic and hemor…,10.1016/j.arr.2025.102846,yes,acquisition,,2025,sota,0,2,4,68,2,2,25,52,,,,,unproven_2025_low_inout
work_2566caf4396eb201,2016,Toward Whole-Body Connectomics,10.1523/jneurosci.2930-16.2016,yes,,elegans,2016–2018,history,2,2,25,37,4,4,73,40,yes,,,yes,history_milestone
work_256bc6e4bfbd9156,2019,Dynamic Computational Model of the Human Spinal Cord Connectome,10.1162/neco_a_01159,yes,segmentation;modeling,,2019,contemporary,0,4,10,31,4,3,25,16,,yes,,yes,contemporary_keep
work_25acfacf034337ac,2017,Toward a neurocentric view of learning,10.1016/j.neuron.2017.05.021,yes,,,2016–2018,history,1,0,187,84,1,1,59,28,yes,,,yes,history_milestone
work_25b09c5094797891,2026,Structure of the Beat–Side complex reveals their interaction is required for neuromuscular syst…,10.1016/j.celrep.2026.117661,yes,graph_analysis,fly,2026,sota,0,1,0,35,1,1,25,61,,,,,unproven_2026_low_out
work_25d6f758bfb64d9f,2026,Synchronization properties in C. elegans: Relating behavioral circuits to structural and functi…,10.64898/2026.03.23.713580,yes,infrastructure;graph_analysis;modeling,elegans,2026,sota,0,0,0,35,0,0,25,61,,,,,unproven_2026_low_out
work_25d9bf42bedbc0f2,2017,FIJI Macro 3D ART VeSElecT: 3D Automated Reconstruction Tool for Vesicle Structures of Electron…,10.1371/journal.pcbi.1005317,yes,alignment;segmentation;proofreading,elegans;zebrafish,2016–2018,history,0,3,12,20,3,3,25,10,yes,,,yes,history_milestone
work_26258e955007b315,2020,Modelling the impact of structural directionality on connectome-based models of neural activity,10.1093/comnet/cnaa033,yes,proofreading;graph_analysis;modeling,elegans,2020,contemporary,0,1,5,25,1,0,25,20,,,,,contemporary_below_bar
work_26581c4cc7535660,2015,Development of a Big Data Framework for Connectomic Research,,yes,infrastructure,mouse,2010–2015,history,0,2,2,3,2,2,25,6,,,,,history_below_bar
work_26da5d45d3f7fc2c,2023,Neuronal motifs reveal backbone structure and influential neurons of neural network in C. elega…,10.1093/comnet/cnad013,yes,graph_analysis,elegans,2023,contemporary,1,3,2,20,4,1,52,47,,yes,,yes,contemporary_keep
work_270d1e87908e8ca8,2022,The Understanding of ON-Edge Motion Detection Through the Simulation Based on the Connectome of…,10.20965/jrm.2022.p0795,yes,modeling,fly,2022,contemporary,0,1,0,5,1,0,25,31,,,,,contemporary_below_bar
work_2713518d047c5d83,2013,DP2: Distributed 3D image segmentation using micro-labor workforce,10.1093/bioinformatics/btt154,yes,segmentation;proofreading;infrastructure,,2010–2015,history,2,1,23,30,3,3,74,18,yes,,,yes,history_milestone
work_2722e2d5037a3f42,2018,Normalised degree variance,10.1007/s41109-020-00273-3,yes,graph_analysis,,2016–2018,history,0,0,17,27,0,0,25,13,,,,,history_below_bar
work_2732032b9e6241eb,2025,Cross-modal cell nucleus point clouds non-rigid registration for multiscale brain structure ana…,10.1093/bib/bbaf631.029,yes,alignment;infrastructure,human,2025,sota,0,1,0,14,1,1,25,52,,,,,unproven_2025_low_inout
work_27862cae1d42d251,2025,Evaluating ultrastructural preservation quality in banked brain tissue,10.1101/2025.05.09.652503,yes,preparation,,2025,sota,0,3,3,61,3,2,25,52,,,,,unproven_2025_low_inout
work_27e18aa6bae94e96,2020,Postnatal connectomic development of inhibition in mouse barrel cortex,10.1126/science.abb4534,yes,segmentation,mouse,2020,contemporary,15,2,75,85,10,7,94,95,,yes,,yes,contemporary_keep
work_28104a254c26cffb,2019,Synaptic inputs from identified bipolar and amacrine cells to a sparsely branched ganglion cell…,10.1017/s0952523819000014,yes,acquisition,mouse,2019,contemporary,4,7,11,34,6,3,82,85,,yes,,yes,contemporary_keep
work_2839d159b329c51e,2020,Graph Matching Based Connectomic Biomarker with Learning for Brain Disorders,10.1007/978-3-030-60365-6_13,yes,graph_analysis,,2020,contemporary,0,0,6,28,0,0,25,20,,,,,contemporary_below_bar
work_28c6a067561d25a1,2006,Towards neural circuit reconstruction with volume electron microscopy techniques.,10.1016/j.conb.2006.08.010,yes,acquisition;graph_analysis,,2005–2009,history,6,0,298,62,6,0,99,99,yes,,,yes,history_milestone
work_28f6b028bce5063b,2024,Synaptic architecture of leg and wing premotor control networks in Drosophila,10.1038/s41586-024-07600-z,yes,,fly,2024,contemporary,1,9,4,38,8,8,56,56,,yes,,yes,contemporary_keep
work_290cd41d89217d98,2021,Uncovering Statistical Links Between Gene Expression and Structural Connectivity Patterns in th…,10.1007/s12021-021-09511-0,yes,proofreading,mouse,2021,contemporary,0,2,4,23,2,0,25,25,,,,,contemporary_below_bar
work_29a46ffc83e815f5,2024,NeuroSC: Exploring Neurodevelopment via Spatiotemporal Collation of Anatomical Networks,10.1101/2024.08.27.609993,yes,acquisition;infrastructure;graph_analysis,elegans,2024,contemporary,1,17,2,23,12,7,54,67,,yes,,yes,contemporary_keep
work_29f2f0197383d513,2016,RhoanaNet Pipeline: Dense Automatic Neural Annotation,,yes,segmentation;proofreading;infrastructure;graph_analysis,mouse,2016–2018,history,11,8,23,35,12,9,94,92,yes,,,yes,history_milestone
work_2a2fe8f95bb73f03,2015,Principles of connectivity among morphologically defined cell types in adult neocortex,10.1126/science.aac9462,yes,preparation;graph_analysis,mouse,2010–2015,history,8,0,838,95,7,2,88,84,yes,,,yes,history_milestone
work_2a3d2820efed2cfe,2022,Saturated reconstruction of living brain tissue,10.1101/2022.03.16.484431,yes,,mouse,2022,contemporary,0,3,6,39,3,2,25,31,,yes,,yes,contemporary_keep
work_2a895c41d7dc42a3,2021,"Title: Multi-Scale LM/EM Neuronal Imaging from Brain to Synapse with a Tissue Clearing Method, …",10.1101/2021.04.02.438164,yes,,mouse,2021,contemporary,0,5,2,15,5,0,25,25,,yes,,yes,contemporary_keep
work_2a92ba160393c193,2025,From Sensory Detection to Motor Action: The Comprehensive Drosophila Taste-Feeding Connectome,10.1101/2025.08.25.671814,yes,infrastructure;graph_analysis,fly,2025,sota,2,9,7,80,7,6,69,78,,,yes,yes,sota_2025_out_and_in
work_2aa86c956dc4b3e6,2026,A comprehensive mechanosensory connectome reveals a somatotopically organized neural circuit ar…,10.7554/elife.108044,yes,sectioning;synapses,fly,2026,sota,0,12,0,35,9,7,25,61,,,yes,yes,sota_2026_out
work_2ac6946a28922c27,2026,"Deep-learning-assisted simulation of a cortical circuit: integrating anatomy, physiology and fu…",10.64898/2026.03.13.711751,yes,infrastructure;modeling,mouse,2026,sota,0,0,4,96,0,0,25,61,,,,,unproven_2026_low_out
work_2b1f5c4232c107d1,2016,Cell type-specific long-range connections of basal forebrain circuit,10.7554/elife.13214,yes,proofreading;graph_analysis,mouse,2016–2018,history,0,1,158,77,1,1,25,8,yes,,,yes,history_milestone
work_2b60bd560e430bed,2018,OpenWorm: overview and recent advances in integrative biological simulation of Caenorhabditis e…,10.1098/rstb.2017.0382,yes,infrastructure;modeling,elegans,2016–2018,history,6,3,101,85,7,3,80,80,yes,,,yes,history_milestone
work_2b726124d8738bea,2022,Heavy-tailed neuronal connectivity arises from Hebbian self-organization,10.1038/s41567-023-02332-9,yes,,,2022,contemporary,4,4,58,89,7,4,73,71,,yes,,yes,contemporary_keep
work_2b7e525a9a17d163,2023,The structure and function of neural connectomes are shaped by a small number of design princip…,10.1101/2023.03.15.532611,yes,infrastructure;graph_analysis;modeling,elegans;zebrafish,2023,contemporary,3,12,11,65,13,8,62,68,,yes,,yes,contemporary_keep
work_2c23ff2f9ed14485,2022,Multi-layered maps of neuropil with segmentation-guided contrastive learning,10.1038/s41592-023-02059-8,yes,segmentation;proofreading;synapses,mouse,2022,contemporary,11,11,32,78,13,8,87,93,,yes,,yes,contemporary_keep
work_2c3d7740e61c43c2,2025,Decoding neuronal wiring by joint inference of cell identity and synaptic connectivity,10.1101/2025.03.04.640006,yes,proofreading,fly,2025,sota,0,0,0,14,0,0,25,52,,,,,unproven_2025_low_inout
work_2c6fe44c1be1c300,2013,Cellular-resolution connectomics: challenges of dense neural circuit reconstruction,10.1038/nmeth.2476,yes,acquisition;proofreading;graph_analysis,,2010–2015,history,74,1,305,84,13,9,100,100,yes,,,yes,history_milestone
work_2c8025ad84de41d1,2026,FLYNN: Robust Neural Network for Robot Navigation using Fly Brain Topology,,yes,graph_analysis,fly,2026,sota,0,5,0,35,4,3,25,61,,,yes,yes,sota_2026_out
work_2cc0677e9c1d540a,2016,Vision and Locomotion Shape the Interactions between Neuron Types in Mouse Visual Cortex,10.1101/058396,yes,,mouse,2016–2018,history,0,0,293,91,0,0,25,8,yes,,,yes,history_milestone
work_2cc3229a1ee783db,2024,FUNCTIONS OF C. ELEGANS NEURONS FROM SYNAPTIC CONNECTIVITY,10.1101/2024.03.08.584145,yes,graph_analysis,elegans,2024,contemporary,2,0,3,30,2,2,71,80,,,,,contemporary_below_bar
work_2cd8a8967328e13a,2020,A perspective on C. elegans neurodevelopment: from early visionaries to a booming neuroscience …,10.1080/01677063.2020.1837799,yes,,elegans,2020,contemporary,1,4,26,59,5,2,60,48,,yes,,yes,contemporary_keep
work_2d23fc156da4f7ce,2019,TraceMontage: a Method for Merging Multiple Independent Neuronal Traces,10.1101/703900,yes,preparation;proofreading;graph_analysis,,2019,contemporary,0,1,2,10,1,0,25,16,,,,,contemporary_below_bar
work_2d64fdbc21798739,2023,Data-driven motif discovery in biological neural networks,10.1101/2023.10.16.562590,yes,acquisition;graph_analysis,elegans,2023,contemporary,2,16,2,20,12,8,64,66,,yes,,yes,contemporary_keep
work_2d9db6a73a195b1d,2014,Generation of dense statistical connectomes from sparse morphological data,10.3389/fnana.2014.00129,yes,,other,2010–2015,history,4,4,172,87,7,5,86,81,yes,,,yes,history_milestone
work_2dd964b0e399a1fe,2016,From Cajal to Connectome and Beyond.,10.1146/annurev-neuro-071714-033954,yes,,,2016–2018,history,32,4,157,76,12,6,96,95,yes,,,yes,history_milestone
work_2df062ae66c16e94,2015,Community Detection and Classification in Hierarchical Stochastic Blockmodels,10.1109/tnse.2016.2634322,yes,preparation;infrastructure;graph_analysis;modeling,fly,2010–2015,history,0,1,162,72,1,1,25,6,yes,,,yes,history_milestone
work_2df8be6327964093,2021,Desmosomal connectomics of all somatic muscles in an annelid larva,10.1101/2021.06.09.447732,yes,acquisition;segmentation;proofreading;graph_analysis,other,2021,contemporary,1,11,2,15,11,3,53,40,,yes,,yes,contemporary_keep
work_2e135d4ee49a93d1,2010,From the Connectome to the Synaptome: An Epic Love Story,10.1126/science.1193378,yes,,,2010–2015,history,7,0,171,75,4,3,88,82,yes,,,yes,history_milestone
work_2e7057c9bdb34818,2022,Bisected graph matching improves automated pairing of bilaterally homologous neurons from conne…,10.1101/2022.05.19.492713,yes,graph_analysis;modeling,,2022,contemporary,0,11,0,5,9,5,25,31,,yes,,yes,contemporary_keep
work_2e89582f1e165cd3,2018,Convergence of monosynaptic and polysynaptic sensory paths onto common motor outputs in a Droso…,10.7554/elife.40247,yes,,fly,2016–2018,history,8,6,57,73,12,6,82,79,yes,,,yes,history_milestone
work_2e8cffa3e3b6ba52,2020,Activity regulates brain development in the fly.,10.1016/j.gde.2020.04.005,yes,,fly,2020,contemporary,1,2,22,54,3,1,58,34,,yes,,yes,contemporary_keep
work_2ebee200d32da75a,2020,Raising the Connectome: The Emergence of Neuronal Activity and Behavior in Caenorhabditis elega…,10.3389/fncel.2020.524791,yes,modeling,elegans,2020,contemporary,2,9,13,39,9,2,68,67,,yes,,yes,contemporary_keep
work_2edafa9fb5f29e82,2022,A single-cell resolution gene expression atlas of the larval zebrafish brain,10.1101/2022.02.11.479024,yes,segmentation;proofreading,zebrafish,2022,contemporary,1,2,85,95,2,1,66,81,,yes,,yes,contemporary_keep
work_2f0f73920e21ef45,2026,Mitotic lineage adds predictive information beyond cell type in the C. elegans connectome,10.1101/2022.11.01.514680,yes,,elegans,2026,sota,0,4,0,35,4,3,25,61,,,yes,yes,sota_2026_out
work_2f4a13ea9aef920f,2023,Impact of Retinal Degeneration on Response of ON and OFF Cone Bipolar Cells to Electrical Stimu…,10.1109/tnsre.2023.3276431,yes,modeling,mouse,2023,contemporary,1,2,7,51,3,2,51,47,,yes,,yes,contemporary_keep
work_2f671ade1d1c2e2c,2025,Sexually-dimorphic neurons in the Drosophila whole-brain connectome,10.21203/rs.3.rs-6881911/v1,yes,,fly,2025,sota,0,14,0,14,10,8,25,52,,,,,unproven_2025_low_inout
work_2f6b66120e640199,2021,Synaptic inputs to broad thorny ganglion cells in macaque retina,10.1002/cne.25156,yes,sectioning;acquisition,other,2021,contemporary,3,6,14,49,6,3,77,79,,yes,,yes,contemporary_keep
work_2f968b5df6b0dd3d,2022,The connectome of an insect brain,10.1126/science.add9330,yes,graph_analysis,fly,2022,contemporary,49,21,359,100,13,9,94,96,,yes,,yes,contemporary_keep
work_2fe794228645ab5f,2025,Emergence of clustered synapses during the development of a nervous system,10.1186/s12915-026-02539-1,yes,,elegans,2025,sota,0,8,0,14,8,4,25,52,,,,,unproven_2025_low_inout
work_2fec1e83fce4a3a0,2022,A graph network model for neural connection prediction and connection strength estimation,10.1088/1741-2552/ac69bd,yes,graph_analysis,elegans,2022,contemporary,0,6,4,28,6,0,25,31,,yes,,yes,contemporary_keep
work_2ff133b450151f26,2023,"Architectural organization of ∼1,500-neuron modular minicolumnar disinhibitory circuits in heal…",10.1016/j.celrep.2023.112904,yes,acquisition,mouse,2023,contemporary,0,2,5,39,2,2,25,37,,,,,contemporary_below_bar
work_2ff20dedc643aaf0,2011,Inferring Synaptic Connectivity from Spatio-Temporal Spike Patterns,10.3389/fncom.2011.00003,yes,graph_analysis,,2010–2015,history,1,0,21,22,1,1,75,14,,,,,history_below_bar
work_30755daec3a98a3c,2019,Spectral peculiarity and criticality of a human connectome.,10.1016/j.plrev.2019.07.003,yes,graph_analysis,,2019,contemporary,1,4,12,35,4,3,71,57,,yes,,yes,contemporary_keep
work_308f5478abdb4fa4,2014,Two-sample Hypothesis Testing for Random Dot Product Graphs via Adjacency Spectral Embedding,,yes,preparation;graph_analysis,elegans,2010–2015,history,0,0,1,7,0,0,25,4,,,,,history_below_bar
work_30981973267aabd1,2024,A circuit motif for color in the human foveal retina,10.1073/pnas.2405138121,yes,graph_analysis,mouse,2024,contemporary,1,3,9,60,4,3,55,66,,yes,,yes,contemporary_keep
work_30a1ebdb4c3baaba,2024,EM-Compressor: Electron Microscopy Image Compression in Connectomics with Variational Autoencod…,10.1101/2024.07.07.601368,yes,segmentation;infrastructure,human,2024,contemporary,2,7,3,30,6,4,69,73,,yes,,yes,contemporary_keep
work_30ab633401383953,2026,Semi-Automatic Correction of 3D Tubular Structure Skeletons via Component-Wise MST and Filtered…,10.1145/3805622.3810782,yes,proofreading;graph_analysis;modeling,,2026,sota,0,0,0,35,0,0,25,61,,,,,unproven_2026_low_out
work_30b183a150c2351a,2025,Controlling Reciprocity in Binary and Weighted Networks: A Novel Density-Conserving Approach,10.1101/2024.11.24.625064,yes,infrastructure;graph_analysis,,2025,sota,1,1,4,68,2,1,66,76,,,,,unproven_2025_low_inout
work_30b9fcdedb89207a,2016,Quantifying Mesoscale Neuroanatomy Using X-Ray Microtomography,10.1523/eneuro.0195-17.2017,yes,preparation;segmentation;graph_analysis,mouse,2016–2018,history,3,3,87,71,6,5,69,47,yes,,,yes,history_milestone
work_3124a20f92cb886a,2024,Cell type-specific connectome predicts distributed working memory activity in the mouse brain,10.7554/elife.85442,yes,preparation;infrastructure;graph_analysis,mouse,2024,contemporary,0,1,14,77,1,0,25,44,,yes,,yes,contemporary_keep
work_31486f2a35f6fd01,2024,Connectome-based prediction of functional impairment in experimental stroke models,10.1371/journal.pone.0310743,yes,infrastructure;graph_analysis,other,2024,contemporary,1,2,3,30,3,1,56,68,,yes,,yes,contemporary_keep
work_3167944ed8876ef1,2019,Multilevel feedback architecture for adaptive regulation of learning in the insect brain,10.1101/649731,yes,graph_analysis,fly,2019,contemporary,0,3,10,31,3,3,25,16,,yes,,yes,contemporary_keep
work_318843cf74d33350,2023,New Challenges for Anatomists in the Era of Omics,10.3390/diagnostics13182963,yes,,,2023,contemporary,0,1,4,35,1,1,25,37,,,,,contemporary_below_bar
work_31955c620b12a810,2020,An efficient analytical reduction of detailed nonlinear neuron models,10.1038/s41467-019-13932-6,yes,infrastructure;modeling,,2020,contemporary,0,1,38,71,1,0,25,20,,yes,,yes,contemporary_keep
work_31d1fee6f2ffabfe,2020,The connectome of the adult Drosophila mushroom body provides insights into function,10.7554/elife.62576,yes,,fly,2020,contemporary,62,16,289,98,13,9,97,98,,yes,,yes,contemporary_keep
work_31e342d0d3149cd8,2011,Functional specificity of local synaptic connections in neocortical networks,10.1038/nature09880,yes,,mouse,2010–2015,history,5,0,868,98,5,2,95,91,yes,,,yes,history_milestone
work_3237794822a671c6,2019,Modality-specific circuits for skylight orientation in the fly visual system,10.1101/638171,yes,,,2019,contemporary,2,1,38,67,3,1,61,28,,yes,,yes,contemporary_keep
work_324fa11700fbfc52,2018,Breaking Barriers of FIB-SEM for Large Volume Connectomics and Cell Biology,10.1017/s1431927618006621,yes,sectioning;acquisition;alignment;proofreading,,2016–2018,history,1,1,1,7,2,1,75,41,,,,,history_below_bar
work_3250041480d5bfbb,2024,Scalable electron tomography for connectomics,10.1101/2024.06.05.597487,yes,sectioning;infrastructure;graph_analysis,,2024,contemporary,0,2,2,23,2,1,25,44,,,,,contemporary_below_bar
work_32508f097eb3c1ce,2016,Reconstruction of Neural Circuits Using Serial Block-Face Scanning Electron Microscopy,10.9729/am.2016.46.2.100,yes,sectioning;acquisition;alignment;segmentation,other,2016–2018,history,0,5,3,15,4,3,25,8,yes,,,yes,history_milestone
work_32511d828fc70ade,2026,Connectome-scale self-supervised representation learning reveals neuronal organization beyond c…,10.64898/2026.06.30.735468,yes,preparation;proofreading;synapses;infrastructure;graph_analysis,fly,2026,sota,0,12,0,35,10,8,25,61,,,yes,yes,sota_2026_out
work_32632f2c4700ef08,2021,Three-Dimensional Structure of Dendritic Spines Revealed by Volume Electron Microscopy Techniqu…,10.3389/fnana.2021.627368,yes,sectioning;acquisition;segmentation;graph_analysis,,2021,contemporary,2,19,13,46,12,1,83,82,,yes,,yes,contemporary_keep
work_32bc69744c269989,2023,Heterogeneity of synaptic connectivity in the fly visual system,10.1038/s41467-024-45971-z,yes,graph_analysis,fly,2023,contemporary,4,10,13,70,11,8,79,83,,yes,,yes,contemporary_keep
work_32e52d5bd99d53cf,2019,Perfusion fixation in brain banking: a systematic review,10.1186/s40478-019-0799-y,yes,preparation;proofreading;infrastructure,,2019,contemporary,0,2,74,86,2,2,25,16,,yes,,yes,contemporary_keep
work_33349c24be53087b,2026,Optimized genetic tracers for viral mediated neuronal projection mapping,10.1186/s11658-026-00894-z,yes,preparation;proofreading;infrastructure;graph_analysis,,2026,sota,0,1,2,89,1,0,25,61,,,,,unproven_2026_low_out
work_333df38005e93b84,2025,A distribution-aware semi-supervised pipeline for cost-effective neuron segmentation,10.1016/j.isci.2025.114507,yes,segmentation;proofreading;infrastructure;graph_analysis,,2025,sota,0,3,0,14,3,1,25,52,,,,,unproven_2025_low_inout
work_3356ffe4646dbcae,2021,"The conserved core of the nereid brain: Circular CNS, apical nervous system and lhx6-arx-dlx ne…",10.1016/j.conb.2021.11.008,yes,acquisition,other,2021,contemporary,1,4,5,27,5,3,53,40,,yes,,yes,contemporary_keep
work_339286588e4c34ee,2025,Connectomic analysis of astrocyte-synapse interactions in the cerebral cortex,10.1101/2025.02.20.639274,yes,synapses,mouse,2025,sota,0,0,0,14,0,0,25,52,,,,,unproven_2025_low_inout
work_34a1d7dbc52da5e7,2022,Identifying vulnerable brain networks associated with Alzheimer's disease risk.,10.1093/cercor/bhac419,yes,graph_analysis,,2022,contemporary,0,0,17,65,0,0,25,31,,yes,,yes,contemporary_keep
work_34df5eb3d913abe2,2024,Discovering motifs to fingerprint multi-layer networks: a case study on the connectome of C. El…,10.1140/epjb/s10051-024-00848-4,yes,graph_analysis,elegans,2024,contemporary,1,6,1,16,6,2,52,56,,yes,,yes,contemporary_keep
work_354bd14e8f435b6f,2014,Toward large-scale connectome reconstructions.,10.1016/j.conb.2014.01.019,yes,segmentation,,2010–2015,history,31,4,88,73,12,9,98,99,yes,,,yes,history_milestone
work_354df85e2024b100,2025,Descending neurons integrate learnt information from mushroom body with context to promote esca…,10.1101/2025.09.30.679458,yes,,fly,2025,sota,0,2,0,14,2,1,25,52,,,,,unproven_2025_low_inout
work_357cbef074c8c0cb,2020,Prediction of a Cell-Class-Specific Mouse Mesoconnectome Using Gene Expression Data,10.1007/s12021-020-09471-x,yes,,mouse,2020,contemporary,0,3,4,21,3,0,25,20,,yes,,yes,contemporary_keep
work_35ff62d34b104b23,2019,An Effective Encoder-Decoder Network for Neural Cell Bodies and Cell Nucleus Segmentation of EM…,10.1109/embc.2019.8857887,yes,segmentation;infrastructure,,2019,contemporary,1,1,7,25,2,1,51,18,,,,,contemporary_below_bar
work_36162776d7c53766,2014,Multilayer Analysis and Visualization of Networks,10.1093/comnet/cnu038,yes,graph_analysis,,2010–2015,history,2,0,406,97,2,1,86,84,yes,,,yes,history_milestone
work_363f7d32a40b6f99,2013,Structural and functional analysis of single neurons to correlate synaptic connectivity with gr…,10.1038/nprot.2013.157,yes,,fly,2010–2015,history,2,0,16,24,2,0,69,5,,,,,history_below_bar
work_36602f0170e09b02,2024,A Drosophila computational brain model reveals sensorimotor processing,10.1038/s41586-024-07763-9,yes,modeling,fly,2024,contemporary,8,8,76,96,9,8,83,88,,yes,,yes,contemporary_keep
work_36cfd0a40b9962e3,2023,Integrating EM and Patch-seq data: Synaptic connectivity and target specificity of predicted Ss…,10.1101/2023.03.22.533857,yes,,mouse,2023,contemporary,3,5,8,56,6,4,80,88,,yes,,yes,contemporary_keep
work_37030834c8ad719e,2012,Stability of Presynaptic Vesicle Pools and Changes in Synapse Morphology in the Amygdala Follow…,10.1002/cne.22691,yes,sectioning;acquisition;infrastructure,other,2010–2015,history,1,0,35,38,1,1,71,35,,,,,history_below_bar
work_3763d0d7b8bb342e,2021,Model-based Comparison of Current Flow in Rod Bipolar Cells of Healthy and Early-Stage Degenera…,10.1016/j.exer.2021.108554,yes,sectioning;acquisition;modeling,mouse,2021,contemporary,2,7,11,43,4,2,76,78,,yes,,yes,contemporary_keep
work_37c69c4f5cf51e0f,2026,Probing molecular diversity and ultrastructure of brain cells with fluorescent aptamers,10.1038/s41467-026-72180-7,yes,segmentation;graph_analysis,,2026,sota,0,3,1,77,3,3,25,61,,,yes,yes,sota_2026_out
work_37dddd285c63a03f,2017,Toward Streaming Synapse Detection with Compositional ConvNets,,yes,segmentation;synapses;graph_analysis,mouse,2016–2018,history,7,10,11,17,12,9,86,88,yes,,,yes,history_milestone
work_37de4cdb46f24752,2021,The mouse cortico–basal ganglia–thalamic network,10.1038/s41586-021-03993-3,yes,graph_analysis,mouse,2021,contemporary,1,1,261,98,2,1,57,47,,yes,,yes,contemporary_keep
work_37e566981828c484,2019,Semi-Supervised Learning for Electron Microscopy Image Segmentation,10.1609/aaai.v33i01.330110047,yes,segmentation,,2019,contemporary,0,1,1,7,1,1,25,16,,,,,contemporary_below_bar
work_38787b35074da840,2015,Three-dimensional volume imaging with electron microscopy toward connectome.,10.1093/jmicro/dfu112,yes,sectioning;acquisition;segmentation,,2010–2015,history,2,1,38,37,3,2,65,15,yes,,,yes,history_milestone
work_38b49edc6e3d2483,2014,Exploring the third dimension: volume electron microscopy comes of age.,10.1016/j.micron.2014.01.009,yes,sectioning;acquisition,,2010–2015,history,4,2,331,95,5,3,76,42,yes,,,yes,history_milestone
work_394d3760042a2c10,2019,A multilayer circuit architecture for the generation of distinct locomotor behaviors in Drosoph…,10.7554/elife.51781,yes,segmentation;graph_analysis,fly,2019,contemporary,7,3,93,89,8,3,86,87,,yes,,yes,contemporary_keep
work_397f26a63b62d9c9,2026,Eyewire II – A connectomic resource for resolving cell types and circuits of the mouse retina,10.64898/2026.05.28.727403,yes,alignment;proofreading;graph_analysis,mouse,2026,sota,0,20,0,35,9,4,25,61,,,yes,yes,sota_2026_out
work_39a3b67a9fbfbeff,2023,Overlap and divergence of neural circuits mediating distinct behavioral responses to sugar,10.1101/2023.10.01.560401,yes,,fly,2023,contemporary,0,3,10,62,3,3,25,37,,yes,,yes,contemporary_keep
work_39c260e37ed45039,1986,The structure of the nervous system of the nematode Caenorhabditis elegans,10.1098/rstb.1986.0056,yes,sectioning;graph_analysis,elegans,pre-2005,history,135,0,5857,100,13,0,100,98,yes,,,yes,history_milestone
work_39cd5f0563d3d522,2011,Macaque structural connectivity revisited: CoCoMac 2.0,10.1186/1471-2202-12-s1-p72,yes,proofreading;infrastructure;graph_analysis;modeling,other,2010–2015,history,0,0,7,11,0,0,25,1,,,,,history_below_bar
work_3a523e380e464fb1,2023,Tensor formalism for predicting synaptic connections with ensemble modeling or optimization,,yes,infrastructure,zebrafish,2023,contemporary,1,0,1,13,1,1,60,66,,,,,contemporary_below_bar
work_3a65e3433ca551c8,2022,Unusual Mathematical Approaches Untangle Nervous Dynamics,10.3390/biomedicines10102581,yes,infrastructure;graph_analysis,,2022,contemporary,0,2,3,23,2,0,25,31,,,,,contemporary_below_bar
work_3a7d7c9c03116da4,2023,Compression-based inference of network motif sets,10.1371/journal.pcbi.1012460,yes,infrastructure;graph_analysis,,2023,contemporary,0,4,5,39,4,2,25,37,,yes,,yes,contemporary_keep
work_3a8e55c0032e0c3d,2018,Connectomic Identification and Three-Dimensional Color Tuning of S-OFF Midget Ganglion Cells in…,10.1523/jneurosci.0778-19.2019,yes,sectioning,other,2016–2018,history,6,2,45,64,6,1,87,87,yes,,,yes,history_milestone
work_3ab4cb0af089d3c4,2024,Geometry and dynamics of representations in a precisely balanced memory network related to olfa…,10.7554/elife.96303,yes,,zebrafish,2024,contemporary,0,1,9,60,1,1,25,44,,yes,,yes,contemporary_keep
work_3ab7d874f89ab83f,2024,Wavenumber-dependent transmission of subthreshold waves on electrical synapses network model of…,10.1101/2024.06.13.598855,yes,graph_analysis;modeling,elegans,2024,contemporary,0,1,0,7,1,0,25,44,,,,,contemporary_below_bar
work_3ac30b4e3160787e,2011,Reconstruction of complete connectivity matrix for connectomics by sampling neural connectivity…,10.1016/j.jneumeth.2011.01.021,yes,graph_analysis;modeling,elegans,2010–2015,history,2,1,11,20,3,2,74,11,yes,,,yes,history_milestone
work_3ac7168aedad246c,2022,Neuroimaging and thalamic connectomics in epilepsy neuromodulation.,10.1016/j.eplepsyres.2022.106916,yes,,,2022,contemporary,0,0,12,56,0,0,25,31,,yes,,yes,contemporary_keep
work_3af5c3b4454d1441,2018,Domain Adaptive Segmentation In Volume Electron Microscopy Imaging,10.1109/isbi.2019.8759383,yes,sectioning;acquisition;segmentation;proofreading;graph_analysis,,2016–2018,history,2,2,49,69,4,3,64,34,yes,,,yes,history_milestone
work_3bbd2ba2336e3d65,2026,The larval Drosophila mushroom body balances lateralized sensing and interhemispheric integrati…,10.1101/2025.03.02.641007,yes,,fly,2026,sota,0,2,0,35,2,1,25,61,,,,,unproven_2026_low_out
work_3beb8aa4ca1a3268,2025,Developmental Connectomics of the Mouse Cerebellum,10.1101/2025.09.15.676403,yes,,mouse,2025,sota,0,9,0,14,8,5,25,52,,,,,unproven_2025_low_inout
work_3caddbc3b20ff02f,2017,Modelling plasticity in dendrites: from single cells to networks.,10.1016/j.conb.2017.08.013,yes,modeling,,2016–2018,history,1,1,30,40,2,1,56,14,,,,,history_below_bar
work_3cc21ebfdfd82947,2024,Two- and three-dimensional electron microscopy techniques: powerful tools for studying the brai…,10.4103/atn.atn-d-24-00009,yes,acquisition,,2024,contemporary,0,6,5,45,6,3,25,44,,yes,,yes,contemporary_keep
work_3cce75d511ef6842,2014,Structured synaptic connectivity between hippocampal regions.,10.1016/j.neuron.2013.11.026,yes,infrastructure,,2010–2015,history,4,1,183,88,5,3,72,23,yes,,,yes,history_milestone
work_3cdeb09bc05869a4,2026,Uncovering the Basis of Human Connectome Complexity: The Role of Neuronal Morphology,10.64898/2026.02.12.705493,yes,,,2026,sota,0,6,2,89,5,4,25,61,,,yes,yes,sota_2026_out
work_3cf5d4c3be86004c,2017,A Semiparametric Two-Sample Hypothesis Testing Problem for Random Graphs,10.1080/10618600.2016.1193505,yes,graph_analysis,elegans,2016–2018,history,0,0,159,81,0,0,25,10,yes,,,yes,history_milestone
work_3cf844f488b27a48,2011,Wiring specificity in the direction-selectivity circuit of the retina,10.1038/nature09818,yes,sectioning;acquisition,mouse,2010–2015,history,50,0,833,95,13,9,100,100,yes,,,yes,history_milestone
work_3cfb4552d0463ce3,2021,A connectomic study of a petascale fragment of human cerebral cortex,10.1101/2021.05.29.446289,yes,preparation;acquisition;segmentation;proofreading;synapses,mouse;human,2021,contemporary,72,21,217,97,13,8,98,99,,yes,,yes,contemporary_keep
work_3d25f36feef3f4d0,2019,Neural mechanisms of contextual modulation in the retinal direction selective circuit,10.1038/s41467-019-10268-z,yes,graph_analysis,mouse,2019,contemporary,1,0,39,67,1,0,51,18,,yes,,yes,contemporary_keep
work_3d4f459dce5d0c1b,2022,Dynamic Functional Connectivity in the Static Connectome of C. elegans,10.1016/j.conb.2021.12.002,yes,,elegans,2022,contemporary,1,5,28,73,6,3,55,41,,yes,,yes,contemporary_keep
work_3d61aeab949bc36b,2024,Synaptic connectome of a neurosecretory network in the Drosophila brain,10.1101/2024.08.28.609616,yes,synapses;infrastructure;graph_analysis,fly,2024,contemporary,1,0,15,78,1,1,75,75,,yes,,yes,contemporary_keep
work_3d98d18aeb1fdbbf,2019,Synchronization Patterns in Modular Neuronal Networks: A Case Study of C. elegans,10.3389/fams.2019.00052,yes,graph_analysis,elegans,2019,contemporary,2,3,12,35,5,1,71,71,,yes,,yes,contemporary_keep
work_3dbce6aa5261fb05,2021,Circuits for integrating learned and innate valences in the insect brain,10.7554/elife.62567,yes,,fly,2021,contemporary,13,9,48,84,12,8,90,91,,yes,,yes,contemporary_keep
work_3de0825b6d9efa49,2016,Flood-Filling Networks,,yes,acquisition;segmentation,,2016–2018,history,21,3,43,59,12,9,98,98,yes,,,yes,history_milestone
work_3e58e01b1b6afbaf,2024,Brain Network Fingerprints of Alzheimer’s Disease Risk Factors in Mouse Models with Humanized A…,10.1016/j.mri.2024.110251,yes,graph_analysis,mouse,2024,contemporary,0,0,6,50,0,0,25,44,,yes,,yes,contemporary_keep
work_3f0421e54f4413e8,2022,The synaptic organization in the C. elegans neural network suggests significant local compartme…,10.1101/2021.12.30.474568,yes,graph_analysis,elegans,2022,contemporary,0,7,0,5,6,2,25,31,,yes,,yes,contemporary_keep
work_3f148a970f4d8675,2026,Proprioceptive limit detectors contribute to sensorimotor control of the Drosophila leg,10.1038/s41467-026-69333-z,yes,,fly,2026,sota,1,13,2,89,10,9,56,73,,,yes,yes,sota_2026_out
work_3f33a09c75f65755,2025,Perisomatic ultrastructure efficiently classifies cells in mouse cortex,10.1038/s41586-024-07765-7,yes,,mouse,2025,sota,5,9,17,90,10,8,79,92,,,yes,yes,sota_2025_out_and_in
work_3f85fd1498cd4c6b,2023,Re-formation of synaptic connectivity in dissociated human stem cell-derived retinal organoid c…,10.1073/pnas.2213418120,yes,proofreading,mouse,2023,contemporary,0,1,19,79,1,0,25,37,,yes,,yes,contemporary_keep
work_3f8ff97d903089c8,2025,Autoproof: Automated Segmentation Proofreading for Connectomics,10.48550/arxiv.2509.26585,yes,segmentation;proofreading,fly,2025,sota,1,9,1,36,10,7,52,66,,,,,unproven_2025_low_inout
work_3f9932d1eb0e6de5,2026,Thermodynamic connectivity reveals functional specialization and multiplex organization of extr…,,yes,preparation;infrastructure;graph_analysis,elegans,2026,sota,0,13,0,35,10,5,25,61,,,yes,yes,sota_2026_out
work_3fc32d8b6b292ea4,2020,The connectome,10.1093/med/9780198713005.003.0013,yes,graph_analysis,,2020,contemporary,6,0,49,80,4,3,88,86,,yes,,yes,contemporary_keep
work_3fd452a2623069a1,2026,Dopamine Depletion Drives Whole-Brain Oscillatory Disruptions via Cortico–Subcortical Resonance…,10.64898/2026.05.15.725133,yes,preparation;modeling,mouse,2026,sota,0,2,1,77,2,1,25,61,,,,,unproven_2026_low_out
work_3fddccfee3181b91,2022,SyConn2: dense synaptic connectivity inference for volume electron microscopy,10.1038/s41592-022-01624-x,yes,acquisition;infrastructure,other,2022,contemporary,11,11,19,67,12,8,84,89,,yes,,yes,contemporary_keep
work_401ad4f230d2edb4,2024,Synaptic promiscuity in brain development,10.1016/j.cub.2023.12.037,yes,synapses,,2024,contemporary,0,9,13,75,8,5,25,44,,yes,,yes,contemporary_keep
work_403be6bf6a79f219,2013,"Human Connectome Project Informatics: quality control, database services, and data visualization",10.1016/j.neuroimage.2013.05.077,yes,infrastructure,,2010–2015,history,0,0,459,88,0,0,25,3,yes,,,yes,history_milestone
work_406c25e780e295c9,2016,Reconstruction of genetically identified neurons imaged by serial-section electron microscopy,10.7554/elife.15015,yes,sectioning;acquisition;segmentation;graph_analysis,,2016–2018,history,7,3,78,70,9,6,78,67,yes,,,yes,history_milestone
work_411b979fc16bbb2d,2014,Volumetric Exploitation of Synaptic Information using Context Localization and Evaluation,,yes,segmentation;synapses;graph_analysis,,2010–2015,history,2,1,6,17,3,3,75,69,yes,,,yes,history_milestone
work_413a3d616a7afef8,2016,Light-Microscopy-Based Sparse Neural Circuit Reconstruction: Array Tomography and Other Methods,10.9729/am.2016.46.4.176,yes,sectioning;synapses;graph_analysis,,2016–2018,history,0,1,0,4,1,1,25,8,,,,,history_below_bar
work_41a8c234a5f33895,2014,The big data challenges of connectomics,10.1038/nn.3837,yes,,,2010–2015,history,21,4,258,90,12,9,94,92,yes,,,yes,history_milestone
work_41c505683a24216d,2025,Differential temporal filtering in the fly optic lobe,10.1007/s10827-025-00914-5,yes,preparation;graph_analysis;modeling,,2025,sota,0,1,1,36,1,1,25,52,,,,,unproven_2025_low_inout
work_41fd01a3460815f1,2025,Brain-wide monosynaptic single-neuron connectivity with ROInet-seq,10.1101/2024.04.04.588058,yes,proofreading;infrastructure,,2025,sota,0,2,0,14,2,1,25,52,,,,,unproven_2025_low_inout
work_4236ab9af81677cb,2026,Weight distributions in the fruit-fly and the mouse connectomes,10.1101/2025.11.10.687553,yes,proofreading;graph_analysis,mouse,2026,sota,0,6,0,35,5,3,25,61,,,yes,yes,sota_2026_out
work_42387a380ebe88f6,2020,Uncovering the genetic blueprint of the C. elegans nervous system,10.1101/2020.05.04.076315,yes,infrastructure,elegans,2020,contemporary,4,4,34,69,7,3,72,67,,yes,,yes,contemporary_keep
work_42ac0b1d50535d45,2026,Signed motif analysis of the Caenorhabditis elegans neuronal network reveals positive feedforwa…,10.1186/s12915-026-02641-4,yes,infrastructure;graph_analysis,elegans,2026,sota,0,23,0,35,11,6,25,61,,,yes,yes,sota_2026_out
work_42add33f0ddb0eba,2020,Testing biological network motif significance with exponential random graph models,10.1007/s41109-021-00434-y,yes,graph_analysis,,2020,contemporary,0,3,11,38,3,0,25,20,,yes,,yes,contemporary_keep
work_432ed361ab9274cc,2020,"The Mixture Graph-A Data Structure for Compressing, Rendering, and Querying Segmentation Histog…",10.1109/tvcg.2020.3030451,yes,segmentation;graph_analysis,,2020,contemporary,0,4,11,38,4,0,25,20,,yes,,yes,contemporary_keep
work_434673087d1709d7,2017,A connectome of a learning and memory center in the adult Drosophila brain,10.7554/elife.26975,yes,sectioning;acquisition;infrastructure,fly,2016–2018,history,70,6,353,92,13,9,99,99,yes,,,yes,history_milestone
work_43701c72bf8d7450,2025,Cross-species comparative connectomics reveals the evolution of an olfactory circuit,10.1101/2025.06.11.659158,yes,infrastructure,fly,2025,sota,0,8,3,61,8,4,25,52,,,,,unproven_2025_low_inout
work_4396bf2e9890909a,2014,The natverse: a versatile computational toolbox to combine and analyse neuroanatomical data,10.1101/006353,yes,alignment;infrastructure;graph_analysis,fly,2010–2015,history,4,9,28,46,13,8,88,82,yes,,,yes,history_milestone
work_43b7faaf8820340a,2025,Symmetries of Living Systems: Symmetry Fibrations and Synchronization in Biological Networks,,yes,infrastructure;graph_analysis,,2025,sota,0,0,5,73,0,0,25,52,,,,,unproven_2025_low_inout
work_43b8f0d68020f509,2017,New dimensions of connectomics and network plasticity in the central nervous system,10.1515/revneuro-2016-0051,yes,acquisition,,2016–2018,history,0,2,25,33,2,1,25,10,,,,,history_below_bar
work_43de2b21d37088ef,2026,A Computational Perspective on the No-Strong-Loops Principle in Brain Networks,10.1101/2025.09.24.678310,yes,graph_analysis,mouse,2026,sota,0,4,1,77,4,1,25,61,,,yes,yes,sota_2026_out
work_43f9348b8e8dc3dc,2018,Neuron-specific signatures in the chromosomal connectome associated with schizophrenia risk,10.1126/science.aat4311,yes,graph_analysis,,2016–2018,history,0,0,212,93,0,0,25,13,yes,,,yes,history_milestone
work_43f9ddf96b1a7595,2021,Methods for analyzing neuronal structure and activity in Caenorhabditis elegans.,10.1093/genetics/iyab072,yes,infrastructure,elegans,2021,contemporary,1,11,14,49,11,4,59,68,,yes,,yes,contemporary_keep
work_440fb4477db86d46,2013,VolRoverN: Enhancing surface and volumetric reconstruction for realistic dynamical simulation o…,10.1007/s12021-013-9205-2,yes,proofreading;modeling,other,2010–2015,history,2,1,25,33,3,2,76,69,yes,,,yes,history_milestone
work_440fdfad4902f6ae,2008,Ome sweet ome: what can the genome tell us about the connectome?,10.1016/j.conb.2008.08.010,yes,acquisition;graph_analysis,,2005–2009,history,43,0,203,70,12,0,100,98,yes,,,yes,history_milestone
work_4422d2e92d67043e,2025,"Deep learning for brain electron microscopy segmentation: Advances, challenges, and future dire…",10.1016/j.cag.2025.104391,yes,segmentation;proofreading;infrastructure;graph_analysis,,2025,sota,1,33,6,76,13,7,51,66,,,,,unproven_2025_low_inout
work_4488387d1a4d2480,2019,Toric Spines at a Site of Learning,10.1523/eneuro.0197-19.2019,yes,infrastructure;graph_analysis,,2019,contemporary,1,1,7,25,2,1,58,34,,,,,contemporary_below_bar
work_44b8302d72044c47,2022,Instance Segmentation of Unlabeled Modalities via Cyclic Segmentation GAN,10.48550/arxiv.2204.03082,yes,segmentation;proofreading;infrastructure;graph_analysis,,2022,contemporary,0,4,6,39,4,2,25,31,,yes,,yes,contemporary_keep
work_4514cd847994dcc7,2020,A connectome of the Drosophila central complex reveals network motifs suitable for flexible nav…,10.1101/2020.12.08.413955,yes,graph_analysis,fly,2020,contemporary,59,29,332,99,13,9,97,97,,yes,,yes,contemporary_keep
work_4520228f7f3302c2,2023,Network Community Detection in Connectomics Data using Graph Theory,10.1109/bibm58861.2023.10385337,yes,graph_analysis,fly,2023,contemporary,0,1,2,20,1,0,25,37,,,,,contemporary_below_bar
work_452c63f080d3a726,2013,Connectomics: The dense reconstruction of neuronal circuits using volume electron microscopy,10.1017/s1431927613003991,yes,acquisition,,2010–2015,history,0,0,1,4,0,0,25,3,,,,,history_below_bar
work_4590b0e98877a3a3,2021,Functional Connectome Analysis of the Striatum with Optogenetics.,10.1007/978-981-15-8763-4_27,yes,,,2021,contemporary,1,1,2,15,2,1,81,79,,,,,contemporary_below_bar
work_459f1826c547937f,2025,Feedforward Ordering in Neural Connectomes via Feedback Arc Minimization,10.48550/arxiv.2506.13799,yes,infrastructure;graph_analysis,fly,2025,sota,0,1,0,14,1,1,25,52,,,,,unproven_2025_low_inout
work_45b96d662a877736,2025,Prediction of functional neural circuits in caenorhabditis elegans based on overlapping communi…,10.1016/j.neunet.2025.107653,yes,,elegans,2025,sota,0,2,1,36,2,1,25,52,,,,,unproven_2025_low_inout
work_45c2bb988725056f,2018,Three-dimensional simulation of the Caenorhabditis elegans body and muscle cells in liquid and …,10.1098/rstb.2017.0376,yes,graph_analysis;modeling,elegans,2016–2018,history,3,0,23,39,3,1,93,92,yes,,,yes,history_milestone
work_45cef90e755de84c,2013,Functional allocation of synaptic contacts in microcircuits from rods via rod bipolar to AII am…,10.1002/cne.23370,yes,graph_analysis,mouse,2010–2015,history,3,0,78,56,3,0,73,12,yes,,,yes,history_milestone
work_463ae7b1129e918a,2020,"CEM500K, a large-scale heterogeneous unlabeled cellular electron microscopy image dataset for d…",10.7554/elife.65894,yes,segmentation;proofreading,,2020,contemporary,1,2,48,79,3,1,61,41,,yes,,yes,contemporary_keep
work_467a6cc67c703560,2023,BIFROST: a method for registering diverse imaging datasets,10.1101/2023.06.09.544408,yes,preparation;alignment,fly,2023,contemporary,2,8,9,60,9,8,69,78,,yes,,yes,contemporary_keep
work_4763c86ef9823a58,2020,Structured sampling of olfactory input by the fly mushroom body,10.1101/2020.04.17.047167,yes,preparation;modeling,fly,2020,contemporary,18,22,71,83,13,9,95,98,,yes,,yes,contemporary_keep
work_4785092574ee1f39,2010,As-rigid-as-possible mosaicking and serial section registration of large ssTEM datasets,10.1093/bioinformatics/btq219,yes,preparation;sectioning;acquisition;alignment,fly,2010–2015,history,11,0,151,56,10,6,93,84,yes,,,yes,history_milestone
work_4799561fb5fe8c10,2026,Ultrastructural preservation of a whole large mammal brain with a protocol compatible with huma…,10.64898/2026.03.04.709724,yes,acquisition;infrastructure;modeling,,2026,sota,1,0,1,77,1,1,67,79,,,yes,yes,sota_2026_in
work_47ccbd8bc04d1dc3,2015,Image Segmentation by Size-Dependent Single Linkage Clustering of a Watershed Basin Graph,,yes,segmentation;graph_analysis,,2010–2015,history,11,0,51,46,9,2,96,97,yes,,,yes,history_milestone
work_47dbb1ae5c861feb,2020,Beyond the connectome: A map of a brain architecture derived from whole-brain volumetric recons…,10.1101/2020.05.24.112870,yes,preparation;infrastructure,elegans,2020,contemporary,1,5,8,32,6,1,69,69,,yes,,yes,contemporary_keep
work_484939fab9ad128d,2023,Neural dynamics and architecture of the heading direction circuit in zebrafish,10.1038/s41593-023-01308-5,yes,graph_analysis,zebrafish,2023,contemporary,1,1,77,98,2,2,55,56,,yes,,yes,contemporary_keep
work_4880cacffadd6077,2021,Drosophila gustatory projections are segregated by taste modality and connectivity,10.7554/elife.78110,yes,,fly,2021,contemporary,2,7,23,64,7,4,76,73,,yes,,yes,contemporary_keep
work_4888d0293b40ce35,2019,Constraining computational models using electron microscopy wiring diagrams.,10.1016/j.conb.2019.07.007,yes,graph_analysis;modeling,,2019,contemporary,9,9,25,57,13,8,90,89,,yes,,yes,contemporary_keep
work_48cfa5f3aa4b5d20,2021,Sex-specific topology of the nociceptive circuit shapes dimorphic behavior in C. elegans,10.1101/2021.12.14.472335,yes,graph_analysis,elegans,2021,contemporary,0,3,2,15,3,1,25,25,,yes,,yes,contemporary_keep
work_49cdb39886a56ede,2026,Developmental patterns of the C. elegans neural circuits using community detection.,10.1016/j.neuroscience.2026.06.007,yes,infrastructure;graph_analysis,elegans,2026,sota,0,6,0,35,6,3,25,61,,,yes,yes,sota_2026_out
work_4a065afca6719b79,2015,Specification of synaptic connectivity by cell surface interactions,10.1038/nrn.2015.3,yes,,,2010–2015,history,5,1,388,92,4,2,91,88,yes,,,yes,history_milestone
work_4a0e8435e3699a88,2023,Sleep benefits different stages of memory in Drosophila,10.3389/fphys.2023.1087025,yes,acquisition;infrastructure,fly,2023,contemporary,0,2,8,56,2,1,25,37,,yes,,yes,contemporary_keep
work_4a82596aff271554,2022,Complex topological features of reservoirs shape learning performances in bio-inspired recurren…,,yes,graph_analysis,,2022,contemporary,0,3,2,17,3,1,25,31,,yes,,yes,contemporary_keep
work_4a8c664faa8c1c13,2016,The Brain in Space,10.1007/978-3-319-27777-6_5,yes,preparation;proofreading;graph_analysis,,2016–2018,history,0,1,23,35,1,1,25,8,,,,,history_below_bar
work_4aacd75f73cf971f,2025,Correlative light and electron microscopy reveals the fine circuit structure underlying evidenc…,10.1101/2025.03.14.643363,yes,infrastructure;graph_analysis;modeling,zebrafish,2025,sota,0,10,8,83,10,7,25,52,,,,,unproven_2025_low_inout
work_4ab664454d56c724,2020,Toward an Automated HPC Pipeline for Processing Large Scale Electron Microscopy Data,10.1109/xloop51963.2020.00008,yes,acquisition;segmentation;infrastructure,,2020,contemporary,3,2,10,36,5,4,76,79,,yes,,yes,contemporary_keep
work_4b37a6f905cdcd31,2019,Novel Technological Advances in Functional Connectomics in C. elegans,10.3390/jdb7020008,yes,graph_analysis;modeling,elegans,2019,contemporary,2,2,16,44,4,2,64,39,,yes,,yes,contemporary_keep
work_4b3bfeede41c04c0,2016,Super-Resolution Mapping of Neuronal Circuitry With an Index-Optimized Clearing Agent.,10.1016/j.celrep.2016.02.057,yes,,,2016–2018,history,0,1,244,86,1,1,25,8,yes,,,yes,history_milestone
work_4b7413fa018067cf,2018,"Neuronal Identity: The neuron types of a simple chordate sibling, the tadpole larva of Ciona in…",10.1016/j.conb.2018.10.015,yes,,other,2016–2018,history,2,3,39,57,4,1,82,78,yes,,,yes,history_milestone
work_4b8e24bb37ad66d1,2026,UNSOLVED RETINAL QUESTIONS.,10.1016/j.preteyeres.2026.101450,yes,preparation,mouse,2026,sota,0,2,0,35,2,0,25,61,,,,,unproven_2026_low_out
work_4b92ca8485717239,2024,Functional imaging and connectome analyses reveal organizing principles of taste circuits in Dr…,10.1101/2024.08.23.609242,yes,,fly,2024,contemporary,1,4,11,67,5,5,60,66,,yes,,yes,contemporary_keep
work_4ba1c97ceb43aab4,2016,Genetically targeted 3D visualisation of Drosophila neurons under Electron Microscopy and X-Ray…,10.1038/srep38863,yes,preparation;acquisition;segmentation;proofreading,fly,2016–2018,history,1,6,30,43,7,7,67,23,yes,,,yes,history_milestone
work_4bc689f7d81f71a8,2023,Brain wiring determinants uncovered by integrating connectomes and transcriptomes.,10.1016/j.cub.2023.08.020,yes,synapses,fly,2023,contemporary,4,11,22,83,10,7,84,86,,yes,,yes,contemporary_keep
work_4c202403940ee964,2016,Sex-specific pruning of neuronal synapses in Caenorhabditis elegans,10.1038/nature17977,yes,,elegans,2016–2018,history,2,0,121,72,2,1,88,89,yes,,,yes,history_milestone
work_4c48150f43cdafa3,2025,Reconstruction of Single-Neuron Projectomes in Mice,10.21769/bioprotoc.5300,yes,alignment;proofreading,mouse,2025,sota,0,1,2,51,1,0,25,52,,,,,unproven_2025_low_inout
work_4c544b6c1513bcca,2026,Connectome analysis reveals brainwide visual processing in Drosophila,10.64898/2026.02.02.700492,yes,,fly,2026,sota,0,20,0,35,8,7,25,61,,,yes,yes,sota_2026_out
work_4c57aec0d5a67e11,2014,Polarity-specific high-level information propagation in neural networks,10.3389/fninf.2014.00027,yes,,elegans,2010–2015,history,2,3,9,19,4,2,80,70,yes,,,yes,history_milestone
work_4cb5df5727006bd0,2017,Digital tissue and what it may reveal about the brain,10.1186/s12915-017-0436-9,yes,infrastructure;graph_analysis,,2016–2018,history,1,1,16,27,2,1,80,74,,,,,history_below_bar
work_4cd80a02170f62bd,2026,Energy-efficient information processing and eligibility-trace plasticity in the Drosophila opti…,10.1038/s41598-026-52140-3,yes,alignment;graph_analysis;modeling,fly,2026,sota,0,1,0,35,1,1,25,61,,,,,unproven_2026_low_out
work_4cf725eac3b48f0e,2014,"Wiring patterns in the mouse retina: collecting evidence across the connectome, physiology and …",10.1113/jphysiol.2014.277228,yes,,mouse,2010–2015,history,2,0,37,53,2,0,55,7,yes,,,yes,history_milestone
work_4d00298c33d3d45c,2024,Recurrent connections enable point attractor dynamics and dimensionality reduction in a connect…,10.1101/2024.01.10.574960,yes,preparation;infrastructure;modeling,,2024,contemporary,0,6,0,7,6,3,25,44,,yes,,yes,contemporary_keep
work_4d0bb2dac32d5f80,2024,Clinical parameters affect the structure and function of superficial pyramidal neurons in the a…,10.1093/braincomms/fcae351,yes,,,2024,contemporary,0,2,4,38,2,2,25,44,,,,,contemporary_below_bar
work_4d35d34b923b60d1,2018,"Hub connectivity, neuronal diversity, and gene expression in the Caenorhabditis elegans connect…",10.1371/journal.pcbi.1005989,yes,graph_analysis,elegans,2016–2018,history,15,16,80,80,10,5,89,89,yes,,,yes,history_milestone
work_4d5f8126d96042c6,2015,Resting-state functional connectivity in major depressive disorder: A review.,10.1016/j.neubiorev.2015.07.014,yes,,,2010–2015,history,0,0,840,97,0,0,25,6,yes,,,yes,history_milestone
work_4d8693046463c36c,2020,Capillary-Based and Stokes-Based Trapping of Serial Sections for Scalable 3D-EM Connectomics,10.1523/eneuro.0328-19.2019,yes,sectioning;infrastructure,,2020,contemporary,0,9,0,4,8,0,25,20,,yes,,yes,contemporary_keep
work_4d88921e492f9434,2022,neuPrint: An open access tool for EM connectomics,10.3389/fninf.2022.896292,yes,infrastructure;graph_analysis,,2022,contemporary,32,17,78,93,13,9,95,95,,yes,,yes,contemporary_keep
work_4deb27b42801f710,2017,"Proximodistal heterogeneity of hippocampal CA3 pyramidal neuron intrinsic properties, connectiv…",10.1016/j.neuron.2017.07.012,yes,,mouse,2016–2018,history,2,0,133,76,2,0,58,14,yes,,,yes,history_milestone
work_4e304075a32337e8,2020,Deep multilevel contextual networks for biomedical image segmentation,10.1016/b978-0-12-816176-0.00015-6,yes,segmentation;proofreading,,2020,contemporary,0,2,0,4,2,0,25,20,,,,,contemporary_below_bar
work_4e3b5ec4297fcae3,2024,A lightweight data-driven spiking neuronal network model of Drosophila olfactory nervous system…,10.3389/fnins.2024.1384336,yes,infrastructure;graph_analysis;modeling,fly,2024,contemporary,0,3,1,16,3,3,25,44,,yes,,yes,contemporary_keep
work_4e599e7a45cded14,2016,The rhesus monkey connectome predicts disrupted functional networks resulting from pharmacogene…,10.1016/j.neuron.2016.06.005,yes,graph_analysis;modeling,other,2016–2018,history,0,0,162,79,0,0,25,8,yes,,,yes,history_milestone
work_4e83dd54ab62f570,2021,SynCoPa: Visualizing Connectivity Paths and Synapses Over Detailed Morphologies,10.3389/fninf.2021.753997,yes,infrastructure;graph_analysis;modeling,,2021,contemporary,0,3,2,15,3,0,25,25,,yes,,yes,contemporary_keep
work_4eaf3f68c7cc6dce,2018,Spatiotemporal ontogeny of brain wiring,10.1126/sciadv.aav9694,yes,proofreading;graph_analysis;modeling,,2016–2018,history,1,2,62,76,3,2,52,14,yes,,,yes,history_milestone
work_4ed8dbe602f5a391,2020,Drifting assemblies for persistent memory: Neuron transitions and unsupervised compensation,10.1101/2020.08.31.276147,yes,infrastructure,,2020,contemporary,1,0,45,77,1,1,56,28,,yes,,yes,contemporary_keep
work_4eeefad5ede282bc,2022,Single-Neuron Labeling in Fixed Tissue and Targeted Volume Electron Microscopy,10.3389/fnana.2022.852057,yes,preparation;sectioning;acquisition;segmentation,,2022,contemporary,0,2,3,23,2,0,25,31,,,,,contemporary_below_bar
work_4f1a3d9f690cb72b,2024,Creating Efficient Workflows for Electron Microscopy Laboratories with Automated Specimen Prepa…,10.1093/mictod/qaad108,yes,acquisition,,2024,contemporary,1,0,6,50,1,1,81,81,,yes,,yes,contemporary_keep
work_4f76473c66f9d125,2021,Wired For Insight- Recent Advance in C. elegans Neural Circuits,10.1016/j.conb.2021.02.009,yes,,elegans,2021,contemporary,0,4,8,37,4,1,25,25,,yes,,yes,contemporary_keep
work_4f8595c70c667637,2017,A computational approach towards the microscale mouse brain connectome from the mesoscale.,10.3233/jin-170019,yes,graph_analysis;modeling,mouse,2016–2018,history,0,2,11,17,2,2,25,10,,,,,history_below_bar
work_4f923dc785f0b321,2019,Structure and function of a neocortical synapse,10.1038/s41586-020-03134-2,yes,graph_analysis,elegans,2019,contemporary,30,9,188,96,13,6,96,96,,yes,,yes,contemporary_keep
work_4fa3a9808ba6a3df,2024,Comparative prospects of imaging methods for whole-brain mammalian connectomics,10.1016/j.crmeth.2025.100988,yes,,mouse,2024,contemporary,1,28,5,45,13,8,59,67,,yes,,yes,contemporary_keep
work_4fb2c3ab06796246,2019,Expression profiling of the mature C. elegans nervous system by single-cell RNA-Sequencing,10.1101/737577,yes,graph_analysis,elegans,2019,contemporary,2,0,56,80,2,1,71,77,,yes,,yes,contemporary_keep
work_4fbc226ee1288c01,2023,mEMbrain: an interactive deep learning MATLAB tool for connectomic segmentation on commodity de…,10.3389/fncir.2023.952921,yes,acquisition;segmentation;proofreading;graph_analysis,,2023,contemporary,10,30,13,70,13,8,84,86,,yes,,yes,contemporary_keep
work_4fe68bf7b16d89dc,2021,The nonhuman primate neuroimaging and neuroanatomy project,10.1016/j.neuroimage.2021.117726,yes,preparation;proofreading;graph_analysis,other,2021,contemporary,0,2,94,94,2,0,25,25,,yes,,yes,contemporary_keep
work_50251da9874c88ce,2018,Multilayer adaptive networks in neuronal processing,10.1140/epjst/e2018-800037-y,yes,infrastructure;graph_analysis,,2016–2018,history,0,9,6,16,7,4,25,13,yes,,,yes,history_milestone
work_5045439101c78123,2013,Analyzing the structure and function of neuronal circuits in zebrafish,10.3389/fncir.2013.00071,yes,graph_analysis,zebrafish,2010–2015,history,0,0,75,53,0,0,25,3,yes,,,yes,history_milestone
work_505328557dd7dca8,2022,Glassy phase in dynamically-balanced neuronal networks,10.1101/2022.03.14.484348,yes,,,2022,contemporary,1,0,13,58,1,1,67,71,,yes,,yes,contemporary_keep
work_505838ecf6e68bb5,2023,Neural-circuit basis of song preference learning in fruit flies,10.1016/j.isci.2024.110266,yes,graph_analysis,fly,2023,contemporary,1,2,6,44,3,3,54,42,,yes,,yes,contemporary_keep
work_5068984fac4abafd,2019,DNA sequencing in high-throughput neuroanatomy.,10.1016/j.jchemneu.2019.101653,yes,,,2019,contemporary,0,1,4,15,1,1,25,16,,,,,contemporary_below_bar
work_50997c68f9311844,2026,Hippocampal CA3 connectomics reveals a gradient of mossy fiber inputs and selective feedforward…,10.1038/s41593-026-02388-9,yes,segmentation;proofreading;infrastructure;graph_analysis,mouse,2026,sota,0,15,0,35,11,5,25,61,,,yes,yes,sota_2026_out
work_50d091001b66a2d0,2025,Scaling up X-ray holographic nanotomography for neuronal tissue imaging,10.1364/boe.559263,yes,acquisition;graph_analysis,,2025,sota,1,4,5,73,5,4,59,71,,,,,unproven_2025_low_inout
work_50d4ca5184367aa3,2017,Q&A: Why use synchrotron x-ray tomography for multi-scale connectome mapping?,10.1186/s12915-017-0461-8,yes,graph_analysis,,2016–2018,history,0,0,42,54,0,0,25,10,yes,,,yes,history_milestone
work_50ff4d262c166d92,2019,Culling for Extreme-Scale Segmentation Volumes: A Hybrid Deterministic and Probabilistic Approa…,10.1109/tvcg.2018.2864847,yes,segmentation;infrastructure,,2019,contemporary,1,2,13,37,3,2,53,19,,yes,,yes,contemporary_keep
work_510f1f5d7f3a7c0c,2022,Multiscale imaging informs translational mouse modeling of neurological disease.,10.1016/j.neuron.2022.09.006,yes,,mouse,2022,contemporary,0,2,8,49,2,1,25,31,,,,,contemporary_below_bar
work_513dc388c55b10f8,2018,Caenorhabditis elegans excitatory ventral cord motor neurons derive rhythm for body undulation,10.1098/rstb.2017.0370,yes,,elegans;fly,2016–2018,history,2,1,42,60,3,1,67,41,yes,,,yes,history_milestone
work_5154da21800bd010,2020,The hourglass organization of the Caenorhabditis elegans connectome,10.1371/journal.pcbi.1007526,yes,infrastructure;graph_analysis,elegans,2020,contemporary,8,5,18,49,8,4,83,83,,yes,,yes,contemporary_keep
work_51a3a4f48b8908a3,2023,Fast Compressed Segmentation Volumes for Scientific Visualization,10.1109/tvcg.2023.3326573,yes,segmentation;infrastructure,,2023,contemporary,0,6,6,44,6,2,25,37,,yes,,yes,contemporary_keep
work_52349a07a8609609,2023,Regional and cell-type-specific afferent and efferent projections of the mouse claustrum,10.1016/j.celrep.2023.112118,yes,preparation;proofreading;graph_analysis,mouse,2023,contemporary,0,1,29,88,1,0,25,37,,yes,,yes,contemporary_keep
work_528bb07484e5be14,2022,Anomaly Detection in EM Images - A Zero-Shot Learning Approach,10.1109/isbi52829.2022.9761659,yes,sectioning;alignment;segmentation;proofreading;graph_analysis,,2022,contemporary,0,2,1,12,2,2,25,31,,,,,contemporary_below_bar
work_52b53476f8279557,2025,Divergent neural circuits for proprioceptive and exteroceptive sensing of the Drosophila leg,10.1038/s41467-025-59302-3,yes,,fly,2025,sota,2,7,14,89,8,8,63,72,,,yes,yes,sota_2025_out_and_in
work_52b580bc3bd18b49,2024,Combinatorial expression of γ-protocadherins regulates synaptic connectivity in the mouse neoco…,10.7554/elife.89532,yes,synapses,mouse,2024,contemporary,0,1,7,54,1,1,25,44,,yes,,yes,contemporary_keep
work_52b939fbc87f459e,2025,Fluctuation-dissipation of the Kuramoto model on fruit-fly connectomes,,yes,graph_analysis,,2025,sota,0,0,1,36,0,0,25,52,,,,,unproven_2025_low_inout
work_52c3157475b348eb,2024,Subcellular pathways through VGluT3-expressing mouse amacrine cells provide locally tuned objec…,10.1038/s41467-024-46996-0,yes,,mouse,2024,contemporary,0,0,4,38,0,0,25,44,,,,,contemporary_below_bar
work_5304e37cc665ceab,2023,Domain Adaptive Synapse Detection with Weak Point Annotations,10.1109/isbi56570.2024.10635310,yes,segmentation;proofreading;synapses;infrastructure;graph_analysis,,2023,contemporary,1,5,4,35,6,1,52,47,,yes,,yes,contemporary_keep
work_5347d2a55426a9b6,2018,Ciliary and rhabdomeric photoreceptor-cell circuits form a spectral depth gauge in marine zoopl…,10.7554/elife.36440,yes,,other,2016–2018,history,3,5,45,64,7,5,74,70,yes,,,yes,history_milestone
work_535320495abd46fc,2026,"Deep conservation of head direction circuits in bees, ants and flies",10.64898/2026.07.26.740564,yes,modeling,fly,2026,sota,0,4,0,35,4,3,25,61,,,yes,yes,sota_2026_out
work_5358e3a3d6b06625,2025,Ce -NeRV3D - a C. elegans Neuron RNA-seq Visualization tool in 3D,10.17912/micropub.biology.001830,yes,,elegans,2025,sota,0,3,0,14,3,2,25,52,,,,,unproven_2025_low_inout
work_53718a1849dde13e,2023,Learning to Correct Sloppy Annotations in Electron Microscopy Volumes,10.1109/cvprw59228.2023.00450,yes,segmentation;proofreading,other,2023,contemporary,2,11,3,28,12,7,60,57,,yes,,yes,contemporary_keep
work_53888fee46356d3b,2020,Systematic errors in connectivity inferred from activity in strongly recurrent networks,10.1038/s41593-020-0699-2,yes,graph_analysis,,2020,contemporary,3,3,91,86,6,3,72,57,,yes,,yes,contemporary_keep
work_53f15f1014414aec,2018,Building a functional connectome of the Drosophila central complex,10.7554/elife.37017,yes,graph_analysis,fly,2016–2018,history,5,1,112,87,6,1,78,69,yes,,,yes,history_milestone
work_5424739399820eb4,2026,Peripheral anatomy and central connectivity of proprioceptive sensory neurons in the Drosophila…,10.7554/elife.107867,yes,preparation;segmentation;synapses;graph_analysis,fly,2026,sota,0,11,0,35,8,8,25,61,,,yes,yes,sota_2026_out
work_542d289b1df8abc6,2023,A Connectome of the Male Drosophila Ventral Nerve Cord,10.1101/2023.06.05.543757,yes,acquisition;graph_analysis,fly,2023,contemporary,37,12,88,99,13,9,94,96,,yes,,yes,contemporary_keep
work_5436166536896437,2024,Brain functions emerge as thermal equilibrium states of the connectome,10.1103/jmqh-bqnc,yes,graph_analysis,elegans,2024,contemporary,1,14,3,30,11,6,55,66,,yes,,yes,contemporary_keep
work_544c5eb927deccab,2025,A connectomic resource for neural cataloguing and circuit dissection of the larval zebrafish br…,10.1101/2025.06.10.658982,yes,sectioning;segmentation;proofreading;infrastructure,zebrafish,2025,sota,5,0,17,90,4,4,77,83,,,,,unproven_2025_low_inout
work_54b48e88cbc2ee28,2021,High-precision targeting workflow for volume electron microscopy,10.1083/jcb.202104069,yes,acquisition,,2021,contemporary,1,1,44,82,2,1,52,33,,yes,,yes,contemporary_keep
work_54c833a2b3464360,2025,Synaptic Targets of Circadian Clock Neurons Influence Core Clock Parameters,10.1101/2025.01.30.635801,yes,synapses,fly,2025,sota,0,2,0,14,2,2,25,52,,,,,unproven_2025_low_inout
work_54f36a6977427544,2023,A cerebellar disinhibitory circuit supports synaptic plasticity,10.1101/2023.09.15.557147,yes,modeling,,2023,contemporary,0,1,7,51,1,1,25,37,,yes,,yes,contemporary_keep
work_554b7819a83e2fe3,2025,Synapse Detection Efficiency in EM Drosophila Connectomics,10.1101/2025.10.16.682869,yes,preparation;sectioning;acquisition;proofreading;synapses,fly,2025,sota,2,12,2,51,10,7,64,76,,,yes,yes,sota_2025_out_and_in
work_55546f314d441530,2024,A two-layer neural circuit controls fast forward locomotion in Drosophila.,10.1016/j.cub.2024.06.060,yes,segmentation;synapses,fly,2024,contemporary,0,1,4,38,1,0,25,44,,,,,contemporary_below_bar
work_55710d158a1a37b5,2024,Compensatory enhancement of input maintains aversive dopaminergic reinforcement in hungry Droso…,10.1016/j.neuron.2024.04.035,yes,,fly,2024,contemporary,0,3,15,78,3,3,25,44,,yes,,yes,contemporary_keep
work_55a31c8884d2dba2,2023,Cell-type-specific inhibitory circuitry from a connectomic census of mouse visual cortex,10.1101/2023.01.23.525290,yes,segmentation;graph_analysis,mouse,2023,contemporary,11,28,35,91,13,8,87,92,,yes,,yes,contemporary_keep
work_55a637a99f2abc58,2024,vEMstitch: an algorithm for fully automatic image stitching of volume electron microscopy,10.1093/gigascience/giae076,yes,acquisition;alignment;graph_analysis;modeling,,2024,contemporary,0,3,7,54,3,1,25,44,,yes,,yes,contemporary_keep
work_55ce3fd567669f6c,2022,Edge-colored directed subgraph enumeration on the connectome,10.1038/s41598-022-15027-7,yes,acquisition;segmentation;synapses;graph_analysis,,2022,contemporary,5,18,8,49,12,7,76,77,,yes,,yes,contemporary_keep
work_5612dfe54fad9918,2018,Multidimensional Connectomics and Treatment-Resistant Schizophrenia: Linking Phenotypic Circuit…,10.3389/fpsyt.2018.00537,yes,,,2016–2018,history,0,1,24,43,1,0,25,13,,,,,history_below_bar
work_5646fd682952c8b6,2016,A Large Deformation Diffeomorphic Approach to Registration of CLARITY Images via Mutual Informa…,10.1007/978-3-319-66182-7_32,yes,alignment;proofreading;infrastructure,mouse,2016–2018,history,0,2,15,28,2,2,25,8,,,,,history_below_bar
work_5672c64d21c23a39,2024,Updates on mouse models of Alzheimer’s disease,10.1186/s13024-024-00712-0,yes,,mouse,2024,contemporary,0,0,149,98,0,0,25,44,,yes,,yes,contemporary_keep
work_56c6cf090809380d,2021,The Nereid on the rise: Platynereis as a model system,10.1186/s13227-021-00180-3,yes,acquisition;segmentation;proofreading,other,2021,contemporary,2,6,63,89,7,3,71,74,,yes,,yes,contemporary_keep
work_570ccc0ab045e65e,2012,Comprehensive connectivity of the mouse main olfactory bulb: analysis and online digital atlas,10.3389/fnana.2012.00030,yes,proofreading;graph_analysis,mouse,2010–2015,history,0,0,52,53,0,0,25,2,yes,,,yes,history_milestone
work_572916312979ffde,2025,Comparative Connectomics Highlights Conserved Architectural Synaptic Motifs in the Drosophila M…,10.1101/2025.09.22.677863,yes,infrastructure;graph_analysis,fly,2025,sota,1,12,1,36,11,8,59,71,,,,,unproven_2025_low_inout
work_576d4811bf1e3849,2025,Universal consensus 3D segmentation of cells from 2D segmented stacks,10.1038/s41592-025-02887-w,yes,acquisition;segmentation;proofreading;infrastructure,,2025,sota,0,3,10,85,3,3,25,52,,,,,unproven_2025_low_inout
work_57773d09a9c531fa,2023,Connecting Connectomes to Physiology,10.1523/jneurosci.2208-22.2023,yes,graph_analysis;modeling,,2023,contemporary,2,3,7,51,5,2,60,70,,yes,,yes,contemporary_keep
work_5784c477e1d3dc50,2026,A Connectome-Constrained Jansen–Rit Framework for Inferring Cortical Gain Control and Ensemble …,10.64898/2026.01.28.702100,yes,preparation;infrastructure;modeling,,2026,sota,0,0,0,35,0,0,25,61,,,,,unproven_2026_low_out
work_579bab55f1835737,2023,Immersion fixation and staining of multi-cubic millimeter volumes for electron microscopy-based…,10.1016/j.biopsych.2023.01.025,yes,preparation,human,2023,contemporary,13,12,27,87,13,8,88,93,,yes,,yes,contemporary_keep
work_57c24704856cf86c,2011,Topological Cluster Analysis Reveals the Systemic Organization of the Caenorhabditis elegans Co…,10.1371/journal.pcbi.1001139,yes,graph_analysis,elegans,2010–2015,history,16,6,78,54,9,3,92,87,yes,,,yes,history_milestone
work_58007cb591ca3f75,2024,From Worms to Mice: Homeostasis Maybe All You Need,10.48550/arxiv.2412.20090,yes,graph_analysis,elegans,2024,contemporary,1,4,2,23,4,3,62,70,,yes,,yes,contemporary_keep
work_582b4134fbc951cc,2024,Social state alters vision using three circuit mechanisms in Drosophila,10.1038/s41586-024-08255-6,yes,graph_analysis,fly,2024,contemporary,3,3,22,86,6,6,66,74,,yes,,yes,contemporary_keep
work_58718abbeb7e6146,2024,Sparse Annotation is Sufficient for Bootstrapping Dense Segmentation,10.1101/2024.06.14.599135,yes,segmentation;proofreading;infrastructure,,2024,contemporary,0,9,1,16,9,5,25,44,,yes,,yes,contemporary_keep
work_58719b3caaf87f3c,2026,A Systematic Study of Behavioral Cloning for Scientific Data Annotation,10.48550/arxiv.2606.07568,yes,proofreading;infrastructure;modeling,,2026,sota,0,5,0,35,5,5,25,61,,,yes,yes,sota_2026_out
work_5881c31b6290ea43,2024,OsO2 as the Contrast‐Generating Chemical Species of Osmium‐Stained Biological Tissues in Electr…,10.1002/cbic.202400311,yes,preparation,mouse,2024,contemporary,1,0,8,58,1,1,65,77,,yes,,yes,contemporary_keep
work_58b0ab7aaaf040d3,2020,Neuronal circuits in barrel cortex for whisker sensory perception.,10.1152/physrev.00019.2019,yes,,mouse,2020,contemporary,0,3,131,90,3,0,25,20,,yes,,yes,contemporary_keep
work_58ffddc9a1570bdd,2011,Specificity of Synaptic Connectivity between Layer 1 Inhibitory Interneurons and Layer 2/3 Pyra…,10.1093/cercor/bhq257,yes,,other,2010–2015,history,0,0,131,59,0,0,25,1,yes,,,yes,history_milestone
work_59719b09bf6b2511,2012,Meeting the Memory Challenges of Brain-Scale Network Simulation,10.3389/fninf.2011.00035,yes,modeling,,2010–2015,history,0,0,48,50,0,0,25,2,yes,,,yes,history_milestone
work_5985ee7f25014d98,2022,Connectomics Annotation Metadata Standardization for Increased Accessibility and Queryability,10.3389/fninf.2022.828458,yes,proofreading;infrastructure;graph_analysis,,2022,contemporary,0,7,3,23,7,5,25,31,,yes,,yes,contemporary_keep
work_59c99b603e8a4641,2015,Connectome of the fly visual circuitry.,10.1093/jmicro/dfu102,yes,,fly,2010–2015,history,3,1,18,25,3,3,85,84,yes,,,yes,history_milestone
work_59d22903e5457a0a,2020,Network Architecture of Gap Junctional Coupling among Parallel Processing Channels in the Mamma…,10.1523/jneurosci.1810-19.2020,yes,graph_analysis,mouse,2020,contemporary,2,1,32,66,3,2,55,28,,yes,,yes,contemporary_keep
work_5a150d031329b4d0,2015,Nanoconnectomic upper bound on the variability of synaptic plasticity,10.7554/elife.10778,yes,,,2010–2015,history,9,2,280,85,9,6,95,96,yes,,,yes,history_milestone
work_5a544ca02f2eeb6f,2022,Research trends and hotspots on connectomes from 2005 to 2021: A bibliometric and latent Dirich…,10.3389/fnins.2022.1046562,yes,infrastructure;graph_analysis,,2022,contemporary,0,3,2,17,3,0,25,31,,yes,,yes,contemporary_keep
work_5a5bf6e6db192920,2023,A consensus cell type atlas from multiple connectomes reveals principles of circuit stereotypy …,10.1101/2023.06.27.546055,yes,proofreading;infrastructure,fly,2023,contemporary,12,14,78,99,13,9,85,90,,yes,,yes,contemporary_keep
work_5a6c5487632f1a79,2022,Imaging whole-brain activity to understand behavior,10.1038/s42254-022-00430-w,yes,graph_analysis,elegans;zebrafish,2022,contemporary,5,14,66,91,12,8,83,83,,yes,,yes,contemporary_keep
work_5abec42a57c2d02e,2025,Probing circuit mechanisms of feature selectivity in mouse visual cortex through synaptic-resol…,10.1101/2024.11.18.624135,yes,infrastructure;modeling,mouse,2025,sota,0,16,0,14,11,6,25,52,,,,,unproven_2025_low_inout
work_5ad30986684078d8,2026,A High-Performance Computing Portal Applied to 3D Electron Microscopy,10.1007/s42979-026-05124-z,yes,alignment;segmentation;infrastructure;modeling,,2026,sota,0,3,1,77,3,1,25,61,,,yes,yes,sota_2026_out
work_5aef76fa06c704a5,2018,A Pipeline for Volume Electron Microscopy of the Caenorhabditis elegans Nervous System,10.3389/fncir.2018.00094,yes,acquisition;graph_analysis,elegans,2016–2018,history,9,22,48,67,13,9,88,88,yes,,,yes,history_milestone
work_5b3cc3d12b85117b,2009,A Computational Framework for Ultrastructural Mapping of Neural Circuitry,10.1371/journal.pbio.1000074,yes,preparation;sectioning;acquisition;alignment;proofreading;infrastructure;graph_analysis,mouse,2005–2009,history,9,0,162,73,6,0,99,100,yes,,,yes,history_milestone
work_5b4312b985894934,2010,Ultrastructural analysis of hippocampal neuropil from the connectomics perspective,10.1016/j.neuron.2010.08.014,yes,sectioning;acquisition,other,2010–2015,history,74,7,303,81,13,9,100,100,yes,,,yes,history_milestone
work_5b77410c83eb9025,2023,Organization of an Ascending Circuit that Conveys Flight Motor State,10.1101/2023.06.07.544074,yes,,,2023,contemporary,0,3,1,13,3,2,25,37,,yes,,yes,contemporary_keep
work_5bc304fcee3828a1,2011,Detection of Neuron Membranes in Electron Microscopy Images using Multi-scale Context and Radon…,10.1007/978-3-642-23623-5_84,yes,infrastructure,,2010–2015,history,1,1,40,39,2,2,63,4,,,,,history_below_bar
work_5bef28b8ac0b334f,2015,Control of synaptic connectivity by a network of Drosophila IgSF cell surface proteins,10.1016/j.cell.2015.11.022,yes,,fly,2010–2015,history,2,1,154,70,3,2,68,18,yes,,,yes,history_milestone
work_5c2378945eccb27f,2013,Connectomic reconstruction of the inner plexiform layer in the mouse retina,10.1038/nature12346,yes,sectioning;acquisition;segmentation;proofreading;graph_analysis,mouse,2010–2015,history,52,1,988,98,13,9,99,100,yes,,,yes,history_milestone
work_5c2b6a3221e4435d,2020,DotMotif: an open-source tool for connectome subgraph isomorphism search and graph queries,10.1101/2020.06.08.140533,yes,infrastructure;graph_analysis;modeling,,2020,contemporary,20,11,41,72,12,8,90,89,,yes,,yes,contemporary_keep
work_5c30de2792e919de,2024,Somatotopic organization among parallel sensory pathways that promote a grooming sequence in Dr…,10.7554/elife.87602,yes,proofreading,fly,2024,contemporary,1,3,5,45,4,4,55,57,,yes,,yes,contemporary_keep
work_5c5d92bdd3c97984,2018,Learning neural connectivity from firing activity: efficient algorithms with provable guarantee…,10.1007/s10827-018-0678-8,yes,infrastructure;graph_analysis,,2016–2018,history,0,2,5,14,1,1,25,13,,,,,history_below_bar
work_5c848fe333e4e93e,2021,A Novel and Functionally Diverse Class of Acetylcholine-Gated Ion Channels,10.1523/jneurosci.1516-22.2022,yes,,elegans,2021,contemporary,1,3,9,38,4,2,52,29,,yes,,yes,contemporary_keep
work_5c9f2aea432a60e2,2022,A Survey of Visualization and Analysis in High‐Resolution Connectomics,10.1111/cgf.14574,yes,acquisition;segmentation;proofreading;graph_analysis,,2022,contemporary,13,26,30,74,13,8,83,85,,yes,,yes,contemporary_keep
work_5cacc375519272f8,2017,Functional Connectomics from Data: Probabilistic Graphical Models for Neuronal Network of C. el…,10.1101/212423,yes,graph_analysis,elegans,2016–2018,history,0,0,5,11,0,0,25,10,,,,,history_below_bar
work_5cafb08614aad0c5,2012,Spatial profile of excitatory and inhibitory synaptic connectivity in mouse primary auditory co…,10.1523/jneurosci.5158-11.2012,yes,,mouse,2010–2015,history,1,0,225,84,1,1,66,9,yes,,,yes,history_milestone
work_5d14dfa16e4b8cf3,2024,Prediction of neural activity in connectome-constrained recurrent networks,10.1038/s41593-025-02080-4,yes,infrastructure;modeling,,2024,contemporary,5,22,23,87,11,8,83,91,,yes,,yes,contemporary_keep
work_5d26acb54be70f9d,2015,From a meso- to micro-scale connectome: array tomography and mGRASP,10.3389/fnana.2015.00078,yes,synapses;graph_analysis,,2010–2015,history,0,2,16,22,2,2,25,6,,,,,history_below_bar
work_5dc288699a486219,2023,Molecular logic of neuromodulatory systems in the zebrafish telencephalon,10.1101/2023.10.04.560846,yes,,zebrafish,2023,contemporary,0,4,0,6,4,2,25,37,,yes,,yes,contemporary_keep
work_5e622c00658a3d32,2025,A data-driven biology-based network model reproduces C. elegans premotor neural dynamics,10.1371/journal.pcbi.1013818,yes,,elegans,2025,sota,0,7,3,61,5,4,25,52,,,,,unproven_2025_low_inout
work_5e64c286909b658b,2019,Evolution of neuronal anatomy and circuitry in two highly divergent nematode species,10.7554/elife.47155,yes,synapses;graph_analysis,elegans,2019,contemporary,1,1,62,83,2,1,58,22,,yes,,yes,contemporary_keep
work_5e7b528bcdd9a495,2024,Comparative connectomics of dauer reveals developmental plasticity,10.1038/s41467-024-45943-3,yes,synapses,,2024,contemporary,2,4,18,82,6,5,59,70,,yes,,yes,contemporary_keep
work_5e9c168380b2ea05,2022,Neuronal contact predicts connectivity in the C. elegans brain,10.1101/2022.11.13.516316,yes,segmentation;synapses,elegans,2022,contemporary,9,5,31,77,8,5,85,86,,yes,,yes,contemporary_keep
work_5eb65354dc79e83b,2025,From Synapses to Dynamics: Obtaining Function from Structure in a Connectome Constrained Model …,10.1101/2025.05.26.655406,yes,graph_analysis;modeling,fly,2025,sota,2,9,4,68,8,5,70,77,,,yes,yes,sota_2025_out_and_in
work_5eda7d6b28adcf3f,2024,The effects of axonal beading and undulation on axonal diameter estimation from diffusion MRI: …,10.1002/nbm.5087,yes,segmentation;modeling,,2024,contemporary,0,2,24,88,2,2,25,44,,yes,,yes,contemporary_keep
work_5ef81a0210f02d50,2024,Tracing nerve fibers with volume electron microscopy to quantitatively analyze brain connectivi…,10.1038/s42003-024-06491-0,yes,acquisition;proofreading;infrastructure,mouse,2024,contemporary,0,6,7,54,6,3,25,44,,yes,,yes,contemporary_keep
work_5f55fd6af01886b4,2026,Uncovering Sex Differences in the Drosophila Ventral Nerve Cord Through Connectome Alignment,10.64898/2026.06.14.732053,yes,alignment;graph_analysis,fly,2026,sota,0,13,2,89,9,7,25,61,,,yes,yes,sota_2026_out
work_5f688ca781118001,2020,Neuronal circuitry underlying female aggression in Drosophila,10.1101/2020.05.27.118810,yes,,fly,2020,contemporary,0,1,1,10,1,1,25,20,,,,,contemporary_below_bar
work_5fab3e4a6f687f3d,2026,Developmental Continuity of Brain Network Core Organization in C. elegans,10.64898/2026.06.12.730308,yes,graph_analysis,elegans,2026,sota,0,11,0,35,10,5,25,61,,,yes,yes,sota_2026_out
work_5fce6ceceeaa09c7,2016,Comparative Connectomics.,10.1016/j.tics.2016.03.001,yes,graph_analysis,,2016–2018,history,9,0,290,90,7,4,86,86,yes,,,yes,history_milestone
work_5fe231444b013ff7,2023,Regional and LTP-Dependent Variation of Synaptic Information Storage Capacity in Rat Hippocampus,10.1101/2022.08.29.505464,yes,sectioning;infrastructure,other,2023,contemporary,0,6,6,44,5,0,25,37,,yes,,yes,contemporary_keep
work_5ffdfd4866eae431,2026,From Pixels to Minds: Mapping & Understanding the Brain with AI,10.1162/daed.a.977,yes,modeling,,2026,sota,0,0,0,35,0,0,25,61,,,,,unproven_2026_low_out
work_600f533bc97ab74c,2026,Convergence-divergence circuits for multimodal integration of innate and learned opponent valen…,10.3389/fnsys.2026.1822122,yes,,fly,2026,sota,0,15,0,35,12,8,25,61,,,yes,yes,sota_2026_out
work_601a56be8326088e,2026,Long-range axon branching: contributions to brain network plasticity and repair,10.1038/s41583-025-01008-y,yes,,,2026,sota,0,11,6,99,10,7,25,61,,,yes,yes,sota_2026_out
work_6068f1e615a91237,2019,A Genetic Model of the Connectome,10.1016/j.neuron.2019.10.031,yes,infrastructure;graph_analysis,,2019,contemporary,17,22,56,80,13,6,90,90,,yes,,yes,contemporary_keep
work_606f12169fdb3452,2015,Aldehyde-stabilized cryopreservation.,10.1016/j.cryobiol.2015.09.003,yes,preparation;sectioning;acquisition;infrastructure,,2010–2015,history,5,1,33,34,3,2,89,84,yes,,,yes,history_milestone
work_60a23a2cc829104f,2020,Useful road maps: studying Drosophila larva’s central nervous system with the help of connectom…,10.1016/j.conb.2020.09.008,yes,,fly,2020,contemporary,6,3,43,74,8,5,83,84,,yes,,yes,contemporary_keep
work_60a930908d22f374,2017,Pyramidal cell-interneuron circuit architecture and dynamics in hippocampal networks,10.1016/j.neuron.2017.09.033,yes,graph_analysis,,2016–2018,history,1,0,251,88,1,1,62,28,yes,,,yes,history_milestone
work_61024db383dded81,2025,Physical Network Constraints Define the Multiplicative Architecture of the Brain’s Connectome,10.1101/2025.02.27.640551,yes,infrastructure,,2025,sota,1,19,4,68,13,8,56,69,,,,,unproven_2025_low_inout
work_613efecbf34a6d82,2021,Neuronal circuits integrating visual motion information in Drosophila,10.1101/2021.12.20.473513,yes,synapses;graph_analysis,fly,2021,contemporary,6,3,57,88,8,7,83,85,,yes,,yes,contemporary_keep
work_61b9f3ef5f831055,2017,Mechanisms of Connectome Development.,10.1016/j.tics.2017.05.010,yes,modeling,,2016–2018,history,1,2,96,72,3,3,62,28,yes,,,yes,history_milestone
work_61ced5e9670903c3,2010,Automated Reconstruction of Neuronal Morphology: An Overview,10.1016/j.brainresrev.2010.11.003,yes,acquisition;proofreading;modeling,,2010–2015,history,0,0,165,62,0,0,25,1,yes,,,yes,history_milestone
work_61f679ca5be263a0,2012,Beyond counts and shapes: Studying pathology of dendritic spines in the context of the surround…,10.1016/j.neuroscience.2012.04.061,yes,sectioning;synapses,,2010–2015,history,1,2,41,44,3,3,71,35,yes,,,yes,history_milestone
work_6207409da4d43379,2023,An Out-of-Domain Synapse Detection Challenge for Microwasp Brain Connectomes,10.48550/arxiv.2302.00545,yes,proofreading;synapses,,2023,contemporary,0,7,2,20,7,2,25,37,,yes,,yes,contemporary_keep
work_6212be61070586b3,2012,From functional architecture to functional connectomics,10.1016/j.neuron.2012.06.031,yes,graph_analysis,,2010–2015,history,4,1,82,66,4,1,94,89,yes,,,yes,history_milestone
work_62b57eb8352efa0c,2026,Precise kinematic and muscle recording in freely behaving flies enabled by closed-loop tracking…,10.64898/2026.03.11.711180,yes,segmentation;proofreading;infrastructure;graph_analysis;modeling,fly,2026,sota,0,4,2,89,4,3,25,61,,,yes,yes,sota_2026_out
work_62baf6bf40a9cb50,2016,Species-specific wiring for direction selectivity in the mammalian retina,10.1038/nature18609,yes,infrastructure,mouse,2016–2018,history,7,0,208,84,6,3,80,83,yes,,,yes,history_milestone
work_6337f24f35656c22,2024,Inference technique for the synaptic conductances in rhythmically active networks and applicati…,10.7554/elife.101959,yes,,other,2024,contemporary,1,0,1,16,1,1,81,81,,,,,contemporary_below_bar
work_6372283e97fc942b,2019,Microstructure-Informed Connectomics: Enriching Large-Scale Descriptions of Healthy and Disease…,10.1089/brain.2018.0587,yes,graph_analysis,,2019,contemporary,0,1,55,77,1,1,25,16,,yes,,yes,contemporary_keep
work_638148a6bb51d092,2020,Proposal-Free Volumetric Instance Segmentation from Latent Single-Instance Masks,10.1007/978-3-030-71278-5_24,yes,segmentation;graph_analysis,,2020,contemporary,0,2,8,32,2,0,25,20,,,,,contemporary_below_bar
work_63d1c71c6b4843f4,2023,Hunger- and thirst-sensing neurons modulate a neuroendocrine network to coordinate sugar and wa…,10.1101/2023.04.06.535891,yes,,fly,2023,contemporary,0,1,24,84,1,1,25,37,,yes,,yes,contemporary_keep
work_63ec5ea7fbf83d9e,2019,Comparisons between the ON- and OFF-edge motion pathways in the Drosophila brain,10.7554/elife.40025,yes,synapses,fly,2019,contemporary,7,6,125,91,10,7,82,82,,yes,,yes,contemporary_keep
work_644d61d09d1a8fb3,2025,Connectomic reconstruction from hippocampal CA3 reveals spatially graded mossy fiber inputs and…,10.1101/2025.07.09.663979,yes,segmentation;proofreading;infrastructure;graph_analysis,mouse,2025,sota,0,26,7,80,13,7,25,52,,,,,unproven_2025_low_inout
work_64c06ffb8fbbfee6,2024,Wrapped up: advancements in volume electron microscopy and application in myelin research,10.1515/mim-2024-0013,yes,preparation;acquisition;segmentation,,2024,contemporary,0,3,2,23,3,2,25,44,,yes,,yes,contemporary_keep
work_64f7b9e478002d6b,2019,Segmentation-Enhanced CycleGAN,10.1101/548081,yes,acquisition;segmentation;proofreading,,2019,contemporary,6,7,25,57,10,7,89,91,,yes,,yes,contemporary_keep
work_651457fdb2bf9ce4,2022,EMPIAR: the Electron Microscopy Public Image Archive,10.1093/nar/gkac1062,yes,graph_analysis,,2022,contemporary,2,0,179,98,2,2,67,72,,yes,,yes,contemporary_keep
work_651bbd48b5d55dba,2024,Ensemble learning and ground-truth validation of synaptic connectivity inferred from spike trai…,10.1101/2024.02.01.578336,yes,infrastructure;graph_analysis;modeling,,2024,contemporary,0,7,10,63,7,2,25,44,,yes,,yes,contemporary_keep
work_65b6394c205e8eb9,2011,Large-scale automated histology in the pursuit of connectomes,10.1523/jneurosci.4077-11.2011,yes,graph_analysis,,2010–2015,history,4,0,154,68,4,4,89,85,yes,,,yes,history_milestone
work_65dc9c4fe37faed4,2023,From connectome to effectome: learning the causal interaction map of the fly brain,10.1101/2023.10.31.564922,yes,,,2023,contemporary,2,9,3,28,8,6,64,69,,yes,,yes,contemporary_keep
work_66332aa713bfcad2,2021,Pyramidal Neurons of the Zebrafish Tectum Receive Highly Convergent Input From Torus Longitudin…,10.3389/fnana.2021.636683,yes,graph_analysis,zebrafish,2021,contemporary,1,0,14,49,1,1,66,72,,,,,contemporary_below_bar
work_667376031f1d99c8,2023,Imaging brain tissue architecture across millimeter to nanometer scales,10.1038/s41587-023-01911-8,yes,preparation;synapses,mouse,2023,contemporary,5,2,31,90,7,6,83,90,,yes,,yes,contemporary_keep
work_671e972c0bf9c3e6,2026,Scalable Comparative Connectomics: Interpretable Machine Learning Reveals Evolutionary Signatur…,10.1109/icbcb69424.2026.11621173,yes,synapses;infrastructure,elegans;zebrafish,2026,sota,0,5,0,35,5,4,25,61,,,yes,yes,sota_2026_out
work_6779fed0fab266f1,2026,Topological Sensitivity in Connectome-Constrained Neural Networks,10.48550/arxiv.2604.04033,yes,infrastructure;graph_analysis;modeling,fly,2026,sota,0,1,0,35,1,0,25,61,,,,,unproven_2026_low_out
work_6793e5e1077fc6ef,2012,The Intrinsic Connectome of the Rat Amygdala,10.3389/fncir.2012.00081,yes,proofreading;graph_analysis,other,2010–2015,history,3,0,30,31,3,2,97,95,yes,,,yes,history_milestone
work_679e6fe231f7c345,2013,Connectomics and epilepsy,10.1097/wco.0b013e32835ee5b8,yes,graph_analysis,,2010–2015,history,0,0,253,82,0,0,25,3,yes,,,yes,history_milestone
work_67af47ece63db8f0,2020,Microtubule Tracking in Electron Microscopy Volumes,10.1007/978-3-030-59722-1_10,yes,graph_analysis,fly,2020,contemporary,0,4,7,30,4,0,25,20,,yes,,yes,contemporary_keep
work_67d70830cad7154c,2020,Graphical-model framework for automated annotation of cell identities in dense cellular images,10.7554/elife.60321,yes,proofreading;infrastructure;graph_analysis;modeling,elegans,2020,contemporary,1,2,30,65,3,1,62,42,,yes,,yes,contemporary_keep
work_67d8721fe0e5d09a,2025,Profiling presynaptic scaffolds using split-GFP reconstitution reveals cell-type-specific spati…,10.1101/2024.12.02.626511,yes,,,2025,sota,0,3,2,51,3,3,25,52,,,,,unproven_2025_low_inout
work_67ec217a66cb4c18,2019,Integration of Odor-Induced Activity of Kenyon Cells in an Electrotonically Compact Drosophila …,10.1101/847244,yes,modeling,fly,2019,contemporary,0,1,1,7,1,1,25,16,,,,,contemporary_below_bar
work_687d2510f540339e,2021,A weighted network analysis framework for the hourglass effect—And its application in the C. el…,10.1371/journal.pone.0249846,yes,infrastructure;graph_analysis,elegans,2021,contemporary,0,8,2,15,6,1,25,25,,yes,,yes,contemporary_keep
work_688b4a2626c16814,2024,On human nanoscale synaptome: Morphology modeling and storage estimation,10.1371/journal.pone.0310156,yes,infrastructure;graph_analysis,,2024,contemporary,0,3,3,30,3,2,25,44,,yes,,yes,contemporary_keep
work_688ee240e903f7e8,2021,Why is neural connection weight a weak predictor of correlated neural activity?,,yes,infrastructure;graph_analysis,elegans,2021,contemporary,0,1,0,4,1,0,25,25,,,,,contemporary_below_bar
work_68c16753f9b50e6c,2024,Comparative connectomics of the descending and ascending neurons of the Drosophila nervous syst…,10.1101/2024.06.04.596633,yes,proofreading,fly,2024,contemporary,8,17,17,81,13,9,84,91,,yes,,yes,contemporary_keep
work_68df48cb796785a5,2011,A Bottom-up Approach to Data Annotation in Neurophysiology,10.3389/fninf.2011.00016,yes,acquisition;proofreading,,2010–2015,history,1,0,61,46,1,1,85,80,,,,,history_below_bar
work_6902b71a851fc6e1,2020,Determinants of seeding and spreading of α-synuclein pathology in the brain,10.1126/sciadv.abc2487,yes,,mouse,2020,contemporary,0,1,93,87,1,0,25,20,,yes,,yes,contemporary_keep
work_69275cd1098e62e8,2017,Guiding network analysis using graph slepians: an illustration for the C. Elegans connectome,10.1117/12.2274814,yes,graph_analysis,elegans,2016–2018,history,2,2,8,14,4,2,74,78,yes,,,yes,history_milestone
work_695aac6693bdee15,2026,Inferring Active Neural Circuits Using Diffusion Scores,,yes,alignment;graph_analysis,elegans,2026,sota,0,5,0,35,5,4,25,61,,,yes,yes,sota_2026_out
work_69a73378c605c293,2026,Geometric developmental principles for the emergence of brain-like weighted and directed neuron…,,yes,graph_analysis,elegans;zebrafish;other,2026,sota,0,9,0,35,7,4,25,61,,,yes,yes,sota_2026_out
work_69a812a079debc62,2025,CAVE: Connectome Annotation Versioning Engine,10.1038/s41592-024-02426-z,yes,segmentation;proofreading;infrastructure,mouse,2025,sota,8,37,55,98,13,9,82,86,,,yes,yes,sota_2025_out_and_in
work_69cca0faa382822e,2023,Electrical synapses for a pooling layer of the convolutional neural network in retinas,10.3389/fncel.2023.1281786,yes,sectioning;acquisition;infrastructure;graph_analysis,mouse,2023,contemporary,1,7,1,13,6,2,70,77,,yes,,yes,contemporary_keep
work_69eab38f3c80cc87,2013,Mapping mammalian synaptic connectivity,10.1007/s00018-013-1417-y,yes,,,2010–2015,history,0,1,19,27,1,0,25,3,,,,,history_below_bar
work_69f2e6e2a29366b5,2025,Horizontal cell connectivity in the anchovy retina—a 3D electron microscopic study,10.1186/s12915-025-02242-7,yes,sectioning;acquisition;segmentation,mouse,2025,sota,0,6,0,14,4,2,25,52,,,,,unproven_2025_low_inout
work_6a3a8e971190fafd,2017,Mapping and Analysis of the Connectome of Sympathetic Premotor Neurons in the Rostral Ventrolat…,10.3389/fncir.2017.00009,yes,alignment;proofreading;infrastructure;graph_analysis,other,2016–2018,history,1,2,52,59,3,3,68,48,yes,,,yes,history_milestone
work_6a673ad711320968,2022,Scalable graph analysis tools for the connectomics community,10.1101/2022.06.01.494307,yes,proofreading;infrastructure;graph_analysis,,2022,contemporary,4,12,5,33,12,8,74,76,,yes,,yes,contemporary_keep
work_6a7a572d2c3c7c09,2018,Rewiring the connectome: Evidence and effects,10.1016/j.neubiorev.2018.03.001,yes,,,2016–2018,history,1,3,93,83,4,3,56,18,yes,,,yes,history_milestone
work_6a858df52678b5b3,2018,Combining mGRASP and Optogenetics Enables High-Resolution Functional Mapping of Descending Cort…,10.1016/j.celrep.2018.06.076,yes,,,2016–2018,history,1,1,16,24,2,1,60,22,,,,,history_below_bar
work_6ab1a546945ea8a5,2013,Connectomic approaches before the connectome,10.1016/j.neuroimage.2013.05.109,yes,preparation,,2010–2015,history,1,1,82,61,2,1,68,11,yes,,,yes,history_milestone
work_6acb043eb4685374,2020,Two Stream Active Query Suggestion for Active Learning in Connectomics,10.1007/978-3-030-58523-5_7,yes,segmentation;proofreading;synapses;infrastructure;graph_analysis,,2020,contemporary,4,4,22,54,8,3,77,75,,yes,,yes,contemporary_keep
work_6add9ee0fce41ea3,2019,Iron-sequestering nanocompartments as multiplexed Electron Microscopy gene reporters,10.1101/516955,yes,preparation;acquisition;infrastructure,,2019,contemporary,0,5,40,69,5,5,25,16,,yes,,yes,contemporary_keep
work_6b5b79f0d0fe1451,2014,From Caenorhabditis elegans to the human connectome: a specific modular organization increases …,10.1098/rstb.2013.0529,yes,graph_analysis,elegans,2010–2015,history,7,4,40,55,5,3,87,83,yes,,,yes,history_milestone
work_6b6ad2c0b18afc7e,2026,SparseSeg: Target-Conditioned Discovery Segmentation of Cryo-Volume Electron Microscopy Under S…,10.64898/2026.07.13.738355,yes,sectioning;acquisition;segmentation;proofreading;infrastructure,,2026,sota,0,2,0,35,2,1,25,61,,,,,unproven_2026_low_out
work_6ba447188c08afe1,2025,Neuromorphic hierarchical modular reservoirs,10.1038/s41467-026-74466-2,yes,infrastructure;graph_analysis,,2025,sota,2,9,6,76,4,3,82,84,,,yes,yes,sota_2025_out_and_in
work_6bbd9315846fb6b3,2022,Circuit analysis reveals a neural pathway for light avoidance in Drosophila larvae,10.1038/s41467-022-33059-5,yes,proofreading,fly,2022,contemporary,0,1,7,45,1,0,25,31,,,,,contemporary_below_bar
work_6bef1584a99628b5,2016,A Multicore Path to Connectomics-on-Demand,10.1145/2935764.2935825,yes,infrastructure;graph_analysis,,2016–2018,history,0,0,0,4,0,0,25,8,,,,,history_below_bar
work_6bf9891cc0c28628,2016,Transgenic FingRs for Live Mapping of Synaptic Dynamics in Genetically-Defined Neurons,10.1038/srep18734,yes,,zebrafish,2016–2018,history,1,1,32,48,2,1,60,12,,,,,history_below_bar
work_6c16ccac03d903e6,2017,Automated synaptic connectivity inference for volume electron microscopy,10.1038/nmeth.4206,yes,sectioning;acquisition;proofreading;infrastructure;graph_analysis,zebrafish;other,2016–2018,history,24,4,138,78,13,9,95,97,yes,,,yes,history_milestone
work_6c1b78bf4b4d5d75,2023,Anatomical restructuring of a lateralized neural circuit during associative learning by asymmet…,10.1016/j.cub.2023.07.041,yes,,elegans,2023,contemporary,0,2,13,70,2,1,25,37,,yes,,yes,contemporary_keep
work_6c53d7ba6dfeda13,2020,Network topology of the marmoset connectome,10.1162/netn_a_00159,yes,proofreading;graph_analysis,,2020,contemporary,1,5,22,54,5,1,66,29,,yes,,yes,contemporary_keep
work_6c644898f337026e,2020,Cellular and circuit mechanisms of olfactory associative learning in Drosophila,10.1080/01677063.2020.1715971,yes,,fly,2020,contemporary,1,1,43,74,2,1,59,33,,yes,,yes,contemporary_keep
work_6c667e4590ab2a67,2023,Converting Biological Neural Networks to DAGs: Evaluation of Customized Algorithms on C. Elegans,10.1109/urtc60662.2023.10534957,yes,graph_analysis,elegans,2023,contemporary,0,3,0,6,3,2,25,37,,yes,,yes,contemporary_keep
work_6c78664b0abdcff2,2026,A multi-resolution imaging and analysis pipeline for comparative circuit reconstruction in inse…,10.64898/2026.02.25.708065,yes,preparation;acquisition;alignment;segmentation;proofreading;synapses;infrastructure,,2026,sota,1,20,1,77,13,8,67,80,,,yes,yes,sota_2026_out
work_6c89dbe883bbd590,2012,Analyzing Self-Similar and Fractal Properties of the C. elegans Neural Network,10.1371/journal.pone.0040483,yes,graph_analysis,elegans,2010–2015,history,3,1,22,22,3,1,82,79,yes,,,yes,history_milestone
work_6cb6b38366a67f63,2024,Combined topological and spatial constraints are required to capture the structure of neural co…,10.1162/netn_a_00428,yes,infrastructure;graph_analysis,fly,2024,contemporary,3,25,13,75,13,8,73,76,,yes,,yes,contemporary_keep
work_6cd7e5cb19e5195e,2021,Brain research challenges supercomputing,10.1126/science.abl8519,yes,infrastructure,elegans,2021,contemporary,1,1,22,62,2,1,65,57,,yes,,yes,contemporary_keep
work_6d00499bc1daf535,2022,Connectomics: Relating synaptic connectivity to physiology.,10.1016/j.cub.2021.12.037,yes,graph_analysis,fly,2022,contemporary,0,4,1,12,4,3,25,31,,yes,,yes,contemporary_keep
work_6d6bf1bdee0fecf9,2020,Unsupervised learning of control signals and their encodings in Caenorhabditis elegans whole-br…,10.1098/rsif.2020.0459,yes,infrastructure,elegans,2020,contemporary,2,1,16,44,3,2,64,40,,yes,,yes,contemporary_keep
work_6d7152bc3042d92f,2019,Correlative three-dimensional super-resolution and block face electron microscopy of whole vitr…,10.1126/science.aaz5357,yes,sectioning;acquisition;alignment;segmentation;proofreading;infrastructure,,2019,contemporary,2,1,304,98,3,1,78,76,,yes,,yes,contemporary_keep
work_6d75c7ef9c4a7b7e,2012,Interactive Volume Exploration of Petascale Microscopy Data Streams Using a Visualization-Drive…,10.1109/tvcg.2012.240,yes,acquisition;infrastructure,,2010–2015,history,4,0,103,69,4,3,89,87,yes,,,yes,history_milestone
work_6d8210bd121bf345,2016,Eye-Trace: Segmentation of Volumetric Microscopy Images with Eyegaze,10.1145/2858036.2858578,yes,segmentation;proofreading,,2016–2018,history,0,5,7,22,5,5,25,8,yes,,,yes,history_milestone
work_6db95f64553b035d,2022,Automated synapse-level reconstruction of neural circuits in the larval zebrafish brain,10.1038/s41592-022-01621-0,yes,sectioning;acquisition;segmentation;synapses,zebrafish,2022,contemporary,20,22,95,96,13,8,92,93,,yes,,yes,contemporary_keep
work_6dfd679b90335d75,2017,A Deep Structured Learning Approach Towards Automating Connectome Reconstruction from 3D Electr…,,yes,segmentation;graph_analysis,,2016–2018,history,8,4,27,34,9,7,93,94,yes,,,yes,history_milestone
work_6e1dc2d9574819bb,2025,Practitioner forecasts of technological progress in biostasis,,yes,graph_analysis,,2025,sota,0,1,0,14,1,0,25,52,,,,,unproven_2025_low_inout
work_6e526e10c76c2156,2013,Deconstructing Complexity: Serial Block-Face Electron Microscopic Analysis of the Hippocampal M…,10.1523/jneurosci.1600-12.2013,yes,sectioning,mouse,2010–2015,history,3,1,163,78,4,3,72,15,yes,,,yes,history_milestone
work_6e58cd7663b2ca89,2023,3D Domain Adaptive Instance Segmentation via Cyclic Segmentation GANs,10.1109/jbhi.2023.3281332,yes,segmentation;proofreading;graph_analysis,zebrafish,2023,contemporary,0,5,8,56,5,2,25,37,,yes,,yes,contemporary_keep
work_6e6d74dd4f3c6069,2019,Expansion Microscopy of Lipid Membranes,10.1101/829903,yes,,,2019,contemporary,1,0,42,72,1,0,72,56,,yes,,yes,contemporary_keep
work_6e6f3f5c12eedea0,2025,Accelerating Neuron Reconstruction with PATHFINDER,10.1101/2025.05.16.654254,yes,segmentation;proofreading,mouse,2025,sota,3,8,8,83,10,7,65,76,,,yes,yes,sota_2025_out_and_in
work_6f3fa2fad7e314ab,2016,Strong connectivity and its applications,,yes,graph_analysis,,2016–2018,history,0,2,1,8,2,2,25,8,,,,,history_below_bar
work_6f4a1e86d4d301f0,2012,Lethality of complex neuronal network in Caenorhabditis elegans nervous system based on cell at…,10.1186/1471-2202-13-s1-p110,yes,graph_analysis;modeling,elegans,2010–2015,history,0,1,0,3,1,0,25,2,,,,,history_below_bar
work_6f4d01222606c947,2017,Neuromodulatory connectivity defines the structure of a behavioral neural network,10.7554/elife.29797,yes,graph_analysis,fly,2016–2018,history,1,0,33,48,1,1,73,76,,,,,history_below_bar
work_6f86d20c9bf6e84d,2024,Whole-brain annotation and multi-connectome cell typing of Drosophila,10.1038/s41586-024-07686-5,yes,proofreading;infrastructure,fly,2024,contemporary,41,18,291,99,13,9,93,96,,yes,,yes,contemporary_keep
work_6f9a7974a1b12683,2026,The Drosophila connectome reveals axo-axonic synapses on descending neurons,10.1016/j.isci.2026.115624,yes,preparation;graph_analysis,fly,2026,sota,0,17,0,35,11,8,25,61,,,yes,yes,sota_2026_out
work_6fb7df42094ab826,2026,From the fly connectome to exact ring attractor dynamics,10.1101/2024.11.01.621596,yes,modeling,fly,2026,sota,1,9,2,89,6,5,65,77,,,yes,yes,sota_2026_out
work_6fefee1e1bf17068,2018,Fast Mitochondria Segmentation for Connectomics,,yes,acquisition;segmentation;graph_analysis,,2016–2018,history,0,3,18,31,3,3,25,13,yes,,,yes,history_milestone
work_700ac102f4fb80b1,2025,"How tp1, an indirect wing steering muscle, stabilizes Drosophila’s flight",10.1101/2025.11.02.686144,yes,infrastructure;modeling,fly,2025,sota,0,1,0,14,1,1,25,52,,,,,unproven_2025_low_inout
work_7047d97957cd06a4,2021,Connectomic features underlying diverse synaptic connection strengths and subcellular computati…,10.1101/2021.08.19.456845,yes,graph_analysis;modeling,fly,2021,contemporary,14,19,32,74,13,8,90,90,,yes,,yes,contemporary_keep
work_705030ef2bfb656f,2024,WASPSYN: A Challenge for Domain Adaptive Synapse Detection in Microwasp Brain Connectomes,10.1109/tmi.2024.3400276,yes,preparation;proofreading;synapses,,2024,contemporary,2,13,4,38,12,7,55,67,,yes,,yes,contemporary_keep
work_70f3ebdd9a099832,2016,"Statistical Analysis of Tract-Tracing Experiments Demonstrates a Dense, Complex Cortical Networ…",10.1371/journal.pcbi.1005104,yes,proofreading;infrastructure;graph_analysis,mouse,2016–2018,history,2,3,31,45,5,3,78,76,yes,,,yes,history_milestone
work_70f9a69534438a69,2021,A connectome is not enough - what is still needed to understand the brain of Drosophila?,10.1242/jeb.242740,yes,,fly,2021,contemporary,9,11,17,54,10,7,91,91,,yes,,yes,contemporary_keep
work_7132143987cc6229,2025,Inhibitory circuit motifs in Drosophila larvae generate motor program diversity and variability,10.1371/journal.pbio.3003094,yes,segmentation;infrastructure;graph_analysis;modeling,fly,2025,sota,0,2,2,51,2,1,25,52,,,,,unproven_2025_low_inout
work_717baf719ad94026,2021,Neuropeptides and Behaviors: How Small Peptides Regulate Nervous System Function and Behavioral…,10.3389/fnmol.2021.786471,yes,,elegans,2021,contemporary,2,1,47,83,3,2,71,76,,yes,,yes,contemporary_keep
work_71a75ab0de08abf0,2014,A genetically specified connectomics approach applied to long-range feeding regulatory circuits,10.1038/nn.3854,yes,sectioning,mouse,2010–2015,history,12,7,81,68,9,8,93,91,yes,,,yes,history_milestone
work_71f6011a0d89b1ef,2021,Prefrontal connectomics: from anatomy to human imaging,10.1038/s41386-021-01156-6,yes,proofreading;graph_analysis,,2021,contemporary,3,9,107,96,5,1,89,89,,yes,,yes,contemporary_keep
work_72265483ca325cf9,2014,Identification of Important Nodes in Directed Biological Networks: A Network Motif Approach,10.1371/journal.pone.0106132,yes,graph_analysis,,2010–2015,history,1,1,115,82,2,2,67,28,yes,,,yes,history_milestone
work_726c0c1ef7c520da,2018,"NeuTu: Software for Collaborative, Large-Scale, Segmentation-Based Connectome Reconstruction",10.3389/fncir.2018.00101,yes,segmentation;proofreading;infrastructure,,2016–2018,history,18,7,45,64,13,8,93,94,yes,,,yes,history_milestone
work_726e4e2ab35a1839,2021,Dense Circuit Reconstruction to Understand Neuronal Computation: Focus on Zebrafish.,10.1146/annurev-neuro-110220-013050,yes,infrastructure;graph_analysis,zebrafish,2021,contemporary,3,0,21,60,3,3,76,83,,yes,,yes,contemporary_keep
work_726f94c3a68b3ac1,2021,Evidence of wiring development processes from the connectome of adult Drosophila,10.1101/2021.05.15.444029,yes,,fly,2021,contemporary,0,1,0,4,1,1,25,25,,,,,contemporary_below_bar
work_728e612eebfab5fc,2023,Flexible circuit mechanisms for context-dependent song sequencing,10.1038/s41586-023-06632-1,yes,graph_analysis,fly,2023,contemporary,0,2,21,82,2,2,25,37,,yes,,yes,contemporary_keep
work_72b1d33f49042f77,2021,Multi-Scale Imaging of Connectomes With Photons and Electrons,10.1017/s1431927621009168,yes,segmentation,,2021,contemporary,0,1,1,10,1,0,25,25,,,,,contemporary_below_bar
work_72b520361c1b81dc,2025,"Sexually dimorphic neural circuits underlying mating behaviors: Insights from worms, flies, and…",10.1016/j.conb.2025.103151,yes,,elegans,2025,sota,0,1,2,51,1,0,25,52,,,,,unproven_2025_low_inout
work_72ea6e613ea36486,2015,Topological organization of connectivity strength in the rat connectome,10.1007/s00429-015-0999-6,yes,proofreading;infrastructure;graph_analysis,other,2010–2015,history,13,7,55,48,6,4,91,87,yes,,,yes,history_milestone
work_7355482a2bfdf04b,2021,Normative and mechanistic model of an adaptive circuit for efficient encoding and feature extra…,10.1073/pnas.2117484120,yes,infrastructure;graph_analysis,fly,2021,contemporary,0,4,16,52,3,1,25,25,,yes,,yes,contemporary_keep
work_73f655c300b2c7a4,2018,"Verifying, Challenging, and Discovering New Synapses Among Fully EM-Reconstructed Neurons in th…",10.3389/fnana.2018.00095,yes,sectioning;synapses,,2016–2018,history,0,23,3,11,13,9,25,13,yes,,,yes,history_milestone
work_740d0cb24a85d1c1,2019,Optimization Algorithms in Reconstructions of Neuron Morphology: An Overview,10.1109/ithings/greencom/cpscom/smartdata.2019.00069,yes,proofreading;infrastructure,,2019,contemporary,0,1,1,7,1,1,25,16,,,,,contemporary_below_bar
work_74206fd085d4b317,2022,Multisensory Integration in Caenorhabditis elegans in Comparison to Mammals,10.3390/brainsci12101368,yes,,elegans,2022,contemporary,1,8,9,53,7,3,70,73,,yes,,yes,contemporary_keep
work_743bbcc514e88bfd,2025,"The Drosophila adult brain: short overview of structure, function, and resources Graphical Revi…",10.1016/j.cris.2025.100113,yes,graph_analysis,fly,2025,sota,0,7,7,80,7,7,25,52,,,,,unproven_2025_low_inout
work_743eabd3892ae7b4,2021,FIB-SEM as a Volume Electron Microscopy Approach to Study Cellular Architectures in SARS-CoV-2 …,10.3390/v13040611,yes,sectioning;acquisition,mouse,2021,contemporary,0,2,40,79,2,0,25,25,,yes,,yes,contemporary_keep
work_74525f86a420804b,2025,Learning and criticality in a self-organizing model of connectome growth,10.1038/s41598-025-16377-8,yes,infrastructure;modeling,,2025,sota,2,6,5,73,5,4,66,75,,,yes,yes,sota_2025_out_and_in
work_749e4968411ae37d,2022,Invited review: Unearthing the mechanisms of age-related neurodegenerative disease using Caenor…,10.1016/j.cbpa.2022.111166,yes,,elegans,2022,contemporary,0,2,5,33,2,1,25,31,,,,,contemporary_below_bar
work_74ae11cddb4ef3c5,2024,Cell nuclei segmentation in mm-scale x-ray holographic nanotomography images of mouse brain tis…,10.1117/12.3028309,yes,preparation;segmentation;proofreading;graph_analysis,mouse,2024,contemporary,1,10,3,30,10,5,59,67,,yes,,yes,contemporary_keep
work_75041ede2653fad3,2025,Distinct circuit motifs evaluate opposing innate values of odors.,10.1016/j.cell.2025.08.032,yes,graph_analysis,fly,2025,sota,0,7,8,83,7,7,25,52,,,,,unproven_2025_low_inout
work_75371f7313f33c66,2025,Synaptic-resolution connectomics: towards large brains and connectomic screening,10.1038/s41583-025-00998-z,yes,,mouse,2025,sota,5,35,12,87,13,8,81,85,,,yes,yes,sota_2025_out_and_in
work_757346f4701e0b9d,2010,Cocaine- and Morphine-Induced Synaptic Plasticity in the Nucleus Accumbens,10.1002/syn.20849,yes,,,2010–2015,history,1,0,54,19,1,0,54,1,,,,,history_below_bar
work_7599ba180a4cf46f,2024,Centralized brain networks underlie body part coordination during grooming,10.1101/2024.12.17.628844,yes,graph_analysis;modeling,fly,2024,contemporary,1,0,9,60,1,1,55,57,,yes,,yes,contemporary_keep
work_75c6fb7f1776db5a,2018,Analysis Tools for Large Connectomes,10.3389/fncir.2018.00085,yes,infrastructure;modeling,,2016–2018,history,0,5,3,11,5,5,25,13,yes,,,yes,history_milestone
work_75cb74969bc98615,2024,Disrupted basolateral amygdala circuits supports negative valence bias in depressive states,10.1038/s41398-024-03085-6,yes,segmentation;proofreading,,2024,contemporary,0,1,12,72,1,0,25,44,,yes,,yes,contemporary_keep
work_76cde91826ef7dba,2023,Ancient origin of the rod bipolar cell pathway in the vertebrate retina,10.1101/2023.09.12.557433,yes,,mouse;zebrafish,2023,contemporary,2,0,20,80,2,2,55,57,,yes,,yes,contemporary_keep
work_77081160559213d2,2020,"CONNECTIONS, TRACTS, FRACTALS, AND THE REST: A WORKING GUIDE TO NETWORK AND CONNECTIVITY STUDIE…",10.1016/j.wneu.2020.03.116,yes,alignment,,2020,contemporary,0,1,5,25,1,0,25,20,,,,,contemporary_below_bar
work_7709c0de232cbe41,2019,Synaptic Specializations of Melanopsin-Retinal Ganglion Cells in Multiple Brain Regions Reveale…,10.1016/j.celrep.2019.09.006,yes,,mouse,2019,contemporary,0,3,26,59,2,2,25,16,,yes,,yes,contemporary_keep
work_77303c6ebe2e7573,2023,"Development and circuitry of the tunicate larval Motor Ganglion, a putative hindbrain/spinal co…",10.1002/jez.b.23221,yes,,other,2023,contemporary,0,1,8,56,1,0,25,37,,yes,,yes,contemporary_keep
work_77733aed5786f1e1,2026,Isotropic Reconstruction of Anisotropic vEM Volumes with ViT-Guided Diffusion,10.3390/electronics15061181,yes,acquisition;segmentation;infrastructure;modeling,,2026,sota,0,11,0,35,10,1,25,61,,,yes,yes,sota_2026_out
work_7773a3cd24b3497d,2020,A connectome and analysis of the adult Drosophila central brain,10.7554/elife.57443,yes,segmentation;proofreading;graph_analysis,fly,2020,contemporary,98,16,900,100,13,9,98,99,,yes,,yes,contemporary_keep
work_77f7a01eb5b8c41e,2016,Connectome studies on Drosophila: a short perspective on a tiny brain,10.3109/01677063.2016.1166224,yes,sectioning;acquisition;synapses;graph_analysis,elegans;mouse,2016–2018,history,8,11,19,32,12,8,94,95,yes,,,yes,history_milestone
work_78203103685e9d4e,2014,Automatic discovery of cell types and microcircuitry from neural connectomics,10.7554/elife.04250,yes,,elegans;mouse,2010–2015,history,4,0,63,63,4,2,90,89,yes,,,yes,history_milestone
work_78258f2526b35036,2025,RETINA: Reconstruction-based pre-trained enhanced TransUNet for electron microscopy segmentatio…,10.1371/journal.pcbi.1013115,yes,segmentation;proofreading;graph_analysis,mouse,2025,sota,2,1,7,80,3,3,59,73,,,,,unproven_2025_low_inout
work_783a1dd4e73fe636,2024,Multiplexed volumetric CLEM enabled by scFvs provides insights into the cytology of cerebellar …,10.1038/s41467-024-50411-z,yes,acquisition,mouse,2024,contemporary,3,14,9,60,11,6,80,84,,yes,,yes,contemporary_keep
work_784400c91f3cd26f,2019,Accelerated redevelopment of vocal skills is preceded by lasting reorganization of the song mot…,10.7554/elife.43194,yes,acquisition,other,2019,contemporary,0,1,15,42,1,1,25,16,,,,,contemporary_below_bar
work_7881b883406a7ba1,2016,SANTIAGO: Spine Association for Neuron Topology Improvement and Graph Optimization,,yes,segmentation;graph_analysis,,2016–2018,history,0,5,1,8,5,5,25,8,yes,,,yes,history_milestone
work_78bb0e063acbccb4,2026,A Complex Network-Based Approach for Detecting and Characterizing Power Neurons in Drosophila,10.1007/s12021-026-09773-6,yes,graph_analysis,fly,2026,sota,0,1,0,35,1,1,25,61,,,,,unproven_2026_low_out
work_78c6e57b544b9fe2,2024,A generative model of the connectome with dynamic axon growth,10.1101/2024.02.23.581824,yes,segmentation;graph_analysis,,2024,contemporary,2,6,7,54,6,2,57,66,,yes,,yes,contemporary_keep
work_78e78bc14a78941e,2023,Inferring Neuron-level Brain Circuit Connection via Graph Neural Network Amidst Small Establish…,10.1101/2023.06.29.547138,yes,graph_analysis,elegans,2023,contemporary,0,4,0,6,4,2,25,37,,yes,,yes,contemporary_keep
work_790c4fa540195de1,2015,High-performance probes for light and electron microscopy,10.1038/nmeth.3365,yes,graph_analysis,mouse,2010–2015,history,7,1,263,80,5,3,85,81,yes,,,yes,history_milestone
work_791a1f8bfcc43bc6,2019,A null model of the mouse whole-neocortex micro-connectome,10.1038/s41467-019-11630-x,yes,graph_analysis;modeling,mouse,2019,contemporary,1,2,44,74,3,2,67,40,,yes,,yes,contemporary_keep
work_791ccba206b1bbdc,2022,Neural signal propagation atlas of C. elegans,,yes,,elegans,2022,contemporary,0,10,5,33,9,6,25,31,,yes,,yes,contemporary_keep
work_793b3b98c8e44d43,2023,MCMC sampling of directed flag complexes with fixed undirected graphs,10.1007/s41468-024-00178-5,yes,graph_analysis,elegans,2023,contemporary,0,3,10,62,3,1,25,37,,yes,,yes,contemporary_keep
work_7946dbb6802bb908,2017,Complexity and Vulnerability Analysis of the C. Elegans Gap Junction Connectome,10.3390/e19030104,yes,,elegans,2016–2018,history,0,7,5,11,6,3,25,10,yes,,,yes,history_milestone
work_79637f99f0c0390e,2012,NEUROMODULATION OF NEURONAL CIRCUITS: BACK TO THE FUTURE,10.1016/j.neuron.2012.09.010,yes,,,2010–2015,history,15,0,899,97,10,4,94,90,yes,,,yes,history_milestone
work_796386b4ebec693b,2016,The CNS connectome of a tadpole larva of Ciona intestinalis (L.) highlights sidedness in the br…,10.7554/elife.16962,yes,sectioning;graph_analysis,other,2016–2018,history,26,3,246,87,13,7,95,95,yes,,,yes,history_milestone
work_798e413af36b6f31,2019,Biologically-Constrained Graphs for Global Connectomics Reconstruction,10.1109/cvpr.2019.00219,yes,segmentation;proofreading;graph_analysis,,2019,contemporary,17,10,37,66,12,8,87,86,,yes,,yes,contemporary_keep
work_79981ad4ed5b69f7,2024,Temperature cues are integrated in a flexible circadian neuropeptidergic feedback circuit to re…,10.1371/journal.pbio.3002918,yes,,fly,2024,contemporary,0,10,5,45,7,7,25,44,,yes,,yes,contemporary_keep
work_79a10d3d8a82b5d5,2021,NeuroConstruct: 3D Reconstruction and Visualization of Neurites in Optical Microscopy Brain Ima…,10.1109/tvcg.2021.3109460,yes,alignment;segmentation;proofreading,,2021,contemporary,0,3,14,49,3,0,25,25,,yes,,yes,contemporary_keep
work_79a23415110e1412,2022,Systems neuroscience: Auditory processing at synaptic resolution.,10.1016/j.cub.2022.07.001,yes,,fly,2022,contemporary,1,3,2,17,3,3,72,73,,yes,,yes,contemporary_keep
work_79c1db67453e2c88,2020,A semi-automated approach to dense segmentation of 3D white matter electron microscopy,10.1101/2020.03.19.979393,yes,sectioning;acquisition;segmentation;proofreading,mouse,2020,contemporary,0,2,10,36,2,0,25,20,,,,,contemporary_below_bar
work_79d3436af1375244,2015,Image-based correction of continuous and discontinuous non-planar axial distortion in serial se…,10.1093/bioinformatics/btw794,yes,preparation;sectioning;graph_analysis,,2010–2015,history,7,8,25,28,10,6,92,87,yes,,,yes,history_milestone
work_79f974e385905be1,2020,Electrophysiological validation of premotor interneurons monosynaptically connected to the aCC …,10.1101/2020.06.17.156430,yes,,fly,2020,contemporary,1,2,4,21,3,1,71,75,,yes,,yes,contemporary_keep
work_7a094f6e7f331df0,2025,Whole-brain chemosensory responses of both C. elegans sexes,10.1101/2025.05.15.654129,yes,infrastructure;graph_analysis,elegans,2025,sota,0,6,4,68,6,4,25,52,,,,,unproven_2025_low_inout
work_7a1fd8b2f1f89a04,2022,Classifying Drosophila olfactory projection neuron boutons by quantitative analysis of electron…,10.1016/j.isci.2022.104180,yes,sectioning;acquisition,fly,2022,contemporary,1,2,6,39,3,3,52,41,,yes,,yes,contemporary_keep
work_7a4e052848e9ed49,2024,Directed and acyclic synaptic connectivity in the human layer 2-3 cortical microcircuit,10.1126/science.adg8828,yes,graph_analysis;modeling,human,2024,contemporary,0,1,41,93,1,1,25,44,,yes,,yes,contemporary_keep
work_7a72a1edac8e6c06,2013,Deep and Wide Multiscale Recursive Networks for Robust Image Labeling,,yes,segmentation,,2010–2015,history,10,2,45,43,8,7,96,94,yes,,,yes,history_milestone
work_7a79d9fb47ef2201,2023,Current Progress and Challenges in Large-Scale 3D Mitochondria Instance Segmentation,10.1109/tmi.2023.3320497,yes,segmentation;proofreading,other,2023,contemporary,0,5,14,73,5,3,25,37,,yes,,yes,contemporary_keep
work_7a7ede8e181b212c,2018,Segregated Subnetworks of Intracortical Projection Neurons in Primary Visual Cortex.,10.1016/j.neuron.2018.10.023,yes,synapses,,2016–2018,history,1,1,65,76,2,1,60,29,yes,,,yes,history_milestone
work_7a9ee048a1e92b21,2025,"An integrated anatomical, functional and evolutionary view of the Drosophila olfactory system",10.1038/s44319-025-00476-8,yes,,fly,2025,sota,0,2,6,76,2,2,25,52,,,,,unproven_2025_low_inout
work_7aacccf8f2da1b54,2011,"Transfection via whole-cell recording in vivo: bridging single-cell physiology, genetics and co…",10.1038/nn.2765,yes,proofreading,mouse,2010–2015,history,1,0,135,61,1,1,68,7,yes,,,yes,history_milestone
work_7ab3302f7f8fd0a5,2019,Learning and Segmenting Dense Voxel Embeddings for 3D Neuron Reconstruction,10.1109/tmi.2021.3097826,yes,preparation;sectioning;segmentation;graph_analysis,,2019,contemporary,4,7,33,63,10,7,66,42,,yes,,yes,contemporary_keep
work_7af331d8bd9da513,2018,Increasing Electrical Stimulation Efficacy in Degenerated Retina: Stimulus Waveform Design in a…,10.1109/tnsre.2018.2832055,yes,infrastructure;modeling,mouse,2016–2018,history,1,1,33,50,2,1,65,34,yes,,,yes,history_milestone
work_7afda5ab9166c6fb,2011,Network anatomy and in vivo physiology of visual cortical neurons,10.1038/nature09802,yes,graph_analysis,mouse,2010–2015,history,54,1,889,100,13,9,99,99,yes,,,yes,history_milestone
work_7b0d0494a4639719,2021,ZeVis: A Visual Analytics System for Exploration of a Larval Zebrafish Brain in Serial-Section …,10.1109/access.2021.3084066,yes,sectioning;segmentation;graph_analysis,zebrafish,2021,contemporary,3,12,3,20,9,3,72,73,,yes,,yes,contemporary_keep
work_7b173df5e3f0b797,2006,Computational inference of the molecular logic for synaptic connectivity in C. elegans,10.1093/bioinformatics/btl224,yes,graph_analysis,elegans,2005–2009,history,3,0,68,31,3,0,74,2,yes,,,yes,history_milestone
work_7b437ce3ba4d27c5,2017,High-precision automated reconstruction of neurons with flood-filling networks,10.1038/s41592-018-0049-4,yes,sectioning;acquisition;segmentation;proofreading,other,2016–2018,history,60,5,382,94,13,9,97,97,yes,,,yes,history_milestone
work_7b69c0d654c6eb2e,2002,Geometry and structural plasticity of synaptic connectivity.,10.1016/s0896-6273(02)00652-9,yes,,mouse,pre-2005,history,0,0,320,50,0,0,25,0,yes,,,yes,history_milestone
work_7bbb57ed1549b5bc,2019,Methods for analysis of brain connectivity: An IFCN-sponsored review.,10.1016/j.clinph.2019.06.006,yes,graph_analysis,,2019,contemporary,0,1,148,94,1,1,25,16,,yes,,yes,contemporary_keep
work_7bd29d9809ae56eb,2015,Large-volume en-bloc staining for electron microscopy-based connectomics,10.1038/ncomms8923,yes,preparation;graph_analysis,mouse,2010–2015,history,20,1,274,83,13,4,93,89,yes,,,yes,history_milestone
work_7bdad385499dc937,2021,Imaging Three-Dimensional Brain Organoid Architecture from Meso- to Nanoscale across Development,10.1101/2021.12.03.471084,yes,alignment,,2021,contemporary,1,0,22,62,1,1,65,72,,yes,,yes,contemporary_keep
work_7bf4cfb87937a38b,2026,Learning the wiring rules of a mammalian cortical column,10.64898/2026.07.09.737432,yes,preparation;infrastructure;graph_analysis,mouse,2026,sota,0,21,0,35,13,8,25,61,,,yes,yes,sota_2026_out
work_7c0dbfe2630320dd,2018,Comparative Primate Connectomics,10.1159/000488886,yes,proofreading;graph_analysis,other,2016–2018,history,0,0,35,52,0,0,25,13,yes,,,yes,history_milestone
work_7c2aa766f501961b,2023,New insights into retinal circuits through EM connectomics: what we have learnt and what remain…,10.3389/fopht.2023.1168548,yes,,mouse,2023,contemporary,1,5,2,20,6,3,63,79,,yes,,yes,contemporary_keep
work_7c3d9ac93c390d36,2011,The Viking viewer for connectomics: scalable multi-user annotation and summarization of large v…,10.1111/j.1365-2818.2010.03402.x,yes,proofreading;infrastructure,mouse,2010–2015,history,12,0,70,50,7,6,96,97,yes,,,yes,history_milestone
work_7c6166a6cee7212b,2024,High-Complexity Barcoded Rabies Virus for Scalable Circuit Mapping Using Single-Cell and Single…,10.1101/2024.10.01.616167,yes,infrastructure;graph_analysis,human,2024,contemporary,0,0,3,30,0,0,25,44,,,,,contemporary_below_bar
work_7c688ddd3be395b9,2021,A historical perspective on training students to create standardized maps of novel brain struct…,10.1016/j.neulet.2021.136052,yes,,other,2021,contemporary,0,1,2,15,1,0,25,25,,,,,contemporary_below_bar
work_7c9431dcfcc3ff31,2017,webKnossos: efficient online 3D data annotation for connectomics,10.1038/nmeth.4331,yes,proofreading,,2016–2018,history,22,3,180,82,13,9,94,95,yes,,,yes,history_milestone
work_7ccfffa27b0f0285,2025,Aggression across sexes from a contextual- and circuit-based perspective.,10.1016/j.conb.2025.103071,yes,graph_analysis,fly,2025,sota,0,6,4,68,6,6,25,52,,,,,unproven_2025_low_inout
work_7d109ac5ec7ba974,2018,Functional connectomics from neural dynamics: probabilistic graphical models for neuronal netwo…,10.1098/rstb.2017.0377,yes,graph_analysis,elegans,2016–2018,history,4,0,22,37,3,0,80,71,yes,,,yes,history_milestone
work_7d84e7f7fdec51d5,2025,"Dense, continuous membrane labeling and expansion microscopy visualization of ultrastructure in…",10.1038/s41467-025-56641-z,yes,segmentation;proofreading,mouse,2025,sota,0,3,11,86,3,2,25,52,,,,,unproven_2025_low_inout
work_7dd7962792f95bf5,2024,Volume Electron Microscopy for Genetically and Molecularly Defined Neural Circuits.,10.1016/j.neures.2024.06.002,yes,acquisition,,2024,contemporary,0,4,3,30,4,0,25,44,,yes,,yes,contemporary_keep
work_7df753477b31a600,2016,Connectomic Analysis of Brain Networks: Novel Techniques and Future Directions,10.3389/fnana.2016.00110,yes,,,2016–2018,history,1,4,27,40,5,4,63,18,yes,,,yes,history_milestone
work_7dfc100d5e4e218b,2021,Circuit motifs and graph properties of connectome development in C. elegans,10.1101/2021.07.11.451911,yes,graph_analysis,elegans,2021,contemporary,4,9,6,31,10,8,74,74,,yes,,yes,contemporary_keep
work_7e9a704c6d18622d,2020,Flexible annotation atlas of the mouse brain: combining and dividing brain structures of the Al…,10.1101/2020.02.17.953547,yes,proofreading,mouse,2020,contemporary,0,2,15,40,2,0,25,20,,,,,contemporary_below_bar
work_7eaece935269f9eb,2024,Fibration symmetries and cluster synchronization in the Caenorhabditis elegans connectome,10.1371/journal.pone.0297669,yes,graph_analysis;modeling,elegans,2024,contemporary,1,8,3,30,7,4,61,72,,yes,,yes,contemporary_keep
work_7ed8d73ae2a0bf85,2018,Analyzing Image Segmentation for Connectomics,10.3389/fncir.2018.00102,yes,segmentation;infrastructure,,2016–2018,history,10,10,26,45,12,8,89,86,yes,,,yes,history_milestone
work_7edbf75269bec8b3,2024,"Cognitive limits of larval Drosophila: testing for conditioned inhibition, sensory precondition…",10.1101/lm.053726.122,yes,graph_analysis,fly,2024,contemporary,0,4,4,38,4,3,25,44,,yes,,yes,contemporary_keep
work_7ee1f288ebd5d281,2016,Anatomy and function of an excitatory network in the visual cortex,10.1038/nature17192,yes,,mouse,2016–2018,history,101,8,486,97,13,9,99,99,yes,,,yes,history_milestone
work_7f1202eef0e8289e,2017,"SynEM, automated synapse detection for connectomics",10.7554/elife.26414,yes,preparation;segmentation;proofreading;synapses,,2016–2018,history,33,16,64,63,13,9,97,97,yes,,,yes,history_milestone
work_7f2045fbc2f9c317,2011,Segmentation fusion for connectomics,10.1109/iccv.2011.6126240,yes,segmentation,,2010–2015,history,5,0,89,56,5,5,95,92,yes,,,yes,history_milestone
work_7fc3e9d7cd85be30,2026,Bridging the microstructural gap in human connectomics using hierarchical phase-contrast tomogr…,10.64898/2026.04.02.715729,yes,graph_analysis,,2026,sota,0,0,0,35,0,0,25,61,,,,,unproven_2026_low_out
work_7fc5d3b2b2fb4fec,2025,Songbird connectome reveals tunneling of migratory neurons in the adult striatum,10.1101/2025.10.24.684388,yes,,other,2025,sota,1,6,1,36,6,4,53,71,,,,,unproven_2025_low_inout
work_7fce0617a583457f,2018,Robust Associative Learning Is Sufficient to Explain the Structural and Dynamical Properties of…,10.1523/jneurosci.3218-18.2019,yes,preparation;infrastructure;graph_analysis,,2016–2018,history,1,0,18,31,1,0,56,18,,,,,history_below_bar
work_7fd39b6d64027898,2025,SmartEM: machine-learning guided electron microscopy,10.1038/s41592-025-02929-3,yes,acquisition;segmentation,mouse,2025,sota,0,18,3,61,13,8,25,52,,,,,unproven_2025_low_inout
work_7fe8ac21d730c5c5,2015,Inter-individual stereotypy of the Platynereis larval visual connectome,10.7554/elife.08069,yes,sectioning;acquisition,other,2010–2015,history,24,6,46,40,12,7,97,98,yes,,,yes,history_milestone
work_800bea12e5b9660d,2018,Caenorhabditis elegans and the network control framework—FAQs,10.1098/rstb.2017.0372,yes,infrastructure,elegans,2016–2018,history,1,4,37,54,5,4,54,18,yes,,,yes,history_milestone
work_804f9d846f9416e6,2026,State-Dependent Organization of Microscale Functional Circuitry in Visual Cortex,10.64898/2026.03.31.715474,yes,,mouse,2026,sota,0,8,0,35,4,3,25,61,,,yes,yes,sota_2026_out
work_80841cd8df129e85,2023,Connectomes: from a sparsity of networks to large-scale databases,10.3389/fninf.2023.1170337,yes,infrastructure,elegans,2023,contemporary,2,1,7,51,3,2,66,75,,yes,,yes,contemporary_keep
work_80846559d1313185,2022,Deep residual contextual and subpixel convolution network for automated neuronal structure segm…,10.1016/j.cmpb.2022.106759,yes,segmentation,mouse,2022,contemporary,1,11,6,39,8,1,51,34,,yes,,yes,contemporary_keep
work_80928a99db9d25e0,2025,A neural circuit for context-dependent multimodal signaling in Drosophila,10.1038/s41467-025-64907-9,yes,graph_analysis;modeling,fly,2025,sota,0,4,3,61,4,4,25,52,,,,,unproven_2025_low_inout
work_80a6a14187c03885,2026,Applying functional MRI analysis techniques to whole-brain calcium-imaging data to investigate …,10.1101/2025.07.01.662601,yes,,fly,2026,sota,0,0,0,35,0,0,25,61,,,,,unproven_2026_low_out
work_810e10ac7d2c5311,2018,Estimating the impact of structural directionality: How reliable are undirected connectomes?,10.1162/netn_a_00040,yes,graph_analysis,elegans,2016–2018,history,5,10,41,59,7,4,88,86,yes,,,yes,history_milestone
work_8126c1ea07c45313,2012,From simple graphs to the connectome: Networks in neuroimaging,10.1016/j.neuroimage.2011.08.085,yes,infrastructure;graph_analysis,,2010–2015,history,0,0,173,81,0,0,25,2,yes,,,yes,history_milestone
work_812f29e1e804830c,2018,NeuroCave: A web-based immersive visualization platform for exploring connectome datasets,10.1162/netn_a_00044,yes,infrastructure;graph_analysis,,2016–2018,history,0,0,23,39,0,0,25,13,,,,,history_below_bar
work_816ef4846a8b44e3,2018,Mesoscale Connectomics,10.1016/j.conb.2018.03.003,yes,proofreading;graph_analysis,,2016–2018,history,1,5,70,79,6,5,61,41,yes,,,yes,history_milestone
work_81b57bb8bd076686,2018,Architecture of the Mouse Brain Synaptome,10.1016/j.neuron.2018.07.007,yes,graph_analysis,mouse,2016–2018,history,1,2,219,95,3,2,57,22,yes,,,yes,history_milestone
work_81c0fdc6a538cfed,2014,Mapping circuits beyond the models: integrating connectomics and comparative neuroscience.,10.1016/j.neuron.2014.08.032,yes,,,2010–2015,history,1,0,15,30,1,0,64,9,,,,,history_below_bar
work_81c3af9943fafccc,2022,Uncovering brain tissue architecture across scales with super-resolution light microscopy,10.1101/2022.08.17.504272,yes,preparation;synapses,,2022,contemporary,1,2,3,23,3,3,52,40,,yes,,yes,contemporary_keep
work_81d0b831996369a5,2023,Semantic representation of neural circuit knowledge in Caenorhabditis elegans,10.1186/s40708-023-00208-5,yes,proofreading;infrastructure;graph_analysis,elegans,2023,contemporary,0,2,1,13,2,1,25,37,,,,,contemporary_below_bar
work_81da438199f08eec,2018,Joint Deformable Registration of Large EM Image Volumes: A Matrix Solver Approach,,yes,alignment,fly,2016–2018,history,12,5,16,24,11,6,91,88,yes,,,yes,history_milestone
work_821224fc69c175d5,2018,Geppetto: a reusable modular open platform for exploring neuroscience data and models,10.1098/rstb.2017.0380,yes,segmentation;infrastructure;graph_analysis;modeling,elegans,2016–2018,history,8,1,30,48,5,2,92,90,yes,,,yes,history_milestone
work_827a33de3049b04b,2023,Postsynaptic cell type and synaptic distance do not determine efficiency of monosynaptic rabies…,10.7554/elife.89297,yes,proofreading,mouse,2023,contemporary,0,4,8,56,4,2,25,37,,yes,,yes,contemporary_keep
work_82d6e0fcb7d01d1c,2018,Volume EM Reconstruction of Spinal Cord Reveals Wiring Specificity in Speed-Related Motor Circu…,10.1016/j.celrep.2018.05.023,yes,sectioning;segmentation,zebrafish,2016–2018,history,4,0,44,62,4,0,79,74,yes,,,yes,history_milestone
work_82eacacced51b0d9,2022,Connectomic analysis of thalamus-driven disinhibition in cortical layer 4,10.1101/2022.06.01.494290,yes,,mouse,2022,contemporary,1,3,14,60,4,1,79,85,,yes,,yes,contemporary_keep
work_82f50d96861b845b,2023,A complete reconstruction of the early visual system of an adult insect.,10.1016/j.cub.2023.09.021,yes,modeling,fly,2023,contemporary,4,15,19,79,12,7,69,75,,yes,,yes,contemporary_keep
work_82ff344c3a29691d,2025,Graph embeddings for identifying symmetries in Connectomes,10.64898/2025.12.06.692615,yes,preparation;graph_analysis;modeling,fly,2025,sota,2,11,2,51,7,7,81,82,,,yes,yes,sota_2025_out_and_in
work_830cdb2e94e90639,2026,NeuroMArVL: An interactive and collaborative web-based tool for visualizing brain networks,10.1162/netn.a.569,yes,preparation;graph_analysis,,2026,sota,0,4,0,35,4,0,25,61,,,yes,yes,sota_2026_out
work_8347b1b95882d657,2021,Partial connectomes of labeled dopaminergic circuits reveal non-synaptic communication and axon…,10.7554/elife.71981,yes,,mouse,2021,contemporary,4,20,29,72,13,4,76,72,,yes,,yes,contemporary_keep
work_83589c03b0e33617,2026,Comparative connectomics of parasite esophagus suggests evolutionary simplification of a nervou…,10.64898/2026.07.28.741281,yes,sectioning;graph_analysis,elegans,2026,sota,0,10,0,35,8,5,25,61,,,yes,yes,sota_2026_out
work_83e89a4273c66762,2017,Predictive Model of Spread of Progressive Supranuclear Palsy Using Directional Network Diffusion,10.3389/fneur.2017.00692,yes,graph_analysis,,2016–2018,history,1,1,40,50,2,1,72,67,yes,,,yes,history_milestone
work_83ea881830d1ee9b,2019,Connection strength of the macaque connectome augments topological and functional network attri…,10.1162/netn_a_00101,yes,proofreading;graph_analysis;modeling,other,2019,contemporary,0,3,10,31,3,3,25,16,,yes,,yes,contemporary_keep
work_8443aa3a33e10095,2025,The unique synaptic circuitry of specialized olfactory glomeruli in Drosophila melanogaster,10.7554/elife.88824,yes,sectioning;acquisition;graph_analysis,fly,2025,sota,3,29,5,73,13,8,65,77,,,yes,yes,sota_2025_out_and_in
work_8460da8caf6a72dd,2019,Viral labeling of neurons synaptically connected to nucleus accumbens somatostatin interneurons,10.1371/journal.pone.0213476,yes,proofreading,,2019,contemporary,0,1,13,37,1,1,25,16,,,,,contemporary_below_bar
work_8484909b8e4314f6,2024,A scalable and modular computational pipeline for axonal connectomics: automated tracing and as…,10.1101/2024.06.11.598365,yes,preparation;sectioning;alignment;segmentation;proofreading;infrastructure,,2024,contemporary,1,3,5,45,4,3,61,68,,yes,,yes,contemporary_keep
work_850cb29d47fc3dc9,2022,Scalable Biologically-Aware Skeleton Generation for Connectomic Volumes,10.1109/tmi.2022.3164343,yes,segmentation;proofreading;infrastructure;graph_analysis,,2022,contemporary,1,5,2,17,6,2,51,34,,yes,,yes,contemporary_keep
work_853fa92c78e2f996,2021,Where the genome meets the connectome: Understanding how genes shape human brain connectivity,10.31234/osf.io/hqgz7,yes,infrastructure,,2021,contemporary,0,6,55,87,5,0,25,25,,yes,,yes,contemporary_keep
work_85819a51b095ee27,2026,Axonal ensembles repeatedly cluster and order synapses along dendrites in mouse cortex,10.64898/2026.03.31.715753,yes,synapses;graph_analysis,mouse,2026,sota,0,1,0,35,1,1,25,61,,,,,unproven_2026_low_out
work_859356168bf1abd8,2024,Experience-dependent glial pruning of synaptic glomeruli during the critical period,10.1038/s41598-024-59942-3,yes,proofreading,fly,2024,contemporary,0,0,13,75,0,0,25,44,,yes,,yes,contemporary_keep
work_85d1d319bbb8229c,2018,A macaque connectome for large-scale network simulations in TheVirtualBrain,10.1038/s41597-019-0129-z,yes,proofreading;infrastructure;graph_analysis;modeling,other,2016–2018,history,0,1,82,81,1,1,25,13,yes,,,yes,history_milestone
work_85dc631f2a56b21e,2018,Sexually dimorphic unc-6/Netrin expression controls sex-specific maintenance of synaptic connec…,10.1016/j.cub.2018.01.002,yes,,elegans,2016–2018,history,1,0,38,56,1,1,58,29,yes,,,yes,history_milestone
work_85e12c3bfbfa6e39,2015,Connectomics: comprehensive approaches for whole-brain mapping.,10.1093/jmicro/dfu103,yes,acquisition;graph_analysis,elegans,2010–2015,history,2,0,26,29,2,1,73,68,,,,,history_below_bar
work_85e90cad98b9be25,2018,Neural circuit basis of aversive odour processing in Drosophila from sensory input to descendin…,10.1101/394403,yes,,fly,2016–2018,history,6,2,44,62,8,2,90,87,yes,,,yes,history_milestone
work_8627e5369ab9b3fe,2026,Connectomic Analysis of Mitochondria in the Central Brain of Drosophila,10.1101/2024.04.21.590464,yes,synapses;infrastructure,fly,2026,sota,3,16,6,99,12,8,65,80,,,yes,yes,sota_2026_out
work_86327903c00368f6,2010,Reconstruction of the neuromuscular junction connectome,10.1093/bioinformatics/btq179,yes,graph_analysis,,2010–2015,history,1,3,3158,100,3,1,71,9,yes,,,yes,history_milestone
work_863949ff6ec36ab6,2023,A Soma Segmentation Benchmark in Full Adult Fly Brain,10.1109/cvpr52729.2023.00715,yes,segmentation;proofreading;graph_analysis,fly,2023,contemporary,0,6,7,51,6,3,25,37,,yes,,yes,contemporary_keep
work_868a0c3e30075587,2025,Formation of sensory maps: New tools reveal novel insights into neural development.,10.1016/j.conb.2025.103112,yes,,fly,2025,sota,0,6,0,14,6,5,25,52,,,,,unproven_2025_low_inout
work_86ba4bfd64350171,2024,Neuronal wiring diagram of an adult brain,10.1038/s41586-024-07558-y,yes,proofreading;graph_analysis,fly,2024,contemporary,61,49,242,99,13,9,97,99,,yes,,yes,contemporary_keep
work_86c1f0dec2fe2b88,2020,"Connectomics Analysis Reveals First-, Second-, and Third-Order Thermosensory and Hygrosensory N…",10.1101/2020.01.20.912709,yes,graph_analysis,fly,2020,contemporary,19,8,89,85,13,9,95,97,,yes,,yes,contemporary_keep
work_86e1de14f17fce4c,2026,Organization of circuits linking descending input to motor output in the Drosophila Male Adult …,10.7554/elife.96084,yes,proofreading,fly,2026,sota,0,12,2,89,12,9,25,61,,,yes,yes,sota_2026_out
work_872019d711145384,2017,The comprehensive connectome of a neural substrate for ‘ON’ motion detection in Drosophila,10.7554/elife.24394,yes,modeling,fly,2016–2018,history,14,3,184,83,12,6,91,93,yes,,,yes,history_milestone
work_87579702ea1165f6,2022,Connectome of the lamina reveals the circuit for early color processing in the visual pathway o…,10.1016/j.cub.2022.03.066,yes,,fly,2022,contemporary,2,1,31,77,3,2,65,74,,yes,,yes,contemporary_keep
work_87d28c8980f8ca9b,2018,Maggot Instructor: Semi-Automated Analysis of Learning and Memory in Drosophila Larvae,10.3389/fpsyg.2018.01010,yes,,fly,2016–2018,history,0,1,6,16,1,1,25,13,,,,,history_below_bar
work_87f5ebaf52106e04,2026,A frozen rate operator from the complete larval connectome: degree and weight govern the gross …,,yes,infrastructure;graph_analysis;modeling,fly,2026,sota,0,11,0,35,8,6,25,61,,,yes,yes,sota_2026_out
work_8807986533ec5350,2014,Annotating Synapses in Large EM Datasets,,yes,proofreading,fly,2010–2015,history,18,6,25,40,12,9,96,96,yes,,,yes,history_milestone
work_8836d9b46d1f1126,2024,Synaptic connectome of the Drosophila circadian clock,10.1038/s41467-024-54694-0,yes,,fly,2024,contemporary,2,7,64,94,7,7,61,74,,yes,,yes,contemporary_keep
work_8891f2f24aa7086a,2022,Towards a Comprehensive Optical Connectome at Single Synapse Resolution via Expansion Microscopy,10.3389/fnsyn.2021.754814,yes,preparation;proofreading,elegans;zebrafish;other,2022,contemporary,2,22,13,58,12,7,88,86,,yes,,yes,contemporary_keep
work_88c223f0b82f20de,2020,High-Throughput Image Alignment for Connectomics using Frugal Snap Judgments,10.1109/hpec43674.2020.9286243,yes,alignment,,2020,contemporary,0,1,1,10,1,0,25,20,,,,,contemporary_below_bar
work_8940c7ec97850be8,2012,The UCLA multimodal connectivity database: a web-based platform for brain connectivity matrix s…,10.3389/fninf.2012.00028,yes,infrastructure;graph_analysis,,2010–2015,history,0,0,144,75,0,0,25,2,yes,,,yes,history_milestone
work_896ff9e7f90795c5,2021,The role of spatial embedding in mouse brain networks constructed from diffusion tractography a…,10.1016/j.neuroimage.2021.118576,yes,preparation;graph_analysis,mouse,2021,contemporary,0,3,10,40,3,0,25,25,,yes,,yes,contemporary_keep
work_8987d1a10ada16ff,2020,Macroscopic gradients of synaptic excitation and inhibition in the neocortex,10.1038/s41583-020-0262-x,yes,,,2020,contemporary,1,0,277,97,1,1,59,29,,yes,,yes,contemporary_keep
work_89b546868af40e06,2026,NuGraph: Graph-Based Reasoning over 3D Primitives for Nucleus Segmentation Correction,10.64898/2026.05.16.725603,yes,segmentation;proofreading;infrastructure;graph_analysis,fly;mouse,2026,sota,0,7,0,35,7,4,25,61,,,yes,yes,sota_2026_out
work_89c2f99a9775bf5b,2025,Divergence in neuronal signaling pathways despite conserved neuronal identity among Caenorhabdi…,10.1016/j.cub.2025.05.036,yes,graph_analysis,elegans,2025,sota,3,9,19,92,8,5,79,83,,,yes,yes,sota_2025_out_and_in
work_89f08707e2ff8e73,2019,A Student’s Guide to Neural Circuit Tracing,10.3389/fnins.2019.00897,yes,proofreading,,2019,contemporary,6,17,129,92,10,7,91,89,,yes,,yes,contemporary_keep
work_8a5bdc50ed94a369,2021,The Prop1-like homeobox gene unc-42 specifies the identity of synaptically connected neurons,10.7554/elife.64903,yes,,elegans,2021,contemporary,1,5,30,72,6,2,59,68,,yes,,yes,contemporary_keep
work_8a6ce05393695c68,2020,Latent Feature Representation via Unsupervised Learning for Pattern Discovery in Massive Electr…,,yes,infrastructure,fly,2020,contemporary,0,5,4,21,4,0,25,20,,yes,,yes,contemporary_keep
work_8a9f36433b0e7803,2023,Synaptic gradients transform object location to action,10.1038/s41586-022-05562-8,yes,graph_analysis,fly,2023,contemporary,3,0,36,92,3,3,69,72,,yes,,yes,contemporary_keep
work_8b8134900025d035,2017,Cell biology of astrocyte-synapse interactions,10.1016/j.neuron.2017.09.056,yes,,,2016–2018,history,1,0,869,98,1,0,57,15,yes,,,yes,history_milestone
work_8ba1309e39ad81af,2014,The Budapest Reference Connectome Server v2.0.,10.1016/j.neulet.2015.03.071,yes,proofreading;graph_analysis,,2010–2015,history,0,2,47,57,2,2,25,4,yes,,,yes,history_milestone
work_8baeeb71436bfd26,2026,Functional Characterization of Individual Pre- and Postsynaptic Partners In the Drosophila Larv…,10.3791/71399,yes,synapses,fly,2026,sota,0,0,0,35,0,0,25,61,,,,,unproven_2026_low_out
work_8bffa66c1a57a9aa,2014,Rapid Golgi Analysis Method for Efficient and Unbiased Classification of Dendritic Spines,10.1371/journal.pone.0107591,yes,preparation,mouse,2010–2015,history,1,0,307,92,1,0,57,7,yes,,,yes,history_milestone
work_8c35e7441dc483b1,2021,Hippocampus-striatum wiring diagram revealed by directed stepwise polysynaptic tracing,10.1101/2021.10.12.464132,yes,proofreading;graph_analysis,,2021,contemporary,0,2,1,10,2,0,25,25,,,,,contemporary_below_bar
work_8c54f7481fa31618,2018,A resource for the Drosophila antennal lobe provided by the connectome of glomerulus VA1v,10.7554/elife.37550,yes,sectioning,fly,2016–2018,history,5,9,39,57,12,7,80,75,yes,,,yes,history_milestone
work_8c996063abb76253,2018,"FluoEM, virtual labeling of axons in three-dimensional electron microscopy data for long-range …",10.7554/elife.38976,yes,,mouse,2016–2018,history,2,9,31,49,9,8,72,56,yes,,,yes,history_milestone
work_8cba212f6e7b83ad,2017,A Complete Electron Microscopy Volume of the Brain of Adult Drosophila melanogaster,10.1016/j.cell.2018.06.019,yes,proofreading;infrastructure,fly,2016–2018,history,90,10,911,99,13,9,98,98,yes,,,yes,history_milestone
work_8cca6106a84d43d6,2022,Symmetry and Network Topology in Neuronal Circuits: Complicity of Form and Function,10.1142/s0218127422300336,yes,graph_analysis;modeling,elegans,2022,contemporary,0,0,1,12,0,0,25,31,,,,,contemporary_below_bar
work_8ce856dac0188a93,2026,Organizational principles governing synapse types in a whole-brain connectome,10.64898/2026.06.23.733969,yes,graph_analysis,fly,2026,sota,0,17,0,35,12,8,25,61,,,yes,yes,sota_2026_out
work_8d259f8c6f69999e,2016,Advanced Fluorescence Protein-Based Synapse-Detectors,10.3389/fnsyn.2016.00016,yes,,,2016–2018,history,0,1,16,30,1,1,25,8,,,,,history_below_bar
work_8d360f62130e5f09,2025,Barcoded Rabies In Situ Connectomics for high-throughput reconstruction of neural circuits,10.1101/2025.07.16.665048,yes,infrastructure;graph_analysis,mouse,2025,sota,0,1,1,36,1,1,25,52,,,,,unproven_2025_low_inout
work_8d47ebd6cf769730,2011,A Multiscale Parallel Computing Architecture for Automated Segmentation of the Brain Connectome,10.1109/tbme.2011.2168396,yes,segmentation;proofreading;graph_analysis,mouse,2010–2015,history,0,2,7,11,2,1,25,1,,,,,history_below_bar
work_8dd2b03520aa147e,2026,CURVATURE-BASED MACHINE LEARNING METHOD FOR AUTOMATED SEGMENTATION OF DENDRITIC SPINES,10.1016/j.bpj.2026.06.005,yes,segmentation;proofreading;infrastructure,,2026,sota,0,0,1,77,0,0,25,61,,,,,unproven_2026_low_out
work_8e26d958532e6691,2025,The Connectome Interpreter Toolkit,10.1101/2025.09.29.679410,yes,graph_analysis,fly,2025,sota,1,12,2,51,8,7,56,70,,,,,unproven_2025_low_inout
work_8e52111f0a169403,2017,Connectomics of synaptic microcircuits: lessons from the outer retina,10.1113/jp273671,yes,graph_analysis,mouse,2016–2018,history,1,3,9,16,4,3,51,11,yes,,,yes,history_milestone
work_8e59f780b29835c3,2021,Correction of topological errors in automated traces of neurites,10.1117/12.2581247,yes,proofreading;graph_analysis,,2021,contemporary,0,1,0,4,1,0,25,25,,,,,contemporary_below_bar
work_8e8573ac5d1bbfd7,2014,Common Connectome Constraints: From C. elegans and Drosophila to Homo sapiens,,yes,graph_analysis,elegans,2010–2015,history,0,4,1,7,3,1,25,4,yes,,,yes,history_milestone
work_8eb544cf75eb1e58,2018,Of what use is connectomics? A personal perspective on the Drosophila connectome,10.1242/jeb.164954,yes,sectioning;acquisition;alignment;segmentation,fly,2016–2018,history,21,13,49,69,13,9,95,94,yes,,,yes,history_milestone
work_8ef597d9b53d5869,2022,Future Directions for Chemosensory Connectomes: Best Practices and Specific Challenges,10.3389/fnsys.2022.885304,yes,,,2022,contemporary,0,0,8,49,0,0,25,31,,,,,contemporary_below_bar
work_8f2ad7a7d6c55a54,2018,Guided graph spectral embedding: Application to the C. elegans connectome,10.1162/netn_a_00084,yes,preparation;graph_analysis,elegans,2016–2018,history,2,5,17,27,6,2,69,28,yes,,,yes,history_milestone
work_8f475f90f98f68ee,2022,Anatomical and Functional Differences in the Sex-Shared Neurons of the Nematode C. elegans,10.3389/fnana.2022.906090,yes,,elegans,2022,contemporary,0,3,8,49,3,1,25,31,,yes,,yes,contemporary_keep
work_8f57fcadbe445368,2025,Scalable automated segmentation quantifies mitochondrial proteins and morphology at the nanosca…,10.1101/2025.07.28.667278,yes,segmentation;proofreading;infrastructure,,2025,sota,0,2,1,36,2,2,25,52,,,,,unproven_2025_low_inout
work_8fd6124f2a3e58a1,2026,A First Step for Expansion X-Ray Microscopy: Achieving Contrast in Expanded Tissues Sufficient …,,yes,preparation;graph_analysis,other,2026,sota,0,8,1,77,7,4,25,61,,,yes,yes,sota_2026_out
work_8fd725d2118803e2,2019,A petascale automated imaging pipeline for mapping neuronal circuits with high-throughput trans…,10.1038/s41467-020-18659-3,yes,acquisition,mouse,2019,contemporary,17,6,133,93,13,6,91,92,,yes,,yes,contemporary_keep
work_8fdabecbe4e2c04e,2024,UniSPAC: A Unified Segmentation Framework for Proofreading and Annotation in Connectomics,10.1101/2024.11.27.625336,yes,acquisition;segmentation;proofreading;infrastructure,fly,2024,contemporary,0,0,0,7,0,0,25,44,,,,,contemporary_below_bar
work_90122b36b9362b91,2016,ON Bipolar Cells in Macaque Retina: Type-Specific Synaptic Connectivity with Special Reference …,10.3389/fnana.2016.00104,yes,sectioning,other,2016–2018,history,6,0,62,66,6,1,86,82,yes,,,yes,history_milestone
work_902cf6d1376f15b8,2024,Self-Supervised Edge Detection Reconstruction for Topology-Informed 3D Axon Segmentation and Ce…,10.1109/wacv57701.2024.00765,yes,segmentation;proofreading;infrastructure;graph_analysis,mouse,2024,contemporary,1,1,7,54,2,2,51,56,,yes,,yes,contemporary_keep
work_90a7b61f851fbefe,2016,Sexually dimorphic differentiation of a C. elegans hub neuron is cell-autonomously controlled b…,10.1101/081083,yes,graph_analysis,elegans,2016–2018,history,0,1,70,68,1,1,25,8,yes,,,yes,history_milestone
work_90e33b2656540dc8,2012,'The genetic analysis of functional connectomics in Drosophila',10.1016/b978-0-12-404742-6.00003-x,yes,,fly,2010–2015,history,4,8,31,34,9,5,96,96,yes,,,yes,history_milestone
work_9189f72c98e4bc63,2025,Modeling and simulation of electrodiffusion in dense reconstructions of cerebral tissue,10.48550/arxiv.2512.03224,yes,segmentation;infrastructure;modeling,,2025,sota,0,2,1,36,2,2,25,52,,,,,unproven_2025_low_inout
work_91bc5337106c81dc,2020,The growing topology of the C. elegans connectome,10.1101/2020.12.31.424985,yes,preparation;graph_analysis,elegans,2020,contemporary,2,9,10,36,8,3,65,40,,yes,,yes,contemporary_keep
work_9224f576c520ade6,2023,Online citizen science with the Zooniverse for analysis of biological volumetric data,10.1007/s00418-023-02204-6,yes,acquisition;segmentation;proofreading;infrastructure,,2023,contemporary,0,2,13,70,2,1,25,37,,yes,,yes,contemporary_keep
work_925c3e324896606e,2016,Microscopy Image Browser: A Platform for Segmentation and Analysis of Multidimensional Datasets,10.1371/journal.pbio.1002340,yes,segmentation;infrastructure,,2016–2018,history,2,1,423,96,3,2,76,23,yes,,,yes,history_milestone
work_92631910468cb6fc,2019,A Drosophila larval premotor/motor neuron connectome generating two behaviors via distinct spat…,10.1101/617977,yes,graph_analysis,fly,2019,contemporary,2,3,14,39,5,3,73,72,,yes,,yes,contemporary_keep
work_92853f562a6d19dd,2011,Specificity and randomness: structure-function relationships in neural circuits,10.1016/j.conb.2011.07.004,yes,graph_analysis,mouse,2010–2015,history,2,2,28,33,4,1,70,4,yes,,,yes,history_milestone
work_92a573e17ee62f83,2010,Ssecrett and NeuroTrace: Interactive Visualization and Analysis Tools for Large-Scale Neuroscie…,10.1109/mcg.2010.56,yes,,,2010–2015,history,4,0,74,31,4,4,90,82,yes,,,yes,history_milestone
work_92cd6d4932ed3a2c,2024,A Differentiable Model for Optimizing the Genetic Drivers of Synaptogenesis,,yes,infrastructure;modeling,,2024,contemporary,0,8,0,7,7,4,25,44,,yes,,yes,contemporary_keep
work_92dec379d1c56f26,2024,"Modularity, Hierarchical Flows and Symmetry of the Drosophila Connectome",,yes,graph_analysis,fly,2024,contemporary,0,0,0,7,0,0,25,44,,,,,contemporary_below_bar
work_92f0ed50dd791967,2024,Generating brain-wide connectome using synthetic axonal morphologies,10.1038/s41467-025-62030-3,yes,,,2024,contemporary,0,4,3,30,3,1,25,44,,yes,,yes,contemporary_keep
work_932e9c86e6b77869,2024,Diverging network architecture of the C. elegans connectome and signaling network,10.1103/6wgv-b9m6,yes,graph_analysis,elegans,2024,contemporary,5,20,5,45,13,8,74,79,,yes,,yes,contemporary_keep
work_938db2c7232708be,2025,Towards Generalized Synapse Detection Across Invertebrate Species,10.48550/arxiv.2509.17041,yes,acquisition;proofreading;synapses;infrastructure,fly,2025,sota,1,22,1,36,13,8,59,71,,,,,unproven_2025_low_inout
work_93a7c9cf869575ac,2017,Correlated Light-Serial Scanning Electron Microscopy (CoLSSEM) for ultrastructural visualizatio…,10.1038/s41598-018-32820-5,yes,sectioning;acquisition,,2016–2018,history,4,12,19,28,9,8,81,75,yes,,,yes,history_milestone
work_93d2ee6696b78490,2013,WATERSHED MERGE FOREST CLASSIFICATION FOR ELECTRON MICROSCOPY IMAGE STACK SEGMENTATION,10.1109/icip.2013.6738838,yes,segmentation,,2010–2015,history,2,1,15,20,3,3,86,84,yes,,,yes,history_milestone
work_9487955aca364a01,2014,A mesoscale connectome of the mouse brain,10.1038/nature13186,yes,alignment;graph_analysis;modeling,elegans,2010–2015,history,187,9,2480,100,13,8,100,100,yes,,,yes,history_milestone
work_94ff9e171c976c2c,2017,Synaptic and peptidergic connectome of a neurosecretory center in the annelid brain,10.7554/elife.26349,yes,acquisition,other,2016–2018,history,17,11,80,66,12,6,91,89,yes,,,yes,history_milestone
work_9525e09acddf866e,2023,Multilevel visual motion opponency in Drosophila,10.1038/s41593-023-01443-z,yes,graph_analysis,fly,2023,contemporary,2,3,11,65,5,5,70,77,,yes,,yes,contemporary_keep
work_954de58c49ad957a,2026,A central somatotopic map of the fly leg supports spatially targeted grooming,10.64898/2026.02.27.708590,yes,,fly,2026,sota,0,5,3,94,5,5,25,61,,,yes,yes,sota_2026_out
work_958be63650186414,2025,"PyReconstruct: A fully open-source, collaborative successor to Reconstruct",10.1073/pnas.2505822122,yes,sectioning;acquisition;alignment;segmentation;proofreading,mouse,2025,sota,1,21,6,76,13,7,70,80,,,,,unproven_2025_low_inout
work_95938bf4e63558ad,2026,Advances in brain connectomics: integrating light and electron microscopy for multiscale neural…,10.61958/nmqv6943,yes,graph_analysis,fly,2026,sota,0,9,0,35,9,3,25,61,,,yes,yes,sota_2026_out
work_961403604355e4a7,2019,Deep Connectomics Networks: Neural Network Architectures Inspired by Neuronal Networks,,yes,graph_analysis,elegans,2019,contemporary,1,0,10,31,1,0,61,23,,,,,contemporary_below_bar
work_96a09e61135848a7,2020,What would a synthetic connectome look like?,10.1016/j.plrev.2019.06.005,yes,infrastructure,,2020,contemporary,1,9,16,44,8,1,61,29,,yes,,yes,contemporary_keep
work_96ef255db3db218e,2016,Deep Contextual Networks for Neuronal Structure Segmentation,10.1609/aaai.v30i1.10141,yes,segmentation;proofreading,,2016–2018,history,10,7,162,79,7,5,93,90,yes,,,yes,history_milestone
work_97016b4155ddb0c4,2023,Dissecting the Functional Organization of the C. elegans Serotonergic System at Whole-Brain Sca…,10.1016/j.cell.2023.04.023,yes,,elegans,2023,contemporary,0,4,20,80,4,2,25,37,,yes,,yes,contemporary_keep
work_975468f3186a2d44,2013,Large-Scale Automatic Reconstruction of Neuronal Processes from Electron Microscopy Images,10.1016/j.media.2015.02.001,yes,preparation;acquisition;segmentation;proofreading;infrastructure,,2010–2015,history,15,2,138,71,12,9,96,97,yes,,,yes,history_milestone
work_97623cd3af206ac9,2024,Retinal Connectomics: A Review.,10.1146/annurev-vision-102122-110414,yes,graph_analysis,mouse,2024,contemporary,1,40,6,50,8,3,56,57,,yes,,yes,contemporary_keep
work_97db5339b48de23b,2024,What do the mushroom bodies do for the insect brain? Twenty-five years of progress,10.1101/lm.053827.123,yes,,,2024,contemporary,0,4,7,54,4,4,25,44,,yes,,yes,contemporary_keep
work_97df1219325db407,2024,EM and XRM Connectomics Imaging and Experimental Metadata Standards,,yes,proofreading;graph_analysis,,2024,contemporary,0,13,0,7,12,6,25,44,,yes,,yes,contemporary_keep
work_97f48fe8229c5ca1,2024,Future avenues in Drosophila mushroom body research,10.1101/lm.053863.123,yes,,fly,2024,contemporary,0,2,5,45,2,2,25,44,,,,,contemporary_below_bar
work_97f80d18931aae82,2020,"Toward a scalable framework for reproducible processing of volumetric, nanoscale neuroimaging d…",10.1093/gigascience/giaa147,yes,infrastructure;graph_analysis,,2020,contemporary,2,12,4,21,12,2,72,73,,yes,,yes,contemporary_keep
work_97fef5d2214981f3,2020,Circuit reorganization shapes the developing human foveal midget connectome towards single-cone…,10.1016/j.neuron.2020.09.014,yes,,mouse,2020,contemporary,5,4,25,58,6,3,86,85,,yes,,yes,contemporary_keep
work_991f78c0915f23f3,2023,Presynaptic inhibition selectively suppresses leg proprioception in behaving Drosophila,10.1101/2023.10.20.563322,yes,,fly,2023,contemporary,2,2,15,74,4,4,66,74,,yes,,yes,contemporary_keep
work_994933ce77707057,2021,Dopamine modulation of sensory processing and adaptive behavior in flies,10.1007/s00441-020-03371-x,yes,,fly,2021,contemporary,1,10,43,82,8,3,75,70,,yes,,yes,contemporary_keep
work_9952e1421e932a54,2025,CochleaNet: deep learning-based image analysis for cochlear connectomics and gene therapy,10.1101/2025.11.16.688700,yes,segmentation;infrastructure,mouse,2025,sota,0,1,0,14,1,1,25,52,,,,,unproven_2025_low_inout
work_9a21d8fa753f5a6a,2023,Mechanosensory and command contributions to the Drosophila grooming sequence,10.1101/2023.11.19.567707,yes,,fly,2023,contemporary,3,6,10,62,6,6,73,72,,yes,,yes,contemporary_keep
work_9a4cc4ec5c4fadb0,2023,Molecular organization of neuronal cell types and neuromodulatory systems in the zebrafish tele…,10.1016/j.cub.2023.12.003,yes,,zebrafish,2023,contemporary,0,3,26,85,3,1,25,37,,yes,,yes,contemporary_keep
work_9ae9d632f2fcbc12,2023,Distinctive features of the central synaptic organization of Drosophila larval proprioceptors,10.3389/fncir.2023.1223334,yes,segmentation,fly,2023,contemporary,0,2,2,20,2,0,25,37,,,,,contemporary_below_bar
work_9b04387f1c164376,2025,Critical Regions and Connections Form Pathways and Clusters in the Mouse Brain,10.1111/ejn.16673,yes,proofreading;graph_analysis,mouse,2025,sota,0,7,0,14,6,0,25,52,,,,,unproven_2025_low_inout
work_9b0affa5a4f9b682,2012,Graph Theoretical Model of a Sensorimotor Connectome in Zebrafish,10.1371/journal.pone.0037292,yes,infrastructure;graph_analysis,zebrafish,2010–2015,history,2,5,26,25,4,3,80,67,yes,,,yes,history_milestone
work_9b23efa50c50392e,2019,Diverse Community Structures in the Neuronal-Level Connectome of the Drosophila Brain,10.1007/s12021-019-09443-w,yes,infrastructure;graph_analysis,fly,2019,contemporary,3,5,16,44,5,4,83,79,,yes,,yes,contemporary_keep
work_9b2bee51208c52e0,2024,FISBe: A Real-World Benchmark Dataset for Instance Segmentation of Long-Range thin Filamentous …,10.1109/cvpr52733.2024.02100,yes,segmentation;proofreading;graph_analysis,,2024,contemporary,0,3,2,23,3,1,25,44,,yes,,yes,contemporary_keep
work_9b32917a4d853259,2016,2015 Brainhack Proceedings,10.1186/s13742-016-0147-0,yes,infrastructure;graph_analysis,,2016–2018,history,0,0,44,61,0,0,25,8,yes,,,yes,history_milestone
work_9b3e284c74fcc4ce,2024,A gut-brain-gut interoceptive circuit loop gates sugar ingestion in Drosophila,10.1101/2024.09.02.610892,yes,segmentation;infrastructure,fly,2024,contemporary,1,1,11,67,2,2,60,66,,yes,,yes,contemporary_keep
work_9bbd63f1aa177d2c,2017,Learning from connectomics on the fly.,10.1016/j.cois.2017.09.011,yes,segmentation;infrastructure,fly,2016–2018,history,17,26,47,57,13,9,94,93,yes,,,yes,history_milestone
work_9bc341caddd144e5,2019,DVID: Distributed Versioned Image-Oriented Dataservice,10.3389/fncir.2019.00005,yes,segmentation;proofreading;infrastructure;graph_analysis,,2019,contemporary,22,10,34,64,13,8,94,96,,yes,,yes,contemporary_keep
work_9be41e9459df8595,2026,DevoTG: Temporal Graph Neural Networks for Modeling C. elegans Developmental Connectomics,10.48550/arxiv.2606.21940,yes,infrastructure;graph_analysis,elegans,2026,sota,0,5,0,35,5,1,25,61,,,yes,yes,sota_2026_out
work_9c0fed59f7a0812e,2023,Regional variation in the organization and connectivity of the first synapse in the primate nig…,10.1016/j.isci.2023.108113,yes,,other,2023,contemporary,1,1,3,28,2,2,51,47,,,,,contemporary_below_bar
work_9c703df2a489f7a3,2026,Centralized brain networks controlling antennal grooming coordination,10.1038/s41467-026-72152-x,yes,graph_analysis;modeling,fly,2026,sota,0,8,1,77,7,7,25,61,,,yes,yes,sota_2026_out
work_9c892cfd1d3dbe01,2026,VEMamba: Efficient Isotropic Reconstruction of Volume Electron Microscopy with Axial-Lateral Co…,10.48550/arxiv.2603.00887,yes,acquisition;infrastructure;graph_analysis;modeling,,2026,sota,0,2,0,35,1,1,25,61,,,,,unproven_2026_low_out
work_9ca6628105d0c4ad,2023,Technical report: surgical preparation of human brain tissue for clinical and basic research,10.1007/s00701-023-05611-9,yes,,,2023,contemporary,0,2,16,75,2,2,25,37,,yes,,yes,contemporary_keep
work_9cce9112b143d3f9,2008,A technicolour approach to the connectome,10.1038/nrn2391,yes,graph_analysis,,2005–2009,history,12,0,335,90,6,0,97,94,yes,,,yes,history_milestone
work_9cfe282e43639758,2020,Towards a functional connectome in Drosophila,10.1080/01677063.2020.1712598,yes,infrastructure;graph_analysis,elegans,2020,contemporary,1,3,4,21,4,1,64,67,,yes,,yes,contemporary_keep
work_9d0a8110aa5c5e21,2013,Exploring the Connectome,10.1109/mcg.2013.55,yes,segmentation;infrastructure,mouse,2010–2015,history,8,4,48,45,6,4,93,91,yes,,,yes,history_milestone
work_9d8ce18df11df9cc,2025,Light-microscopy-based connectomic reconstruction of mammalian brain tissue,10.1038/s41586-025-08985-1,yes,preparation;segmentation,,2025,sota,21,15,62,99,12,8,95,96,,,yes,yes,sota_2025_out_and_in
work_9d96b84703d1ad10,2013,Computer Assisted Assembly of Connectomes from Electron Micrographs: Application to Caenorhabdi…,10.1371/journal.pone.0054050,yes,acquisition;graph_analysis,elegans,2010–2015,history,2,0,52,47,2,1,89,85,,,,,history_below_bar
work_9de42838001f372f,2014,An automated images-to-graphs framework for high resolution connectomics,10.3389/fninf.2015.00020,yes,sectioning;segmentation;infrastructure;graph_analysis,,2010–2015,history,14,13,26,42,12,9,93,91,yes,,,yes,history_milestone
work_9e3d9326ebd1b0f4,2020,Complete Connectomic Reconstruction of Olfactory Projection Neurons in the Fly Brain,10.1101/2020.01.19.911453,yes,infrastructure;graph_analysis,fly,2020,contemporary,20,4,168,92,13,9,94,97,,yes,,yes,contemporary_keep
work_9ea9181c0d4620fd,2020,Whole-animal connectome and cell-type complement of the three-segmented Platynereis dumerilii l…,10.1101/2020.08.21.260984,yes,segmentation,other,2020,contemporary,21,21,47,78,13,8,91,92,,yes,,yes,contemporary_keep
work_9ec0e96a45077d8a,2021,Neural architectures in the light of comparative connectomics,10.1016/j.conb.2021.10.006,yes,infrastructure,,2021,contemporary,4,10,22,62,12,6,78,79,,yes,,yes,contemporary_keep
work_9eefccb796e15566,2015,The beginning of connectomics: a commentary on White et al. (1986) ‘The structure of the nervou…,10.1098/rstb.2014.0309,yes,,elegans,2010–2015,history,5,1,49,44,6,4,83,87,yes,,,yes,history_milestone
work_9f1aee5bf41f83bb,2020,A connectomics approach to understanding a retinal disease,10.1073/pnas.2011532117,yes,,mouse,2020,contemporary,2,0,18,49,2,1,68,66,,,,,contemporary_below_bar
work_9f1fa6649aef5d3c,2025,Organization and Community Usage of a Neuron Type Circuitry Knowledge Base of the Hippocampal F…,10.3390/biomedicines13102363,yes,infrastructure;graph_analysis;modeling,,2025,sota,0,1,1,36,1,0,25,52,,,,,unproven_2025_low_inout
work_9f2bd795e155d80b,2023,Heterogeneous receptor expression underlies non-uniform peptidergic modulation of olfaction in …,10.1038/s41467-023-41012-3,yes,,fly,2023,contemporary,0,9,12,68,9,5,25,37,,yes,,yes,contemporary_keep
work_9f4de65ab9e29bbf,2026,Mapping brain-wide monosynaptic inputs to single neurons with ROInet-seq.,10.1016/j.crmeth.2026.101512,yes,proofreading;infrastructure,,2026,sota,0,4,0,35,4,3,25,61,,,yes,yes,sota_2026_out
work_9fcf57e381b11acb,2014,Automated Detection of Synapses in Serial Section Transmission Electron Microscopy Image Stacks,10.1371/journal.pone.0087351,yes,sectioning;acquisition;segmentation;proofreading,mouse,2010–2015,history,7,4,65,67,10,7,93,92,yes,,,yes,history_milestone
work_9fd52e39fdad0d0d,2016,Functional complexity emerging from anatomical constraints in the brain: the significance of ne…,10.1038/srep38424,yes,graph_analysis;modeling,elegans,2016–2018,history,1,0,126,73,1,0,66,11,yes,,,yes,history_milestone
work_a0074df622a55228,2019,Connectome verification: inter-rater and connection reliability of tract-tracing-based intrinsi…,10.1093/bib/bby048,yes,proofreading;infrastructure;graph_analysis,,2019,contemporary,1,3,6,22,4,3,56,23,,yes,,yes,contemporary_keep
work_a02235773a32ebeb,2026,Whole-Brain Connectomic Graph Model Enables Whole-Body Locomotion Control in Fruit Fly,10.48550/arxiv.2602.17997,yes,infrastructure;graph_analysis;modeling,fly,2026,sota,0,4,3,94,4,4,25,61,,,yes,yes,sota_2026_out
work_a02f3fd1457de709,2025,Neural connectome of the ctenophore statocyst,10.1101/2025.06.26.661250,yes,acquisition,,2025,sota,0,4,4,68,4,1,25,52,,,,,unproven_2025_low_inout
work_a03a07a6d277a87e,2019,Convolutional nets for reconstructing neural circuits from brain images acquired by serial sect…,10.1016/j.conb.2019.04.001,yes,sectioning;synapses,mouse,2019,contemporary,8,21,55,77,13,9,84,84,,yes,,yes,contemporary_keep
work_a067ff2b158f0bbb,2019,The connectome of the Caenorhabditis elegans pharynx,10.1002/cne.24932,yes,graph_analysis,elegans,2019,contemporary,6,4,43,73,8,4,84,85,,yes,,yes,contemporary_keep
work_a09956f2846bbe45,2013,Large-scale network organization in the avian forebrain: a connectivity matrix and theoretical …,10.3389/fncom.2013.00089,yes,graph_analysis,,2010–2015,history,2,0,227,80,2,2,79,66,yes,,,yes,history_milestone
work_a0cdbefe311043d0,2025,"A deep learning pipeline for accurate and automated restoration, segmentation, and quantificati…",10.1016/j.crmeth.2025.101179,yes,segmentation;proofreading,,2025,sota,1,2,5,73,3,2,56,69,,,,,unproven_2025_low_inout
work_a1490cd29bdf5713,2019,Community correlations and testing independence between binary graphs,10.1007/s41109-026-00791-6,yes,preparation;graph_analysis;modeling,mouse,2019,contemporary,0,0,9,28,0,0,25,16,,,,,contemporary_below_bar
work_a1904fa7e0f72eb3,2020,Whitening of odor representations by the wiring diagram of the olfactory bulb,10.1038/s41593-019-0576-z,yes,graph_analysis;modeling,zebrafish,2020,contemporary,30,4,92,87,13,8,95,96,,yes,,yes,contemporary_keep
work_a1d7f92d9b93910a,2025,Synaptic connectivity mapping among thousands of neurons via parallelized intracellular recordi…,10.1038/s41551-025-01352-5,yes,,other,2025,sota,0,1,19,92,1,1,25,52,,,,,unproven_2025_low_inout
work_a1e7c7d72b96c595,2024,Relation of connectome topology to brain volume across 103 mammalian species,10.1371/journal.pbio.3002489,yes,preparation;infrastructure;graph_analysis,,2024,contemporary,0,0,12,72,0,0,25,44,,yes,,yes,contemporary_keep
work_a20080c9846f5043,2023,SynapseCLR: Uncovering features of synapses in primary visual cortex through contrastive repres…,10.1016/j.patter.2023.100693,yes,segmentation;proofreading;infrastructure,mouse,2023,contemporary,0,16,2,20,13,7,25,37,,yes,,yes,contemporary_keep
work_a20ba66636876b3e,2019,Multiscale and Multimodal Imaging for Connectomics,10.1007/978-981-10-9020-2_1,yes,,,2019,contemporary,0,10,2,10,6,5,25,16,,yes,,yes,contemporary_keep
work_a21cf530db60bdf7,2017,Sexual modulation of sex-shared neurons and circuits in C. elegans,10.1002/jnr.23912,yes,,elegans,2016–2018,history,0,1,30,40,1,1,25,10,,,,,history_below_bar
work_a22edcbd132ca34a,2015,Comparison of diffusion tractography and tract‐tracing measures of connectivity strength in rhe…,10.1002/hbm.22828,yes,proofreading;infrastructure;graph_analysis,other,2010–2015,history,0,2,124,63,2,2,25,6,yes,,,yes,history_milestone
work_a2407908e81f30b0,2024,Nature and nurture in fruit fly hearing,10.3389/fncir.2024.1503438,yes,acquisition;infrastructure;graph_analysis,fly,2024,contemporary,0,1,0,7,1,1,25,44,,,,,contemporary_below_bar
work_a29df339a1fb0da5,2024,NeuroVerse: Immersive exploration of 3D ultrastructural brain reconstructions for education and…,10.1145/3665318.3677154,yes,acquisition;segmentation;infrastructure,,2024,contemporary,0,4,2,23,4,3,25,44,,yes,,yes,contemporary_keep
work_a2a4a9ee0540ed54,2024,A connectome manipulation framework for the systematic and reproducible study of structure–func…,10.1101/2024.05.24.593860,yes,infrastructure;modeling,other,2024,contemporary,1,5,5,45,5,2,56,68,,yes,,yes,contemporary_keep
work_a2c4868d3cf10794,2025,Reconstruction of a connectome of single neurons in mouse brains by cross-validating multi-scal…,10.1038/s41592-025-02784-2,yes,graph_analysis,mouse,2025,sota,3,14,11,86,6,3,81,85,,,yes,yes,sota_2025_out_and_in
work_a320701d0a564ec0,2020,FlyBrainLab: Accelerating the Discovery of the Functional Logic of the Drosophila Brain in the …,10.1101/2020.06.23.168161,yes,infrastructure;graph_analysis;modeling,fly,2020,contemporary,0,5,0,4,5,1,25,20,,yes,,yes,contemporary_keep
work_a35b2a0f4328b341,2017,Skull optical clearing window for in vivo imaging of the mouse cortex at synaptic resolution,10.1038/lsa.2017.153,yes,acquisition,mouse,2016–2018,history,0,0,128,75,0,0,25,10,yes,,,yes,history_milestone
work_a3723ea06299828e,2018,"A genetic, genomic, and computational resource for exploring neural circuit function",10.1101/385476,yes,segmentation,fly,2016–2018,history,10,2,214,94,10,2,87,82,yes,,,yes,history_milestone
work_a39f22332623fe9d,2011,Anterograde or retrograde transsynaptic labeling of CNS neurons with vesicular stomatitis virus…,10.1073/pnas.1110854108,yes,proofreading,mouse,2010–2015,history,2,0,182,71,2,2,81,57,yes,,,yes,history_milestone
work_a420712d6b601b7b,2019,Enabling FIB-SEM Systems for Large Volume Connectomics and Cell Biology,10.1101/852863,yes,sectioning;acquisition;alignment;proofreading,,2019,contemporary,11,8,24,53,12,8,91,92,,yes,,yes,contemporary_keep
work_a46f2b2358333423,2025,Connectome analysis of a cerebellum-like circuit for sensory prediction,10.1101/2025.07.03.662989,yes,modeling,,2025,sota,0,2,1,36,2,2,25,52,,,,,unproven_2025_low_inout
work_a492bc69201dabab,2018,Automatic navigation system for the mouse brain,10.1002/cne.24635,yes,proofreading;infrastructure;graph_analysis,mouse,2016–2018,history,0,1,28,47,1,1,25,13,,,,,history_below_bar
work_a4d54fcd6dd11d2c,2014,NeuroMorph: A Toolset for the Morphometric Analysis and Visualization of 3D Models Derived from…,10.1007/s12021-014-9242-5,yes,sectioning;acquisition;segmentation,,2010–2015,history,2,0,84,72,2,2,86,90,yes,,,yes,history_milestone
work_a4f3f68ef4156dee,2017,Inferring Functional Neural Connectivity with Deep Residual Convolutional Networks,10.1101/141010,yes,,zebrafish,2016–2018,history,1,3,1,4,3,2,81,71,yes,,,yes,history_milestone
work_a56b40449cfa0f07,2014,Automatic Neuron Type Identification by Neurite Localization in the Drosophila Medulla,,yes,proofreading;graph_analysis,elegans,2010–2015,history,1,2,27,43,3,2,58,7,yes,,,yes,history_milestone
work_a5aafa50c460274e,2024,"Modular segmentation, spatial analysis and visualization of volume electron microscopy datasets",10.1038/s41596-024-00957-5,yes,acquisition;segmentation,,2024,contemporary,0,3,18,82,3,0,25,44,,yes,,yes,contemporary_keep
work_a5f954f4563fcfc9,2018,Flexible Learning-Free Segmentation and Reconstruction for Sparse Neuronal Circuit Tracing,10.1101/278515,yes,acquisition;segmentation;proofreading;graph_analysis,mouse,2016–2018,history,0,6,0,2,6,6,25,13,yes,,,yes,history_milestone
work_a5ffdcdb193e952c,2014,CoCoTools: Open-source Software for Building Connectomes Using the CoCoMac Anatomical Database,10.1162/jocn_a_00498,yes,alignment;infrastructure;graph_analysis,other,2010–2015,history,0,1,4,12,1,1,25,4,,,,,history_below_bar
work_a60d58482fdb3bfa,2019,Holographic Reconstruction of Axonal Pathways in the Human Brain,10.1016/j.neuron.2019.09.030,yes,infrastructure;graph_analysis,,2019,contemporary,0,0,121,90,0,0,25,16,,yes,,yes,contemporary_keep
work_a621029de816adc1,2024,Predicting visual function by interpreting a neuronal wiring diagram,10.1038/s41586-024-07953-5,yes,graph_analysis;modeling,fly,2024,contemporary,6,4,28,90,8,7,78,87,,yes,,yes,contemporary_keep
work_a628309307d9443f,2021,Promisomics and the Short-Circuiting of Mind,10.1523/eneuro.0521-20.2021,yes,,mouse,2021,contemporary,0,4,8,37,4,3,25,25,,yes,,yes,contemporary_keep
work_a65fd84f5ad30482,2025,Synthesis of Ground Truth for Neuronal Segmentation,10.1109/escience65000.2025.00062,yes,segmentation;proofreading;infrastructure,,2025,sota,0,0,0,14,0,0,25,52,,,,,unproven_2025_low_inout
work_a67d1faeea8c6a12,2025,Brain-wide presynaptic networks of functionally distinct cortical neurons,10.1038/s41586-025-08631-w,yes,proofreading,,2025,sota,0,2,15,89,2,0,25,52,,,,,unproven_2025_low_inout
work_a68a9d6ab83ca9c9,2024,Morphology and synapse topography optimize linear encoding of synapse numbers in Drosophila loo…,10.1101/2024.04.24.591016,yes,graph_analysis,fly,2024,contemporary,1,2,4,38,3,3,53,56,,yes,,yes,contemporary_keep
work_a6b5e4a6d152f613,2024,Dynamic encoding of temperature in the central circadian circuit coordinates physiological acti…,10.1038/s41467-024-47278-5,yes,proofreading,fly,2024,contemporary,2,1,20,85,3,3,62,71,,yes,,yes,contemporary_keep
work_a6e8ffd247b8379d,2025,Random Access Segmentation Volume Compression for Interactive Volume Rendering,10.1111/cgf.70116,yes,segmentation;infrastructure,,2025,sota,0,4,0,14,4,2,25,52,,,,,unproven_2025_low_inout
work_a75ff1aaf09bfb13,2020,Computational synthesis of cortical dendritic morphologies,10.1101/2020.04.15.040410,yes,graph_analysis,,2020,contemporary,1,4,35,70,3,1,67,48,,yes,,yes,contemporary_keep
work_a76161ef8ea1dd6b,2009,Scalable and Interactive Segmentation and Visualization of Neural Processes in EM Datasets,10.1109/tvcg.2009.178,yes,segmentation;infrastructure,,2005–2009,history,4,0,79,55,4,0,89,79,yes,,,yes,history_milestone
work_a77b316df3ecbc0e,2026,DRIFT-EM enables direct wafer retrieval of ultrathin serial sections for large-volume electron …,10.1016/j.crmeth.2026.101429,yes,sectioning;acquisition;infrastructure,,2026,sota,0,16,0,35,12,7,25,61,,,yes,yes,sota_2026_out
work_a78bdc6891f8f9bd,2024,Tango-seq: overlaying transcriptomics on connectomics to identify neurons downstream of Drosoph…,10.1101/2024.05.22.595372,yes,proofreading,fly,2024,contemporary,2,5,5,45,6,4,78,80,,yes,,yes,contemporary_keep
work_a79338d25cd0e172,2023,Neural Networks for Navigation: From Connections to Computations.,10.1146/annurev-neuro-110920-032645,yes,,fly,2023,contemporary,5,4,37,92,7,3,85,84,,yes,,yes,contemporary_keep
work_a7ac590f096a331d,2019,"Reconstruction of 1,000 projection neurons reveals new cell types and organization of long-rang…",10.1101/537233,yes,infrastructure,mouse,2019,contemporary,6,1,460,99,4,1,83,83,,yes,,yes,contemporary_keep
work_a7e11f7da01cff90,2020,Connectomics: Bringing Fly Neural Circuits into Focus.,10.1016/j.cub.2020.06.068,yes,,fly,2020,contemporary,0,2,2,14,2,1,25,20,,,,,contemporary_below_bar
work_a7f972fae6f1bf6b,2025,Photoemission electron microscopy for connectomics,10.1073/pnas.2521349122,yes,preparation;acquisition,,2025,sota,1,5,1,36,4,1,53,70,,,,,unproven_2025_low_inout
work_a811ceacfcca68a7,2013,Why not connectomics?,10.1038/nmeth.2480,yes,,,2010–2015,history,17,3,149,76,12,6,95,94,yes,,,yes,history_milestone
work_a821a1b9fb48df72,2022,The Developing Human Connectome Project Neonatal Data Release,10.3389/fnins.2022.886772,yes,acquisition;graph_analysis,,2022,contemporary,0,0,188,98,0,0,25,31,,yes,,yes,contemporary_keep
work_a83752a657d4ec4e,2014,Space-time wiring specificity supports direction selectivity in the retina,10.1038/nature13240,yes,proofreading,mouse,2010–2015,history,27,1,494,98,13,9,95,94,yes,,,yes,history_milestone
work_a83aea2e5aec23bc,2023,Mapping Alzheimer’s Molecular Pathologies in Large-Scale Connectomics Data: A Publicly Accessib…,10.1101/2023.10.24.563674,yes,segmentation,mouse,2023,contemporary,0,9,4,35,9,5,25,37,,yes,,yes,contemporary_keep
work_a8983572ae1cc884,2009,The Interscutularis Muscle Connectome,10.1371/journal.pbio.1000032,yes,graph_analysis,elegans,2005–2009,history,4,0,124,64,4,0,90,82,yes,,,yes,history_milestone
work_a8f8c04de8f90a09,2025,MACS: Multi Domain Adaptation Enables Accurate Connectomics Segmentation,10.1101/2025.09.30.679580,yes,segmentation;proofreading;infrastructure;graph_analysis;modeling,,2025,sota,0,12,0,14,9,4,25,52,,,,,unproven_2025_low_inout
work_a94eb0820c4c98b1,2021,High-throughput segmentation of unmyelinated axons by deep learning,10.1038/s41598-022-04854-3,yes,acquisition;segmentation;proofreading,,2021,contemporary,2,3,22,62,5,2,58,41,,yes,,yes,contemporary_keep
work_a963144900531c77,2025,Biological Processing Units: Leveraging an Insect Connectome to Pioneer Biofidelic Neural Archi…,10.48550/arxiv.2507.10951,yes,graph_analysis,fly,2025,sota,2,4,2,51,6,5,62,72,,,yes,yes,sota_2025_out_and_in
work_aa243bbb4279b65b,2014,Graph-based active learning of agglomeration (GALA): a Python library to segment 2D and 3D neur…,10.3389/fninf.2014.00034,yes,segmentation;proofreading;graph_analysis,,2010–2015,history,22,6,58,60,12,9,99,99,yes,,,yes,history_milestone
work_aa4ac55bf3d997c2,2020,The Mind of a Mouse.,10.1016/j.cell.2020.08.010,yes,,mouse,2020,contemporary,28,2,175,94,13,8,92,94,,yes,,yes,contemporary_keep
work_aa666fd9d2c29faa,2015,Object-based representation and analysis of light and electron microscopic volume data using Bl…,10.1186/s12859-015-0652-7,yes,preparation;proofreading;infrastructure,other,2010–2015,history,3,7,16,22,7,6,88,94,yes,,,yes,history_milestone
work_aa67a7c25f2f435b,2018,Lead-DBS v2: Towards a comprehensive pipeline for deep brain stimulation imaging,10.1016/j.neuroimage.2018.08.068,yes,alignment;segmentation;infrastructure;graph_analysis,,2016–2018,history,0,0,698,99,0,0,25,13,yes,,,yes,history_milestone
work_aab3a84b00c63866,2025,New Synapse Detection in the Whole-Brain Connectome of Drosophila,10.1101/2025.07.11.664377,yes,proofreading;synapses;graph_analysis,fly,2025,sota,8,2,19,92,7,7,83,88,,,,,unproven_2025_low_inout
work_aace58d8981653c0,2020,"Relating quantitative 7T MRI across cortical depths to cytoarchitectonics, gene expression and …",10.1101/2020.02.05.935080,yes,preparation;acquisition;infrastructure;graph_analysis,,2020,contemporary,0,0,2,14,0,0,25,20,,,,,contemporary_below_bar
work_aae964936915e1a3,2019,Deciphering neural circuits for Caenorhabditis elegans behavior by computations and perturbatio…,10.1016/j.coisb.2018.09.008,yes,,elegans,2019,contemporary,0,4,5,18,4,4,25,16,,yes,,yes,contemporary_keep
work_aaf9287e58c3106d,2019,A Topological Nomenclature for 3D Shape Analysis in Connectomics,10.1109/cvprw50498.2020.00501,yes,preparation;segmentation;proofreading;infrastructure;graph_analysis,,2019,contemporary,1,0,4,15,1,0,73,47,,,,,contemporary_below_bar
work_ab36762bb6325eed,2024,Estimating orientation in natural scenes: A spiking neural network model of the insect central …,10.1371/journal.pcbi.1011913,yes,modeling,fly,2024,contemporary,1,1,4,38,2,2,61,71,,,,,contemporary_below_bar
work_ab37741d2cf051d8,2022,Neuronal Morphological Model-Driven Image Registration for Serial Electron Microscopy Sections,10.3389/fnhum.2022.846599,yes,sectioning;alignment;segmentation;infrastructure;modeling,,2022,contemporary,0,2,1,12,2,0,25,31,,,,,contemporary_below_bar
work_ab4936e9fe95de49,2015,Saturated Reconstruction of a Volume of Neocortex,10.1016/j.cell.2015.06.054,yes,proofreading;infrastructure,mouse,2010–2015,history,94,7,1031,98,13,9,99,99,yes,,,yes,history_milestone
work_ab5ed7d2da38a631,2018,From Matrices to Knowledge: Using Semantic Networks to Annotate the Connectome,10.3389/fnana.2018.00111,yes,infrastructure;graph_analysis,,2016–2018,history,0,1,5,14,1,1,25,13,,,,,history_below_bar
work_ab693beb93fb50a7,2020,Molecular topography of an entire nervous system,10.1101/2020.12.15.422897,yes,graph_analysis,elegans,2020,contemporary,12,7,580,99,11,7,83,83,,yes,,yes,contemporary_keep
work_ab6b317a17285c28,2022,RoboEM: automated 3D flight tracing for synaptic-resolution connectomics,10.1038/s41592-024-02226-5,yes,segmentation;proofreading,,2022,contemporary,16,36,34,81,13,8,86,85,,yes,,yes,contemporary_keep
work_aba24ab36d2c1f77,2026,Hierarchical Community Structure of the Adult Drosophila Connectome Reveals Conserved Circuit A…,10.64898/2025.12.10.689094,yes,,fly,2026,sota,0,14,1,77,11,8,25,61,,,yes,yes,sota_2026_out
work_abcbb3997816efa3,2017,Optimal synaptic signaling connectome for locomotory behavior in Caenorhabditis elegans: Design…,10.1371/journal.pcbi.1005834,yes,,elegans,2016–2018,history,10,7,19,28,8,4,91,88,yes,,,yes,history_milestone
work_abf215762dd88bd3,2011,The Retrosplenial Cortex: Intrinsic Connectivity and Connections with the (Para)Hippocampal Reg…,10.3389/fninf.2011.00007,yes,,other,2010–2015,history,1,0,226,78,1,1,85,80,yes,,,yes,history_milestone
work_ac41925112f24658,2014,Using mammalian GFP reconstitution across synaptic partners (mGRASP) to map synaptic connectivi…,10.1038/nprot.2014.166,yes,synapses,mouse,2010–2015,history,0,1,28,46,1,1,25,4,,,,,history_below_bar
work_ac9f66d6d45899c4,2015,Recursive Training of 2D-3D Convolutional Networks for Neuronal Boundary Detection,,yes,sectioning;infrastructure,,2010–2015,history,5,4,59,49,8,6,82,80,yes,,,yes,history_milestone
work_acbd113b39b3e9ee,2020,Synaptic counts approximate synaptic contact area in Drosophila,10.1371/journal.pone.0266064,yes,acquisition,fly,2020,contemporary,10,10,20,51,13,7,86,87,,yes,,yes,contemporary_keep
work_acc50851a93fccf9,2025,Self-supervised image restoration in coherent X-ray neuronal microscopy,10.1101/2025.02.10.633538,yes,acquisition;infrastructure;graph_analysis,,2025,sota,0,3,4,68,3,3,25,52,,,,,unproven_2025_low_inout
work_ad4b69a298ffc313,2014,Engrailed Alters the Specificity of Synaptic Connections of Drosophila Auditory Neurons with th…,10.1523/jneurosci.1939-14.2014,yes,,fly,2010–2015,history,1,0,30,48,1,0,56,6,,,,,history_below_bar
work_ad4d87e6341de8b6,2017,An Error Detection and Correction Framework for Connectomics,,yes,segmentation;infrastructure,,2016–2018,history,24,9,51,58,13,9,94,94,yes,,,yes,history_milestone
work_ad7b99d70c070146,2011,Exploring the retinal connectome,,yes,acquisition;alignment;proofreading;infrastructure;graph_analysis,mouse,2010–2015,history,37,4,184,73,10,6,99,99,yes,,,yes,history_milestone
work_ad7e31aa5c15b233,2019,A developmental framework linking neurogenesis and circuit formation in the Drosophila CNS,10.7554/elife.67510,yes,infrastructure,fly,2019,contemporary,7,2,44,74,7,2,84,81,,yes,,yes,contemporary_keep
work_ada5825461aa0d49,2015,Large-scale EM Analysis of the Drosophila Antennal Lobe with Automatically Computed Synapse Poi…,,yes,alignment;segmentation;proofreading;synapses;infrastructure,fly,2010–2015,history,1,6,1,2,7,7,64,11,yes,,,yes,history_milestone
work_adb2c7010353e31e,2026,"Harnessing cortical geometry, wiring, and function as inductive biases for recurrent neural net…",10.48550/arxiv.2606.14975,yes,preparation,mouse,2026,sota,0,8,1,77,7,6,25,61,,,yes,yes,sota_2026_out
work_adc47fb958b56981,2025,Flexible Steering and Conflict Resolution: Pro-Goal/Anti-Goal Gating in Drosophila Lateral Acce…,10.1101/2025.10.19.683286,yes,graph_analysis,fly,2025,sota,0,1,0,14,1,1,25,52,,,,,unproven_2025_low_inout
work_ae2e6708ff5ab48d,2026,"Annelid eye evolution revealed by developmental, ultrastructural, and connectome analyses of ce…",10.64898/2026.02.04.703583,yes,proofreading,fly;other,2026,sota,0,2,0,35,2,0,25,61,,,,,unproven_2026_low_out
work_ae35dcbe4ee37384,2021,An Open MRI Dataset For Multiscale Neuroscience,10.1038/s41597-022-01682-y,yes,infrastructure;graph_analysis,,2021,contemporary,0,0,101,95,0,0,25,25,,yes,,yes,contemporary_keep
work_ae696024feaf530f,2020,A Pathoconnectome of Early Neurodegeneration: Network changes in retinal degeneration,10.1101/2020.01.31.929265,yes,graph_analysis,mouse,2020,contemporary,3,3,44,75,5,2,68,71,,yes,,yes,contemporary_keep
work_ae71590815fb9a2b,2019,A Review of Intrinsic Optical Imaging Serial Blockface Histology (ICI-SBH) for Whole Rodent Bra…,10.3390/photonics6020066,yes,preparation;sectioning;acquisition,mouse,2019,contemporary,0,2,7,25,2,2,25,16,,,,,contemporary_below_bar
work_ae9a3ca349c79d5b,2017,Scalable Interactive Visualization for Connectomics,10.3390/informatics4030029,yes,proofreading;infrastructure;graph_analysis,,2016–2018,history,11,22,28,37,12,9,87,88,yes,,,yes,history_milestone
work_aea20c42d6eebc8d,2023,Studying zebrafish nervous system structure and function in health and disease with electron mi…,10.1111/dgd.12890,yes,,zebrafish,2023,contemporary,0,7,3,28,6,3,25,37,,yes,,yes,contemporary_keep
work_aebd692d3a9ff7ca,2021,Connectomic Deep Brain Stimulation for Obsessive-Compulsive Disorder.,10.1016/j.biopsych.2021.07.010,yes,,,2021,contemporary,0,0,96,95,0,0,25,25,,yes,,yes,contemporary_keep
work_af593e0b9662ba81,2014,Frustrated hierarchical synchronization and emergent complexity in the human connectome network,10.1038/srep05990,yes,graph_analysis,,2010–2015,history,2,0,106,78,1,0,82,71,yes,,,yes,history_milestone
work_af5e34e38d50302d,2019,Whitening of odor representations by specific network connectivity,10.1101/515411,yes,acquisition;graph_analysis,zebrafish,2019,contemporary,1,1,1,7,2,1,67,41,,,,,contemporary_below_bar
work_af967f4e3e759889,2021,Origins of direction selectivity in the primate retina,10.1038/s41467-022-30405-5,yes,graph_analysis,mouse,2021,contemporary,3,1,58,88,4,3,69,69,,yes,,yes,contemporary_keep
work_af9d7bb1093dfbff,2023,Learning Multiscale Consistency for Self-Supervised Electron Microscopy Instance Segmentation,10.1109/icassp48485.2024.10446055,yes,alignment;segmentation;proofreading;infrastructure;graph_analysis,,2023,contemporary,0,2,27,87,2,0,25,37,,yes,,yes,contemporary_keep
work_afad6093ed40df0c,2023,The XPRESS Challenge: Xray Projectomic Reconstruction - Extracting Segmentation with Skeletons,10.48550/arxiv.2302.03819,yes,acquisition;segmentation;proofreading;graph_analysis,mouse,2023,contemporary,1,16,3,28,13,6,68,70,,yes,,yes,contemporary_keep
work_afb5ff09ed0db00c,2017,Guided Proofreading of Automatic Segmentations for Connectomics,10.1109/cvpr.2018.00971,yes,segmentation;proofreading,,2016–2018,history,17,13,31,43,12,8,90,87,yes,,,yes,history_milestone
work_afc5847108c51ff0,2023,Analyzing Thalamocortical Tract-Tracing Experiments in a Common Reference Space,10.1007/s12021-023-09644-4,yes,alignment;segmentation;proofreading;infrastructure;graph_analysis,mouse,2023,contemporary,0,1,2,20,1,0,25,37,,,,,contemporary_below_bar
work_afe0fbf6e9c35179,2024,Neuproofreader: An Interactive Proofreading System with Suggestive Prompts for Connectomics,10.1109/icmew63481.2024.10645359,yes,segmentation;proofreading;graph_analysis,,2024,contemporary,2,1,2,23,3,3,66,76,,yes,,yes,contemporary_keep
work_b00454c3eed4e13f,2025,Optimization of connectome weights for a neural network model generating both forward and backw…,10.1038/s41598-026-54384-5,yes,infrastructure;graph_analysis;modeling,elegans,2025,sota,0,12,0,14,8,5,25,52,,,,,unproven_2025_low_inout
work_b0142f28782e124e,2022,Fear memory-associated synaptic and mitochondrial changes revealed by deep learning-based proce…,10.1016/j.celrep.2022.111151,yes,sectioning;segmentation;infrastructure,,2022,contemporary,1,5,13,58,6,2,57,56,,yes,,yes,contemporary_keep
work_b01bce564ce2e416,2009,X-ray microscopy for neural circuit reconstruction,10.1088/1742-6596/186/1/012092,yes,preparation;graph_analysis,mouse,2005–2009,history,0,0,0,9,0,0,25,1,,,,,history_below_bar
work_b027c6fad384156d,2017,"Pavlovian Conditioning of Larval Drosophila: An Illustrated, Multilingual, Hands-On Manual for …",10.3389/fnbeh.2017.00045,yes,,fly,2016–2018,history,1,2,32,46,3,2,59,15,yes,,,yes,history_milestone
work_b02a08a25205f85d,2021,RLCorrector: Reinforced Proofreading for Cell-level Microscopy Image Segmentation,,yes,segmentation;proofreading;infrastructure,,2021,contemporary,4,8,6,31,9,5,73,68,,yes,,yes,contemporary_keep
work_b03ba2eb24d3ca63,2025,Selective presynaptic inhibition of leg proprioception in behaving Drosophila,10.1038/s41586-025-09554-2,yes,,fly,2025,sota,1,6,7,80,7,7,55,68,,,,,unproven_2025_low_inout
work_b0604b15b1df15d9,2016,Network Analysis and Visualization of Mouse Retina Connectivity Data,10.1371/journal.pone.0158626,yes,graph_analysis,mouse,2016–2018,history,0,2,4,19,2,2,25,8,,,,,history_below_bar
work_b0a12b86ef1a815f,2025,Structural Heterogeneity of the Drosophila Brain Network,,yes,graph_analysis;modeling,fly,2025,sota,1,3,3,61,3,2,62,74,,,,,unproven_2025_low_inout
work_b0b12be54338c4b8,2025,Connectomic traces of Hebbian plasticity in the entorhinal-hippocampal system,10.1101/2025.04.07.647631,yes,infrastructure,,2025,sota,1,0,3,61,1,1,52,69,,,,,unproven_2025_low_inout
work_b0b913e89cd26d7c,2023,Directed stepwise tracing of polysynaptic neuronal circuits with replication-deficient pseudora…,10.1016/j.crmeth.2023.100506,yes,proofreading;graph_analysis,,2023,contemporary,0,2,6,44,2,0,25,37,,,,,contemporary_below_bar
work_b0c9cb0670c3ec7d,2025,Reconstructing the human brain’s wiring diagram from axons up,10.1016/j.tins.2025.11.001,yes,graph_analysis,,2025,sota,0,7,2,51,5,3,25,52,,,,,unproven_2025_low_inout
work_b0ddf4ae8c7faf63,2020,Neurotransmitter classification from electron microscopy images at synaptic sites in Drosophila…,10.1016/j.cell.2024.03.016,yes,graph_analysis,fly,2020,contemporary,87,44,185,95,13,9,98,98,,yes,,yes,contemporary_keep
work_b0e75fabcf46c3e0,2023,High-resolution volumetric imaging constrains compartmental models to explore synaptic integrat…,10.1101/2022.09.10.507000,yes,acquisition;segmentation;infrastructure,,2023,contemporary,0,5,10,62,5,4,25,37,,yes,,yes,contemporary_keep
work_b0f4170db02ee937,2017,Role of Graph Architecture in Controlling Dynamical Networks with Applications to Neural Systems,10.1038/nphys4268,yes,graph_analysis,fly,2016–2018,history,0,2,137,77,2,2,25,10,yes,,,yes,history_milestone
work_b0f78721c583f805,2024,New rabies viral resources for multi-scale neural circuit mapping,10.1038/s41380-024-02451-6,yes,,mouse,2024,contemporary,0,0,11,67,0,0,25,44,,yes,,yes,contemporary_keep
work_b0fa465ba40b7ebd,2026,A quantitative census of millions of postsynaptic structures in a large electron microscopy vol…,10.64898/2026.02.19.706834,yes,segmentation;infrastructure,mouse;human,2026,sota,0,11,1,77,9,8,25,61,,,yes,yes,sota_2026_out
work_b13274c306e3faaa,2025,Population Morphology Implies a Common Developmental Blueprint for Drosophila Motion Detectors,10.1101/2025.11.15.688637,yes,infrastructure;graph_analysis,fly,2025,sota,0,0,0,14,0,0,25,52,,,,,unproven_2025_low_inout
work_b14a68cb105480d1,2016,"CONNECTOMICS, THE FINAL FRONTIER",10.1016/bs.ctdb.2015.11.001,yes,,elegans,2016–2018,history,3,5,12,25,6,2,91,93,yes,,,yes,history_milestone
work_b19047241efae5aa,2016,Gap junctions in C. elegans: Their roles in behavior and development,10.1002/dneu.22408,yes,,elegans,2016–2018,history,7,0,41,54,6,2,84,82,yes,,,yes,history_milestone
work_b1b2f343a95bfb4c,2026,Connectome quality converges predictably to reveal optimal stopping points during proofreading,10.64898/2026.06.30.735414,yes,segmentation;proofreading;graph_analysis,fly;zebrafish,2026,sota,0,8,0,35,7,6,25,61,,,yes,yes,sota_2026_out
work_b1b5b863914460ab,2025,Cascades and convergence: dynamic signal flow in a synapse-level brain network,10.1101/2024.12.04.624189,yes,modeling,fly,2025,sota,2,13,3,61,13,8,59,73,,,yes,yes,sota_2025_out_and_in
work_b28a841efc5f158e,2021,Connectomic mapping of brain-spinal cord neural networks: future directions in assessing spinal…,10.1016/j.neures.2021.10.008,yes,,,2021,contemporary,0,2,1,10,2,0,25,25,,,,,contemporary_below_bar
work_b3215adb59984e49,2022,Using Connectome Features to Constrain Echo State Networks,10.1109/ijcnn54540.2023.10191832,yes,graph_analysis,fly,2022,contemporary,2,0,6,39,2,2,73,75,,,,,contemporary_below_bar
work_b394d6859daf9fc2,2013,BrainNet Viewer: A Network Visualization Tool for Human Brain Connectomics,10.1371/journal.pone.0068910,yes,graph_analysis,,2010–2015,history,0,0,4094,100,0,0,25,3,yes,,,yes,history_milestone
work_b395677d1fbdcaee,2020,Cell-type specific innervation of cortical pyramidal cells at their apical dendrites,10.7554/elife.46876,yes,,mouse,2020,contemporary,5,3,60,83,8,4,84,92,,yes,,yes,contemporary_keep
work_b3c14d15399812d4,2019,Rabies virus-mediated connectivity tracing from single neurons.,10.1016/j.jneumeth.2019.108365,yes,proofreading;graph_analysis,,2019,contemporary,0,1,11,34,1,1,25,16,,,,,contemporary_below_bar
work_b3c92e5d910843af,2020,Automatic whole cell organelle segmentation in volumetric electron microscopy,10.1101/2020.11.14.382143,yes,sectioning;acquisition;segmentation,,2020,contemporary,0,3,22,54,3,1,25,20,,yes,,yes,contemporary_keep
work_b3d2f4a1d8b054ae,2020,A recurrent neural network model of C. elegans responses to aversive stimuli,10.1016/j.neucom.2020.11.067,yes,modeling,elegans,2020,contemporary,2,0,16,44,2,2,70,57,,,,,contemporary_below_bar
work_b3ee57aade123586,2018,The Mouse Cortical Connectome Characterized by an Ultra Dense Cortical Graph Maintains Specific…,10.1016/j.neuron.2017.12.037,yes,graph_analysis,mouse,2016–2018,history,1,1,190,92,2,1,59,22,yes,,,yes,history_milestone
work_b40a22a2240776e3,2022,Enhancing Student Research Experiences with Open Data from the Allen Brain Map.,10.59390/nwxo4043,yes,,,2022,contemporary,0,1,6,39,1,0,25,31,,,,,contemporary_below_bar
work_b4239a9a0f8af545,2023,Neural mechanisms of dopamine function in learning and memory in Caenorhabditis elegans,10.1042/ns20230057,yes,infrastructure,elegans,2023,contemporary,0,2,12,68,2,0,25,37,,yes,,yes,contemporary_keep
work_b4a11e45d1e24136,2022,Reprogramming the topology of the nociceptive circuit in C. elegans reshapes sexual behavior,10.2139/ssrn.4030988,yes,graph_analysis;modeling,elegans,2022,contemporary,1,6,31,77,7,4,53,41,,yes,,yes,contemporary_keep
work_b4c2e7661a5e5142,2021,Large-scale image segmentation based on distributed clustering algorithms,,yes,segmentation;graph_analysis,,2021,contemporary,7,1,18,56,8,6,83,88,,yes,,yes,contemporary_keep
work_b5032a3a9543fe0c,2019,Impact of higher order network structure on emergent cortical activity,10.1162/netn_a_00124,yes,graph_analysis,,2019,contemporary,1,0,29,60,1,0,56,22,,yes,,yes,contemporary_keep
work_b5084356dd64493c,2021,Unveiling the sensory and interneuronal pathways of the neuroendocrine connectome in Drosophila,10.7554/elife.65745,yes,acquisition,fly,2021,contemporary,5,9,32,74,9,5,79,82,,yes,,yes,contemporary_keep
work_b554a7548201df2f,2020,DIP/Dpr interactions and the evolutionary design of specificity in protein families,10.1038/s41467-020-15981-8,yes,segmentation,fly,2020,contemporary,1,0,29,64,1,1,58,34,,yes,,yes,contemporary_keep
work_b5c2e87af273e9a7,2017,Multi-stage Multi-recursive-input Fully Convolutional Networks for Neuronal Boundary Detection,10.1109/iccv.2017.262,yes,segmentation,mouse,2016–2018,history,4,3,66,64,6,5,78,75,yes,,,yes,history_milestone
work_b5e5512fcf9be3fc,2026,VFB-MCP: Natural-Language Access to Drosophila Neuroscience Grounded by an Expert-Curated Ontol…,10.64898/2026.06.16.732577,yes,infrastructure;graph_analysis,fly,2026,sota,0,2,1,77,2,2,25,61,,,,,unproven_2026_low_out
work_b5ff748c577ee45c,2014,Design and Evaluation of Interactive Proofreading Tools for Connectomics,10.1109/tvcg.2014.2346371,yes,segmentation;proofreading,,2010–2015,history,23,4,60,62,12,8,97,97,yes,,,yes,history_milestone
work_b60404473cbd854e,2014,The Stimulus Selectivity and Connectivity of Layer Six Principal Cells Reveals Cortical Microci…,10.1016/j.neuron.2014.08.001,yes,,mouse,2010–2015,history,1,1,127,83,2,2,68,18,yes,,,yes,history_milestone
work_b60d03383c437391,2019,Wide-field amacrine cell inputs to ON parasol ganglion cells in macaque retina,10.1002/cne.24840,yes,sectioning;acquisition,other,2019,contemporary,5,3,14,39,6,2,82,81,,yes,,yes,contemporary_keep
work_b64e797daab8dabf,2024,Bilateral Symmetry and Asymmetry in the C. elegans Connectome: A Graph-Theoretic Analysis based…,10.1101/2024.10.03.616419,yes,graph_analysis,elegans,2024,contemporary,0,0,0,7,0,0,25,44,,,,,contemporary_below_bar
work_b67a92b47c45e7c3,2025,The central complex of the larval fruit fly brain,10.1101/2025.09.30.679510,yes,,fly,2025,sota,1,14,2,51,10,7,56,68,,,,,unproven_2025_low_inout
work_b690ec4d0c358a16,2008,"The Neuroanatomist's Dream, the Problems and Solutions, and the Ultimate Aim",10.3389/neuro.01.018.2008,yes,modeling,,2005–2009,history,0,0,46,40,0,0,25,0,,,,,history_below_bar
work_b6c64af3e1642d38,2025,Community detection for directed networks revisited using bimodularity,10.1073/pnas.2500571122,yes,preparation;infrastructure;graph_analysis,,2025,sota,0,2,7,80,2,0,25,52,,,,,unproven_2025_low_inout
work_b6f9d48dfa37f399,2025,Connectome-driven neural inventory of a complete visual system,10.1038/s41586-025-08746-0,yes,sectioning;acquisition;infrastructure,fly,2025,sota,9,23,18,91,12,8,84,89,,,yes,yes,sota_2025_out_and_in
work_b729320814493b09,2012,Serial section registration of axonal confocal microscopy datasets for long-range neural circui…,10.1016/j.jneumeth.2012.03.002,yes,sectioning;alignment;proofreading,,2010–2015,history,0,1,1,6,1,1,25,2,,,,,history_below_bar
work_b866698ca919a87c,2024,"Structure, biophysics, and circuit function of a “giant” cortical presynaptic terminal",10.1126/science.adg6757,yes,infrastructure;graph_analysis,mouse,2024,contemporary,2,0,39,92,2,2,58,67,,yes,,yes,contemporary_keep
work_b889b7bbc3c4d76b,2021,Small brains for big science.,10.1016/j.conb.2021.09.007,yes,,fly,2021,contemporary,1,5,23,64,5,3,55,40,,yes,,yes,contemporary_keep
work_b8ae78f1fd8ae67a,2017,Synaptic organization of visual space in primary visual cortex,10.1038/nature23019,yes,,mouse,2016–2018,history,3,1,213,87,4,1,69,28,yes,,,yes,history_milestone
work_b8d1a760494a9230,2010,Beyond the wiring diagram: signalling through complex neuromodulator networks,10.1098/rstb.2010.0105,yes,graph_analysis,,2010–2015,history,2,0,120,50,2,2,85,72,yes,,,yes,history_milestone
work_b8f2f5617e12eb28,2015,Quantitative neuroanatomy for connectomics in Drosophila,10.7554/elife.12059,yes,proofreading;graph_analysis,fly,2010–2015,history,101,18,307,86,13,9,100,100,yes,,,yes,history_milestone
work_b93454c723b2401e,2023,Translating single-neuron axonal reconstructions into meso-scale connectivity statistics in the…,10.3389/fninf.2023.1272243,yes,preparation;graph_analysis,mouse,2023,contemporary,2,1,5,39,3,2,63,72,,yes,,yes,contemporary_keep
work_b9427d82f30c52ed,2019,The neuroanatomical ultrastructure and function of a biological ring attractor,10.1101/847152,yes,graph_analysis,fly,2019,contemporary,12,0,132,93,8,0,87,84,,yes,,yes,contemporary_keep
work_b9629434b4af47f4,2010,Detection of Neuron Membranes in Electron Microscopy Images using a Serial Neural Network Archi…,10.1016/j.media.2010.06.002,yes,segmentation;infrastructure,,2010–2015,history,21,4,114,44,8,6,99,98,yes,,,yes,history_milestone
work_b9bc79c1007d6364,2014,A Modular Hierarchical Approach to 3D Electron Microscopy Image Segmentation,10.1016/j.jneumeth.2014.01.022,yes,segmentation,,2010–2015,history,0,1,2,10,1,1,25,4,,,,,history_below_bar
work_b9d08d3f470a376f,2023,How Flies See Motion.,10.1146/annurev-neuro-080422-111929,yes,,fly,2023,contemporary,3,1,39,93,4,2,72,77,,yes,,yes,contemporary_keep
work_ba255a04a84e1e9c,2026,Approaching a connectome of the human foveal retina,10.1073/pnas.2603286123,yes,proofreading;graph_analysis,mouse,2026,sota,0,13,0,35,9,4,25,61,,,yes,yes,sota_2026_out
work_ba57f8894b215008,2025,C. elegans wired and wireless connectome: insights into principles of nervous system structure …,10.1007/s12038-025-00513-7,yes,infrastructure,elegans,2025,sota,0,18,5,73,11,7,25,52,,,,,unproven_2025_low_inout
work_bae91c1d9f178e4f,2022,From Photons to Behaviors: Neural Implementations of Visual Behaviors in Drosophila,10.3389/fnins.2022.883640,yes,infrastructure,fly,2022,contemporary,1,2,21,69,3,2,53,35,,yes,,yes,contemporary_keep
work_bb38c758171f3527,2018,NeuroMorphoVis: a collaborative framework for analysis and visualization of neuronal morphology…,10.1093/bioinformatics/bty231,yes,proofreading;infrastructure;graph_analysis;modeling,,2016–2018,history,1,0,56,72,1,0,56,18,yes,,,yes,history_milestone
work_bb4463044f5b072c,2012,TrakEM2 Software for Neural Circuit Reconstruction,10.1371/journal.pone.0038011,yes,acquisition;proofreading,elegans,2010–2015,history,44,0,975,100,13,9,100,100,yes,,,yes,history_milestone
work_bb4a58bb9fae0ea0,2021,Neurobiology: From genome and connectome to understanding behavior,10.1016/j.cub.2021.08.055,yes,,elegans,2021,contemporary,0,1,0,4,1,0,25,25,,,,,contemporary_below_bar
work_bb6f2ee139c463af,2019,Flexible neural connectivity under constraints on total connection strength,10.1101/603027,yes,synapses;graph_analysis,fly,2019,contemporary,0,2,6,22,2,2,25,16,,,,,contemporary_below_bar
work_bb8d8f33589a21a6,2018,Functional Connectomics in C. elegans,10.20944/preprints201811.0038.v1,yes,,elegans,2016–2018,history,0,10,0,2,6,3,25,13,yes,,,yes,history_milestone
work_bba81c892f47fd62,2026,Morphology-Embedded Graph Optimization for EM Neuron Tracing,10.1109/isbi61048.2026.11515727,yes,preparation;segmentation;proofreading;graph_analysis,,2026,sota,0,1,0,35,1,1,25,61,,,,,unproven_2026_low_out
work_bbba095fdc38c6d5,2020,SEQUIN multiscale imaging of mammalian central synapses reveals loss of synaptic connectivity r…,10.1016/j.neuron.2020.04.012,yes,,,2020,contemporary,0,1,34,69,1,0,25,20,,yes,,yes,contemporary_keep
work_bbd9387a25c87eb2,2025,An Advanced Undergraduate Laboratory Course: Calcium Imaging and Data Analysis – a Mini Graduat…,10.59390/001c.154223,yes,,,2025,sota,0,1,0,14,1,1,25,52,,,,,unproven_2025_low_inout
work_bbfd25e70010781f,2024,Specific inhibition and disinhibition in the higher-order structure of a cortical connectome,10.1093/cercor/bhae433,yes,graph_analysis,mouse,2024,contemporary,1,6,9,60,5,3,56,69,,yes,,yes,contemporary_keep
work_bc2a2e1a0560d061,2013,Automated Transmission-Mode Scanning Electron Microscopy (tSEM) for Large Volume Analysis at Na…,10.1371/journal.pone.0059573,yes,sectioning;acquisition;alignment;infrastructure;graph_analysis,,2010–2015,history,4,2,71,51,5,3,78,72,yes,,,yes,history_milestone
work_bc5e6ceb3ec3c528,2016,Recent advancement in the challenges to connectomics.,10.1093/jmicro/dfv371,yes,acquisition,,2016–2018,history,1,7,14,27,5,5,67,27,yes,,,yes,history_milestone
work_bd22fb1f4a2ae2f2,2026,Bilateral Neuron Pairs Share Redundant Network Roles Despite Incomplete Connection Symmetry in …,10.1111/ejn.70629,yes,infrastructure;graph_analysis,elegans,2026,sota,0,7,0,35,7,3,25,61,,,yes,yes,sota_2026_out
work_bd659575fd047af2,2013,Conditional Ablation of Neuroprogenitor Cells in Adult Mice Impedes Recovery of Poststroke Cogn…,10.1523/jneurosci.2129-13.2013,yes,,,2010–2015,history,0,0,89,65,0,0,25,3,yes,,,yes,history_milestone
work_bd78895f1e68ded3,2012,Visualizing Neuromodulation In Vivo: TANGO-Mapping of Dopamine Signaling Reveals Appeptite Cont…,10.1016/j.cell.2011.12.022,yes,,fly,2010–2015,history,4,0,317,91,4,1,85,88,yes,,,yes,history_milestone
work_bdba9e4ffa08287b,2024,Building and Integrating Brain-Wide Maps of Nervous System Function in Invertebrates,10.1016/j.conb.2024.102868,yes,graph_analysis,elegans,2024,contemporary,1,12,10,63,12,8,56,70,,yes,,yes,contemporary_keep
work_bdf6f3371610db4c,2026,ConnectoFM: A Foundation Model for Learning the Language of the Connectome,10.64898/2026.06.06.730367,yes,acquisition;alignment;segmentation;proofreading;infrastructure;graph_analysis,,2026,sota,0,33,0,35,13,8,25,61,,,yes,yes,sota_2026_out
work_be300a95019327be,2025,Transforming descending input into motor output: An analysis of the Drosophila Male Adult Nerve…,10.1101/2023.06.07.543976,yes,proofreading,fly,2025,sota,3,0,33,97,3,3,77,86,,,,,unproven_2025_low_inout
work_be3603a175b093a4,2021,Petascale neural circuit reconstruction: automated methods,10.1101/2021.08.04.455162,yes,sectioning;segmentation;infrastructure,mouse,2021,contemporary,16,11,53,86,13,8,89,93,,yes,,yes,contemporary_keep
work_be4e434079225987,2022,Reconstructing neural circuits using multiresolution correlated light and electron microscopy,10.3389/fncir.2022.753496,yes,acquisition;proofreading,mouse,2022,contemporary,1,3,13,58,4,2,62,68,,yes,,yes,contemporary_keep
work_be80d8a355c9f3bc,2012,Large scale brain models of epilepsy: dynamics meets connectomics,10.1136/jnnp-2011-301944,yes,modeling,,2010–2015,history,0,0,297,88,0,0,25,2,yes,,,yes,history_milestone
work_be884a73cedf8f72,2022,The neuropeptidergic connectome of C. elegans,10.1016/j.neuron.2023.09.043,yes,graph_analysis,elegans,2022,contemporary,28,27,133,97,13,8,93,93,,yes,,yes,contemporary_keep
work_be994e78601aefa2,2019,Gotta Trace ‘em All: A Mini-Review on Tools and Procedures for Segmenting Single Neurons Toward…,10.3389/fbioe.2019.00202,yes,segmentation,,2019,contemporary,1,1,24,53,2,1,65,34,,yes,,yes,contemporary_keep
work_bea312df1da35b92,2022,Sequential addition of neuronal stem cell temporal cohorts generates a feed-forward circuit in …,10.1101/2022.04.05.487221,yes,graph_analysis,fly,2022,contemporary,1,2,6,39,3,2,59,69,,yes,,yes,contemporary_keep
work_beb149e7e1eaddc1,2024,Neurons Underlying Aggression-Like Actions That Are Shared by Both Males and Females in Drosoph…,10.1523/jneurosci.0142-24.2024,yes,,fly,2024,contemporary,1,4,7,54,5,5,54,56,,yes,,yes,contemporary_keep
work_bebd197ae07871b0,2024,Geometric Scaling Law in Real Neuronal Networks.,10.1103/physrevlett.133.138401,yes,graph_analysis,,2024,contemporary,3,0,16,80,3,3,73,76,,yes,,yes,contemporary_keep
work_bf26c692403dc5e3,2025,Synaptic architecture of a memory engram in the mouse hippocampus,10.1126/science.ado8316,yes,acquisition;synapses,mouse,2025,sota,3,16,25,95,11,4,77,81,,,yes,yes,sota_2025_out_and_in
work_bf528ba1c278b6b4,2021,"Small, correlated changes in synaptic connectivity may facilitate rapid motor learning",10.1038/s41467-022-32646-w,yes,modeling,,2021,contemporary,1,0,34,76,1,1,56,34,,yes,,yes,contemporary_keep
work_bf80f6a759100ec2,2023,"Axonal energy metabolism, and the effects in aging and neurodegenerative diseases",10.1186/s13024-023-00634-3,yes,segmentation;graph_analysis,,2023,contemporary,0,1,72,97,1,1,25,37,,yes,,yes,contemporary_keep
work_bf862b81ed6fc4d9,2019,Revealing the Synaptic Hodology of Mammalian Neural Circuits With Multiscale Neurocartography,10.3389/fninf.2019.00052,yes,preparation;graph_analysis,mouse,2019,contemporary,0,20,1,7,9,8,25,16,,yes,,yes,contemporary_keep
work_bf960a676e2587a3,2022,Petascale pipeline for precise alignment of images from serial section electron microscopy,10.1038/s41467-023-44354-0,yes,sectioning;alignment;segmentation,mouse,2022,contemporary,7,7,33,80,11,7,84,88,,yes,,yes,contemporary_keep
work_bfa5881831a8dcff,2012,Morphology and Physiology of Excitatory Neurons in Layer 6b of the Somatosensory Rat Barrel Cor…,10.1093/cercor/bhs254,yes,,other,2010–2015,history,1,0,78,62,1,0,69,7,yes,,,yes,history_milestone
work_bfb1ab1a97c0b3f6,2017,Organization of the Drosophila larval visual circuit,10.7554/elife.28387,yes,graph_analysis,fly,2016–2018,history,1,5,12,20,6,5,75,41,yes,,,yes,history_milestone
work_bfcb690c6bb8af37,2021,Mechanisms Underlying Target Selectivity for Cell Types and Subcellular Domains in Developing N…,10.3389/fncir.2021.728832,yes,,,2021,contemporary,0,5,7,35,5,2,25,25,,yes,,yes,contemporary_keep
work_bff85c7a83fb9eac,2022,Nonsynaptic Transmission Mediates Light Context-Dependent Odor Responses in Drosophila melanoga…,10.1523/jneurosci.1106-22.2022,yes,,fly,2022,contemporary,0,1,5,33,1,1,25,31,,,,,contemporary_below_bar
work_c0291cd6d5d32157,2019,BRAIN Initiative: Cutting-Edge Tools and Resources for the Community,10.1523/jneurosci.1169-19.2019,yes,,,2019,contemporary,0,0,32,62,0,0,25,16,,yes,,yes,contemporary_keep
work_c041abac1c482213,2026,Beyond Agreement: Standardizing Crowdsourced Synapse Annotations through Proofreading in EM Con…,10.1101/2025.09.26.678851,yes,proofreading,fly,2026,sota,0,18,0,35,13,7,25,61,,,yes,yes,sota_2026_out
work_c0c6e627665cfab2,2016,Rod-Cone Crossover Connectome of Mammalian Bipolar Cells,10.1002/cne.24084,yes,graph_analysis,mouse,2016–2018,history,3,2,31,45,5,3,71,70,yes,,,yes,history_milestone
work_c0da79108172b87a,2025,FGNet: Leveraging Feature-Guided Attention to Refine SAM2 for 3D EM Neuron Segmentation,10.48550/arxiv.2511.13063,yes,segmentation;proofreading;infrastructure,,2025,sota,0,2,1,36,2,1,25,52,,,,,unproven_2025_low_inout
work_c16301195b3d564c,2011,Challenges and Opportunities in Mining Neuroscience Data,10.1126/science.1199305,yes,acquisition;infrastructure;graph_analysis,,2010–2015,history,1,0,191,76,1,1,72,22,yes,,,yes,history_milestone
work_c1722fdc8b5a9189,2017,Efferents of anterior cingulate areas 24a and 24b and midcingulate areas 24aʹ and 24bʹ in the m…,10.1007/s00429-017-1585-x,yes,proofreading;graph_analysis,mouse,2016–2018,history,0,1,94,71,1,1,25,10,yes,,,yes,history_milestone
work_c1b2632765333e01,2022,Scale matters: The nested human connectome,10.1126/science.abq2599,yes,graph_analysis;modeling,,2022,contemporary,4,3,95,96,4,2,91,91,,yes,,yes,contemporary_keep
work_c1d0772b3b89eba2,2019,UNI-EM: An Environment for Deep Neural Network-Based Automated Segmentation of Neuronal Electro…,10.1038/s41598-019-55431-0,yes,segmentation;proofreading;infrastructure,,2019,contemporary,9,22,41,70,13,9,85,83,,yes,,yes,contemporary_keep
work_c1f1de8c92a47673,2018,Vocal motor experiences consolidate the vocal motor circuitry and accelerate future vocal skill…,10.1101/440388,yes,acquisition,other,2016–2018,history,0,1,1,7,1,1,25,13,,,,,history_below_bar
work_c201afe14f0e47be,2023,Linking neural circuits to the mechanics of animal behavior in Drosophila larval locomotion,10.3389/fncir.2023.1175899,yes,segmentation;infrastructure,fly,2023,contemporary,0,2,8,56,2,0,25,37,,yes,,yes,contemporary_keep
work_c23677e9a896aab1,2025,SynAnno: Interactive Guided Proofreading of Synaptic Annotations,10.1101/2025.08.09.669342,yes,segmentation;proofreading;graph_analysis,,2025,sota,0,24,0,14,12,8,25,52,,,,,unproven_2025_low_inout
work_c25a5e51b5abfb6d,2016,Filling the gap: adding super-resolution to array tomography for correlated ultrastructural and…,10.1117/1.nph.3.4.041802,yes,acquisition;graph_analysis,elegans,2016–2018,history,4,6,42,58,6,3,79,70,yes,,,yes,history_milestone
work_c264471fa138e632,2020,Recurrent architecture for adaptive regulation of learning in the insect brain,10.1038/s41593-020-0607-9,yes,synapses;graph_analysis;modeling,fly,2020,contemporary,15,3,134,91,13,8,88,91,,yes,,yes,contemporary_keep
work_c285a4f34f98067b,2014,The huge plastic potential of adult brain and the role of connectomics: new insights provided b…,10.1016/j.cortex.2013.08.005,yes,,,2010–2015,history,0,0,316,93,0,0,25,4,yes,,,yes,history_milestone
work_c293467c574e8c22,2022,Hierarchical Modular Structure of the Drosophila Connectome,10.1101/2022.11.23.517722,yes,graph_analysis,fly,2022,contemporary,10,10,15,62,12,8,87,87,,yes,,yes,contemporary_keep
work_c295eac10773de92,2015,Ultrastructurally-smooth thick partitioning and volume stitching for larger-scale connectomics,10.1038/nmeth.3292,yes,preparation;sectioning;acquisition;alignment;proofreading,,2010–2015,history,50,5,148,68,13,9,98,98,yes,,,yes,history_milestone
work_c2ac2ce5d1b91e39,2026,Representational geometry as a fidelity metric for connectome-constrained networks: evidence fr…,10.64898/2026.06.10.731214,yes,alignment;infrastructure;modeling,elegans,2026,sota,0,5,0,35,5,5,25,61,,,yes,yes,sota_2026_out
work_c2ad8b023ed86e9e,2015,Closing the loop: optimal stimulation of C. elegans neuronal network via adaptive control to ex…,10.1186/1471-2202-16-s1-o14,yes,segmentation;modeling,elegans,2010–2015,history,0,1,5,8,1,0,25,6,,,,,history_below_bar
work_c2c3f5afbff287bb,2009,Specificity of Sensory-Motor Connections Encoded by Sema3e-PlexinD1 Recognition,10.1038/nature08000,yes,segmentation,,2005–2009,history,1,0,180,82,1,0,64,2,yes,,,yes,history_milestone
work_c2c927525ced25b9,2022,Connectomics and the neural basis of behaviour,10.1016/j.cois.2022.100968,yes,proofreading,,2022,contemporary,11,27,36,82,13,9,89,90,,yes,,yes,contemporary_keep
work_c2eef6c0fa61c287,2025,Brain-wide neuronal circuit connectome of human glioblastoma,10.1038/s41586-025-08634-7,yes,proofreading,mouse,2025,sota,0,2,52,98,2,0,25,52,,,,,unproven_2025_low_inout
work_c3138ffe0202a49e,2026,Neuron Segment Connectivity Prediction With Multimodal Features for Connectomics,10.1109/tmi.2026.3658169,yes,segmentation;proofreading;graph_analysis,,2026,sota,1,8,1,77,7,5,61,77,,,yes,yes,sota_2026_out
work_c3155a4e84a6d48c,2024,Learning dynamic representations of the functional connectome in neurobiological networks,10.48550/arxiv.2402.14102,yes,segmentation;graph_analysis,,2024,contemporary,0,9,0,7,8,3,25,44,,yes,,yes,contemporary_keep
work_c33ff1707c3c1df6,2015,The Secreted Protein C1QL1 and Its Receptor BAI3 Control the Synaptic Connectivity of Excitator…,10.1016/j.celrep.2015.01.034,yes,,mouse,2010–2015,history,1,0,142,66,1,1,87,82,yes,,,yes,history_milestone
work_c359e0f8d709c787,2015,What Properties are Desirable from an Electron Microscopy Segmentation Algorithm,,yes,segmentation;proofreading;infrastructure,,2010–2015,history,0,6,3,5,6,6,25,6,yes,,,yes,history_milestone
work_c36c4a98a2fae36f,2022,Brain-wide analysis of the supraspinal connectome reveals anatomical correlates to functional r…,10.7554/elife.76254,yes,alignment;graph_analysis,mouse,2022,contemporary,0,1,18,66,1,0,25,31,,yes,,yes,contemporary_keep
work_c3acb4802f98e9c8,2017,A Multicore Path to Connectomics-on-Demand,10.1145/3018743.3018766,yes,infrastructure;graph_analysis,,2016–2018,history,9,13,23,31,12,9,92,93,yes,,,yes,history_milestone
work_c3af570cd83d4cfb,2009,Structural Properties of the Caenorhabditis elegans Neuronal Network,10.1371/journal.pcbi.1001066,yes,graph_analysis,elegans,2005–2009,history,75,0,954,100,13,0,100,99,yes,,,yes,history_milestone
work_c3b0d29497a3dbf7,2009,Reconstruction of Sparse Circuits Using Multi-neuronal Excitation (RESCUME),,yes,modeling,,2005–2009,history,0,0,31,27,0,0,25,1,,,,,history_below_bar
work_c3d2ff5751f373b9,2013,The history of CoCoMac,10.1016/j.neuroimage.2013.03.016,yes,proofreading;infrastructure,other,2010–2015,history,0,1,35,36,1,1,25,3,,,,,history_below_bar
work_c422469eca54b052,2025,Towards 1000-fold Electron Microscopy Image Compression for Connectomics via VQ-VAE with Transf…,10.48550/arxiv.2511.00231,yes,infrastructure,,2025,sota,0,4,0,14,4,4,25,52,,,,,unproven_2025_low_inout
work_c472352d7f4b95e1,2025,Building connectome analysis tools with representation learning on neuronal skeleton and circui…,10.1016/j.neunet.2025.107603,yes,acquisition;proofreading;graph_analysis,fly,2025,sota,0,8,1,36,8,6,25,52,,,,,unproven_2025_low_inout
work_c47d226b15590ce5,2022,CELR: Cloud Enhanced Local Reconstruction from low-dose sparse Scanning Electron Microscopy ima…,10.1109/dsd57027.2022.00083,yes,acquisition;infrastructure,,2022,contemporary,0,3,0,5,3,2,25,31,,yes,,yes,contemporary_keep
work_c4a1b205c0870b53,2023,Development of an educational method to rethink and learn oncological brain surgery in an “a la…,10.1007/s00701-023-05626-2,yes,,,2023,contemporary,0,0,5,39,0,0,25,37,,,,,contemporary_below_bar
work_c4b37b7d968ecae8,2014,The AII amacrine cell connectome: a dense network hub,10.3389/fncir.2014.00104,yes,graph_analysis,mouse,2010–2015,history,3,1,101,75,4,2,71,42,yes,,,yes,history_milestone
work_c52eb93ad06102ec,2013,ConnectomeExplorer: Query-Guided Visual Analysis of Large Volumetric Neuroscience Data,10.1109/tvcg.2013.142,yes,segmentation;infrastructure,,2010–2015,history,21,8,80,59,12,6,96,94,yes,,,yes,history_milestone
work_c56c9bd6bb2d72c9,2025,The Drosophila Connectome as a Computational Reservoir for Time-Series Prediction,10.3390/biomimetics10050341,yes,infrastructure;graph_analysis,fly,2025,sota,3,6,6,76,5,3,79,84,,,yes,yes,sota_2025_out_and_in
work_c5aa0e100cacef51,2018,Visual physiology of the layer 4 cortical circuit in silico,10.1371/journal.pcbi.1006535,yes,modeling,mouse,2016–2018,history,1,1,75,80,2,1,62,22,yes,,,yes,history_milestone
work_c5ade922d4f4dd8f,2025,Brain rewiring during development: A comparative analysis of larval and adult Drosophila melano…,10.1162/netn.a.26,yes,graph_analysis,fly,2025,sota,2,18,5,73,13,8,63,74,,,yes,yes,sota_2025_out_and_in
work_c5d4203ffdbb350d,2019,Multiplexed peroxidase-based electron microscopy labeling enables simultaneous visualization of…,10.1038/s41593-019-0358-7,yes,preparation,mouse,2019,contemporary,2,2,80,88,4,2,63,29,,yes,,yes,contemporary_keep
work_c5ee0f332484814e,2021,NucMM Dataset: 3D Neuronal Nuclei Instance Segmentation at Sub-Cubic Millimeter Scale,10.1007/978-3-030-87193-2_16,yes,segmentation;graph_analysis,mouse;zebrafish,2021,contemporary,5,1,41,80,5,4,80,83,,yes,,yes,contemporary_keep
work_c608ded31d0a89bd,2016,A Multi-Pass Approach to Large-Scale Connectomics,,yes,acquisition;segmentation;proofreading;graph_analysis,mouse,2016–2018,history,13,6,49,63,12,9,91,91,yes,,,yes,history_milestone
work_c61795d759331bd4,2024,Modular organization of synapses within a neuromere for distinct axial locomotion in Drosophila…,10.1101/2024.06.29.601329,yes,,fly,2024,contemporary,0,0,0,7,0,0,25,44,,,,,contemporary_below_bar
work_c651e11769e268da,2018,An Adversarial and Densely Dilated Network for Connectomes Segmentation,10.3390/sym10100467,yes,segmentation;infrastructure,mouse,2016–2018,history,1,7,8,19,6,5,70,47,yes,,,yes,history_milestone
work_c6568c6c741d28e9,2016,Large-Scale Electron Microscopy Image Segmentation in Spark,,yes,segmentation;proofreading,fly,2016–2018,history,6,4,15,28,9,8,94,94,yes,,,yes,history_milestone
work_c671c689a7c0f659,2018,"Neuropeptides encoded by nlp-49 modulate locomotion, arousal and egg-laying behaviours in Caeno…",10.1098/rstb.2017.0368,yes,,elegans,2016–2018,history,6,3,37,54,6,2,88,86,yes,,,yes,history_milestone
work_c6b4755fa98e0894,2018,Dense connectomic reconstruction in layer 4 of the somatosensory cortex,10.1126/science.aay3134,yes,acquisition;segmentation,mouse,2016–2018,history,98,27,307,97,13,9,99,99,yes,,,yes,history_milestone
work_c6c7c7be755bd0ff,2018,Eigenvector-based community detection for identifying information hubs in neuronal networks,10.1101/457143,yes,graph_analysis,elegans,2016–2018,history,0,3,3,11,3,1,25,13,yes,,,yes,history_milestone
work_c6d55d0de76f71ec,2022,Dynamic Oscillations Evoked by Subcallosal Cingulate Deep Brain Stimulation,10.3389/fnins.2022.768355,yes,infrastructure;graph_analysis,,2022,contemporary,0,0,4,28,0,0,25,31,,,,,contemporary_below_bar
work_c6e23170a4ea8354,2020,The Wiring Logic of an Identified Serotonergic Neuron That Spans Sensory Networks,10.1101/2020.02.24.963660,yes,synapses,fly,2020,contemporary,3,6,29,64,8,4,77,81,,yes,,yes,contemporary_keep
work_c70de20978c86410,2020,High-throughput whole-brain mapping of rhesus monkey at micron resolution,10.1101/2020.09.25.313395,yes,sectioning;proofreading,other,2020,contemporary,0,1,3,17,1,0,25,20,,,,,contemporary_below_bar
work_c71bd1681aa3a6dd,2023,Nested neural circuits generate distinct acoustic signals during Drosophila courtship,10.1101/2023.08.30.555537,yes,,fly,2023,contemporary,4,5,30,89,9,8,76,81,,yes,,yes,contemporary_keep
work_c764381e47cfb56e,2019,Compartmentalized distributions of neuronal and glial cell-surface proteins pattern the synapti…,10.1016/j.conb.2019.01.025,yes,synapses,,2019,contemporary,0,1,20,46,1,1,25,16,,,,,contemporary_below_bar
work_c7afd5ff001a1245,2024,Perineuronal Net Microscopy: From Brain Pathology to Artificial Intelligence,10.3390/ijms25084227,yes,proofreading,,2024,contemporary,0,1,7,54,1,1,25,44,,yes,,yes,contemporary_keep
work_c7e9554f3a7935e3,2016,The wiring diagram of a glomerular olfactory system,10.1101/037721,yes,graph_analysis,fly,2016–2018,history,52,2,197,82,13,8,98,98,yes,,,yes,history_milestone
work_c85ce51f03374702,2015,neuTube 1.0: A New Design for Efficient Neuron Reconstruction Software Based on the SWC Format,10.1523/eneuro.0049-14.2014,yes,proofreading,,2010–2015,history,4,0,272,82,3,1,80,73,yes,,,yes,history_milestone
work_c8962279ab5d5ffa,2025,How neural feedback enables flexible visual processing in Drosophila.,10.1016/j.tins.2025.10.012,yes,,fly,2025,sota,0,6,1,36,6,5,25,52,,,,,unproven_2025_low_inout
work_c8b06e9c51abaf4e,2022,Automated Synapse Detection Method for Cerebellar Connectomics,10.3389/fnana.2022.760279,yes,synapses,mouse,2022,contemporary,4,24,6,39,13,4,84,82,,yes,,yes,contemporary_keep
work_c8b8ecbe6b58f77c,2026,Excitatory GABA receptors shape locomotor circuit organization in C. elegans,10.1038/s41598-026-39358-x,yes,,elegans,2026,sota,0,2,1,77,2,1,25,61,,,,,unproven_2026_low_out
work_c92a0fc5d845cc35,2021,A scalable and modular automated pipeline for stitching of large electron microscopy datasets,10.1101/2021.11.24.469932,yes,sectioning;alignment;infrastructure;graph_analysis,fly,2021,contemporary,10,15,28,69,12,6,90,92,,yes,,yes,contemporary_keep
work_c9bf6cbc3f5f5e1f,2026,vEMINR: Ultra‐Fast Isotropic Reconstruction for Volume Electron Microscopy With Implicit Neural…,10.1002/advs.202511922,yes,acquisition,,2026,sota,0,6,1,77,6,4,25,61,,,yes,yes,sota_2026_out
work_c9c465720a1c8c5a,2015,Extracellular space preservation aids the connectomic analysis of neural circuits,10.7554/elife.08206,yes,preparation;segmentation;infrastructure,,2010–2015,history,21,11,93,57,13,9,96,94,yes,,,yes,history_milestone
work_c9c64b1685159a5b,2021,Neuromuscular connectomes across development reveal synaptic ordering rules,10.1101/2021.09.20.460480,yes,sectioning;acquisition;graph_analysis,mouse,2021,contemporary,4,4,6,31,7,5,80,84,,yes,,yes,contemporary_keep
work_c9cd7a8eaf536fcc,2022,The brainstem connectome database,10.1038/s41597-022-01219-3,yes,proofreading;infrastructure;graph_analysis;modeling,other,2022,contemporary,1,4,4,28,5,1,56,47,,yes,,yes,contemporary_keep
work_c9ece14438e09298,2016,"Structural Plasticity, Effectual Connectivity, and Memory in Cortex",10.3389/fnana.2016.00063,yes,infrastructure;modeling,,2016–2018,history,0,0,41,54,0,0,25,8,yes,,,yes,history_milestone
work_ca230af7d754805e,2017,"Structural and functional, empirical and modeled connectivity in the cerebral cortex of the rat",10.1016/j.neuroimage.2017.07.046,yes,proofreading;graph_analysis;modeling,other,2016–2018,history,0,2,44,55,2,2,25,10,yes,,,yes,history_milestone
work_ca8fb7dc725d860f,2018,Synaptic transfer between rod and cone pathways mediated by AII amacrine cells in the mouse ret…,10.1016/j.cub.2018.06.063,yes,sectioning,mouse,2016–2018,history,2,0,53,72,2,0,55,18,yes,,,yes,history_milestone
work_ca9d3a99ca824241,2026,From small brains to smart machines: translating Caenorhabditis elegans neural circuits into ar…,10.3389/fncir.2026.1731513,yes,,elegans,2026,sota,0,3,1,77,3,2,25,61,,,yes,yes,sota_2026_out
work_caba1149824d992a,2025,Comparative connectomics of two distantly related nematode species reveals patterns of nervous …,10.1126/science.adx2143,yes,graph_analysis,elegans,2025,sota,3,5,22,94,8,5,65,75,,,yes,yes,sota_2025_out_and_in
work_cacfb8feebfeb873,2023,"Asynchronous and slow-wave oscillatory states in connectome-based models of mouse, monkey and h…",10.1101/2023.08.03.551869,yes,modeling,human,2023,contemporary,0,1,6,44,1,0,25,37,,,,,contemporary_below_bar
work_caded82b4ff6f38b,2018,The Feeding Connectome: Convergence of Monosynaptic and Polysynaptic Sensory Paths onto Common …,10.1101/368878,yes,,fly,2016–2018,history,0,6,1,7,6,6,25,13,yes,,,yes,history_milestone
work_caed8e9015be8439,2017,Conserved neural circuit structure across Drosophila larval development revealed by comparative…,10.1101/143727,yes,sectioning;infrastructure;graph_analysis,fly,2016–2018,history,31,6,90,70,13,7,96,95,yes,,,yes,history_milestone
work_cb964ec21532f053,2016,Further Insight into the Brain's Rich-Club Architecture,10.1523/jneurosci.0754-16.2016,yes,,,2016–2018,history,1,2,10,23,3,3,61,22,yes,,,yes,history_milestone
work_cbaba8fab497ba74,2022,Deep neural network automated segmentation of cellular structures in volume electron microscopy,10.1083/jcb.202208005,yes,sectioning;acquisition;segmentation;proofreading;modeling,,2022,contemporary,0,3,40,86,3,0,25,31,,yes,,yes,contemporary_keep
work_cbbe61f406dbaa9a,2020,Gap junctions: historical discoveries and new findings in the Caenorhabditis elegans nervous sy…,10.1242/bio.053983,yes,,elegans,2020,contemporary,2,4,20,51,5,3,63,56,,yes,,yes,contemporary_keep
work_cbfb9642f5950bcf,2025,Sexual dimorphism in the complete connectome of the Drosophila male central nervous system,10.1101/2025.10.09.680999,yes,proofreading,fly,2025,sota,8,0,43,97,7,7,77,84,,,,,unproven_2025_low_inout
work_cc1516e30831abf8,2026,Embracing the suboptimal organization of the human brain.,10.1016/j.tics.2026.04.008,yes,infrastructure,,2026,sota,0,1,0,35,1,1,25,61,,,,,unproven_2026_low_out
work_cc31e996b2ec9309,2019,Synaptic Partner Assignment Using Attentional Voxel Association Networks,10.1109/isbi45749.2020.9098489,yes,acquisition;synapses,mouse,2019,contemporary,26,14,42,72,13,9,93,92,,yes,,yes,contemporary_keep
work_cc59ab91c7115bfb,2017,Deep Learning Improves Template Matching by Normalized Cross Correlation,,yes,sectioning,,2016–2018,history,3,1,14,23,4,2,73,40,yes,,,yes,history_milestone
work_cc93f37d9cda41ed,2020,Neuronal classification from network connectivity via adjacency spectral embedding,10.1162/netn_a_00195,yes,preparation;segmentation;graph_analysis;modeling,,2020,contemporary,0,1,7,30,1,0,25,20,,,,,contemporary_below_bar
work_cc98657871401e23,2012,CoCoMac 2.0 and the future of tract-tracing databases,10.3389/fninf.2012.00030,yes,sectioning;acquisition;proofreading;infrastructure;graph_analysis;modeling,other,2010–2015,history,13,5,172,78,5,3,95,93,yes,,,yes,history_milestone
work_cca2544e722815fe,2025,MExConn: A Mechanistically Interpretable Multi-Expert Framework for Multi-Organelle Segmentatio…,10.1101/2025.11.19.689394,yes,segmentation;proofreading;infrastructure;graph_analysis,,2025,sota,0,5,0,14,5,3,25,52,,,,,unproven_2025_low_inout
work_cca7664492c71a6f,2024,Topological communities in complex networks,,yes,infrastructure;graph_analysis,,2024,contemporary,0,2,1,16,2,0,25,44,,,,,contemporary_below_bar
work_cccecad214653fb7,2018,Sensorimotor integration in Caenorhabditis elegans: a reappraisal towards dynamic and distribut…,10.1098/rstb.2017.0371,yes,,elegans,2016–2018,history,5,1,37,54,6,1,78,72,yes,,,yes,history_milestone
work_cd1ed09029d2ef12,2016,Synaptic transmission parallels neuromodulation in a central food-intake circuit,10.1101/044990,yes,,fly,2016–2018,history,11,2,134,75,10,4,92,88,yes,,,yes,history_milestone
work_cd465daed14f5ff7,2016,Progress Towards Mammalian Whole-Brain Cellular Connectomics,10.3389/fnana.2016.00062,yes,preparation;acquisition;alignment,,2016–2018,history,7,25,41,54,13,9,84,80,yes,,,yes,history_milestone
work_cd86799292e61a9a,2010,Machines that learn to segment images: a crucial technology for connectomics.,10.1016/j.conb.2010.07.004,yes,segmentation,elegans,2010–2015,history,10,3,170,69,10,7,97,93,yes,,,yes,history_milestone
work_cda2a76c443e1ca4,2016,NeuroBlocks – Visual Tracking of Segmentation and Proofreading for Large Connectomics Projects,10.1109/tvcg.2015.2467441,yes,segmentation;proofreading;graph_analysis,,2016–2018,history,14,5,44,61,11,7,92,92,yes,,,yes,history_milestone
work_cdb7dbf4ec350268,2021,"Dopamine Neurons That Cotransmit Glutamate, From Synapses to Circuits to Behavior",10.3389/fncir.2021.665386,yes,,,2021,contemporary,1,1,41,80,2,1,54,47,,yes,,yes,contemporary_keep
work_cdc13855d8ed503c,2024,Whole-brain spatial organization of hippocampal single-neuron projectomes,10.1126/science.adj9198,yes,infrastructure;graph_analysis,mouse,2024,contemporary,3,0,101,97,3,3,67,79,,yes,,yes,contemporary_keep
work_ce03d570e1504336,2025,NeuroADDA: Active Discriminative Domain Adaptation in Connectomic,10.48550/arxiv.2503.06196,yes,segmentation;proofreading,,2025,sota,0,10,0,14,9,5,25,52,,,,,unproven_2025_low_inout
work_ce17e09a6e3fc0d4,2018,Cross-Species Evidence of Interplay Between Neural Connectivity at the Micro- and Macroscale of…,10.1089/brain.2018.0622,yes,proofreading;infrastructure,mouse,2016–2018,history,1,4,13,21,5,4,56,15,yes,,,yes,history_milestone
work_ce20d5febf49f18c,2022,Excessive local host-graft connectivity in aging and amyloid-loaded brain,10.1126/sciadv.abg9287,yes,proofreading,,2022,contemporary,0,1,8,49,1,0,25,31,,,,,contemporary_below_bar
work_ce404f1256e58715,2019,The hippocampus of birds in a view of evolutionary connectomics.,10.1016/j.cortex.2018.09.025,yes,,,2019,contemporary,0,0,55,77,0,0,25,16,,yes,,yes,contemporary_keep
work_ce654d123974b672,2020,Statistical analysis of unidirectional and reciprocal chemical connections in the C. elegans co…,10.1111/ejn.14988,yes,,elegans,2020,contemporary,0,3,0,4,3,0,25,20,,yes,,yes,contemporary_keep
work_ce7ad39365f63884,2013,neuroMAP — Interactive graph-visualization of the fruit fly's neural circuit,10.1109/biovis.2013.6664349,yes,infrastructure;graph_analysis,fly,2010–2015,history,2,0,35,36,2,1,64,9,,,,,history_below_bar
work_ce9aa9b4ba4b8580,2025,Benchmarking overlapping community detection methods for applications in human connectomics,10.1101/2025.03.19.643839,yes,,human,2025,sota,0,2,3,61,2,0,25,52,,,,,unproven_2025_low_inout
work_cea033bf4ba903e5,2021,Analyzing neural degeneration of the retina with connectomics,10.4103/1673-5374.314307,yes,sectioning,mouse,2021,contemporary,0,4,1,10,3,1,25,25,,yes,,yes,contemporary_keep
work_ceb66b1db1935fdb,2024,Predicting modular functions and neural coding of behavior from a synaptic wiring diagram,10.1038/s41593-024-01784-3,yes,graph_analysis;modeling,zebrafish,2024,contemporary,3,23,26,89,13,6,65,78,,yes,,yes,contemporary_keep
work_cf039181a3d3d12c,2026,Spatial synaptic regularization stabilizes learning across biological and artificial neural net…,10.64898/2026.06.29.735142,yes,infrastructure,human,2026,sota,0,6,0,35,5,2,25,61,,,yes,yes,sota_2026_out
work_cf9199d8b0ccf668,2011,High-accuracy neurite reconstruction for high-throughput neuroanatomy,10.1038/nn.2868,yes,preparation;acquisition;proofreading;graph_analysis,,2010–2015,history,27,1,291,83,13,9,98,96,yes,,,yes,history_milestone
work_cfa0e3eb48787eff,2019,Whole-animal connectomes of both Caenorhabditis elegans sexes,10.1038/s41586-019-1352-7,yes,graph_analysis,elegans,2019,contemporary,154,16,806,100,13,8,99,100,,yes,,yes,contemporary_keep
work_cffa3ab0187dba21,2020,An interactive ImageJ plugin for semi-automated image denoising in electron microscopy,10.1038/s41467-020-14529-0,yes,acquisition;segmentation,,2020,contemporary,0,2,45,77,2,0,25,20,,yes,,yes,contemporary_keep
work_d067523a41fd1ad1,2024,Comprehensive analysis of the C. elegans connectome reveals novel circuits and functions of pre…,10.1371/journal.pbio.3002939,yes,graph_analysis,elegans,2024,contemporary,5,12,12,72,10,5,82,85,,yes,,yes,contemporary_keep
work_d09866448cd69dbb,2023,Connectomic Networks and Their Impact on Clinical Outcomes in Glioma Treatment: A Review,10.1055/s-0043-1771214,yes,,,2023,contemporary,0,0,2,20,0,0,25,37,,,,,contemporary_below_bar
work_d0ba9a68d64263c4,2026,Random innervation of cerebellar Purkinje cells as a substrate for diverse representational lea…,10.64898/2026.06.26.734775,yes,infrastructure,,2026,sota,0,1,0,35,1,1,25,61,,,,,unproven_2026_low_out
work_d0cb089a1b552d5f,2021,A Transcriptome Community-and-Module Approach of the Human Mesoconnectome,10.3390/e23081031,yes,infrastructure;graph_analysis,,2021,contemporary,0,3,3,20,3,0,25,25,,yes,,yes,contemporary_keep
work_d11f10e5a23d117e,2026,Diffusion Model-Based Data Augmentation for Enhanced Neuron Segmentation,10.1109/isbi61048.2026.11515854,yes,segmentation;proofreading;infrastructure;graph_analysis,,2026,sota,0,3,0,35,3,0,25,61,,,yes,yes,sota_2026_out
work_d15b5cef0700394c,2025,Analyzing Large Connectome Graphs With BossDB Network Tools,10.1002/cpz1.70273,yes,infrastructure;graph_analysis,,2025,sota,1,12,1,36,10,8,67,77,,,,,unproven_2025_low_inout
work_d16238626e8fd436,2025,CeDNe: A multi-scale computational framework for modeling structure-function relationships in t…,10.1101/2025.11.03.683805,yes,infrastructure;graph_analysis;modeling,elegans,2025,sota,0,11,0,14,8,5,25,52,,,,,unproven_2025_low_inout
work_d17b4ee773b57bde,2015,Connectomics and graph theory analyses: Novel insights into network abnormalities in epilepsy,10.1111/epi.13133,yes,graph_analysis,,2010–2015,history,1,0,131,65,1,1,81,70,yes,,,yes,history_milestone
work_d184679749aabc6f,2021,Protocol for preparation of heterogeneous biological samples for 3D electron microscopy: a case…,10.1038/s41598-021-83936-0,yes,preparation;acquisition,,2021,contemporary,2,5,24,65,6,1,77,76,,yes,,yes,contemporary_keep
work_d1b5cbfd0840a3bb,2017,Optogenetic Mapping of Synaptic Connections in Mouse Brain Slices to Definethe Functional Conne…,10.21769/bioprotoc.2090,yes,,mouse,2016–2018,history,0,0,0,2,0,0,25,10,,,,,history_below_bar
work_d1dfe00be00c93cb,2018,Connectomics of the zebrafish's lateral-line neuromast reveals wiring and miswiring in a simple…,10.7554/elife.33988,yes,sectioning;acquisition,zebrafish,2016–2018,history,2,3,43,61,5,2,71,40,yes,,,yes,history_milestone
work_d1ee10513299706b,2021,Diffusion profile embedding as a basis for graph vertex similarity,10.1017/nws.2021.11,yes,preparation;graph_analysis,elegans;mouse,2021,contemporary,0,2,5,27,2,0,25,25,,,,,contemporary_below_bar
work_d1f2442f6d43b0fa,2024,Unambiguous identification of asymmetric and symmetric synapses using volume electron microscopy,10.3389/fnana.2024.1348032,yes,sectioning;acquisition,mouse,2024,contemporary,0,5,11,67,5,2,25,44,,yes,,yes,contemporary_keep
work_d21c268780bf38d6,2020,"Information flow, cell types and stereotypy in a full olfactory connectome",10.7554/elife.66018,yes,graph_analysis,fly,2020,contemporary,47,26,139,92,13,9,96,97,,yes,,yes,contemporary_keep
work_d2598eb05d29450d,2021,AxonEM Dataset: 3D Axon Instance Segmentation of Brain Cortical Regions,10.1007/978-3-030-87193-2_17,yes,segmentation;proofreading;graph_analysis,mouse,2021,contemporary,8,17,27,67,13,7,87,87,,yes,,yes,contemporary_keep
work_d26c30f893f6a134,2026,BioNIC: Biologically Inspired Neural Network for Image Classification Using Connectomics Princi…,10.48550/arxiv.2601.20876,yes,graph_analysis,mouse,2026,sota,0,5,0,35,5,5,25,61,,,yes,yes,sota_2026_out
work_d27171e633af746f,2022,"Igneous: Distributed dense 3D segmentation meshing, neuron skeletonization, and hierarchical do…",10.3389/fncir.2022.977700,yes,segmentation;proofreading;infrastructure,,2022,contemporary,7,8,17,65,12,8,75,78,,yes,,yes,contemporary_keep
work_d2abedfe2fe8e9a8,2015,The connectomics of brain disorders,10.1038/nrn3901,yes,graph_analysis,,2010–2015,history,6,1,1632,100,6,4,83,80,yes,,,yes,history_milestone
work_d2b5a656b5988a70,2022,PointNeuron: 3D Neuron Reconstruction via Geometry and Topology Learning of Point Clouds,10.1109/wacv56688.2023.00574,yes,segmentation;proofreading;infrastructure;graph_analysis,,2022,contemporary,1,0,15,62,1,1,51,34,,yes,,yes,contemporary_keep
work_d2c3bba07feec3fd,2025,Buried Treasure? Overlooked and Newly Discovered Evolutionary Contributions to Human Brain Dise…,10.1002/ana.78030,yes,infrastructure,,2025,sota,0,1,1,36,1,1,25,52,,,,,unproven_2025_low_inout
work_d2df514fdb3df8f0,2012,Volume electron microscopy for neuronal circuit reconstruction.,10.1016/j.conb.2011.10.022,yes,acquisition;graph_analysis,,2010–2015,history,29,2,359,94,13,9,97,96,yes,,,yes,history_milestone
work_d3260d4a80ed1193,2018,Cross-Classification Clustering: An Efficient Multi-Object Tracking Technique for 3-D Instance …,10.1109/cvpr.2019.00862,yes,segmentation,,2016–2018,history,20,17,41,59,13,9,92,91,yes,,,yes,history_milestone
work_d333aa68266feb1b,2018,Exploring early human brain development with structural and physiological neuroimaging,10.1016/j.neuroimage.2018.07.041,yes,graph_analysis,,2016–2018,history,0,0,148,89,0,0,25,13,yes,,,yes,history_milestone
work_d336a05923d05f7e,2021,Conserved Circuits for Direction Selectivity in the Primate Retina,10.1101/2021.07.21.453225,yes,preparation,other,2021,contemporary,1,3,23,64,4,3,51,29,,yes,,yes,contemporary_keep
work_d39313692b727a1c,2025,Whole-body connectome of a segmented annelid larva,10.1101/2024.03.17.585258,yes,segmentation;graph_analysis,other,2025,sota,5,25,20,93,13,6,70,81,,,yes,yes,sota_2025_out_and_in
work_d3a28ecbfb6e7ac0,2017,Methods to investigate the structure and connectivity of the nervous system,10.1080/19336934.2017.1295189,yes,graph_analysis,,2016–2018,history,1,5,13,22,6,5,74,28,yes,,,yes,history_milestone
work_d3be9b5edaedfc45,2018,A Survey of Methods for 3D Histology Reconstruction,10.1016/j.media.2018.02.004,yes,preparation;sectioning;alignment;graph_analysis,,2016–2018,history,0,1,184,91,1,1,25,13,yes,,,yes,history_milestone
work_d3cf22e003428382,2012,Statistical Inference on Errorfully Observed Graphs,10.1080/10618600.2014.951049,yes,graph_analysis,elegans,2010–2015,history,1,0,59,56,1,1,73,11,yes,,,yes,history_milestone
work_d3efc2c41f0790db,2016,3-dimensional electron microscopic imaging of the zebrafish olfactory bulb and dense reconstruc…,10.1038/sdata.2016.100,yes,preparation;sectioning;proofreading;graph_analysis,zebrafish,2016–2018,history,8,18,37,52,13,9,95,96,yes,,,yes,history_milestone
work_d4793789155c9aab,2021,"NEST Desktop, an Educational Application for Neuroscience",10.1523/eneuro.0274-21.2021,yes,graph_analysis;modeling,,2021,contemporary,1,1,13,46,2,1,56,35,,,,,contemporary_below_bar
work_d4b63535644c8a10,2015,Challenges of microtome‐based serial block‐face scanning electron microscopy in neuroscience,10.1111/jmi.12244,yes,preparation;sectioning;acquisition,,2010–2015,history,10,13,71,54,13,9,92,93,yes,,,yes,history_milestone
work_d4c66da026d7e292,2024,Hue selectivity from recurrent circuitry in Drosophila,10.1038/s41593-024-01640-4,yes,,fly,2024,contemporary,1,1,10,63,2,2,68,82,,yes,,yes,contemporary_keep
work_d504b1ae6a472164,2025,"A multisensory, bidirectional, valence encoder guides behavioral decisions",10.1101/2025.09.26.678749,yes,,fly,2025,sota,0,2,1,36,2,1,25,52,,,,,unproven_2025_low_inout
work_d50bcdbcd8489d51,2026,From homeostasis to credit assignment: a signed-XOR connectomic motif for local directional err…,10.64898/2026.06.05.730322,yes,alignment;proofreading;infrastructure;graph_analysis;modeling,elegans;fly;mouse,2026,sota,0,6,0,35,4,3,25,61,,,yes,yes,sota_2026_out
work_d54780d9b943a8b2,2016,Graph Theoretic and Motif Analyses of the Hippocampal Neuron Type Potential Connectome,10.1523/eneuro.0205-16.2016,yes,infrastructure;graph_analysis,,2016–2018,history,2,9,25,37,7,3,81,77,yes,,,yes,history_milestone
work_d552830c86eb491f,2019,Large Scale Image Segmentation with Structured Loss Based Deep Learning for Connectome Reconstr…,10.1109/tpami.2018.2835450,yes,sectioning;segmentation;graph_analysis,,2019,contemporary,52,2,226,97,13,7,97,98,,yes,,yes,contemporary_keep
work_d585630845101835,2024,Network statistics of the whole-brain connectome of Drosophila,10.1038/s41586-024-07968-y,yes,proofreading;graph_analysis,fly,2024,contemporary,1,23,11,67,13,8,62,77,,yes,,yes,contemporary_keep
work_d5b1332c20a5f502,2026,Neuropeptide visualization using split GFP in live C. elegans,10.1371/journal.pone.0355191,yes,,elegans,2026,sota,0,2,0,35,2,1,25,61,,,,,unproven_2026_low_out
work_d5c8af4726aacdfa,2022,The Concept of «Peritumoral Zone» in Diffuse Low-Grade Gliomas: Oncological and Functional Impl…,10.3390/brainsci12040504,yes,,,2022,contemporary,0,0,32,78,0,0,25,31,,yes,,yes,contemporary_keep
work_d5cff44a593c99cb,2026,Early life shifts in cortical inhibitory–excitatory balance underlies sensitive periods and ski…,10.3389/fncel.2026.1808258,yes,acquisition;infrastructure,,2026,sota,0,0,0,35,0,0,25,61,,,,,unproven_2026_low_out
work_d60ca2d1beaf845b,2007,Characterization and synaptic connectivity of melanopsin‐containing ganglion cells in the prima…,10.1111/j.1460-9568.2007.05924.x,yes,,other,2005–2009,history,1,0,130,50,1,0,65,1,yes,,,yes,history_milestone
work_d63621d00ed628b6,2011,Cell Type–Specific Three-Dimensional Structure of Thalamocortical Circuits in a Column of Rat V…,10.1093/cercor/bhr317,yes,graph_analysis,other,2010–2015,history,2,1,300,85,3,2,82,40,yes,,,yes,history_milestone
work_d63b7e8e8a10ac20,2017,Identified Serotonergic Modulatory Neurons Have Heterogeneous Synaptic Connectivity within the …,10.1523/jneurosci.0192-17.2017,yes,infrastructure,fly,2016–2018,history,2,1,41,52,3,1,63,18,yes,,,yes,history_milestone
work_d675c18cdf8bdc6a,2011,Modeling the Connectome of a Simple Spinal Cord,10.3389/fninf.2011.00020,yes,graph_analysis;modeling,elegans,2010–2015,history,1,0,25,27,1,0,56,2,,,,,history_below_bar
work_d6f28c58b5507fa3,2023,Chemical cognition: chemoconnectomics and convergent evolution of integrative systems in animals,10.1007/s10071-023-01833-7,yes,infrastructure,,2023,contemporary,0,13,3,28,10,6,25,37,,yes,,yes,contemporary_keep
work_d6f6ea59fbc7ea83,2025,Spatial and morphological organization of mitochondria in neurons across a connectome,10.1126/science.ads6674,yes,,fly,2025,sota,2,11,4,68,9,7,62,75,,,yes,yes,sota_2025_out_and_in
work_d778374ca7ad4ea7,2024,Discriminating neural ensemble patterns through dendritic computations in randomly connected fe…,10.1101/2024.05.20.595075,yes,modeling,other,2024,contemporary,0,3,2,23,3,0,25,44,,yes,,yes,contemporary_keep
work_d791a3e80f872b81,2025,Connectomic mapping of pharyngeal and gut sensory circuits in adult Drosophila,10.64898/2025.12.14.694216,yes,,fly,2025,sota,0,4,1,36,4,4,25,52,,,,,unproven_2025_low_inout
work_d79abd393dc91975,2023,Unpaired Image Enhancement for Neurite Segmentation in x-ray Tomography,10.1109/isbi53787.2023.10230381,yes,acquisition;segmentation;graph_analysis,,2023,contemporary,0,1,0,6,1,0,25,37,,,,,contemporary_below_bar
work_d803ce4772a77dc8,2024,Global Neuron Shape Reasoning with Point Affinity Transformers,10.1101/2024.11.24.625067,yes,preparation;segmentation;proofreading;infrastructure;graph_analysis,,2024,contemporary,8,20,11,67,13,8,78,82,,yes,,yes,contemporary_keep
work_d818ff83c362d839,2022,Imposing Connectome-Derived Topology on an Echo State Network,10.1109/ijcnn55064.2022.9892629,yes,graph_analysis,fly,2022,contemporary,2,0,9,53,2,2,75,74,,yes,,yes,contemporary_keep
work_d81e3f399756a9fe,2017,Morphological Error Detection in 3D Segmentations,,yes,segmentation,,2016–2018,history,6,5,29,39,11,8,86,88,yes,,,yes,history_milestone
work_d83cba345d7415bb,2025,Functional connectomics reveals general wiring rule in mouse visual cortex,10.1038/s41586-025-08840-3,yes,,mouse,2025,sota,8,8,81,100,10,6,78,87,,,yes,yes,sota_2025_out_and_in
work_d84d5d03b612cbd8,2020,Computing Temporal Sequences Associated With Dynamic Patterns on the C. elegans Connectome,10.3389/fnsys.2021.564124,yes,preparation;infrastructure;graph_analysis;modeling,elegans,2020,contemporary,0,15,4,21,8,1,25,20,,yes,,yes,contemporary_keep
work_d8788bf65765aa22,2021,Synaptic recognition molecules in development and disease,10.1016/bs.ctdb.2020.12.009,yes,synapses,mouse,2021,contemporary,0,1,18,56,1,0,25,25,,yes,,yes,contemporary_keep
work_d87e860e88894b04,2022,Circuit analysis of the Drosophila brain using connectivity-based neuronal classification revea…,10.1162/netn_a_00283,yes,preparation,fly,2022,contemporary,1,5,8,49,5,3,62,47,,yes,,yes,contemporary_keep
work_d8903c75ab0f5c33,2021,Sequential Semi-supervised Segmentation for Serial Electron Microscopy Image with Small Number …,10.1016/j.jneumeth.2021.109066,yes,sectioning;segmentation;proofreading,,2021,contemporary,1,1,15,51,2,1,51,28,,yes,,yes,contemporary_keep
work_d8a087d71b64daff,2026,Caenorhabditis elegans in neuroscience: from neural communication to neurodegenerative disease …,10.3389/fnagi.2026.1865186,yes,infrastructure,elegans,2026,sota,0,3,0,35,3,3,25,61,,,yes,yes,sota_2026_out
work_d8b2bfa158091c64,2023,Exploiting large neuroimaging datasets to create connectome-constrained approaches for more rob…,10.1117/12.2663901,yes,infrastructure;graph_analysis;modeling,fly,2023,contemporary,2,5,2,20,7,5,64,69,,yes,,yes,contemporary_keep
work_d8dbac1449fbb6d8,2013,A modeling framework for deriving the structural and functional architecture of a short-term me…,10.1016/j.neuron.2013.06.041,yes,infrastructure,,2010–2015,history,3,0,78,56,3,0,67,9,yes,,,yes,history_milestone
work_d8e0189ccce2bc1e,2026,Nervous system-wide single-cell morphology atlas of excitatory and inhibitory neurons in larval…,10.1101/2025.06.06.658008,yes,infrastructure;graph_analysis;modeling,zebrafish,2026,sota,2,0,5,97,2,2,62,78,,,yes,yes,sota_2026_in
work_d90ae797458f67e7,2025,VesiclePy: A machine learning vesicle analysis toolbox for volume electron microscopy,10.1101/2025.09.08.674799,yes,acquisition;segmentation;proofreading;graph_analysis,other,2025,sota,0,3,1,36,3,3,25,52,,,,,unproven_2025_low_inout
work_d90f43209def3e2b,2018,Structure-based Intensity Propagation for 3D Brain Reconstruction with Multilayer Section Micro…,10.1109/tmi.2018.2878488,yes,preparation,mouse,2016–2018,history,0,2,5,14,2,2,25,13,,,,,history_below_bar
work_d93655b739e2e89d,2015,A cellular and regulatory map of the cholinergic nervous system of C. elegans,10.7554/elife.12432,yes,preparation;graph_analysis,elegans,2010–2015,history,34,9,329,89,12,7,97,97,yes,,,yes,history_milestone
work_d954a4eb80000227,2022,Rapid reconstruction of neural circuits using tissue expansion and light sheet microscopy,10.7554/elife.81248,yes,,fly,2022,contemporary,11,17,34,81,13,8,89,90,,yes,,yes,contemporary_keep
work_d9d49941f0fd1f60,2018,Synaptic Cleft Segmentation in Non-Isotropic Volume Electron Microscopy of the Complete Drosoph…,10.1007/978-3-030-00934-2_36,yes,acquisition;segmentation;proofreading;synapses,fly,2016–2018,history,15,10,104,86,13,9,91,90,yes,,,yes,history_milestone
work_d9d5c34144dd335b,2021,What connectomics can learn from genomics,10.1371/journal.pgen.1009692,yes,infrastructure,mouse,2021,contemporary,0,6,4,23,6,3,25,25,,yes,,yes,contemporary_keep
work_da35586ff18e6e97,2013,The Open Connectome Project Data Cluster: Scalable Analysis and Vision for High-Throughput Neur…,10.1145/2484838.2484870,yes,proofreading;infrastructure,,2010–2015,history,19,5,63,49,11,8,98,98,yes,,,yes,history_milestone
work_da9bb861ea28c94b,2019,Neuronal cell types in the fly: single-cell anatomy meets single-cell genomics.,10.1016/j.conb.2018.12.012,yes,graph_analysis,fly,2019,contemporary,7,4,62,83,9,4,86,84,,yes,,yes,contemporary_keep
work_daa2fa8d0d038ecd,2024,Descending control and regulation of spontaneous flight turns in Drosophila,10.1016/j.cub.2023.12.047,yes,graph_analysis,fly,2024,contemporary,0,4,12,72,4,4,25,44,,yes,,yes,contemporary_keep
work_dac06fc9ca941af4,2025,HiPerMotif: Novel Parallel Subgraph Isomorphism in Large-Scale Property Graphs,10.1109/hpec67600.2025.11196090,yes,infrastructure;graph_analysis,human,2025,sota,0,3,1,36,3,3,25,52,,,,,unproven_2025_low_inout
work_dac6806b697ff0a2,2015,Possum—A Framework for Three-Dimensional Reconstruction of Brain Images from Serial Sections,10.1007/s12021-015-9286-1,yes,sectioning;alignment;infrastructure,,2010–2015,history,0,2,32,32,2,2,25,6,,,,,history_below_bar
work_db01207f4943cee6,2021,The organization of the zebrafish pallium from a hodological perspective,10.1002/cne.25268,yes,proofreading;graph_analysis,zebrafish,2021,contemporary,0,1,35,77,1,0,25,25,,yes,,yes,contemporary_keep
work_db1ba00589bc095a,2026,Connectomic evidence that ordered activity drives neuromuscular network formation,10.1038/s41593-026-02344-7,yes,,mouse,2026,sota,0,2,0,35,2,2,25,61,,,,,unproven_2026_low_out
work_db6e1fc5db501b2d,2017,Generating Executable Models of the Drosophila Central Complex,10.3389/fnbeh.2017.00102,yes,,fly,2016–2018,history,0,1,14,23,1,1,25,10,,,,,history_below_bar
work_db7575694236a1d7,2025,ConnectomeBench: Can LLMs Proofread the Connectome?,10.48550/arxiv.2511.05542,yes,segmentation;proofreading;graph_analysis,fly,2025,sota,1,8,2,51,9,7,52,66,,,,,unproven_2025_low_inout
work_db966a0bb6433a32,2024,Decomposing cortical activity through neuronal tracing connectome-eigenmodes in marmosets,10.1038/s41467-024-46651-8,yes,proofreading;graph_analysis,other,2024,contemporary,0,2,11,67,2,1,25,44,,yes,,yes,contemporary_keep
work_dba0d0b696c23844,2020,Synaptic polarity and sign-balance prediction using gene expression data in the Caenorhabditis …,10.1371/journal.pcbi.1007974,yes,graph_analysis,elegans,2020,contemporary,10,13,26,59,9,5,84,83,,yes,,yes,contemporary_keep
work_dbbbdb49a3ef71f8,2026,Sexual dimorphism in the nervous system: Three principles from the nematode C. elegans,10.1016/j.conb.2026.103175,yes,infrastructure;graph_analysis,elegans,2026,sota,0,3,1,77,3,2,25,61,,,yes,yes,sota_2026_out
work_dbd4531530e79a48,2014,"Motif-Role-Fingerprints: The Building-Blocks of Motifs, Clustering-Coefficients and Transitivit…",10.1371/journal.pone.0114503,yes,graph_analysis,,2010–2015,history,1,4,21,38,4,2,52,5,yes,,,yes,history_milestone
work_dc3bb8105fafef02,2022,Connectomic analysis of the Drosophila lateral neuron clock cells reveals the synaptic basis of…,10.1101/2022.03.02.482743,yes,graph_analysis,fly,2022,contemporary,5,4,58,89,6,5,82,82,,yes,,yes,contemporary_keep
work_dc4993b941bc6e35,2019,Leveraging Domain Knowledge to Improve Microscopy Image Segmentation With Lifted Multicuts,10.3389/fcomp.2019.00006,yes,segmentation;proofreading;graph_analysis,,2019,contemporary,3,6,21,47,8,6,74,69,,yes,,yes,contemporary_keep
work_dc636942ecf1da4b,2021,Efficient and Accurate Synapse Detection With Selective Structured Illumination Microscopy on t…,10.3389/fnana.2021.759816,yes,preparation;sectioning;synapses;graph_analysis,mouse,2021,contemporary,0,2,6,31,2,1,25,25,,,,,contemporary_below_bar
work_dcd4de5eef9c2d99,2024,Homogenized $\textit{C. elegans}$ Neural Activity and Connectivity Data,,yes,proofreading;graph_analysis,elegans,2024,contemporary,0,6,0,7,5,2,25,44,,yes,,yes,contemporary_keep
work_dcd88e990cc33de5,2023,Neural circuit regulation by identified modulatory projection neurons,10.3389/fnins.2023.1154769,yes,,,2023,contemporary,0,2,6,44,2,0,25,37,,,,,contemporary_below_bar
work_dd4a631420d19510,2006,Synaptic connectivity in the midget‐parvocellular pathway of primate central retina,10.1002/cne.20804,yes,,other,2005–2009,history,3,0,63,23,3,0,87,78,yes,,,yes,history_milestone
work_dd535adbc096d82f,2025,The songbird basal ganglia connectome,10.1101/2025.10.25.684569,yes,proofreading,other,2025,sota,1,8,2,51,8,4,63,78,,,,,unproven_2025_low_inout
work_dd660fdf69e31563,2022,Computational Inference of Synaptic Polarities in Neuronal Networks,10.1002/advs.202104906,yes,,elegans,2022,contemporary,1,7,7,45,7,3,59,48,,yes,,yes,contemporary_keep
work_dd76efe78afe7f10,2015,Flow-Based Network Analysis of the Caenorhabditis elegans Connectome,10.1371/journal.pcbi.1005055,yes,graph_analysis,elegans,2010–2015,history,5,6,67,52,6,3,87,83,yes,,,yes,history_milestone
work_ddf7c8ffd5f4396b,2014,Neuronal connectome of a sensory-motor circuit for visual navigation,10.7554/elife.02730,yes,sectioning;acquisition;graph_analysis,other,2010–2015,history,28,4,106,78,13,9,97,97,yes,,,yes,history_milestone
work_ddf9e040f87db575,2012,Computational Methods and Challenges for Large-Scale Circuit Mapping,10.1016/j.conb.2011.11.010,yes,segmentation;infrastructure;graph_analysis,mouse,2010–2015,history,1,1,76,59,2,1,57,4,yes,,,yes,history_milestone
work_de1e49d97a9a4436,2015,Efficient Semi-Automatic 3D Segmentation for Neuron Tracing in Electron Microscopy Images,10.1016/j.jneumeth.2015.03.005,yes,acquisition;segmentation;proofreading,,2010–2015,history,5,7,19,26,7,6,86,81,yes,,,yes,history_milestone
work_de4d7cf37dfad297,2018,Multi-Beam Scanning Electron Microscopy for High-Throughput Imaging in Connectomics Research,10.3389/fnana.2018.00112,yes,preparation;sectioning;acquisition;graph_analysis,mouse,2016–2018,history,14,20,49,69,13,9,92,90,yes,,,yes,history_milestone
work_de68efd39b87d510,2020,Geometric framework to predict structure from function in neural networks,10.1103/physrevresearch.4.023255,yes,infrastructure;graph_analysis,,2020,contemporary,1,3,27,62,4,2,60,34,,yes,,yes,contemporary_keep
work_de69d8974ed67b3a,2019,Serial block face scanning electron microscopy in cell biology: Applications and technology.,10.1016/j.tice.2018.08.011,yes,sectioning;acquisition;graph_analysis,,2019,contemporary,3,4,56,80,6,4,71,34,,yes,,yes,contemporary_keep
work_de90f3f542a40fe0,2019,Correlated states in balanced neuronal networks.,10.1103/physreve.99.052414,yes,,,2019,contemporary,1,0,23,51,1,0,63,40,,yes,,yes,contemporary_keep
work_dea4521ee619918d,2021,PyTorch Connectomics: A Scalable and Flexible Segmentation Framework for EM Connectomics,,yes,segmentation;proofreading;synapses;infrastructure,,2021,contemporary,21,13,37,78,13,7,93,93,,yes,,yes,contemporary_keep
work_debbc351f815dcdc,2011,Potential Synaptic Connectivity of Different Neurons onto Pyramidal Cells in a 3D Reconstructio…,10.3389/fninf.2011.00005,yes,preparation;proofreading,other,2010–2015,history,0,1,37,37,1,1,25,1,,,,,history_below_bar
work_defa2a69fe777671,2018,Volumetric reconstruction of main Caenorhabditis elegans neuropil at two different time points,10.1101/485771,yes,sectioning;graph_analysis,elegans,2016–2018,history,3,1,18,31,4,1,75,48,yes,,,yes,history_milestone
work_df04a73501872e4e,2023,The cellular architecture of memory modules in Drosophila supports stochastic input integration,10.7554/elife.77578,yes,infrastructure;modeling,fly,2023,contemporary,0,4,3,28,4,3,25,37,,yes,,yes,contemporary_keep
work_df0e17331735c8e8,2023,ViMO - Visual Analysis of Neuronal Connectivity Motifs,10.1101/2022.12.09.519772,yes,graph_analysis,fly,2023,contemporary,3,20,16,75,13,9,61,68,,yes,,yes,contemporary_keep
work_df48e1069956b586,2024,Mapping of Multiple Neurotransmitter Receptor Subtypes and Distinct Protein Complexes to the Co…,10.1016/j.neuron.2023.12.014,yes,graph_analysis,fly,2024,contemporary,3,11,13,75,10,6,78,82,,yes,,yes,contemporary_keep
work_df634905a7230317,2021,Symmetry-driven network reconstruction through pseudobalanced coloring optimization,10.1088/1742-5468/ac7a26,yes,graph_analysis,elegans,2021,contemporary,1,2,7,35,3,1,60,47,,yes,,yes,contemporary_keep
work_dfec357d43d6ed5e,2020,Massive Data Management and Sharing Module for Connectome Reconstruction,10.3390/brainsci10050314,yes,segmentation;infrastructure,,2020,contemporary,0,22,4,21,13,0,25,20,,yes,,yes,contemporary_keep
work_e00a7fb6feedbf91,2016,A platform for brain-wide imaging and reconstruction of individual neurons,10.7554/elife.10566,yes,infrastructure,mouse,2016–2018,history,6,1,392,94,6,4,79,72,yes,,,yes,history_milestone
work_e0129a80e8df81ba,2019,Serial-section electron microscopy using Automated Tape-Collecting Ultramicrotome (ATUM),10.1016/bs.mcb.2019.04.004,yes,sectioning;acquisition,mouse,2019,contemporary,9,4,59,81,6,4,90,92,,yes,,yes,contemporary_keep
work_e0262b9bd70f1d77,2022,In vivo extracellular recordings of thalamic and cortical visual responses reveal V1 connectivi…,10.1073/pnas.2207032119,yes,graph_analysis,mouse,2022,contemporary,1,1,7,45,2,1,70,77,,,,,contemporary_below_bar
work_e0314a9ff9b02748,2023,Lineages to circuits: the developmental and evolutionary architecture of information channels i…,10.1007/s00359-023-01616-y,yes,,fly,2023,contemporary,2,6,26,85,7,5,74,75,,yes,,yes,contemporary_keep
work_e041f1f1b056645a,2023,A Novel Semi-automated Proofreading and Mesh Error Detection Pipeline for Neuron Extension,10.1101/2023.10.20.563359,yes,segmentation;proofreading;infrastructure,,2023,contemporary,6,14,7,51,12,8,76,79,,yes,,yes,contemporary_keep
work_e0545291b21b26cf,2021,Local and long-distance organization of prefrontal cortex circuits in the marmoset brain,10.1016/j.neuron.2023.04.028,yes,,other,2021,contemporary,1,2,54,86,2,1,81,80,,yes,,yes,contemporary_keep
work_e0e81619d590d5f9,2015,Chimera-like States in Modular Neural Networks,10.1038/srep19845,yes,modeling,elegans,2010–2015,history,1,1,183,74,2,0,63,11,yes,,,yes,history_milestone
work_e0e948e508cda1e4,2017,Suggestive Annotation: A Deep Active Learning Framework for Biomedical Image Segmentation,10.1007/978-3-319-66179-7_46,yes,segmentation;proofreading;infrastructure,,2016–2018,history,0,1,565,96,1,1,25,10,yes,,,yes,history_milestone
work_e0fcd7be8bddea39,2025,A dynamic bifurcation mechanism explains cortex-wide neural correlates of conscious access.,10.1016/j.celrep.2025.115372,yes,preparation;infrastructure;graph_analysis;modeling,other,2025,sota,1,0,18,91,1,1,70,78,,,,,unproven_2025_low_inout
work_e143e75aec23746b,2025,Rethinking scale in network neuroscience: Contributions and opportunities at the nanoscale,,yes,proofreading;graph_analysis;modeling,,2025,sota,1,25,2,51,13,8,54,68,,,,,unproven_2025_low_inout
work_e1c8eaf7bf908172,2023,ElegansNet: a brief scientific report and initial experiments,10.1101/2023.04.23.537987,yes,proofreading;graph_analysis,elegans,2023,contemporary,0,7,2,20,4,2,25,37,,yes,,yes,contemporary_keep
work_e1dcb9a05897ad2e,2021,Interpreting the Entire Connectivity of Individual Neurons in Micropatterned Neural Culture Wit…,10.3389/fnana.2021.746057,yes,graph_analysis,,2021,contemporary,0,2,10,40,2,0,25,25,,,,,contemporary_below_bar
work_e22e48c40029af5d,2026,Hidden symmetries in network connectivity support ring attractor dynamics in the fly’s neural c…,10.64898/2026.05.18.725766,yes,preparation;infrastructure;graph_analysis,fly,2026,sota,0,5,0,35,5,5,25,61,,,yes,yes,sota_2026_out
work_e2593bdd7b62aca2,2023,msemalign: a pipeline for serial section multibeam scanning electron microscopy volume alignment,10.3389/fnins.2023.1281098,yes,sectioning;acquisition;alignment;graph_analysis,mouse,2023,contemporary,1,11,6,44,10,4,56,48,,yes,,yes,contemporary_keep
work_e2add1edf5ce4563,2020,Multilayer network analysis of C. elegans: Looking into the locomotory circuitry,10.1016/j.neucom.2020.11.015,yes,graph_analysis,elegans,2020,contemporary,5,10,23,56,7,2,80,80,,yes,,yes,contemporary_keep
work_e2ae1abc294095e6,2008,From Structure to Function: Mapping the Connection Matrix of the Human Brain,10.1371/journal.pbio.0060164,yes,graph_analysis,human,2005–2009,history,0,0,11,10,0,0,25,0,,,,,history_below_bar
work_e2f25ee5bf2bee47,2025,Comparative connectomics of Drosophila descending and ascending neurons,10.1038/s41586-025-08925-z,yes,proofreading,fly,2025,sota,11,17,28,96,12,9,85,89,,,yes,yes,sota_2025_out_and_in
work_e2f8e06c9049f5f3,2020,"The natverse, a versatile toolbox for combining and analysing neuroanatomical data",10.7554/elife.53350,yes,alignment;infrastructure;graph_analysis,fly,2020,contemporary,24,10,173,93,13,9,94,96,,yes,,yes,contemporary_keep
work_e30a6d4c2698e359,2018,A Disinhibitory Circuit Motif and Flexible Information Routing in the Brain,10.1016/j.conb.2018.01.002,yes,graph_analysis,,2016–2018,history,1,1,92,82,2,1,70,23,yes,,,yes,history_milestone
work_e31c5d57379f200a,2023,The Intrinsic Similarity of Topological Structure in Biological Neural Networks,10.1109/tcbb.2023.3279443,yes,graph_analysis,elegans;fly,2023,contemporary,0,6,4,35,5,1,25,37,,yes,,yes,contemporary_keep
work_e323a05fc48f61c0,2020,Reconstruction of motor control circuits in adult Drosophila using automated transmission elect…,10.1101/2020.01.10.902478,yes,sectioning;acquisition,fly,2020,contemporary,27,7,239,96,13,9,92,92,,yes,,yes,contemporary_keep
work_e3277619bfed476c,2019,Mapping brain asymmetry in health and disease through the ENIGMA consortium,10.1002/hbm.25033,yes,,,2019,contemporary,2,0,174,95,2,0,80,79,,yes,,yes,contemporary_keep
work_e38ae195f332be66,2023,Mapping of Neuronal and Glial Primary Cilia Contactome and Connectome in the Human Cerebral Cor…,10.1016/j.neuron.2023.09.032,yes,sectioning,human,2023,contemporary,2,0,70,97,2,2,77,76,,yes,,yes,contemporary_keep
work_e38ce8eb753d5588,2016,FusionNet: A Deep Fully Residual Convolutional Neural Network for Image Segmentation in Connect…,10.3389/fcomp.2021.613981,yes,segmentation;infrastructure,,2016–2018,history,16,16,274,89,12,9,92,87,yes,,,yes,history_milestone
work_e3992b6f698e0c1a,2019,Pathoconnectome Analysis of Müller Cells in Early Retinal Remodeling,10.1007/978-3-030-27378-1_60,yes,infrastructure,mouse,2019,contemporary,2,1,14,39,3,1,66,55,,yes,,yes,contemporary_keep
work_e3fe7b657f85f0ee,2020,Accelerated EM Connectome Reconstruction using 3D Visualization and Segmentation Graphs,10.1101/2020.01.17.909572,yes,segmentation;proofreading;synapses;graph_analysis,,2020,contemporary,9,7,10,36,12,6,89,94,,yes,,yes,contemporary_keep
work_e4159e66a30cf379,2016,"Vulnerability-Based Critical Neurons, Synapses, and Pathways in the Caenorhabditis elegans Conn…",10.1371/journal.pcbi.1005084,yes,graph_analysis,elegans,2016–2018,history,11,6,20,33,9,3,88,86,yes,,,yes,history_milestone
work_e4bc57c6de51abe9,2021,Altered synaptic connectivity and brain function in mice lacking microglial adapter protein Iba1,10.1101/2021.04.23.441023,yes,,,2021,contemporary,0,0,78,91,0,0,25,25,,yes,,yes,contemporary_keep
work_e4ccbb28296db5fd,2018,A Single-Cell Level and Connectome-Derived Computational Model of the Drosophila Brain,10.3389/fninf.2018.00099,yes,infrastructure;modeling,fly,2016–2018,history,5,7,26,45,7,4,83,81,yes,,,yes,history_milestone
work_e4ddb9363ec5d96d,2021,A quick and versatile protocol for the 3D visualization of transgene expression across the whol…,10.1080/01677063.2021.1892096,yes,infrastructure,fly,2021,contemporary,1,2,8,37,3,1,59,47,,yes,,yes,contemporary_keep
work_e537b8e00c039417,2020,Light microscopy based approach for mapping connectivity with molecular specificity,10.1038/s41467-020-18422-8,yes,preparation,,2020,contemporary,9,8,48,79,12,7,85,84,,yes,,yes,contemporary_keep
work_e55d932cde0c77af,2021,Connectomes across development reveal principles of brain maturation,10.1038/s41586-021-03778-8,yes,sectioning,elegans,2021,contemporary,119,20,395,100,13,8,98,99,,yes,,yes,contemporary_keep
work_e5648adb68d2b733,2017,Multichannel activity propagation across an engineered axon network,10.1088/1741-2552/aa5ccd,yes,,,2016–2018,history,0,4,15,25,4,3,25,10,yes,,,yes,history_milestone
work_e582425de06520de,2017,Exclusive functional subnetworks of intracortical projections neurons in primary visual cortex,10.1101/153247,yes,synapses,,2016–2018,history,0,1,3,8,1,1,25,10,,,,,history_below_bar
work_e5e95009073d075b,2019,Neuronal cell types in the annelid Platynereis dumerilii.,10.1016/j.conb.2018.12.008,yes,,elegans;other,2019,contemporary,1,4,15,42,5,4,66,67,,yes,,yes,contemporary_keep
work_e637eb4dddea0bfc,2020,Rapid mesoscale volumetric imaging of neural activity with synaptic resolution,10.1038/s41592-020-0760-9,yes,,mouse,2020,contemporary,1,0,124,90,1,1,74,76,,yes,,yes,contemporary_keep
work_e658e86f777c36d3,2024,Connectome-constrained networks predict neural activity across the fly visual system,10.1038/s41586-024-07939-3,yes,modeling,fly,2024,contemporary,17,3,113,97,11,8,87,92,,yes,,yes,contemporary_keep
work_e68322887b81111b,2021,Sparse imaging and reconstruction tomography for high-speed high-resolution whole-brain imaging,10.1016/j.crmeth.2021.100089,yes,graph_analysis,mouse,2021,contemporary,0,1,10,40,1,0,25,25,,,,,contemporary_below_bar
work_e69d67566d2e09de,2018,A Proposed Mechanism for Spontaneous Transitions between Interictal and Ictal Activity,10.1523/jneurosci.0719-17.2018,yes,preparation;modeling,,2016–2018,history,0,1,18,31,1,1,25,13,,,,,history_below_bar
work_e6ba1120353d949e,2018,Tracing in 2D to Reduce the Annotation Effort for 3D Deep Delineation,10.1016/j.media.2019.101590,yes,proofreading;infrastructure;graph_analysis,mouse,2016–2018,history,0,1,24,43,1,1,25,13,,,,,history_below_bar
work_e6d146b81f25027a,2026,Cross-species evidence for a developmental origin of adult hypersomnia with loss of synaptic ad…,10.1038/s41467-026-68343-1,yes,,fly,2026,sota,0,2,0,35,2,2,25,61,,,,,unproven_2026_low_out
work_e6d2fbd781fb7769,2020,Excitatory and inhibitory L2/3 neurons in mouse primary visual cortex are balanced in their inp…,10.1101/2020.04.21.053504,yes,segmentation,mouse,2020,contemporary,0,1,2,14,1,0,25,20,,,,,contemporary_below_bar
work_e70f6ec0a66ccab2,2017,Connectomics of extrasynaptic signalling: applications to the nervous system of Caenorhabditis …,10.17863/cam.16873,yes,graph_analysis,elegans,2016–2018,history,1,0,2,6,1,0,63,18,,,,,history_below_bar
work_e72522d83aedc294,2014,From cosmos to connectomes: the evolution of data-intensive science.,10.1016/j.neuron.2014.08.045,yes,infrastructure,,2010–2015,history,2,1,21,38,3,3,78,77,yes,,,yes,history_milestone
work_e7676ec5b393ef86,2020,Sparse Scanning Electron Microscopy Data Acquisition and Deep Neural Networks for Automated Seg…,10.1017/s1431927620001361,yes,acquisition;segmentation;modeling,,2020,contemporary,3,2,10,36,3,2,80,75,,yes,,yes,contemporary_keep
work_e76e6d50da9f6a6c,2025,A complex network-based approach to detect and investigate connectome motifs in the larval Dros…,10.1016/j.compbiomed.2025.110135,yes,graph_analysis,fly,2025,sota,0,3,1,36,3,2,25,52,,,,,unproven_2025_low_inout
work_e7c74c02d0c73cf1,2016,Connectomics at cellular precision,10.1007/s13295-016-0030-6,yes,,,2016–2018,history,1,4,2,11,5,4,59,11,yes,,,yes,history_milestone
work_e7eced2fd69b5614,2025,A connectomics-driven analysis reveals novel characterization of border regions in mouse visual…,10.1101/2024.05.24.595837,yes,infrastructure,mouse,2025,sota,0,5,0,14,5,5,25,52,,,,,unproven_2025_low_inout
work_e8008cd9a116e028,2022,A set of hub neurons and non-local connectivity features support global brain dynamics in C. el…,10.1016/j.cub.2022.06.039,yes,graph_analysis,,2022,contemporary,20,28,56,88,13,8,89,91,,yes,,yes,contemporary_keep
work_e800b66bb72f8f5f,2018,Cellular switches orchestrate rhythmic circuits,10.1007/s00422-018-0778-6,yes,graph_analysis,,2016–2018,history,1,0,24,43,1,0,75,71,,,,,history_below_bar
work_e8314ab1e0afa564,2020,Learning the architectural features that predict functional similarity of neural networks,10.1101/2020.04.27.057752,yes,graph_analysis;modeling,,2020,contemporary,3,3,16,44,6,4,65,40,,yes,,yes,contemporary_keep
work_e83e978ac3897c2f,2026,NTAC: Neuronal type assignment from connectivity,10.1038/s41467-025-68044-1,yes,infrastructure;graph_analysis,fly,2026,sota,1,7,3,94,8,8,55,73,,,yes,yes,sota_2026_out
work_e84e63b37ea89c53,2022,"RealNeuralNetworks.jl: An Integrated Julia Package for Skeletonization, Morphological Analysis,…",10.3389/fninf.2022.828169,yes,segmentation;proofreading;synapses;infrastructure,zebrafish,2022,contemporary,0,5,3,23,5,2,25,31,,yes,,yes,contemporary_keep
work_e84ef641502e9841,2018,Robust neural circuit reconstruction from serial electron microscopy with convolutional recurre…,,yes,segmentation,,2016–2018,history,2,14,16,24,11,7,76,78,yes,,,yes,history_milestone
work_e8901c84d913a8ca,2025,Infrequent strong connections constrain connectomic predictions of neuronal function,10.1101/2025.03.06.641774,yes,,fly,2025,sota,1,20,13,88,13,8,54,69,,,,,unproven_2025_low_inout
work_e8cebe37a51009b5,2021,Establishment and Maintenance of Neural Circuit Architecture,10.1523/jneurosci.1143-20.2020,yes,,,2021,contemporary,1,14,19,58,7,3,76,73,,yes,,yes,contemporary_keep
work_e8d35ac175deabda,2026,Flexible circuits for visually guided flight control in Drosophila.,10.1016/j.tins.2025.12.005,yes,,fly,2026,sota,0,7,2,89,7,5,25,61,,,yes,yes,sota_2026_out
work_e906fb28bca81676,2022,Mating-driven variability in olfactory local interneuron wiring,10.1126/sciadv.abm7723,yes,,,2022,contemporary,2,3,11,54,5,4,76,79,,yes,,yes,contemporary_keep
work_e91f8fec13f96681,2019,Fluorescence-Based Quantitative Synapse Analysis for Cell Type-Specific Connectomics,10.1523/eneuro.0193-19.2019,yes,alignment,mouse,2019,contemporary,1,1,31,61,2,1,60,29,,yes,,yes,contemporary_keep
work_e92887424b019d71,2021,Denoising-based Image Compression for Connectomics,10.1101/2021.05.29.445828,yes,,mouse,2021,contemporary,1,1,11,43,2,2,63,47,,,,,contemporary_below_bar
work_e967f552dce67b5b,2011,Automated Detection and Segmentation of Synaptic Contacts in Nearly Isotropic Serial Electron M…,10.1371/journal.pone.0024899,yes,sectioning;acquisition;segmentation;proofreading,,2010–2015,history,10,2,148,66,9,8,96,93,yes,,,yes,history_milestone
work_e9d8ca26efe55228,2024,A recurrent neural circuit in Drosophila temporally sharpens visual inputs,10.1016/j.cub.2024.11.064,yes,graph_analysis,fly,2024,contemporary,1,3,6,50,4,3,53,56,,yes,,yes,contemporary_keep
work_ea2cf10c91de2f4e,2021,Goodness of fit for log-linear ERGMs,,yes,graph_analysis,elegans,2021,contemporary,0,2,3,20,2,0,25,25,,,,,contemporary_below_bar
work_ea8522586569e367,2017,A connectomic approach to the lateral geniculate nucleus,10.1017/s0952523817000116,yes,graph_analysis,mouse,2016–2018,history,0,3,2,6,3,3,25,10,yes,,,yes,history_milestone
work_eada8ed09ddd9307,2018,Methods for Mapping Neuronal Activity to Synaptic Connectivity: Lessons From Larval Zebrafish,10.3389/fncir.2018.00089,yes,graph_analysis,zebrafish,2016–2018,history,1,5,11,20,6,4,85,91,yes,,,yes,history_milestone
work_eb7a08eefe6aa87f,2015,An algorithm to predict the connectome of neural microcircuits,10.3389/fncom.2015.00120,yes,infrastructure,,2010–2015,history,8,1,119,62,6,4,95,95,yes,,,yes,history_milestone
work_eb8b627996721a7c,2015,Neuroinformatics of the Allen Mouse Brain Connectivity Atlas.,10.1016/j.ymeth.2014.12.013,yes,infrastructure,mouse,2010–2015,history,0,2,184,75,2,2,25,6,yes,,,yes,history_milestone
work_eb960daf190dabc6,2019,Inhibiting mGluR5 activity by AFQ056/Mavoglurant rescues circuit‐specific functional connectivi…,10.1016/j.neuroimage.2019.02.051,yes,graph_analysis,,2019,contemporary,0,2,25,57,2,2,25,16,,yes,,yes,contemporary_keep
work_ec0d16c2c9384c0f,2016,Patterns and distribution of presynaptic and postsynaptic elements within serial electron micro…,10.1002/cne.24120,yes,sectioning;acquisition;synapses;graph_analysis,,2016–2018,history,3,18,11,24,13,9,73,28,yes,,,yes,history_milestone
work_ec203e98203cd559,2025,Olfactory Testing and Gray Matter Volume: A Combined Approach to Predict the Conversion to Alzh…,10.3390/brainsci15030310,yes,,,2025,sota,0,0,3,61,0,0,25,52,,,,,unproven_2025_low_inout
work_ec28dff4b068dacf,2023,Self-Organized Criticality in C. Elegans Neural Network,10.23919/ccc58697.2023.10240396,yes,graph_analysis;modeling,elegans,2023,contemporary,0,3,0,6,3,1,25,37,,yes,,yes,contemporary_keep
work_ecc5f261115a2fe0,2021,Architectures of Neuronal Circuits,10.1126/science.abg7285,yes,proofreading;infrastructure;graph_analysis;modeling,,2021,contemporary,1,3,357,99,4,2,60,40,,yes,,yes,contemporary_keep
work_eccb631270c7418f,2014,Focused Proofreading: Efficiently Extracting Connectomes from Segmented EM Images,,yes,segmentation;proofreading,,2010–2015,history,3,4,16,32,7,7,90,90,yes,,,yes,history_milestone
work_ed43e8259dc6cab9,2019,En bloc preparation of Drosophila brains enables high-throughput FIB-SEM connectomics,10.1101/855130,yes,preparation;sectioning;acquisition;segmentation;synapses,fly,2019,contemporary,14,17,22,49,13,9,91,93,,yes,,yes,contemporary_keep
work_ed758019e16d0616,2025,AI-driven Large-scale Electron Microscopy enables Whole-tissue Subcellular Digitization,,yes,infrastructure,,2025,sota,0,2,0,14,2,2,25,52,,,,,unproven_2025_low_inout
work_ee2750c4719d6ebb,2025,"Assemblies, synapse clustering, and network topology interact with plasticity to explain struct…",10.1101/2023.08.07.552264,yes,graph_analysis;modeling,mouse,2025,sota,1,13,9,84,5,3,63,76,,,,,unproven_2025_low_inout
work_ee4535711d4eeb37,2016,Fully-Automatic Synapse Prediction and Validation on a Large Data Set,10.3389/fncir.2018.00087,yes,segmentation;proofreading;synapses,,2016–2018,history,36,11,55,65,13,9,96,96,yes,,,yes,history_milestone
work_ee5b7f908c56d881,2021,Functional connectomics spanning multiple areas of mouse visual cortex,10.1038/s41586-025-08790-w,yes,proofreading;graph_analysis,mouse,2021,contemporary,126,37,394,99,13,9,99,99,,yes,,yes,contemporary_keep
work_ee63135ebdac98b8,2022,Rewarding Capacity of Optogenetically Activating a Giant GABAergic Central-Brain Interneuron in…,10.1101/2022.12.19.521052,yes,,fly,2022,contemporary,2,10,4,28,8,5,70,71,,yes,,yes,contemporary_keep
work_eef15d36f4fa729e,2025,Synaptic MEMOIR: mapping individual synapses of neurons with protein barcodes,10.1101/2025.11.25.690442,yes,proofreading;infrastructure;graph_analysis,fly,2025,sota,0,4,0,14,4,3,25,52,,,,,unproven_2025_low_inout
work_ef1b30a572169947,2019,Hierarchies & Lower Bounds in Theoretical Connectomics,10.1101/559260,yes,infrastructure,,2019,contemporary,0,3,1,7,3,3,25,16,,yes,,yes,contemporary_keep
work_ef2fffba97b01cff,2005,Neurogeometry and potential synaptic connectivity.,10.1016/j.tins.2005.05.006,yes,infrastructure,,2005–2009,history,5,0,257,54,5,0,99,98,yes,,,yes,history_milestone
work_efc0158084170b5d,2026,Digging Deep into Alzheimer Disease: How Electron Microscopy Helps Elucidating Its Pathogenesis,10.1007/s10571-026-01676-z,yes,preparation;segmentation;graph_analysis,,2026,sota,0,3,0,35,3,1,25,61,,,yes,yes,sota_2026_out
work_f0100b9066a02655,2022,NeuronBridge: an intuitive web application for neuronal morphology search across large data sets,10.1186/s12859-024-05732-7,yes,infrastructure;graph_analysis,fly,2022,contemporary,14,9,38,84,12,9,87,89,,yes,,yes,contemporary_keep
work_f0209d7bdfe6efad,2015,A resource from 3D electron microscopy of hippocampal neuropil for user training and tool devel…,10.1038/sdata.2015.46,yes,sectioning;segmentation,other,2010–2015,history,8,16,47,42,11,8,93,95,yes,,,yes,history_milestone
work_f042760cc79f80e4,2022,How innovations in methodology offer new prospects for volume electron microscopy,10.1111/jmi.13134,yes,preparation;acquisition;segmentation;proofreading,,2022,contemporary,0,27,30,74,13,5,25,31,,yes,,yes,contemporary_keep
work_f0439b44f01e4c2f,2025,"Using BossDB Tools to Access, Visualize, and Share Volumetric Neuroscience Data",10.1002/cpz1.70247,yes,segmentation;proofreading;infrastructure;graph_analysis,,2025,sota,1,1,1,36,2,2,58,73,,,,,unproven_2025_low_inout
work_f071283c3295aa52,2020,Permeabilization-free en bloc immunohistochemistry for correlative microscopy,10.7554/elife.63392,yes,preparation,mouse,2020,contemporary,8,12,27,62,13,4,88,86,,yes,,yes,contemporary_keep
work_f0afa8050fa1b3ad,2020,Analysis of Synaptic Microcircuits in the Mushroom Bodies of the Honeybee,10.3390/insects11010043,yes,,,2020,contemporary,0,1,53,81,1,0,25,20,,yes,,yes,contemporary_keep
work_f0db5f459abbc488,2024,Implementing engrams from a machine learning perspective: XOR as a basic motif,10.48550/arxiv.2406.09940,yes,graph_analysis,elegans,2024,contemporary,1,0,4,38,1,1,62,70,,,,,contemporary_below_bar
work_f104e8c98ee2c0bf,2022,Connectomics of the Octopus vulgaris vertical lobe provides insight into conserved and novel pr…,10.7554/elife.84257,yes,sectioning;acquisition;graph_analysis,other,2022,contemporary,8,25,24,70,13,8,77,78,,yes,,yes,contemporary_keep
work_f144bf9a5935462c,2017,Micro-connectomics: probing the organization of neuronal networks at the cellular scale,10.1038/nrn.2016.182,yes,graph_analysis,,2016–2018,history,7,10,117,73,12,7,85,88,yes,,,yes,history_milestone
work_f19f3a96e8b3ed79,2026,Imprecision in Vision: Lessons From Neural Circuits in the Fly,10.1002/bies.70122,yes,,,2026,sota,0,3,1,77,3,2,25,61,,,yes,yes,sota_2026_out
work_f1ac0655f883a197,2025,The Oviposition Inhibitory Neuron is a Potential Hub of Multi-Circuit Integration in the Drosop…,10.1523/eneuro.0123-25.2025,yes,graph_analysis,fly,2025,sota,0,5,3,61,5,5,25,52,,,,,unproven_2025_low_inout
work_f1adda98b958f981,2026,Coherent-resonant netting: disorder-enhanced selectivity from transient wave-like dynamics on b…,10.3389/fncom.2026.1813959,yes,infrastructure;graph_analysis,elegans;fly,2026,sota,0,1,0,35,1,0,25,61,,,,,unproven_2026_low_out
work_f1b0eaa20441d8c2,2023,Learning and memory using Drosophila melanogaster: a focus on advances made in the fifth decade…,10.1093/genetics/iyad085,yes,acquisition,fly,2023,contemporary,1,3,49,94,4,3,57,67,,yes,,yes,contemporary_keep
work_f1b81ab0f201501a,2025,Temporal and Notch identity determine layer targeting and synapse location of medulla neurons,10.1101/2025.01.06.631439,yes,,fly,2025,sota,0,0,4,68,0,0,25,52,,,,,unproven_2025_low_inout
work_f1ed26fe9610f418,2019,A blueprint of mammalian cortical connectomes,10.1371/journal.pbio.2005346,yes,preparation;infrastructure,mouse,2019,contemporary,3,5,77,87,5,4,85,85,,yes,,yes,contemporary_keep
work_f1fc09a6b364de70,2015,Dynamic range in the C. elegans brain network.,10.1063/1.4939837,yes,,elegans,2010–2015,history,0,1,14,19,1,0,25,6,,,,,history_below_bar
work_f25bf69244ee74b4,2026,RAEM: random-access electron microscopy for revisitable 3D imaging,10.64898/2026.06.18.732873,yes,sectioning;acquisition;infrastructure,human,2026,sota,0,3,0,35,3,2,25,61,,,yes,yes,sota_2026_out
work_f27f20d5a5121194,2011,Q&A: What is the Open Connectome Project?,10.1186/2042-1001-1-16,yes,,mouse,2010–2015,history,0,5,3,6,5,1,25,1,yes,,,yes,history_milestone
work_f29d7babf92878d9,2023,Neural circuit mechanisms for transforming learned olfactory valences into wind-oriented moveme…,10.7554/elife.85756,yes,,fly,2023,contemporary,3,6,9,60,7,6,77,81,,yes,,yes,contemporary_keep
work_f30031f2d37b416e,2021,Multi-scale light microscopy/electron microscopy neuronal imaging from brain to synapse with a …,10.1016/j.isci.2021.103601,yes,,mouse,2021,contemporary,1,5,28,69,6,1,59,42,,yes,,yes,contemporary_keep
work_f309e0f9912def93,2025,The mysterious middlemen making your vision pop: understanding the function of amacrine cells,10.1113/jp287958,yes,graph_analysis,mouse,2025,sota,1,0,7,80,1,1,53,69,,,,,unproven_2025_low_inout
work_f38f15c57decbf30,2023,Advancing Connectomics: High-Precision Neural Structure Segmentation Using U-Net-Based Model,10.1109/uemcon59035.2023.10316141,yes,sectioning;alignment;segmentation,,2023,contemporary,1,1,1,13,2,2,51,42,,,,,contemporary_below_bar
work_f3948a51a59eef0c,2025,Symmetries and synchronization from whole-neural activity in the Caenorhabditis elegans connect…,10.1073/pnas.2417850122,yes,graph_analysis,elegans,2025,sota,0,7,2,51,7,4,25,52,,,,,unproven_2025_low_inout
work_f3f6007060acf515,2002,Specificity of cortical synaptic connectivity: Emphasis on perspectives gained from quantitativ…,10.1023/a:1024109606722,yes,,,pre-2005,history,1,0,23,12,1,0,98,96,,,,,history_below_bar
work_f4089e71d372f0e5,2022,Connectomic comparison of mouse and human cortex,10.1126/science.abo0924,yes,,human,2022,contemporary,38,5,205,99,13,8,96,97,,yes,,yes,contemporary_keep
work_f408a5a1c2e5bc4d,2023,"Network inference from short, noisy, low time-resolution, partial measurements: Application to …",10.1073/pnas.2216030120,yes,,elegans,2023,contemporary,0,1,22,83,1,1,25,37,,yes,,yes,contemporary_keep
work_f41440be2c331b9e,2023,Joint Learning Neuronal Skeleton and Brain Circuit Topology with Permutation Invariant Encoders…,10.48550/arxiv.2312.14518,yes,acquisition;proofreading;infrastructure;graph_analysis,fly,2023,contemporary,3,16,13,70,13,6,72,74,,yes,,yes,contemporary_keep
work_f42de55cd8a25f9f,2026,Connectome-seq: high-throughput mapping of neuronal connectivity at single-synapse resolution v…,10.1038/s41592-026-03026-9,yes,infrastructure,mouse,2026,sota,0,6,1,77,6,4,25,61,,,yes,yes,sota_2026_out
work_f4817c11c2011073,2024,Molecular patterns of evolutionary changes throughout the whole nervous system of multiple nema…,10.1101/2024.11.23.624988,yes,graph_analysis,elegans,2024,contemporary,0,0,8,58,0,0,25,44,,yes,,yes,contemporary_keep
work_f4bec50e6c6ea50f,2011,Optimizing the Quantity/Quality Trade-Off in Connectome Inference,10.1080/03610926.2011.630768,yes,graph_analysis,,2010–2015,history,0,0,10,17,0,0,25,1,,,,,history_below_bar
work_f4eab2ff424ba24f,2004,Search for computational modules in the C. elegans brain,10.1186/1741-7007-2-25,yes,graph_analysis,elegans,pre-2005,history,7,0,110,38,6,0,85,28,yes,,,yes,history_milestone
work_f4edb80932b50e64,2017,Using high-throughput barcode sequencing to efficiently map connectomes,10.1093/nar/gkx292,yes,proofreading;graph_analysis,,2016–2018,history,0,2,41,52,2,2,25,10,yes,,,yes,history_milestone
work_f4f91c156929709a,2015,Glial Regulation of the Neuronal Connectome through Local and Long-Distant Communication,10.1016/j.neuron.2015.01.014,yes,,,2010–2015,history,3,0,154,70,2,0,78,70,yes,,,yes,history_milestone
work_f51a122abe38a644,2021,An effective AI integrated system for neuron tracing on anisotropic electron microscopy volume,10.1016/j.bspc.2021.102829,yes,alignment;proofreading,,2021,contemporary,3,5,9,38,7,3,58,42,,yes,,yes,contemporary_keep
work_f51ccaa326e0c171,2023,Stimulus-Specific Modulation is Enabled by Differential Serotonin Receptor Expression,10.1101/2023.06.21.546011,yes,synapses,fly,2023,contemporary,0,9,4,35,7,4,25,37,,yes,,yes,contemporary_keep
work_f547350e8b5ab482,2025,Hunger Recruits a Parallel Circuit Encoding Alcohol Reward,10.1101/2025.10.14.682140,yes,synapses;infrastructure,fly,2025,sota,0,4,0,14,4,3,25,52,,,,,unproven_2025_low_inout
work_f564e747dd483712,2021,Multimodal Magnetic Resonance Histology and Light Sheet Imaging for Quantitative Neurogenetics …,10.1101/2021.10.08.463660,yes,preparation;graph_analysis,mouse,2021,contemporary,0,1,0,4,1,0,25,25,,,,,contemporary_below_bar
work_f56a7ec87aa3e03a,2018,VAST (Volume Annotation and Segmentation Tool): Efficient Manual and Semi-Automatic Labeling of…,10.3389/fncir.2018.00088,yes,sectioning;segmentation;proofreading,,2016–2018,history,23,9,201,93,13,8,94,94,yes,,,yes,history_milestone
work_f5d846d2c23df26f,2018,"Deficit of corpus callosum axons, reduced axon diameter and decreased area are markers of abnor…",10.1186/s40478-018-0645-7,yes,segmentation,,2016–2018,history,0,0,51,71,0,0,25,13,yes,,,yes,history_milestone
work_f5fd3ba3b38fed1d,2025,NEURD offers automated proofreading and feature extraction for connectomics,10.1038/s41586-025-08660-5,yes,segmentation;proofreading;graph_analysis,,2025,sota,4,25,12,87,13,8,75,87,,,yes,yes,sota_2025_out_and_in
work_f6317afac7cb4ae0,2020,Connectomic analysis reveals an interneuron with an integral role in the retinal circuit for ni…,10.1101/2020.02.24.963868,yes,,mouse,2020,contemporary,2,1,23,56,3,2,55,28,,yes,,yes,contemporary_keep
work_f6974b7e8ee475f8,2021,The Drosophila Larval Locomotor Circuit Provides a Model to Understand Neural Circuit Developme…,10.3389/fncir.2021.684969,yes,,elegans;fly,2021,contemporary,2,4,24,65,4,1,77,76,,yes,,yes,contemporary_keep
work_f6d37f1af73ffaef,2018,Clues to basis of exploratory behaviour of the C. elegans snout from head somatotropy,10.1098/rstb.2017.0367,yes,,elegans,2016–2018,history,1,2,20,35,3,2,62,33,yes,,,yes,history_milestone
work_f6d59143f867369b,2013,ON Cone Bipolar Cell Axonal Synapses in the OFF Inner Plexiform Layer of the Rabbit Retina,10.1002/cne.23244,yes,acquisition;proofreading;graph_analysis,mouse,2010–2015,history,2,2,37,39,4,3,69,29,yes,,,yes,history_milestone
work_f6ea4c18473a14ac,2014,Graph Matching: Relax at Your Own Risk,10.1109/tpami.2015.2424894,yes,graph_analysis,,2010–2015,history,0,0,165,85,0,0,25,4,yes,,,yes,history_milestone
work_f7220e9a3d6d1732,2026,FEABAS: A Stitching and Alignment Tool for Serial EM Data,10.64898/2026.06.07.730510,yes,acquisition;alignment;infrastructure;graph_analysis,,2026,sota,0,11,0,35,10,6,25,61,,,yes,yes,sota_2026_out
work_f7a38202b00ec79c,2017,Graffinity: Visualizing Connectivity in Large Graphs,10.1111/cgf.13184,yes,segmentation;infrastructure;graph_analysis,,2016–2018,history,1,1,32,46,2,1,65,27,,,,,history_below_bar
work_f7bc1bc6224c75c6,2026,Deep anatomical and ultrastructural classification of neurons in the zebrafish olfactory bulb,10.64898/2026.07.13.738197,yes,sectioning;acquisition;proofreading;graph_analysis,zebrafish,2026,sota,0,0,0,35,0,0,25,61,,,,,unproven_2026_low_out
work_f7cf39ff629c4544,2013,"Retinal Connectomics: Towards Complete, Accurate Networks",10.1016/j.preteyeres.2013.08.002,yes,proofreading;graph_analysis,mouse,2010–2015,history,0,1,6,14,1,1,25,3,,,,,history_below_bar
work_f7ecc587c80f537e,2021,Leveraging semantically similar queries for ranking via combining representations,,yes,graph_analysis;modeling,fly,2021,contemporary,0,1,2,15,1,0,25,25,,,,,contemporary_below_bar
work_f82bf71973d40a91,2020,"Comparative Connectomics Reveals How Partner Identity, Location, and Activity Specify Synaptic …",10.1016/j.neuron.2020.10.004,yes,synapses,fly,2020,contemporary,12,16,44,75,13,7,87,87,,yes,,yes,contemporary_keep
work_f860e169d115e52a,2025,Connectivity Is All You Need: Inferring Neuronal Types with NTAC,10.1101/2025.06.11.659184,yes,graph_analysis,,2025,sota,0,3,0,14,3,3,25,52,,,,,unproven_2025_low_inout
work_f89235b38a4cc138,2025,"Volume Electron Microscopy: Imaging Principles, Computational Advances and Applications in Mult…",10.3390/cryst16010014,yes,sectioning;acquisition;alignment;segmentation;proofreading;infrastructure;graph_analysis,mouse,2025,sota,0,6,2,51,6,3,25,52,,,,,unproven_2025_low_inout
work_f8b43696a85f2146,2024,Perisomatic Features Enable Efficient and Dataset Wide Cell-Type Classifications Across Large-S…,10.1101/2022.07.20.499976,yes,,mouse,2024,contemporary,2,3,15,78,5,4,62,74,,yes,,yes,contemporary_keep
work_f8eabb08474bb993,2018,CDeep3M - Plug-and-Play cloud based deep learning for image segmentation,10.1038/s41592-018-0106-z,yes,segmentation;infrastructure,,2016–2018,history,3,1,163,90,4,1,76,48,yes,,,yes,history_milestone
work_f9058445fb301eac,2021,Integration of signals from different cortical areas in higher order thalamic neurons,10.1073/pnas.2104137118,yes,,,2021,contemporary,1,0,32,74,1,1,54,47,,yes,,yes,contemporary_keep
work_f92a699ce1155d96,2026,The Cerebellar Connectome,10.1007/s12311-026-02042-x,yes,proofreading;infrastructure;graph_analysis,other,2026,sota,0,11,0,35,5,1,25,61,,,yes,yes,sota_2026_out
work_f93e1f7592159c1e,2023,A Scalable Staining Strategy for Whole-Brain Connectomics,10.1101/2023.09.26.558265,yes,preparation;sectioning;infrastructure,mouse,2023,contemporary,3,10,9,60,11,6,74,78,,yes,,yes,contemporary_keep
work_f957eea0477c4e04,2024,Connectomic reconstruction of a female Drosophila ventral nerve cord,10.1038/s41586-024-07389-x,yes,segmentation,fly,2024,contemporary,30,17,76,96,13,9,93,95,,yes,,yes,contemporary_keep
work_f96071f9be4b7008,2024,Neuropeptide signaling network of Caenorhabditis elegans: from structure to behavior,10.1093/genetics/iyae141,yes,graph_analysis,elegans,2024,contemporary,3,10,24,88,10,5,69,81,,yes,,yes,contemporary_keep
work_f960fec2204ccebe,2025,Sparse Graph Reconstruction and Seriation for Large-Scale Image Stacks,10.48550/arxiv.2509.23084,yes,sectioning;graph_analysis,,2025,sota,1,2,1,36,3,3,53,68,,,,,unproven_2025_low_inout
work_f9b44f50d727179b,2023,Comparative connectomics reveals noncanonical wiring for color vision in human foveal retina,10.1073/pnas.2300545120,yes,graph_analysis,other,2023,contemporary,4,8,18,78,6,4,77,80,,yes,,yes,contemporary_keep
work_f9c28870a0787e53,2017,Simulating extracted connectomes,10.1101/177113,yes,modeling,fly,2016–2018,history,2,1,5,11,3,2,77,70,yes,,,yes,history_milestone
work_f9ddb73f32d51989,2023,Identifying determinants of synaptic specificity by integrating connectomes and transcriptomes,10.1101/2023.04.03.534791,yes,synapses;infrastructure,fly,2023,contemporary,0,2,2,20,2,1,25,37,,,,,contemporary_below_bar
work_fa051e7c13eddea6,2014,The micron-scale structural organization of hippocampal area CA1 neuropil,10.1101/003863,yes,infrastructure,other,2010–2015,history,0,1,0,2,1,1,25,4,,,,,history_below_bar
work_fa17b5d996649a23,2025,An entropic measure of diverse specialization highlights multifunctional neurons in annotated c…,10.1162/netn.a.533,yes,graph_analysis,elegans,2025,sota,0,11,1,36,11,7,25,52,,,,,unproven_2025_low_inout
work_fa80aaa0decb21f5,2020,Correcting a nonparametric two-sample graph hypothesis test for graphs with different numbers o…,10.1007/s41109-023-00607-x,yes,preparation;graph_analysis;modeling,,2020,contemporary,0,0,6,28,0,0,25,20,,,,,contemporary_below_bar
work_fac9c19041b2d700,2022,A Personalized Longitudinal Strategy in Low-Grade Glioma Patients: Predicting Oncological and N…,10.3390/jpm12101621,yes,infrastructure,,2022,contemporary,0,0,11,54,0,0,25,31,,yes,,yes,contemporary_keep
work_facd830890c864ef,2019,TeraVR empowers precise reconstruction of complete 3-D neuronal morphology in the whole brain,10.1038/s41467-019-11443-y,yes,proofreading,mouse,2019,contemporary,1,2,89,89,3,2,65,34,,yes,,yes,contemporary_keep
work_fad6bcb8cc06156d,2026,Signaling Connectomics: A Brain-wide Framework for Intercellular Communication,10.5607/en26005,yes,infrastructure,,2026,sota,0,1,0,35,1,1,25,61,,,,,unproven_2026_low_out
work_fafef48ad68a0f38,2023,Connectome-constrained deep mechanistic networks predict neural responses across the fly visual…,10.1101/2023.03.11.532232,yes,modeling,fly,2023,contemporary,6,12,27,87,13,8,84,90,,yes,,yes,contemporary_keep
work_fb288126909ecad7,2018,Mitochondria at the neuronal presynapse in health and disease,10.1038/nrn.2017.170,yes,,,2016–2018,history,3,0,522,98,3,0,68,34,yes,,,yes,history_milestone
work_fb45709dc6d705c9,2018,The importance of the whole: Topological data analysis for the network neuroscientist,10.1162/netn_a_00073,yes,graph_analysis,elegans,2016–2018,history,6,4,240,96,5,2,86,83,yes,,,yes,history_milestone
work_fb4bc9a9581bb231,2018,Whole Mouse Brain Structural Connectomics using Magnetic Resonance Histology,10.1007/s00429-018-1750-x,yes,acquisition;graph_analysis,mouse,2016–2018,history,0,1,68,78,1,1,25,13,yes,,,yes,history_milestone
work_fb8e3c22cffe2204,2019,"Modular integration of neural connectomics, dynamics and biomechanics for identification of beh…",10.1101/724328,yes,infrastructure;modeling,elegans,2019,contemporary,1,11,5,18,8,2,55,23,,yes,,yes,contemporary_keep
work_fb8fe1ff9bb623ea,2020,"BAcTrace, a tool for retrograde tracing of neuronal circuits in Drosophila",10.1038/s41592-020-00989-1,yes,proofreading,fly,2020,contemporary,1,1,28,63,2,1,73,79,,yes,,yes,contemporary_keep
work_fbae4e123c64163d,2017,Single- and Multiple-Shell Uniform Sampling Schemes for Diffusion MRI Using Spherical Codes,10.1109/tmi.2017.2756072,yes,acquisition;graph_analysis,,2016–2018,history,0,0,32,46,0,0,25,10,,,,,history_below_bar
work_fbb0bef8a2519be4,2012,An open architecture for the massively parallel emulation of the Drosophila brain on multiple G…,10.1186/1471-2202-13-s1-p99,yes,infrastructure;graph_analysis;modeling,fly,2010–2015,history,0,0,3,9,0,0,25,2,,,,,history_below_bar
work_fbbefa269e5d69ec,2017,EM connectomics reveals axonal target variation in a sequence-generating network,10.7554/elife.24364,yes,preparation;sectioning,other,2016–2018,history,18,10,86,67,13,9,97,97,yes,,,yes,history_milestone
work_fbe2b89bf67be127,2023,Connectomic reconstruction predicts the functional organization of visual inputs to the navigat…,10.1101/2023.11.29.569241,yes,,fly,2023,contemporary,1,0,3,28,1,1,64,68,,,,,contemporary_below_bar
work_fbf91a06dcaae45b,2024,Inferring community architectures of multisensory pathways in Drosophila via unsupervised netwo…,10.1101/2024.12.20.629573,yes,preparation;graph_analysis,fly,2024,contemporary,0,0,0,7,0,0,25,44,,,,,contemporary_below_bar
work_fc2482a7f46c841c,2022,Semi-Supervised Neuron Segmentation via Reinforced Consistency Learning,10.1109/tmi.2022.3176050,yes,segmentation;proofreading;graph_analysis,,2022,contemporary,0,2,75,92,2,0,25,31,,yes,,yes,contemporary_keep
work_fc5029f7b2497692,2006,Gene Expression of Caenorhabditis elegans Neurons Carries Information on Their Synaptic Connect…,10.1371/journal.pcbi.0020167,yes,,elegans,2005–2009,history,5,0,61,15,4,0,83,41,yes,,,yes,history_milestone
work_fc7814746d37de43,2021,A multiscale brain map derived from whole-brain volumetric reconstructions,10.1038/s41586-021-03284-x,yes,preparation;infrastructure,elegans,2021,contemporary,33,14,93,93,13,7,95,95,,yes,,yes,contemporary_keep
work_fc893d85a8e35b6b,2014,Post-acquisition image based compensation for thickness variation in microscopy section series,10.1109/isbi.2015.7163922,yes,sectioning;acquisition,fly,2010–2015,history,2,1,13,26,3,3,90,89,yes,,,yes,history_milestone
work_fc95ff3ab16691ff,2026,Experimental quality control induces changes in Allen mouse brain connectomes,10.1162/imag.a.1310,yes,alignment,mouse,2026,sota,0,2,0,35,2,1,25,61,,,,,unproven_2026_low_out
work_fcb59c7f09a5ff4c,2023,Ultrastructure of Synaptic Connectivity within Subregions of the Suprachiasmatic Nucleus Reveal…,10.1523/eneuro.0227-23.2023,yes,sectioning;acquisition,mouse,2023,contemporary,1,0,4,35,1,1,54,56,,,,,contemporary_below_bar
work_fcde997651aa75de,2024,Automated Specimen Preparation for Electron Microscopy,10.1093/mam/ozae044.491,yes,preparation;segmentation,,2024,contemporary,0,1,1,16,1,1,25,44,,,,,contemporary_below_bar
work_fcea4967fb2a807b,2017,Sparse synaptic connectivity is required for decorrelation and pattern separation in feedforwar…,10.1038/s41467-017-01109-y,yes,,,2016–2018,history,1,0,156,80,1,0,52,11,yes,,,yes,history_milestone
work_fd6353a8d1e9547e,2005,Highly Nonrandom Features of Synaptic Connectivity in Local Cortical Circuits,10.1371/journal.pbio.0030068,yes,proofreading,other,2005–2009,history,17,0,1605,77,11,0,98,95,yes,,,yes,history_milestone
work_fd6f2aa9a63d2293,2022,Joint reconstruction of neuron and ultrastructure via connectivity consensus in electron micros…,10.1186/s12859-022-04991-6,yes,segmentation;infrastructure;graph_analysis,,2022,contemporary,0,21,2,17,12,3,25,31,,yes,,yes,contemporary_keep
work_fd78e90e878648d1,2018,The effects of aging on neuropil structure in mouse somatosensory cortex—A 3D electron microsco…,10.1371/journal.pone.0198131,yes,,mouse,2016–2018,history,6,3,61,74,6,3,91,93,yes,,,yes,history_milestone
work_fd85858fb226a2fb,2013,Mojo 2.0: Connectome Annotation Tool,10.3389/conf.fninf.2013.09.00060,yes,segmentation;proofreading;infrastructure;graph_analysis,,2010–2015,history,8,2,15,20,9,6,93,90,yes,,,yes,history_milestone
work_fde970338418a1c7,2025,Transfer learning improves performance in volumetric electron microscopy organelle segmentation…,10.1093/bioadv/vbaf021,yes,sectioning;acquisition;segmentation;proofreading;graph_analysis,other,2025,sota,1,2,4,68,3,2,55,71,,,,,unproven_2025_low_inout
work_fe1fce3dcfc08199,2025,Synaptic connectivity of sensorimotor circuits for vocal imitation in the songbird,10.1101/2022.11.08.515692,yes,proofreading;synapses;graph_analysis,other,2025,sota,0,1,5,73,1,1,25,52,,,,,unproven_2025_low_inout
work_fe3d0d3e10ff2dc4,2026,The Whale That Outswam Evolution: Swarm Intelligence Maximises Memory in Connectome Reservoirs,10.48550/arxiv.2606.09902,yes,graph_analysis,elegans,2026,sota,0,2,0,35,2,1,25,61,,,,,unproven_2026_low_out
work_fe499165039bbf2f,2020,"Leveraging Tools from Autonomous Navigation for Rapid, Robust Neuron Connectivity",10.1101/2020.04.30.070755,yes,segmentation;proofreading;infrastructure;graph_analysis,,2020,contemporary,2,5,2,14,7,2,68,68,,yes,,yes,contemporary_keep
work_fe4fbe0b28a2fe59,2023,Virtual Fly Brain—An interactive atlas of the Drosophila nervous system,10.3389/fphys.2023.1076533,yes,infrastructure,fly,2023,contemporary,13,13,51,95,12,9,90,92,,yes,,yes,contemporary_keep
work_fe515cb1dd582648,2025,Recurrent connectivity supports carbon dioxide sensitivity in Aedes aegypti mosquitoes,10.1101/2025.07.29.667487,yes,sectioning;acquisition,fly,2025,sota,0,0,4,68,0,0,25,52,,,,,unproven_2025_low_inout
work_fe96a7e42abafd4b,2011,"Dense, Unspecific Connectivity of Neocortical Parvalbumin-Positive Interneurons: A Canonical Mi…",10.1523/jneurosci.3131-11.2011,yes,,mouse,2010–2015,history,3,0,512,90,3,0,71,7,yes,,,yes,history_milestone
work_fe975f52ca253f7e,2016,The Multilayer Connectome of Caenorhabditis elegans,10.1371/journal.pcbi.1005283,yes,graph_analysis,elegans,2016–2018,history,48,8,238,85,12,4,97,96,yes,,,yes,history_milestone
work_fee3a782a01f757d,2022,Electrophysiological Validation of Monosynaptic Connectivity between Premotor Interneurons and …,10.1523/jneurosci.2463-21.2022,yes,sectioning;acquisition;synapses,fly,2022,contemporary,0,0,7,45,0,0,25,31,,,,,contemporary_below_bar
work_fefe636e68acdb8a,2018,Plasticity of the electrical connectome of C. elegans,10.1101/406207,yes,,elegans,2016–2018,history,20,8,147,88,11,6,94,91,yes,,,yes,history_milestone
work_ff1a59ad465469d2,2017,Semiparametric spectral modeling of the Drosophila connectome,,yes,preparation;graph_analysis,fly,2016–2018,history,2,2,31,43,4,2,71,40,yes,,,yes,history_milestone
work_ff2e9f919f0cbaff,2023,Cyclic structure with cellular precision in a vertebrate sensorimotor neural circuit,10.1016/j.cub.2023.05.010,yes,graph_analysis,elegans;zebrafish,2023,contemporary,6,15,12,68,12,8,74,80,,yes,,yes,contemporary_keep
work_ff5e6de5b0fc322e,2026,Drosophila core circadian clock neurons peptidergically regulate activity of insulin-producing …,10.64898/2026.03.23.713581,yes,preparation,fly,2026,sota,0,2,0,35,1,1,25,61,,,,,unproven_2026_low_out
work_ff6ced605a46204e,2015,Modeling brain circuitry over a wide range of scales,10.3389/fnana.2015.00042,yes,segmentation;graph_analysis,,2010–2015,history,0,1,7,13,1,1,25,6,,,,,history_below_bar
work_ffa35f4fc20ab175,2026,Hierarchical X-ray microscopy and mesoscopic diffusion MRI in the same brain reveal the human c…,10.64898/2026.04.02.716198,yes,preparation;alignment;graph_analysis,,2026,sota,0,2,0,35,2,2,25,61,,,,,unproven_2026_low_out
work_ffab4a04f3882e28,2021,Model simulations unveil the structure-function-dynamics relationship of the cerebellar cortica…,10.1038/s42003-022-04213-y,yes,infrastructure;modeling,mouse,2021,contemporary,1,2,32,74,2,1,75,75,,yes,,yes,contemporary_keep
work_ffcaf70a49cba62b,2019,Connectomics and function of a memory network: the mushroom body of larval Drosophila.,10.1016/j.conb.2018.10.007,yes,,fly,2019,contemporary,4,2,71,84,6,2,74,70,,yes,,yes,contemporary_keep
work_ffd02d540e3fbbee,2025,Multi-output computation by single neuron biophysics in a visual system,10.1101/2025.02.02.636137,yes,modeling,,2025,sota,1,0,3,61,1,1,53,68,,,,,unproven_2025_low_inout
